frame,src_index,sink_index,selected,selected_by_formula2,cost_formula1,cost_formula2,epipolar_cost,reprojection_cost,temporal_cost,is_ambiguous,alternatives
0,0,0,0,0,11.805063,11.805063,0.366297,11.805063,0.000000,0,src:0->sink:1|f1:0.4528|f2:0.4528;src:0->sink:2|f1:6.4518|f2:6.4518;src:0->sink:3|f1:5.5144|f2:5.5144
0,0,1,1,0,0.452783,0.452783,12.324721,0.452783,0.000000,0,src:0->sink:0|f1:11.8051|f2:11.8051;src:0->sink:2|f1:6.4518|f2:6.4518;src:0->sink:3|f1:5.5144|f2:5.5144
0,0,2,0,0,6.451849,6.451849,5.409968,6.451849,0.000000,0,src:0->sink:0|f1:11.8051|f2:11.8051;src:0->sink:1|f1:0.4528|f2:0.4528;src:0->sink:3|f1:5.5144|f2:5.5144
0,0,3,0,0,5.514392,5.514392,6.292132,5.514392,0.000000,0,src:0->sink:0|f1:11.8051|f2:11.8051;src:0->sink:1|f1:0.4528|f2:0.4528;src:0->sink:2|f1:6.4518|f2:6.4518
1,0,0,0,0,1.547908,7.031964,10.343450,1.547908,10.968113,0,src:0->sink:1|f1:4.3963|f2:6.3019
1,0,1,1,1,4.396348,6.301889,16.376920,4.396348,3.811083,1,src:0->sink:0|f1:1.5479|f2:7.0320
2,0,0,1,0,20.267460,425.429047,8.042874,20.267460,810.323175,0,
3,0,0,1,0,21.606430,28.075265,9.392665,21.606430,12.937668,0,
4,0,0,1,0,27.002656,36.393272,14.856634,27.002656,18.781231,0,
5,0,0,1,0,28.260366,34.096321,16.126144,28.260366,11.671910,0,
6,0,0,1,0,30.628914,42.090570,18.508318,30.628914,22.923312,0,
7,0,0,1,0,28.637361,37.367193,16.538910,28.637361,17.459664,0,
8,0,0,1,0,26.214235,32.869324,14.131047,26.214235,13.310178,0,
9,0,0,1,0,27.924260,35.094535,15.857325,27.924260,14.340551,0,
10,0,0,1,0,22.945687,32.228090,10.832917,22.945687,18.564805,0,
11,0,0,1,0,16.669435,23.679505,4.556756,16.669435,14.020139,0,
12,0,0,1,0,14.000052,19.036264,1.888962,14.000052,10.072424,0,
13,0,0,1,0,5.616728,15.476171,6.506172,5.616728,19.718885,0,
14,0,0,1,0,0.172944,5.912624,11.962148,0.172944,11.479359,0,
15,0,0,1,0,2.138681,7.990060,14.277568,2.138681,11.702759,0,
16,0,0,0,0,1.657637,312.645137,10.232389,1.657637,621.975001,0,src:0->sink:1|f1:4.4279|f2:10.2491
16,0,1,1,1,4.427887,10.249069,16.571735,4.427887,11.642364,1,src:0->sink:0|f1:1.6576|f2:312.6451
17,0,0,0,0,2.248291,309.443694,14.280168,2.248291,614.390805,0,src:0->sink:1|f1:0.3064|f2:6.2730
17,0,1,1,0,0.306378,6.273027,12.503406,0.306378,11.933297,1,src:0->sink:0|f1:2.2483|f2:309.4437
18,0,0,1,1,6.696076,10.315010,5.469130,6.696076,7.237868,1,src:0->sink:1|f1:2.6805|f2:305.7946
18,0,1,0,0,2.680512,305.794582,14.720076,2.680512,606.228142,0,src:0->sink:0|f1:6.6961|f2:10.3150
19,0,0,1,0,2.248291,305.934404,14.280168,2.248291,607.372226,0,src:0->sink:1|f1:14.2460|f2:18.1013
19,0,1,0,0,14.246037,18.101330,2.114346,14.246037,7.710588,0,src:0->sink:0|f1:2.2483|f2:305.9344
20,0,0,0,0,17.080356,321.846277,4.960753,17.080356,609.531842,0,src:0->sink:1|f1:2.2483|f2:2.2483
20,0,1,1,0,2.248291,2.248291,14.280168,2.248291,0.000000,0,src:0->sink:0|f1:17.0804|f2:321.8463
21,0,0,0,0,24.727688,331.762506,12.626556,24.727688,614.069637,0,src:0->sink:1|f1:2.1815|f2:3.6033
21,0,1,1,0,2.181476,3.603328,14.209676,2.181476,2.843704,0,src:0->sink:0|f1:24.7277|f2:331.7625
22,0,0,0,0,24.727688,330.340654,12.626556,24.727688,611.225932,0,src:0->sink:1|f1:1.4462|f2:3.3204
22,0,1,1,0,1.446152,3.320352,10.510478,1.446152,3.748398,0,src:0->sink:0|f1:24.7277|f2:330.3407
23,0,0,0,0,28.520031,334.186684,16.429516,28.520031,611.333306,0,src:0->sink:1|f1:1.4462|f2:1.4462
23,0,1,1,0,1.446152,1.446152,10.510478,1.446152,0.000000,0,src:0->sink:0|f1:28.5200|f2:334.1867
24,0,0,1,0,1.550223,3.572252,13.618489,1.550223,4.044059,0,
25,0,0,1,0,1.376561,2.805111,10.580968,1.376561,2.857101,0,
26,0,0,1,0,1.550223,2.978773,13.618489,1.550223,2.857101,0,
27,0,0,1,0,1.550223,1.550223,13.618489,1.550223,0.000000,0,
28,0,0,1,0,1.479744,2.901504,13.545168,1.479744,2.843521,0,
29,0,0,1,0,1.049682,2.461217,13.105735,1.049682,2.823071,0,
30,0,0,1,0,2.145552,4.498192,9.846067,2.145552,4.705280,0,
31,0,0,1,0,2.145552,2.145552,9.846067,2.145552,0.000000,0,
32,0,0,1,0,22.993056,309.606233,10.880079,22.993056,573.226353,0,
33,0,0,1,0,25.557443,30.417801,13.445988,25.557443,9.720718,0,
34,0,0,1,0,24.034182,31.731554,11.847894,24.034182,15.394744,0,
35,0,0,1,0,33.017050,40.778473,20.850460,33.017050,15.522846,0,
36,0,0,1,0,35.018699,42.297397,22.839320,35.018699,14.557395,0,
37,0,0,1,0,36.354923,42.567827,24.162362,36.354923,12.425808,0,
38,0,0,1,0,42.731903,51.087325,30.510530,42.731903,16.710843,0,
39,0,0,1,0,49.074148,56.958010,36.877536,49.074148,15.767724,0,
40,0,0,0,0,39.672201,50.539159,27.363425,39.672201,21.733915,0,src:0->sink:1|f1:4.4191|f2:336.4409
40,0,1,1,0,4.419052,336.440918,7.692521,4.419052,664.043731,0,src:0->sink:0|f1:39.6722|f2:50.5392
41,0,0,0,0,37.747624,380.139764,25.354777,37.747624,684.784280,0,src:0->sink:1|f1:0.3018|f2:5.4926
41,0,1,1,0,0.301838,5.492613,12.533521,0.301838,10.381551,0,src:0->sink:0|f1:37.7476|f2:380.1398
42,0,0,0,0,29.556259,377.923004,17.015140,29.556259,696.733490,0,src:0->sink:1|f1:2.6996|f2:12.0147
42,0,1,1,0,2.699625,12.014744,9.585622,2.699625,18.630238,0,src:0->sink:0|f1:29.5563|f2:377.9230
43,0,0,0,0,17.631847,372.980923,4.870507,17.631847,710.698151,0,src:0->sink:1|f1:3.0429|f2:14.5969
43,0,1,1,0,3.042912,14.596886,9.416090,3.042912,23.107949,0,src:0->sink:0|f1:17.6318|f2:372.9809
44,0,0,0,0,5.498882,364.304104,7.499347,5.498882,717.610445,0,src:0->sink:1|f1:2.5460|f2:12.4725
44,0,1,1,0,2.546004,12.472508,15.293942,2.546004,19.853009,1,src:0->sink:0|f1:5.4989|f2:364.3041
45,0,0,0,0,6.248435,368.224672,19.469678,6.248435,723.952475,0,src:0->sink:1|f1:0.4430|f2:13.3303
45,0,1,1,0,0.442972,13.330298,13.331827,0.442972,25.774652,0,src:0->sink:0|f1:6.2484|f2:368.2247
46,0,0,0,0,20.629428,384.745382,34.066198,20.629428,728.231908,0,src:0->sink:1|f1:1.3722|f2:12.6437
46,0,1,1,0,1.372169,12.643686,14.459525,1.372169,22.543034,0,src:0->sink:0|f1:20.6294|f2:384.7454
47,0,0,0,0,34.015389,404.435608,47.569795,34.015389,740.840438,0,src:0->sink:1|f1:0.8486|f2:12.3475;src:0->sink:2|f1:30.9834|f2:369.4701
47,0,1,1,0,0.848616,12.347516,12.319186,0.848616,22.997801,0,src:0->sink:0|f1:34.0154|f2:404.4356;src:0->sink:2|f1:30.9834|f2:369.4701
47,0,2,0,0,30.983388,369.470069,44.570606,30.983388,676.973362,0,src:0->sink:0|f1:34.0154|f2:404.4356;src:0->sink:1|f1:0.8486|f2:12.3475
48,0,0,0,0,49.206651,420.672516,62.899580,49.206651,742.931730,0,src:0->sink:1|f1:3.2904|f2:12.2806
48,0,1,1,0,3.290371,12.280621,16.717857,3.290371,17.980500,0,src:0->sink:0|f1:49.2067|f2:420.6725
49,0,0,0,0,63.766549,438.902409,77.437897,63.766549,750.271719,0,src:0->sink:1|f1:3.3892|f2:12.4371
49,0,1,1,0,3.389223,12.437133,16.935797,3.389223,18.095821,0,src:0->sink:0|f1:63.7665|f2:438.9024
50,0,0,0,0,80.952104,457.763093,94.431480,80.952104,753.621978,0,src:0->sink:1|f1:1.7436|f2:10.4977
50,0,1,1,0,1.743596,10.497704,11.767725,1.743596,17.508218,0,src:0->sink:0|f1:80.9521|f2:457.7631
51,0,0,0,0,100.351276,480.448227,113.501913,100.351276,760.193902,0,src:0->sink:1|f1:0.4996|f2:11.1947
51,0,1,1,0,0.499621,11.194709,14.201239,0.499621,21.390175,0,src:0->sink:0|f1:100.3513|f2:480.4482
52,0,0,1,0,0.144170,6.315003,13.892578,0.144170,12.341667,0,src:0->sink:1|f1:110.9847|f2:488.6619
52,0,1,0,0,110.984704,488.661855,123.802402,110.984704,755.354303,0,src:0->sink:0|f1:0.1442|f2:6.3150
53,0,0,0,0,128.536649,510.306263,140.776062,128.536649,763.539227,0,src:0->sink:1|f1:0.6387|f2:5.3464
53,0,1,1,0,0.638731,5.346418,14.466299,0.638731,9.415374,0,src:0->sink:0|f1:128.5366|f2:510.3063
54,0,0,0,0,140.018549,525.381026,151.696491,140.018549,770.724953,0,src:0->sink:1|f1:1.2550|f2:8.8571
54,0,1,1,0,1.254958,8.857114,15.168898,1.254958,15.204312,0,src:0->sink:0|f1:140.0185|f2:525.3810
55,0,0,0,0,152.917037,538.957458,163.917258,152.917037,772.080842,0,src:0->sink:1|f1:2.7478|f2:8.8842
55,0,1,1,0,2.747842,8.884196,16.759072,2.747842,12.272707,0,src:0->sink:0|f1:152.9170|f2:538.9575
56,0,0,1,0,4.410370,13.360329,18.451748,4.410370,17.899918,0,src:0->sink:1|f1:310.3541|f2:395.4337
56,0,1,0,0,310.354079,395.433658,170.636941,310.354079,170.159159,0,src:0->sink:0|f1:4.4104|f2:13.3603
57,0,0,1,0,4.902473,10.556049,18.950145,4.902473,11.307152,0,src:0->sink:1|f1:332.4490|f2:414.3058
57,0,1,0,0,332.448997,414.305753,169.854920,332.448997,163.713511,0,src:0->sink:0|f1:4.9025|f2:10.5560
58,0,0,1,0,1.679488,9.684978,15.632724,1.679488,16.010981,0,src:0->sink:1|f1:341.6824|f2:423.8011
58,0,1,0,0,341.682445,423.801064,165.408891,341.682445,164.237237,0,src:0->sink:0|f1:1.6795|f2:9.6850
59,0,0,1,0,5.362343,12.652234,19.352716,5.362343,14.579782,0,src:0->sink:1|f1:363.3474|f2:442.6600
59,0,1,0,0,363.347372,442.660010,165.065434,363.347372,158.625276,0,src:0->sink:0|f1:5.3623|f2:12.6522
60,0,0,1,0,1.847268,9.428052,11.939793,1.847268,15.161568,0,src:0->sink:1|f1:353.1252|f2:431.6502
60,0,1,0,0,353.125215,431.650245,156.806871,353.125215,157.050059,0,src:0->sink:0|f1:1.8473|f2:9.4281
61,0,0,1,0,2.876328,11.343463,16.674406,2.876328,16.934269,0,src:0->sink:1|f1:385.0138|f2:464.2068
61,0,1,0,0,385.013797,464.206781,157.550108,385.013797,158.385969,0,src:0->sink:0|f1:2.8763|f2:11.3435
62,0,0,1,0,2.876933,13.758685,16.545024,2.876933,21.763505,0,src:0->sink:1|f1:345.1959|f2:419.3081
62,0,1,0,0,345.195918,419.308138,145.946897,345.195918,148.224440,0,src:0->sink:0|f1:2.8769|f2:13.7587
63,0,0,1,0,5.103003,15.502074,18.659386,5.103003,20.798141,0,
64,0,0,1,0,3.518784,12.173909,16.934159,3.518784,17.310250,0,
65,0,0,1,0,5.785865,20.912181,18.996617,5.785865,30.252632,0,
66,0,0,1,0,2.704344,16.354536,15.675401,2.704344,27.300384,0,
67,0,0,1,0,0.245031,14.601070,12.473234,0.245031,28.712079,0,
68,0,0,1,0,4.136515,21.886294,16.563566,4.136515,35.499558,0,
69,0,0,1,0,6.010940,19.810110,18.213590,6.010940,27.598340,0,
70,0,0,1,0,7.081619,26.428601,18.905309,7.081619,38.693965,0,
71,0,0,1,0,3.942734,20.514708,15.485860,3.942734,33.143948,0,src:1->sink:0|f1:73.1112|f2:104.9794
71,1,0,0,0,73.111181,104.979376,73.609341,73.111181,63.736390,0,src:0->sink:0|f1:3.9427|f2:20.5147
72,0,0,1,0,2.473246,23.093794,13.639587,2.473246,41.241097,0,src:0->sink:1|f1:52.1645|f2:378.9081
72,0,1,0,0,52.164489,378.908051,38.926901,52.164489,653.487124,0,src:0->sink:0|f1:2.4732|f2:23.0938
73,0,0,1,0,1.957468,24.471783,12.703472,1.957468,45.028631,0,src:0->sink:1|f1:70.2860|f2:397.4865;src:0->sink:2|f1:18.1015|f2:53.2654
73,0,1,0,0,70.286006,397.486463,56.466662,70.286006,654.400916,0,src:0->sink:0|f1:1.9575|f2:24.4718;src:0->sink:2|f1:18.1015|f2:53.2654
73,0,2,0,0,18.101487,53.265368,28.137153,18.101487,70.327762,0,src:0->sink:0|f1:1.9575|f2:24.4718;src:0->sink:1|f1:70.2860|f2:397.4865
74,0,0,1,0,2.615536,26.493993,12.936786,2.615536,47.756915,0,src:0->sink:1|f1:86.7544|f2:413.7216
74,0,1,0,0,86.754415,413.721601,72.270726,86.754415,653.934372,0,src:0->sink:0|f1:2.6155|f2:26.4940
75,0,0,1,0,2.145756,23.446648,12.053906,2.145756,42.601785,0,src:0->sink:1|f1:104.1802|f2:423.9535
75,0,1,0,0,104.180246,423.953505,88.874450,104.180246,639.546518,0,src:0->sink:0|f1:2.1458|f2:23.4466
76,0,0,1,0,0.179432,16.967173,9.439130,0.179432,33.575482,0,src:0->sink:1|f1:118.3534|f2:437.1696
76,0,1,0,0,118.353369,437.169586,102.177067,118.353369,637.632434,0,src:0->sink:0|f1:0.1794|f2:16.9672
77,0,0,1,0,2.366930,17.375096,12.119651,2.366930,30.016333,0,
78,0,0,1,0,3.552580,13.920724,13.385054,3.552580,20.736287,0,
79,0,0,1,0,4.319669,13.483119,14.269196,4.319669,18.326900,0,
80,0,0,1,0,1.302534,13.307748,11.468860,1.302534,24.010427,0,
81,0,0,1,0,1.866395,11.014935,12.158129,1.866395,18.297080,0,
82,0,0,1,0,0.014506,6.922232,10.330613,0.014506,13.815452,0,
83,0,0,1,0,4.070409,12.286663,14.320225,4.070409,16.432508,0,
84,0,0,1,0,1.209440,7.412426,11.556911,1.209440,12.405972,0,
85,0,0,1,0,3.000244,10.533565,13.277743,3.000244,15.066641,0,
86,0,0,1,0,4.005630,11.986175,14.228595,4.005630,15.961089,0,
87,0,0,1,0,4.512473,8.736313,14.705072,4.512473,8.447680,0,
88,0,0,1,0,2.820842,11.993832,12.936478,2.820842,18.345981,0,
89,0,0,1,0,3.572493,11.455429,13.570403,3.572493,15.765872,0,
90,0,0,1,0,6.287526,15.247405,16.012341,6.287526,17.919757,0,
91,0,0,1,0,3.883462,11.354069,13.567825,3.883462,14.941215,0,
92,0,0,1,0,2.059884,12.824243,11.611047,2.059884,21.528718,0,
93,0,0,1,0,3.456377,16.185685,12.707950,3.456377,25.458617,0,
94,0,0,1,0,2.933031,16.874097,11.918533,2.933031,27.882132,0,
95,0,0,1,0,3.925339,15.723177,12.616364,3.925339,23.595676,0,
96,0,0,1,0,2.341954,2.341954,10.815931,2.341954,0.000000,0,
97,0,0,1,0,8.216432,21.415036,16.097477,8.216432,26.397207,0,
98,0,0,1,0,1.979647,5.603061,10.107640,1.979647,7.246828,0,
99,0,0,1,0,3.839160,17.715931,11.969497,3.839160,27.753541,0,
100,0,0,1,0,1.148615,11.084654,9.507986,1.148615,19.872078,0,
101,0,0,1,0,2.795634,11.319890,11.125499,2.795634,17.048513,0,
102,0,0,1,0,4.716501,15.521000,12.898191,4.716501,21.608998,0,
103,0,0,1,0,6.421378,15.821820,14.461040,6.421378,18.800885,0,
104,0,0,1,0,1.028446,7.215843,9.346353,1.028446,12.374794,0,
105,0,0,1,0,1.475861,7.635589,9.675839,1.475861,12.319457,0,
106,0,0,1,0,0.818182,7.869618,7.448364,0.818182,14.102873,0,
107,0,0,1,0,1.807988,9.683618,9.820179,1.807988,15.751261,0,
108,0,0,1,0,0.251805,8.961667,8.207495,0.251805,17.419724,0,
109,0,0,1,0,5.057363,14.060888,12.561053,5.057363,18.007050,0,
110,0,0,1,0,0.906271,13.051375,8.411320,0.906271,24.290207,0,
111,0,0,1,0,0.405741,11.229982,6.967320,0.405741,21.648481,0,
112,0,0,1,0,3.655600,16.431219,10.472942,3.655600,25.551238,0,
113,0,0,1,0,4.842423,13.127645,11.392238,4.842423,16.570443,0,
114,0,0,1,0,6.527225,13.144734,12.918908,6.527225,13.235017,0,
115,0,0,1,0,7.526335,16.463439,13.886055,7.526335,17.874208,0,
116,0,0,1,0,5.458920,12.983933,11.898967,5.458920,15.050027,0,
117,0,0,1,0,7.488932,17.929895,13.711038,7.488932,20.881927,0,
118,0,0,1,0,7.300835,17.955517,13.450663,7.300835,21.309363,0,
119,0,0,1,0,5.674226,13.396340,11.879274,5.674226,15.444228,0,
120,0,0,1,0,7.265614,12.437939,13.230135,7.265614,10.344649,0,
121,0,0,1,0,6.880150,16.971253,12.704954,6.880150,20.182207,0,
122,0,0,1,0,5.626932,17.962337,11.302189,5.626932,24.670811,0,
123,0,0,1,0,5.652434,16.965004,11.071954,5.652434,22.625139,0,
124,0,0,1,0,7.810808,15.565535,12.902607,7.810808,15.509454,0,
125,0,0,1,0,6.977080,14.043324,12.076530,6.977080,14.132489,0,
126,0,0,1,0,8.488147,15.228490,13.405018,8.488147,13.480687,0,
128,0,0,1,0,3.359760,3.359760,8.497389,3.359760,0.000000,0,
129,0,0,1,0,5.945615,15.663210,10.710238,5.945615,19.435189,0,
130,0,0,1,0,9.056187,18.227582,13.360960,9.056187,18.342790,0,
131,0,0,1,0,8.358369,17.995548,12.552680,8.358369,19.274358,0,
132,0,0,1,0,0.975795,11.571777,5.772733,0.975795,21.191965,0,
134,0,0,1,0,3.153827,3.153827,7.479091,3.153827,0.000000,0,
135,0,0,1,0,1.187783,7.751365,5.647546,1.187783,13.127164,0,
136,0,0,1,0,312.237794,840.213834,327.923940,312.237794,1055.952080,0,
137,0,0,1,0,312.591711,320.360786,328.627409,312.591711,15.538150,0,
138,0,0,1,0,317.973313,322.750988,333.738546,317.973313,9.555349,0,
139,0,0,1,0,326.336401,331.980549,341.972933,326.336401,11.288295,0,
140,0,0,1,0,328.402403,335.272950,344.121279,328.402403,13.741094,0,
141,0,0,1,0,328.192648,332.237595,343.747364,328.192648,8.089895,0,
142,0,0,1,0,329.249885,333.639382,344.589595,329.249885,8.778994,0,
143,0,0,1,0,324.641976,330.868997,339.976657,324.641976,12.454042,0,
513,0,0,1,0,0.346224,0.346224,13.674745,0.346224,0.000000,0,
514,0,0,1,0,6.377479,32.191335,8.060716,6.377479,51.627713,0,
517,0,0,1,0,0.081704,0.081704,13.453170,0.081704,0.000000,0,
520,0,0,1,0,1.208181,1.208181,15.081349,1.208181,0.000000,0,
521,0,0,1,0,0.745352,9.772719,14.815204,0.745352,18.054735,0,
522,0,0,1,0,1.040716,27.030404,13.533709,1.040716,51.979378,0,
523,0,0,1,0,0.840508,19.983909,15.558697,0.840508,38.286802,0,
526,0,0,1,0,0.365518,0.365518,16.060344,0.365518,0.000000,0,
527,0,0,1,0,6.418402,33.000864,10.074024,6.418402,53.164923,0,
672,0,0,1,0,0.538223,0.538223,13.362819,0.538223,0.000000,0,
673,0,0,1,0,2.734320,20.954358,15.271573,2.734320,36.440078,0,
675,0,0,1,0,7.788514,7.788514,5.221011,7.788514,0.000000,0,
678,0,0,1,0,2.081754,2.081754,10.735346,2.081754,0.000000,0,
679,0,0,1,0,3.237741,16.343548,9.904783,3.237741,26.211613,0,
680,0,0,1,0,3.621869,7.513974,9.545169,3.621869,7.784209,0,
681,0,0,0,0,29.752159,46.470924,13.286472,29.752159,33.437529,0,src:0->sink:1|f1:0.8140|f2:13.2490
681,0,1,1,0,0.813987,13.249033,11.979196,0.813987,24.870092,0,src:0->sink:0|f1:29.7522|f2:46.4709
682,0,0,1,0,4.597655,14.983950,16.854880,4.597655,20.772590,0,src:0->sink:1|f1:50.1868|f2:77.7512
682,0,1,0,0,50.186754,77.751192,28.820006,50.186754,55.128876,0,src:0->sink:0|f1:4.5977|f2:14.9839
683,0,0,1,0,0.026903,6.638706,12.451273,0.026903,13.223606,0,src:0->sink:1|f1:63.1951|f2:99.6316
683,0,1,0,0,63.195133,99.631579,38.501545,63.195133,72.872890,0,src:0->sink:0|f1:0.0269|f2:6.6387
684,0,0,1,0,5.062834,14.917738,16.976038,5.062834,19.709806,0,
685,0,0,1,0,4.676525,9.987855,16.623903,4.676525,10.622660,0,
686,0,0,1,0,4.343502,11.579636,16.323216,4.343502,14.472267,0,
687,0,0,1,0,3.029094,6.354083,15.164914,3.029094,6.649977,0,
688,0,0,1,0,2.086682,4.935248,14.286339,2.086682,5.697133,0,
689,0,0,1,0,2.152556,4.568508,14.349658,2.152556,4.831905,0,
690,0,0,1,0,0.732222,6.269589,11.597021,0.732222,11.074734,0,
691,0,0,1,0,1.160610,4.028260,11.195665,1.160610,5.735301,0,
692,0,0,1,0,2.382079,5.716387,14.506461,2.382079,6.668615,0,
693,0,0,1,0,1.344499,5.764730,13.456280,1.344499,8.840462,0,
694,0,0,1,0,1.299343,6.072921,13.333309,1.299343,9.547155,0,
695,0,0,1,0,7.647307,16.856560,19.151184,7.647307,18.418505,0,
714,0,0,1,0,2.368861,2.368861,9.011869,2.368861,0.000000,0,
715,0,0,1,0,2.098379,5.889613,13.169842,2.098379,7.582468,0,
716,0,0,1,0,0.507443,5.733384,10.664440,0.507443,10.451882,0,
717,0,0,1,0,2.979405,4.980140,13.905890,2.979405,4.001469,0,
720,0,0,1,0,0.287587,0.287587,11.340040,0.287587,0.000000,0,
752,0,0,1,0,0.734604,0.734604,10.374011,0.734604,0.000000,0,
753,0,0,1,0,1.911079,6.700747,11.350522,1.911079,9.579336,0,
760,0,0,1,0,0.831486,0.831486,8.633164,0.831486,0.000000,0,
761,0,0,1,0,3.829523,6.194545,12.820388,3.829523,4.730045,0,
762,0,0,1,0,4.716255,8.137098,13.612675,4.716255,6.841687,0,
800,0,0,1,0,376.888130,376.888130,233.862436,376.888130,0.000000,0,
801,0,0,1,0,381.746903,384.724744,236.584658,381.746903,5.955681,0,
802,0,0,1,0,389.289137,391.264276,239.649055,389.289137,3.950278,0,
925,0,0,1,0,1.601858,1.601858,10.556916,1.601858,0.000000,0,
926,0,0,1,0,1.272086,15.577922,13.851030,1.272086,28.611672,0,
927,0,0,1,0,1.757956,8.915358,14.452143,1.757956,14.314803,0,
1235,0,0,1,0,4.920737,4.920737,17.170590,4.920737,0.000000,0,
1236,0,0,1,0,3.365329,33.045642,16.341586,3.365329,59.360624,0,
1237,0,0,1,0,0.937111,18.676600,12.622046,0.937111,35.478978,0,
1238,0,0,1,0,1.584790,22.570286,15.399717,1.584790,41.970991,0,
1240,0,0,1,0,11.193515,11.193515,24.867555,11.193515,0.000000,0,
1248,0,0,1,0,2.208007,2.208007,13.929540,2.208007,0.000000,0,
1249,0,0,1,0,0.566992,14.622411,16.877497,0.566992,28.110838,0,
1250,0,0,1,0,2.304138,18.248811,18.852174,2.304138,31.889346,0,
1251,0,0,1,0,0.850809,11.932684,16.046101,0.850809,22.163750,0,
1252,0,0,1,0,6.903842,17.014739,23.523697,6.903842,20.221795,0,
1255,0,0,1,0,527.320939,527.320939,130.516041,527.320939,0.000000,0,
1277,0,0,1,0,10.636765,10.636765,26.813060,10.636765,0.000000,0,
1278,0,0,1,0,3.887210,14.947371,20.290722,3.887210,22.120323,0,
1279,0,0,1,0,1.142223,16.705265,15.229128,1.142223,31.126084,0,src:0->sink:1|f1:710.1919|f2:876.6686
1279,0,1,0,0,710.191868,876.668561,306.459637,710.191868,332.953387,0,src:0->sink:0|f1:1.1422|f2:16.7053
1280,0,0,1,0,1.223984,18.237842,14.760356,1.223984,34.027715,0,
1281,0,0,1,0,0.454182,18.811061,15.889741,0.454182,36.713758,0,
1282,0,0,1,0,1.191636,18.259915,13.961162,1.191636,34.136558,0,
1283,0,0,1,0,5.979895,26.870568,20.110387,5.979895,41.781346,0,
1284,0,0,1,0,2.132644,24.335331,16.031283,2.132644,44.405375,0,
1285,0,0,1,0,1.067916,21.198654,14.580378,1.067916,40.261476,0,
1286,0,0,1,0,6.085937,30.673309,7.426589,6.085937,49.174743,0,
1287,0,0,1,0,2.749396,25.512495,9.966812,2.749396,45.526200,0,
1288,0,0,1,0,1.039231,26.213005,12.859162,1.039231,50.347547,0,
1289,0,0,1,0,10.073764,31.851538,2.204437,10.073764,43.555548,0,
1290,0,0,1,0,8.483384,44.415644,2.832451,8.483384,71.864519,0,
1291,0,0,1,0,3.628143,25.006457,13.375784,3.628143,42.756628,0,
1292,0,0,1,0,9.937876,15.638535,19.155421,9.937876,11.401318,0,
1293,0,0,1,0,1.462009,14.217512,11.729804,1.462009,25.511007,0,
1294,0,0,1,0,0.221649,10.966176,10.844924,0.221649,21.489054,0,src:0->sink:1|f1:1110.1247|f2:1373.6181
1294,0,1,0,0,1110.124673,1373.618099,501.128510,1110.124673,526.986853,0,src:0->sink:0|f1:0.2216|f2:10.9662
1295,0,0,1,0,1245.490560,1515.833116,517.810757,1245.490560,540.685111,0,
1312,0,0,1,0,308.127730,308.127730,199.852393,308.127730,0.000000,0,
1313,0,0,1,0,270.674391,284.350528,186.339334,270.674391,27.352275,0,
1314,0,0,1,0,243.497887,255.474632,176.177624,243.497887,23.953489,0,
1449,0,0,1,0,17.165920,17.165920,18.743016,17.165920,0.000000,0,src:0->sink:1|f1:54.8852|f2:54.8852;src:0->sink:2|f1:134.8051|f2:134.8051;src:0->sink:3|f1:128.4323|f2:128.4323;src:1->sink:0|f1:52.6576|f2:52.6576
1449,0,1,0,0,54.885207,54.885207,50.860358,54.885207,0.000000,0,src:0->sink:0|f1:17.1659|f2:17.1659;src:0->sink:2|f1:134.8051|f2:134.8051;src:0->sink:3|f1:128.4323|f2:128.4323;src:1->sink:1|f1:12.3063|f2:12.3063
1449,0,2,0,0,134.805107,134.805107,111.799669,134.805107,0.000000,0,src:0->sink:0|f1:17.1659|f2:17.1659;src:0->sink:1|f1:54.8852|f2:54.8852;src:0->sink:3|f1:128.4323|f2:128.4323;src:1->sink:2|f1:60.0164|f2:60.0164
1449,0,3,0,0,128.432303,128.432303,107.119066,128.432303,0.000000,0,src:0->sink:0|f1:17.1659|f2:17.1659;src:0->sink:1|f1:54.8852|f2:54.8852;src:0->sink:2|f1:134.8051|f2:134.8051;src:1->sink:3|f1:54.1471|f2:54.1471
1449,1,0,0,0,52.657599,52.657599,41.352810,52.657599,0.000000,0,src:1->sink:1|f1:12.3063|f2:12.3063;src:1->sink:2|f1:60.0164|f2:60.0164;src:1->sink:3|f1:54.1471|f2:54.1471;src:0->sink:0|f1:17.1659|f2:17.1659
1449,1,1,1,0,12.306331,12.306331,9.099713,12.306331,0.000000,0,src:1->sink:0|f1:52.6576|f2:52.6576;src:1->sink:2|f1:60.0164|f2:60.0164;src:1->sink:3|f1:54.1471|f2:54.1471;src:0->sink:1|f1:54.8852|f2:54.8852
1449,1,2,0,0,60.016425,60.016425,51.949851,60.016425,0.000000,0,src:1->sink:0|f1:52.6576|f2:52.6576;src:1->sink:1|f1:12.3063|f2:12.3063;src:1->sink:3|f1:54.1471|f2:54.1471;src:0->sink:2|f1:134.8051|f2:134.8051
1449,1,3,0,0,54.147134,54.147134,47.254337,54.147134,0.000000,0,src:1->sink:0|f1:52.6576|f2:52.6576;src:1->sink:1|f1:12.3063|f2:12.3063;src:1->sink:2|f1:60.0164|f2:60.0164;src:0->sink:3|f1:128.4323|f2:128.4323
1450,0,0,1,0,1.557129,69.540666,6.225437,1.557129,135.967073,0,src:1->sink:0|f1:32.4364|f2:122.7913
1450,1,0,0,0,32.436410,122.791302,34.499761,32.436410,180.709784,0,src:0->sink:0|f1:1.5571|f2:69.5407
1452,0,0,1,0,6.237299,6.237299,2.997967,6.237299,0.000000,0,
1453,0,0,1,0,1.219057,64.504244,8.766680,1.219057,126.570374,0,src:0->sink:1|f1:18.1236|f2:260.0281
1453,0,1,0,0,18.123638,260.028118,7.033980,18.123638,483.808959,0,src:0->sink:0|f1:1.2191|f2:64.5042
1454,0,0,1,0,0.227552,83.709773,11.400077,0.227552,166.964443,0,
1455,0,0,1,0,14.124992,39.532275,25.209693,14.124992,50.814565,0,
1457,0,0,1,0,11.110092,11.110092,23.424429,11.110092,0.000000,1,src:1->sink:0|f1:14.8510|f2:14.8510;src:2->sink:0|f1:22.9182|f2:22.9182
1457,1,0,0,0,14.851028,14.851028,27.217084,14.851028,0.000000,0,src:0->sink:0|f1:11.1101|f2:11.1101;src:2->sink:0|f1:22.9182|f2:22.9182
1457,2,0,0,0,22.918207,22.918207,34.990306,22.918207,0.000000,0,src:0->sink:0|f1:11.1101|f2:11.1101;src:1->sink:0|f1:14.8510|f2:14.8510
1458,0,0,1,0,10.021848,49.990985,22.836309,10.021848,79.938273,0,
1459,0,0,1,0,2.432943,30.733874,15.519458,2.432943,56.601863,0,
1460,0,0,1,0,0.141255,25.492490,13.395251,0.141255,50.702470,0,
1461,0,0,1,0,2.191112,18.440608,11.130709,2.191112,32.498991,0,
1462,0,0,1,0,1.512822,15.899055,15.009472,1.512822,28.772467,0,
1463,0,0,1,0,2.158722,19.467533,11.296115,2.158722,34.617623,0,
1464,0,0,1,0,3.235812,17.851946,10.175862,3.235812,29.232267,0,
1465,0,0,1,0,0.854454,11.688334,12.651145,0.854454,21.667760,0,
1466,0,0,1,0,5.739569,16.879533,7.645215,5.739569,22.279929,0,
1467,0,0,1,0,3.305064,13.043185,10.058635,3.305064,19.476241,0,
1468,0,0,1,0,5.036416,12.405379,8.354294,5.036416,14.737925,0,
1469,0,0,1,0,2.252685,12.966297,11.059686,2.252685,21.427224,0,
1470,0,0,1,0,0.673200,10.515024,14.054123,0.673200,19.683648,0,
1471,0,0,1,0,0.323003,9.184492,12.951551,0.323003,17.722979,0,
1472,0,0,1,0,5.869116,12.325743,7.278969,5.869116,12.913254,0,
1473,0,0,1,0,1.147274,9.934906,14.296293,1.147274,17.575263,0,
1474,0,0,1,0,0.942740,5.999675,12.074022,0.942740,10.113869,0,
1475,0,0,1,0,0.513386,7.957465,12.567048,0.513386,14.888158,0,
1476,0,0,1,0,1.893826,11.172681,11.268403,1.893826,18.557709,0,
1477,0,0,1,0,40.927977,54.163056,4.342431,40.927977,26.470157,0,
1478,0,0,1,0,2.182644,10.798596,11.257855,2.182644,17.231904,0,
1479,0,0,1,0,1.765446,10.205526,11.707504,1.765446,16.880161,0,src:0->sink:1|f1:1456.5800|f2:1486.6791
1479,0,1,0,0,1456.579967,1486.679130,31.926740,1456.579967,60.198326,0,src:0->sink:0|f1:1.7654|f2:10.2055
1488,0,0,1,0,8.645689,8.645689,6.367578,8.645689,0.000000,0,
1489,0,0,1,0,7.477182,11.949865,7.148418,7.477182,8.945366,0,
1490,0,0,1,0,6.241141,10.497445,8.078726,6.241141,8.512607,0,
1494,0,0,1,0,7.640638,7.640638,6.636360,7.640638,0.000000,0,
1495,0,0,1,0,1.405044,5.127379,12.927825,1.405044,7.444669,0,
1497,0,0,1,0,8.041309,8.041309,22.582552,8.041309,0.000000,0,
1498,0,0,1,0,4.258778,7.571610,18.762382,4.258778,6.625665,0,
1499,0,0,1,0,0.650458,3.963050,14.947099,0.650458,6.625183,0,
1500,0,0,1,0,3.464878,9.095405,10.547960,3.464878,11.261054,0,
1501,0,0,1,0,0.300730,9.947492,13.743800,0.300730,19.293525,0,
1502,0,0,1,0,3.435014,12.744532,17.545633,3.435014,18.619035,0,
1503,0,0,1,0,1.440166,11.480032,12.283102,1.440166,20.079732,0,
1504,0,0,1,0,1.923895,15.346156,15.646993,1.923895,26.844522,0,
1505,0,0,1,0,1.413348,14.836842,11.951823,1.413348,26.846988,0,
1506,0,0,1,0,1.662661,12.766310,11.536869,1.662661,22.207298,0,
1507,0,0,1,0,0.301161,20.299490,13.303258,0.301161,39.996658,0,
1508,0,0,1,0,3.733922,20.706696,16.632424,3.733922,33.945549,0,
1509,0,0,1,0,2.186625,27.020905,14.640874,2.186625,49.668560,0,
1510,0,0,1,0,1.505711,19.254603,10.547226,1.505711,35.497783,0,
1511,0,0,1,0,2.003879,25.434701,13.824114,2.003879,46.861645,0,
1512,0,0,1,0,3.091078,29.930623,8.138795,3.091078,53.679091,0,
1513,0,0,1,0,1.263098,35.605982,9.485397,1.263098,68.685767,0,
1514,0,0,1,0,4.724439,30.394915,15.218101,4.724439,51.340952,0,src:0->sink:1|f1:24.2805|f2:59.7293
1514,0,1,0,0,24.280480,59.729337,34.219672,24.280480,70.897714,0,src:0->sink:0|f1:4.7244|f2:30.3949
1515,0,0,1,0,1.063430,35.327818,10.903498,1.063430,68.528777,0,
1516,0,0,1,0,5.080434,40.459032,14.398480,5.080434,70.757195,0,
1517,0,0,1,0,4.651512,40.271908,13.342152,4.651512,71.240793,0,
1518,0,0,1,0,4.252369,44.937334,12.234561,4.252369,81.369930,0,
1519,0,0,1,0,1.739718,29.290682,9.202034,1.739718,55.101930,0,
1520,0,0,1,0,2.532808,6.798952,10.001396,2.532808,8.532288,0,
1521,0,0,1,0,0.009897,2.397379,7.410630,0.009897,4.774964,0,
1522,0,0,1,0,0.284447,3.132409,7.712581,0.284447,5.695924,0,
1523,0,0,1,0,3.372444,6.807563,10.805580,3.372444,6.870237,0,
1524,0,0,1,0,4.053728,9.861571,11.425242,4.053728,11.615687,0,
1525,0,0,1,0,0.306459,6.382629,7.553239,0.306459,12.152340,0,
1526,0,0,1,0,0.909905,8.926876,8.045266,0.909905,16.033942,0,
1527,0,0,1,0,1.328736,16.315081,8.216706,1.328736,29.972690,0,
1528,0,0,1,0,0.187547,14.349885,6.438162,0.187547,28.324676,0,
1529,0,0,1,0,4.383897,17.301735,10.792197,4.383897,25.835676,0,
1530,0,0,1,0,4.129399,15.601377,10.327999,4.129399,22.943955,0,
1532,0,0,1,0,6.278009,6.278009,14.544072,6.278009,0.000000,0,
1533,0,0,1,0,4.342945,52.408435,13.415100,4.342945,96.130979,0,
1534,0,0,1,0,0.534595,44.529411,10.235504,0.534595,87.989631,0,
1535,0,0,1,0,8.645427,40.698157,19.074479,8.645427,64.105460,0,
1536,0,0,1,0,1.630436,1.630436,12.226933,1.630436,0.000000,0,
1537,0,0,1,0,1.996155,39.308320,13.190184,1.996155,74.624331,0,
1538,0,0,1,0,2.378728,25.305327,13.937063,2.378728,45.853197,0,
1539,0,0,1,0,2.750945,21.764385,14.607997,2.750945,38.026878,0,
1540,0,0,1,0,0.741067,16.636608,12.757641,0.741067,31.791082,0,
1541,0,0,1,0,3.582560,17.746847,15.920614,3.582560,28.328574,0,
1542,0,0,1,0,0.127596,13.503839,12.237491,0.127596,26.752487,0,
1543,0,0,1,0,3.688945,13.238963,16.356935,3.688945,19.100037,0,
1544,0,0,1,0,0.003611,6.375408,12.583764,0.003611,12.743593,0,src:1->sink:0|f1:1777.4729|f2:2026.6180
1544,1,0,0,0,1777.472912,2026.618043,501.566239,1777.472912,498.290263,0,src:0->sink:0|f1:0.0036|f2:6.3754
1545,0,0,1,0,2.694532,8.163152,9.844319,2.694532,10.937241,0,
1546,0,0,1,0,0.011341,6.341082,12.732908,0.011341,12.659483,0,
1547,0,0,1,0,0.142669,4.855359,12.654593,0.142669,9.425379,0,
1548,0,0,1,0,0.972013,3.793658,11.788209,0.972013,5.643289,0,
1549,0,0,1,0,2.914796,5.035203,15.888087,2.914796,4.240814,0,
1550,0,0,1,0,2.914796,2.914796,15.888087,2.914796,0.000000,0,
1551,0,0,1,0,1.330411,4.171910,11.415891,1.330411,5.682998,0,
1552,0,0,1,0,2.112908,5.412758,14.997155,2.112908,6.599701,0,
1553,0,0,1,0,1.715598,5.493058,14.526090,1.715598,7.554920,0,
1554,0,0,1,0,1.649056,6.853011,10.928743,1.649056,10.407910,0,
1555,0,0,1,0,3.051914,6.840270,9.428270,3.051914,7.576712,0,
1556,0,0,1,0,3.159607,7.156643,9.260574,3.159607,7.994073,0,
1557,0,0,1,0,2.934623,10.015705,9.391311,2.934623,14.162163,0,
1558,0,0,1,0,0.715440,6.379744,11.621882,0.715440,11.328609,0,
1559,0,0,1,0,1.460284,9.018450,10.734509,1.460284,15.116332,0,
1560,0,0,1,0,1.546888,2.970965,10.647070,1.546888,2.848153,0,
1561,0,0,1,0,4.889556,14.647354,7.437681,4.889556,19.515596,0,
1565,0,0,1,0,2.011334,2.011334,10.788614,2.011334,0.000000,0,
1566,0,0,1,0,0.938327,6.609108,13.939658,0.938327,11.341560,0,
1567,0,0,1,0,0.911411,5.157486,13.969029,0.911411,8.492150,0,
1573,0,0,1,0,3.695301,3.695301,16.913247,3.695301,0.000000,0,
1574,0,0,1,0,3.410425,10.032419,16.634428,3.410425,13.243987,0,
1575,0,0,1,0,3.240395,13.280011,16.413666,3.240395,20.079231,0,
1576,0,0,1,0,1.956607,11.527787,10.867913,1.956607,19.142361,0,
1577,0,0,1,0,0.187153,9.194714,12.654316,0.187153,18.015121,0,
1578,0,0,1,0,3.051138,11.555990,15.989302,3.051138,17.009703,0,
1579,0,0,1,0,3.442460,13.953705,9.039409,3.442460,21.022489,0,
1580,0,0,1,0,3.461278,12.891182,8.907389,3.461278,18.859808,0,
1581,0,0,1,0,1.481570,12.023471,10.856300,1.481570,21.083803,0,
1582,0,0,1,0,0.727301,13.007634,13.025456,0.727301,24.560667,0,
1583,0,0,1,0,2.762746,7.974968,9.274503,2.762746,10.424444,0,
1584,0,0,1,0,4.151527,8.513892,16.529538,4.151527,8.724732,0,
1585,0,0,1,0,0.354735,9.359417,11.684890,0.354735,18.009364,0,
1586,0,0,1,0,0.428483,8.185858,12.408051,0.428483,15.514750,0,
1587,0,0,1,0,2.608839,11.767620,14.566620,2.608839,18.317563,0,
1588,0,0,1,0,2.589178,11.008769,14.442603,2.589178,16.839182,0,
1589,0,0,1,0,1.467646,12.053151,10.051717,1.467646,21.171009,0,
1590,0,0,1,0,5.521020,7.861594,5.904900,5.521020,4.681146,0,
1591,0,0,1,0,3.716418,10.818618,7.840881,3.716418,14.204400,0,
1592,0,0,1,0,3.313201,10.901930,15.287756,3.313201,15.177457,0,
1593,0,0,1,0,3.703027,7.959688,15.740184,3.703027,8.513322,0,
1594,0,0,1,0,1.453400,6.644373,13.477892,1.453400,10.381947,0,
1595,0,0,1,0,0.475165,4.247151,12.500052,0.475165,7.543971,0,
1596,0,0,1,0,2.635309,8.295093,9.315793,2.635309,11.319568,0,
1597,0,0,1,0,2.635309,2.635309,9.315793,2.635309,0.000000,0,
1598,0,0,1,0,1.372065,5.157879,10.684951,1.372065,7.571629,0,
1599,0,0,1,0,1.290049,2.697614,13.463892,1.290049,2.815130,0,
1600,0,0,1,0,2.635309,5.013558,9.315793,2.635309,4.756498,0,
1601,0,0,1,0,2.712415,4.138869,9.239782,2.712415,2.852907,0,
1602,0,0,1,0,1.267865,3.610257,13.384526,1.267865,4.684784,0,
1603,0,0,1,0,1.203534,5.677679,13.260502,1.203534,8.948290,0,
1604,0,0,1,0,1.203534,1.203534,13.260502,1.203534,0.000000,0,
1605,0,0,1,0,0.804982,8.004185,12.744770,0.804982,14.398407,0,
1606,0,0,1,0,0.660853,4.662458,12.537540,0.660853,8.003210,0,
1607,0,0,1,0,4.263922,6.140240,16.240928,4.263922,3.752637,0,
1610,0,0,1,0,51.595077,51.595077,40.065532,51.595077,0.000000,0,
1611,0,0,1,0,55.888914,80.190444,44.465773,55.888914,48.603062,0,
1612,0,0,1,0,66.881056,102.039858,55.715723,66.881056,70.317604,0,
1613,0,0,1,0,69.339811,86.971197,58.236821,69.339811,35.262772,0,
1614,0,0,1,0,72.967806,88.551045,61.970098,72.967806,31.166479,0,
1615,0,0,1,0,76.714665,92.118218,65.814784,76.714665,30.807107,0,
1616,0,0,1,0,77.208616,92.538778,66.269789,77.208616,30.660324,0,
1617,0,0,1,0,81.655678,100.833191,70.863872,81.655678,38.355025,0,
1618,0,0,1,0,84.037446,94.675356,73.325253,84.037446,21.275819,0,
1619,0,0,1,0,82.529880,91.032711,71.822119,82.529880,17.005663,0,
1623,0,0,1,0,0.595740,0.595740,14.878924,0.595740,0.000000,0,
1624,0,0,1,0,2.236312,21.382228,12.104676,2.236312,38.291833,0,src:1->sink:0|f1:57.3705|f2:372.8101;src:2->sink:0|f1:26.7645|f2:68.1877
1624,1,0,0,0,57.370490,372.810107,46.302787,57.370490,630.879236,0,src:0->sink:0|f1:2.2363|f2:21.3822;src:2->sink:0|f1:26.7645|f2:68.1877
1624,2,0,0,0,26.764457,68.187726,9.717249,26.764457,82.846538,0,src:0->sink:0|f1:2.2363|f2:21.3822;src:1->sink:0|f1:57.3705|f2:372.8101
1625,0,0,1,0,8.577907,28.537277,5.823817,8.577907,39.918740,0,src:1->sink:0|f1:51.2649|f2:353.3359
1625,1,0,0,0,51.264856,353.335903,40.097697,51.264856,604.142094,0,src:0->sink:0|f1:8.5779|f2:28.5373
1626,0,0,1,0,9.121646,19.037371,5.222232,9.121646,19.831449,0,src:1->sink:0|f1:44.7323|f2:332.1040
1626,1,0,0,0,44.732278,332.104038,33.401219,44.732278,574.743519,0,src:0->sink:0|f1:9.1216|f2:19.0374
1632,0,0,1,0,1.868795,1.868795,12.824295,1.868795,0.000000,0,src:0->sink:1|f1:72.0089|f2:72.0089;src:1->sink:0|f1:75.4544|f2:75.4544
1632,0,1,0,0,72.008888,72.008888,83.477187,72.008888,0.000000,0,src:0->sink:0|f1:1.8688|f2:1.8688;src:1->sink:1|f1:8.1819|f2:8.1819
1632,1,0,0,0,75.454450,75.454450,64.500159,75.454450,0.000000,0,src:1->sink:1|f1:8.1819|f2:8.1819;src:0->sink:0|f1:1.8688|f2:1.8688
1632,1,1,1,0,8.181888,8.181888,4.130677,8.181888,0.000000,0,src:1->sink:0|f1:75.4544|f2:75.4544;src:0->sink:1|f1:72.0089|f2:72.0089
1633,0,0,0,0,60.020696,291.292871,72.071819,60.020696,462.544350,0,src:0->sink:1|f1:5.1189|f2:8.4602;src:1->sink:0|f1:8.4520|f2:15.9479
1633,0,1,1,0,5.118926,8.460187,9.636525,5.118926,6.682521,0,src:0->sink:0|f1:60.0207|f2:291.2929;src:1->sink:1|f1:67.7578|f2:302.3064
1633,1,0,1,0,8.451990,15.947855,3.914659,8.451990,14.991730,0,src:1->sink:1|f1:67.7578|f2:302.3064;src:0->sink:0|f1:60.0207|f2:291.2929
1633,1,1,0,0,67.757837,302.306403,56.770434,67.757837,469.097133,0,src:1->sink:0|f1:8.4520|f2:15.9479;src:0->sink:1|f1:5.1189|f2:8.4602
1634,0,0,1,0,48.656036,282.960376,61.087442,48.656036,468.608679,0,
1635,0,0,1,0,43.120476,46.831938,55.708106,43.120476,7.422925,0,
1636,0,0,1,0,36.075520,41.321113,48.772725,36.075520,10.491184,0,
1637,0,0,1,0,41.256592,79.189574,26.091360,41.256592,75.865964,0,
1638,0,0,1,0,47.740501,52.761178,32.286058,47.740501,10.041354,0,
1639,0,0,0,0,58.950190,71.574030,42.870785,58.950190,25.247679,0,src:1->sink:0|f1:8.2761|f2:271.2170
1639,1,0,1,0,8.276087,271.217003,5.311475,8.276087,525.881831,0,src:0->sink:0|f1:58.9502|f2:71.5740
1640,0,0,1,0,0.342770,72.914691,12.505218,0.342770,145.143843,0,
1641,0,0,1,0,0.198923,3.034772,13.072652,0.198923,5.671698,0,
1642,0,0,1,0,0.547185,4.712122,13.397939,0.547185,8.329875,0,
1643,0,0,1,0,2.619069,7.342845,10.028835,2.619069,9.447551,0,
1644,0,0,1,0,0.888054,6.796885,13.645617,0.888054,11.817663,0,
1645,0,0,1,0,0.385645,7.127877,13.021141,0.385645,13.484464,0,
1646,0,0,1,0,0.437169,9.182569,12.962555,0.437169,17.490800,0,
1647,0,0,1,0,0.027676,11.325494,12.323010,0.027676,22.595635,0,
1648,0,0,1,0,3.469057,16.664505,15.806698,3.469057,26.390897,0,
1649,0,0,1,0,7.900198,15.442997,20.322903,7.900198,15.085598,0,
1652,0,0,1,0,4.072269,4.072269,16.478811,4.072269,0.000000,0,
1653,0,0,1,0,2.574665,15.489687,15.100149,2.574665,25.830044,0,
1654,0,0,1,0,0.292328,12.774276,12.270190,0.292328,24.963895,0,
1655,0,0,1,0,0.457980,7.069695,13.154027,0.457980,13.223430,0,
1656,0,0,1,0,2.645974,13.510244,15.612806,2.645974,21.728541,0,src:1->sink:0|f1:734.8933|f2:1178.1914
1656,1,0,0,0,734.893302,1178.191443,490.732500,734.893302,886.596282,0,src:0->sink:0|f1:2.6460|f2:13.5102
1657,0,0,1,0,5.007472,12.063285,7.658056,5.007472,14.111625,0,src:1->sink:0|f1:760.1582|f2:1207.5371
1657,1,0,0,0,760.158156,1207.537125,501.798359,760.158156,894.757937,0,src:0->sink:0|f1:5.0075|f2:12.0633
1658,0,0,1,0,7.240695,12.426951,5.391961,7.240695,10.372512,0,src:1->sink:0|f1:780.5260|f2:1227.4493
1658,1,0,0,0,780.526033,1227.449348,510.652599,780.526033,893.846630,0,src:0->sink:0|f1:7.2407|f2:12.4270
1659,0,0,1,0,6.343512,13.900507,6.428445,6.343512,15.113990,0,
1664,0,0,1,0,0.889755,0.889755,14.100725,0.889755,0.000000,0,src:1->sink:0|f1:9.6807|f2:9.6807
1664,1,0,0,0,9.680723,9.680723,4.319164,9.680723,0.000000,0,src:0->sink:0|f1:0.8898|f2:0.8898
1665,0,0,1,0,2.117826,7.788746,10.855677,2.117826,11.341840,1,src:1->sink:0|f1:5.3991|f2:259.6356
1665,1,0,0,0,5.399057,259.635613,8.460979,5.399057,508.473111,0,src:0->sink:0|f1:2.1178|f2:7.7887
1666,0,0,1,0,1.272790,7.659115,14.347586,1.272790,12.772650,1,src:1->sink:0|f1:2.6121|f2:260.0372
1666,1,0,0,0,2.612140,260.037214,16.207942,2.612140,514.850148,0,src:0->sink:0|f1:1.2728|f2:7.6591
1667,0,0,1,0,0.134920,7.626566,12.764621,0.134920,14.983293,0,
1668,0,0,1,0,2.569106,11.352244,15.481961,2.569106,17.566277,0,
1669,0,0,1,0,2.643327,13.863395,15.396612,2.643327,22.440137,0,
1670,0,0,1,0,1.156718,12.701493,13.676597,1.156718,23.089551,0,
1671,0,0,1,0,7.040700,17.743912,4.990921,7.040700,21.406424,0,
1696,0,0,1,0,4.138641,4.138641,15.659596,4.138641,0.000000,0,src:0->sink:1|f1:153.2196|f2:153.2196;src:1->sink:0|f1:179.0962|f2:179.0962
1696,0,1,0,0,153.219589,153.219589,141.937816,153.219589,0.000000,0,src:0->sink:0|f1:4.1386|f2:4.1386;src:1->sink:1|f1:0.3164|f2:0.3164
1696,1,0,0,0,179.096182,179.096182,176.929670,179.096182,0.000000,0,src:1->sink:1|f1:0.3164|f2:0.3164;src:0->sink:0|f1:4.1386|f2:4.1386
1696,1,1,1,0,0.316436,0.316436,15.122292,0.316436,0.000000,0,src:1->sink:0|f1:179.0962|f2:179.0962;src:0->sink:1|f1:153.2196|f2:153.2196
1697,0,0,1,0,2.471305,12.686172,13.877032,2.471305,20.429734,0,src:0->sink:1|f1:166.0044|f2:424.3324;src:1->sink:0|f1:189.4859|f2:448.5326
1697,0,1,0,0,166.004355,424.332449,154.608788,166.004355,516.656189,0,src:0->sink:0|f1:2.4713|f2:12.6862;src:1->sink:1|f1:2.2133|f2:19.3264
1697,1,0,0,0,189.485859,448.532603,186.100985,189.485859,518.093487,0,src:1->sink:1|f1:2.2133|f2:19.3264;src:0->sink:0|f1:2.4713|f2:12.6862
1697,1,1,1,0,2.213330,19.326368,12.908149,2.213330,34.226076,0,src:1->sink:0|f1:189.4859|f2:448.5326;src:0->sink:1|f1:166.0044|f2:424.3324
1698,0,0,1,0,2.928535,19.558802,12.402282,2.928535,33.260536,0,src:0->sink:1|f1:203.0424|f2:474.1210;src:1->sink:0|f1:176.1302|f2:444.7154
1698,0,1,0,0,203.042368,474.120960,197.649146,203.042368,542.157184,0,src:0->sink:0|f1:2.9285|f2:19.5588;src:1->sink:1|f1:4.0038|f2:12.7487
1698,1,0,0,0,176.130216,444.715441,164.663245,176.130216,537.170450,0,src:1->sink:1|f1:4.0038|f2:12.7487;src:0->sink:0|f1:2.9285|f2:19.5588
1698,1,1,1,0,4.003804,12.748678,15.426885,4.003804,17.489748,0,src:1->sink:0|f1:176.1302|f2:444.7154;src:0->sink:1|f1:203.0424|f2:474.1210
1699,0,0,1,0,0.121789,6.586002,11.279921,0.121789,12.928426,0,src:0->sink:1|f1:199.0177|f2:482.1783;src:1->sink:0|f1:218.3282|f2:496.9718
1699,0,1,0,0,199.017736,482.178336,186.521092,199.017736,566.321200,0,src:0->sink:0|f1:0.1218|f2:6.5860;src:1->sink:1|f1:9.1498|f2:30.1579
1699,1,0,0,0,218.328219,496.971769,210.545231,218.328219,557.287100,0,src:1->sink:1|f1:9.1498|f2:30.1579;src:0->sink:0|f1:0.1218|f2:6.5860
1699,1,1,1,0,9.149809,30.157853,6.854699,9.149809,42.016088,0,src:1->sink:0|f1:218.3282|f2:496.9718;src:0->sink:1|f1:199.0177|f2:482.1783
1700,0,0,1,0,4.533517,19.016865,15.786545,4.533517,28.966696,0,src:0->sink:1|f1:216.4397|f2:515.5199;src:1->sink:0|f1:249.7430|f2:553.5830
1700,0,1,0,0,216.439656,515.519937,203.546874,216.439656,598.160562,0,src:0->sink:0|f1:4.5335|f2:19.0169;src:1->sink:1|f1:5.8817|f2:33.4884
1700,1,0,0,0,249.743035,553.583016,236.454560,249.743035,607.679962,0,src:1->sink:1|f1:5.8817|f2:33.4884;src:0->sink:0|f1:4.5335|f2:19.0169
1700,1,1,1,0,5.881714,33.488383,10.255748,5.881714,55.213337,0,src:1->sink:0|f1:249.7430|f2:553.5830;src:0->sink:1|f1:216.4397|f2:515.5199
1701,0,0,1,0,6.035994,19.978393,17.207932,6.035994,27.884799,0,src:0->sink:1|f1:232.8323|f2:546.4949;src:1->sink:0|f1:282.4531|f2:600.1611
1701,0,1,0,0,232.832347,546.494862,219.264772,232.832347,627.325030,0,src:0->sink:0|f1:6.0360|f2:19.9784;src:1->sink:1|f1:2.4046|f2:25.2090
1701,1,0,0,0,282.453146,600.161055,262.816280,282.453146,635.415819,0,src:1->sink:1|f1:2.4046|f2:25.2090;src:0->sink:0|f1:6.0360|f2:19.9784
1701,1,1,1,0,2.404614,25.209011,18.369245,2.404614,45.608793,0,src:1->sink:0|f1:282.4531|f2:600.1611;src:0->sink:1|f1:232.8323|f2:546.4949
1702,0,0,0,0,253.944047,586.926693,239.339814,253.944047,665.965291,0,src:0->sink:1|f1:4.1851|f2:19.6041
1702,0,1,1,0,4.185088,19.604120,15.077921,4.185088,30.838062,0,src:0->sink:0|f1:253.9440|f2:586.9267
1703,0,0,1,0,2.129326,778.806480,18.443116,2.129326,1553.354308,0,src:0->sink:1|f1:339.1829|f2:788.0767;src:1->sink:0|f1:284.7471|f2:634.0397
1703,0,1,0,0,339.182868,788.076670,306.641134,339.182868,897.787605,0,src:0->sink:0|f1:2.1293|f2:778.8065;src:1->sink:1|f1:0.1538|f2:21.6631
1703,1,0,0,0,284.747127,634.039715,267.182225,284.747127,698.585177,0,src:1->sink:1|f1:0.1538|f2:21.6631;src:0->sink:0|f1:2.1293|f2:778.8065
1703,1,1,1,0,0.153847,21.663084,10.546608,0.153847,43.018474,0,src:1->sink:0|f1:284.7471|f2:634.0397;src:0->sink:1|f1:339.1829|f2:788.0767
1704,0,0,0,0,314.807484,679.818564,295.043724,314.807484,730.022160,0,src:0->sink:1|f1:1.8438|f2:22.7483
1704,0,1,1,0,1.843832,22.748304,8.237851,1.843832,41.808943,0,src:0->sink:0|f1:314.8075|f2:679.8186
1705,0,0,0,0,334.050257,708.784973,312.702114,334.050257,749.469431,0,src:0->sink:1|f1:5.4972|f2:26.2043
1705,0,1,1,0,5.497244,26.204256,15.704582,5.497244,41.414025,0,src:0->sink:0|f1:334.0503|f2:708.7850
1706,0,0,1,0,1.460548,29.592695,8.054916,1.460548,56.264293,0,src:0->sink:1|f1:369.5789|f2:771.0543
1706,0,1,0,0,369.578855,771.054334,344.387226,369.578855,802.950958,0,src:0->sink:0|f1:1.4605|f2:29.5927
1707,0,0,1,0,2.039387,26.017835,7.152964,2.039387,47.956896,0,src:0->sink:1|f1:394.0906|f2:807.5581
1707,0,1,0,0,394.090568,807.558058,365.941889,394.090568,826.934979,0,src:0->sink:0|f1:2.0394|f2:26.0178
1708,0,0,1,0,5.768781,33.202192,14.989227,5.768781,54.866820,0,
1709,0,0,1,0,4.111073,38.715091,12.816879,4.111073,69.208034,0,
1710,0,0,1,0,278.691281,496.673779,247.446661,278.691281,435.964995,0,
1711,0,0,1,0,5.035260,234.974217,13.026985,5.035260,459.877912,0,src:0->sink:1|f1:301.9273|f2:313.4688
1711,0,1,0,0,301.927350,313.468798,266.270917,301.927350,23.082897,0,src:0->sink:0|f1:5.0353|f2:234.9742
1755,0,0,1,0,2.513448,2.513448,5.176924,2.513448,0.000000,0,
1756,0,0,1,0,18.858016,33.190535,12.592115,18.858016,28.665037,0,
1760,0,0,1,0,1.627895,1.627895,4.064245,1.627895,0.000000,0,src:0->sink:1|f1:11.4869|f2:11.4869;src:0->sink:2|f1:12.1655|f2:12.1655
1760,0,1,0,0,11.486948,11.486948,17.745756,11.486948,0.000000,0,src:0->sink:0|f1:1.6279|f2:1.6279;src:0->sink:2|f1:12.1655|f2:12.1655
1760,0,2,0,0,12.165513,12.165513,6.963978,12.165513,0.000000,0,src:0->sink:0|f1:1.6279|f2:1.6279;src:0->sink:1|f1:11.4869|f2:11.4869
1761,0,0,1,0,12.505126,36.654088,18.657653,12.505126,48.297925,1,src:1->sink:0|f1:14.2273|f2:54.3734
1761,1,0,0,0,14.227279,54.373368,9.766402,14.227279,80.292178,0,src:0->sink:0|f1:12.5051|f2:36.6541
1762,0,0,1,0,20.281422,43.156884,16.146063,20.281422,45.750925,0,
1763,0,0,0,0,26.863766,30.291549,22.838950,26.863766,6.855565,0,src:1->sink:0|f1:2.3548|f2:20.4676
1763,1,0,1,0,2.354772,20.467579,2.871287,2.354772,36.225614,0,src:0->sink:0|f1:26.8638|f2:30.2915
1764,0,0,1,0,3.328884,7.523147,1.775687,3.328884,8.388528,0,
1765,0,0,1,0,0.361618,5.511733,5.750100,0.361618,10.300230,0,
1777,0,0,1,0,162.240518,162.240518,160.087209,162.240518,0.000000,0,src:1->sink:0|f1:169.8961|f2:169.8961
1777,1,0,0,0,169.896138,169.896138,167.561221,169.896138,0.000000,0,src:0->sink:0|f1:162.2405|f2:162.2405
1778,0,0,1,0,153.013259,171.500074,151.655734,153.013259,36.973630,0,
1832,0,0,1,0,826.317545,826.317545,748.003915,826.317545,0.000000,0,
1833,0,0,1,0,839.852255,855.768305,751.753841,839.852255,31.832102,0,
1834,0,0,1,0,863.617507,879.955351,763.034335,863.617507,32.675688,0,
1835,0,0,1,0,883.188204,903.410506,769.299195,883.188204,40.444603,0,
1836,0,0,1,0,910.077260,924.998638,781.317084,910.077260,29.842757,0,
1837,0,0,1,0,924.040358,937.298035,785.879411,924.040358,26.515355,0,
1838,0,0,1,0,966.200254,991.813557,799.737157,966.200254,51.226606,0,
1839,0,0,1,0,994.888975,1004.017749,815.253816,994.888975,18.257550,0,
1856,0,0,1,0,1006.959726,1006.959726,830.115672,1006.959726,0.000000,0,
1857,0,0,1,0,983.088038,997.156352,820.192424,983.088038,28.136628,0,
1858,0,0,1,0,940.514920,958.880036,799.653300,940.514920,36.730232,0,
1859,0,0,1,0,911.087248,924.718162,784.147053,911.087248,27.261828,0,
1860,0,0,1,0,876.403641,892.822006,765.715128,876.403641,32.836729,0,
1861,0,0,1,0,847.871521,864.252485,749.707944,847.871521,32.761927,0,
1862,0,0,1,0,830.052264,844.953299,741.124524,830.052264,29.802070,0,
1863,0,0,1,0,804.197671,817.627100,724.771910,804.197671,26.858858,0,
1864,0,0,1,0,790.360119,799.700802,716.183748,790.360119,18.681365,0,
1865,0,0,1,0,757.075738,774.157423,693.048831,757.075738,34.163371,0,
1866,0,0,0,0,734.834306,746.311273,677.183557,734.834306,22.953933,0,src:0->sink:1|f1:9.9956|f2:704.4153
1866,0,1,1,0,9.995634,704.415251,4.375928,9.995634,1388.839234,0,src:0->sink:0|f1:734.8343|f2:746.3113
1867,0,0,0,0,721.276607,1423.993401,667.579999,721.276607,1405.433588,0,src:0->sink:1|f1:8.6624|f2:15.7375
1867,0,1,1,0,8.662400,15.737487,2.907510,8.662400,14.150175,0,src:0->sink:0|f1:721.2766|f2:1423.9934
1868,0,0,1,0,698.382693,1406.876715,650.271537,698.382693,1416.988043,0,
1885,0,0,1,0,11.131738,11.131738,5.675832,11.131738,0.000000,0,
1886,0,0,1,0,10.614659,25.909573,4.876628,10.614659,30.589827,0,
1887,0,0,1,0,8.981383,16.530389,3.036457,8.981383,15.098012,0,
1968,0,0,1,0,7.684049,7.684049,16.841051,7.684049,0.000000,0,
1969,0,0,1,0,4.015562,9.912534,12.833983,4.015562,11.793945,0,
1970,0,0,1,0,2.473109,6.923421,11.153724,2.473109,8.900623,0,
1971,0,0,1,0,1.251165,4.633268,7.102082,1.251165,6.764206,0,
1972,0,0,1,0,3.547545,14.026113,12.152457,3.547545,20.957136,0,
1973,0,0,1,0,0.305688,11.201304,8.480313,0.305688,21.791233,0,
1974,0,0,1,0,2.118923,27.108915,5.503960,2.118923,49.979984,0,
1975,0,0,1,0,5.713795,30.714338,1.264184,5.713795,50.001086,0,
2016,0,0,1,0,1.833710,1.833710,9.140442,1.833710,0.000000,0,
2017,0,0,1,0,0.423186,4.633242,7.630474,0.423186,8.420112,0,
2018,0,0,1,0,1.297697,11.134930,5.906325,1.297697,19.674467,0,
2019,0,0,1,0,6.048532,17.369108,0.974706,6.048532,22.641153,0,
2020,0,0,1,0,9.706064,20.158062,2.866681,9.706064,20.903995,0,
2021,0,0,1,0,10.703282,17.384334,3.889094,10.703282,13.362103,0,
2024,0,0,1,0,0.871256,0.871256,6.379540,0.871256,0.000000,0,
2025,0,0,1,0,1.730616,8.301112,5.430143,1.730616,13.140993,0,
2026,0,0,1,0,1.615447,7.888437,5.448315,1.615447,12.545981,0,
2027,0,0,1,0,0.464618,14.358723,6.508828,0.464618,27.788210,0,
2028,0,0,1,0,1.723687,10.738381,8.688744,1.723687,18.029388,0,
2029,0,0,1,0,4.116863,17.025437,10.976248,4.116863,25.817148,0,
2030,0,0,1,0,2.099910,17.812268,8.604899,2.099910,31.424715,0,
2031,0,0,1,0,3.623107,17.539255,2.415561,3.623107,27.832296,0,
2032,0,0,1,0,2.787398,19.307450,3.025706,2.787398,33.040105,0,
2033,0,0,0,0,43.669246,70.787056,49.298274,43.669246,54.235621,0,src:0->sink:1|f1:6.6480|f2:53.9404;src:1->sink:0|f1:5.5627|f2:15.6214
2033,0,1,1,0,6.648010,53.940400,0.614597,6.648010,94.584781,0,src:0->sink:0|f1:43.6692|f2:70.7871;src:1->sink:1|f1:56.3287|f2:86.5620
2033,1,0,1,0,5.562661,15.621350,0.013630,5.562661,20.117379,0,src:1->sink:1|f1:56.3287|f2:86.5620;src:0->sink:0|f1:43.6692|f2:70.7871
2033,1,1,0,0,56.328728,86.561997,49.871793,56.328728,60.466539,0,src:1->sink:0|f1:5.5627|f2:15.6214;src:0->sink:1|f1:6.6480|f2:53.9404
2034,0,0,1,1,15.039131,88.757580,8.429076,15.039131,147.436899,1,src:1->sink:0|f1:12.7309|f2:102.9651
2034,1,0,0,0,12.730932,102.965096,20.129891,12.730932,180.468329,0,src:0->sink:0|f1:15.0391|f2:88.7576
2035,0,0,1,0,2.065397,123.539753,10.491443,2.065397,242.948711,0,
2036,0,0,1,0,0.054577,79.762356,9.363185,0.054577,159.415558,0,
2037,0,0,1,0,7.329612,67.491977,17.573081,7.329612,120.324731,0,
2038,0,0,1,0,8.588054,66.220965,1.996671,8.588054,115.265823,0,
2039,0,0,1,0,3.077059,46.994569,14.542878,3.077059,87.835021,0,
2040,0,0,1,0,2.607658,39.833470,14.526011,2.607658,74.451624,0,
2041,0,0,1,0,2.635104,28.054111,9.504045,2.635104,50.838014,0,
2042,0,0,1,0,7.344318,27.122806,5.004944,7.344318,39.556977,0,
2043,0,0,1,0,0.229104,23.866035,13.022110,0.229104,47.273863,0,
2044,0,0,1,0,4.825478,20.162265,17.906311,4.825478,30.673574,0,
2045,0,0,1,0,2.633127,16.686521,15.844548,2.633127,28.106786,0,
2046,0,0,1,0,0.775841,12.250349,12.518255,0.775841,22.949016,0,
2047,0,0,1,0,0.596166,7.573105,12.772384,0.596166,13.953879,0,
2048,0,0,1,0,4.724983,18.873927,18.239768,4.724983,28.297888,0,
2049,0,0,1,0,1.143514,4.655881,14.676267,1.143514,7.024734,0,
2050,0,0,1,0,2.558036,9.143481,10.963794,2.558036,13.170890,0,src:1->sink:0|f1:259.0068|f2:635.3936
2050,1,0,0,0,259.006785,635.393615,300.588121,259.006785,752.773658,0,src:0->sink:0|f1:2.5580|f2:9.1435
2051,0,0,1,0,2.375109,6.140222,11.152294,2.375109,7.530227,0,
2052,0,0,1,0,1.600692,5.356536,15.143009,1.600692,7.511687,0,
2053,0,0,1,0,1.740185,5.974910,15.284750,1.740185,8.469451,0,
2054,0,0,1,0,2.362355,5.658606,15.907753,2.362355,6.592502,0,
2055,0,0,1,0,2.399284,8.160826,15.875969,2.399284,11.523084,0,
2056,0,0,1,0,2.071029,11.671932,11.282613,2.071029,19.201807,0,
2057,0,0,1,0,1.640144,3.514322,14.985118,1.640144,3.748355,0,
2058,0,0,1,0,2.667747,6.777353,15.953419,2.667747,8.219213,0,
2059,0,0,0,0,2462.259187,2839.476801,739.097194,2462.259187,754.435228,0,src:0->sink:1|f1:5.5134|f2:10.9808;src:1->sink:0|f1:6.2924|f2:782.6905
2059,0,1,1,0,5.513385,10.980838,18.862512,5.513385,10.934907,0,src:0->sink:0|f1:2462.2592|f2:2839.4768;src:1->sink:1|f1:105553.3843|f2:105958.0322
2059,1,0,1,0,6.292430,782.690546,8.497372,6.292430,1552.796232,0,src:1->sink:1|f1:105553.3843|f2:105958.0322;src:0->sink:0|f1:2462.2592|f2:2839.4768
2059,1,1,0,0,105553.384280,105958.032236,737.166921,105553.384280,809.295912,0,src:1->sink:0|f1:6.2924|f2:782.6905;src:0->sink:1|f1:5.5134|f2:10.9808
2060,0,0,0,0,2471.588839,2840.433060,724.456330,2471.588839,737.688442,0,src:0->sink:1|f1:9.1636|f2:15.7408;src:1->sink:0|f1:2.9550|f2:29.1451
2060,0,1,1,0,9.163647,15.740773,22.591765,9.163647,13.154253,0,src:0->sink:0|f1:2471.5888|f2:2840.4331;src:1->sink:1|f1:1519756.3778|f2:1520148.3625
2060,1,0,1,0,2.954968,29.145064,4.832140,2.954968,52.380193,0,src:1->sink:1|f1:1519756.3778|f2:1520148.3625;src:0->sink:0|f1:2471.5888|f2:2840.4331
2060,1,1,0,0,1519756.377849,1520148.362467,714.755970,1519756.377849,783.969237,0,src:1->sink:0|f1:2.9550|f2:29.1451;src:0->sink:1|f1:9.1636|f2:15.7408
2061,0,0,0,0,2417.582750,2773.350518,704.232999,2417.582750,711.535535,0,src:0->sink:1|f1:2.0220|f2:9.0683;src:1->sink:0|f1:5.1466|f2:29.6825
2061,0,1,1,0,2.021967,9.068349,15.632819,2.021967,14.092764,0,src:0->sink:0|f1:2417.5827|f2:2773.3505;src:1->sink:1|f1:52293.3724|f2:52676.0291
2061,1,0,1,0,5.146567,29.682526,6.320336,5.146567,49.071917,0,src:1->sink:1|f1:52293.3724|f2:52676.0291;src:0->sink:0|f1:2417.5827|f2:2773.3505
2061,1,1,0,0,52293.372445,52676.029147,702.408343,52293.372445,765.313405,0,src:1->sink:0|f1:5.1466|f2:29.6825;src:0->sink:1|f1:2.0220|f2:9.0683
2062,0,0,0,0,2405.654549,2752.124654,681.438838,2405.654549,692.940211,0,src:1->sink:0|f1:10.3454|f2:37.3722
2062,1,0,1,0,10.345402,37.372177,10.604262,10.345402,54.053550,0,src:0->sink:0|f1:2405.6545|f2:2752.1247
2063,0,0,1,0,3.089119,22.955888,3.393454,3.089119,39.733539,0,src:1->sink:0|f1:2396.6264|f2:2780.5961
2063,1,0,0,0,2396.626436,2780.596147,674.446916,2396.626436,767.939422,0,src:0->sink:0|f1:3.0891|f2:22.9559
2072,0,0,1,0,4.936238,4.936238,19.442208,4.936238,0.000000,0,
2073,0,0,1,0,4.508649,5.922438,19.019053,4.508649,2.827578,0,
2074,0,0,1,0,0.953814,4.247387,15.483017,0.953814,6.587147,0,
2075,0,0,1,0,1.142311,2.552544,15.670353,1.142311,2.820466,0,
2076,0,0,1,0,0.912153,3.736206,15.435041,0.912153,5.648106,0,
2077,0,0,1,0,4.647814,6.531238,19.157953,4.647814,3.766849,0,
2078,0,0,1,0,0.125659,5.439979,14.252095,0.125659,10.628640,0,
2079,0,0,1,0,3.488246,7.005521,17.871112,3.488246,7.034549,0,
2080,0,0,1,0,1.305821,8.760199,15.564876,1.305821,14.908758,0,
2081,0,0,1,0,3.854161,9.631835,18.045676,3.854161,11.555348,0,
2082,0,0,1,0,4.844327,12.650441,18.908405,4.844327,15.612228,0,
2083,0,0,1,0,0.142197,9.753616,13.992287,0.142197,19.222839,0,
2084,0,0,1,0,0.855609,11.875081,14.521902,0.855609,22.038944,0,
2085,0,0,1,0,4.572696,13.777559,18.122313,4.572696,18.409726,0,
2086,0,0,1,0,0.654340,13.434863,13.941372,0.654340,25.561046,0,
2087,0,0,1,0,3.312509,15.936768,9.705273,3.312509,25.248519,0,
2088,0,0,1,0,3.455906,18.725822,9.306107,3.455906,30.539833,0,
2089,0,0,1,0,3.545673,21.561098,16.067315,3.545673,36.030850,0,
2090,0,0,1,0,0.583476,16.913615,11.609712,0.583476,32.660279,0,
2091,0,0,1,0,5.669582,24.235087,17.596949,5.669582,37.131010,0,
2092,0,0,1,0,6.001472,31.557665,17.477211,6.001472,51.112386,0,
2093,0,0,1,0,0.723361,24.558114,11.766525,0.723361,47.669506,0,
2094,0,0,1,0,3.831384,30.858497,14.419156,3.831384,54.054224,0,
2095,0,0,1,0,0.250231,27.101515,9.845483,0.250231,53.702569,0,
2096,0,0,1,0,10.619792,37.396073,20.159053,10.619792,53.552560,0,
2097,0,0,1,0,2.595094,39.838683,11.583016,2.595094,74.487177,0,
2098,0,0,1,0,2.146446,29.153512,6.377342,2.146446,54.014131,0,
2099,0,0,1,0,4.779102,27.140225,12.927699,4.779102,44.722246,0,
2100,0,0,1,0,4.636788,6.059914,12.796297,4.636788,2.846252,0,
2101,0,0,1,0,4.494397,5.917798,12.664582,4.494397,2.846802,0,
2102,0,0,1,0,4.380613,7.822500,12.614319,4.380613,6.883773,0,
2103,0,0,1,0,4.240843,5.664671,12.484680,4.240843,2.847656,0,
2104,0,0,1,0,4.114367,7.255644,12.311997,4.114367,6.282554,0,
2105,0,0,1,0,3.288874,9.490484,4.852619,3.288874,12.403220,0,
2106,0,0,1,0,0.272975,6.443060,8.319405,0.272975,12.340170,0,
2107,0,0,1,0,0.040613,6.998369,7.974559,0.040613,13.915511,0,
2108,0,0,1,0,3.650396,9.573399,11.485032,3.650396,11.846007,0,
2109,0,0,1,0,3.873601,14.733949,11.519186,3.873601,21.720696,0,
2110,0,0,1,0,3.200027,18.671020,10.615392,3.200027,30.941986,0,
2111,0,0,1,0,10.855676,25.744066,17.971769,10.855676,29.776780,0,
2113,0,0,1,0,2.740947,2.740947,6.175247,2.740947,0.000000,0,src:0->sink:1|f1:107.6536|f2:107.6536
2113,0,1,0,0,107.653558,107.653558,93.955041,107.653558,0.000000,0,src:0->sink:0|f1:2.7409|f2:2.7409
2114,0,0,1,0,4.854068,48.247083,14.589352,4.854068,86.786030,0,
2116,0,0,1,0,2.185487,2.185487,9.421322,2.185487,0.000000,0,
2117,0,0,1,0,5.223787,41.134549,17.592224,5.223787,71.821523,0,
2118,0,0,1,0,5.952694,34.783798,18.819341,5.952694,57.662208,0,
2119,0,0,1,0,3.975988,31.225570,17.263820,3.975988,54.499163,0,
2120,0,0,1,0,3.383007,19.212806,16.900373,3.383007,31.659599,0,
2121,0,0,1,0,1.051469,16.846661,14.763821,1.051469,31.590383,0,
2122,0,0,1,0,1.231134,15.816400,15.186043,1.231134,29.170531,0,
2123,0,0,1,0,1.826331,16.126676,16.033645,1.826331,28.600690,0,
2124,0,0,1,0,3.737024,14.863708,10.448744,3.737024,22.253368,0,
2125,0,0,1,0,0.738284,6.770885,15.156651,0.738284,12.065201,0,
2126,0,0,1,0,0.105549,7.452635,14.396779,0.105549,14.694173,0,
2127,0,0,1,0,2.699757,11.876936,11.857137,2.699757,18.354360,0,
2128,0,0,1,0,1.883674,13.236266,12.845833,1.883674,22.705183,0,
2129,0,0,1,0,5.025305,26.926536,9.896993,5.025305,43.802462,0,
2130,0,0,1,0,8.899341,18.488889,6.177997,8.899341,19.179096,0,
2131,0,0,1,0,4.259456,18.839959,10.949494,4.259456,29.161005,0,
2132,0,0,1,0,0.667571,17.904853,16.327291,0.667571,34.474562,0,
2133,0,0,1,0,3.409601,14.060744,12.149707,3.409601,21.302286,0,
2134,0,0,1,0,1.750513,14.095585,17.700829,1.750513,24.690144,0,
2135,0,0,1,0,5.471662,12.031997,21.670915,5.471662,13.120671,0,
2150,0,0,1,0,10.612166,10.612166,26.827479,10.612166,0.000000,0,
2151,0,0,1,0,3.180223,13.966177,18.667210,3.180223,21.571908,0,
2152,0,0,1,0,1.163050,18.123923,16.256176,1.163050,33.921744,0,
2153,0,0,1,0,0.830860,26.666286,15.571129,0.830860,51.670852,0,
2154,0,0,1,0,1.572665,26.717052,16.069870,1.572665,50.288775,0,
2155,0,0,1,0,0.434641,29.457249,14.479187,0.434641,58.045215,0,
2156,0,0,1,0,3.974316,34.225428,17.966914,3.974316,60.502224,0,
2157,0,0,1,0,2.213961,37.823652,15.635739,2.213961,71.219381,0,
2158,0,0,1,0,3.501143,43.772348,16.560794,3.501143,80.542410,0,
2159,0,0,1,0,0.671769,35.659597,13.101545,0.671769,69.975658,0,
2160,0,0,1,0,2.579068,55.373675,14.557501,2.579068,105.589214,0,
2161,0,0,1,0,4.097686,28.586647,7.105163,4.097686,48.977922,0,
2163,0,0,1,0,23.651789,23.651789,36.728556,23.651789,0.000000,0,
2164,0,0,1,0,4.097136,56.090491,7.815061,4.097136,103.986710,0,
2165,0,0,1,0,6.506142,54.123470,19.788947,6.506142,95.234657,0,
2166,0,0,1,0,3.913544,49.389580,17.538625,3.913544,90.952073,0,
2167,0,0,0,0,1219.781638,1352.123771,278.283041,1219.781638,264.684267,0,src:0->sink:1|f1:7.9656|f2:38.3736;src:1->sink:0|f1:19.1078|f2:235.6988
2167,0,1,1,0,7.965552,38.373561,22.278729,7.965552,60.816017,0,src:0->sink:0|f1:1219.7816|f2:1352.1238;src:1->sink:1|f1:319.4835|f2:434.1404
2167,1,0,1,0,19.107763,235.698792,31.131233,19.107763,433.182058,0,src:1->sink:1|f1:319.4835|f2:434.1404;src:0->sink:0|f1:1219.7816|f2:1352.1238
2167,1,1,0,0,319.483502,434.140405,224.155908,319.483502,229.313807,0,src:1->sink:0|f1:19.1078|f2:235.6988;src:0->sink:1|f1:7.9656|f2:38.3736
2168,0,0,1,0,1.232307,31.105097,15.360558,1.232307,59.745580,0,
2169,0,0,1,0,1.199479,26.146839,15.627573,1.199479,49.894720,0,
2170,0,0,1,0,1.074047,27.007862,15.819446,1.074047,51.867630,0,
2171,0,0,1,0,1.110681,24.009092,13.734166,1.110681,45.796822,0,
2172,0,0,1,0,3.696014,19.190186,19.149856,3.696014,30.988342,0,
2173,0,0,1,0,2.953587,18.148114,18.535714,2.953587,30.389053,0,
2174,0,0,1,0,5.413041,15.198616,21.305479,5.413041,19.571150,0,
2175,0,0,1,0,9.253942,16.293905,25.452478,9.253942,14.079924,0,
2181,0,0,1,0,5.358993,5.358993,21.483614,5.358993,0.000000,0,
2182,0,0,1,0,4.766175,12.117276,20.821796,4.766175,14.702202,0,
2183,0,0,1,0,0.994624,9.944750,16.812460,0.994624,17.900253,0,
2184,0,0,1,0,2.657683,8.935153,12.866584,2.657683,12.554940,0,
2185,0,0,1,0,4.131641,13.357214,11.235153,4.131641,18.451147,0,
2186,0,0,1,0,0.046550,12.065962,15.561975,0.046550,24.038825,0,
2187,0,0,1,0,0.441527,11.898570,14.902859,0.441527,22.914087,0,
2188,0,0,1,0,2.171544,14.566384,12.936870,2.171544,24.789680,0,
2189,0,0,1,0,3.184993,14.386497,11.740659,3.184993,22.403007,0,
2190,0,0,1,0,4.276512,15.997192,19.411827,4.276512,23.441360,0,
2191,0,0,1,0,3.426840,15.169592,11.206904,3.426840,23.485503,0,
2192,0,0,1,0,1.531092,14.659558,12.998447,1.531092,26.256933,0,
2193,0,0,1,0,1.895613,12.918289,12.464593,1.895613,22.045353,0,
2194,0,0,1,0,0.925466,18.005010,15.167919,0.925466,34.159088,0,
2195,0,0,1,0,0.761492,11.664370,14.831608,0.761492,21.805755,0,
2196,0,0,1,0,0.158315,10.936147,14.043864,0.158315,21.555663,0,
2197,0,0,1,0,0.698567,15.147760,12.933821,0.698567,28.898387,0,
2198,0,0,1,0,4.371515,14.754850,9.019701,4.371515,20.766671,0,
2199,0,0,1,0,4.717361,11.599799,8.560889,4.717361,13.764875,0,
2200,0,0,1,0,1.437737,9.640509,14.762492,1.437737,16.405545,0,
2201,0,0,1,0,2.250392,9.030680,10.869762,2.250392,13.560575,0,
2202,0,0,1,0,4.107921,13.430939,17.286359,4.107921,18.646036,0,
2203,0,0,1,0,1.042937,7.460166,11.907611,1.042937,12.834457,0,
2204,0,0,1,0,3.162960,12.850494,16.102600,3.162960,19.375069,0,
2205,0,0,1,0,2.032595,12.786922,14.775935,2.032595,21.508653,0,
2206,0,0,1,0,2.912586,15.918258,9.480425,2.912586,26.011344,0,
2207,0,0,1,0,4.479369,16.462456,7.704172,4.479369,23.966175,0,
2208,0,0,1,0,1.899771,1.899771,14.104803,1.899771,0.000000,0,
2209,0,0,1,0,1.781805,15.076790,10.102574,1.781805,26.589969,0,
2210,0,0,1,0,0.021912,6.441557,11.840720,0.021912,12.839290,0,
2211,0,0,1,0,0.318448,4.099225,11.474588,0.318448,7.561554,0,
2212,0,0,1,0,0.399823,3.986402,12.163995,0.399823,7.173157,0,
2213,0,0,1,0,3.120468,4.526618,14.938950,3.120468,2.812299,0,
2214,0,0,1,0,1.043826,6.983158,10.562280,1.043826,11.878663,0,
2215,0,0,1,0,2.142645,4.496449,13.819485,2.142645,4.707608,0,
2216,0,0,1,0,5.449387,13.233696,5.945957,5.449387,15.568618,0,
2217,0,0,1,0,4.995540,6.406893,6.390699,4.995540,2.822706,0,
2224,0,0,1,0,1.599702,1.599702,13.395167,1.599702,0.000000,0,
2232,0,0,1,0,0.059817,0.059817,11.813509,0.059817,0.000000,0,
2233,0,0,1,0,2.651712,4.057999,9.038295,2.651712,2.812574,0,
2234,0,0,1,0,2.595236,4.019495,9.093865,2.595236,2.848519,0,
2235,0,0,1,0,2.595236,2.595236,9.093865,2.595236,0.000000,0,
2236,0,0,0,0,100.459383,553.899792,88.245637,100.459383,906.880818,0,src:0->sink:1|f1:3.4698|f2:6.2908
2236,0,1,1,0,3.469751,6.290839,8.211068,3.469751,5.642177,0,src:0->sink:0|f1:100.4594|f2:553.8998
2239,0,0,1,0,114.544596,114.544596,102.449329,114.544596,0.000000,0,
2240,0,0,0,0,121.852680,142.749698,109.683212,121.852680,41.794036,0,src:0->sink:1|f1:0.6909|f2:402.3072;src:0->sink:2|f1:135.0051|f2:298.5833
2240,0,1,1,0,0.690893,402.307171,11.041873,0.690893,803.232556,0,src:0->sink:0|f1:121.8527|f2:142.7497;src:0->sink:2|f1:135.0051|f2:298.5833
2240,0,2,0,0,135.005066,298.583319,121.277731,135.005066,327.156506,0,src:0->sink:0|f1:121.8527|f2:142.7497;src:0->sink:1|f1:0.6909|f2:402.3072
2241,0,0,1,0,0.690893,0.690893,11.041873,0.690893,0.000000,0,src:0->sink:1|f1:125.3571|f2:491.7533;src:1->sink:0|f1:145.9126|f2:428.6396
2241,0,1,0,0,125.357135,491.753257,113.127275,125.357135,732.792243,0,src:0->sink:0|f1:0.6909|f2:0.6909;src:1->sink:1|f1:4.4830|f2:653.6061
2241,1,0,0,0,145.912589,428.639559,149.138155,145.912589,565.453940,0,src:1->sink:1|f1:4.4830|f2:653.6061;src:0->sink:0|f1:0.6909|f2:0.6909
2241,1,1,1,0,4.483024,653.606116,19.353219,4.483024,1298.246184,0,src:1->sink:0|f1:145.9126|f2:428.6396;src:0->sink:1|f1:125.3571|f2:491.7533
2242,0,0,0,0,128.308571,423.770603,116.000383,128.308571,590.924065,0,src:0->sink:1|f1:0.6909|f2:0.6909;src:0->sink:2|f1:131.7921|f2:372.2371;src:1->sink:0|f1:1.8626|f2:17.5302
2242,0,1,1,0,0.690893,0.690893,11.041873,0.690893,0.000000,0,src:0->sink:0|f1:128.3086|f2:423.7706;src:0->sink:2|f1:131.7921|f2:372.2371;src:1->sink:1|f1:146.1408|f2:426.0375
2242,0,2,0,0,131.792055,372.237060,118.213019,131.792055,480.890008,0,src:0->sink:0|f1:128.3086|f2:423.7706;src:0->sink:1|f1:0.6909|f2:0.6909;src:1->sink:2|f1:1.5749|f2:134.0334
2242,1,0,1,1,1.862646,17.530244,16.879284,1.862646,31.335196,1,src:1->sink:1|f1:146.1408|f2:426.0375;src:1->sink:2|f1:1.5749|f2:134.0334;src:0->sink:0|f1:128.3086|f2:423.7706
2242,1,1,0,0,146.140820,426.037528,149.348570,146.140820,559.793417,0,src:1->sink:0|f1:1.8626|f2:17.5302;src:1->sink:2|f1:1.5749|f2:134.0334;src:0->sink:1|f1:0.6909|f2:0.6909
2242,1,2,0,0,1.574938,134.033407,16.487909,1.574938,264.916939,0,src:1->sink:0|f1:1.8626|f2:17.5302;src:1->sink:1|f1:146.1408|f2:426.0375;src:0->sink:2|f1:131.7921|f2:372.2371
2243,0,0,0,0,128.746575,422.947960,116.396773,128.746575,588.402769,0,src:0->sink:1|f1:132.7771|f2:370.6171;src:0->sink:2|f1:0.6909|f2:0.6909;src:1->sink:0|f1:1.8043|f2:17.5731
2243,0,1,0,0,132.777061,370.617066,119.066416,132.777061,475.680010,0,src:0->sink:0|f1:128.7466|f2:422.9480;src:0->sink:2|f1:0.6909|f2:0.6909;src:1->sink:1|f1:0.8354|f2:121.9831
2243,0,2,1,0,0.690893,0.690893,11.041873,0.690893,0.000000,0,src:0->sink:0|f1:128.7466|f2:422.9480;src:0->sink:1|f1:132.7771|f2:370.6171;src:1->sink:2|f1:146.2582|f2:424.7429
2243,1,0,1,1,1.804325,17.573149,16.808608,1.804325,31.537649,1,src:1->sink:1|f1:0.8354|f2:121.9831;src:1->sink:2|f1:146.2582|f2:424.7429;src:0->sink:0|f1:128.7466|f2:422.9480
2243,1,1,0,0,0.835390,121.983134,15.782630,0.835390,242.295488,0,src:1->sink:0|f1:1.8043|f2:17.5731;src:1->sink:2|f1:146.2582|f2:424.7429;src:0->sink:1|f1:132.7771|f2:370.6171
2243,1,2,0,0,146.258234,424.742855,149.455353,146.258234,556.969243,0,src:1->sink:0|f1:1.8043|f2:17.5731;src:1->sink:1|f1:0.8354|f2:121.9831;src:0->sink:2|f1:0.6909|f2:0.6909
2244,0,0,0,0,127.557170,419.185819,115.277104,127.557170,583.257297,0,src:0->sink:1|f1:130.0848|f2:367.4304;src:0->sink:2|f1:0.9231|f2:3.2879;src:1->sink:0|f1:0.4023|f2:14.6448
2244,0,1,0,0,130.084799,367.430417,116.613831,130.084799,474.691236,0,src:0->sink:0|f1:127.5572|f2:419.1858;src:0->sink:2|f1:0.9231|f2:3.2879;src:1->sink:1|f1:0.1709|f2:109.6612
2244,0,2,1,0,0.923095,3.287879,10.803135,0.923095,4.729569,0,src:0->sink:0|f1:127.5572|f2:419.1858;src:0->sink:1|f1:130.0848|f2:367.4304;src:1->sink:2|f1:141.8764|f2:419.3192
2244,1,0,1,1,0.402256,14.644817,14.633717,0.402256,28.485121,1,src:1->sink:1|f1:0.1709|f2:109.6612;src:1->sink:2|f1:141.8764|f2:419.3192;src:0->sink:0|f1:127.5572|f2:419.1858
2244,1,1,0,0,0.170867,109.661197,14.744161,0.170867,218.980660,0,src:1->sink:0|f1:0.4023|f2:14.6448;src:1->sink:2|f1:141.8764|f2:419.3192;src:0->sink:1|f1:130.0848|f2:367.4304
2244,1,2,0,0,141.876415,419.319160,145.621764,141.876415,554.885490,0,src:1->sink:0|f1:0.4023|f2:14.6448;src:1->sink:1|f1:0.1709|f2:109.6612;src:0->sink:2|f1:0.9231|f2:3.2879
2245,0,0,0,0,127.786857,417.627211,115.445226,127.786857,579.680708,0,src:0->sink:1|f1:123.7033|f2:358.9243;src:0->sink:2|f1:5.7138|f2:9.0193;src:1->sink:0|f1:6.8739|f2:23.6300
2245,0,1,0,0,123.703336,358.924281,110.565468,123.703336,470.441890,0,src:0->sink:0|f1:127.7869|f2:417.6272;src:0->sink:2|f1:5.7138|f2:9.0193;src:1->sink:1|f1:0.2866|f2:102.6240
2245,0,2,1,0,5.713792,9.019270,17.580542,5.713792,6.610956,0,src:0->sink:0|f1:127.7869|f2:417.6272;src:0->sink:1|f1:123.7033|f2:358.9243;src:1->sink:2|f1:142.3762|f2:417.8047
2245,1,0,0,0,6.873863,23.629956,8.426631,6.873863,33.512187,0,src:1->sink:1|f1:0.2866|f2:102.6240;src:1->sink:2|f1:142.3762|f2:417.8047;src:0->sink:0|f1:127.7869|f2:417.6272
2245,1,1,1,0,0.286616,102.624015,14.545540,0.286616,204.674798,0,src:1->sink:0|f1:6.8739|f2:23.6300;src:1->sink:2|f1:142.3762|f2:417.8047;src:0->sink:1|f1:123.7033|f2:358.9243
2245,1,2,0,0,142.376216,417.804730,145.952305,142.376216,550.857027,0,src:1->sink:0|f1:6.8739|f2:23.6300;src:1->sink:1|f1:0.2866|f2:102.6240;src:0->sink:2|f1:5.7138|f2:9.0193
2246,0,0,0,0,117.204429,346.259298,104.339159,117.204429,458.109738,0,src:0->sink:1|f1:126.7850|f2:434.2211;src:0->sink:2|f1:1.5976|f2:3.9371;src:1->sink:0|f1:2.9006|f2:12.2195
2246,0,1,0,0,126.784973,434.221121,114.414296,126.784973,614.872295,0,src:0->sink:0|f1:117.2044|f2:346.2593;src:0->sink:2|f1:1.5976|f2:3.9371;src:1->sink:1|f1:9.0297|f2:87.2004
2246,0,2,1,0,1.597613,3.937109,13.439008,1.597613,4.678992,0,src:0->sink:0|f1:117.2044|f2:346.2593;src:0->sink:1|f1:126.7850|f2:434.2211;src:1->sink:2|f1:133.6627|f2:372.2782
2246,1,0,1,0,2.900638,12.219507,17.482679,2.900638,18.637736,0,src:1->sink:1|f1:9.0297|f2:87.2004;src:1->sink:2|f1:133.6627|f2:372.2782;src:0->sink:0|f1:117.2044|f2:346.2593
2246,1,1,0,0,9.029678,87.200368,6.289078,9.029678,156.341380,0,src:1->sink:0|f1:2.9006|f2:12.2195;src:1->sink:2|f1:133.6627|f2:372.2782;src:0->sink:1|f1:126.7850|f2:434.2211
2246,1,2,0,0,133.662726,372.278179,138.381230,133.662726,477.230905,0,src:1->sink:0|f1:2.9006|f2:12.2195;src:1->sink:1|f1:9.0297|f2:87.2004;src:0->sink:2|f1:1.5976|f2:3.9371
2247,0,0,0,0,118.345959,345.857973,105.435810,118.345959,455.024027,0,src:0->sink:1|f1:125.0329|f2:425.9617;src:0->sink:2|f1:1.6525|f2:3.0771;src:1->sink:0|f1:4.4715|f2:91.6184
2247,0,1,0,0,125.032892,425.961693,112.742486,125.032892,601.857603,0,src:0->sink:0|f1:118.3460|f2:345.8580;src:0->sink:2|f1:1.6525|f2:3.0771;src:1->sink:1|f1:4.6873|f2:159.0554
2247,0,2,1,0,1.652498,3.077093,13.497274,1.652498,2.849189,0,src:0->sink:0|f1:118.3460|f2:345.8580;src:0->sink:1|f1:125.0329|f2:425.9617;src:1->sink:2|f1:138.0324|f2:450.9440
2247,1,0,1,0,4.471475,91.618387,19.163692,4.471475,174.293825,1,src:1->sink:1|f1:4.6873|f2:159.0554;src:1->sink:2|f1:138.0324|f2:450.9440;src:0->sink:0|f1:118.3460|f2:345.8580
2247,1,1,0,0,4.687309,159.055351,10.782901,4.687309,308.736084,0,src:1->sink:0|f1:4.4715|f2:91.6184;src:1->sink:2|f1:138.0324|f2:450.9440;src:0->sink:1|f1:125.0329|f2:425.9617
2247,1,2,0,0,138.032447,450.944010,141.232770,138.032447,625.823126,0,src:1->sink:0|f1:4.4715|f2:91.6184;src:1->sink:1|f1:4.6873|f2:159.0554;src:0->sink:2|f1:1.6525|f2:3.0771
2248,0,0,0,0,128.413805,418.309704,115.914033,128.413805,579.791799,0,src:1->sink:0|f1:4.3598|f2:76.6077
2248,1,0,1,0,4.359775,76.607673,11.040708,4.359775,144.495796,0,src:0->sink:0|f1:128.4138|f2:418.3097
2249,0,0,0,0,120.601639,476.732608,108.293596,120.601639,712.261939,0,src:1->sink:0|f1:5.6814|f2:36.1635
2249,1,0,1,0,5.681352,36.163451,9.584179,5.681352,60.964198,0,src:0->sink:0|f1:120.6016|f2:476.7326
2250,0,0,0,0,114.944350,449.613018,102.778672,114.944350,669.337336,0,src:1->sink:0|f1:1.2647|f2:18.7277
2250,1,0,1,0,1.264737,18.727702,15.955996,1.264737,34.925932,0,src:0->sink:0|f1:114.9443|f2:449.6130
2251,0,0,1,0,3.394774,24.077190,17.844734,3.394774,41.364831,0,src:1->sink:0|f1:107.0140|f2:434.3255
2251,1,0,0,0,107.013982,434.325526,95.023725,107.013982,654.623088,0,src:0->sink:0|f1:3.3948|f2:24.0772
2252,0,0,1,0,2.367835,19.561716,12.262382,2.367835,34.387761,0,src:1->sink:0|f1:106.1885|f2:419.6925
2252,1,0,0,0,106.188524,419.692515,94.172499,106.188524,627.007983,0,src:0->sink:0|f1:2.3678|f2:19.5617
2253,0,0,1,0,1.130612,21.588424,15.467143,1.130612,40.915625,0,src:1->sink:0|f1:100.9877|f2:406.5007
2253,1,0,0,0,100.987718,406.500677,89.069004,100.987718,611.025918,0,src:0->sink:0|f1:1.1306|f2:21.5884
2254,0,0,1,0,3.376423,18.190152,17.493369,3.376423,29.627458,0,src:1->sink:0|f1:95.8072|f2:388.0733
2254,1,0,0,0,95.807153,388.073261,84.041344,95.807153,584.532217,0,src:0->sink:0|f1:3.3764|f2:18.1902
2255,0,0,1,0,0.630894,20.332669,13.472125,0.630894,39.403551,0,src:1->sink:0|f1:90.6935|f2:377.1216
2255,1,0,0,0,90.693514,377.121622,79.008157,90.693514,572.856214,0,src:0->sink:0|f1:0.6309|f2:20.3327
2256,0,0,1,0,2.238081,501.753061,9.496404,2.238081,999.029961,0,src:0->sink:1|f1:84.7900|f2:357.8329
2256,0,1,0,0,84.789951,357.832905,73.279113,84.789951,546.085907,0,src:0->sink:0|f1:2.2381|f2:501.7531
2257,0,0,1,0,2.238081,2.238081,9.496404,2.238081,0.000000,0,
2258,0,0,1,0,1.421337,4.268163,13.320468,1.421337,5.693651,0,
2259,0,0,1,0,1.421337,1.421337,13.320468,1.421337,0.000000,0,
2260,0,0,1,0,1.421337,1.421337,13.320468,1.421337,0.000000,0,
2261,0,0,1,0,1.480014,2.904852,13.382466,1.480014,2.849677,0,src:0->sink:1|f1:109.9738|f2:343.2543;src:0->sink:2|f1:103.8987|f2:342.6028
2261,0,1,0,0,109.973788,343.254283,97.730553,109.973788,466.560990,0,src:0->sink:0|f1:1.4800|f2:2.9049;src:0->sink:2|f1:103.8987|f2:342.6028
2261,0,2,0,0,103.898715,342.602807,91.961842,103.898715,477.408184,0,src:0->sink:0|f1:1.4800|f2:2.9049;src:0->sink:1|f1:109.9738|f2:343.2543
2262,0,0,0,0,114.172476,354.820520,101.866394,114.172476,481.296089,0,src:0->sink:1|f1:1.4800|f2:1.4800
2262,0,1,1,0,1.480014,1.480014,13.382466,1.480014,0.000000,0,src:0->sink:0|f1:114.1725|f2:354.8205
2263,0,0,0,0,122.204779,373.872023,109.752242,122.204779,503.334488,0,src:0->sink:1|f1:1.1120|f2:3.9469;src:1->sink:0|f1:4.8604|f2:548.9752
2263,0,1,1,0,1.112000,3.946910,13.004228,1.112000,5.669818,0,src:0->sink:0|f1:122.2048|f2:373.8720;src:1->sink:1|f1:141.8731|f2:437.1556
2263,1,0,1,0,4.860431,548.975191,19.660652,4.860431,1088.229520,0,src:1->sink:1|f1:141.8731|f2:437.1556;src:0->sink:0|f1:122.2048|f2:373.8720
2263,1,1,0,0,141.873130,437.155555,146.068016,141.873130,590.564850,0,src:1->sink:0|f1:4.8604|f2:548.9752;src:0->sink:1|f1:1.1120|f2:3.9469
2264,0,0,1,0,2.125735,19.735105,13.174266,2.125735,35.218739,0,src:0->sink:1|f1:12.2807|f2:157.2127;src:0->sink:2|f1:145.3995|f2:405.6190;src:0->sink:3|f1:89.9369|f2:342.6944;src:1->sink:0|f1:131.9333|f2:391.9984;src:2->sink:0|f1:10.5634|f2:190.6625
2264,0,1,0,0,12.280682,157.212724,3.332558,12.280682,289.864084,0,src:0->sink:0|f1:2.1257|f2:19.7351;src:0->sink:2|f1:145.3995|f2:405.6190;src:0->sink:3|f1:89.9369|f2:342.6944;src:1->sink:1|f1:159.1014|f2:289.0374;src:2->sink:1|f1:1.0669|f2:267.1646
2264,0,2,0,0,145.399475,405.618982,149.159826,145.399475,520.439014,0,src:0->sink:0|f1:2.1257|f2:19.7351;src:0->sink:1|f1:12.2807|f2:157.2127;src:0->sink:3|f1:89.9369|f2:342.6944;src:1->sink:2|f1:1.1120|f2:1.1120;src:2->sink:2|f1:180.2282|f2:316.3899
2264,0,3,0,0,89.936922,342.694399,99.643161,89.936922,505.514953,0,src:0->sink:0|f1:2.1257|f2:19.7351;src:0->sink:1|f1:12.2807|f2:157.2127;src:0->sink:2|f1:145.3995|f2:405.6190;src:1->sink:3|f1:76.1807|f2:101.0585;src:2->sink:3|f1:107.9700|f2:269.0095
2264,1,0,0,0,131.933285,391.998405,119.129492,131.933285,520.130239,0,src:1->sink:1|f1:159.1014|f2:289.0374;src:1->sink:2|f1:1.1120|f2:1.1120;src:1->sink:3|f1:76.1807|f2:101.0585;src:0->sink:0|f1:2.1257|f2:19.7351;src:2->sink:0|f1:10.5634|f2:190.6625
2264,1,1,0,0,159.101410,289.037446,131.170139,159.101410,259.872072,0,src:1->sink:0|f1:131.9333|f2:391.9984;src:1->sink:2|f1:1.1120|f2:1.1120;src:1->sink:3|f1:76.1807|f2:101.0585;src:0->sink:1|f1:12.2807|f2:157.2127;src:2->sink:1|f1:1.0669|f2:267.1646
2264,1,2,1,0,1.112000,1.112000,13.004228,1.112000,0.000000,0,src:1->sink:0|f1:131.9333|f2:391.9984;src:1->sink:1|f1:159.1014|f2:289.0374;src:1->sink:3|f1:76.1807|f2:101.0585;src:0->sink:2|f1:145.3995|f2:405.6190;src:2->sink:2|f1:180.2282|f2:316.3899
2264,1,3,0,0,76.180714,101.058465,36.473662,76.180714,49.755502,0,src:1->sink:0|f1:131.9333|f2:391.9984;src:1->sink:1|f1:159.1014|f2:289.0374;src:1->sink:2|f1:1.1120|f2:1.1120;src:0->sink:3|f1:89.9369|f2:342.6944;src:2->sink:3|f1:107.9700|f2:269.0095
2264,2,0,0,0,10.563441,190.662457,25.305575,10.563441,360.198033,0,src:2->sink:1|f1:1.0669|f2:267.1646;src:2->sink:2|f1:180.2282|f2:316.3899;src:2->sink:3|f1:107.9700|f2:269.0095;src:0->sink:0|f1:2.1257|f2:19.7351;src:1->sink:0|f1:131.9333|f2:391.9984
2264,2,1,1,0,1.066851,267.164587,15.665524,1.066851,532.195472,0,src:2->sink:0|f1:10.5634|f2:190.6625;src:2->sink:2|f1:180.2282|f2:316.3899;src:2->sink:3|f1:107.9700|f2:269.0095;src:0->sink:1|f1:12.2807|f2:157.2127;src:1->sink:1|f1:159.1014|f2:289.0374
2264,2,2,0,0,180.228179,316.389880,161.643922,180.228179,272.323400,0,src:2->sink:0|f1:10.5634|f2:190.6625;src:2->sink:1|f1:1.0669|f2:267.1646;src:2->sink:3|f1:107.9700|f2:269.0095;src:0->sink:2|f1:145.3995|f2:405.6190;src:1->sink:2|f1:1.1120|f2:1.1120
2264,2,3,0,0,107.970006,269.009457,112.123847,107.970006,322.078903,0,src:2->sink:0|f1:10.5634|f2:190.6625;src:2->sink:1|f1:1.0669|f2:267.1646;src:2->sink:2|f1:180.2282|f2:316.3899;src:0->sink:3|f1:89.9369|f2:342.6944;src:1->sink:3|f1:76.1807|f2:101.0585
2265,0,0,0,0,143.861554,415.787376,130.607365,143.861554,543.851643,0,src:0->sink:1|f1:160.1310|f2:289.0328;src:0->sink:2|f1:1.1120|f2:1.1120
2265,0,1,0,0,160.131017,289.032776,131.616035,160.131017,257.803518,0,src:0->sink:0|f1:143.8616|f2:415.7874;src:0->sink:2|f1:1.1120|f2:1.1120
2265,0,2,1,0,1.112000,1.112000,13.004228,1.112000,0.000000,0,src:0->sink:0|f1:143.8616|f2:415.7874;src:0->sink:1|f1:160.1310|f2:289.0328
2266,0,0,0,0,156.909036,438.176111,143.027423,156.909036,562.534149,0,src:0->sink:1|f1:2.9138|f2:5.2532;src:1->sink:0|f1:5.6024|f2:618.8477
2266,0,1,1,0,2.913765,5.253236,8.863010,2.913765,4.678943,0,src:0->sink:0|f1:156.9090|f2:438.1761;src:1->sink:1|f1:165.7356|f2:500.0533
2266,1,0,1,0,5.602402,618.847720,10.548040,5.602402,1226.490637,0,src:1->sink:1|f1:165.7356|f2:500.0533;src:0->sink:0|f1:156.9090|f2:438.1761
2266,1,1,0,0,165.735633,500.053349,167.270573,165.735633,668.635431,0,src:1->sink:0|f1:5.6024|f2:618.8477;src:0->sink:1|f1:2.9138|f2:5.2532
2267,0,0,1,0,3.345938,25.470889,12.945806,3.345938,44.249902,0,src:0->sink:1|f1:177.2176|f2:470.2521;src:1->sink:0|f1:164.7929|f2:458.6489
2267,0,1,0,0,177.217614,470.252147,177.434836,177.217614,586.069067,0,src:0->sink:0|f1:3.3459|f2:25.4709;src:1->sink:1|f1:3.3511|f2:4.7609
2267,1,0,0,0,164.792914,458.648877,150.666958,164.792914,587.711925,0,src:1->sink:1|f1:3.3511|f2:4.7609;src:0->sink:0|f1:3.3459|f2:25.4709
2267,1,1,1,0,3.351100,4.760941,8.422739,3.351100,2.819684,0,src:1->sink:0|f1:164.7929|f2:458.6489;src:0->sink:1|f1:177.2176|f2:470.2521
2268,0,0,1,0,1.173916,27.763373,17.365879,1.173916,53.178914,0,src:0->sink:1|f1:188.2701|f2:499.3433;src:1->sink:0|f1:160.9995|f2:469.6686
2268,0,1,0,0,188.270098,499.343343,186.844941,188.270098,622.146489,0,src:0->sink:0|f1:1.1739|f2:27.7634;src:1->sink:1|f1:4.3118|f2:8.5720
2268,1,0,0,0,160.999484,469.668634,147.486654,160.999484,617.338300,0,src:1->sink:1|f1:4.3118|f2:8.5720;src:0->sink:0|f1:1.1739|f2:27.7634
2268,1,1,1,0,4.311832,8.571979,16.320170,4.311832,8.520295,0,src:1->sink:0|f1:160.9995|f2:469.6686;src:0->sink:1|f1:188.2701|f2:499.3433
2269,0,0,1,0,1.582929,23.592700,18.020557,1.582929,44.019541,0,src:0->sink:1|f1:195.0690|f2:513.1700;src:1->sink:0|f1:169.8499|f2:486.9810
2269,0,1,0,0,195.069043,513.170010,192.816619,195.069043,636.201933,0,src:0->sink:0|f1:1.5829|f2:23.5927;src:1->sink:1|f1:0.6804|f2:2.5558
2269,1,0,0,0,169.849932,486.981032,156.001982,169.849932,634.262200,0,src:1->sink:1|f1:0.6804|f2:2.5558;src:0->sink:0|f1:1.5829|f2:23.5927
2269,1,1,1,0,0.680438,2.555751,12.618903,0.680438,3.750627,0,src:1->sink:0|f1:169.8499|f2:486.9810;src:0->sink:1|f1:195.0690|f2:513.1700
2270,0,0,0,0,180.122757,502.545520,165.737111,180.122757,644.845526,0,src:0->sink:1|f1:0.2557|f2:1.6655;src:1->sink:0|f1:1.5771|f2:25.1951
2270,0,1,1,0,0.255687,1.665452,12.179223,0.255687,2.819531,0,src:0->sink:0|f1:180.1228|f2:502.5455;src:1->sink:1|f1:206.7775|f2:541.0814
2270,1,0,1,0,1.577125,25.195073,18.325754,1.577125,47.235895,0,src:1->sink:1|f1:206.7775|f2:541.0814;src:0->sink:0|f1:180.1228|f2:502.5455
2270,1,1,0,0,206.777519,541.081358,202.912249,206.777519,668.607678,0,src:1->sink:0|f1:1.5771|f2:25.1951;src:0->sink:1|f1:0.2557|f2:1.6655
2271,0,0,0,0,181.593728,516.313000,167.303551,181.593728,669.438544,0,src:0->sink:1|f1:0.3194|f2:4.5655
2271,0,1,1,0,0.319357,4.565488,12.185762,0.319357,8.492262,0,src:0->sink:0|f1:181.5937|f2:516.3130
2272,0,0,0,0,182.565873,321.645831,163.873912,182.565873,278.159916,0,src:1->sink:0|f1:4.0251|f2:11.0984
2272,1,0,1,0,4.025073,11.098414,16.093934,4.025073,14.146682,0,src:0->sink:0|f1:182.5659|f2:321.6458
2273,0,0,1,0,183.171726,319.371934,163.885474,183.171726,272.400416,0,
2274,0,0,1,0,177.281993,179.157367,160.179154,177.281993,3.750749,0,src:0->sink:1|f1:186.5659|f2:188.2622
2274,0,1,0,0,186.565942,188.262163,166.387727,186.565942,3.392443,0,src:0->sink:0|f1:177.2820|f2:179.1574
2288,0,0,1,0,1.199926,1.199926,14.067064,1.199926,0.000000,0,
2289,0,0,1,0,0.337040,9.571725,12.541999,0.337040,18.469369,0,
2290,0,0,1,0,0.029726,7.839171,12.974205,0.029726,15.618890,0,
2291,0,0,1,0,0.798772,8.352299,13.776587,0.798772,15.107055,0,
2292,0,0,1,0,1.645597,11.419853,11.264492,1.645597,19.548511,0,
2293,0,0,1,0,0.444641,11.298847,12.514243,0.444641,21.708412,0,src:0->sink:1|f1:464.9380|f2:525.8344;src:0->sink:2|f1:574.3728|f2:638.0077
2293,0,1,0,0,464.937982,525.834421,110.219320,464.937982,121.792878,0,src:0->sink:0|f1:0.4446|f2:11.2988;src:0->sink:2|f1:574.3728|f2:638.0077
2293,0,2,0,0,574.372808,638.007699,117.132043,574.372808,127.269783,0,src:0->sink:0|f1:0.4446|f2:11.2988;src:0->sink:1|f1:464.9380|f2:525.8344
2294,0,0,1,0,1.253992,10.681977,14.269954,1.253992,18.855970,0,src:0->sink:1|f1:424.4985|f2:486.2219
2294,0,1,0,0,424.498545,486.221890,114.091987,424.498545,123.446691,0,src:0->sink:0|f1:1.2540|f2:10.6820
2295,0,0,1,0,0.889554,8.710176,12.028896,0.889554,15.641246,0,src:0->sink:1|f1:281.2264|f2:347.5255
2295,0,1,0,0,281.226370,347.525461,110.254222,281.226370,132.598182,0,src:0->sink:0|f1:0.8896|f2:8.7102
2296,0,0,1,0,2.494552,11.169916,15.434378,2.494552,17.350727,0,
2297,0,0,1,0,2.720511,15.453389,15.540172,2.720511,25.465757,0,
2298,0,0,1,0,1.217294,13.486098,13.901336,1.217294,24.537608,0,
2299,0,0,1,0,0.009759,15.314726,12.501295,0.009759,30.609934,0,
2300,0,0,1,0,3.093217,18.486818,9.121774,3.093217,30.787201,0,
2301,0,0,1,0,0.701437,12.761412,12.830394,0.701437,24.119949,0,
2302,0,0,1,0,0.764469,25.813787,11.039207,0.764469,50.098636,0,
2303,0,0,1,0,1.243268,17.250528,12.869230,1.243268,32.014520,0,
2304,0,0,1,0,6.026173,6.026173,17.304582,6.026173,0.000000,0,
2305,0,0,1,0,8.184436,28.560553,19.084483,8.184436,40.752233,0,
2306,0,0,1,0,6.235644,30.705007,16.745038,6.235644,48.938727,0,
2307,0,0,1,0,5.529158,28.389151,15.630700,5.529158,45.719986,0,
2308,0,0,1,0,0.871819,28.148274,10.495859,0.871819,54.552911,0,
2309,0,0,1,0,4.140698,34.132455,13.185799,4.140698,59.983513,0,
2310,0,0,1,0,1.992361,26.118152,10.591608,1.992361,48.251581,0,
2311,0,0,1,0,5.582832,36.056620,13.492276,5.582832,60.947576,0,
2312,0,0,1,0,2.239774,20.805062,9.888236,2.239774,37.130576,0,
2313,0,0,1,0,3.037520,12.243003,10.794360,3.037520,18.410966,0,
2314,0,0,1,0,1.256038,9.138589,9.063726,1.256038,15.765103,0,
2315,0,0,1,0,4.087005,14.522199,11.838748,4.087005,20.870389,0,
2316,0,0,1,0,2.291202,10.167893,10.099760,2.291202,15.753383,0,
2317,0,0,1,0,3.207212,13.848966,4.797705,3.207212,21.283508,0,
2318,0,0,1,0,2.264424,12.243410,10.025688,2.264424,19.957972,0,
2319,0,0,1,0,3.408495,7.650198,11.114033,3.408495,8.483405,0,
2320,0,0,1,0,8.894095,20.732637,16.168728,8.894095,23.677085,0,
2321,0,0,0,0,8.034369,19.279860,15.247464,8.034369,22.490983,0,src:0->sink:1|f1:4.6040|f2:12.0727;src:0->sink:2|f1:3.7484|f2:13.5790
2321,0,1,1,1,4.603959,12.072653,11.990919,4.603959,14.937388,1,src:0->sink:0|f1:8.0344|f2:19.2799;src:0->sink:2|f1:3.7484|f2:13.5790
2321,0,2,0,0,3.748449,13.578992,11.176812,3.748449,19.661085,0,src:0->sink:0|f1:8.0344|f2:19.2799;src:0->sink:1|f1:4.6040|f2:12.0727
2322,0,0,1,0,7.444349,26.952500,14.517497,7.444349,39.016303,0,
2323,0,0,1,0,3.145575,13.552029,10.211797,3.145575,20.812908,0,
2324,0,0,1,0,4.436518,14.202166,11.264152,4.436518,19.531296,0,
2325,0,0,1,0,1.724813,20.174230,8.300447,1.724813,36.898834,0,
2326,0,0,1,0,2.034682,19.101502,8.226843,2.034682,34.133639,0,
2327,0,0,1,0,8.667831,26.317542,14.136128,8.667831,35.299422,0,
2328,0,0,1,0,5.066586,18.283763,10.449691,5.066586,26.434354,0,
2329,0,0,1,0,4.468177,24.808869,9.421245,4.468177,40.681384,0,
2330,0,0,1,0,1.993828,25.167746,6.569279,1.993828,46.347836,0,
2331,0,0,1,0,3.566477,27.552689,7.503698,3.566477,47.972424,0,
2332,0,0,1,0,1.046177,26.698388,4.545961,1.046177,51.304422,0,src:0->sink:1|f1:584.6391|f2:865.6954
2332,0,1,0,0,584.639106,865.695444,411.456602,584.639106,562.112674,0,src:0->sink:0|f1:1.0462|f2:26.6984
2333,0,0,1,0,2.273448,17.447512,5.357170,2.273448,30.348128,0,
2334,0,0,1,0,3.340568,17.426630,6.227359,3.340568,28.172124,0,src:0->sink:1|f1:748.0284|f2:1014.6881
2334,0,1,0,0,748.028434,1014.688052,448.533778,748.028434,533.319236,0,src:0->sink:0|f1:3.3406|f2:17.4266
2335,0,0,1,0,2.092024,10.094140,4.970520,2.092024,16.004233,0,src:0->sink:1|f1:833.2512|f2:1093.2345
2335,0,1,0,0,833.251197,1093.234460,459.917436,833.251197,519.966526,0,src:0->sink:0|f1:2.0920|f2:10.0941
2336,0,0,1,0,0.245614,16.604412,2.550839,0.245614,32.717597,0,src:0->sink:1|f1:997.0948|f2:1258.5584;src:1->sink:0|f1:2242.8007|f2:2579.0370
2336,0,1,0,0,997.094826,1258.558397,476.454261,997.094826,522.927142,0,src:0->sink:0|f1:0.2456|f2:16.6044;src:1->sink:1|f1:5.0722|f2:586.4133
2336,1,0,0,0,2242.800695,2579.036987,502.596909,2242.800695,672.472584,0,src:1->sink:1|f1:5.0722|f2:586.4133;src:0->sink:0|f1:0.2456|f2:16.6044
2336,1,1,1,0,5.072211,586.413276,19.210065,5.072211,1162.682129,0,src:1->sink:0|f1:2242.8007|f2:2579.0370;src:0->sink:1|f1:997.0948|f2:1258.5584
2337,0,0,1,0,4.023227,16.445008,6.346863,4.023227,24.843562,0,src:0->sink:1|f1:1124.0587|f2:1382.3475;src:1->sink:0|f1:3050.7233|f2:3314.5059
2337,0,1,0,0,1124.058672,1382.347520,485.999714,1124.058672,516.577695,0,src:0->sink:0|f1:4.0232|f2:16.4450;src:1->sink:1|f1:0.8507|f2:22.0650
2337,1,0,0,0,3050.723335,3314.505873,511.202762,3050.723335,527.565075,0,src:1->sink:1|f1:0.8507|f2:22.0650;src:0->sink:0|f1:4.0232|f2:16.4450
2337,1,1,1,0,0.850745,22.065014,15.387973,0.850745,42.428539,0,src:1->sink:0|f1:3050.7233|f2:3314.5059;src:0->sink:1|f1:1124.0587|f2:1382.3475
2338,0,0,1,0,2.914038,19.730387,4.984668,2.914038,33.632698,0,src:0->sink:1|f1:1326.0845|f2:1586.6895;src:1->sink:0|f1:7310.7475|f2:7591.2991
2338,0,1,0,0,1326.084510,1586.689519,497.326299,1326.084510,521.210018,0,src:0->sink:0|f1:2.9140|f2:19.7304;src:1->sink:1|f1:5.9295|f2:41.2678
2338,1,0,0,0,7310.747508,7591.299072,524.922094,7310.747508,561.103127,0,src:1->sink:1|f1:5.9295|f2:41.2678;src:0->sink:0|f1:2.9140|f2:19.7304
2338,1,1,1,0,5.929471,41.267767,20.129788,5.929471,70.676592,0,src:1->sink:0|f1:7310.7475|f2:7591.2991;src:0->sink:1|f1:1326.0845|f2:1586.6895
2339,0,0,1,0,7.750201,21.385640,9.198488,7.750201,27.270879,0,src:0->sink:1|f1:1635.8138|f2:1897.4847
2339,0,1,0,0,1635.813822,1897.484681,507.028450,1635.813822,523.341717,0,src:0->sink:0|f1:7.7502|f2:21.3856
2340,0,0,1,0,3.018977,577.854508,17.491928,3.018977,1149.671061,0,src:0->sink:1|f1:176232.5353|f2:176551.7034;src:1->sink:0|f1:2099.3785|f2:2370.2873
2340,0,1,0,0,176232.535290,176551.703410,543.108539,176232.535290,638.336240,0,src:0->sink:0|f1:3.0190|f2:577.8545;src:1->sink:1|f1:1.8123|f2:17.0537
2340,1,0,0,0,2099.378512,2370.287312,525.163731,2099.378512,541.817601,0,src:1->sink:1|f1:1.8123|f2:17.0537;src:0->sink:0|f1:3.0190|f2:577.8545
2340,1,1,1,0,1.812325,17.053715,0.084997,1.812325,30.482780,0,src:1->sink:0|f1:2099.3785|f2:2370.2873;src:0->sink:1|f1:176232.5353|f2:176551.7034
2341,0,0,0,0,2913.153491,3190.604713,546.048154,2913.153491,554.902443,0,src:1->sink:0|f1:4.2818|f2:27.7026
2341,1,0,1,0,4.281773,27.702584,18.746524,4.281773,46.841622,0,src:0->sink:0|f1:2913.1535|f2:3190.6047
2342,0,0,1,0,1.233986,23.229428,13.525354,1.233986,43.990884,0,src:1->sink:0|f1:4006.9695|f2:4350.5645
2342,1,0,0,0,4006.969476,4350.564517,563.652581,4006.969476,687.190082,0,src:0->sink:0|f1:1.2340|f2:23.2294
2343,0,0,1,0,0.901930,17.509514,15.529198,0.901930,33.215169,0,src:1->sink:0|f1:5272.5818|f2:5618.8312
2343,1,0,0,0,5272.581794,5618.831166,571.593233,5272.581794,692.498743,0,src:0->sink:0|f1:0.9019|f2:17.5095
2344,0,0,1,0,1.587076,23.148175,13.136585,1.587076,43.122197,0,src:0->sink:1|f1:2956.9847|f2:3265.6166;src:0->sink:2|f1:218.8136|f2:356.7619
2344,0,1,0,0,2956.984673,3265.616578,605.551003,2956.984673,617.263809,0,src:0->sink:0|f1:1.5871|f2:23.1482;src:0->sink:2|f1:218.8136|f2:356.7619
2344,0,2,0,0,218.813631,356.761853,174.295960,218.813631,275.896444,0,src:0->sink:0|f1:1.5871|f2:23.1482;src:0->sink:1|f1:2956.9847|f2:3265.6166
2345,0,0,0,0,2413.883308,2725.606651,600.880245,2413.883308,623.446686,0,src:0->sink:1|f1:0.0509|f2:20.7538
2345,0,1,1,0,0.050878,20.753787,14.576296,0.050878,41.405817,0,src:0->sink:0|f1:2413.8833|f2:2725.6067
2346,0,0,0,0,2157.120040,2460.686673,594.731603,2157.120040,607.133266,0,src:0->sink:1|f1:2.2923|f2:14.4771
2346,0,1,1,0,2.292348,14.477102,16.809535,2.292348,24.369508,0,src:0->sink:0|f1:2157.1200|f2:2460.6867
2347,0,0,0,0,1866.974062,2177.090228,590.439689,1866.974062,620.232332,0,src:0->sink:1|f1:2.0459|f2:17.9515
2347,0,1,1,0,2.045857,17.951522,12.548474,2.045857,31.811329,0,src:0->sink:0|f1:1866.9741|f2:2177.0902
2348,0,0,0,0,1734.110179,2041.282736,587.733114,1734.110179,614.345116,0,src:0->sink:1|f1:0.8628|f2:13.0758
2348,0,1,1,0,0.862819,13.075769,15.335205,0.862819,24.425900,0,src:0->sink:0|f1:1734.1102|f2:2041.2827
2349,0,0,0,0,1631.087051,1939.950038,589.093339,1631.087051,617.725974,0,src:0->sink:1|f1:5.7935|f2:21.1533
2349,0,1,1,0,5.793462,21.153303,20.085955,5.793462,30.719681,0,src:0->sink:0|f1:1631.0871|f2:1939.9500
2350,0,0,1,0,2.875235,18.423386,11.532912,2.875235,31.096301,0,src:0->sink:1|f1:1484.1869|f2:1795.2357;src:1->sink:0|f1:5599.3312|f2:5938.9775
2350,0,1,0,0,1484.186869,1795.235680,579.313697,1484.186869,622.097621,0,src:0->sink:0|f1:2.8752|f2:18.4234;src:1->sink:1|f1:6.1677|f2:641.3147
2350,1,0,0,0,5599.331193,5938.977473,568.968999,5599.331193,679.292559,0,src:1->sink:1|f1:6.1677|f2:641.3147;src:0->sink:0|f1:2.8752|f2:18.4234
2350,1,1,1,0,6.167719,641.314658,6.004341,6.167719,1270.293878,0,src:1->sink:0|f1:5599.3312|f2:5938.9775;src:0->sink:1|f1:1484.1869|f2:1795.2357
2351,0,0,0,0,1390.563885,1704.055183,578.498356,1390.563885,626.982596,0,src:0->sink:1|f1:3.2954|f2:16.0360;src:1->sink:0|f1:4.5916|f2:10.8781
2351,0,1,1,0,3.295417,16.036025,11.049896,3.295417,25.481217,0,src:0->sink:0|f1:1390.5639|f2:1704.0552;src:1->sink:1|f1:4557.0837|f2:4866.2042
2351,1,0,1,0,4.591571,10.878122,4.506972,4.591571,12.573104,0,src:1->sink:1|f1:4557.0837|f2:4866.2042;src:0->sink:0|f1:1390.5639|f2:1704.0552
2351,1,1,0,0,4557.083722,4866.204197,570.886063,4557.083722,618.240950,0,src:1->sink:0|f1:4.5916|f2:10.8781;src:0->sink:1|f1:3.2954|f2:16.0360
2352,0,0,1,0,0.404712,13.957014,13.696122,0.404712,27.104604,0,src:0->sink:1|f1:1333.7976|f2:1652.5363
2352,0,1,0,0,1333.797610,1652.536345,575.601325,1333.797610,637.477471,0,src:0->sink:0|f1:0.4047|f2:13.9570
2353,0,0,1,0,0.404712,0.404712,13.696122,0.404712,0.000000,0,
2354,0,0,1,0,0.539470,1.954082,13.566492,0.539470,2.829224,0,
2355,0,0,1,0,0.404712,1.819324,13.696122,0.404712,2.829224,0,
2356,0,0,1,0,3.234905,7.973307,10.876637,3.234905,9.476803,0,
2359,0,0,1,0,4.989037,4.989037,9.141529,4.989037,0.000000,0,
2360,0,0,0,0,1208.662523,1535.146335,591.137061,1208.662523,652.967623,0,src:0->sink:1|f1:5.3329|f2:11.2320;src:1->sink:0|f1:3.9150|f2:681.2041
2360,0,1,1,0,5.332894,11.231978,19.179064,5.332894,11.798167,0,src:0->sink:0|f1:1208.6625|f2:1535.1463;src:1->sink:1|f1:3328.7615|f2:3685.4659
2360,1,0,1,0,3.914997,681.204134,4.230176,3.914997,1354.578274,0,src:1->sink:1|f1:3328.7615|f2:3685.4659;src:0->sink:0|f1:1208.6625|f2:1535.1463
2360,1,1,0,0,3328.761540,3685.465949,586.125487,3328.761540,713.408818,0,src:1->sink:0|f1:3.9150|f2:681.2041;src:0->sink:1|f1:5.3329|f2:11.2320
2361,0,0,0,0,1187.635998,1513.998992,589.601233,1187.635998,652.725989,0,src:0->sink:1|f1:6.2635|f2:10.1571;src:1->sink:0|f1:1.8267|f2:7.2391
2361,0,1,1,0,6.263520,10.157064,20.019727,6.263520,7.787088,0,src:0->sink:0|f1:1187.6360|f2:1513.9990;src:1->sink:1|f1:3203.7794|f2:3525.7181
2361,1,0,1,0,1.826679,7.239060,2.399184,1.826679,10.824762,0,src:1->sink:1|f1:3203.7794|f2:3525.7181;src:0->sink:0|f1:1187.6360|f2:1513.9990
2361,1,1,0,0,3203.779427,3525.718148,582.154950,3203.779427,643.877443,0,src:1->sink:0|f1:1.8267|f2:7.2391;src:0->sink:1|f1:6.2635|f2:10.1571
2362,0,0,1,0,2.132522,11.312881,2.853668,2.132522,18.360718,0,src:0->sink:1|f1:3203.6273|f2:3530.7795;src:1->sink:0|f1:1171.1621|f2:1500.1715
2362,0,1,0,0,3203.627271,3530.779501,588.231396,3203.627271,654.304462,0,src:0->sink:0|f1:2.1325|f2:11.3129;src:1->sink:1|f1:2.5405|f2:4.4459
2362,1,0,0,0,1171.162113,1500.171460,591.238717,1171.162113,658.018694,0,src:1->sink:1|f1:2.5405|f2:4.4459;src:0->sink:0|f1:2.1325|f2:11.3129
2362,1,1,1,0,2.540533,4.445936,16.352711,2.540533,3.810806,0,src:1->sink:0|f1:1171.1621|f2:1500.1715;src:0->sink:1|f1:3203.6273|f2:3530.7795
2363,0,0,0,0,1203.107918,1540.777895,603.011352,1203.107918,675.339954,0,src:0->sink:1|f1:1.5934|f2:5.3780;src:1->sink:0|f1:6.2165|f2:19.9432
2363,0,1,1,0,1.593448,5.378050,15.359121,1.593448,7.569204,0,src:0->sink:0|f1:1203.1079|f2:1540.7779;src:1->sink:1|f1:3241.1817|f2:3572.6224
2363,1,0,1,0,6.216458,19.943193,4.244223,6.216458,27.453471,0,src:1->sink:1|f1:3241.1817|f2:3572.6224;src:0->sink:0|f1:1203.1079|f2:1540.7779
2363,1,1,0,0,3241.181710,3572.622350,594.189242,3241.181710,662.881281,0,src:1->sink:0|f1:6.2165|f2:19.9432;src:0->sink:1|f1:1.5934|f2:5.3780
2364,0,0,0,0,1222.071333,1562.194179,610.522316,1222.071333,680.245694,0,src:0->sink:1|f1:5.3102|f2:8.6062
2364,0,1,1,0,5.310184,8.606230,18.958319,5.310184,6.592092,0,src:0->sink:0|f1:1222.0713|f2:1562.1942
2365,0,0,1,0,1247.875365,1592.542448,618.811472,1247.875365,689.334165,0,
2384,0,0,1,0,974.374251,974.374251,605.049533,974.374251,0.000000,0,
2400,0,0,1,0,1202.714312,1202.714312,638.033060,1202.714312,0.000000,0,
2401,0,0,1,0,1202.714312,1202.714312,638.033060,1202.714312,0.000000,0,
2402,0,0,1,0,2.104975,358.269764,13.975662,2.104975,712.329578,0,src:0->sink:1|f1:1201.0706|f2:1203.6256
2402,0,1,0,0,1201.070585,1203.625593,638.646028,1201.070585,5.110017,0,src:0->sink:0|f1:2.1050|f2:358.2698
2403,0,0,1,0,2.104975,2.104975,13.975662,2.104975,0.000000,0,src:0->sink:1|f1:1224.4774|f2:1583.5630
2403,0,1,0,0,1224.477441,1583.562964,645.513072,1224.477441,718.171045,0,src:0->sink:0|f1:2.1050|f2:2.1050
2416,0,0,1,0,2.656556,2.656556,13.315594,2.656556,0.000000,0,
2418,0,0,1,0,6.736632,6.736632,17.177047,6.736632,0.000000,0,
2419,0,0,1,0,3.639344,8.493782,14.223504,3.639344,9.708876,0,
2420,0,0,1,0,4.970269,8.873880,15.390359,4.970269,7.807223,0,
2421,0,0,1,0,1.894461,5.445092,12.457111,1.894461,7.101262,0,
2422,0,0,1,0,2.342651,6.607646,12.788965,2.342651,8.529990,0,
2423,0,0,1,0,3.295554,8.034339,13.587255,3.295554,9.477569,0,
2424,0,0,1,0,4.516082,12.722242,14.639901,4.516082,16.412320,0,
2425,0,0,1,0,1.472158,5.278775,11.745736,1.472158,7.613233,0,
2426,0,0,1,0,2.979368,9.834546,13.050459,2.979368,13.710357,0,
2427,0,0,1,0,1.675476,8.806254,11.700701,1.675476,14.261557,0,
2428,0,0,1,0,6.728584,10.135913,16.339120,6.728584,6.814658,0,
2429,0,0,1,0,3.191092,9.269329,12.928970,3.191092,12.156474,0,
2432,0,0,1,0,5.580029,5.580029,14.772496,5.580029,0.000000,0,
2433,0,0,1,0,9.172025,11.175291,18.024120,9.172025,4.006531,0,
2434,0,0,1,0,6.753232,13.921736,15.741516,6.753232,14.337007,0,
2448,0,0,1,0,322.929927,322.929927,227.911779,322.929927,0.000000,0,
2449,0,0,0,0,334.075659,339.521887,231.675786,334.075659,10.892455,0,src:0->sink:1|f1:8.0673|f2:140.1499
2449,0,1,1,0,8.067292,140.149891,14.729555,8.067292,264.165197,0,src:0->sink:0|f1:334.0757|f2:339.5219
2450,0,0,0,0,330.335175,462.584734,227.711736,330.335175,264.499119,0,src:0->sink:1|f1:4.6918|f2:7.1540
2450,0,1,1,0,4.691834,7.153977,11.645766,4.691834,4.924286,0,src:0->sink:0|f1:330.3352|f2:462.5847
2456,0,0,0,0,71.060942,71.060942,56.917150,71.060942,0.000000,0,src:0->sink:1|f1:38.5268|f2:38.5268;src:0->sink:2|f1:0.0420|f2:0.0420;src:1->sink:0|f1:111.5622|f2:111.5622
2456,0,1,0,0,38.526750,38.526750,39.202269,38.526750,0.000000,0,src:0->sink:0|f1:71.0609|f2:71.0609;src:0->sink:2|f1:0.0420|f2:0.0420;src:1->sink:1|f1:4.6073|f2:4.6073
2456,0,2,1,0,0.041982,0.041982,5.128714,0.041982,0.000000,0,src:0->sink:0|f1:71.0609|f2:71.0609;src:0->sink:1|f1:38.5268|f2:38.5268;src:1->sink:2|f1:34.5156|f2:34.5156
2456,1,0,0,0,111.562221,111.562221,87.636061,111.562221,0.000000,0,src:1->sink:1|f1:4.6073|f2:4.6073;src:1->sink:2|f1:34.5156|f2:34.5156;src:0->sink:0|f1:71.0609|f2:71.0609
2456,1,1,1,0,4.607312,4.607312,8.367395,4.607312,0.000000,0,src:1->sink:0|f1:111.5622|f2:111.5622;src:1->sink:2|f1:34.5156|f2:34.5156;src:0->sink:1|f1:38.5268|f2:38.5268
2456,1,2,0,0,34.515552,34.515552,25.759857,34.515552,0.000000,0,src:1->sink:0|f1:111.5622|f2:111.5622;src:1->sink:1|f1:4.6073|f2:4.6073;src:0->sink:2|f1:0.0420|f2:0.0420
2458,0,0,1,0,52.259535,52.259535,56.060738,52.259535,0.000000,0,src:1->sink:0|f1:57.5107|f2:57.5107
2458,1,0,0,0,57.510738,57.510738,61.242670,57.510738,0.000000,0,src:0->sink:0|f1:52.2595|f2:52.2595
2459,0,0,1,0,99.795596,143.636594,100.561716,99.795596,87.681997,0,
2460,0,0,1,0,144.572280,189.982492,142.549322,144.572280,90.820424,0,
2461,0,0,1,0,3.736344,238.368360,14.838723,3.736344,469.264032,0,
2462,0,0,1,0,151.364220,377.701917,153.447793,151.364220,452.675394,0,
2463,0,0,0,0,159.756487,202.627355,163.953019,159.756487,85.741738,0,src:0->sink:1|f1:11.3092|f2:295.2684
2463,0,1,1,0,11.309171,295.268410,23.480926,11.309171,567.918479,0,src:0->sink:0|f1:159.7565|f2:202.6274
2464,0,0,1,0,152.725524,414.825119,158.375332,152.725524,524.199190,0,
2465,0,0,1,0,2.570547,309.136725,10.098141,2.570547,613.132355,0,src:0->sink:1|f1:145.9007|f2:175.8608
2465,0,1,0,0,145.900723,175.860802,153.859167,145.900723,59.920159,0,src:0->sink:0|f1:2.5705|f2:309.1367
2466,0,0,0,0,138.100728,436.242633,147.278733,138.100728,596.283809,0,src:0->sink:1|f1:10.3481|f2:34.1352
2466,0,1,1,0,10.348103,34.135189,2.546707,10.348103,47.574172,0,src:0->sink:0|f1:138.1007|f2:436.2426
2467,0,0,1,0,3.146250,23.150530,9.771807,3.146250,40.008560,0,src:0->sink:1|f1:135.5858|f2:456.5143
2467,0,1,0,0,135.585780,456.514324,145.985885,135.585780,641.857087,0,src:0->sink:0|f1:3.1463|f2:23.1505
2468,0,0,0,0,132.053010,456.095883,143.305880,132.053010,648.085748,0,src:0->sink:1|f1:4.4785|f2:30.7129
2468,0,1,1,0,4.478490,30.712873,8.505529,4.478490,52.468766,0,src:0->sink:0|f1:132.0530|f2:456.0959
2469,0,0,0,0,128.294831,468.690755,140.318023,128.294831,680.791848,0,src:0->sink:1|f1:2.0134|f2:16.2621
2469,0,1,1,0,2.013399,16.262091,15.239077,2.013399,28.497384,0,src:0->sink:0|f1:128.2948|f2:468.6908
2470,0,0,0,0,118.208374,467.131036,130.994195,118.208374,697.845325,0,src:0->sink:1|f1:0.0140|f2:17.4671
2470,0,1,1,0,0.013963,17.467054,13.168455,0.013963,34.906181,0,src:0->sink:0|f1:118.2084|f2:467.1310
2471,0,0,0,0,110.639279,466.474007,123.955629,110.639279,711.669456,0,src:0->sink:1|f1:1.1107|f2:14.5173
2471,0,1,1,0,1.110732,14.517302,14.331543,1.110732,26.813140,0,src:0->sink:0|f1:110.6393|f2:466.4740
2472,0,0,0,0,100.241383,464.574190,113.993874,100.241383,728.665615,0,src:0->sink:1|f1:2.9250|f2:16.8277
2472,0,1,1,0,2.925030,16.827695,16.180163,2.925030,27.805330,0,src:0->sink:0|f1:100.2414|f2:464.5742
2473,0,0,0,0,93.752065,465.943592,107.694094,93.752065,744.383054,0,src:0->sink:1|f1:0.6327|f2:9.7881
2473,0,1,1,0,0.632654,9.788147,12.455509,0.632654,18.310986,0,src:0->sink:0|f1:93.7521|f2:465.9436
2474,0,0,0,0,86.354192,462.390089,100.527879,86.354192,752.071793,0,src:0->sink:1|f1:0.6914|f2:15.5032
2474,0,1,1,0,0.691422,15.503161,13.812723,0.691422,29.623478,0,src:0->sink:0|f1:86.3542|f2:462.3901
2475,0,0,0,0,79.907898,465.863482,94.152671,79.907898,771.911168,0,src:0->sink:1|f1:1.6023|f2:12.5077
2475,0,1,1,0,1.602292,12.507738,11.357393,1.602292,21.810893,0,src:0->sink:0|f1:79.9079|f2:465.8635
2476,0,0,0,0,75.823194,463.356196,90.047324,75.823194,775.066004,0,src:0->sink:1|f1:3.2920|f2:12.2136
2476,0,1,1,0,3.292045,12.213646,9.572362,3.292045,17.843202,0,src:0->sink:0|f1:75.8232|f2:463.3562
2477,0,0,0,0,71.859535,463.638080,86.050999,71.859535,783.557090,0,src:0->sink:1|f1:1.0751|f2:10.1551
2477,0,1,1,0,1.075140,10.155144,11.769917,1.075140,18.160009,0,src:0->sink:0|f1:71.8595|f2:463.6381
2478,0,0,0,0,68.892516,465.576348,83.127623,68.892516,793.367666,0,src:0->sink:1|f1:1.5366|f2:11.9424
2478,0,1,1,0,1.536639,11.942434,14.433917,1.536639,20.811590,0,src:0->sink:0|f1:68.8925|f2:465.5763
2479,0,0,0,0,65.080071,462.702210,79.226992,65.080071,795.244278,0,src:0->sink:1|f1:4.1082|f2:11.1817
2479,0,1,1,0,4.108207,11.181653,16.902375,4.108207,14.146892,0,src:0->sink:0|f1:65.0801|f2:462.7022
2480,0,0,0,0,63.997702,465.890457,77.967127,63.997702,803.785508,0,src:0->sink:1|f1:2.9948|f2:12.2765
2480,0,1,1,0,2.994831,12.276468,9.746402,2.994831,18.563273,0,src:0->sink:0|f1:63.9977|f2:465.8905
2481,0,0,0,0,64.655564,470.957812,78.922040,64.655564,812.604495,0,src:0->sink:1|f1:6.0439|f2:18.1657
2481,0,1,1,0,6.043924,18.165650,7.176593,6.043924,24.243453,0,src:0->sink:0|f1:64.6556|f2:470.9578
2482,0,0,1,0,5.399043,18.560076,7.656175,5.399043,26.322066,0,src:0->sink:1|f1:42.8275|f2:452.7708
2482,0,1,0,0,42.827543,452.770797,57.108367,42.827543,819.886507,0,src:0->sink:0|f1:5.3990|f2:18.5601
2485,0,0,0,0,14.660879,14.660879,1.406201,14.660879,0.000000,0,src:0->sink:1|f1:2.0966|f2:2.0966
2485,0,1,1,0,2.096573,2.096573,11.066501,2.096573,0.000000,0,src:0->sink:0|f1:14.6609|f2:14.6609
2486,0,0,0,0,33.408215,452.438757,20.684186,33.408215,838.061083,0,src:0->sink:1|f1:2.8136|f2:10.0512
2486,0,1,1,0,2.813556,10.051176,16.160820,2.813556,14.475240,0,src:0->sink:0|f1:33.4082|f2:452.4388
2487,0,0,0,0,47.124354,466.828983,34.839320,47.124354,839.409258,0,src:0->sink:1|f1:0.8897|f2:7.7384
2487,0,1,1,0,0.889740,7.738446,12.442377,0.889740,13.697412,0,src:0->sink:0|f1:47.1244|f2:466.8290
2504,0,0,1,0,0.692642,0.692642,14.417714,0.692642,0.000000,0,
2505,0,0,1,0,2.565855,8.011632,10.878804,2.565855,10.891554,0,
2506,0,0,1,0,2.894135,9.766468,10.492030,2.894135,13.744666,0,
2507,0,0,1,0,6.047033,16.824604,7.102479,6.047033,21.555143,0,
2508,0,0,1,0,6.788003,16.097513,6.239583,6.788003,18.619020,0,
2509,0,0,1,0,3.017807,12.374529,10.046276,3.017807,18.713443,0,src:1->sink:0|f1:131.0405|f2:519.4400
2509,1,0,0,0,131.040452,519.439959,139.766618,131.040452,776.799014,0,src:0->sink:0|f1:3.0178|f2:12.3745
2510,0,0,0,0,136.446612,520.303077,144.366424,136.446612,767.712930,0,src:1->sink:0|f1:0.1917|f2:11.9255
2510,1,0,1,0,0.191717,11.925470,13.318974,0.191717,23.467506,0,src:0->sink:0|f1:136.4466|f2:520.3031
2511,0,0,0,0,143.251456,525.966600,149.959569,143.251456,765.430287,0,src:1->sink:0|f1:4.3869|f2:19.2606
2511,1,0,1,0,4.386878,19.260591,17.561708,4.386878,29.747427,0,src:0->sink:0|f1:143.2515|f2:525.9666
2512,0,0,0,0,157.046359,533.278009,161.995381,157.046359,752.463300,0,src:0->sink:1|f1:6.9417|f2:683.9987;src:1->sink:0|f1:3.9413|f2:20.3582
2512,0,1,1,0,6.941737,683.998750,23.613394,6.941737,1354.114025,0,src:0->sink:0|f1:157.0464|f2:533.2780;src:1->sink:1|f1:127.6585|f2:444.9008
2512,1,0,1,0,3.941300,20.358211,16.885833,3.941300,32.833821,0,src:1->sink:1|f1:127.6585|f2:444.9008;src:0->sink:0|f1:157.0464|f2:533.2780
2512,1,1,0,0,127.658514,444.900787,116.607675,127.658514,634.484546,0,src:1->sink:0|f1:3.9413|f2:20.3582;src:0->sink:1|f1:6.9417|f2:683.9987
2513,0,0,1,0,4.233296,15.017901,20.845642,4.233296,21.569210,0,src:0->sink:1|f1:158.4796|f2:470.7397;src:1->sink:0|f1:136.3413|f2:446.5321
2513,0,1,0,0,158.479618,470.739730,162.809399,158.479618,624.520224,0,src:0->sink:0|f1:4.2333|f2:15.0179;src:1->sink:1|f1:0.5467|f2:13.6997
2513,1,0,0,0,136.341274,446.532148,124.984905,136.341274,620.381748,0,src:1->sink:1|f1:0.5467|f2:13.6997;src:0->sink:0|f1:4.2333|f2:15.0179
2513,1,1,1,0,0.546723,13.699671,11.991328,0.546723,26.305896,0,src:1->sink:0|f1:136.3413|f2:446.5321;src:0->sink:1|f1:158.4796|f2:470.7397
2514,0,0,1,0,0.840263,12.697812,17.419730,0.840263,23.715097,0,src:0->sink:1|f1:174.4584|f2:482.4038;src:1->sink:0|f1:150.1594|f2:457.7887
2514,0,1,0,0,174.458440,482.403838,176.091306,174.458440,615.890798,0,src:0->sink:0|f1:0.8403|f2:12.6978;src:1->sink:1|f1:2.8656|f2:24.5708
2514,1,0,0,0,150.159363,457.788711,138.214803,150.159363,615.258696,0,src:1->sink:1|f1:2.8656|f2:24.5708;src:0->sink:0|f1:0.8403|f2:12.6978
2514,1,1,1,0,2.865626,24.570771,15.277106,2.865626,43.410289,0,src:1->sink:0|f1:150.1594|f2:457.7887;src:0->sink:1|f1:174.4584|f2:482.4038
2515,0,0,1,0,1.725572,17.881681,17.916264,1.725572,32.312218,0,src:0->sink:1|f1:181.6835|f2:482.8136;src:1->sink:0|f1:159.7008|f2:461.4403
2515,0,1,0,0,181.683459,482.813649,181.380909,181.683459,602.260379,0,src:0->sink:0|f1:1.7256|f2:17.8817;src:1->sink:1|f1:0.7056|f2:23.1641
2515,1,0,0,0,159.700776,461.440314,146.936444,159.700776,603.479075,0,src:1->sink:1|f1:0.7056|f2:23.1641;src:0->sink:0|f1:1.7256|f2:17.8817
2515,1,1,1,0,0.705612,23.164132,11.249344,0.705612,44.917040,0,src:1->sink:0|f1:159.7008|f2:461.4403;src:0->sink:1|f1:181.6835|f2:482.8136
2516,0,0,1,0,0.583160,15.286729,15.497610,0.583160,29.407136,0,src:0->sink:1|f1:188.6355|f2:485.0900;src:1->sink:0|f1:168.8008|f2:458.7333
2516,0,1,0,0,188.635483,485.090028,186.697669,188.635483,592.909090,0,src:0->sink:0|f1:0.5832|f2:15.2867;src:1->sink:1|f1:1.0892|f2:16.3401
2516,1,0,0,0,168.800809,458.733281,155.222569,168.800809,579.864944,0,src:1->sink:1|f1:1.0892|f2:16.3401;src:0->sink:0|f1:0.5832|f2:15.2867
2516,1,1,1,0,1.089162,16.340071,10.634391,1.089162,30.501817,0,src:1->sink:0|f1:168.8008|f2:458.7333;src:0->sink:1|f1:188.6355|f2:485.0900
2517,0,0,0,0,178.919669,468.095167,164.272324,178.919669,578.350997,0,src:0->sink:1|f1:3.6272|f2:31.2998;src:1->sink:0|f1:0.8661|f2:16.9408
2517,0,1,1,0,3.627231,31.299769,15.158836,3.627231,55.345077,0,src:0->sink:0|f1:178.9197|f2:468.0952;src:1->sink:1|f1:208.0980|f2:495.4322
2517,1,0,1,0,0.866109,16.940792,16.529782,0.866109,32.149367,0,src:1->sink:1|f1:208.0980|f2:495.4322;src:0->sink:0|f1:178.9197|f2:468.0952
2517,1,1,0,0,208.098043,495.432224,201.390654,208.098043,574.668362,0,src:1->sink:0|f1:0.8661|f2:16.9408;src:0->sink:1|f1:3.6272|f2:31.2998
2518,0,0,1,0,2.727937,18.325243,12.834522,2.727937,31.194612,0,src:0->sink:1|f1:224.0148|f2:509.5522;src:1->sink:0|f1:198.4983|f2:479.6771
2518,0,1,0,0,224.014830,509.552166,213.170662,224.014830,571.074670,0,src:0->sink:0|f1:2.7279|f2:18.3252;src:1->sink:1|f1:2.5331|f2:28.7707
2518,1,0,0,0,198.498265,479.677051,181.053365,198.498265,562.357571,0,src:1->sink:1|f1:2.5331|f2:28.7707;src:0->sink:0|f1:2.7279|f2:18.3252
2518,1,1,1,0,2.533071,28.770655,13.618682,2.533071,52.475167,0,src:1->sink:0|f1:198.4983|f2:479.6771;src:0->sink:1|f1:224.0148|f2:509.5522
2519,0,0,1,0,1.863302,31.274339,12.458573,1.863302,58.822075,0,src:0->sink:1|f1:222.1041|f2:502.0570;src:1->sink:0|f1:246.3336|f2:528.6031
2519,0,1,0,0,222.104120,502.056983,201.058859,222.104120,559.905725,0,src:0->sink:0|f1:1.8633|f2:31.2743;src:1->sink:1|f1:5.7711|f2:20.4810
2519,1,0,0,0,246.333600,528.603097,229.195663,246.333600,564.538993,0,src:1->sink:1|f1:5.7711|f2:20.4810;src:0->sink:0|f1:1.8633|f2:31.2743
2519,1,1,1,0,5.771062,20.481045,9.671891,5.771062,29.419967,0,src:1->sink:0|f1:246.3336|f2:528.6031;src:0->sink:1|f1:222.1041|f2:502.0570
2520,0,0,1,0,6.796388,36.406419,17.032670,6.796388,59.220062,0,src:0->sink:1|f1:233.2323|f2:506.9295;src:0->sink:2|f1:265.2042|f2:527.1812;src:1->sink:0|f1:276.5199|f2:553.4533;src:2->sink:0|f1:282.6355|f2:568.4676
2520,0,1,0,0,233.232334,506.929460,209.536446,233.232334,547.394252,0,src:0->sink:0|f1:6.7964|f2:36.4064;src:0->sink:2|f1:265.2042|f2:527.1812;src:1->sink:1|f1:1.9495|f2:19.7976;src:2->sink:1|f1:8.0854|f2:34.8321
2520,0,2,0,0,265.204153,527.181246,233.619801,265.204153,523.954186,0,src:0->sink:0|f1:6.7964|f2:36.4064;src:0->sink:1|f1:233.2323|f2:506.9295;src:1->sink:2|f1:24.4349|f2:55.5891;src:2->sink:2|f1:17.5842|f2:57.6370
2520,1,0,0,0,276.519887,553.453345,249.350470,276.519887,553.866916,0,src:1->sink:1|f1:1.9495|f2:19.7976;src:1->sink:2|f1:24.4349|f2:55.5891;src:0->sink:0|f1:6.7964|f2:36.4064;src:2->sink:0|f1:282.6355|f2:568.4676
2520,1,1,1,0,1.949503,19.797551,16.635706,1.949503,35.696095,0,src:1->sink:0|f1:276.5199|f2:553.4533;src:1->sink:2|f1:24.4349|f2:55.5891;src:0->sink:1|f1:233.2323|f2:506.9295;src:2->sink:1|f1:8.0854|f2:34.8321
2520,1,2,0,0,24.434888,55.589085,6.967907,24.434888,62.308394,0,src:1->sink:0|f1:276.5199|f2:553.4533;src:1->sink:1|f1:1.9495|f2:19.7976;src:0->sink:2|f1:265.2042|f2:527.1812;src:2->sink:2|f1:17.5842|f2:57.6370
2520,2,0,0,0,282.635459,568.467593,255.406775,282.635459,571.664269,0,src:2->sink:1|f1:8.0854|f2:34.8321;src:2->sink:2|f1:17.5842|f2:57.6370;src:0->sink:0|f1:6.7964|f2:36.4064;src:1->sink:0|f1:276.5199|f2:553.4533
2520,2,1,0,0,8.085367,34.832091,22.532321,8.085367,53.493447,0,src:2->sink:0|f1:282.6355|f2:568.4676;src:2->sink:2|f1:17.5842|f2:57.6370;src:0->sink:1|f1:233.2323|f2:506.9295;src:1->sink:1|f1:1.9495|f2:19.7976
2520,2,2,1,0,17.584152,57.637025,1.058731,17.584152,80.105746,0,src:2->sink:0|f1:282.6355|f2:568.4676;src:2->sink:1|f1:8.0854|f2:34.8321;src:0->sink:2|f1:265.2042|f2:527.1812;src:1->sink:2|f1:24.4349|f2:55.5891
2521,0,0,0,0,253.021445,522.984658,225.269659,253.021445,539.926425,0,src:0->sink:1|f1:2.9479|f2:30.6089;src:0->sink:2|f1:312.0696|f2:580.1994;src:1->sink:0|f1:6.6866|f2:19.6523
2521,0,1,1,0,2.947878,30.608903,12.651901,2.947878,55.322049,0,src:0->sink:0|f1:253.0214|f2:522.9847;src:0->sink:2|f1:312.0696|f2:580.1994;src:1->sink:1|f1:301.2790|f2:570.9760
2521,0,2,0,0,312.069582,580.199424,269.270851,312.069582,536.259684,0,src:0->sink:0|f1:253.0214|f2:522.9847;src:0->sink:1|f1:2.9479|f2:30.6089;src:1->sink:2|f1:71.4011|f2:99.1750
2521,1,0,1,0,6.686622,19.652271,20.824035,6.686622,25.931299,0,src:1->sink:1|f1:301.2790|f2:570.9760;src:1->sink:2|f1:71.4011|f2:99.1750;src:0->sink:0|f1:253.0214|f2:522.9847
2521,1,1,0,0,301.279025,570.976007,265.268941,301.279025,539.393964,0,src:1->sink:0|f1:6.6866|f2:19.6523;src:1->sink:2|f1:71.4011|f2:99.1750;src:0->sink:1|f1:2.9479|f2:30.6089
2521,1,2,0,0,71.401140,99.174978,22.788349,71.401140,55.547675,0,src:1->sink:0|f1:6.6866|f2:19.6523;src:1->sink:1|f1:301.2790|f2:570.9760;src:0->sink:2|f1:312.0696|f2:580.1994
2522,0,0,0,0,280.385204,549.531344,244.839765,280.385204,538.292280,0,src:0->sink:1|f1:0.0196|f2:32.9031;src:1->sink:0|f1:3.8493|f2:22.4707
2522,0,1,1,0,0.019585,32.903144,9.109346,0.019585,65.767119,0,src:0->sink:0|f1:280.3852|f2:549.5313;src:1->sink:1|f1:324.9658|f2:598.0087
2522,1,0,1,0,3.849333,22.470708,17.782585,3.849333,37.242751,0,src:1->sink:1|f1:324.9658|f2:598.0087;src:0->sink:0|f1:280.3852|f2:549.5313
2522,1,1,0,0,324.965844,598.008663,278.443224,324.965844,546.085638,0,src:1->sink:0|f1:3.8493|f2:22.4707;src:0->sink:1|f1:0.0196|f2:32.9031
2523,0,0,0,0,322.163660,593.451241,274.040017,322.163660,542.575161,0,src:0->sink:1|f1:1.3597|f2:42.3500;src:1->sink:0|f1:1.6202|f2:16.2224
2523,0,1,1,0,1.359653,42.349979,9.757613,1.359653,81.980651,0,src:0->sink:0|f1:322.1637|f2:593.4512;src:1->sink:1|f1:369.3919|f2:640.8734
2523,1,0,1,0,1.620243,16.222389,12.288715,1.620243,29.204292,0,src:1->sink:1|f1:369.3919|f2:640.8734;src:0->sink:0|f1:322.1637|f2:593.4512
2523,1,1,0,0,369.391891,640.873406,303.190230,369.391891,542.963032,0,src:1->sink:0|f1:1.6202|f2:16.2224;src:0->sink:1|f1:1.3597|f2:42.3500
2524,0,0,1,0,5.721646,17.832541,8.207814,5.721646,24.221790,0,src:0->sink:1|f1:385.7411|f2:654.1757;src:1->sink:0|f1:341.3031|f2:602.5382
2524,0,1,0,0,385.741104,654.175671,311.219928,385.741104,536.869135,0,src:0->sink:0|f1:5.7216|f2:17.8325;src:1->sink:1|f1:1.6956|f2:20.2305
2524,1,0,0,0,341.303060,602.538189,286.147985,341.303060,522.470258,0,src:1->sink:1|f1:1.6956|f2:20.2305;src:0->sink:0|f1:5.7216|f2:17.8325
2524,1,1,1,0,1.695575,20.230505,9.772767,1.695575,37.069859,0,src:1->sink:0|f1:341.3031|f2:602.5382;src:0->sink:1|f1:385.7411|f2:654.1757
2525,0,0,0,0,329.571619,583.356786,276.363393,329.571619,507.570333,0,src:1->sink:0|f1:1.8823|f2:9.7267
2525,1,0,1,0,1.882251,9.726655,15.255945,1.882251,15.688808,0,src:0->sink:0|f1:329.5716|f2:583.3568
2526,0,0,1,0,2.391613,7.153897,11.312163,2.391613,9.524568,0,src:1->sink:0|f1:338.7886|f2:656.3168
2526,1,0,0,0,338.788632,656.316839,282.894327,338.788632,635.056414,0,src:0->sink:0|f1:2.3916|f2:7.1539
2527,0,0,0,0,355.124810,674.916788,294.001499,355.124810,639.583957,0,src:1->sink:0|f1:7.2209|f2:17.0736
2527,1,0,1,0,7.220925,17.073586,6.962442,7.220925,19.705322,0,src:0->sink:0|f1:355.1248|f2:674.9168
2528,0,0,1,0,385.017450,705.971754,311.904717,385.017450,641.908608,0,
2529,0,0,1,0,401.010745,406.054487,321.774149,401.010745,10.087484,0,
2530,0,0,1,0,420.025055,426.028763,332.936724,420.025055,12.007416,0,
2536,0,0,0,0,302.889788,302.889788,258.078048,302.889788,0.000000,0,src:0->sink:1|f1:3.9444|f2:3.9444
2536,0,1,1,0,3.944352,3.944352,13.119000,3.944352,0.000000,0,src:0->sink:0|f1:302.8898|f2:302.8898
2537,0,0,1,0,0.109698,39.534382,9.623655,0.109698,78.849367,0,src:0->sink:1|f1:253.7422|f2:495.5818
2537,0,1,0,0,253.742248,495.581829,222.040667,253.742248,483.679162,0,src:0->sink:0|f1:0.1097|f2:39.5344
2538,0,0,0,0,201.549204,521.397714,189.750683,201.549204,639.697021,0,src:0->sink:1|f1:5.3001|f2:523.7278
2538,0,1,1,0,5.300126,523.727817,9.041299,5.300126,1036.855382,0,src:0->sink:0|f1:201.5492|f2:521.3977
2539,0,0,1,0,2.481872,13.770324,16.185183,2.481872,22.576904,0,src:0->sink:1|f1:158.3764|f2:382.3177;src:1->sink:0|f1:138.1068|f2:437.3627
2539,0,1,0,0,158.376410,382.317721,156.100333,158.376410,447.882622,0,src:0->sink:0|f1:2.4819|f2:13.7703;src:1->sink:1|f1:1.2971|f2:513.2059
2539,1,0,0,0,138.106792,437.362686,124.369549,138.106792,598.511788,0,src:1->sink:1|f1:1.2971|f2:513.2059;src:0->sink:0|f1:2.4819|f2:13.7703
2539,1,1,1,0,1.297118,513.205871,12.211442,1.297118,1023.817506,0,src:1->sink:0|f1:138.1068|f2:437.3627;src:0->sink:1|f1:158.3764|f2:382.3177
2540,0,0,1,0,8.914578,33.087390,2.100681,8.914578,48.345624,1,src:0->sink:1|f1:109.5762|f2:334.6077;src:0->sink:2|f1:11.4818|f2:39.9154;src:1->sink:0|f1:116.0679|f2:334.5420
2540,0,1,0,0,109.576156,334.607733,97.582554,109.576156,450.063155,0,src:0->sink:0|f1:8.9146|f2:33.0874;src:0->sink:2|f1:11.4818|f2:39.9154;src:1->sink:1|f1:4.4836|f2:12.1585
2540,0,2,0,0,11.481815,39.915447,0.441209,11.481815,56.867263,0,src:0->sink:0|f1:8.9146|f2:33.0874;src:0->sink:1|f1:109.5762|f2:334.6077;src:1->sink:2|f1:113.0021|f2:338.8318
2540,1,0,0,0,116.067928,334.542046,120.389759,116.067928,436.948237,0,src:1->sink:1|f1:4.4836|f2:12.1585;src:1->sink:2|f1:113.0021|f2:338.8318;src:0->sink:0|f1:8.9146|f2:33.0874
2540,1,1,1,0,4.483628,12.158495,17.918172,4.483628,15.349734,0,src:1->sink:0|f1:116.0679|f2:334.5420;src:1->sink:2|f1:113.0021|f2:338.8318;src:0->sink:1|f1:109.5762|f2:334.6077
2540,1,2,0,0,113.002138,338.831754,117.953561,113.002138,451.659231,0,src:1->sink:0|f1:116.0679|f2:334.5420;src:1->sink:1|f1:4.4836|f2:12.1585;src:0->sink:2|f1:11.4818|f2:39.9154
2541,0,0,1,0,3.792003,31.282289,15.541885,3.792003,54.980573,0,src:1->sink:0|f1:100.1319|f2:324.7250
2541,1,0,0,0,100.131926,324.725009,106.708004,100.131926,449.186167,0,src:0->sink:0|f1:3.7920|f2:31.2823
2542,0,0,1,0,6.252613,28.196430,18.431019,6.252613,43.887634,0,
2543,0,0,1,0,11.936906,34.401211,24.530385,11.936906,44.928611,0,
2544,0,0,1,0,0.805531,11.413400,13.209362,0.805531,21.215737,0,src:0->sink:1|f1:62.4783|f2:302.8383;src:1->sink:0|f1:70.1335|f2:377.9933
2544,0,1,0,0,62.478297,302.838307,51.051527,62.478297,480.720020,0,src:0->sink:0|f1:0.8055|f2:11.4134;src:1->sink:1|f1:0.1924|f2:537.8043
2544,1,0,0,0,70.133515,377.993319,80.310973,70.133515,615.719607,0,src:1->sink:1|f1:0.1924|f2:537.8043;src:0->sink:0|f1:0.8055|f2:11.4134
2544,1,1,1,0,0.192363,537.804308,14.241339,0.192363,1075.223889,0,src:1->sink:0|f1:70.1335|f2:377.9933;src:0->sink:1|f1:62.4783|f2:302.8383
2545,0,0,1,0,4.506990,19.486558,17.264467,4.506990,29.959136,0,src:0->sink:1|f1:50.6527|f2:301.5365;src:1->sink:0|f1:60.2144|f2:307.1086
2545,0,1,0,0,50.652684,301.536465,39.008446,50.652684,501.767561,0,src:0->sink:0|f1:4.5070|f2:19.4866;src:1->sink:1|f1:1.1282|f2:5.6516
2545,1,0,0,0,60.214359,307.108620,71.189855,60.214359,493.788523,0,src:1->sink:1|f1:1.1282|f2:5.6516;src:0->sink:0|f1:4.5070|f2:19.4866
2545,1,1,1,0,1.128192,5.651639,13.427476,1.128192,9.046894,0,src:1->sink:0|f1:60.2144|f2:307.1086;src:0->sink:1|f1:50.6527|f2:301.5365
2546,0,0,1,0,4.366023,16.252427,17.280313,4.366023,23.772809,0,src:0->sink:1|f1:40.1931|f2:290.7382;src:1->sink:0|f1:51.6218|f2:303.5650
2546,0,1,0,0,40.193103,290.738185,28.242028,40.193103,501.090165,0,src:0->sink:0|f1:4.3660|f2:16.2524;src:1->sink:1|f1:2.0050|f2:5.9200
2546,1,0,0,0,51.621844,303.564965,63.252735,51.621844,503.886241,0,src:1->sink:1|f1:2.0050|f2:5.9200;src:0->sink:0|f1:4.3660|f2:16.2524
2546,1,1,1,0,2.004980,5.920040,16.451003,2.004980,7.830119,0,src:1->sink:0|f1:51.6218|f2:303.5650;src:0->sink:1|f1:40.1931|f2:290.7382
2547,0,0,1,0,3.909271,15.048299,16.923638,3.909271,22.278055,0,
2548,0,0,1,0,0.350858,7.053209,12.524249,0.350858,13.404703,0,
2549,0,0,1,0,3.368490,10.818904,16.517304,3.368490,14.900827,0,
2550,0,0,1,0,2.841387,9.423318,16.021997,2.841387,13.163862,0,
2551,0,0,1,0,2.760067,6.177827,15.978953,2.760067,6.835520,0,
2552,0,0,1,0,1.934089,4.757500,15.113437,1.934089,5.646822,0,
2553,0,0,1,0,1.664437,4.499936,14.828474,1.664437,5.670998,0,
2554,0,0,1,0,4.065580,5.761472,17.325123,4.065580,3.391785,0,
2555,0,0,1,0,1.054583,2.479666,14.146299,1.054583,2.850165,0,
2556,0,0,1,0,0.642048,2.053898,13.712569,0.642048,2.823700,0,
2557,0,0,1,0,4.232232,10.385147,8.521740,4.232232,12.305830,0,
2558,0,0,1,0,4.977367,9.699836,7.701439,4.977367,9.444939,0,
2559,0,0,1,0,1.848095,7.155739,10.893191,1.848095,10.615288,0,
2560,0,0,1,0,3.033137,11.104924,9.550729,3.033137,16.143573,0,
2561,0,0,1,0,0.797652,5.986385,11.817613,0.797652,10.377467,0,
2562,0,0,1,0,0.952451,8.155656,11.556530,0.952451,14.406409,0,
2563,0,0,1,0,2.723646,9.815391,9.612515,2.723646,14.183490,0,
2564,0,0,1,0,1.413557,6.595388,13.866747,1.413557,10.363662,0,
2565,0,0,1,0,8.425589,11.838443,20.643561,8.425589,6.825707,0,
2566,0,0,1,0,8.425589,8.425589,20.643561,8.425589,0.000000,0,
2567,0,0,1,0,33.969463,41.591557,35.757487,33.969463,15.244188,0,
2568,0,0,1,0,2.259379,27.003054,10.295554,2.259379,49.487350,0,
2569,0,0,1,0,1.036252,16.074505,13.909744,1.036252,30.076505,0,
2570,0,0,1,0,4.495680,17.758319,8.318303,4.495680,26.525277,0,
2571,0,0,1,0,2.102892,13.544914,10.877595,2.102892,22.884045,0,
2572,0,0,1,0,0.780449,15.165911,12.420550,0.780449,28.770924,0,
2573,0,0,1,0,2.173234,18.566603,11.150857,2.173234,32.786737,0,
2574,0,0,1,0,0.175171,12.796513,13.363960,0.175171,25.242684,0,
2575,0,0,1,0,1.403841,15.631572,15.127579,1.403841,28.455462,0,
2576,0,0,1,0,4.556736,12.682550,9.000494,4.556736,16.251627,0,
2577,0,0,1,0,3.385543,15.126952,10.327687,3.385543,23.482818,0,
2578,0,0,1,0,1.405160,14.150340,12.484812,1.405160,25.490361,0,
2579,0,0,1,0,0.144776,12.519831,14.172576,0.144776,24.750110,0,
2580,0,0,1,0,1.261941,12.289980,15.406939,1.261941,22.056076,0,
2581,0,0,1,0,0.019837,14.760570,14.109787,0.019837,29.481465,0,
2582,0,0,1,0,0.431488,13.115873,14.643149,0.431488,25.368770,0,
2583,0,0,1,0,2.676742,12.506393,11.474052,2.676742,19.659302,0,
2584,0,0,1,0,2.893435,21.436536,17.203240,2.893435,37.086201,0,
2585,0,0,1,0,0.754823,13.170229,14.991946,0.754823,24.830812,0,
2586,0,0,1,0,5.697797,17.732460,19.997551,5.697797,24.069325,0,
2587,0,0,1,0,3.135714,19.389055,17.374369,3.135714,32.506682,0,
2588,0,0,1,0,0.493852,13.685469,13.584827,0.493852,26.383233,0,
2589,0,0,1,0,1.049646,13.310901,15.108778,1.049646,24.522510,0,
2590,0,0,1,0,2.089901,22.408919,15.964753,2.089901,40.638035,0,
2591,0,0,1,0,0.401184,14.500365,13.288583,0.401184,28.198362,0,
2592,0,0,1,0,2.183955,2.183955,15.761264,2.183955,0.000000,0,
2593,0,0,1,0,7.012727,25.412213,20.371218,7.012727,36.798972,0,
2594,0,0,1,0,4.191204,22.589551,17.332085,4.191204,36.796693,0,
2595,0,0,1,0,1.561076,22.795907,11.330688,1.561076,42.469663,0,
2596,0,0,1,0,0.929824,13.115519,13.657161,0.929824,24.371390,0,
2597,0,0,0,0,3.807052,34.339589,16.109536,3.807052,61.065073,0,src:0->sink:1|f1:6.4150|f2:26.9412
2597,0,1,1,1,6.414999,26.941246,6.201884,6.414999,41.052493,1,src:0->sink:0|f1:3.8071|f2:34.3396
2598,0,0,1,0,2.817841,29.250781,14.865635,2.817841,52.865880,0,
2599,0,0,1,0,1.130587,23.431117,12.811088,1.130587,44.601060,0,
2600,0,0,1,0,0.519777,22.684852,11.857980,0.519777,44.330151,0,
2601,0,0,1,0,2.904372,19.738005,13.858374,2.904372,33.667266,0,
2602,0,0,1,0,12.951990,23.321555,23.212740,12.951990,20.739129,0,
2616,0,0,1,0,253.644746,253.644746,121.309284,253.644746,0.000000,0,
2617,0,0,1,0,240.787408,251.294244,126.421688,240.787408,21.013670,0,
2619,0,0,0,0,135.368773,135.368773,98.387986,135.368773,0.000000,0,src:0->sink:1|f1:9.0380|f2:9.0380
2619,0,1,1,0,9.038017,9.038017,20.262761,9.038017,0.000000,0,src:0->sink:0|f1:135.3688|f2:135.3688
2620,0,0,0,0,99.576212,212.297388,75.874196,99.576212,225.442353,0,src:0->sink:1|f1:3.2308|f2:35.8963
2620,0,1,1,0,3.230824,35.896263,15.398578,3.230824,65.330878,0,src:0->sink:0|f1:99.5762|f2:212.2974
2621,0,0,1,0,2.386847,26.460771,14.898522,2.386847,48.147849,0,src:0->sink:1|f1:85.3155|f2:203.6862
2621,0,1,0,0,85.315521,203.686182,65.295771,85.315521,236.741321,0,src:0->sink:0|f1:2.3868|f2:26.4608
2622,0,0,1,0,3.569067,22.984434,9.450735,3.569067,38.830734,0,src:0->sink:1|f1:74.7704|f2:206.3649
2622,0,1,0,0,74.770412,206.364889,56.420776,74.770412,263.188953,0,src:0->sink:0|f1:3.5691|f2:22.9844
2623,0,0,0,0,52.196388,207.215705,35.990899,52.196388,310.038635,0,src:0->sink:1|f1:4.4073|f2:29.7005
2623,0,1,1,0,4.407347,29.700537,8.971939,4.407347,50.586379,0,src:0->sink:0|f1:52.1964|f2:207.2157
2624,0,0,0,0,36.140811,212.265822,20.842621,36.140811,352.250021,0,src:0->sink:1|f1:1.6861|f2:17.0507
2624,0,1,1,0,1.686053,17.050687,15.043876,1.686053,30.729268,0,src:0->sink:0|f1:36.1408|f2:212.2658
2625,0,0,0,0,27.891739,214.667566,12.877986,27.891739,373.551655,0,src:0->sink:1|f1:0.7780|f2:18.7420
2625,0,1,1,0,0.778026,18.741996,12.863348,0.778026,35.927940,0,src:0->sink:0|f1:27.8917|f2:214.6676
2626,0,0,0,0,14.453415,220.556761,0.139572,14.453415,412.206692,0,src:0->sink:1|f1:0.8608|f2:19.0988
2626,0,1,1,0,0.860821,19.098752,14.649035,0.860821,36.475862,0,src:0->sink:0|f1:14.4534|f2:220.5568
2627,0,0,0,0,2.689529,228.821344,11.519565,2.689529,452.263630,0,src:0->sink:1|f1:0.7001|f2:14.4267
2627,0,1,1,0,0.700053,14.426714,13.192979,0.700053,27.453321,1,src:0->sink:0|f1:2.6895|f2:228.8213
2628,0,0,1,0,2.482965,13.569478,11.517030,2.482965,22.173027,1,src:0->sink:1|f1:6.9295|f2:243.5474
2628,0,1,0,0,6.929503,243.547379,20.857075,6.929503,473.235751,0,src:0->sink:0|f1:2.4830|f2:13.5695
2629,0,0,1,0,0.778267,11.339357,13.224134,0.778267,21.122180,0,
2630,0,0,1,0,1.588600,15.051583,15.607080,1.588600,26.925967,0,
2631,0,0,1,0,0.287368,10.176308,14.320058,0.287368,19.777880,0,src:0->sink:1|f1:25.2194|f2:336.4439
2631,0,1,0,0,25.219352,336.443885,38.672619,25.219352,622.449067,0,src:0->sink:0|f1:0.2874|f2:10.1763
2632,0,0,1,0,0.175451,10.524184,13.853851,0.175451,20.697466,0,
2633,0,0,1,0,2.402845,11.682231,16.387566,2.402845,18.558771,0,
2634,0,0,1,0,1.115353,11.702007,15.038716,1.115353,21.173308,0,
2635,0,0,1,0,0.084340,9.467594,13.789376,0.084340,18.766508,0,
2636,0,0,1,0,0.503009,7.556611,13.366994,0.503009,14.107204,0,
2637,0,0,1,0,1.151733,6.279376,12.649174,1.151733,10.255286,0,
2638,0,0,1,0,2.269681,12.902181,15.964605,2.269681,21.265000,0,
2639,0,0,1,0,0.545884,12.912224,14.122716,0.545884,24.732678,0,
2648,0,0,1,0,1.284178,1.284178,12.905567,1.284178,0.000000,0,
2649,0,0,1,0,1.284178,1.284178,12.905567,1.284178,0.000000,0,
2650,0,0,1,0,1.424650,6.149693,12.828225,1.424650,9.450088,0,
2651,0,0,1,0,1.442273,7.587057,15.770833,1.442273,12.289569,0,
2652,0,0,1,0,0.780527,5.017394,15.100112,0.780527,8.473733,0,
2653,0,0,1,0,0.780527,0.780527,15.100112,0.780527,0.000000,0,
2654,0,0,1,0,0.360023,1.773354,14.675157,0.360023,2.826662,0,
2655,0,0,1,0,3.336008,5.445560,10.885626,3.336008,4.219104,0,
2656,0,0,1,0,3.562558,8.020885,10.585992,3.562558,8.916654,0,
2664,0,0,1,0,3.470915,3.470915,18.053560,3.470915,0.000000,0,
2665,0,0,1,0,3.283242,4.693995,17.859998,3.283242,2.821506,0,
2666,0,0,1,0,0.630666,4.393982,13.906662,0.630666,7.526633,0,
2667,0,0,1,0,1.441083,4.749442,13.137384,1.441083,6.616718,0,
2668,0,0,1,0,1.719215,2.661415,12.855548,1.719215,1.884400,0,
2669,0,0,1,0,1.520379,2.931254,13.052055,1.520379,2.821750,1,src:1->sink:0|f1:2.3172|f2:6.5494
2669,1,0,0,0,2.317248,6.549353,12.268731,2.317248,8.464209,0,src:0->sink:0|f1:1.5204|f2:2.9313
2670,0,0,1,0,1.233276,5.245578,13.406492,1.233276,8.024603,0,
2671,0,0,1,0,2.447917,4.333569,17.134421,2.447917,3.771303,0,
2672,0,0,1,0,3.989591,8.253596,10.504514,3.989591,8.528008,0,src:1->sink:0|f1:940.4539|f2:1108.1526
2672,1,0,0,0,940.453866,1108.152552,301.669981,940.453866,335.397372,0,src:0->sink:0|f1:3.9896|f2:8.2536
2673,0,0,1,0,4.264505,5.206706,10.222400,4.264505,1.884400,0,
2674,0,0,1,0,0.387453,3.683179,14.143043,0.387453,6.591452,0,
2675,0,0,1,0,4.225832,6.123666,10.194977,4.225832,3.795669,0,
2676,0,0,1,0,4.198471,8.435626,10.162938,4.198471,8.474311,0,
2677,0,0,1,0,1.582459,6.774631,12.731115,1.582459,10.384345,0,
2678,0,0,1,0,4.613028,9.814961,9.555764,4.613028,10.403867,0,
2679,0,0,1,0,0.750280,4.042141,13.453090,0.750280,6.583721,0,
2680,0,0,1,0,1.609622,7.545770,15.767818,1.609622,11.872296,0,
2681,0,0,1,0,2.370852,9.569238,16.416577,2.370852,14.396771,0,
2682,0,0,1,0,2.531981,7.734360,11.331685,2.531981,10.404758,0,
2683,0,0,1,0,2.683274,6.457717,11.112459,2.683274,7.548886,0,
2684,0,0,1,0,2.683274,2.683274,11.112459,2.683274,0.000000,0,
2685,0,0,1,0,2.531981,6.306424,11.331685,2.531981,7.548886,0,
2686,0,0,1,0,1.711136,6.080061,12.221789,1.711136,8.737850,0,
2687,0,0,1,0,2.120732,4.017640,16.161537,2.120732,3.793816,0,
2688,0,0,1,0,4.990212,4.990212,19.396257,4.990212,0.000000,0,
2690,0,0,1,0,24.479144,24.479144,38.685423,24.479144,0.000000,0,
2696,0,0,1,0,57.594601,57.594601,71.059122,57.594601,0.000000,0,
2697,0,0,1,0,68.657216,77.968740,81.890320,68.657216,18.623049,0,
2698,0,0,1,0,70.396177,79.653558,83.449527,70.396177,18.514762,0,
2699,0,0,1,0,77.764727,84.358575,90.631882,77.764727,13.187696,0,
2700,0,0,1,0,73.418536,75.814249,86.420843,73.418536,4.791425,0,
2701,0,0,1,0,69.443056,71.410386,82.559742,69.443056,3.934660,0,
2702,0,0,1,0,66.389329,71.964021,79.711040,66.389329,11.149385,0,
2703,0,0,1,0,62.395089,68.720919,75.943104,62.395089,12.651659,0,
2808,0,0,1,0,6.077570,6.077570,8.803860,6.077570,0.000000,0,
2809,0,0,1,0,1.659846,11.010581,12.903732,1.659846,18.701470,0,
2810,0,0,1,0,0.594307,8.921357,14.117568,0.594307,16.654100,0,
2811,0,0,1,0,3.766119,11.288429,10.913478,3.766119,15.044621,0,
2812,0,0,1,0,3.583916,7.637700,11.113067,3.583916,8.107568,0,
2813,0,0,1,0,3.136848,7.667179,11.591462,3.136848,9.060663,0,
2814,0,0,1,0,3.388913,5.758112,11.332486,3.388913,4.738399,0,
2815,0,0,1,0,2.370195,7.716053,12.395600,2.370195,10.691715,0,
2816,0,0,1,0,2.515477,5.358885,12.232391,2.515477,5.686815,0,
2817,0,0,1,0,1.205489,6.413364,16.149397,1.205489,10.415751,0,
2818,0,0,1,0,2.378280,5.401399,12.283836,2.378280,6.046239,0,
2819,0,0,1,0,2.716322,8.488577,11.854453,2.716322,11.544510,0,
2820,0,0,1,0,3.039458,7.798213,11.457252,3.039458,9.517510,0,
2821,0,0,1,0,3.479547,13.096176,10.859429,3.479547,19.233259,0,
2822,0,0,1,0,4.320397,12.001142,9.869186,4.320397,15.361491,0,
2823,0,0,1,0,1.643391,12.249526,12.574779,1.643391,21.212270,0,
2824,0,0,1,0,7.063873,20.121410,6.693925,7.063873,26.115074,0,src:1->sink:0|f1:2734.9036|f2:2995.9465
2824,1,0,0,0,2734.903555,2995.946538,505.783130,2734.903555,522.085966,0,src:0->sink:0|f1:7.0639|f2:20.1214
2825,0,0,1,0,0.178515,12.334465,13.813211,0.178515,24.311900,0,src:1->sink:0|f1:2676.6070|f2:2941.9633
2825,1,0,0,0,2676.606979,2941.963258,509.658232,2676.606979,530.712558,0,src:0->sink:0|f1:0.1785|f2:12.3345
2826,0,0,1,0,2.273538,16.764267,11.385170,2.273538,28.981457,0,src:1->sink:0|f1:2463.5389|f2:2729.9614
2826,1,0,0,0,2463.538853,2729.961383,502.754757,2463.538853,532.845059,0,src:0->sink:0|f1:2.2735|f2:16.7643
2827,0,0,1,0,5.762503,23.878207,19.704829,5.762503,36.231409,0,src:1->sink:0|f1:2267.8500|f2:2542.1663
2827,1,0,0,0,2267.850011,2542.166297,503.358674,2267.850011,548.632571,0,src:0->sink:0|f1:5.7625|f2:23.8782
2828,0,0,0,0,2128.607314,2402.875907,503.459232,2128.607314,548.537187,0,src:1->sink:0|f1:3.0232|f2:21.4342
2828,1,0,1,0,3.023182,21.434176,10.114147,3.023182,36.821988,0,src:0->sink:0|f1:2128.6073|f2:2402.8759
2829,0,0,1,0,4.595659,28.516345,17.915629,4.595659,47.841372,0,src:1->sink:0|f1:1910.3211|f2:2191.9398
2829,1,0,0,0,1910.321102,2191.939845,492.975092,1910.321102,563.237486,0,src:0->sink:0|f1:4.5957|f2:28.5163
2830,0,0,1,0,6.189823,30.650831,19.279819,6.189823,48.922015,0,src:1->sink:0|f1:1749.3534|f2:2030.3823
2830,1,0,0,0,1749.353356,2030.382285,485.144293,1749.353356,562.057857,0,src:0->sink:0|f1:6.1898|f2:30.6508
2831,0,0,1,0,2.946895,32.011598,15.468860,2.946895,58.129405,0,
2832,0,0,1,0,6.097789,40.889303,5.437309,6.097789,69.583027,0,src:0->sink:1|f1:247.7106|f2:337.7720;src:1->sink:0|f1:405.1318|f2:500.3730
2832,0,1,0,0,247.710594,337.771951,157.276378,247.710594,180.122713,0,src:0->sink:0|f1:6.0978|f2:40.8893;src:1->sink:1|f1:17.1645|f2:167.6756
2832,1,0,0,0,405.131779,500.373030,168.336724,405.131779,190.482502,0,src:1->sink:1|f1:17.1645|f2:167.6756;src:0->sink:0|f1:6.0978|f2:40.8893
2832,1,1,1,0,17.164516,167.675610,5.121836,17.164516,301.022188,0,src:1->sink:0|f1:405.1318|f2:500.3730;src:0->sink:1|f1:247.7106|f2:337.7720
2833,0,0,0,0,501.673404,600.172004,193.384176,501.673404,196.997200,0,src:0->sink:1|f1:27.8898|f2:29.3131;src:0->sink:2|f1:5.4424|f2:7.5687;src:1->sink:0|f1:4.4798|f2:27.9216
2833,0,1,0,0,27.889836,29.313137,2.305471,27.889836,2.846602,0,src:0->sink:0|f1:501.6734|f2:600.1720;src:0->sink:2|f1:5.4424|f2:7.5687;src:1->sink:1|f1:305.5478|f2:403.7044
2833,0,2,1,0,5.442447,7.568699,9.165860,5.442447,4.252504,0,src:0->sink:0|f1:501.6734|f2:600.1720;src:0->sink:1|f1:27.8898|f2:29.3131;src:1->sink:2|f1:287.8623|f2:382.9143
2833,1,0,1,0,4.479835,27.921559,6.846437,4.479835,46.883447,0,src:1->sink:1|f1:305.5478|f2:403.7044;src:1->sink:2|f1:287.8623|f2:382.9143;src:0->sink:0|f1:501.6734|f2:600.1720
2833,1,1,0,0,305.547798,403.704365,183.611282,305.547798,196.313134,0,src:1->sink:0|f1:4.4798|f2:27.9216;src:1->sink:2|f1:287.8623|f2:382.9143;src:0->sink:1|f1:27.8898|f2:29.3131
2833,1,2,0,0,287.862289,382.914267,176.741849,287.862289,190.103956,0,src:1->sink:0|f1:4.4798|f2:27.9216;src:1->sink:1|f1:305.5478|f2:403.7044;src:0->sink:2|f1:5.4424|f2:7.5687
2834,0,0,0,0,650.306236,767.738383,234.203494,650.306236,234.864294,0,src:1->sink:0|f1:4.0353|f2:36.9397
2834,1,0,1,0,4.035315,36.939698,15.429116,4.035315,65.808765,0,src:0->sink:0|f1:650.3062|f2:767.7384
2835,0,0,0,0,874.248189,1018.785367,280.103809,874.248189,289.074357,0,src:1->sink:0|f1:4.7428|f2:53.2425
2835,1,0,1,0,4.742766,53.242454,5.541829,4.742766,96.999376,0,src:0->sink:0|f1:874.2482|f2:1018.7854
2836,0,0,1,0,1.947705,32.892199,12.191886,1.947705,61.888988,0,src:1->sink:0|f1:1080.3150|f2:1242.5330
2836,1,0,0,0,1080.315040,1242.533040,314.901910,1080.315040,324.435999,0,src:0->sink:0|f1:1.9477|f2:32.8922
2837,0,0,1,0,0.421815,45.537253,9.988050,0.421815,90.230876,0,src:1->sink:0|f1:1324.3026|f2:1504.3886
2837,1,0,0,0,1324.302582,1504.388552,357.673145,1324.302582,360.171940,0,src:0->sink:0|f1:0.4218|f2:45.5373
2838,0,0,1,0,1.313213,48.928019,10.325813,1.313213,95.229612,0,src:1->sink:0|f1:1594.5531|f2:1795.3889
2838,1,0,0,0,1594.553129,1795.388874,402.206427,1594.553129,401.671491,0,src:0->sink:0|f1:1.3132|f2:48.9280
2839,0,0,1,0,4.061987,43.558587,12.619700,4.061987,78.993200,1,src:1->sink:0|f1:1907.4746|f2:2125.6335;src:2->sink:0|f1:4.0939|f2:48.4362
2839,1,0,0,0,1907.474558,2125.633468,440.462190,1907.474558,436.317820,0,src:0->sink:0|f1:4.0620|f2:43.5586;src:2->sink:0|f1:4.0939|f2:48.4362
2839,2,0,0,0,4.093858,48.436246,4.135940,4.093858,88.684776,0,src:0->sink:0|f1:4.0620|f2:43.5586;src:1->sink:0|f1:1907.4746|f2:2125.6335
2840,0,0,1,0,1.547362,18.355562,9.936821,1.547362,33.616399,0,src:0->sink:1|f1:362.7978|f2:849.7732
2840,0,1,0,0,362.797801,849.773155,341.756863,362.797801,973.950708,0,src:0->sink:0|f1:1.5474|f2:18.3556
2841,0,0,1,0,1.618115,12.690354,10.062402,1.618115,22.144478,0,src:0->sink:1|f1:347.6773|f2:827.3968
2841,0,1,0,0,347.677338,827.396804,329.022177,347.677338,959.438932,0,src:0->sink:0|f1:1.6181|f2:12.6904
2842,0,0,0,0,341.910157,820.956311,324.562647,341.910157,958.092309,0,src:0->sink:1|f1:1.1145|f2:12.2629
2842,0,1,1,0,1.114454,12.262940,7.220723,1.114454,22.296973,0,src:0->sink:0|f1:341.9102|f2:820.9563
2843,0,0,0,0,332.420177,808.118089,316.870796,332.420177,951.395824,0,src:0->sink:1|f1:1.1918|f2:16.2980
2843,0,1,1,0,1.191766,16.298023,7.154020,1.191766,30.212514,0,src:0->sink:0|f1:332.4202|f2:808.1181
2844,0,0,1,0,0.733338,14.904798,7.671288,0.733338,28.342920,0,src:0->sink:1|f1:329.5717|f2:808.3632
2844,0,1,0,0,329.571657,808.363196,315.422797,329.571657,957.583078,0,src:0->sink:0|f1:0.7333|f2:14.9048
2845,0,0,1,0,6.951674,26.474302,1.085804,6.951674,39.045257,0,src:0->sink:1|f1:346.6105|f2:833.0609
2845,0,1,0,0,346.610510,833.060946,332.033608,346.610510,972.900873,0,src:0->sink:0|f1:6.9517|f2:26.4743
2846,0,0,1,0,3.972712,21.509901,4.186613,3.972712,35.074376,0,src:0->sink:1|f1:359.0297|f2:852.4499
2846,0,1,0,0,359.029661,852.449929,344.381578,359.029661,986.840536,0,src:0->sink:0|f1:3.9727|f2:21.5099
2847,0,0,1,0,5.949454,29.808061,1.946699,5.949454,47.717212,0,
2848,0,0,1,0,3.190735,23.908373,11.584133,3.190735,41.435277,0,src:0->sink:1|f1:409.6475|f2:927.8596
2848,0,1,0,0,409.647535,927.859575,392.039595,409.647535,1036.424080,0,src:0->sink:0|f1:3.1907|f2:23.9084
2849,0,0,1,0,1.457734,32.485206,6.541677,1.457734,62.054944,0,src:0->sink:1|f1:441.9363|f2:977.0830
2849,0,1,0,0,441.936316,977.082995,422.132260,441.936316,1070.293359,0,src:0->sink:0|f1:1.4577|f2:32.4852
2850,0,0,1,0,3.729096,38.295359,3.991242,3.729096,69.132526,0,src:0->sink:1|f1:13.8756|f2:44.1326;src:1->sink:0|f1:198.0669|f2:519.3970
2850,0,1,0,0,13.875555,44.132628,6.720258,13.875555,60.514145,0,src:0->sink:0|f1:3.7291|f2:38.2954;src:1->sink:1|f1:211.9754|f2:528.9963
2850,1,0,0,0,198.066883,519.396971,174.221551,198.066883,642.660176,0,src:1->sink:1|f1:211.9754|f2:528.9963;src:0->sink:0|f1:3.7291|f2:38.2954
2850,1,1,1,0,211.975353,528.996250,184.941122,211.975353,634.041794,0,src:1->sink:0|f1:198.0669|f2:519.3970;src:0->sink:1|f1:13.8756|f2:44.1326
2864,0,0,1,0,5.927787,5.927787,1.203217,5.927787,0.000000,0,
2869,0,0,1,0,6.586808,6.586808,12.109523,6.586808,0.000000,0,
2872,0,0,1,0,0.104708,0.104708,5.844181,0.104708,0.000000,0,src:0->sink:1|f1:707.0205|f2:707.0205
2872,0,1,0,0,707.020479,707.020479,622.030663,707.020479,0.000000,0,src:0->sink:0|f1:0.1047|f2:0.1047
2873,0,0,1,0,3.469282,12.253164,2.441507,3.469282,17.567764,0,src:0->sink:1|f1:689.7046|f2:1244.9619
2873,0,1,0,0,689.704572,1244.961859,609.173015,689.704572,1110.514574,0,src:0->sink:0|f1:3.4693|f2:12.2532
2874,0,0,1,0,5.402935,18.043528,0.555449,5.402935,25.281185,0,src:0->sink:1|f1:660.4532|f2:1208.6071
2874,0,1,0,0,660.453220,1208.607135,587.061606,660.453220,1096.307830,0,src:0->sink:0|f1:5.4029|f2:18.0435
2875,0,0,1,0,4.973618,8.800636,1.054992,4.973618,7.654035,0,src:0->sink:1|f1:641.7487|f2:1176.3225
2875,0,1,0,0,641.748678,1176.322491,572.965707,641.748678,1069.147627,0,src:0->sink:0|f1:4.9736|f2:8.8006
2876,0,0,1,0,2.748268,10.200136,3.458073,2.748268,14.903735,0,src:0->sink:1|f1:619.3199|f2:1147.9809
2876,0,1,0,0,619.319869,1147.980907,555.224162,619.319869,1057.322074,0,src:0->sink:0|f1:2.7483|f2:10.2001
2877,0,0,1,0,6.383614,11.886380,0.289846,6.383614,11.005532,0,src:0->sink:1|f1:605.0022|f2:1120.8375
2877,0,1,0,0,605.002194,1120.837537,543.468484,605.002194,1031.670685,0,src:0->sink:0|f1:6.3836|f2:11.8864
2886,0,0,1,0,10.747989,10.747989,4.338639,10.747989,0.000000,0,
2887,0,0,1,0,6.144952,14.291604,0.706424,6.144952,16.293304,0,
2896,0,0,1,0,5.975821,5.975821,2.157939,5.975821,0.000000,0,
2897,0,0,1,0,8.521271,12.501908,0.620366,8.521271,7.961274,0,
2898,0,0,1,0,13.615952,22.947725,6.198941,13.615952,18.663547,0,
2899,0,0,1,0,7.516447,14.402074,0.377137,7.516447,13.771254,0,
2900,0,0,1,0,6.884010,21.744727,0.841381,6.884010,29.721433,0,
2901,0,0,1,0,4.721100,11.552784,3.132135,4.721100,13.663368,0,
2910,0,0,1,0,2.126070,2.126070,7.830242,2.126070,0.000000,0,
2960,0,0,1,0,4.998548,4.998548,1.719320,4.998548,0.000000,0,
2961,0,0,1,0,2.586095,10.672310,4.163790,2.586095,16.172430,0,
2962,0,0,1,0,1.318740,5.599922,5.443972,1.318740,8.562364,0,
2963,0,0,1,0,0.786603,7.418966,7.588570,0.786603,13.264727,0,
2964,0,0,1,0,0.059271,10.825495,6.701458,0.059271,21.532447,0,
2965,0,0,1,0,2.135821,11.294255,4.280304,2.135821,18.316867,0,
2966,0,0,1,0,0.515705,16.062516,6.813251,0.515705,31.093620,0,
2967,0,0,1,0,0.975428,12.313976,5.073176,0.975428,22.677095,0,
2968,0,0,1,0,5.809318,23.176742,11.799731,5.809318,34.734848,0,
2969,0,0,1,0,2.746984,17.126540,2.741009,2.746984,28.759113,0,
2970,0,0,1,0,0.898020,18.161480,4.315951,0.898020,34.526920,0,
2971,0,0,0,0,38.296780,116.033721,32.576016,38.296780,155.473883,0,src:1->sink:0|f1:6.2397|f2:107.3888
2971,1,0,1,0,6.239669,107.388827,12.608618,6.239669,202.298317,0,src:0->sink:0|f1:38.2968|f2:116.0337
2972,0,0,1,0,15.604576,81.937535,22.826553,15.604576,132.665918,0,src:0->sink:1|f1:38.2998|f2:133.3031
2972,0,1,0,0,38.299782,133.303065,30.998539,38.299782,190.006566,0,src:0->sink:0|f1:15.6046|f2:81.9375
2973,0,0,1,0,5.876734,118.844996,14.350778,5.876734,225.936525,0,
2974,0,0,1,0,0.369367,79.399917,8.929403,0.369367,158.061100,0,
2975,0,0,1,0,2.547335,54.633236,12.624592,2.547335,104.171804,0,
2976,0,0,1,0,3.887487,3.887487,14.649716,3.887487,0.000000,0,
2977,0,0,1,0,8.974601,58.356547,2.219913,8.974601,98.763891,0,
2978,0,0,1,0,3.010258,29.686783,14.818396,3.010258,53.353049,0,
2979,0,0,1,0,1.702376,23.414461,10.276922,1.702376,43.424169,0,
2980,0,0,1,0,1.125940,21.255173,11.155145,1.125940,40.258465,0,
2981,0,0,1,0,0.128770,20.288122,12.478295,0.128770,40.318704,0,
2982,0,0,1,0,0.327095,12.897595,13.123073,0.327095,25.141001,0,
2983,0,0,1,0,1.113931,12.600896,14.055870,1.113931,22.973929,0,
2984,0,0,0,0,31.733256,258.421130,18.438765,31.733256,453.375749,0,src:0->sink:1|f1:2.2029|f2:9.7040
2984,0,1,1,0,2.202883,9.703965,15.222584,2.202883,15.002165,0,src:0->sink:0|f1:31.7333|f2:258.4211
2985,0,0,0,0,27.055517,260.088926,13.629063,27.055517,466.066819,0,src:0->sink:1|f1:4.9748|f2:11.8465
2985,0,1,1,0,4.974789,11.846523,18.091047,4.974789,13.743468,0,src:0->sink:0|f1:27.0555|f2:260.0889
2986,0,0,0,0,22.126180,258.372777,8.629230,22.126180,472.493193,0,src:0->sink:1|f1:1.8880|f2:9.7081
2986,0,1,1,0,1.887982,9.708141,15.092102,1.887982,15.640318,0,src:0->sink:0|f1:22.1262|f2:258.3728
2987,0,0,0,0,19.195199,263.352697,5.670633,19.195199,488.314994,0,src:0->sink:1|f1:2.0991|f2:5.8675
2987,0,1,1,0,2.099080,5.867489,15.305237,2.099080,7.536818,0,src:0->sink:0|f1:19.1952|f2:263.3527
2988,0,0,0,0,21.225215,273.164542,7.648009,21.225215,503.878655,0,src:0->sink:1|f1:2.2682|f2:6.5070
2988,0,1,1,0,2.268187,6.506970,15.475227,2.268187,8.477567,0,src:0->sink:0|f1:21.2252|f2:273.1645
2989,0,0,0,0,15.168809,275.061790,1.601635,15.168809,519.785961,0,src:0->sink:1|f1:2.4391|f2:6.6772
2989,0,1,1,0,2.439106,6.677188,15.646120,2.439106,8.476165,0,src:0->sink:0|f1:15.1688|f2:275.0618
2990,0,0,0,0,16.740873,285.325495,3.190802,16.740873,537.169243,0,src:0->sink:1|f1:1.1740|f2:5.6270
2990,0,1,1,0,1.173981,5.627013,11.952776,1.173981,8.906063,0,src:0->sink:0|f1:16.7409|f2:285.3255
2991,0,0,1,0,0.870662,3.696003,12.260013,0.870662,5.650682,0,src:0->sink:1|f1:9.9851|f2:287.5874
2991,0,1,0,0,9.985064,287.587351,3.521215,9.985064,555.204574,0,src:0->sink:0|f1:0.8707|f2:3.6960
2992,0,0,0,0,12.089580,297.244957,1.340882,12.089580,570.310755,0,src:0->sink:1|f1:4.0296|f2:9.5265
2992,0,1,1,0,4.029563,9.526452,9.012820,4.029563,10.993778,0,src:0->sink:0|f1:12.0896|f2:297.2450
2993,0,0,0,0,10.036159,302.461013,3.317606,10.036159,584.849708,0,src:0->sink:1|f1:7.9515|f2:11.2720;src:0->sink:2|f1:6.0320|f2:302.6606
2993,0,1,1,1,7.951461,11.272008,5.292838,7.951461,6.641095,1,src:0->sink:0|f1:10.0362|f2:302.4610;src:0->sink:2|f1:6.0320|f2:302.6606
2993,0,2,0,0,6.032004,302.660618,19.155832,6.032004,593.257228,0,src:0->sink:0|f1:10.0362|f2:302.4610;src:0->sink:1|f1:7.9515|f2:11.2720
2994,0,0,0,0,2.793590,299.540044,15.968770,2.793590,593.492907,0,src:0->sink:1|f1:7.4351|f2:8.8488
2994,0,1,1,1,7.435115,8.848782,5.729193,7.435115,2.827335,1,src:0->sink:0|f1:2.7936|f2:299.5400
3014,0,0,1,0,1.273173,1.273173,16.412904,1.273173,0.000000,0,
3015,0,0,1,0,1.251777,4.085570,13.831744,1.251777,5.667587,0,
3016,0,0,1,0,2.216025,5.529619,17.432805,2.216025,6.627190,0,
3017,0,0,1,0,2.682492,5.507534,17.901309,2.682492,5.650083,0,
3018,0,0,1,0,1.414499,7.161094,13.639818,1.414499,11.493190,0,
3019,0,0,1,0,1.951059,7.140444,17.072886,1.951059,10.378769,0,
3020,0,0,1,0,1.471026,4.860776,13.494226,1.471026,6.779500,0,
3021,0,0,1,0,0.348246,4.983186,14.589571,0.348246,9.269880,0,src:0->sink:1|f1:24.1135|f2:51.5124
3021,0,1,0,0,24.113495,51.512388,38.898561,24.113495,54.797787,0,src:0->sink:0|f1:0.3482|f2:4.9832
3022,0,0,1,0,3.112606,10.543751,18.061321,3.112606,14.862290,0,src:0->sink:1|f1:28.0752|f2:59.2766
3022,0,1,0,0,28.075214,59.276618,42.676729,28.075214,62.402807,0,src:0->sink:0|f1:3.1126|f2:10.5438
3023,0,0,1,0,2.082992,9.838145,16.873766,2.082992,15.510307,0,src:0->sink:1|f1:28.3025|f2:63.1143
3023,0,1,0,0,28.302521,63.114336,42.840961,28.302521,69.623629,0,src:0->sink:0|f1:2.0830|f2:9.8381
3024,0,0,1,0,5.131811,16.407042,19.858671,5.131811,22.550463,0,
3025,0,0,1,0,2.104302,11.784139,16.587352,2.104302,19.359674,0,
3026,0,0,1,0,0.977005,16.442103,15.181053,0.977005,30.930196,0,
3027,0,0,1,0,1.046562,13.741487,12.903038,1.046562,25.389850,0,src:1->sink:0|f1:2863.7438|f2:3218.6534
3027,1,0,0,0,2863.743799,3218.653443,616.180195,2863.743799,709.819290,0,src:0->sink:0|f1:1.0466|f2:13.7415
3028,0,0,1,0,1.675014,18.961853,15.448286,1.675014,34.573677,0,
3029,0,0,1,0,4.828451,17.570914,18.489426,4.828451,25.484926,0,
3030,0,0,1,0,0.999842,23.135370,14.219620,0.999842,44.271057,0,
3031,0,0,1,0,1.560921,23.655958,11.228334,1.560921,44.190075,0,
3032,0,0,1,0,2.099887,24.560287,10.328577,2.099887,44.920800,0,src:0->sink:1|f1:42.9804|f2:397.2983;src:1->sink:0|f1:168.1734|f2:260.8320
3032,0,1,0,0,42.980405,397.298318,55.736403,42.980405,708.635824,0,src:0->sink:0|f1:2.0999|f2:24.5603;src:1->sink:1|f1:146.0606|f2:570.5767
3032,1,0,0,0,168.173369,260.831958,114.382425,168.173369,185.317180,0,src:1->sink:1|f1:146.0606|f2:570.5767;src:0->sink:0|f1:2.0999|f2:24.5603
3032,1,1,1,0,146.060577,570.576679,155.738295,146.060577,849.032204,0,src:1->sink:0|f1:168.1734|f2:260.8320;src:0->sink:1|f1:42.9804|f2:397.2983
3033,0,0,1,0,5.644761,33.187054,17.874643,5.644761,55.084586,0,src:0->sink:1|f1:24.1864|f2:128.2255
3033,0,1,0,0,24.186443,128.225516,36.563012,24.186443,208.078146,0,src:0->sink:0|f1:5.6448|f2:33.1871
3034,0,0,1,0,0.949613,32.775113,10.611148,0.949613,63.651000,1,src:0->sink:1|f1:4.5141|f2:366.0897
3034,0,1,0,0,4.514099,366.089681,7.262789,4.514099,723.151164,0,src:0->sink:0|f1:0.9496|f2:32.7751
3035,0,0,1,0,9.278092,32.985511,20.720147,9.278092,47.414837,0,src:0->sink:1|f1:18.1286|f2:374.7461
3035,0,1,0,0,18.128622,374.746129,6.657082,18.128622,713.235013,0,src:0->sink:0|f1:9.2781|f2:32.9855
3037,0,0,0,0,79.865388,79.865388,69.159459,79.865388,0.000000,0,src:0->sink:1|f1:3.1173|f2:3.1173
3037,0,1,1,0,3.117329,3.117329,13.235982,3.117329,0.000000,0,src:0->sink:0|f1:79.8654|f2:79.8654
3038,0,0,0,0,98.873806,466.731927,88.193514,98.873806,735.716242,0,src:0->sink:1|f1:8.6635|f2:38.1911
3038,0,1,1,0,8.663493,38.191087,18.429894,8.663493,59.055189,0,src:0->sink:0|f1:98.8738|f2:466.7319
3039,0,0,0,0,137.021746,515.632510,125.773207,137.021746,757.221528,0,src:0->sink:1|f1:4.2774|f2:45.3898
3039,0,1,1,0,4.277432,45.389809,13.361024,4.277432,82.224753,0,src:0->sink:0|f1:137.0217|f2:515.6325
3040,0,0,1,0,9.053936,45.129677,17.650891,9.053936,72.151483,0,src:0->sink:1|f1:156.2613|f2:531.9565
3040,0,1,0,0,156.261319,531.956501,144.520076,156.261319,751.390363,0,src:0->sink:0|f1:9.0539|f2:45.1297
3041,0,0,0,0,202.563411,594.348466,188.411122,202.563411,783.570110,0,src:0->sink:1|f1:1.5256|f2:49.2619
3041,0,1,1,0,1.525643,49.261900,6.169445,1.525643,95.472514,0,src:0->sink:0|f1:202.5634|f2:594.3485
3042,0,0,1,0,2.497609,50.179106,9.536695,2.497609,95.362994,0,src:0->sink:1|f1:246.9788|f2:641.9388
3042,0,1,0,0,246.978757,641.938777,229.267106,246.978757,789.920039,0,src:0->sink:0|f1:2.4976|f2:50.1791
3043,0,0,1,0,3.521539,34.966565,10.115112,3.521539,62.890051,0,
3044,0,0,1,0,2.278897,7.510223,8.901904,2.278897,10.462652,0,
3045,0,0,1,0,0.803383,11.283738,7.585382,0.803383,20.960710,0,
3046,0,0,1,0,3.697363,8.189257,10.527515,3.697363,8.983788,0,
3047,0,0,1,0,2.146476,7.838862,8.990849,2.146476,11.384773,0,
3048,0,0,0,0,275.708682,689.790886,257.496379,275.708682,828.164407,0,src:0->sink:1|f1:1.4246|f2:5.2412
3048,0,1,1,0,1.424577,5.241168,8.294551,1.424577,7.633180,0,src:0->sink:0|f1:275.7087|f2:689.7909
3049,0,0,0,0,271.255093,686.191445,253.990429,271.255093,829.872703,0,src:0->sink:1|f1:3.7710|f2:10.4191
3049,0,1,1,0,3.771046,10.419064,10.711112,3.771046,13.296035,0,src:0->sink:0|f1:271.2551|f2:686.1914
3050,0,0,0,0,268.498042,683.830294,251.846090,268.498042,830.664505,0,src:0->sink:1|f1:5.0541|f2:12.9157
3050,0,1,1,0,5.054052,12.915721,11.985193,5.054052,15.723339,0,src:0->sink:0|f1:268.4980|f2:683.8303
3051,0,0,0,0,272.556489,691.621084,255.766972,272.556489,838.129189,0,src:0->sink:1|f1:5.9336|f2:16.4167
3051,0,1,1,0,5.933586,16.416680,12.778718,5.933586,20.966187,0,src:0->sink:0|f1:272.5565|f2:691.6211
3052,0,0,0,0,280.414517,704.258452,263.036850,280.414517,847.687871,0,src:0->sink:1|f1:1.4644|f2:11.4986
3052,0,1,1,0,1.464379,11.498640,8.102354,1.464379,20.068523,0,src:0->sink:0|f1:280.4145|f2:704.2585
3053,0,0,0,0,289.215908,717.724852,271.430583,289.215908,857.017889,0,src:0->sink:1|f1:0.2827|f2:12.9161
3053,0,1,1,0,0.282724,12.916092,6.205603,0.282724,25.266735,0,src:0->sink:0|f1:289.2159|f2:717.7249
3054,0,0,1,0,1.372011,15.092036,7.752843,1.372011,27.440052,0,src:0->sink:1|f1:304.1009|f2:736.3273
3054,0,1,0,0,304.100908,736.327286,285.106469,304.100908,864.452757,0,src:0->sink:0|f1:1.3720|f2:15.0920
3055,0,0,1,0,0.173268,14.580921,6.314634,0.173268,28.815305,0,src:0->sink:1|f1:320.0530|f2:759.2059;src:0->sink:2|f1:745.7263|f2:986.7725
3055,0,1,0,0,320.052964,759.205887,299.266801,320.052964,878.305845,0,src:0->sink:0|f1:0.1733|f2:14.5809;src:0->sink:2|f1:745.7263|f2:986.7725
3055,0,2,0,0,745.726273,986.772513,441.880056,745.726273,482.092481,0,src:0->sink:0|f1:0.1733|f2:14.5809;src:0->sink:1|f1:320.0530|f2:759.2059
3056,0,0,0,0,274.363589,732.218745,258.758658,274.363589,915.710312,0,src:0->sink:1|f1:12.5237|f2:46.4713;src:0->sink:2|f1:20.8598|f2:72.1651
3056,0,1,1,0,12.523687,46.471345,19.478027,12.523687,67.895316,0,src:0->sink:0|f1:274.3636|f2:732.2187;src:0->sink:2|f1:20.8598|f2:72.1651
3056,0,2,0,0,20.859798,72.165114,14.320691,20.859798,102.610632,0,src:0->sink:0|f1:274.3636|f2:732.2187;src:0->sink:1|f1:12.5237|f2:46.4713
3057,0,0,0,0,163.375903,651.389547,153.505022,163.375903,976.027288,0,src:0->sink:1|f1:6.7730|f2:119.6297;src:0->sink:2|f1:268.7048|f2:485.8806
3057,0,1,1,0,6.772978,119.629741,15.138925,6.772978,225.713527,0,src:0->sink:0|f1:163.3759|f2:651.3895;src:0->sink:2|f1:268.7048|f2:485.8806
3057,0,2,0,0,268.704784,485.880552,187.572682,268.704784,434.351537,0,src:0->sink:0|f1:163.3759|f2:651.3895;src:0->sink:1|f1:6.7730|f2:119.6297
3058,0,0,0,0,83.952002,530.720023,74.748155,83.952002,893.536042,0,src:0->sink:1|f1:2.6393|f2:86.4942;src:1->sink:0|f1:132.8238|f2:739.7288
3058,0,1,1,0,2.639297,86.494170,12.075049,2.639297,167.709744,0,src:0->sink:0|f1:83.9520|f2:530.7200;src:1->sink:1|f1:531.0798|f2:775.0717
3058,1,0,1,0,132.823788,739.728821,141.552673,132.823788,1213.810066,0,src:1->sink:1|f1:531.0798|f2:775.0717;src:0->sink:0|f1:83.9520|f2:530.7200
3058,1,1,0,0,531.079771,775.071655,238.231173,531.079771,487.983768,0,src:1->sink:0|f1:132.8238|f2:739.7288;src:0->sink:1|f1:2.6393|f2:86.4942
3060,0,0,0,0,73.602949,73.602949,85.805088,73.602949,0.000000,0,src:0->sink:1|f1:6.3020|f2:6.3020;src:1->sink:0|f1:7.7969|f2:7.7969;src:2->sink:0|f1:145.5408|f2:145.5408
3060,0,1,1,0,6.301998,6.301998,4.990508,6.301998,0.000000,0,src:0->sink:0|f1:73.6029|f2:73.6029;src:1->sink:1|f1:81.4860|f2:81.4860;src:2->sink:1|f1:85.0008|f2:85.0008
3060,1,0,1,0,7.796902,7.796902,18.417175,7.796902,0.000000,0,src:1->sink:1|f1:81.4860|f2:81.4860;src:0->sink:0|f1:73.6029|f2:73.6029;src:2->sink:0|f1:145.5408|f2:145.5408
3060,1,1,0,0,81.486033,81.486033,65.343703,81.486033,0.000000,0,src:1->sink:0|f1:7.7969|f2:7.7969;src:0->sink:1|f1:6.3020|f2:6.3020;src:2->sink:1|f1:85.0008|f2:85.0008
3060,2,0,0,0,145.540824,145.540824,153.224637,145.540824,0.000000,0,src:2->sink:1|f1:85.0008|f2:85.0008;src:0->sink:0|f1:73.6029|f2:73.6029;src:1->sink:0|f1:7.7969|f2:7.7969
3060,2,1,0,0,85.000773,85.000773,75.359074,85.000773,0.000000,0,src:2->sink:0|f1:145.5408|f2:145.5408;src:0->sink:1|f1:6.3020|f2:6.3020;src:1->sink:1|f1:81.4860|f2:81.4860
3061,0,0,0,0,145.972259,276.227410,153.689165,145.972259,260.510301,0,src:0->sink:1|f1:15.0210|f2:149.3251;src:1->sink:0|f1:149.9678|f2:277.6856
3061,0,1,1,0,15.020964,149.325107,27.326979,15.020964,268.608286,0,src:0->sink:0|f1:145.9723|f2:276.2274;src:1->sink:1|f1:20.0234|f2:150.9688
3061,1,0,1,0,149.967836,277.685588,157.773668,149.967836,255.435504,0,src:1->sink:1|f1:20.0234|f2:150.9688;src:0->sink:0|f1:145.9723|f2:276.2274
3061,1,1,0,0,20.023415,150.968829,31.589101,20.023415,261.890829,0,src:1->sink:0|f1:149.9678|f2:277.6856;src:0->sink:1|f1:15.0210|f2:149.3251
3062,0,0,0,0,177.616218,251.686282,189.290130,177.616218,148.140128,0,src:0->sink:1|f1:12.1849|f2:109.4338;src:1->sink:0|f1:146.2724|f2:150.7435
3062,0,1,1,0,12.184937,109.433781,25.634456,12.184937,194.497687,0,src:0->sink:0|f1:177.6162|f2:251.6863;src:1->sink:1|f1:26.6558|f2:47.7683
3062,1,0,1,0,146.272440,150.743526,154.055304,146.272440,8.942172,0,src:1->sink:1|f1:26.6558|f2:47.7683;src:0->sink:0|f1:177.6162|f2:251.6863
3062,1,1,0,0,26.655826,47.768346,11.120583,26.655826,42.225040,0,src:1->sink:0|f1:146.2724|f2:150.7435;src:0->sink:1|f1:12.1849|f2:109.4338
3063,0,0,0,0,219.230253,290.375293,228.744524,219.230253,142.290080,0,src:0->sink:1|f1:4.7157|f2:52.0594;src:1->sink:0|f1:146.2724|f2:146.2724
3063,0,1,1,0,4.715684,52.059413,18.598778,4.715684,94.687456,0,src:0->sink:0|f1:219.2303|f2:290.3753;src:1->sink:1|f1:168.3543|f2:268.9020
3063,1,0,1,0,146.272440,146.272440,154.055304,146.272440,0.000000,0,src:1->sink:1|f1:168.3543|f2:268.9020;src:0->sink:0|f1:219.2303|f2:290.3753
3063,1,1,0,0,168.354343,268.902010,59.280253,168.354343,201.095333,0,src:1->sink:0|f1:146.2724|f2:146.2724;src:0->sink:1|f1:4.7157|f2:52.0594
3064,0,0,0,0,241.302294,317.896851,249.131272,241.302294,153.189115,0,src:0->sink:1|f1:3.4111|f2:36.4179;src:1->sink:0|f1:198.8410|f2:268.7511
3064,0,1,1,0,3.411126,36.417916,17.725381,3.411126,66.013579,0,src:0->sink:0|f1:241.3023|f2:317.8969;src:1->sink:1|f1:38.5775|f2:61.2900
3064,1,0,1,0,198.841028,268.751054,209.101454,198.841028,139.820051,0,src:1->sink:1|f1:38.5775|f2:61.2900;src:0->sink:0|f1:241.3023|f2:317.8969
3064,1,1,0,0,38.577490,61.289957,23.981458,38.577490,45.424935,0,src:1->sink:0|f1:198.8410|f2:268.7511;src:0->sink:1|f1:3.4111|f2:36.4179
3065,0,0,1,0,4.880272,35.354181,9.515105,4.880272,60.947819,0,src:0->sink:1|f1:269.3253|f2:303.9665
3065,0,1,0,0,269.325319,303.966502,274.779447,269.325319,69.282366,0,src:0->sink:0|f1:4.8803|f2:35.3542
3066,0,0,1,0,3.729400,34.794479,19.013689,3.729400,62.130157,0,src:1->sink:0|f1:26.0294|f2:43.3570
3066,1,0,0,0,26.029353,43.356986,11.440636,26.029353,34.655266,0,src:0->sink:0|f1:3.7294|f2:34.7945
3067,0,0,1,0,5.817064,28.396927,21.551209,5.817064,45.159726,0,
3068,0,0,1,0,0.534239,20.687774,15.200433,0.534239,40.307070,0,
3069,0,0,1,0,7.464207,19.390389,23.754478,7.464207,23.852365,0,
3072,0,0,1,0,459.218207,459.218207,299.155964,459.218207,0.000000,0,
3082,0,0,1,0,18.393645,18.393645,32.203510,18.393645,0.000000,0,
3083,0,0,1,0,0.672225,13.616058,16.886556,0.672225,25.887665,0,
3084,0,0,1,0,0.573538,5.349758,16.728862,0.573538,9.552439,0,
3085,0,0,1,0,3.306302,12.618912,12.718025,3.306302,18.625220,0,
3086,0,0,1,0,1.702669,23.128938,14.301741,1.702669,42.852539,0,src:1->sink:0|f1:40.4708|f2:75.5698
3086,1,0,0,0,40.470822,75.569816,21.377026,40.470822,70.197988,0,src:0->sink:0|f1:1.7027|f2:23.1289
3087,0,0,1,0,2.999479,21.282051,18.999528,2.999479,36.565144,0,src:1->sink:0|f1:39.6255|f2:80.0375
3087,1,0,0,0,39.625480,80.037460,22.208133,39.625480,80.823960,0,src:0->sink:0|f1:2.9995|f2:21.2821
3088,0,0,1,0,0.692094,13.479402,15.161192,0.692094,25.574616,0,
3089,0,0,1,0,3.492878,23.523759,12.178926,3.492878,40.061762,0,
3090,0,0,1,0,1.457504,22.786138,14.082056,1.457504,42.657268,0,
3091,0,0,1,0,0.605531,28.578721,14.730373,0.605531,55.946381,0,
3092,0,0,1,0,5.584411,27.761791,20.708131,5.584411,44.354760,0,
3093,0,0,1,0,0.892843,30.529878,15.751909,0.892843,59.274071,0,src:0->sink:1|f1:9.3813|f2:26.9104
3093,0,1,0,0,9.381281,26.910378,5.716150,9.381281,35.058194,0,src:0->sink:0|f1:0.8928|f2:30.5299
3094,0,0,1,0,3.143215,24.534893,11.454165,3.143215,42.783357,1,src:0->sink:1|f1:6.9127|f2:36.0050
3094,0,1,0,0,6.912750,36.004996,21.313489,6.912750,58.184493,0,src:0->sink:0|f1:3.1432|f2:24.5349
3095,0,0,1,0,5.423635,41.702171,8.814256,5.423635,72.557072,0,
3096,0,0,1,0,2.121198,34.785386,15.812543,2.121198,65.328376,0,src:0->sink:1|f1:225.4874|f2:517.2590
3096,0,1,0,0,225.487388,517.259019,216.463046,225.487388,583.543262,0,src:0->sink:0|f1:2.1212|f2:34.7854
3097,0,0,1,0,4.067268,42.214800,17.052057,4.067268,76.295063,0,
3098,0,0,1,0,3.784410,37.898845,16.241130,3.784410,68.228870,0,
3099,0,0,1,0,4.883238,46.083603,16.615783,4.883238,82.400730,0,src:0->sink:1|f1:106.2330|f2:328.7721
3099,0,1,0,0,106.233026,328.772107,109.318281,106.233026,445.078162,0,src:0->sink:0|f1:4.8832|f2:46.0836
3100,0,0,0,0,68.154455,264.325980,74.029358,68.154455,392.343051,0,src:0->sink:1|f1:7.1883|f2:45.9010
3100,0,1,1,0,7.188337,45.901013,18.055120,7.188337,77.425352,0,src:0->sink:0|f1:68.1545|f2:264.3260
3101,0,0,0,0,25.969710,210.369001,34.428158,25.969710,368.798581,0,src:0->sink:1|f1:1.3641|f2:44.0279
3101,0,1,1,0,1.364110,44.027859,11.757774,1.364110,85.327498,0,src:0->sink:0|f1:25.9697|f2:210.3690
3102,0,0,0,0,12.630547,179.054211,1.814142,12.630547,332.847326,0,src:0->sink:1|f1:7.1426|f2:53.0325
3102,0,1,1,0,7.142634,53.032516,16.281643,7.142634,91.779763,0,src:0->sink:0|f1:12.6305|f2:179.0542
3103,0,0,0,0,64.174472,220.409938,48.790712,64.174472,312.470933,0,src:0->sink:1|f1:0.2163|f2:48.6606;src:0->sink:2|f1:11.4214|f2:69.4459
3103,0,1,1,0,0.216316,48.660585,8.479764,0.216316,96.888538,0,src:0->sink:0|f1:64.1745|f2:220.4099;src:0->sink:2|f1:11.4214|f2:69.4459
3103,0,2,0,0,11.421407,69.445883,19.055805,11.421407,116.048952,0,src:0->sink:0|f1:64.1745|f2:220.4099;src:0->sink:1|f1:0.2163|f2:48.6606
3104,0,0,0,0,115.102772,251.592904,90.991306,115.102772,272.980263,0,src:0->sink:1|f1:1.9514|f2:50.4041
3104,0,1,1,0,1.951390,50.404143,9.485648,1.951390,96.905505,0,src:0->sink:0|f1:115.1028|f2:251.5929
3105,0,0,0,0,174.536728,306.767574,132.708151,174.536728,264.461691,0,src:0->sink:1|f1:6.1721|f2:56.7514
3105,0,1,1,0,6.172081,56.751425,12.208601,6.172081,101.158688,0,src:0->sink:0|f1:174.5367|f2:306.7676
3107,0,0,0,0,339.075839,339.075839,206.302958,339.075839,0.000000,0,src:0->sink:1|f1:5.0603|f2:5.0603
3107,0,1,1,0,5.060331,5.060331,9.180517,5.060331,0.000000,0,src:0->sink:0|f1:339.0758|f2:339.0758
3108,0,0,0,0,358.835450,486.986004,204.880663,358.835450,256.301108,0,src:0->sink:1|f1:9.6854|f2:33.2925
3108,0,1,1,0,9.685399,33.292524,13.350968,9.685399,47.214250,0,src:0->sink:0|f1:358.8355|f2:486.9860
3176,0,0,1,0,0.140872,0.140872,14.475392,0.140872,0.000000,0,
3177,0,0,1,0,0.592730,8.604590,15.066221,0.592730,16.023720,0,
3178,0,0,1,0,6.433382,18.113910,20.770733,6.433382,23.361057,0,
3179,0,0,1,0,2.050150,10.579758,16.807113,2.050150,17.059216,0,
3180,0,0,1,0,2.228828,8.317413,12.867265,2.228828,12.177170,0,
3181,0,0,1,0,2.353361,7.436158,12.843397,2.353361,10.165593,0,
3237,0,0,1,0,9.958691,9.958691,5.567085,9.958691,0.000000,0,
3238,0,0,1,0,3.731104,20.519066,11.021663,3.731104,33.575925,0,
3239,0,0,1,0,0.244156,9.605724,14.540590,0.244156,18.723136,0,
3263,0,0,1,0,0.627062,0.627062,15.528414,0.627062,0.000000,0,
