Frame,Visibility,X,Y,Z,Original_Frame,Point_Coordinates_Camera1,Point_Coordinates_Camera2,Point_Costs_Formula1,Point_Costs_Formula2,Point_Costs_Epipolar,Point_Costs_Reprojection,Point_Costs_Temporal
0,1,[2.4170 ],[6.0681 ],[0.1791 ],0,"[(717.0000, 281.0000)]","[(559.0000, 292.0000)]",[0.452783],[0.452783],[12.324721],[0.452783],[0.000000]
1,1,[2.4195 ],[6.1032 ],[0.2151 ],1,"[(717.0000, 277.0000)]","[(559.0000, 292.0000)]",[4.396348],[6.301889],[16.376920],[4.396348],[3.811083]
2,1,[3.3832 ],[14.6212 ],[3.0031 ],2,"[(720.0000, 277.0000)]","[(1378.0000, 142.0000)]",[20.267460],[425.429047],[8.042874],[20.267460],[810.323175]
3,1,[3.3818 ],[14.6092 ],[3.0001 ],3,"[(720.0000, 277.0000)]","[(1366.0000, 142.0000)]",[21.606430],[28.075265],[9.392665],[21.606430],[12.937668]
4,1,[3.3802 ],[14.5961 ],[2.9949 ],4,"[(720.0000, 281.0000)]","[(1352.0000, 142.0000)]",[27.002656],[36.393272],[14.856634],[27.002656],[18.781231]
5,1,[3.3789 ],[14.5846 ],[2.9920 ],5,"[(720.0000, 281.0000)]","[(1341.0000, 142.0000)]",[28.260366],[34.096321],[16.126144],[28.260366],[11.671910]
6,1,[3.3783 ],[14.5613 ],[2.9861 ],6,"[(722.0000, 281.0000)]","[(1321.0000, 142.0000)]",[30.628914],[42.090570],[18.508318],[30.628914],[22.923312]
7,1,[3.3764 ],[14.5433 ],[2.9795 ],7,"[(722.0000, 281.0000)]","[(1305.0000, 146.0000)]",[28.637361],[37.367193],[16.538910],[28.637361],[17.459664]
8,1,[3.3751 ],[14.5295 ],[2.9738 ],8,"[(722.0000, 281.0000)]","[(1293.0000, 150.0000)]",[26.214235],[32.869324],[14.131047],[26.214235],[13.310178]
9,1,[3.3732 ],[14.5129 ],[2.9697 ],9,"[(722.0000, 281.0000)]","[(1279.0000, 150.0000)]",[27.924260],[35.094535],[15.857325],[27.924260],[14.340551]
10,1,[3.3714 ],[14.4942 ],[2.9655 ],10,"[(722.0000, 277.0000)]","[(1265.0000, 153.0000)]",[22.945687],[32.228090],[10.832917],[22.945687],[18.564805]
11,1,[3.3702 ],[14.4804 ],[2.9575 ],11,"[(722.0000, 277.0000)]","[(1254.0000, 161.0000)]",[16.669435],[23.679505],[4.556756],[16.669435],[14.020139]
12,1,[3.3691 ],[14.4688 ],[2.9522 ],12,"[(722.0000, 277.0000)]","[(1245.0000, 165.0000)]",[14.000052],[19.036264],[1.888962],[14.000052],[10.072424]
13,1,[3.3671 ],[14.4478 ],[2.9404 ],13,"[(722.0000, 277.0000)]","[(1229.0000, 176.0000)]",[5.616728],[15.476171],[6.506172],[5.616728],[19.718885]
14,1,[3.3660 ],[14.4357 ],[2.9330 ],14,"[(722.0000, 277.0000)]","[(1220.0000, 183.0000)]",[0.172944],[5.912624],[11.962148],[0.172944],[11.479359]
15,1,[3.3644 ],[14.4204 ],[2.9266 ],15,"[(722.0000, 277.0000)]","[(1209.0000, 187.0000)]",[2.138681],[7.990060],[14.277568],[2.138681],[11.702759]
16,1,[3.3627 ],[14.4046 ],[2.9199 ],16,"[(722.0000, 277.0000)]","[(1198.0000, 191.0000)]",[4.427887],[10.249069],[16.571735],[4.427887],[11.642364]
17,1,[3.3619 ],[14.3983 ],[2.9257 ],17,"[(722.0000, 273.0000)]","[(1195.0000, 183.0000)]",[0.306378],[6.273027],[12.503406],[0.306378],[11.933297]
18,1,[3.3612 ],[14.3935 ],[2.9288 ],18,"[(722.0000, 273.0000)]","[(1192.0000, 176.0000)]",[6.696076],[10.315010],[5.469130],[6.696076],[7.237868]
19,1,[2.4638 ],[5.9494 ],[0.2291 ],19,"[(722.0000, 273.0000)]","[(562.0000, 285.0000)]",[2.248291],[305.934404],[14.280168],[2.248291],[607.372226]
20,1,[2.4638 ],[5.9494 ],[0.2291 ],20,"[(722.0000, 273.0000)]","[(562.0000, 285.0000)]",[2.248291],[2.248291],[14.280168],[2.248291],[0.000000]
21,1,[2.4592 ],[5.5466 ],[0.1018 ],21,"[(725.0000, 273.0000)]","[(562.0000, 285.0000)]",[2.181476],[3.603328],[14.209676],[2.181476],[2.843704]
22,1,[2.4678 ],[5.6358 ],[0.1539 ],22,"[(725.0000, 273.0000)]","[(562.0000, 281.0000)]",[1.446152],[3.320352],[10.510478],[1.446152],[3.748398]
23,1,[2.4678 ],[5.6358 ],[0.1539 ],23,"[(725.0000, 273.0000)]","[(562.0000, 281.0000)]",[1.446152],[1.446152],[10.510478],[1.446152],[0.000000]
24,1,[2.4722 ],[6.0318 ],[0.2962 ],24,"[(722.0000, 270.0000)]","[(562.0000, 281.0000)]",[1.550223],[3.572252],[13.618489],[1.550223],[4.044059]
25,1,[2.4720 ],[6.0302 ],[0.2775 ],25,"[(722.0000, 273.0000)]","[(562.0000, 281.0000)]",[1.376561],[2.805111],[10.580968],[1.376561],[2.857101]
26,1,[2.4722 ],[6.0318 ],[0.2962 ],26,"[(722.0000, 270.0000)]","[(562.0000, 281.0000)]",[1.550223],[2.978773],[13.618489],[1.550223],[2.857101]
27,1,[2.4722 ],[6.0318 ],[0.2962 ],27,"[(722.0000, 270.0000)]","[(562.0000, 281.0000)]",[1.550223],[1.550223],[13.618489],[1.550223],[0.000000]
28,1,[2.4680 ],[5.6371 ],[0.1732 ],28,"[(725.0000, 270.0000)]","[(562.0000, 281.0000)]",[1.479744],[2.901504],[13.545168],[1.479744],[2.843521]
29,1,[2.4268 ],[5.2353 ],[0.0497 ],29,"[(725.0000, 270.0000)]","[(559.0000, 281.0000)]",[1.049682],[2.461217],[13.105735],[1.049682],[2.823071]
30,1,[2.4770 ],[5.7347 ],[0.2272 ],30,"[(725.0000, 270.0000)]","[(562.0000, 277.0000)]",[2.145552],[4.498192],[9.846067],[2.145552],[4.705280]
31,1,[2.4770 ],[5.7347 ],[0.2272 ],31,"[(725.0000, 270.0000)]","[(562.0000, 277.0000)]",[2.145552],[2.145552],[9.846067],[2.145552],[0.000000]
32,1,[3.3576 ],[14.3303 ],[2.9245 ],32,"[(725.0000, 270.0000)]","[(1155.0000, 161.0000)]",[22.993056],[309.606233],[10.880079],[22.993056],[573.226353]
33,1,[3.3589 ],[14.3451 ],[2.9307 ],33,"[(725.0000, 270.0000)]","[(1164.0000, 157.0000)]",[25.557443],[30.417801],[13.445988],[25.557443],[9.720718]
34,1,[3.3606 ],[14.3609 ],[2.9395 ],34,"[(725.0000, 266.0000)]","[(1175.0000, 153.0000)]",[24.034182],[31.731554],[11.847894],[24.034182],[15.394744]
35,1,[3.3617 ],[14.3785 ],[2.9505 ],35,"[(725.0000, 266.0000)]","[(1186.0000, 142.0000)]",[33.017050],[40.778473],[20.850460],[33.017050],[15.522846]
36,1,[3.3638 ],[14.3995 ],[2.9578 ],36,"[(725.0000, 266.0000)]","[(1200.0000, 138.0000)]",[35.018699],[42.297397],[22.839320],[35.018699],[14.557395]
37,1,[3.3655 ],[14.4169 ],[2.9636 ],37,"[(725.0000, 266.0000)]","[(1212.0000, 135.0000)]",[36.354923],[42.567827],[24.162362],[36.354923],[12.425808]
38,1,[3.3698 ],[14.4293 ],[2.9711 ],38,"[(728.0000, 266.0000)]","[(1223.0000, 127.0000)]",[42.731903],[51.087325],[30.510530],[42.731903],[16.710843]
39,1,[3.3710 ],[14.4464 ],[2.9752 ],39,"[(728.0000, 270.0000)]","[(1234.0000, 123.0000)]",[49.074148],[56.958010],[36.877536],[49.074148],[15.767724]
40,1,[2.4989 ],[5.6163 ],[0.3057 ],40,"[(728.0000, 262.0000)]","[(562.0000, 266.0000)]",[4.419052],[336.440918],[7.692521],[4.419052],[664.043731]
41,1,[2.5677 ],[5.9248 ],[0.4182 ],41,"[(731.0000, 258.0000)]","[(568.0000, 266.0000)]",[0.301838],[5.492613],[12.533521],[0.301838],[10.381551]
42,1,[2.6118 ],[5.7812 ],[0.4801 ],42,"[(736.0000, 251.0000)]","[(570.0000, 255.0000)]",[2.699625],[12.014744],[9.585622],[2.699625],[18.630238]
43,1,[2.6375 ],[5.2528 ],[0.4704 ],43,"[(742.0000, 240.0000)]","[(570.0000, 243.0000)]",[3.042912],[14.596886],[9.416090],[3.042912],[23.107949]
44,1,[2.6897 ],[4.9632 ],[0.5089 ],44,"[(748.0000, 228.0000)]","[(573.0000, 236.0000)]",[2.546004],[12.472508],[15.293942],[2.546004],[19.853009]
45,1,[2.7726 ],[5.8167 ],[0.8722 ],45,"[(750.0000, 217.0000)]","[(579.0000, 221.0000)]",[0.442972],[13.330298],[13.331827],[0.442972],[25.774652]
46,1,[2.8286 ],[5.6614 ],[0.9559 ],46,"[(756.0000, 206.0000)]","[(582.0000, 210.0000)]",[1.372169],[12.643686],[14.459525],[1.372169],[22.543034]
47,1,[2.9214 ],[6.1119 ],[1.1614 ],47,"[(762.0000, 198.0000)]","[(590.0000, 198.0000)]",[0.848616],[12.347516],[12.319186],[0.848616],[22.997801]
48,1,[2.9497 ],[5.6676 ],[1.1616 ],48,"[(767.0000, 187.0000)]","[(590.0000, 191.0000)]",[3.290371],[12.280621],[16.717857],[3.290371],[17.980500]
49,1,[3.0223 ],[5.8100 ],[1.2682 ],49,"[(773.0000, 180.0000)]","[(596.0000, 183.0000)]",[3.389223],[12.437133],[16.935797],[3.389223],[18.095821]
50,1,[3.0837 ],[6.5390 ],[1.4849 ],50,"[(776.0000, 176.0000)]","[(604.0000, 172.0000)]",[1.743596],[10.497704],[11.767725],[1.743596],[17.508218]
51,1,[3.1705 ],[6.7225 ],[1.5875 ],51,"[(784.0000, 168.0000)]","[(613.0000, 165.0000)]",[0.499621],[11.194709],[14.201239],[0.499621],[21.390175]
52,1,[3.2283 ],[6.6781 ],[1.6098 ],52,"[(790.0000, 165.0000)]","[(618.0000, 161.0000)]",[0.144170],[6.315003],[13.892578],[0.144170],[12.341667]
53,1,[3.2581 ],[6.7365 ],[1.6564 ],53,"[(793.0000, 161.0000)]","[(621.0000, 157.0000)]",[0.638731],[5.346418],[14.466299],[0.638731],[9.415374]
54,1,[3.3342 ],[6.5964 ],[1.6661 ],54,"[(801.0000, 157.0000)]","[(627.0000, 153.0000)]",[1.254958],[8.857114],[15.168898],[1.254958],[15.204312]
55,1,[3.3926 ],[6.5454 ],[1.6878 ],55,"[(807.0000, 153.0000)]","[(632.0000, 150.0000)]",[2.747842],[8.884196],[16.759072],[2.747842],[12.272707]
56,1,[3.4459 ],[7.3556 ],[1.8220 ],56,"[(812.0000, 153.0000)]","[(646.0000, 150.0000)]",[4.410370],[13.360329],[18.451748],[4.410370],[17.899918]
57,1,[3.5013 ],[7.3576 ],[1.8199 ],57,"[(818.0000, 153.0000)]","[(652.0000, 150.0000)]",[4.902473],[10.556049],[18.950145],[4.902473],[11.307152]
58,1,[3.5771 ],[7.3451 ],[1.7970 ],58,"[(826.0000, 157.0000)]","[(660.0000, 150.0000)]",[1.679488],[9.684978],[15.632724],[1.679488],[16.010981]
59,1,[3.6288 ],[7.5671 ],[1.8202 ],59,"[(832.0000, 157.0000)]","[(669.0000, 153.0000)]",[5.362343],[12.652234],[19.352716],[5.362343],[14.579782]
60,1,[3.6854 ],[7.5640 ],[1.7833 ],60,"[(838.0000, 165.0000)]","[(675.0000, 153.0000)]",[1.847268],[9.428052],[11.939793],[1.847268],[15.161568]
61,1,[3.7752 ],[7.2222 ],[1.6703 ],61,"[(846.0000, 168.0000)]","[(680.0000, 161.0000)]",[2.876328],[11.343463],[16.674406],[2.876328],[16.934269]
62,1,[3.8233 ],[7.5550 ],[1.6647 ],62,"[(852.0000, 176.0000)]","[(691.0000, 168.0000)]",[2.876933],[13.758685],[16.545024],[2.876933],[21.763505]
63,1,[3.8276 ],[8.1446 ],[1.7170 ],63,"[(855.0000, 183.0000)]","[(703.0000, 176.0000)]",[5.103003],[15.502074],[18.659386],[5.103003],[20.798141]
64,1,[3.9409 ],[7.4773 ],[1.5131 ],64,"[(863.0000, 191.0000)]","[(703.0000, 183.0000)]",[3.518784],[12.173909],[16.934159],[3.518784],[17.310250]
65,1,[3.9994 ],[7.8449 ],[1.4887 ],65,"[(871.0000, 202.0000)]","[(717.0000, 195.0000)]",[5.785865],[20.912181],[18.996617],[5.785865],[30.252632]
66,1,[4.0213 ],[8.0849 ],[1.4315 ],66,"[(874.0000, 217.0000)]","[(725.0000, 206.0000)]",[2.704344],[16.354536],[15.675401],[2.704344],[27.300384]
67,1,[4.0759 ],[8.2030 ],[1.3476 ],67,"[(880.0000, 232.0000)]","[(734.0000, 217.0000)]",[0.245031],[14.601070],[12.473234],[0.245031],[28.712079]
68,1,[4.1767 ],[8.0426 ],[1.1538 ],68,"[(888.0000, 247.0000)]","[(742.0000, 236.0000)]",[4.136515],[21.886294],[16.563566],[4.136515],[35.499558]
69,1,[4.1474 ],[8.7076 ],[1.2453 ],69,"[(891.0000, 258.0000)]","[(756.0000, 247.0000)]",[6.010940],[19.810110],[18.213590],[6.010940],[27.598340]
70,1,[4.2088 ],[8.7651 ],[1.1021 ],70,"[(897.0000, 277.0000)]","[(765.0000, 266.0000)]",[7.081619],[26.428601],[18.905309],[7.081619],[38.693965]
71,1,[4.2538 ],[8.7577 ],[0.9537 ],71,"[(900.0000, 296.0000)]","[(770.0000, 281.0000)]",[3.942734],[20.514708],[15.485860],[3.942734],[33.143948]
72,1,[4.3045 ],[8.8678 ],[0.8119 ],72,"[(905.0000, 318.0000)]","[(779.0000, 300.0000)]",[2.473246],[23.093794],[13.639587],[2.473246],[41.241097]
73,1,[4.5346 ],[8.0871 ],[0.3011 ],73,"[(916.0000, 341.0000)]","[(781.0000, 322.0000)]",[1.957468],[24.471783],[12.703472],[1.957468],[45.028631]
74,1,[4.4855 ],[8.9402 ],[0.4470 ],74,"[(922.0000, 363.0000)]","[(801.0000, 341.0000)]",[2.615536],[26.493993],[12.936786],[2.615536],[47.756915]
75,1,[4.5475 ],[8.7459 ],[0.1468 ],75,"[(922.0000, 386.0000)]","[(801.0000, 363.0000)]",[2.145756],[23.446648],[12.053906],[2.145756],[42.601785]
76,1,[4.5832 ],[8.8339 ],[0.0179 ],76,"[(925.0000, 405.0000)]","[(807.0000, 378.0000)]",[0.179432],[16.967173],[9.439130],[0.179432],[33.575482]
77,1,[4.6265 ],[9.0130 ],[0.2107 ],77,"[(936.0000, 393.0000)]","[(818.0000, 367.0000)]",[2.366930],[17.375096],[12.119651],[2.366930],[30.016333]
78,1,[4.6767 ],[9.0779 ],[0.3035 ],78,"[(945.0000, 386.0000)]","[(826.0000, 360.0000)]",[3.552580],[13.920724],[13.385054],[3.552580],[20.736287]
79,1,[4.6731 ],[9.2394 ],[0.4475 ],79,"[(950.0000, 378.0000)]","[(832.0000, 352.0000)]",[4.319669],[13.483119],[14.269196],[4.319669],[18.326900]
80,1,[4.7745 ],[9.0993 ],[0.4644 ],80,"[(961.0000, 371.0000)]","[(838.0000, 341.0000)]",[1.302534],[13.307748],[11.468860],[1.302534],[24.010427]
81,1,[4.7988 ],[9.1480 ],[0.5550 ],81,"[(967.0000, 363.0000)]","[(843.0000, 333.0000)]",[1.866395],[11.014935],[12.158129],[1.866395],[18.297080]
82,1,[4.8656 ],[9.1153 ],[0.5523 ],82,"[(975.0000, 363.0000)]","[(849.0000, 330.0000)]",[0.014506],[6.922232],[10.330613],[0.014506],[13.815452]
83,1,[4.9268 ],[9.1373 ],[0.5715 ],83,"[(984.0000, 360.0000)]","[(857.0000, 330.0000)]",[4.070409],[12.286663],[14.320225],[4.070409],[16.432508]
84,1,[4.9522 ],[9.2127 ],[0.6186 ],84,"[(990.0000, 360.0000)]","[(863.0000, 326.0000)]",[1.209440],[7.412426],[11.556911],[1.209440],[12.405972]
85,1,[4.8977 ],[9.5875 ],[0.7716 ],85,"[(995.0000, 360.0000)]","[(874.0000, 326.0000)]",[3.000244],[10.533565],[13.277743],[3.000244],[15.066641]
86,1,[5.0203 ],[9.4136 ],[0.6963 ],86,"[(1006.0000, 360.0000)]","[(880.0000, 326.0000)]",[4.005630],[11.986175],[14.228595],[4.005630],[15.961089]
87,1,[5.0938 ],[9.3004 ],[0.6476 ],87,"[(1012.0000, 360.0000)]","[(883.0000, 326.0000)]",[4.512473],[8.736313],[14.705072],[4.512473],[8.447680]
88,1,[5.2657 ],[9.0137 ],[0.4757 ],88,"[(1023.0000, 367.0000)]","[(888.0000, 330.0000)]",[2.820842],[11.993832],[12.936478],[2.820842],[18.345981]
89,1,[5.2533 ],[9.2394 ],[0.5382 ],89,"[(1029.0000, 371.0000)]","[(897.0000, 333.0000)]",[3.572493],[11.455429],[13.570403],[3.572493],[15.765872]
90,1,[5.2085 ],[9.5112 ],[0.5894 ],90,"[(1032.0000, 378.0000)]","[(905.0000, 341.0000)]",[6.287526],[15.247405],[16.012341],[6.287526],[17.919757]
91,1,[5.1952 ],[9.6666 ],[0.6067 ],91,"[(1035.0000, 386.0000)]","[(911.0000, 345.0000)]",[3.883462],[11.354069],[13.567825],[3.883462],[14.941215]
92,1,[5.1983 ],[9.8236 ],[0.6017 ],92,"[(1040.0000, 397.0000)]","[(919.0000, 352.0000)]",[2.059884],[12.824243],[11.611047],[2.059884],[21.528718]
93,1,[5.4173 ],[9.4443 ],[0.3252 ],93,"[(1051.0000, 408.0000)]","[(922.0000, 363.0000)]",[3.456377],[16.185685],[12.707950],[3.456377],[25.458617]
94,1,[5.3250 ],[9.8054 ],[0.3823 ],94,"[(1051.0000, 423.0000)]","[(930.0000, 375.0000)]",[2.933031],[16.874097],[11.918533],[2.933031],[27.882132]
95,1,[5.3258 ],[9.9296 ],[0.3451 ],95,"[(1054.0000, 435.0000)]","[(936.0000, 386.0000)]",[3.925339],[15.723177],[12.616364],[3.925339],[23.595676]
96,1,[5.3930 ],[9.9294 ],[0.2305 ],96,"[(1060.0000, 450.0000)]","[(942.0000, 397.0000)]",[2.341954],[2.341954],[10.815931],[2.341954],[0.000000]
97,1,[5.4531 ],[9.9242 ],[0.1099 ],97,"[(1065.0000, 461.0000)]","[(947.0000, 412.0000)]",[8.216432],[21.415036],[16.097477],[8.216432],[26.397207]
98,1,[5.5383 ],[9.7766 ],[-0.0049 ],98,"[(1068.0000, 468.0000)]","[(947.0000, 412.0000)]",[1.979647],[5.603061],[10.107640],[1.979647],[7.246828]
99,1,[5.5891 ],[9.8642 ],[0.1042 ],99,"[(1082.0000, 461.0000)]","[(959.0000, 405.0000)]",[3.839160],[17.715931],[11.969497],[3.839160],[27.753541]
100,1,[5.6068 ],[9.9479 ],[0.2019 ],100,"[(1091.0000, 457.0000)]","[(967.0000, 397.0000)]",[1.148615],[11.084654],[9.507986],[1.148615],[19.872078]
101,1,[5.4930 ],[10.2989 ],[0.4244 ],101,"[(1096.0000, 453.0000)]","[(978.0000, 393.0000)]",[2.795634],[11.319890],[11.125499],[2.795634],[17.048513]
102,1,[5.6154 ],[10.2169 ],[0.3766 ],102,"[(1110.0000, 453.0000)]","[(987.0000, 393.0000)]",[4.716501],[15.521000],[12.898191],[4.716501],[21.608998]
103,1,[5.7149 ],[10.1632 ],[0.3446 ],103,"[(1122.0000, 453.0000)]","[(995.0000, 393.0000)]",[6.421378],[15.821820],[14.461040],[6.421378],[18.800885]
104,1,[5.7056 ],[10.2654 ],[0.3955 ],104,"[(1127.0000, 457.0000)]","[(1001.0000, 390.0000)]",[1.028446],[7.215843],[9.346353],[1.028446],[12.374794]
105,1,[5.7488 ],[10.2713 ],[0.3683 ],105,"[(1133.0000, 461.0000)]","[(1006.0000, 393.0000)]",[1.475861],[7.635589],[9.675839],[1.475861],[12.319457]
106,1,[5.8056 ],[10.2686 ],[0.3489 ],106,"[(1141.0000, 465.0000)]","[(1012.0000, 393.0000)]",[0.818182],[7.869618],[7.448364],[0.818182],[14.102873]
107,1,[5.8969 ],[10.2123 ],[0.2859 ],107,"[(1150.0000, 468.0000)]","[(1018.0000, 397.0000)]",[1.807988],[9.683618],[9.820179],[1.807988],[15.751261]
108,1,[5.8605 ],[10.3869 ],[0.3329 ],108,"[(1155.0000, 476.0000)]","[(1026.0000, 401.0000)]",[0.251805],[8.961667],[8.207495],[0.251805],[17.419724]
109,1,[5.9565 ],[10.3299 ],[0.2515 ],109,"[(1164.0000, 480.0000)]","[(1032.0000, 408.0000)]",[5.057363],[14.060888],[12.561053],[5.057363],[18.007050]
110,1,[6.0298 ],[10.3178 ],[0.1461 ],110,"[(1170.0000, 495.0000)]","[(1037.0000, 416.0000)]",[0.906271],[13.051375],[8.411320],[0.906271],[24.290207]
111,1,[6.1167 ],[10.2930 ],[0.0515 ],111,"[(1178.0000, 506.0000)]","[(1043.0000, 423.0000)]",[0.405741],[11.229982],[6.967320],[0.405741],[21.648481]
112,1,[6.1232 ],[10.4093 ],[0.0206 ],112,"[(1184.0000, 517.0000)]","[(1051.0000, 435.0000)]",[3.655600],[16.431219],[10.472942],[3.655600],[25.551238]
113,1,[6.0616 ],[10.5835 ],[0.0660 ],113,"[(1186.0000, 525.0000)]","[(1057.0000, 442.0000)]",[4.842423],[13.127645],[11.392238],[4.842423],[16.570443]
114,1,[6.0159 ],[10.7341 ],[0.1616 ],114,"[(1192.0000, 525.0000)]","[(1065.0000, 442.0000)]",[6.527225],[13.144734],[12.918908],[6.527225],[13.235017]
115,1,[6.1083 ],[10.6670 ],[0.1496 ],115,"[(1203.0000, 521.0000)]","[(1071.0000, 438.0000)]",[7.526335],[16.463439],[13.886055],[7.526335],[17.874208]
116,1,[6.1847 ],[10.6385 ],[0.1133 ],116,"[(1212.0000, 525.0000)]","[(1077.0000, 438.0000)]",[5.458920],[12.983933],[11.898967],[5.458920],[15.050027]
117,1,[6.3182 ],[10.5540 ],[0.0559 ],117,"[(1226.0000, 525.0000)]","[(1085.0000, 438.0000)]",[7.488932],[17.929895],[13.711038],[7.488932],[20.881927]
118,1,[6.3129 ],[10.6825 ],[0.1240 ],118,"[(1237.0000, 528.0000)]","[(1096.0000, 438.0000)]",[7.300835],[17.955517],[13.450663],[7.300835],[21.309363]
119,1,[6.2442 ],[10.8642 ],[0.2245 ],119,"[(1243.0000, 532.0000)]","[(1105.0000, 438.0000)]",[5.674226],[13.396340],[11.879274],[5.674226],[15.444228]
120,1,[6.1884 ],[10.9901 ],[0.2740 ],120,"[(1245.0000, 536.0000)]","[(1110.0000, 442.0000)]",[7.265614],[12.437939],[13.230135],[7.265614],[10.344649]
121,1,[6.3371 ],[10.8856 ],[0.1587 ],121,"[(1257.0000, 543.0000)]","[(1116.0000, 446.0000)]",[6.880150],[16.971253],[12.704954],[6.880150],[20.182207]
122,1,[6.3422 ],[10.9909 ],[0.1514 ],122,"[(1265.0000, 555.0000)]","[(1125.0000, 453.0000)]",[5.626932],[17.962337],[11.302189],[5.626932],[24.670811]
123,1,[6.4673 ],[10.9209 ],[0.0229 ],123,"[(1274.0000, 566.0000)]","[(1130.0000, 461.0000)]",[5.652434],[16.965004],[11.071954],[5.652434],[22.625139]
124,1,[6.5180 ],[10.9310 ],[-0.0055 ],124,"[(1282.0000, 570.0000)]","[(1136.0000, 465.0000)]",[7.810808],[15.565535],[12.902607],[7.810808],[15.509454]
125,1,[6.4614 ],[11.0710 ],[0.0809 ],125,"[(1288.0000, 573.0000)]","[(1144.0000, 465.0000)]",[6.977080],[14.043324],[12.076530],[6.977080],[14.132489]
126,1,[6.4921 ],[11.0907 ],[0.0933 ],126,"[(1296.0000, 573.0000)]","[(1150.0000, 465.0000)]",[8.488147],[15.228490],[13.405018],[8.488147],[13.480687]
127,0,[0],[0],[0],127,[],[],[],[],[],[],[]
128,1,[6.7321 ],[11.0301 ],[-0.0034 ],128,"[(1327.0000, 585.0000)]","[(1170.0000, 465.0000)]",[3.359760],[3.359760],[8.497389],[3.359760],[0.000000]
129,1,[6.7937 ],[11.0438 ],[-0.0211 ],129,"[(1338.0000, 588.0000)]","[(1178.0000, 468.0000)]",[5.945615],[15.663210],[10.710238],[5.945615],[19.435189]
130,1,[6.6510 ],[11.2887 ],[0.1248 ],130,"[(1344.0000, 592.0000)]","[(1189.0000, 472.0000)]",[9.056187],[18.227582],[13.360960],[9.056187],[18.342790]
131,1,[6.5834 ],[11.4411 ],[0.1907 ],131,"[(1350.0000, 600.0000)]","[(1198.0000, 476.0000)]",[8.358369],[17.995548],[12.552680],[8.358369],[19.274358]
132,1,[6.3519 ],[11.7583 ],[0.3921 ],132,"[(1350.0000, 611.0000)]","[(1209.0000, 476.0000)]",[0.975795],[11.571777],[5.772733],[0.975795],[21.191965]
133,0,[0],[0],[0],133,[],[],[],[],[],[],[]
134,1,[6.8834 ],[11.3554 ],[0.0341 ],134,"[(1386.0000, 618.0000)]","[(1220.0000, 480.0000)]",[3.153827],[3.153827],[7.479091],[3.153827],[0.000000]
135,1,[6.8671 ],[11.4216 ],[0.0692 ],135,"[(1392.0000, 622.0000)]","[(1226.0000, 480.0000)]",[1.187783],[7.751365],[5.647546],[1.187783],[13.127164]
136,1,[3.0670 ],[14.8399 ],[2.9491 ],136,"[(360.0000, 258.0000)]","[(1237.0000, 487.0000)]",[312.237794],[840.213834],[327.923940],[312.237794],[1055.952080]
137,1,[3.0665 ],[14.8480 ],[2.9492 ],137,"[(354.0000, 262.0000)]","[(1245.0000, 491.0000)]",[312.591711],[320.360786],[328.627409],[312.591711],[15.538150]
138,1,[3.0692 ],[14.8539 ],[2.9502 ],138,"[(354.0000, 262.0000)]","[(1254.0000, 495.0000)]",[317.973313],[322.750988],[333.738546],[317.973313],[9.555349]
139,1,[3.0692 ],[14.8595 ],[2.9534 ],139,"[(351.0000, 258.0000)]","[(1260.0000, 498.0000)]",[326.336401],[331.980549],[341.972933],[326.336401],[11.288295]
140,1,[3.0739 ],[14.8660 ],[2.9560 ],140,"[(351.0000, 258.0000)]","[(1274.0000, 498.0000)]",[328.402403],[335.272950],[344.121279],[328.402403],[13.741094]
141,1,[3.0745 ],[14.8683 ],[2.9537 ],141,"[(351.0000, 262.0000)]","[(1276.0000, 502.0000)]",[328.192648],[332.237595],[343.747364],[328.192648],[8.089895]
142,1,[3.0780 ],[14.8698 ],[2.9542 ],142,"[(354.0000, 262.0000)]","[(1282.0000, 502.0000)]",[329.249885],[333.639382],[344.589595],[329.249885],[8.778994]
143,1,[3.0792 ],[14.8723 ],[2.9501 ],143,"[(354.0000, 270.0000)]","[(1285.0000, 506.0000)]",[324.641976],[330.868997],[339.976657],[324.641976],[12.454042]
144,0,[0],[0],[0],144,[],[],[],[],[],[],[]
145,0,[0],[0],[0],145,[],[],[],[],[],[],[]
146,0,[0],[0],[0],146,[],[],[],[],[],[],[]
147,0,[0],[0],[0],147,[],[],[],[],[],[],[]
148,0,[0],[0],[0],148,[],[],[],[],[],[],[]
149,0,[0],[0],[0],149,[],[],[],[],[],[],[]
150,0,[0],[0],[0],150,[],[],[],[],[],[],[]
151,0,[0],[0],[0],151,[],[],[],[],[],[],[]
152,0,[0],[0],[0],152,[],[],[],[],[],[],[]
153,0,[0],[0],[0],153,[],[],[],[],[],[],[]
154,0,[0],[0],[0],154,[],[],[],[],[],[],[]
155,0,[0],[0],[0],155,[],[],[],[],[],[],[]
156,0,[0],[0],[0],156,[],[],[],[],[],[],[]
157,0,[0],[0],[0],157,[],[],[],[],[],[],[]
158,0,[0],[0],[0],158,[],[],[],[],[],[],[]
159,0,[0],[0],[0],159,[],[],[],[],[],[],[]
160,0,[0],[0],[0],160,[],[],[],[],[],[],[]
161,0,[0],[0],[0],161,[],[],[],[],[],[],[]
162,0,[0],[0],[0],162,[],[],[],[],[],[],[]
163,0,[0],[0],[0],163,[],[],[],[],[],[],[]
164,0,[0],[0],[0],164,[],[],[],[],[],[],[]
165,0,[0],[0],[0],165,[],[],[],[],[],[],[]
166,0,[0],[0],[0],166,[],[],[],[],[],[],[]
167,0,[0],[0],[0],167,[],[],[],[],[],[],[]
168,0,[0],[0],[0],168,[],[],[],[],[],[],[]
169,0,[0],[0],[0],169,[],[],[],[],[],[],[]
170,0,[0],[0],[0],170,[],[],[],[],[],[],[]
171,0,[0],[0],[0],171,[],[],[],[],[],[],[]
172,0,[0],[0],[0],172,[],[],[],[],[],[],[]
173,0,[0],[0],[0],173,[],[],[],[],[],[],[]
174,0,[0],[0],[0],174,[],[],[],[],[],[],[]
175,0,[0],[0],[0],175,[],[],[],[],[],[],[]
176,0,[0],[0],[0],176,[],[],[],[],[],[],[]
177,0,[0],[0],[0],177,[],[],[],[],[],[],[]
178,0,[0],[0],[0],178,[],[],[],[],[],[],[]
179,0,[0],[0],[0],179,[],[],[],[],[],[],[]
180,0,[0],[0],[0],180,[],[],[],[],[],[],[]
181,0,[0],[0],[0],181,[],[],[],[],[],[],[]
182,0,[0],[0],[0],182,[],[],[],[],[],[],[]
183,0,[0],[0],[0],183,[],[],[],[],[],[],[]
184,0,[0],[0],[0],184,[],[],[],[],[],[],[]
185,0,[0],[0],[0],185,[],[],[],[],[],[],[]
186,0,[0],[0],[0],186,[],[],[],[],[],[],[]
187,0,[0],[0],[0],187,[],[],[],[],[],[],[]
188,0,[0],[0],[0],188,[],[],[],[],[],[],[]
189,0,[0],[0],[0],189,[],[],[],[],[],[],[]
190,0,[0],[0],[0],190,[],[],[],[],[],[],[]
191,0,[0],[0],[0],191,[],[],[],[],[],[],[]
192,0,[0],[0],[0],192,[],[],[],[],[],[],[]
193,0,[0],[0],[0],193,[],[],[],[],[],[],[]
194,0,[0],[0],[0],194,[],[],[],[],[],[],[]
195,0,[0],[0],[0],195,[],[],[],[],[],[],[]
196,0,[0],[0],[0],196,[],[],[],[],[],[],[]
197,0,[0],[0],[0],197,[],[],[],[],[],[],[]
198,0,[0],[0],[0],198,[],[],[],[],[],[],[]
199,0,[0],[0],[0],199,[],[],[],[],[],[],[]
200,0,[0],[0],[0],200,[],[],[],[],[],[],[]
201,0,[0],[0],[0],201,[],[],[],[],[],[],[]
202,0,[0],[0],[0],202,[],[],[],[],[],[],[]
203,0,[0],[0],[0],203,[],[],[],[],[],[],[]
204,0,[0],[0],[0],204,[],[],[],[],[],[],[]
205,0,[0],[0],[0],205,[],[],[],[],[],[],[]
206,0,[0],[0],[0],206,[],[],[],[],[],[],[]
207,0,[0],[0],[0],207,[],[],[],[],[],[],[]
208,0,[0],[0],[0],208,[],[],[],[],[],[],[]
209,0,[0],[0],[0],209,[],[],[],[],[],[],[]
210,0,[0],[0],[0],210,[],[],[],[],[],[],[]
211,0,[0],[0],[0],211,[],[],[],[],[],[],[]
212,0,[0],[0],[0],212,[],[],[],[],[],[],[]
213,0,[0],[0],[0],213,[],[],[],[],[],[],[]
214,0,[0],[0],[0],214,[],[],[],[],[],[],[]
215,0,[0],[0],[0],215,[],[],[],[],[],[],[]
216,0,[0],[0],[0],216,[],[],[],[],[],[],[]
217,0,[0],[0],[0],217,[],[],[],[],[],[],[]
218,0,[0],[0],[0],218,[],[],[],[],[],[],[]
219,0,[0],[0],[0],219,[],[],[],[],[],[],[]
220,0,[0],[0],[0],220,[],[],[],[],[],[],[]
221,0,[0],[0],[0],221,[],[],[],[],[],[],[]
222,0,[0],[0],[0],222,[],[],[],[],[],[],[]
223,0,[0],[0],[0],223,[],[],[],[],[],[],[]
224,0,[0],[0],[0],224,[],[],[],[],[],[],[]
225,0,[0],[0],[0],225,[],[],[],[],[],[],[]
226,0,[0],[0],[0],226,[],[],[],[],[],[],[]
227,0,[0],[0],[0],227,[],[],[],[],[],[],[]
228,0,[0],[0],[0],228,[],[],[],[],[],[],[]
229,0,[0],[0],[0],229,[],[],[],[],[],[],[]
230,0,[0],[0],[0],230,[],[],[],[],[],[],[]
231,0,[0],[0],[0],231,[],[],[],[],[],[],[]
232,0,[0],[0],[0],232,[],[],[],[],[],[],[]
233,0,[0],[0],[0],233,[],[],[],[],[],[],[]
234,0,[0],[0],[0],234,[],[],[],[],[],[],[]
235,0,[0],[0],[0],235,[],[],[],[],[],[],[]
236,0,[0],[0],[0],236,[],[],[],[],[],[],[]
237,0,[0],[0],[0],237,[],[],[],[],[],[],[]
238,0,[0],[0],[0],238,[],[],[],[],[],[],[]
239,0,[0],[0],[0],239,[],[],[],[],[],[],[]
240,0,[0],[0],[0],240,[],[],[],[],[],[],[]
241,0,[0],[0],[0],241,[],[],[],[],[],[],[]
242,0,[0],[0],[0],242,[],[],[],[],[],[],[]
243,0,[0],[0],[0],243,[],[],[],[],[],[],[]
244,0,[0],[0],[0],244,[],[],[],[],[],[],[]
245,0,[0],[0],[0],245,[],[],[],[],[],[],[]
246,0,[0],[0],[0],246,[],[],[],[],[],[],[]
247,0,[0],[0],[0],247,[],[],[],[],[],[],[]
248,0,[0],[0],[0],248,[],[],[],[],[],[],[]
249,0,[0],[0],[0],249,[],[],[],[],[],[],[]
250,0,[0],[0],[0],250,[],[],[],[],[],[],[]
251,0,[0],[0],[0],251,[],[],[],[],[],[],[]
252,0,[0],[0],[0],252,[],[],[],[],[],[],[]
253,0,[0],[0],[0],253,[],[],[],[],[],[],[]
254,0,[0],[0],[0],254,[],[],[],[],[],[],[]
255,0,[0],[0],[0],255,[],[],[],[],[],[],[]
256,0,[0],[0],[0],256,[],[],[],[],[],[],[]
257,0,[0],[0],[0],257,[],[],[],[],[],[],[]
258,0,[0],[0],[0],258,[],[],[],[],[],[],[]
259,0,[0],[0],[0],259,[],[],[],[],[],[],[]
260,0,[0],[0],[0],260,[],[],[],[],[],[],[]
261,0,[0],[0],[0],261,[],[],[],[],[],[],[]
262,0,[0],[0],[0],262,[],[],[],[],[],[],[]
263,0,[0],[0],[0],263,[],[],[],[],[],[],[]
264,0,[0],[0],[0],264,[],[],[],[],[],[],[]
265,0,[0],[0],[0],265,[],[],[],[],[],[],[]
266,0,[0],[0],[0],266,[],[],[],[],[],[],[]
267,0,[0],[0],[0],267,[],[],[],[],[],[],[]
268,0,[0],[0],[0],268,[],[],[],[],[],[],[]
269,0,[0],[0],[0],269,[],[],[],[],[],[],[]
270,0,[0],[0],[0],270,[],[],[],[],[],[],[]
271,0,[0],[0],[0],271,[],[],[],[],[],[],[]
272,0,[0],[0],[0],272,[],[],[],[],[],[],[]
273,0,[0],[0],[0],273,[],[],[],[],[],[],[]
274,0,[0],[0],[0],274,[],[],[],[],[],[],[]
275,0,[0],[0],[0],275,[],[],[],[],[],[],[]
276,0,[0],[0],[0],276,[],[],[],[],[],[],[]
277,0,[0],[0],[0],277,[],[],[],[],[],[],[]
278,0,[0],[0],[0],278,[],[],[],[],[],[],[]
279,0,[0],[0],[0],279,[],[],[],[],[],[],[]
280,0,[0],[0],[0],280,[],[],[],[],[],[],[]
281,0,[0],[0],[0],281,[],[],[],[],[],[],[]
282,0,[0],[0],[0],282,[],[],[],[],[],[],[]
283,0,[0],[0],[0],283,[],[],[],[],[],[],[]
284,0,[0],[0],[0],284,[],[],[],[],[],[],[]
285,0,[0],[0],[0],285,[],[],[],[],[],[],[]
286,0,[0],[0],[0],286,[],[],[],[],[],[],[]
287,0,[0],[0],[0],287,[],[],[],[],[],[],[]
288,0,[0],[0],[0],288,[],[],[],[],[],[],[]
289,0,[0],[0],[0],289,[],[],[],[],[],[],[]
290,0,[0],[0],[0],290,[],[],[],[],[],[],[]
291,0,[0],[0],[0],291,[],[],[],[],[],[],[]
292,0,[0],[0],[0],292,[],[],[],[],[],[],[]
293,0,[0],[0],[0],293,[],[],[],[],[],[],[]
294,0,[0],[0],[0],294,[],[],[],[],[],[],[]
295,0,[0],[0],[0],295,[],[],[],[],[],[],[]
296,0,[0],[0],[0],296,[],[],[],[],[],[],[]
297,0,[0],[0],[0],297,[],[],[],[],[],[],[]
298,0,[0],[0],[0],298,[],[],[],[],[],[],[]
299,0,[0],[0],[0],299,[],[],[],[],[],[],[]
300,0,[0],[0],[0],300,[],[],[],[],[],[],[]
301,0,[0],[0],[0],301,[],[],[],[],[],[],[]
302,0,[0],[0],[0],302,[],[],[],[],[],[],[]
303,0,[0],[0],[0],303,[],[],[],[],[],[],[]
304,0,[0],[0],[0],304,[],[],[],[],[],[],[]
305,0,[0],[0],[0],305,[],[],[],[],[],[],[]
306,0,[0],[0],[0],306,[],[],[],[],[],[],[]
307,0,[0],[0],[0],307,[],[],[],[],[],[],[]
308,0,[0],[0],[0],308,[],[],[],[],[],[],[]
309,0,[0],[0],[0],309,[],[],[],[],[],[],[]
310,0,[0],[0],[0],310,[],[],[],[],[],[],[]
311,0,[0],[0],[0],311,[],[],[],[],[],[],[]
312,0,[0],[0],[0],312,[],[],[],[],[],[],[]
313,0,[0],[0],[0],313,[],[],[],[],[],[],[]
314,0,[0],[0],[0],314,[],[],[],[],[],[],[]
315,0,[0],[0],[0],315,[],[],[],[],[],[],[]
316,0,[0],[0],[0],316,[],[],[],[],[],[],[]
317,0,[0],[0],[0],317,[],[],[],[],[],[],[]
318,0,[0],[0],[0],318,[],[],[],[],[],[],[]
319,0,[0],[0],[0],319,[],[],[],[],[],[],[]
320,0,[0],[0],[0],320,[],[],[],[],[],[],[]
321,0,[0],[0],[0],321,[],[],[],[],[],[],[]
322,0,[0],[0],[0],322,[],[],[],[],[],[],[]
323,0,[0],[0],[0],323,[],[],[],[],[],[],[]
324,0,[0],[0],[0],324,[],[],[],[],[],[],[]
325,0,[0],[0],[0],325,[],[],[],[],[],[],[]
326,0,[0],[0],[0],326,[],[],[],[],[],[],[]
327,0,[0],[0],[0],327,[],[],[],[],[],[],[]
328,0,[0],[0],[0],328,[],[],[],[],[],[],[]
329,0,[0],[0],[0],329,[],[],[],[],[],[],[]
330,0,[0],[0],[0],330,[],[],[],[],[],[],[]
331,0,[0],[0],[0],331,[],[],[],[],[],[],[]
332,0,[0],[0],[0],332,[],[],[],[],[],[],[]
333,0,[0],[0],[0],333,[],[],[],[],[],[],[]
334,0,[0],[0],[0],334,[],[],[],[],[],[],[]
335,0,[0],[0],[0],335,[],[],[],[],[],[],[]
336,0,[0],[0],[0],336,[],[],[],[],[],[],[]
337,0,[0],[0],[0],337,[],[],[],[],[],[],[]
338,0,[0],[0],[0],338,[],[],[],[],[],[],[]
339,0,[0],[0],[0],339,[],[],[],[],[],[],[]
340,0,[0],[0],[0],340,[],[],[],[],[],[],[]
341,0,[0],[0],[0],341,[],[],[],[],[],[],[]
342,0,[0],[0],[0],342,[],[],[],[],[],[],[]
343,0,[0],[0],[0],343,[],[],[],[],[],[],[]
344,0,[0],[0],[0],344,[],[],[],[],[],[],[]
345,0,[0],[0],[0],345,[],[],[],[],[],[],[]
346,0,[0],[0],[0],346,[],[],[],[],[],[],[]
347,0,[0],[0],[0],347,[],[],[],[],[],[],[]
348,0,[0],[0],[0],348,[],[],[],[],[],[],[]
349,0,[0],[0],[0],349,[],[],[],[],[],[],[]
350,0,[0],[0],[0],350,[],[],[],[],[],[],[]
351,0,[0],[0],[0],351,[],[],[],[],[],[],[]
352,0,[0],[0],[0],352,[],[],[],[],[],[],[]
353,0,[0],[0],[0],353,[],[],[],[],[],[],[]
354,0,[0],[0],[0],354,[],[],[],[],[],[],[]
355,0,[0],[0],[0],355,[],[],[],[],[],[],[]
356,0,[0],[0],[0],356,[],[],[],[],[],[],[]
357,0,[0],[0],[0],357,[],[],[],[],[],[],[]
358,0,[0],[0],[0],358,[],[],[],[],[],[],[]
359,0,[0],[0],[0],359,[],[],[],[],[],[],[]
360,0,[0],[0],[0],360,[],[],[],[],[],[],[]
361,0,[0],[0],[0],361,[],[],[],[],[],[],[]
362,0,[0],[0],[0],362,[],[],[],[],[],[],[]
363,0,[0],[0],[0],363,[],[],[],[],[],[],[]
364,0,[0],[0],[0],364,[],[],[],[],[],[],[]
365,0,[0],[0],[0],365,[],[],[],[],[],[],[]
366,0,[0],[0],[0],366,[],[],[],[],[],[],[]
367,0,[0],[0],[0],367,[],[],[],[],[],[],[]
368,0,[0],[0],[0],368,[],[],[],[],[],[],[]
369,0,[0],[0],[0],369,[],[],[],[],[],[],[]
370,0,[0],[0],[0],370,[],[],[],[],[],[],[]
371,0,[0],[0],[0],371,[],[],[],[],[],[],[]
372,0,[0],[0],[0],372,[],[],[],[],[],[],[]
373,0,[0],[0],[0],373,[],[],[],[],[],[],[]
374,0,[0],[0],[0],374,[],[],[],[],[],[],[]
375,0,[0],[0],[0],375,[],[],[],[],[],[],[]
376,0,[0],[0],[0],376,[],[],[],[],[],[],[]
377,0,[0],[0],[0],377,[],[],[],[],[],[],[]
378,0,[0],[0],[0],378,[],[],[],[],[],[],[]
379,0,[0],[0],[0],379,[],[],[],[],[],[],[]
380,0,[0],[0],[0],380,[],[],[],[],[],[],[]
381,0,[0],[0],[0],381,[],[],[],[],[],[],[]
382,0,[0],[0],[0],382,[],[],[],[],[],[],[]
383,0,[0],[0],[0],383,[],[],[],[],[],[],[]
384,0,[0],[0],[0],384,[],[],[],[],[],[],[]
385,0,[0],[0],[0],385,[],[],[],[],[],[],[]
386,0,[0],[0],[0],386,[],[],[],[],[],[],[]
387,0,[0],[0],[0],387,[],[],[],[],[],[],[]
388,0,[0],[0],[0],388,[],[],[],[],[],[],[]
389,0,[0],[0],[0],389,[],[],[],[],[],[],[]
390,0,[0],[0],[0],390,[],[],[],[],[],[],[]
391,0,[0],[0],[0],391,[],[],[],[],[],[],[]
392,0,[0],[0],[0],392,[],[],[],[],[],[],[]
393,0,[0],[0],[0],393,[],[],[],[],[],[],[]
394,0,[0],[0],[0],394,[],[],[],[],[],[],[]
395,0,[0],[0],[0],395,[],[],[],[],[],[],[]
396,0,[0],[0],[0],396,[],[],[],[],[],[],[]
397,0,[0],[0],[0],397,[],[],[],[],[],[],[]
398,0,[0],[0],[0],398,[],[],[],[],[],[],[]
399,0,[0],[0],[0],399,[],[],[],[],[],[],[]
400,0,[0],[0],[0],400,[],[],[],[],[],[],[]
401,0,[0],[0],[0],401,[],[],[],[],[],[],[]
402,0,[0],[0],[0],402,[],[],[],[],[],[],[]
403,0,[0],[0],[0],403,[],[],[],[],[],[],[]
404,0,[0],[0],[0],404,[],[],[],[],[],[],[]
405,0,[0],[0],[0],405,[],[],[],[],[],[],[]
406,0,[0],[0],[0],406,[],[],[],[],[],[],[]
407,0,[0],[0],[0],407,[],[],[],[],[],[],[]
408,0,[0],[0],[0],408,[],[],[],[],[],[],[]
409,0,[0],[0],[0],409,[],[],[],[],[],[],[]
410,0,[0],[0],[0],410,[],[],[],[],[],[],[]
411,0,[0],[0],[0],411,[],[],[],[],[],[],[]
412,0,[0],[0],[0],412,[],[],[],[],[],[],[]
413,0,[0],[0],[0],413,[],[],[],[],[],[],[]
414,0,[0],[0],[0],414,[],[],[],[],[],[],[]
415,0,[0],[0],[0],415,[],[],[],[],[],[],[]
416,0,[0],[0],[0],416,[],[],[],[],[],[],[]
417,0,[0],[0],[0],417,[],[],[],[],[],[],[]
418,0,[0],[0],[0],418,[],[],[],[],[],[],[]
419,0,[0],[0],[0],419,[],[],[],[],[],[],[]
420,0,[0],[0],[0],420,[],[],[],[],[],[],[]
421,0,[0],[0],[0],421,[],[],[],[],[],[],[]
422,0,[0],[0],[0],422,[],[],[],[],[],[],[]
423,0,[0],[0],[0],423,[],[],[],[],[],[],[]
424,0,[0],[0],[0],424,[],[],[],[],[],[],[]
425,0,[0],[0],[0],425,[],[],[],[],[],[],[]
426,0,[0],[0],[0],426,[],[],[],[],[],[],[]
427,0,[0],[0],[0],427,[],[],[],[],[],[],[]
428,0,[0],[0],[0],428,[],[],[],[],[],[],[]
429,0,[0],[0],[0],429,[],[],[],[],[],[],[]
430,0,[0],[0],[0],430,[],[],[],[],[],[],[]
431,0,[0],[0],[0],431,[],[],[],[],[],[],[]
432,0,[0],[0],[0],432,[],[],[],[],[],[],[]
433,0,[0],[0],[0],433,[],[],[],[],[],[],[]
434,0,[0],[0],[0],434,[],[],[],[],[],[],[]
435,0,[0],[0],[0],435,[],[],[],[],[],[],[]
436,0,[0],[0],[0],436,[],[],[],[],[],[],[]
437,0,[0],[0],[0],437,[],[],[],[],[],[],[]
438,0,[0],[0],[0],438,[],[],[],[],[],[],[]
439,0,[0],[0],[0],439,[],[],[],[],[],[],[]
440,0,[0],[0],[0],440,[],[],[],[],[],[],[]
441,0,[0],[0],[0],441,[],[],[],[],[],[],[]
442,0,[0],[0],[0],442,[],[],[],[],[],[],[]
443,0,[0],[0],[0],443,[],[],[],[],[],[],[]
444,0,[0],[0],[0],444,[],[],[],[],[],[],[]
445,0,[0],[0],[0],445,[],[],[],[],[],[],[]
446,0,[0],[0],[0],446,[],[],[],[],[],[],[]
447,0,[0],[0],[0],447,[],[],[],[],[],[],[]
448,0,[0],[0],[0],448,[],[],[],[],[],[],[]
449,0,[0],[0],[0],449,[],[],[],[],[],[],[]
450,0,[0],[0],[0],450,[],[],[],[],[],[],[]
451,0,[0],[0],[0],451,[],[],[],[],[],[],[]
452,0,[0],[0],[0],452,[],[],[],[],[],[],[]
453,0,[0],[0],[0],453,[],[],[],[],[],[],[]
454,0,[0],[0],[0],454,[],[],[],[],[],[],[]
455,0,[0],[0],[0],455,[],[],[],[],[],[],[]
456,0,[0],[0],[0],456,[],[],[],[],[],[],[]
457,0,[0],[0],[0],457,[],[],[],[],[],[],[]
458,0,[0],[0],[0],458,[],[],[],[],[],[],[]
459,0,[0],[0],[0],459,[],[],[],[],[],[],[]
460,0,[0],[0],[0],460,[],[],[],[],[],[],[]
461,0,[0],[0],[0],461,[],[],[],[],[],[],[]
462,0,[0],[0],[0],462,[],[],[],[],[],[],[]
463,0,[0],[0],[0],463,[],[],[],[],[],[],[]
464,0,[0],[0],[0],464,[],[],[],[],[],[],[]
465,0,[0],[0],[0],465,[],[],[],[],[],[],[]
466,0,[0],[0],[0],466,[],[],[],[],[],[],[]
467,0,[0],[0],[0],467,[],[],[],[],[],[],[]
468,0,[0],[0],[0],468,[],[],[],[],[],[],[]
469,0,[0],[0],[0],469,[],[],[],[],[],[],[]
470,0,[0],[0],[0],470,[],[],[],[],[],[],[]
471,0,[0],[0],[0],471,[],[],[],[],[],[],[]
472,0,[0],[0],[0],472,[],[],[],[],[],[],[]
473,0,[0],[0],[0],473,[],[],[],[],[],[],[]
474,0,[0],[0],[0],474,[],[],[],[],[],[],[]
475,0,[0],[0],[0],475,[],[],[],[],[],[],[]
476,0,[0],[0],[0],476,[],[],[],[],[],[],[]
477,0,[0],[0],[0],477,[],[],[],[],[],[],[]
478,0,[0],[0],[0],478,[],[],[],[],[],[],[]
479,0,[0],[0],[0],479,[],[],[],[],[],[],[]
480,0,[0],[0],[0],480,[],[],[],[],[],[],[]
481,0,[0],[0],[0],481,[],[],[],[],[],[],[]
482,0,[0],[0],[0],482,[],[],[],[],[],[],[]
483,0,[0],[0],[0],483,[],[],[],[],[],[],[]
484,0,[0],[0],[0],484,[],[],[],[],[],[],[]
485,0,[0],[0],[0],485,[],[],[],[],[],[],[]
486,0,[0],[0],[0],486,[],[],[],[],[],[],[]
487,0,[0],[0],[0],487,[],[],[],[],[],[],[]
488,0,[0],[0],[0],488,[],[],[],[],[],[],[]
489,0,[0],[0],[0],489,[],[],[],[],[],[],[]
490,0,[0],[0],[0],490,[],[],[],[],[],[],[]
491,0,[0],[0],[0],491,[],[],[],[],[],[],[]
492,0,[0],[0],[0],492,[],[],[],[],[],[],[]
493,0,[0],[0],[0],493,[],[],[],[],[],[],[]
494,0,[0],[0],[0],494,[],[],[],[],[],[],[]
495,0,[0],[0],[0],495,[],[],[],[],[],[],[]
496,0,[0],[0],[0],496,[],[],[],[],[],[],[]
497,0,[0],[0],[0],497,[],[],[],[],[],[],[]
498,0,[0],[0],[0],498,[],[],[],[],[],[],[]
499,0,[0],[0],[0],499,[],[],[],[],[],[],[]
500,0,[0],[0],[0],500,[],[],[],[],[],[],[]
501,0,[0],[0],[0],501,[],[],[],[],[],[],[]
502,0,[0],[0],[0],502,[],[],[],[],[],[],[]
503,0,[0],[0],[0],503,[],[],[],[],[],[],[]
504,0,[0],[0],[0],504,[],[],[],[],[],[],[]
505,0,[0],[0],[0],505,[],[],[],[],[],[],[]
506,0,[0],[0],[0],506,[],[],[],[],[],[],[]
507,0,[0],[0],[0],507,[],[],[],[],[],[],[]
508,0,[0],[0],[0],508,[],[],[],[],[],[],[]
509,0,[0],[0],[0],509,[],[],[],[],[],[],[]
510,0,[0],[0],[0],510,[],[],[],[],[],[],[]
511,0,[0],[0],[0],511,[],[],[],[],[],[],[]
512,0,[0],[0],[0],512,[],[],[],[],[],[],[]
513,1,[9.9739 ],[5.2878 ],[1.2559 ],513,"[(1423.0000, 180.0000)]","[(1130.0000, 123.0000)]",[0.346224],[0.346224],[13.674745],[0.346224],[0.000000]
514,1,[10.2669 ],[4.3771 ],[1.0702 ],514,"[(1397.0000, 183.0000)]","[(1105.0000, 123.0000)]",[6.377479],[32.191335],[8.060716],[6.377479],[51.627713]
515,0,[0],[0],[0],515,[],[],[],[],[],[],[]
516,0,[0],[0],[0],516,[],[],[],[],[],[],[]
517,1,[12.1906 ],[-0.1011 ],[-0.1421 ],517,"[(1335.0000, 198.0000)]","[(1046.0000, 150.0000)]",[0.081704],[0.081704],[13.453170],[0.081704],[0.000000]
518,0,[0],[0],[0],518,[],[],[],[],[],[],[]
519,0,[0],[0],[0],519,[],[],[],[],[],[],[]
520,1,[9.7536 ],[2.8618 ],[0.7672 ],520,"[(1282.0000, 176.0000)]","[(1015.0000, 135.0000)]",[1.208181],[1.208181],[15.081349],[1.208181],[0.000000]
521,1,[9.8430 ],[2.7624 ],[0.8571 ],521,"[(1288.0000, 168.0000)]","[(1018.0000, 127.0000)]",[0.745352],[9.772719],[14.815204],[0.745352],[18.054735]
522,1,[10.7421 ],[1.4848 ],[0.8926 ],522,"[(1313.0000, 150.0000)]","[(1029.0000, 108.0000)]",[1.040716],[27.030404],[13.533709],[1.040716],[51.979378]
523,1,[9.8869 ],[3.3481 ],[1.3428 ],523,"[(1327.0000, 138.0000)]","[(1046.0000, 97.0000)]",[0.840508],[19.983909],[15.558697],[0.840508],[38.286802]
524,0,[0],[0],[0],524,[],[],[],[],[],[],[]
525,0,[0],[0],[0],525,[],[],[],[],[],[],[]
526,1,[10.3511 ],[3.4441 ],[1.8562 ],526,"[(1386.0000, 97.0000)]","[(1085.0000, 56.0000)]",[0.365518],[0.365518],[16.060344],[0.365518],[0.000000]
527,1,[9.0129 ],[5.9366 ],[2.2807 ],527,"[(1403.0000, 86.0000)]","[(1110.0000, 37.0000)]",[6.418402],[33.000864],[10.074024],[6.418402],[53.164923]
528,0,[0],[0],[0],528,[],[],[],[],[],[],[]
529,0,[0],[0],[0],529,[],[],[],[],[],[],[]
530,0,[0],[0],[0],530,[],[],[],[],[],[],[]
531,0,[0],[0],[0],531,[],[],[],[],[],[],[]
532,0,[0],[0],[0],532,[],[],[],[],[],[],[]
533,0,[0],[0],[0],533,[],[],[],[],[],[],[]
534,0,[0],[0],[0],534,[],[],[],[],[],[],[]
535,0,[0],[0],[0],535,[],[],[],[],[],[],[]
536,0,[0],[0],[0],536,[],[],[],[],[],[],[]
537,0,[0],[0],[0],537,[],[],[],[],[],[],[]
538,0,[0],[0],[0],538,[],[],[],[],[],[],[]
539,0,[0],[0],[0],539,[],[],[],[],[],[],[]
540,0,[0],[0],[0],540,[],[],[],[],[],[],[]
541,0,[0],[0],[0],541,[],[],[],[],[],[],[]
542,0,[0],[0],[0],542,[],[],[],[],[],[],[]
543,0,[0],[0],[0],543,[],[],[],[],[],[],[]
544,0,[0],[0],[0],544,[],[],[],[],[],[],[]
545,0,[0],[0],[0],545,[],[],[],[],[],[],[]
546,0,[0],[0],[0],546,[],[],[],[],[],[],[]
547,0,[0],[0],[0],547,[],[],[],[],[],[],[]
548,0,[0],[0],[0],548,[],[],[],[],[],[],[]
549,0,[0],[0],[0],549,[],[],[],[],[],[],[]
550,0,[0],[0],[0],550,[],[],[],[],[],[],[]
551,0,[0],[0],[0],551,[],[],[],[],[],[],[]
552,0,[0],[0],[0],552,[],[],[],[],[],[],[]
553,0,[0],[0],[0],553,[],[],[],[],[],[],[]
554,0,[0],[0],[0],554,[],[],[],[],[],[],[]
555,0,[0],[0],[0],555,[],[],[],[],[],[],[]
556,0,[0],[0],[0],556,[],[],[],[],[],[],[]
557,0,[0],[0],[0],557,[],[],[],[],[],[],[]
558,0,[0],[0],[0],558,[],[],[],[],[],[],[]
559,0,[0],[0],[0],559,[],[],[],[],[],[],[]
560,0,[0],[0],[0],560,[],[],[],[],[],[],[]
561,0,[0],[0],[0],561,[],[],[],[],[],[],[]
562,0,[0],[0],[0],562,[],[],[],[],[],[],[]
563,0,[0],[0],[0],563,[],[],[],[],[],[],[]
564,0,[0],[0],[0],564,[],[],[],[],[],[],[]
565,0,[0],[0],[0],565,[],[],[],[],[],[],[]
566,0,[0],[0],[0],566,[],[],[],[],[],[],[]
567,0,[0],[0],[0],567,[],[],[],[],[],[],[]
568,0,[0],[0],[0],568,[],[],[],[],[],[],[]
569,0,[0],[0],[0],569,[],[],[],[],[],[],[]
570,0,[0],[0],[0],570,[],[],[],[],[],[],[]
571,0,[0],[0],[0],571,[],[],[],[],[],[],[]
572,0,[0],[0],[0],572,[],[],[],[],[],[],[]
573,0,[0],[0],[0],573,[],[],[],[],[],[],[]
574,0,[0],[0],[0],574,[],[],[],[],[],[],[]
575,0,[0],[0],[0],575,[],[],[],[],[],[],[]
576,0,[0],[0],[0],576,[],[],[],[],[],[],[]
577,0,[0],[0],[0],577,[],[],[],[],[],[],[]
578,0,[0],[0],[0],578,[],[],[],[],[],[],[]
579,0,[0],[0],[0],579,[],[],[],[],[],[],[]
580,0,[0],[0],[0],580,[],[],[],[],[],[],[]
581,0,[0],[0],[0],581,[],[],[],[],[],[],[]
582,0,[0],[0],[0],582,[],[],[],[],[],[],[]
583,0,[0],[0],[0],583,[],[],[],[],[],[],[]
584,0,[0],[0],[0],584,[],[],[],[],[],[],[]
585,0,[0],[0],[0],585,[],[],[],[],[],[],[]
586,0,[0],[0],[0],586,[],[],[],[],[],[],[]
587,0,[0],[0],[0],587,[],[],[],[],[],[],[]
588,0,[0],[0],[0],588,[],[],[],[],[],[],[]
589,0,[0],[0],[0],589,[],[],[],[],[],[],[]
590,0,[0],[0],[0],590,[],[],[],[],[],[],[]
591,0,[0],[0],[0],591,[],[],[],[],[],[],[]
592,0,[0],[0],[0],592,[],[],[],[],[],[],[]
593,0,[0],[0],[0],593,[],[],[],[],[],[],[]
594,0,[0],[0],[0],594,[],[],[],[],[],[],[]
595,0,[0],[0],[0],595,[],[],[],[],[],[],[]
596,0,[0],[0],[0],596,[],[],[],[],[],[],[]
597,0,[0],[0],[0],597,[],[],[],[],[],[],[]
598,0,[0],[0],[0],598,[],[],[],[],[],[],[]
599,0,[0],[0],[0],599,[],[],[],[],[],[],[]
600,0,[0],[0],[0],600,[],[],[],[],[],[],[]
601,0,[0],[0],[0],601,[],[],[],[],[],[],[]
602,0,[0],[0],[0],602,[],[],[],[],[],[],[]
603,0,[0],[0],[0],603,[],[],[],[],[],[],[]
604,0,[0],[0],[0],604,[],[],[],[],[],[],[]
605,0,[0],[0],[0],605,[],[],[],[],[],[],[]
606,0,[0],[0],[0],606,[],[],[],[],[],[],[]
607,0,[0],[0],[0],607,[],[],[],[],[],[],[]
608,0,[0],[0],[0],608,[],[],[],[],[],[],[]
609,0,[0],[0],[0],609,[],[],[],[],[],[],[]
610,0,[0],[0],[0],610,[],[],[],[],[],[],[]
611,0,[0],[0],[0],611,[],[],[],[],[],[],[]
612,0,[0],[0],[0],612,[],[],[],[],[],[],[]
613,0,[0],[0],[0],613,[],[],[],[],[],[],[]
614,0,[0],[0],[0],614,[],[],[],[],[],[],[]
615,0,[0],[0],[0],615,[],[],[],[],[],[],[]
616,0,[0],[0],[0],616,[],[],[],[],[],[],[]
617,0,[0],[0],[0],617,[],[],[],[],[],[],[]
618,0,[0],[0],[0],618,[],[],[],[],[],[],[]
619,0,[0],[0],[0],619,[],[],[],[],[],[],[]
620,0,[0],[0],[0],620,[],[],[],[],[],[],[]
621,0,[0],[0],[0],621,[],[],[],[],[],[],[]
622,0,[0],[0],[0],622,[],[],[],[],[],[],[]
623,0,[0],[0],[0],623,[],[],[],[],[],[],[]
624,0,[0],[0],[0],624,[],[],[],[],[],[],[]
625,0,[0],[0],[0],625,[],[],[],[],[],[],[]
626,0,[0],[0],[0],626,[],[],[],[],[],[],[]
627,0,[0],[0],[0],627,[],[],[],[],[],[],[]
628,0,[0],[0],[0],628,[],[],[],[],[],[],[]
629,0,[0],[0],[0],629,[],[],[],[],[],[],[]
630,0,[0],[0],[0],630,[],[],[],[],[],[],[]
631,0,[0],[0],[0],631,[],[],[],[],[],[],[]
632,0,[0],[0],[0],632,[],[],[],[],[],[],[]
633,0,[0],[0],[0],633,[],[],[],[],[],[],[]
634,0,[0],[0],[0],634,[],[],[],[],[],[],[]
635,0,[0],[0],[0],635,[],[],[],[],[],[],[]
636,0,[0],[0],[0],636,[],[],[],[],[],[],[]
637,0,[0],[0],[0],637,[],[],[],[],[],[],[]
638,0,[0],[0],[0],638,[],[],[],[],[],[],[]
639,0,[0],[0],[0],639,[],[],[],[],[],[],[]
640,0,[0],[0],[0],640,[],[],[],[],[],[],[]
641,0,[0],[0],[0],641,[],[],[],[],[],[],[]
642,0,[0],[0],[0],642,[],[],[],[],[],[],[]
643,0,[0],[0],[0],643,[],[],[],[],[],[],[]
644,0,[0],[0],[0],644,[],[],[],[],[],[],[]
645,0,[0],[0],[0],645,[],[],[],[],[],[],[]
646,0,[0],[0],[0],646,[],[],[],[],[],[],[]
647,0,[0],[0],[0],647,[],[],[],[],[],[],[]
648,0,[0],[0],[0],648,[],[],[],[],[],[],[]
649,0,[0],[0],[0],649,[],[],[],[],[],[],[]
650,0,[0],[0],[0],650,[],[],[],[],[],[],[]
651,0,[0],[0],[0],651,[],[],[],[],[],[],[]
652,0,[0],[0],[0],652,[],[],[],[],[],[],[]
653,0,[0],[0],[0],653,[],[],[],[],[],[],[]
654,0,[0],[0],[0],654,[],[],[],[],[],[],[]
655,0,[0],[0],[0],655,[],[],[],[],[],[],[]
656,0,[0],[0],[0],656,[],[],[],[],[],[],[]
657,0,[0],[0],[0],657,[],[],[],[],[],[],[]
658,0,[0],[0],[0],658,[],[],[],[],[],[],[]
659,0,[0],[0],[0],659,[],[],[],[],[],[],[]
660,0,[0],[0],[0],660,[],[],[],[],[],[],[]
661,0,[0],[0],[0],661,[],[],[],[],[],[],[]
662,0,[0],[0],[0],662,[],[],[],[],[],[],[]
663,0,[0],[0],[0],663,[],[],[],[],[],[],[]
664,0,[0],[0],[0],664,[],[],[],[],[],[],[]
665,0,[0],[0],[0],665,[],[],[],[],[],[],[]
666,0,[0],[0],[0],666,[],[],[],[],[],[],[]
667,0,[0],[0],[0],667,[],[],[],[],[],[],[]
668,0,[0],[0],[0],668,[],[],[],[],[],[],[]
669,0,[0],[0],[0],669,[],[],[],[],[],[],[]
670,0,[0],[0],[0],670,[],[],[],[],[],[],[]
671,0,[0],[0],[0],671,[],[],[],[],[],[],[]
672,1,[9.4232 ],[6.3256 ],[0.9530 ],672,"[(1414.0000, 232.0000)]","[(1136.0000, 168.0000)]",[0.538223],[0.538223],[13.362819],[0.538223],[0.000000]
673,1,[9.7987 ],[5.5279 ],[0.6883 ],673,"[(1397.0000, 236.0000)]","[(1119.0000, 176.0000)]",[2.734320],[20.954358],[15.271573],[2.734320],[36.440078]
674,0,[0],[0],[0],674,[],[],[],[],[],[],[]
675,1,[8.4420 ],[6.8547 ],[0.8870 ],675,"[(1335.0000, 255.0000)]","[(1085.0000, 187.0000)]",[7.788514],[7.788514],[5.221011],[7.788514],[0.000000]
676,0,[0],[0],[0],676,[],[],[],[],[],[],[]
677,0,[0],[0],[0],677,[],[],[],[],[],[],[]
678,1,[9.2914 ],[5.0315 ],[0.5150 ],678,"[(1319.0000, 240.0000)]","[(1060.0000, 183.0000)]",[2.081754],[2.081754],[10.735346],[2.081754],[0.000000]
679,1,[8.9658 ],[5.3553 ],[0.7368 ],679,"[(1310.0000, 228.0000)]","[(1054.0000, 172.0000)]",[3.237741],[16.343548],[9.904783],[3.237741],[26.211613]
680,1,[8.8546 ],[5.4631 ],[0.7645 ],680,"[(1305.0000, 228.0000)]","[(1051.0000, 172.0000)]",[3.621869],[7.513974],[9.545169],[3.621869],[7.784209]
681,1,[9.0453 ],[5.0092 ],[0.5393 ],681,"[(1296.0000, 236.0000)]","[(1043.0000, 183.0000)]",[0.813987],[13.249033],[11.979196],[0.813987],[24.870092]
682,1,[9.0198 ],[5.0110 ],[0.4221 ],682,"[(1290.0000, 243.0000)]","[(1040.0000, 195.0000)]",[4.597655],[14.983950],[16.854880],[4.597655],[20.772590]
683,1,[8.9705 ],[5.0447 ],[0.3664 ],683,"[(1285.0000, 251.0000)]","[(1037.0000, 198.0000)]",[0.026903],[6.638706],[12.451273],[0.026903],[13.223606]
684,1,[9.3530 ],[4.3394 ],[0.0464 ],684,"[(1282.0000, 258.0000)]","[(1032.0000, 210.0000)]",[5.062834],[14.917738],[16.976038],[5.062834],[19.709806]
685,1,[8.9931 ],[4.8476 ],[0.1931 ],685,"[(1274.0000, 258.0000)]","[(1029.0000, 210.0000)]",[4.676525],[9.987855],[16.623903],[4.676525],[10.622660]
686,1,[8.3985 ],[5.7484 ],[0.4519 ],686,"[(1262.0000, 258.0000)]","[(1026.0000, 210.0000)]",[4.343502],[11.579636],[16.323216],[4.343502],[14.472267]
687,1,[8.3553 ],[5.8071 ],[0.5096 ],687,"[(1262.0000, 255.0000)]","[(1026.0000, 206.0000)]",[3.029094],[6.354083],[15.164914],[3.029094],[6.649977]
688,1,[8.8162 ],[4.9019 ],[0.2580 ],688,"[(1262.0000, 255.0000)]","[(1020.0000, 206.0000)]",[2.086682],[4.935248],[14.286339],[2.086682],[5.697133]
689,1,[8.4676 ],[5.4831 ],[0.4213 ],689,"[(1257.0000, 255.0000)]","[(1020.0000, 206.0000)]",[2.152556],[4.568508],[14.349658],[2.152556],[4.831905]
690,1,[8.0536 ],[6.1383 ],[0.5906 ],690,"[(1248.0000, 258.0000)]","[(1018.0000, 206.0000)]",[0.732222],[6.269589],[11.597021],[0.732222],[11.074734]
691,1,[8.0697 ],[6.0451 ],[0.5656 ],691,"[(1245.0000, 258.0000)]","[(1015.0000, 206.0000)]",[1.160610],[4.028260],[11.195665],[1.160610],[5.735301]
692,1,[8.1926 ],[5.7701 ],[0.4646 ],692,"[(1243.0000, 258.0000)]","[(1012.0000, 210.0000)]",[2.382079],[5.716387],[14.506461],[2.382079],[6.668615]
693,1,[8.2530 ],[5.6101 ],[0.3792 ],693,"[(1240.0000, 262.0000)]","[(1009.0000, 213.0000)]",[1.344499],[5.764730],[13.456280],[1.344499],[8.840462]
694,1,[8.3257 ],[5.4278 ],[0.2793 ],694,"[(1237.0000, 266.0000)]","[(1006.0000, 217.0000)]",[1.299343],[6.072921],[13.333309],[1.299343],[9.547155]
695,1,[7.4930 ],[7.1203 ],[0.7093 ],695,"[(1234.0000, 270.0000)]","[(1018.0000, 225.0000)]",[7.647307],[16.856560],[19.151184],[7.647307],[18.418505]
696,0,[0],[0],[0],696,[],[],[],[],[],[],[]
697,0,[0],[0],[0],697,[],[],[],[],[],[],[]
698,0,[0],[0],[0],698,[],[],[],[],[],[],[]
699,0,[0],[0],[0],699,[],[],[],[],[],[],[]
700,0,[0],[0],[0],700,[],[],[],[],[],[],[]
701,0,[0],[0],[0],701,[],[],[],[],[],[],[]
702,0,[0],[0],[0],702,[],[],[],[],[],[],[]
703,0,[0],[0],[0],703,[],[],[],[],[],[],[]
704,0,[0],[0],[0],704,[],[],[],[],[],[],[]
705,0,[0],[0],[0],705,[],[],[],[],[],[],[]
706,0,[0],[0],[0],706,[],[],[],[],[],[],[]
707,0,[0],[0],[0],707,[],[],[],[],[],[],[]
708,0,[0],[0],[0],708,[],[],[],[],[],[],[]
709,0,[0],[0],[0],709,[],[],[],[],[],[],[]
710,0,[0],[0],[0],710,[],[],[],[],[],[],[]
711,0,[0],[0],[0],711,[],[],[],[],[],[],[]
712,0,[0],[0],[0],712,[],[],[],[],[],[],[]
713,0,[0],[0],[0],713,[],[],[],[],[],[],[]
714,1,[7.5229 ],[7.2872 ],[0.4181 ],714,"[(1234.0000, 311.0000)]","[(1023.0000, 251.0000)]",[2.368861],[2.368861],[9.011869],[2.368861],[0.000000]
715,1,[7.5495 ],[7.3027 ],[0.3999 ],715,"[(1237.0000, 311.0000)]","[(1026.0000, 255.0000)]",[2.098379],[5.889613],[13.169842],[2.098379],[7.582468]
716,1,[7.3965 ],[7.6697 ],[0.5058 ],716,"[(1240.0000, 315.0000)]","[(1032.0000, 255.0000)]",[0.507443],[5.733384],[10.664440],[0.507443],[10.451882]
717,1,[7.2807 ],[7.9074 ],[0.5721 ],717,"[(1240.0000, 315.0000)]","[(1035.0000, 258.0000)]",[2.979405],[4.980140],[13.905890],[2.979405],[4.001469]
718,0,[0],[0],[0],718,[],[],[],[],[],[],[]
719,0,[0],[0],[0],719,[],[],[],[],[],[],[]
720,1,[7.6410 ],[7.3486 ],[0.3607 ],720,"[(1248.0000, 318.0000)]","[(1035.0000, 258.0000)]",[0.287587],[0.287587],[11.340040],[0.287587],[0.000000]
721,0,[0],[0],[0],721,[],[],[],[],[],[],[]
722,0,[0],[0],[0],722,[],[],[],[],[],[],[]
723,0,[0],[0],[0],723,[],[],[],[],[],[],[]
724,0,[0],[0],[0],724,[],[],[],[],[],[],[]
725,0,[0],[0],[0],725,[],[],[],[],[],[],[]
726,0,[0],[0],[0],726,[],[],[],[],[],[],[]
727,0,[0],[0],[0],727,[],[],[],[],[],[],[]
728,0,[0],[0],[0],728,[],[],[],[],[],[],[]
729,0,[0],[0],[0],729,[],[],[],[],[],[],[]
730,0,[0],[0],[0],730,[],[],[],[],[],[],[]
731,0,[0],[0],[0],731,[],[],[],[],[],[],[]
732,0,[0],[0],[0],732,[],[],[],[],[],[],[]
733,0,[0],[0],[0],733,[],[],[],[],[],[],[]
734,0,[0],[0],[0],734,[],[],[],[],[],[],[]
735,0,[0],[0],[0],735,[],[],[],[],[],[],[]
736,0,[0],[0],[0],736,[],[],[],[],[],[],[]
737,0,[0],[0],[0],737,[],[],[],[],[],[],[]
738,0,[0],[0],[0],738,[],[],[],[],[],[],[]
739,0,[0],[0],[0],739,[],[],[],[],[],[],[]
740,0,[0],[0],[0],740,[],[],[],[],[],[],[]
741,0,[0],[0],[0],741,[],[],[],[],[],[],[]
742,0,[0],[0],[0],742,[],[],[],[],[],[],[]
743,0,[0],[0],[0],743,[],[],[],[],[],[],[]
744,0,[0],[0],[0],744,[],[],[],[],[],[],[]
745,0,[0],[0],[0],745,[],[],[],[],[],[],[]
746,0,[0],[0],[0],746,[],[],[],[],[],[],[]
747,0,[0],[0],[0],747,[],[],[],[],[],[],[]
748,0,[0],[0],[0],748,[],[],[],[],[],[],[]
749,0,[0],[0],[0],749,[],[],[],[],[],[],[]
750,0,[0],[0],[0],750,[],[],[],[],[],[],[]
751,0,[0],[0],[0],751,[],[],[],[],[],[],[]
752,1,[8.0508 ],[8.6484 ],[0.3214 ],752,"[(1369.0000, 382.0000)]","[(1141.0000, 296.0000)]",[0.734604],[0.734604],[10.374011],[0.734604],[0.000000]
753,1,[8.0628 ],[8.6869 ],[0.2985 ],753,"[(1372.0000, 386.0000)]","[(1144.0000, 300.0000)]",[1.911079],[6.700747],[11.350522],[1.911079],[9.579336]
754,0,[0],[0],[0],754,[],[],[],[],[],[],[]
755,0,[0],[0],[0],755,[],[],[],[],[],[],[]
756,0,[0],[0],[0],756,[],[],[],[],[],[],[]
757,0,[0],[0],[0],757,[],[],[],[],[],[],[]
758,0,[0],[0],[0],758,[],[],[],[],[],[],[]
759,0,[0],[0],[0],759,[],[],[],[],[],[],[]
760,1,[8.0681 ],[8.9647 ],[0.3505 ],760,"[(1395.0000, 397.0000)]","[(1164.0000, 303.0000)]",[0.831486],[0.831486],[8.633164],[0.831486],[0.000000]
761,1,[7.9478 ],[9.1437 ],[0.4092 ],761,"[(1395.0000, 397.0000)]","[(1167.0000, 307.0000)]",[3.829523],[6.194545],[12.820388],[3.829523],[4.730045]
762,1,[7.7926 ],[9.3799 ],[0.5132 ],762,"[(1397.0000, 397.0000)]","[(1172.0000, 307.0000)]",[4.716255],[8.137098],[13.612675],[4.716255],[6.841687]
763,0,[0],[0],[0],763,[],[],[],[],[],[],[]
764,0,[0],[0],[0],764,[],[],[],[],[],[],[]
765,0,[0],[0],[0],765,[],[],[],[],[],[],[]
766,0,[0],[0],[0],766,[],[],[],[],[],[],[]
767,0,[0],[0],[0],767,[],[],[],[],[],[],[]
768,0,[0],[0],[0],768,[],[],[],[],[],[],[]
769,0,[0],[0],[0],769,[],[],[],[],[],[],[]
770,0,[0],[0],[0],770,[],[],[],[],[],[],[]
771,0,[0],[0],[0],771,[],[],[],[],[],[],[]
772,0,[0],[0],[0],772,[],[],[],[],[],[],[]
773,0,[0],[0],[0],773,[],[],[],[],[],[],[]
774,0,[0],[0],[0],774,[],[],[],[],[],[],[]
775,0,[0],[0],[0],775,[],[],[],[],[],[],[]
776,0,[0],[0],[0],776,[],[],[],[],[],[],[]
777,0,[0],[0],[0],777,[],[],[],[],[],[],[]
778,0,[0],[0],[0],778,[],[],[],[],[],[],[]
779,0,[0],[0],[0],779,[],[],[],[],[],[],[]
780,0,[0],[0],[0],780,[],[],[],[],[],[],[]
781,0,[0],[0],[0],781,[],[],[],[],[],[],[]
782,0,[0],[0],[0],782,[],[],[],[],[],[],[]
783,0,[0],[0],[0],783,[],[],[],[],[],[],[]
784,0,[0],[0],[0],784,[],[],[],[],[],[],[]
785,0,[0],[0],[0],785,[],[],[],[],[],[],[]
786,0,[0],[0],[0],786,[],[],[],[],[],[],[]
787,0,[0],[0],[0],787,[],[],[],[],[],[],[]
788,0,[0],[0],[0],788,[],[],[],[],[],[],[]
789,0,[0],[0],[0],789,[],[],[],[],[],[],[]
790,0,[0],[0],[0],790,[],[],[],[],[],[],[]
791,0,[0],[0],[0],791,[],[],[],[],[],[],[]
792,0,[0],[0],[0],792,[],[],[],[],[],[],[]
793,0,[0],[0],[0],793,[],[],[],[],[],[],[]
794,0,[0],[0],[0],794,[],[],[],[],[],[],[]
795,0,[0],[0],[0],795,[],[],[],[],[],[],[]
796,0,[0],[0],[0],796,[],[],[],[],[],[],[]
797,0,[0],[0],[0],797,[],[],[],[],[],[],[]
798,0,[0],[0],[0],798,[],[],[],[],[],[],[]
799,0,[0],[0],[0],799,[],[],[],[],[],[],[]
800,1,[4.1711 ],[14.3441 ],[2.3321 ],800,"[(1347.0000, 802.0000)]","[(1305.0000, 360.0000)]",[376.888130],[376.888130],[233.862436],[376.888130],[0.000000]
801,1,[4.1613 ],[14.3577 ],[2.3392 ],801,"[(1347.0000, 806.0000)]","[(1307.0000, 360.0000)]",[381.746903],[384.724744],[236.584658],[381.746903],[5.955681]
802,1,[4.1492 ],[14.3718 ],[2.3469 ],802,"[(1347.0000, 810.0000)]","[(1307.0000, 360.0000)]",[389.289137],[391.264276],[239.649055],[389.289137],[3.950278]
803,0,[0],[0],[0],803,[],[],[],[],[],[],[]
804,0,[0],[0],[0],804,[],[],[],[],[],[],[]
805,0,[0],[0],[0],805,[],[],[],[],[],[],[]
806,0,[0],[0],[0],806,[],[],[],[],[],[],[]
807,0,[0],[0],[0],807,[],[],[],[],[],[],[]
808,0,[0],[0],[0],808,[],[],[],[],[],[],[]
809,0,[0],[0],[0],809,[],[],[],[],[],[],[]
810,0,[0],[0],[0],810,[],[],[],[],[],[],[]
811,0,[0],[0],[0],811,[],[],[],[],[],[],[]
812,0,[0],[0],[0],812,[],[],[],[],[],[],[]
813,0,[0],[0],[0],813,[],[],[],[],[],[],[]
814,0,[0],[0],[0],814,[],[],[],[],[],[],[]
815,0,[0],[0],[0],815,[],[],[],[],[],[],[]
816,0,[0],[0],[0],816,[],[],[],[],[],[],[]
817,0,[0],[0],[0],817,[],[],[],[],[],[],[]
818,0,[0],[0],[0],818,[],[],[],[],[],[],[]
819,0,[0],[0],[0],819,[],[],[],[],[],[],[]
820,0,[0],[0],[0],820,[],[],[],[],[],[],[]
821,0,[0],[0],[0],821,[],[],[],[],[],[],[]
822,0,[0],[0],[0],822,[],[],[],[],[],[],[]
823,0,[0],[0],[0],823,[],[],[],[],[],[],[]
824,0,[0],[0],[0],824,[],[],[],[],[],[],[]
825,0,[0],[0],[0],825,[],[],[],[],[],[],[]
826,0,[0],[0],[0],826,[],[],[],[],[],[],[]
827,0,[0],[0],[0],827,[],[],[],[],[],[],[]
828,0,[0],[0],[0],828,[],[],[],[],[],[],[]
829,0,[0],[0],[0],829,[],[],[],[],[],[],[]
830,0,[0],[0],[0],830,[],[],[],[],[],[],[]
831,0,[0],[0],[0],831,[],[],[],[],[],[],[]
832,0,[0],[0],[0],832,[],[],[],[],[],[],[]
833,0,[0],[0],[0],833,[],[],[],[],[],[],[]
834,0,[0],[0],[0],834,[],[],[],[],[],[],[]
835,0,[0],[0],[0],835,[],[],[],[],[],[],[]
836,0,[0],[0],[0],836,[],[],[],[],[],[],[]
837,0,[0],[0],[0],837,[],[],[],[],[],[],[]
838,0,[0],[0],[0],838,[],[],[],[],[],[],[]
839,0,[0],[0],[0],839,[],[],[],[],[],[],[]
840,0,[0],[0],[0],840,[],[],[],[],[],[],[]
841,0,[0],[0],[0],841,[],[],[],[],[],[],[]
842,0,[0],[0],[0],842,[],[],[],[],[],[],[]
843,0,[0],[0],[0],843,[],[],[],[],[],[],[]
844,0,[0],[0],[0],844,[],[],[],[],[],[],[]
845,0,[0],[0],[0],845,[],[],[],[],[],[],[]
846,0,[0],[0],[0],846,[],[],[],[],[],[],[]
847,0,[0],[0],[0],847,[],[],[],[],[],[],[]
848,0,[0],[0],[0],848,[],[],[],[],[],[],[]
849,0,[0],[0],[0],849,[],[],[],[],[],[],[]
850,0,[0],[0],[0],850,[],[],[],[],[],[],[]
851,0,[0],[0],[0],851,[],[],[],[],[],[],[]
852,0,[0],[0],[0],852,[],[],[],[],[],[],[]
853,0,[0],[0],[0],853,[],[],[],[],[],[],[]
854,0,[0],[0],[0],854,[],[],[],[],[],[],[]
855,0,[0],[0],[0],855,[],[],[],[],[],[],[]
856,0,[0],[0],[0],856,[],[],[],[],[],[],[]
857,0,[0],[0],[0],857,[],[],[],[],[],[],[]
858,0,[0],[0],[0],858,[],[],[],[],[],[],[]
859,0,[0],[0],[0],859,[],[],[],[],[],[],[]
860,0,[0],[0],[0],860,[],[],[],[],[],[],[]
861,0,[0],[0],[0],861,[],[],[],[],[],[],[]
862,0,[0],[0],[0],862,[],[],[],[],[],[],[]
863,0,[0],[0],[0],863,[],[],[],[],[],[],[]
864,0,[0],[0],[0],864,[],[],[],[],[],[],[]
865,0,[0],[0],[0],865,[],[],[],[],[],[],[]
866,0,[0],[0],[0],866,[],[],[],[],[],[],[]
867,0,[0],[0],[0],867,[],[],[],[],[],[],[]
868,0,[0],[0],[0],868,[],[],[],[],[],[],[]
869,0,[0],[0],[0],869,[],[],[],[],[],[],[]
870,0,[0],[0],[0],870,[],[],[],[],[],[],[]
871,0,[0],[0],[0],871,[],[],[],[],[],[],[]
872,0,[0],[0],[0],872,[],[],[],[],[],[],[]
873,0,[0],[0],[0],873,[],[],[],[],[],[],[]
874,0,[0],[0],[0],874,[],[],[],[],[],[],[]
875,0,[0],[0],[0],875,[],[],[],[],[],[],[]
876,0,[0],[0],[0],876,[],[],[],[],[],[],[]
877,0,[0],[0],[0],877,[],[],[],[],[],[],[]
878,0,[0],[0],[0],878,[],[],[],[],[],[],[]
879,0,[0],[0],[0],879,[],[],[],[],[],[],[]
880,0,[0],[0],[0],880,[],[],[],[],[],[],[]
881,0,[0],[0],[0],881,[],[],[],[],[],[],[]
882,0,[0],[0],[0],882,[],[],[],[],[],[],[]
883,0,[0],[0],[0],883,[],[],[],[],[],[],[]
884,0,[0],[0],[0],884,[],[],[],[],[],[],[]
885,0,[0],[0],[0],885,[],[],[],[],[],[],[]
886,0,[0],[0],[0],886,[],[],[],[],[],[],[]
887,0,[0],[0],[0],887,[],[],[],[],[],[],[]
888,0,[0],[0],[0],888,[],[],[],[],[],[],[]
889,0,[0],[0],[0],889,[],[],[],[],[],[],[]
890,0,[0],[0],[0],890,[],[],[],[],[],[],[]
891,0,[0],[0],[0],891,[],[],[],[],[],[],[]
892,0,[0],[0],[0],892,[],[],[],[],[],[],[]
893,0,[0],[0],[0],893,[],[],[],[],[],[],[]
894,0,[0],[0],[0],894,[],[],[],[],[],[],[]
895,0,[0],[0],[0],895,[],[],[],[],[],[],[]
896,0,[0],[0],[0],896,[],[],[],[],[],[],[]
897,0,[0],[0],[0],897,[],[],[],[],[],[],[]
898,0,[0],[0],[0],898,[],[],[],[],[],[],[]
899,0,[0],[0],[0],899,[],[],[],[],[],[],[]
900,0,[0],[0],[0],900,[],[],[],[],[],[],[]
901,0,[0],[0],[0],901,[],[],[],[],[],[],[]
902,0,[0],[0],[0],902,[],[],[],[],[],[],[]
903,0,[0],[0],[0],903,[],[],[],[],[],[],[]
904,0,[0],[0],[0],904,[],[],[],[],[],[],[]
905,0,[0],[0],[0],905,[],[],[],[],[],[],[]
906,0,[0],[0],[0],906,[],[],[],[],[],[],[]
907,0,[0],[0],[0],907,[],[],[],[],[],[],[]
908,0,[0],[0],[0],908,[],[],[],[],[],[],[]
909,0,[0],[0],[0],909,[],[],[],[],[],[],[]
910,0,[0],[0],[0],910,[],[],[],[],[],[],[]
911,0,[0],[0],[0],911,[],[],[],[],[],[],[]
912,0,[0],[0],[0],912,[],[],[],[],[],[],[]
913,0,[0],[0],[0],913,[],[],[],[],[],[],[]
914,0,[0],[0],[0],914,[],[],[],[],[],[],[]
915,0,[0],[0],[0],915,[],[],[],[],[],[],[]
916,0,[0],[0],[0],916,[],[],[],[],[],[],[]
917,0,[0],[0],[0],917,[],[],[],[],[],[],[]
918,0,[0],[0],[0],918,[],[],[],[],[],[],[]
919,0,[0],[0],[0],919,[],[],[],[],[],[],[]
920,0,[0],[0],[0],920,[],[],[],[],[],[],[]
921,0,[0],[0],[0],921,[],[],[],[],[],[],[]
922,0,[0],[0],[0],922,[],[],[],[],[],[],[]
923,0,[0],[0],[0],923,[],[],[],[],[],[],[]
924,0,[0],[0],[0],924,[],[],[],[],[],[],[]
925,1,[-1.0999 ],[7.1298 ],[1.0421 ],925,"[(393.0000, 228.0000)]","[(171.0000, 281.0000)]",[1.601858],[1.601858],[10.556916],[1.601858],[0.000000]
926,1,[-0.9358 ],[7.3651 ],[1.2479 ],926,"[(393.0000, 213.0000)]","[(171.0000, 266.0000)]",[1.272086],[15.577922],[13.851030],[1.272086],[28.611672]
927,1,[-0.8543 ],[7.4845 ],[1.3466 ],927,"[(393.0000, 206.0000)]","[(171.0000, 258.0000)]",[1.757956],[8.915358],[14.452143],[1.757956],[14.314803]
928,0,[0],[0],[0],928,[],[],[],[],[],[],[]
929,0,[0],[0],[0],929,[],[],[],[],[],[],[]
930,0,[0],[0],[0],930,[],[],[],[],[],[],[]
931,0,[0],[0],[0],931,[],[],[],[],[],[],[]
932,0,[0],[0],[0],932,[],[],[],[],[],[],[]
933,0,[0],[0],[0],933,[],[],[],[],[],[],[]
934,0,[0],[0],[0],934,[],[],[],[],[],[],[]
935,0,[0],[0],[0],935,[],[],[],[],[],[],[]
936,0,[0],[0],[0],936,[],[],[],[],[],[],[]
937,0,[0],[0],[0],937,[],[],[],[],[],[],[]
938,0,[0],[0],[0],938,[],[],[],[],[],[],[]
939,0,[0],[0],[0],939,[],[],[],[],[],[],[]
940,0,[0],[0],[0],940,[],[],[],[],[],[],[]
941,0,[0],[0],[0],941,[],[],[],[],[],[],[]
942,0,[0],[0],[0],942,[],[],[],[],[],[],[]
943,0,[0],[0],[0],943,[],[],[],[],[],[],[]
944,0,[0],[0],[0],944,[],[],[],[],[],[],[]
945,0,[0],[0],[0],945,[],[],[],[],[],[],[]
946,0,[0],[0],[0],946,[],[],[],[],[],[],[]
947,0,[0],[0],[0],947,[],[],[],[],[],[],[]
948,0,[0],[0],[0],948,[],[],[],[],[],[],[]
949,0,[0],[0],[0],949,[],[],[],[],[],[],[]
950,0,[0],[0],[0],950,[],[],[],[],[],[],[]
951,0,[0],[0],[0],951,[],[],[],[],[],[],[]
952,0,[0],[0],[0],952,[],[],[],[],[],[],[]
953,0,[0],[0],[0],953,[],[],[],[],[],[],[]
954,0,[0],[0],[0],954,[],[],[],[],[],[],[]
955,0,[0],[0],[0],955,[],[],[],[],[],[],[]
956,0,[0],[0],[0],956,[],[],[],[],[],[],[]
957,0,[0],[0],[0],957,[],[],[],[],[],[],[]
958,0,[0],[0],[0],958,[],[],[],[],[],[],[]
959,0,[0],[0],[0],959,[],[],[],[],[],[],[]
960,0,[0],[0],[0],960,[],[],[],[],[],[],[]
961,0,[0],[0],[0],961,[],[],[],[],[],[],[]
962,0,[0],[0],[0],962,[],[],[],[],[],[],[]
963,0,[0],[0],[0],963,[],[],[],[],[],[],[]
964,0,[0],[0],[0],964,[],[],[],[],[],[],[]
965,0,[0],[0],[0],965,[],[],[],[],[],[],[]
966,0,[0],[0],[0],966,[],[],[],[],[],[],[]
967,0,[0],[0],[0],967,[],[],[],[],[],[],[]
968,0,[0],[0],[0],968,[],[],[],[],[],[],[]
969,0,[0],[0],[0],969,[],[],[],[],[],[],[]
970,0,[0],[0],[0],970,[],[],[],[],[],[],[]
971,0,[0],[0],[0],971,[],[],[],[],[],[],[]
972,0,[0],[0],[0],972,[],[],[],[],[],[],[]
973,0,[0],[0],[0],973,[],[],[],[],[],[],[]
974,0,[0],[0],[0],974,[],[],[],[],[],[],[]
975,0,[0],[0],[0],975,[],[],[],[],[],[],[]
976,0,[0],[0],[0],976,[],[],[],[],[],[],[]
977,0,[0],[0],[0],977,[],[],[],[],[],[],[]
978,0,[0],[0],[0],978,[],[],[],[],[],[],[]
979,0,[0],[0],[0],979,[],[],[],[],[],[],[]
980,0,[0],[0],[0],980,[],[],[],[],[],[],[]
981,0,[0],[0],[0],981,[],[],[],[],[],[],[]
982,0,[0],[0],[0],982,[],[],[],[],[],[],[]
983,0,[0],[0],[0],983,[],[],[],[],[],[],[]
984,0,[0],[0],[0],984,[],[],[],[],[],[],[]
985,0,[0],[0],[0],985,[],[],[],[],[],[],[]
986,0,[0],[0],[0],986,[],[],[],[],[],[],[]
987,0,[0],[0],[0],987,[],[],[],[],[],[],[]
988,0,[0],[0],[0],988,[],[],[],[],[],[],[]
989,0,[0],[0],[0],989,[],[],[],[],[],[],[]
990,0,[0],[0],[0],990,[],[],[],[],[],[],[]
991,0,[0],[0],[0],991,[],[],[],[],[],[],[]
992,0,[0],[0],[0],992,[],[],[],[],[],[],[]
993,0,[0],[0],[0],993,[],[],[],[],[],[],[]
994,0,[0],[0],[0],994,[],[],[],[],[],[],[]
995,0,[0],[0],[0],995,[],[],[],[],[],[],[]
996,0,[0],[0],[0],996,[],[],[],[],[],[],[]
997,0,[0],[0],[0],997,[],[],[],[],[],[],[]
998,0,[0],[0],[0],998,[],[],[],[],[],[],[]
999,0,[0],[0],[0],999,[],[],[],[],[],[],[]
1000,0,[0],[0],[0],1000,[],[],[],[],[],[],[]
1001,0,[0],[0],[0],1001,[],[],[],[],[],[],[]
1002,0,[0],[0],[0],1002,[],[],[],[],[],[],[]
1003,0,[0],[0],[0],1003,[],[],[],[],[],[],[]
1004,0,[0],[0],[0],1004,[],[],[],[],[],[],[]
1005,0,[0],[0],[0],1005,[],[],[],[],[],[],[]
1006,0,[0],[0],[0],1006,[],[],[],[],[],[],[]
1007,0,[0],[0],[0],1007,[],[],[],[],[],[],[]
1008,0,[0],[0],[0],1008,[],[],[],[],[],[],[]
1009,0,[0],[0],[0],1009,[],[],[],[],[],[],[]
1010,0,[0],[0],[0],1010,[],[],[],[],[],[],[]
1011,0,[0],[0],[0],1011,[],[],[],[],[],[],[]
1012,0,[0],[0],[0],1012,[],[],[],[],[],[],[]
1013,0,[0],[0],[0],1013,[],[],[],[],[],[],[]
1014,0,[0],[0],[0],1014,[],[],[],[],[],[],[]
1015,0,[0],[0],[0],1015,[],[],[],[],[],[],[]
1016,0,[0],[0],[0],1016,[],[],[],[],[],[],[]
1017,0,[0],[0],[0],1017,[],[],[],[],[],[],[]
1018,0,[0],[0],[0],1018,[],[],[],[],[],[],[]
1019,0,[0],[0],[0],1019,[],[],[],[],[],[],[]
1020,0,[0],[0],[0],1020,[],[],[],[],[],[],[]
1021,0,[0],[0],[0],1021,[],[],[],[],[],[],[]
1022,0,[0],[0],[0],1022,[],[],[],[],[],[],[]
1023,0,[0],[0],[0],1023,[],[],[],[],[],[],[]
1024,0,[0],[0],[0],1024,[],[],[],[],[],[],[]
1025,0,[0],[0],[0],1025,[],[],[],[],[],[],[]
1026,0,[0],[0],[0],1026,[],[],[],[],[],[],[]
1027,0,[0],[0],[0],1027,[],[],[],[],[],[],[]
1028,0,[0],[0],[0],1028,[],[],[],[],[],[],[]
1029,0,[0],[0],[0],1029,[],[],[],[],[],[],[]
1030,0,[0],[0],[0],1030,[],[],[],[],[],[],[]
1031,0,[0],[0],[0],1031,[],[],[],[],[],[],[]
1032,0,[0],[0],[0],1032,[],[],[],[],[],[],[]
1033,0,[0],[0],[0],1033,[],[],[],[],[],[],[]
1034,0,[0],[0],[0],1034,[],[],[],[],[],[],[]
1035,0,[0],[0],[0],1035,[],[],[],[],[],[],[]
1036,0,[0],[0],[0],1036,[],[],[],[],[],[],[]
1037,0,[0],[0],[0],1037,[],[],[],[],[],[],[]
1038,0,[0],[0],[0],1038,[],[],[],[],[],[],[]
1039,0,[0],[0],[0],1039,[],[],[],[],[],[],[]
1040,0,[0],[0],[0],1040,[],[],[],[],[],[],[]
1041,0,[0],[0],[0],1041,[],[],[],[],[],[],[]
1042,0,[0],[0],[0],1042,[],[],[],[],[],[],[]
1043,0,[0],[0],[0],1043,[],[],[],[],[],[],[]
1044,0,[0],[0],[0],1044,[],[],[],[],[],[],[]
1045,0,[0],[0],[0],1045,[],[],[],[],[],[],[]
1046,0,[0],[0],[0],1046,[],[],[],[],[],[],[]
1047,0,[0],[0],[0],1047,[],[],[],[],[],[],[]
1048,0,[0],[0],[0],1048,[],[],[],[],[],[],[]
1049,0,[0],[0],[0],1049,[],[],[],[],[],[],[]
1050,0,[0],[0],[0],1050,[],[],[],[],[],[],[]
1051,0,[0],[0],[0],1051,[],[],[],[],[],[],[]
1052,0,[0],[0],[0],1052,[],[],[],[],[],[],[]
1053,0,[0],[0],[0],1053,[],[],[],[],[],[],[]
1054,0,[0],[0],[0],1054,[],[],[],[],[],[],[]
1055,0,[0],[0],[0],1055,[],[],[],[],[],[],[]
1056,0,[0],[0],[0],1056,[],[],[],[],[],[],[]
1057,0,[0],[0],[0],1057,[],[],[],[],[],[],[]
1058,0,[0],[0],[0],1058,[],[],[],[],[],[],[]
1059,0,[0],[0],[0],1059,[],[],[],[],[],[],[]
1060,0,[0],[0],[0],1060,[],[],[],[],[],[],[]
1061,0,[0],[0],[0],1061,[],[],[],[],[],[],[]
1062,0,[0],[0],[0],1062,[],[],[],[],[],[],[]
1063,0,[0],[0],[0],1063,[],[],[],[],[],[],[]
1064,0,[0],[0],[0],1064,[],[],[],[],[],[],[]
1065,0,[0],[0],[0],1065,[],[],[],[],[],[],[]
1066,0,[0],[0],[0],1066,[],[],[],[],[],[],[]
1067,0,[0],[0],[0],1067,[],[],[],[],[],[],[]
1068,0,[0],[0],[0],1068,[],[],[],[],[],[],[]
1069,0,[0],[0],[0],1069,[],[],[],[],[],[],[]
1070,0,[0],[0],[0],1070,[],[],[],[],[],[],[]
1071,0,[0],[0],[0],1071,[],[],[],[],[],[],[]
1072,0,[0],[0],[0],1072,[],[],[],[],[],[],[]
1073,0,[0],[0],[0],1073,[],[],[],[],[],[],[]
1074,0,[0],[0],[0],1074,[],[],[],[],[],[],[]
1075,0,[0],[0],[0],1075,[],[],[],[],[],[],[]
1076,0,[0],[0],[0],1076,[],[],[],[],[],[],[]
1077,0,[0],[0],[0],1077,[],[],[],[],[],[],[]
1078,0,[0],[0],[0],1078,[],[],[],[],[],[],[]
1079,0,[0],[0],[0],1079,[],[],[],[],[],[],[]
1080,0,[0],[0],[0],1080,[],[],[],[],[],[],[]
1081,0,[0],[0],[0],1081,[],[],[],[],[],[],[]
1082,0,[0],[0],[0],1082,[],[],[],[],[],[],[]
1083,0,[0],[0],[0],1083,[],[],[],[],[],[],[]
1084,0,[0],[0],[0],1084,[],[],[],[],[],[],[]
1085,0,[0],[0],[0],1085,[],[],[],[],[],[],[]
1086,0,[0],[0],[0],1086,[],[],[],[],[],[],[]
1087,0,[0],[0],[0],1087,[],[],[],[],[],[],[]
1088,0,[0],[0],[0],1088,[],[],[],[],[],[],[]
1089,0,[0],[0],[0],1089,[],[],[],[],[],[],[]
1090,0,[0],[0],[0],1090,[],[],[],[],[],[],[]
1091,0,[0],[0],[0],1091,[],[],[],[],[],[],[]
1092,0,[0],[0],[0],1092,[],[],[],[],[],[],[]
1093,0,[0],[0],[0],1093,[],[],[],[],[],[],[]
1094,0,[0],[0],[0],1094,[],[],[],[],[],[],[]
1095,0,[0],[0],[0],1095,[],[],[],[],[],[],[]
1096,0,[0],[0],[0],1096,[],[],[],[],[],[],[]
1097,0,[0],[0],[0],1097,[],[],[],[],[],[],[]
1098,0,[0],[0],[0],1098,[],[],[],[],[],[],[]
1099,0,[0],[0],[0],1099,[],[],[],[],[],[],[]
1100,0,[0],[0],[0],1100,[],[],[],[],[],[],[]
1101,0,[0],[0],[0],1101,[],[],[],[],[],[],[]
1102,0,[0],[0],[0],1102,[],[],[],[],[],[],[]
1103,0,[0],[0],[0],1103,[],[],[],[],[],[],[]
1104,0,[0],[0],[0],1104,[],[],[],[],[],[],[]
1105,0,[0],[0],[0],1105,[],[],[],[],[],[],[]
1106,0,[0],[0],[0],1106,[],[],[],[],[],[],[]
1107,0,[0],[0],[0],1107,[],[],[],[],[],[],[]
1108,0,[0],[0],[0],1108,[],[],[],[],[],[],[]
1109,0,[0],[0],[0],1109,[],[],[],[],[],[],[]
1110,0,[0],[0],[0],1110,[],[],[],[],[],[],[]
1111,0,[0],[0],[0],1111,[],[],[],[],[],[],[]
1112,0,[0],[0],[0],1112,[],[],[],[],[],[],[]
1113,0,[0],[0],[0],1113,[],[],[],[],[],[],[]
1114,0,[0],[0],[0],1114,[],[],[],[],[],[],[]
1115,0,[0],[0],[0],1115,[],[],[],[],[],[],[]
1116,0,[0],[0],[0],1116,[],[],[],[],[],[],[]
1117,0,[0],[0],[0],1117,[],[],[],[],[],[],[]
1118,0,[0],[0],[0],1118,[],[],[],[],[],[],[]
1119,0,[0],[0],[0],1119,[],[],[],[],[],[],[]
1120,0,[0],[0],[0],1120,[],[],[],[],[],[],[]
1121,0,[0],[0],[0],1121,[],[],[],[],[],[],[]
1122,0,[0],[0],[0],1122,[],[],[],[],[],[],[]
1123,0,[0],[0],[0],1123,[],[],[],[],[],[],[]
1124,0,[0],[0],[0],1124,[],[],[],[],[],[],[]
1125,0,[0],[0],[0],1125,[],[],[],[],[],[],[]
1126,0,[0],[0],[0],1126,[],[],[],[],[],[],[]
1127,0,[0],[0],[0],1127,[],[],[],[],[],[],[]
1128,0,[0],[0],[0],1128,[],[],[],[],[],[],[]
1129,0,[0],[0],[0],1129,[],[],[],[],[],[],[]
1130,0,[0],[0],[0],1130,[],[],[],[],[],[],[]
1131,0,[0],[0],[0],1131,[],[],[],[],[],[],[]
1132,0,[0],[0],[0],1132,[],[],[],[],[],[],[]
1133,0,[0],[0],[0],1133,[],[],[],[],[],[],[]
1134,0,[0],[0],[0],1134,[],[],[],[],[],[],[]
1135,0,[0],[0],[0],1135,[],[],[],[],[],[],[]
1136,0,[0],[0],[0],1136,[],[],[],[],[],[],[]
1137,0,[0],[0],[0],1137,[],[],[],[],[],[],[]
1138,0,[0],[0],[0],1138,[],[],[],[],[],[],[]
1139,0,[0],[0],[0],1139,[],[],[],[],[],[],[]
1140,0,[0],[0],[0],1140,[],[],[],[],[],[],[]
1141,0,[0],[0],[0],1141,[],[],[],[],[],[],[]
1142,0,[0],[0],[0],1142,[],[],[],[],[],[],[]
1143,0,[0],[0],[0],1143,[],[],[],[],[],[],[]
1144,0,[0],[0],[0],1144,[],[],[],[],[],[],[]
1145,0,[0],[0],[0],1145,[],[],[],[],[],[],[]
1146,0,[0],[0],[0],1146,[],[],[],[],[],[],[]
1147,0,[0],[0],[0],1147,[],[],[],[],[],[],[]
1148,0,[0],[0],[0],1148,[],[],[],[],[],[],[]
1149,0,[0],[0],[0],1149,[],[],[],[],[],[],[]
1150,0,[0],[0],[0],1150,[],[],[],[],[],[],[]
1151,0,[0],[0],[0],1151,[],[],[],[],[],[],[]
1152,0,[0],[0],[0],1152,[],[],[],[],[],[],[]
1153,0,[0],[0],[0],1153,[],[],[],[],[],[],[]
1154,0,[0],[0],[0],1154,[],[],[],[],[],[],[]
1155,0,[0],[0],[0],1155,[],[],[],[],[],[],[]
1156,0,[0],[0],[0],1156,[],[],[],[],[],[],[]
1157,0,[0],[0],[0],1157,[],[],[],[],[],[],[]
1158,0,[0],[0],[0],1158,[],[],[],[],[],[],[]
1159,0,[0],[0],[0],1159,[],[],[],[],[],[],[]
1160,0,[0],[0],[0],1160,[],[],[],[],[],[],[]
1161,0,[0],[0],[0],1161,[],[],[],[],[],[],[]
1162,0,[0],[0],[0],1162,[],[],[],[],[],[],[]
1163,0,[0],[0],[0],1163,[],[],[],[],[],[],[]
1164,0,[0],[0],[0],1164,[],[],[],[],[],[],[]
1165,0,[0],[0],[0],1165,[],[],[],[],[],[],[]
1166,0,[0],[0],[0],1166,[],[],[],[],[],[],[]
1167,0,[0],[0],[0],1167,[],[],[],[],[],[],[]
1168,0,[0],[0],[0],1168,[],[],[],[],[],[],[]
1169,0,[0],[0],[0],1169,[],[],[],[],[],[],[]
1170,0,[0],[0],[0],1170,[],[],[],[],[],[],[]
1171,0,[0],[0],[0],1171,[],[],[],[],[],[],[]
1172,0,[0],[0],[0],1172,[],[],[],[],[],[],[]
1173,0,[0],[0],[0],1173,[],[],[],[],[],[],[]
1174,0,[0],[0],[0],1174,[],[],[],[],[],[],[]
1175,0,[0],[0],[0],1175,[],[],[],[],[],[],[]
1176,0,[0],[0],[0],1176,[],[],[],[],[],[],[]
1177,0,[0],[0],[0],1177,[],[],[],[],[],[],[]
1178,0,[0],[0],[0],1178,[],[],[],[],[],[],[]
1179,0,[0],[0],[0],1179,[],[],[],[],[],[],[]
1180,0,[0],[0],[0],1180,[],[],[],[],[],[],[]
1181,0,[0],[0],[0],1181,[],[],[],[],[],[],[]
1182,0,[0],[0],[0],1182,[],[],[],[],[],[],[]
1183,0,[0],[0],[0],1183,[],[],[],[],[],[],[]
1184,0,[0],[0],[0],1184,[],[],[],[],[],[],[]
1185,0,[0],[0],[0],1185,[],[],[],[],[],[],[]
1186,0,[0],[0],[0],1186,[],[],[],[],[],[],[]
1187,0,[0],[0],[0],1187,[],[],[],[],[],[],[]
1188,0,[0],[0],[0],1188,[],[],[],[],[],[],[]
1189,0,[0],[0],[0],1189,[],[],[],[],[],[],[]
1190,0,[0],[0],[0],1190,[],[],[],[],[],[],[]
1191,0,[0],[0],[0],1191,[],[],[],[],[],[],[]
1192,0,[0],[0],[0],1192,[],[],[],[],[],[],[]
1193,0,[0],[0],[0],1193,[],[],[],[],[],[],[]
1194,0,[0],[0],[0],1194,[],[],[],[],[],[],[]
1195,0,[0],[0],[0],1195,[],[],[],[],[],[],[]
1196,0,[0],[0],[0],1196,[],[],[],[],[],[],[]
1197,0,[0],[0],[0],1197,[],[],[],[],[],[],[]
1198,0,[0],[0],[0],1198,[],[],[],[],[],[],[]
1199,0,[0],[0],[0],1199,[],[],[],[],[],[],[]
1200,0,[0],[0],[0],1200,[],[],[],[],[],[],[]
1201,0,[0],[0],[0],1201,[],[],[],[],[],[],[]
1202,0,[0],[0],[0],1202,[],[],[],[],[],[],[]
1203,0,[0],[0],[0],1203,[],[],[],[],[],[],[]
1204,0,[0],[0],[0],1204,[],[],[],[],[],[],[]
1205,0,[0],[0],[0],1205,[],[],[],[],[],[],[]
1206,0,[0],[0],[0],1206,[],[],[],[],[],[],[]
1207,0,[0],[0],[0],1207,[],[],[],[],[],[],[]
1208,0,[0],[0],[0],1208,[],[],[],[],[],[],[]
1209,0,[0],[0],[0],1209,[],[],[],[],[],[],[]
1210,0,[0],[0],[0],1210,[],[],[],[],[],[],[]
1211,0,[0],[0],[0],1211,[],[],[],[],[],[],[]
1212,0,[0],[0],[0],1212,[],[],[],[],[],[],[]
1213,0,[0],[0],[0],1213,[],[],[],[],[],[],[]
1214,0,[0],[0],[0],1214,[],[],[],[],[],[],[]
1215,0,[0],[0],[0],1215,[],[],[],[],[],[],[]
1216,0,[0],[0],[0],1216,[],[],[],[],[],[],[]
1217,0,[0],[0],[0],1217,[],[],[],[],[],[],[]
1218,0,[0],[0],[0],1218,[],[],[],[],[],[],[]
1219,0,[0],[0],[0],1219,[],[],[],[],[],[],[]
1220,0,[0],[0],[0],1220,[],[],[],[],[],[],[]
1221,0,[0],[0],[0],1221,[],[],[],[],[],[],[]
1222,0,[0],[0],[0],1222,[],[],[],[],[],[],[]
1223,0,[0],[0],[0],1223,[],[],[],[],[],[],[]
1224,0,[0],[0],[0],1224,[],[],[],[],[],[],[]
1225,0,[0],[0],[0],1225,[],[],[],[],[],[],[]
1226,0,[0],[0],[0],1226,[],[],[],[],[],[],[]
1227,0,[0],[0],[0],1227,[],[],[],[],[],[],[]
1228,0,[0],[0],[0],1228,[],[],[],[],[],[],[]
1229,0,[0],[0],[0],1229,[],[],[],[],[],[],[]
1230,0,[0],[0],[0],1230,[],[],[],[],[],[],[]
1231,0,[0],[0],[0],1231,[],[],[],[],[],[],[]
1232,0,[0],[0],[0],1232,[],[],[],[],[],[],[]
1233,0,[0],[0],[0],1233,[],[],[],[],[],[],[]
1234,0,[0],[0],[0],1234,[],[],[],[],[],[],[]
1235,1,[9.8997 ],[5.6241 ],[0.6630 ],1235,"[(1411.0000, 240.0000)]","[(1130.0000, 180.0000)]",[4.920737],[4.920737],[17.170590],[4.920737],[0.000000]
1236,1,[9.2042 ],[6.1974 ],[1.0840 ],1236,"[(1389.0000, 213.0000)]","[(1116.0000, 157.0000)]",[3.365329],[33.045642],[16.341586],[3.365329],[59.360624]
1237,1,[10.2019 ],[4.3429 ],[0.8029 ],1237,"[(1380.0000, 202.0000)]","[(1096.0000, 146.0000)]",[0.937111],[18.676600],[12.622046],[0.937111],[35.478978]
1238,1,[10.7979 ],[3.0403 ],[0.7782 ],1238,"[(1372.0000, 180.0000)]","[(1082.0000, 131.0000)]",[1.584790],[22.570286],[15.399717],[1.584790],[41.970991]
1239,0,[0],[0],[0],1239,[],[],[],[],[],[],[]
1240,1,[10.3766 ],[3.0898 ],[1.0908 ],1240,"[(1350.0000, 150.0000)]","[(1063.0000, 116.0000)]",[11.193515],[11.193515],[24.867555],[11.193515],[0.000000]
1241,0,[0],[0],[0],1241,[],[],[],[],[],[],[]
1242,0,[0],[0],[0],1242,[],[],[],[],[],[],[]
1243,0,[0],[0],[0],1243,[],[],[],[],[],[],[]
1244,0,[0],[0],[0],1244,[],[],[],[],[],[],[]
1245,0,[0],[0],[0],1245,[],[],[],[],[],[],[]
1246,0,[0],[0],[0],1246,[],[],[],[],[],[],[]
1247,0,[0],[0],[0],1247,[],[],[],[],[],[],[]
1248,1,[9.4131 ],[2.7640 ],[2.0306 ],1248,"[(1285.0000, 75.0000)]","[(1004.0000, 41.0000)]",[2.208007],[2.208007],[13.929540],[2.208007],[0.000000]
1249,1,[9.7657 ],[2.1223 ],[2.1375 ],1249,"[(1293.0000, 60.0000)]","[(1006.0000, 30.0000)]",[0.566992],[14.622411],[16.877497],[0.566992],[28.110838]
1250,1,[10.4268 ],[0.9529 ],[2.2300 ],1250,"[(1305.0000, 45.0000)]","[(1009.0000, 18.0000)]",[2.304138],[18.248811],[18.852174],[2.304138],[31.889346]
1251,1,[9.9780 ],[1.9291 ],[2.4181 ],1251,"[(1310.0000, 37.0000)]","[(1015.0000, 7.0000)]",[0.850809],[11.932684],[16.046101],[0.850809],[22.163750]
1252,1,[9.3612 ],[3.3270 ],[2.5347 ],1252,"[(1316.0000, 30.0000)]","[(1026.0000, 7.0000)]",[6.903842],[17.014739],[23.523697],[6.903842],[20.221795]
1253,0,[0],[0],[0],1253,[],[],[],[],[],[],[]
1254,0,[0],[0],[0],1254,[],[],[],[],[],[],[]
1255,1,[4.7647 ],[12.3666 ],[2.9548 ],1255,"[(1335.0000, 7.0000)]","[(1060.0000, 93.0000)]",[527.320939],[527.320939],[130.516041],[527.320939],[0.000000]
1256,0,[0],[0],[0],1256,[],[],[],[],[],[],[]
1257,0,[0],[0],[0],1257,[],[],[],[],[],[],[]
1258,0,[0],[0],[0],1258,[],[],[],[],[],[],[]
1259,0,[0],[0],[0],1259,[],[],[],[],[],[],[]
1260,0,[0],[0],[0],1260,[],[],[],[],[],[],[]
1261,0,[0],[0],[0],1261,[],[],[],[],[],[],[]
1262,0,[0],[0],[0],1262,[],[],[],[],[],[],[]
1263,0,[0],[0],[0],1263,[],[],[],[],[],[],[]
1264,0,[0],[0],[0],1264,[],[],[],[],[],[],[]
1265,0,[0],[0],[0],1265,[],[],[],[],[],[],[]
1266,0,[0],[0],[0],1266,[],[],[],[],[],[],[]
1267,0,[0],[0],[0],1267,[],[],[],[],[],[],[]
1268,0,[0],[0],[0],1268,[],[],[],[],[],[],[]
1269,0,[0],[0],[0],1269,[],[],[],[],[],[],[]
1270,0,[0],[0],[0],1270,[],[],[],[],[],[],[]
1271,0,[0],[0],[0],1271,[],[],[],[],[],[],[]
1272,0,[0],[0],[0],1272,[],[],[],[],[],[],[]
1273,0,[0],[0],[0],1273,[],[],[],[],[],[],[]
1274,0,[0],[0],[0],1274,[],[],[],[],[],[],[]
1275,0,[0],[0],[0],1275,[],[],[],[],[],[],[]
1276,0,[0],[0],[0],1276,[],[],[],[],[],[],[]
1277,1,[8.4027 ],[7.0817 ],[2.6768 ],1277,"[(1423.0000, 41.0000)]","[(1133.0000, 11.0000)]",[10.636765],[10.636765],[26.813060],[10.636765],[0.000000]
1278,1,[8.5904 ],[6.8496 ],[2.5728 ],1278,"[(1425.0000, 56.0000)]","[(1133.0000, 18.0000)]",[3.887210],[14.947371],[20.290722],[3.887210],[22.120323]
1279,1,[8.6946 ],[6.7549 ],[2.4354 ],1279,"[(1425.0000, 75.0000)]","[(1133.0000, 30.0000)]",[1.142223],[16.705265],[15.229128],[1.142223],[31.126084]
1280,1,[8.3725 ],[7.3456 ],[2.3539 ],1280,"[(1423.0000, 93.0000)]","[(1139.0000, 45.0000)]",[1.223984],[18.237842],[14.760356],[1.223984],[34.027715]
1281,1,[8.4281 ],[7.3527 ],[2.2017 ],1281,"[(1423.0000, 112.0000)]","[(1141.0000, 63.0000)]",[0.454182],[18.811061],[15.889741],[0.454182],[36.713758]
1282,1,[8.4129 ],[7.4264 ],[2.0702 ],1282,"[(1420.0000, 131.0000)]","[(1141.0000, 78.0000)]",[1.191636],[18.259915],[13.961162],[1.191636],[34.136558]
1283,1,[8.3103 ],[7.6671 ],[1.9288 ],1283,"[(1417.0000, 150.0000)]","[(1144.0000, 101.0000)]",[5.979895],[26.870568],[20.110387],[5.979895],[41.781346]
1284,1,[8.8095 ],[7.0788 ],[1.6297 ],1284,"[(1423.0000, 176.0000)]","[(1144.0000, 120.0000)]",[2.132644],[24.335331],[16.031283],[2.132644],[44.405375]
1285,1,[8.6701 ],[7.3299 ],[1.4974 ],1285,"[(1417.0000, 198.0000)]","[(1144.0000, 138.0000)]",[1.067916],[21.198654],[14.580378],[1.067916],[40.261476]
1286,1,[8.4170 ],[7.7505 ],[1.3745 ],1286,"[(1409.0000, 228.0000)]","[(1144.0000, 157.0000)]",[6.085937],[30.673309],[7.426589],[6.085937],[49.174743]
1287,1,[8.3663 ],[7.8855 ],[1.2016 ],1287,"[(1403.0000, 251.0000)]","[(1144.0000, 180.0000)]",[2.749396],[25.512495],[9.966812],[2.749396],[45.526200]
1288,1,[8.4814 ],[7.8217 ],[0.9435 ],1288,"[(1400.0000, 277.0000)]","[(1144.0000, 206.0000)]",[1.039231],[26.213005],[12.859162],[1.039231],[50.347547]
1289,1,[8.4190 ],[7.9962 ],[0.7916 ],1289,"[(1397.0000, 307.0000)]","[(1144.0000, 221.0000)]",[10.073764],[31.851538],[2.204437],[10.073764],[43.555548]
1290,1,[8.1074 ],[8.5014 ],[0.6316 ],1290,"[(1383.0000, 345.0000)]","[(1144.0000, 255.0000)]",[8.483384],[44.415644],[2.832451],[8.483384],[71.864519]
1291,1,[8.1932 ],[8.5372 ],[0.4334 ],1291,"[(1386.0000, 363.0000)]","[(1150.0000, 281.0000)]",[3.628143],[25.006457],[13.375784],[3.628143],[42.756628]
1292,1,[8.5830 ],[8.0545 ],[0.2715 ],1292,"[(1395.0000, 356.0000)]","[(1150.0000, 281.0000)]",[9.937876],[15.638535],[19.155421],[9.937876],[11.401318]
1293,1,[8.9136 ],[7.6120 ],[0.2205 ],1293,"[(1403.0000, 348.0000)]","[(1150.0000, 266.0000)]",[1.462009],[14.217512],[11.729804],[1.462009],[25.511007]
1294,1,[8.5935 ],[8.0057 ],[0.4801 ],1294,"[(1403.0000, 337.0000)]","[(1153.0000, 255.0000)]",[0.221649],[10.966176],[10.844924],[0.221649],[21.489054]
1295,1,[3.5437 ],[14.9676 ],[2.8807 ],1295,"[(1411.0000, 322.0000)]","[(1403.0000, 738.0000)]",[1245.490560],[1515.833116],[517.810757],[1245.490560],[540.685111]
1296,0,[0],[0],[0],1296,[],[],[],[],[],[],[]
1297,0,[0],[0],[0],1297,[],[],[],[],[],[],[]
1298,0,[0],[0],[0],1298,[],[],[],[],[],[],[]
1299,0,[0],[0],[0],1299,[],[],[],[],[],[],[]
1300,0,[0],[0],[0],1300,[],[],[],[],[],[],[]
1301,0,[0],[0],[0],1301,[],[],[],[],[],[],[]
1302,0,[0],[0],[0],1302,[],[],[],[],[],[],[]
1303,0,[0],[0],[0],1303,[],[],[],[],[],[],[]
1304,0,[0],[0],[0],1304,[],[],[],[],[],[],[]
1305,0,[0],[0],[0],1305,[],[],[],[],[],[],[]
1306,0,[0],[0],[0],1306,[],[],[],[],[],[],[]
1307,0,[0],[0],[0],1307,[],[],[],[],[],[],[]
1308,0,[0],[0],[0],1308,[],[],[],[],[],[],[]
1309,0,[0],[0],[0],1309,[],[],[],[],[],[],[]
1310,0,[0],[0],[0],1310,[],[],[],[],[],[],[]
1311,0,[0],[0],[0],1311,[],[],[],[],[],[],[]
1312,1,[4.2936 ],[14.4601 ],[1.7903 ],1312,"[(1347.0000, 802.0000)]","[(1344.0000, 813.0000)]",[308.127730],[308.127730],[199.852393],[308.127730],[0.000000]
1313,1,[4.3613 ],[14.4213 ],[1.7474 ],1313,"[(1350.0000, 806.0000)]","[(1361.0000, 798.0000)]",[270.674391],[284.350528],[186.339334],[270.674391],[27.352275]
1314,1,[4.3893 ],[14.4102 ],[1.7530 ],1314,"[(1350.0000, 806.0000)]","[(1380.0000, 783.0000)]",[243.497887],[255.474632],[176.177624],[243.497887],[23.953489]
1315,0,[0],[0],[0],1315,[],[],[],[],[],[],[]
1316,0,[0],[0],[0],1316,[],[],[],[],[],[],[]
1317,0,[0],[0],[0],1317,[],[],[],[],[],[],[]
1318,0,[0],[0],[0],1318,[],[],[],[],[],[],[]
1319,0,[0],[0],[0],1319,[],[],[],[],[],[],[]
1320,0,[0],[0],[0],1320,[],[],[],[],[],[],[]
1321,0,[0],[0],[0],1321,[],[],[],[],[],[],[]
1322,0,[0],[0],[0],1322,[],[],[],[],[],[],[]
1323,0,[0],[0],[0],1323,[],[],[],[],[],[],[]
1324,0,[0],[0],[0],1324,[],[],[],[],[],[],[]
1325,0,[0],[0],[0],1325,[],[],[],[],[],[],[]
1326,0,[0],[0],[0],1326,[],[],[],[],[],[],[]
1327,0,[0],[0],[0],1327,[],[],[],[],[],[],[]
1328,0,[0],[0],[0],1328,[],[],[],[],[],[],[]
1329,0,[0],[0],[0],1329,[],[],[],[],[],[],[]
1330,0,[0],[0],[0],1330,[],[],[],[],[],[],[]
1331,0,[0],[0],[0],1331,[],[],[],[],[],[],[]
1332,0,[0],[0],[0],1332,[],[],[],[],[],[],[]
1333,0,[0],[0],[0],1333,[],[],[],[],[],[],[]
1334,0,[0],[0],[0],1334,[],[],[],[],[],[],[]
1335,0,[0],[0],[0],1335,[],[],[],[],[],[],[]
1336,0,[0],[0],[0],1336,[],[],[],[],[],[],[]
1337,0,[0],[0],[0],1337,[],[],[],[],[],[],[]
1338,0,[0],[0],[0],1338,[],[],[],[],[],[],[]
1339,0,[0],[0],[0],1339,[],[],[],[],[],[],[]
1340,0,[0],[0],[0],1340,[],[],[],[],[],[],[]
1341,0,[0],[0],[0],1341,[],[],[],[],[],[],[]
1342,0,[0],[0],[0],1342,[],[],[],[],[],[],[]
1343,0,[0],[0],[0],1343,[],[],[],[],[],[],[]
1344,0,[0],[0],[0],1344,[],[],[],[],[],[],[]
1345,0,[0],[0],[0],1345,[],[],[],[],[],[],[]
1346,0,[0],[0],[0],1346,[],[],[],[],[],[],[]
1347,0,[0],[0],[0],1347,[],[],[],[],[],[],[]
1348,0,[0],[0],[0],1348,[],[],[],[],[],[],[]
1349,0,[0],[0],[0],1349,[],[],[],[],[],[],[]
1350,0,[0],[0],[0],1350,[],[],[],[],[],[],[]
1351,0,[0],[0],[0],1351,[],[],[],[],[],[],[]
1352,0,[0],[0],[0],1352,[],[],[],[],[],[],[]
1353,0,[0],[0],[0],1353,[],[],[],[],[],[],[]
1354,0,[0],[0],[0],1354,[],[],[],[],[],[],[]
1355,0,[0],[0],[0],1355,[],[],[],[],[],[],[]
1356,0,[0],[0],[0],1356,[],[],[],[],[],[],[]
1357,0,[0],[0],[0],1357,[],[],[],[],[],[],[]
1358,0,[0],[0],[0],1358,[],[],[],[],[],[],[]
1359,0,[0],[0],[0],1359,[],[],[],[],[],[],[]
1360,0,[0],[0],[0],1360,[],[],[],[],[],[],[]
1361,0,[0],[0],[0],1361,[],[],[],[],[],[],[]
1362,0,[0],[0],[0],1362,[],[],[],[],[],[],[]
1363,0,[0],[0],[0],1363,[],[],[],[],[],[],[]
1364,0,[0],[0],[0],1364,[],[],[],[],[],[],[]
1365,0,[0],[0],[0],1365,[],[],[],[],[],[],[]
1366,0,[0],[0],[0],1366,[],[],[],[],[],[],[]
1367,0,[0],[0],[0],1367,[],[],[],[],[],[],[]
1368,0,[0],[0],[0],1368,[],[],[],[],[],[],[]
1369,0,[0],[0],[0],1369,[],[],[],[],[],[],[]
1370,0,[0],[0],[0],1370,[],[],[],[],[],[],[]
1371,0,[0],[0],[0],1371,[],[],[],[],[],[],[]
1372,0,[0],[0],[0],1372,[],[],[],[],[],[],[]
1373,0,[0],[0],[0],1373,[],[],[],[],[],[],[]
1374,0,[0],[0],[0],1374,[],[],[],[],[],[],[]
1375,0,[0],[0],[0],1375,[],[],[],[],[],[],[]
1376,0,[0],[0],[0],1376,[],[],[],[],[],[],[]
1377,0,[0],[0],[0],1377,[],[],[],[],[],[],[]
1378,0,[0],[0],[0],1378,[],[],[],[],[],[],[]
1379,0,[0],[0],[0],1379,[],[],[],[],[],[],[]
1380,0,[0],[0],[0],1380,[],[],[],[],[],[],[]
1381,0,[0],[0],[0],1381,[],[],[],[],[],[],[]
1382,0,[0],[0],[0],1382,[],[],[],[],[],[],[]
1383,0,[0],[0],[0],1383,[],[],[],[],[],[],[]
1384,0,[0],[0],[0],1384,[],[],[],[],[],[],[]
1385,0,[0],[0],[0],1385,[],[],[],[],[],[],[]
1386,0,[0],[0],[0],1386,[],[],[],[],[],[],[]
1387,0,[0],[0],[0],1387,[],[],[],[],[],[],[]
1388,0,[0],[0],[0],1388,[],[],[],[],[],[],[]
1389,0,[0],[0],[0],1389,[],[],[],[],[],[],[]
1390,0,[0],[0],[0],1390,[],[],[],[],[],[],[]
1391,0,[0],[0],[0],1391,[],[],[],[],[],[],[]
1392,0,[0],[0],[0],1392,[],[],[],[],[],[],[]
1393,0,[0],[0],[0],1393,[],[],[],[],[],[],[]
1394,0,[0],[0],[0],1394,[],[],[],[],[],[],[]
1395,0,[0],[0],[0],1395,[],[],[],[],[],[],[]
1396,0,[0],[0],[0],1396,[],[],[],[],[],[],[]
1397,0,[0],[0],[0],1397,[],[],[],[],[],[],[]
1398,0,[0],[0],[0],1398,[],[],[],[],[],[],[]
1399,0,[0],[0],[0],1399,[],[],[],[],[],[],[]
1400,0,[0],[0],[0],1400,[],[],[],[],[],[],[]
1401,0,[0],[0],[0],1401,[],[],[],[],[],[],[]
1402,0,[0],[0],[0],1402,[],[],[],[],[],[],[]
1403,0,[0],[0],[0],1403,[],[],[],[],[],[],[]
1404,0,[0],[0],[0],1404,[],[],[],[],[],[],[]
1405,0,[0],[0],[0],1405,[],[],[],[],[],[],[]
1406,0,[0],[0],[0],1406,[],[],[],[],[],[],[]
1407,0,[0],[0],[0],1407,[],[],[],[],[],[],[]
1408,0,[0],[0],[0],1408,[],[],[],[],[],[],[]
1409,0,[0],[0],[0],1409,[],[],[],[],[],[],[]
1410,0,[0],[0],[0],1410,[],[],[],[],[],[],[]
1411,0,[0],[0],[0],1411,[],[],[],[],[],[],[]
1412,0,[0],[0],[0],1412,[],[],[],[],[],[],[]
1413,0,[0],[0],[0],1413,[],[],[],[],[],[],[]
1414,0,[0],[0],[0],1414,[],[],[],[],[],[],[]
1415,0,[0],[0],[0],1415,[],[],[],[],[],[],[]
1416,0,[0],[0],[0],1416,[],[],[],[],[],[],[]
1417,0,[0],[0],[0],1417,[],[],[],[],[],[],[]
1418,0,[0],[0],[0],1418,[],[],[],[],[],[],[]
1419,0,[0],[0],[0],1419,[],[],[],[],[],[],[]
1420,0,[0],[0],[0],1420,[],[],[],[],[],[],[]
1421,0,[0],[0],[0],1421,[],[],[],[],[],[],[]
1422,0,[0],[0],[0],1422,[],[],[],[],[],[],[]
1423,0,[0],[0],[0],1423,[],[],[],[],[],[],[]
1424,0,[0],[0],[0],1424,[],[],[],[],[],[],[]
1425,0,[0],[0],[0],1425,[],[],[],[],[],[],[]
1426,0,[0],[0],[0],1426,[],[],[],[],[],[],[]
1427,0,[0],[0],[0],1427,[],[],[],[],[],[],[]
1428,0,[0],[0],[0],1428,[],[],[],[],[],[],[]
1429,0,[0],[0],[0],1429,[],[],[],[],[],[],[]
1430,0,[0],[0],[0],1430,[],[],[],[],[],[],[]
1431,0,[0],[0],[0],1431,[],[],[],[],[],[],[]
1432,0,[0],[0],[0],1432,[],[],[],[],[],[],[]
1433,0,[0],[0],[0],1433,[],[],[],[],[],[],[]
1434,0,[0],[0],[0],1434,[],[],[],[],[],[],[]
1435,0,[0],[0],[0],1435,[],[],[],[],[],[],[]
1436,0,[0],[0],[0],1436,[],[],[],[],[],[],[]
1437,0,[0],[0],[0],1437,[],[],[],[],[],[],[]
1438,0,[0],[0],[0],1438,[],[],[],[],[],[],[]
1439,0,[0],[0],[0],1439,[],[],[],[],[],[],[]
1440,0,[0],[0],[0],1440,[],[],[],[],[],[],[]
1441,0,[0],[0],[0],1441,[],[],[],[],[],[],[]
1442,0,[0],[0],[0],1442,[],[],[],[],[],[],[]
1443,0,[0],[0],[0],1443,[],[],[],[],[],[],[]
1444,0,[0],[0],[0],1444,[],[],[],[],[],[],[]
1445,0,[0],[0],[0],1445,[],[],[],[],[],[],[]
1446,0,[0],[0],[0],1446,[],[],[],[],[],[],[]
1447,0,[0],[0],[0],1447,[],[],[],[],[],[],[]
1448,0,[0],[0],[0],1448,[],[],[],[],[],[],[]
1449,1,"[6.0966, 5.6128 ]","[12.6103, 12.6529 ]","[0.2718, 0.6751 ]",1449,"[(1375.0000, 761.0000), (1302.0000, 678.0000)]","[(1265.0000, 573.0000), (1220.0000, 547.0000)]","[12.306331, 17.165920]","[12.306331, 17.165920]","[9.099713, 18.743016]","[12.306331, 17.165920]","[0.000000, 0.000000]"
1450,1,[5.6875 ],[12.1656 ],[0.6058 ],1450,"[(1262.0000, 622.0000)]","[(1167.0000, 498.0000)]",[1.557129],[69.540666],[6.225437],[1.557129],[135.967073]
1451,0,[0],[0],[0],1451,[],[],[],[],[],[],[]
1452,1,[5.3561 ],[10.5387 ],[0.7242 ],1452,"[(1096.0000, 435.0000)]","[(981.0000, 367.0000)]",[6.237299],[6.237299],[2.997967],[6.237299],[0.000000]
1453,1,[5.1738 ],[10.0003 ],[0.8159 ],1453,"[(1049.0000, 382.0000)]","[(928.0000, 333.0000)]",[1.219057],[64.504244],[8.766680],[1.219057],[126.570374]
1454,1,[4.7101 ],[9.7197 ],[1.1538 ],1454,"[(981.0000, 318.0000)]","[(860.0000, 285.0000)]",[0.227552],[83.709773],[11.400077],[0.227552],[166.964443]
1455,1,[4.4900 ],[9.8757 ],[1.3106 ],1455,"[(956.0000, 296.0000)]","[(840.0000, 281.0000)]",[14.124992],[39.532275],[25.209693],[14.124992],[50.814565]
1456,0,[0],[0],[0],1456,[],[],[],[],[],[],[]
1457,1,[4.1834 ],[8.8820 ],[1.3962 ],1457,"[(900.0000, 243.0000)]","[(765.0000, 236.0000)]",[11.110092],[11.110092],[23.424429],[11.110092],[0.000000]
1458,1,[3.8805 ],[8.8893 ],[1.5702 ],1458,"[(863.0000, 221.0000)]","[(728.0000, 217.0000)]",[10.021848],[49.990985],[22.836309],[10.021848],[79.938273]
1459,1,[3.7520 ],[8.0400 ],[1.4797 ],1459,"[(843.0000, 210.0000)]","[(694.0000, 202.0000)]",[2.432943],[30.733874],[15.519458],[2.432943],[56.601863]
1460,1,[3.6132 ],[7.0213 ],[1.3627 ],1460,"[(826.0000, 198.0000)]","[(663.0000, 191.0000)]",[0.141255],[25.492490],[13.395251],[0.141255],[50.702470]
1461,1,[3.4686 ],[6.8721 ],[1.4089 ],1461,"[(812.0000, 191.0000)]","[(646.0000, 183.0000)]",[2.191112],[18.440608],[11.130709],[2.191112],[32.498991]
1462,1,[3.3259 ],[6.9229 ],[1.4779 ],1462,"[(798.0000, 183.0000)]","[(632.0000, 180.0000)]",[1.512822],[15.899055],[15.009472],[1.512822],[28.772467]
1463,1,[3.1707 ],[5.5406 ],[1.2451 ],1463,"[(787.0000, 180.0000)]","[(607.0000, 176.0000)]",[2.158722],[19.467533],[11.296115],[2.158722],[34.617623]
1464,1,[2.9930 ],[5.9739 ],[1.3385 ],1464,"[(770.0000, 180.0000)]","[(593.0000, 176.0000)]",[3.235812],[17.851946],[10.175862],[3.235812],[29.232267]
1465,1,[2.8616 ],[5.2765 ],[1.2294 ],1465,"[(762.0000, 176.0000)]","[(579.0000, 176.0000)]",[0.854454],[11.688334],[12.651145],[0.854454],[21.667760]
1466,1,[2.7334 ],[5.5483 ],[1.2665 ],1466,"[(750.0000, 180.0000)]","[(568.0000, 176.0000)]",[5.739569],[16.879533],[7.645215],[5.739569],[22.279929]
1467,1,[2.5922 ],[4.9591 ],[1.1338 ],1467,"[(742.0000, 180.0000)]","[(556.0000, 180.0000)]",[3.305064],[13.043185],[10.058635],[3.305064],[19.476241]
1468,1,[2.4448 ],[3.7217 ],[0.8551 ],1468,"[(739.0000, 183.0000)]","[(545.0000, 183.0000)]",[5.036416],[12.405379],[8.354294],[5.036416],[14.737925]
1469,1,[2.2879 ],[3.6733 ],[0.8265 ],1469,"[(728.0000, 183.0000)]","[(534.0000, 187.0000)]",[2.252685],[12.966297],[11.059686],[2.252685],[21.427224]
1470,1,[2.1720 ],[4.0189 ],[0.8777 ],1470,"[(717.0000, 183.0000)]","[(525.0000, 191.0000)]",[0.673200],[10.515024],[14.054123],[0.673200],[19.683648]
1471,1,[2.0679 ],[4.1885 ],[0.8674 ],1471,"[(708.0000, 187.0000)]","[(517.0000, 195.0000)]",[0.323003],[9.184492],[12.951551],[0.323003],[17.722979]
1472,1,[2.0435 ],[4.5662 ],[0.8809 ],1472,"[(703.0000, 195.0000)]","[(514.0000, 198.0000)]",[5.869116],[12.325743],[7.278969],[5.869116],[12.913254]
1473,1,[1.8402 ],[3.3183 ],[0.5166 ],1473,"[(700.0000, 198.0000)]","[(506.0000, 210.0000)]",[1.147274],[9.934906],[14.296293],[1.147274],[17.575263]
1474,1,[1.6573 ],[1.9674 ],[0.1654 ],1474,"[(700.0000, 202.0000)]","[(500.0000, 213.0000)]",[0.942740],[5.999675],[12.074022],[0.942740],[10.113869]
1475,1,[1.5332 ],[1.7978 ],[0.1867 ],1475,"[(694.0000, 198.0000)]","[(492.0000, 210.0000)]",[0.513386],[7.957465],[12.567048],[0.513386],[14.888158]
1476,1,[1.3399 ],[0.8239 ],[0.0994 ],1476,"[(691.0000, 191.0000)]","[(483.0000, 202.0000)]",[1.893826],[11.172681],[11.268403],[1.893826],[18.557709]
1477,1,[1.2108 ],[0.6686 ],[0.2616 ],1477,"[(686.0000, 183.0000)]","[(472.0000, 187.0000)]",[40.927977],[54.163056],[4.342431],[40.927977],[26.470157]
1478,1,[0.9142 ],[-1.3992 ],[-0.0086 ],1478,"[(686.0000, 172.0000)]","[(466.0000, 183.0000)]",[2.182644],[10.798596],[11.257855],[2.182644],[17.231904]
1479,1,[0.9582 ],[-0.3602 ],[0.3147 ],1479,"[(680.0000, 165.0000)]","[(461.0000, 176.0000)]",[1.765446],[10.205526],[11.707504],[1.765446],[16.880161]
1480,0,[0],[0],[0],1480,[],[],[],[],[],[],[]
1481,0,[0],[0],[0],1481,[],[],[],[],[],[],[]
1482,0,[0],[0],[0],1482,[],[],[],[],[],[],[]
1483,0,[0],[0],[0],1483,[],[],[],[],[],[],[]
1484,0,[0],[0],[0],1484,[],[],[],[],[],[],[]
1485,0,[0],[0],[0],1485,[],[],[],[],[],[],[]
1486,0,[0],[0],[0],1486,[],[],[],[],[],[],[]
1487,0,[0],[0],[0],1487,[],[],[],[],[],[],[]
1488,1,[1.3542 ],[2.6025 ],[1.5388 ],1488,"[(675.0000, 120.0000)]","[(455.0000, 120.0000)]",[8.645689],[8.645689],[6.367578],[8.645689],[0.000000]
1489,1,[1.4278 ],[2.8509 ],[1.6203 ],1489,"[(677.0000, 116.0000)]","[(458.0000, 116.0000)]",[7.477182],[11.949865],[7.148418],[7.477182],[8.945366]
1490,1,[1.5319 ],[3.4743 ],[1.7458 ],1490,"[(677.0000, 112.0000)]","[(461.0000, 112.0000)]",[6.241141],[10.497445],[8.078726],[6.241141],[8.512607]
1491,0,[0],[0],[0],1491,[],[],[],[],[],[],[]
1492,0,[0],[0],[0],1492,[],[],[],[],[],[],[]
1493,0,[0],[0],[0],1493,[],[],[],[],[],[],[]
1494,1,[1.7197 ],[4.7908 ],[1.9637 ],1494,"[(675.0000, 108.0000)]","[(466.0000, 105.0000)]",[7.640638],[7.640638],[6.636360],[7.640638],[0.000000]
1495,1,[1.7356 ],[4.6886 ],[1.9507 ],1495,"[(677.0000, 105.0000)]","[(469.0000, 108.0000)]",[1.405044],[5.127379],[12.927825],[1.405044],[7.444669]
1496,0,[0],[0],[0],1496,[],[],[],[],[],[],[]
1497,1,[1.9174 ],[5.8241 ],[2.0094 ],1497,"[(677.0000, 108.0000)]","[(480.0000, 120.0000)]",[8.041309],[8.041309],[22.582552],[8.041309],[0.000000]
1498,1,[1.9603 ],[6.0797 ],[2.0207 ],1498,"[(677.0000, 112.0000)]","[(483.0000, 120.0000)]",[4.258778],[7.571610],[18.762382],[4.258778],[6.625665]
1499,1,[2.0053 ],[6.3604 ],[2.0364 ],1499,"[(677.0000, 116.0000)]","[(486.0000, 120.0000)]",[0.650458],[3.963050],[14.947099],[0.650458],[6.625183]
1500,1,[2.0239 ],[6.2934 ],[1.9795 ],1500,"[(680.0000, 123.0000)]","[(489.0000, 123.0000)]",[3.464878],[9.095405],[10.547960],[3.464878],[11.261054]
1501,1,[2.0334 ],[6.3496 ],[1.8935 ],1501,"[(680.0000, 131.0000)]","[(492.0000, 135.0000)]",[0.300730],[9.947492],[13.743800],[0.300730],[19.293525]
1502,1,[2.0960 ],[6.9414 ],[1.8995 ],1502,"[(677.0000, 138.0000)]","[(497.0000, 146.0000)]",[3.435014],[12.744532],[17.545633],[3.435014],[18.619035]
1503,1,[2.1567 ],[7.3298 ],[1.8763 ],1503,"[(677.0000, 150.0000)]","[(503.0000, 153.0000)]",[1.440166],[11.480032],[12.283102],[1.440166],[20.079732]
1504,1,[2.2095 ],[7.4822 ],[1.7893 ],1504,"[(680.0000, 161.0000)]","[(511.0000, 168.0000)]",[1.923895],[15.346156],[15.646993],[1.923895],[26.844522]
1505,1,[2.2536 ],[7.7748 ],[1.7276 ],1505,"[(680.0000, 176.0000)]","[(517.0000, 180.0000)]",[1.413348],[14.836842],[11.951823],[1.413348],[26.846988]
1506,1,[2.2978 ],[8.0609 ],[1.6922 ],1506,"[(680.0000, 187.0000)]","[(523.0000, 191.0000)]",[1.662661],[12.766310],[11.536869],[1.662661],[22.207298]
1507,1,[2.3395 ],[8.3351 ],[1.5834 ],1507,"[(680.0000, 206.0000)]","[(531.0000, 213.0000)]",[0.301161],[20.299490],[13.303258],[0.301161],[39.996658]
1508,1,[2.3948 ],[8.6943 ],[1.5319 ],1508,"[(680.0000, 221.0000)]","[(540.0000, 232.0000)]",[3.733922],[20.706696],[16.632424],[3.733922],[33.945549]
1509,1,[2.4027 ],[8.9205 ],[1.3861 ],1509,"[(677.0000, 247.0000)]","[(545.0000, 258.0000)]",[2.186625],[27.020905],[14.640874],[2.186625],[49.668560]
1510,1,[2.4737 ],[9.3673 ],[1.3818 ],1510,"[(677.0000, 266.0000)]","[(556.0000, 273.0000)]",[1.505711],[19.254603],[10.547226],[1.505711],[35.497783]
1511,1,[2.4848 ],[9.4542 ],[1.2221 ],1511,"[(677.0000, 288.0000)]","[(562.0000, 300.0000)]",[2.003879],[25.434701],[13.824114],[2.003879],[46.861645]
1512,1,[2.4986 ],[9.6582 ],[1.0755 ],1512,"[(675.0000, 318.0000)]","[(568.0000, 326.0000)]",[3.091078],[29.930623],[8.138795],[3.091078],[53.679091]
1513,1,[2.5343 ],[9.9000 ],[0.8915 ],1513,"[(675.0000, 352.0000)]","[(579.0000, 363.0000)]",[1.263098],[35.605982],[9.485397],[1.263098],[68.685767]
1514,1,[2.5572 ],[10.1956 ],[0.8138 ],1514,"[(672.0000, 375.0000)]","[(587.0000, 393.0000)]",[4.724439],[30.394915],[15.218101],[4.724439],[51.340952]
1515,1,[2.5802 ],[10.3590 ],[0.6113 ],1515,"[(672.0000, 412.0000)]","[(596.0000, 427.0000)]",[1.063430],[35.327818],[10.903498],[1.063430],[68.528777]
1516,1,[2.6319 ],[10.6965 ],[0.5060 ],1516,"[(672.0000, 446.0000)]","[(610.0000, 465.0000)]",[5.080434],[40.459032],[14.398480],[5.080434],[70.757195]
1517,1,[2.6456 ],[10.8133 ],[0.2766 ],1517,"[(672.0000, 483.0000)]","[(618.0000, 502.0000)]",[4.651512],[40.271908],[13.342152],[4.651512],[71.240793]
1518,1,[2.6883 ],[11.2079 ],[0.2013 ],1518,"[(669.0000, 525.0000)]","[(632.0000, 543.0000)]",[4.252369],[44.937334],[12.234561],[4.252369],[81.369930]
1519,1,[2.7024 ],[11.2011 ],[-0.0425 ],1519,"[(672.0000, 555.0000)]","[(638.0000, 570.0000)]",[1.739718],[29.290682],[9.202034],[1.739718],[55.101930]
1520,1,[2.7308 ],[11.4648 ],[0.1595 ],1520,"[(669.0000, 555.0000)]","[(644.0000, 570.0000)]",[2.532808],[6.798952],[10.001396],[2.532808],[8.532288]
1521,1,[2.7410 ],[11.5170 ],[0.1870 ],1521,"[(669.0000, 558.0000)]","[(646.0000, 570.0000)]",[0.009897],[2.397379],[7.410630],[0.009897],[4.774964]
1522,1,[2.7515 ],[11.6721 ],[0.3066 ],1522,"[(666.0000, 558.0000)]","[(649.0000, 570.0000)]",[0.284447],[3.132409],[7.712581],[0.284447],[5.695924]
1523,1,[2.7591 ],[11.8107 ],[0.4028 ],1523,"[(663.0000, 558.0000)]","[(652.0000, 573.0000)]",[3.372444],[6.807563],[10.805580],[3.372444],[6.870237]
1524,1,[2.7784 ],[11.9998 ],[0.5209 ],1524,"[(660.0000, 562.0000)]","[(658.0000, 577.0000)]",[4.053728],[9.861571],[11.425242],[4.053728],[11.615687]
1525,1,[2.7820 ],[12.0741 ],[0.5371 ],1525,"[(658.0000, 570.0000)]","[(660.0000, 581.0000)]",[0.306459],[6.382629],[7.553239],[0.306459],[12.152340]
1526,1,[2.7976 ],[12.2355 ],[0.6184 ],1526,"[(655.0000, 577.0000)]","[(666.0000, 588.0000)]",[0.909905],[8.926876],[8.045266],[0.909905],[16.033942]
1527,1,[2.8082 ],[12.3762 ],[0.6346 ],1527,"[(652.0000, 592.0000)]","[(672.0000, 603.0000)]",[1.328736],[16.315081],[8.216706],[1.328736],[29.972690]
1528,1,[2.8355 ],[12.4453 ],[0.6032 ],1528,"[(655.0000, 607.0000)]","[(680.0000, 615.0000)]",[0.187547],[14.349885],[6.438162],[0.187547],[28.324676]
1529,1,[2.8488 ],[12.5278 ],[0.5905 ],1529,"[(655.0000, 618.0000)]","[(686.0000, 630.0000)]",[4.383897],[17.301735],[10.792197],[4.383897],[25.835676]
1530,1,[2.8607 ],[12.5958 ],[0.5764 ],1530,"[(655.0000, 630.0000)]","[(691.0000, 641.0000)]",[4.129399],[15.601377],[10.327999],[4.129399],[22.943955]
1531,0,[0],[0],[0],1531,[],[],[],[],[],[],[]
1532,1,[2.7307 ],[12.0838 ],[0.8988 ],1532,"[(646.0000, 513.0000)]","[(644.0000, 532.0000)]",[6.278009],[6.278009],[14.544072],[6.278009],[0.000000]
1533,1,[2.6741 ],[11.8147 ],[1.0315 ],1533,"[(644.0000, 465.0000)]","[(624.0000, 483.0000)]",[4.342945],[52.408435],[13.415100],[4.342945],[96.130979]
1534,1,[2.5960 ],[11.3453 ],[1.0471 ],1534,"[(646.0000, 423.0000)]","[(601.0000, 438.0000)]",[0.534595],[44.529411],[10.235504],[0.534595],[87.989631]
1535,1,[2.5962 ],[11.3132 ],[1.2467 ],1535,"[(646.0000, 386.0000)]","[(596.0000, 408.0000)]",[8.645427],[40.698157],[19.074479],[8.645427],[64.105460]
1536,1,[2.5386 ],[10.7213 ],[1.1225 ],1536,"[(655.0000, 367.0000)]","[(582.0000, 382.0000)]",[1.630436],[1.630436],[12.226933],[1.630436],[0.000000]
1537,1,[2.4737 ],[10.6493 ],[1.3454 ],1537,"[(646.0000, 330.0000)]","[(565.0000, 345.0000)]",[1.996155],[39.308320],[13.190184],[1.996155],[74.624331]
1538,1,[2.4256 ],[10.3891 ],[1.4028 ],1538,"[(646.0000, 307.0000)]","[(554.0000, 322.0000)]",[2.378728],[25.305327],[13.937063],[2.378728],[45.853197]
1539,1,[2.3795 ],[10.0367 ],[1.4121 ],1539,"[(649.0000, 288.0000)]","[(545.0000, 303.0000)]",[2.750945],[21.764385],[14.607997],[2.750945],[38.026878]
1540,1,[2.3651 ],[9.9430 ],[1.4969 ],1540,"[(649.0000, 273.0000)]","[(540.0000, 285.0000)]",[0.741067],[16.636608],[12.757641],[0.741067],[31.791082]
1541,1,[2.3087 ],[9.6465 ],[1.5040 ],1541,"[(649.0000, 258.0000)]","[(531.0000, 273.0000)]",[3.582560],[17.746847],[15.920614],[3.582560],[28.328574]
1542,1,[2.2516 ],[9.2239 ],[1.4788 ],1542,"[(652.0000, 247.0000)]","[(523.0000, 258.0000)]",[0.127596],[13.503839],[12.237491],[0.127596],[26.752487]
1543,1,[2.2056 ],[8.9776 ],[1.4820 ],1543,"[(652.0000, 236.0000)]","[(517.0000, 251.0000)]",[3.688945],[13.238963],[16.356935],[3.688945],[19.100037]
1544,1,[2.1772 ],[8.6916 ],[1.4533 ],1544,"[(655.0000, 232.0000)]","[(514.0000, 243.0000)]",[0.003611],[6.375408],[12.583764],[0.003611],[12.743593]
1545,1,[2.1586 ],[8.5914 ],[1.4719 ],1545,"[(655.0000, 228.0000)]","[(511.0000, 236.0000)]",[2.694532],[8.163152],[9.844319],[2.694532],[10.937241]
1546,1,[2.1084 ],[8.3181 ],[1.4500 ],1546,"[(655.0000, 221.0000)]","[(506.0000, 232.0000)]",[0.011341],[6.341082],[12.732908],[0.011341],[12.659483]
1547,1,[2.0646 ],[7.9354 ],[1.3906 ],1547,"[(658.0000, 217.0000)]","[(503.0000, 228.0000)]",[0.142669],[4.855359],[12.654593],[0.142669],[9.425379]
1548,1,[1.9801 ],[7.4873 ],[1.2835 ],1548,"[(658.0000, 217.0000)]","[(497.0000, 228.0000)]",[0.972013],[3.793658],[11.788209],[0.972013],[5.643289]
1549,1,[1.9682 ],[7.3091 ],[1.2596 ],1549,"[(660.0000, 213.0000)]","[(497.0000, 228.0000)]",[2.914796],[5.035203],[15.888087],[2.914796],[4.240814]
1550,1,[1.9682 ],[7.3091 ],[1.2596 ],1550,"[(660.0000, 213.0000)]","[(497.0000, 228.0000)]",[2.914796],[2.914796],[15.888087],[2.914796],[0.000000]
1551,1,[1.9349 ],[7.1353 ],[1.1984 ],1551,"[(660.0000, 217.0000)]","[(495.0000, 228.0000)]",[1.330411],[4.171910],[11.415891],[1.330411],[5.682998]
1552,1,[1.8990 ],[6.7636 ],[1.0885 ],1552,"[(663.0000, 217.0000)]","[(495.0000, 232.0000)]",[2.112908],[5.412758],[14.997155],[2.112908],[6.599701]
1553,1,[1.8847 ],[6.6913 ],[1.0300 ],1553,"[(663.0000, 221.0000)]","[(495.0000, 236.0000)]",[1.715598],[5.493058],[14.526090],[1.715598],[7.554920]
1554,1,[1.8696 ],[6.6203 ],[0.9548 ],1554,"[(663.0000, 228.0000)]","[(495.0000, 240.0000)]",[1.649056],[6.853011],[10.928743],[1.649056],[10.407910]
1555,1,[1.8311 ],[6.2247 ],[0.8147 ],1555,"[(666.0000, 232.0000)]","[(495.0000, 243.0000)]",[3.051914],[6.840270],[9.428270],[3.051914],[7.576712]
1556,1,[1.8538 ],[6.3585 ],[0.8058 ],1556,"[(666.0000, 236.0000)]","[(497.0000, 247.0000)]",[3.159607],[7.156643],[9.260574],[3.159607],[7.994073]
1557,1,[1.8226 ],[6.1950 ],[0.6796 ],1557,"[(666.0000, 243.0000)]","[(497.0000, 255.0000)]",[2.934623],[10.015705],[9.391311],[2.934623],[14.162163]
1558,1,[1.7597 ],[5.6330 ],[0.4605 ],1558,"[(669.0000, 247.0000)]","[(497.0000, 262.0000)]",[0.715440],[6.379744],[11.621882],[0.715440],[11.328609]
1559,1,[1.7235 ],[5.4412 ],[0.3090 ],1559,"[(669.0000, 255.0000)]","[(497.0000, 270.0000)]",[1.460284],[9.018450],[10.734509],[1.460284],[15.116332]
1560,1,[1.6845 ],[4.9860 ],[0.1763 ],1560,"[(672.0000, 255.0000)]","[(497.0000, 270.0000)]",[1.546888],[2.970965],[10.647070],[1.546888],[2.848153]
1561,1,[1.6598 ],[4.5972 ],[0.1949 ],1561,"[(675.0000, 247.0000)]","[(495.0000, 258.0000)]",[4.889556],[14.647354],[7.437681],[4.889556],[19.515596]
1562,0,[0],[0],[0],1562,[],[],[],[],[],[],[]
1563,0,[0],[0],[0],1563,[],[],[],[],[],[],[]
1564,0,[0],[0],[0],1564,[],[],[],[],[],[],[]
1565,1,[1.5661 ],[3.7926 ],[0.4356 ],1565,"[(677.0000, 213.0000)]","[(486.0000, 225.0000)]",[2.011334],[2.011334],[10.788614],[2.011334],[0.000000]
1566,1,[1.5039 ],[3.3971 ],[0.4194 ],1566,"[(677.0000, 206.0000)]","[(483.0000, 221.0000)]",[0.938327],[6.609108],[13.939658],[0.938327],[11.341560]
1567,1,[1.4377 ],[2.9866 ],[0.3824 ],1567,"[(677.0000, 202.0000)]","[(480.0000, 217.0000)]",[0.911411],[5.157486],[13.969029],[0.911411],[8.492150]
1568,0,[0],[0],[0],1568,[],[],[],[],[],[],[]
1569,0,[0],[0],[0],1569,[],[],[],[],[],[],[]
1570,0,[0],[0],[0],1570,[],[],[],[],[],[],[]
1571,0,[0],[0],[0],1571,[],[],[],[],[],[],[]
1572,0,[0],[0],[0],1572,[],[],[],[],[],[],[]
1573,1,[1.4948 ],[4.8696 ],[0.8847 ],1573,"[(658.0000, 195.0000)]","[(469.0000, 213.0000)]",[3.695301],[3.695301],[16.913247],[3.695301],[0.000000]
1574,1,[1.5097 ],[5.5467 ],[1.0371 ],1574,"[(649.0000, 195.0000)]","[(464.0000, 213.0000)]",[3.410425],[10.032419],[16.634428],[3.410425],[13.243987]
1575,1,[1.4416 ],[5.8812 ],[1.0780 ],1575,"[(638.0000, 198.0000)]","[(455.0000, 217.0000)]",[3.240395],[13.280011],[16.413666],[3.240395],[20.079231]
1576,1,[1.3507 ],[5.9287 ],[1.0267 ],1576,"[(630.0000, 206.0000)]","[(447.0000, 221.0000)]",[1.956607],[11.527787],[10.867913],[1.956607],[19.142361]
1577,1,[1.3167 ],[6.2612 ],[1.0492 ],1577,"[(621.0000, 210.0000)]","[(441.0000, 228.0000)]",[0.187153],[9.194714],[12.654316],[0.187153],[18.015121]
1578,1,[1.1801 ],[6.0068 ],[0.9343 ],1578,"[(615.0000, 213.0000)]","[(433.0000, 236.0000)]",[3.051138],[11.555990],[15.989302],[3.051138],[17.009703]
1579,1,[1.0701 ],[5.8471 ],[0.7909 ],1579,"[(610.0000, 225.0000)]","[(427.0000, 243.0000)]",[3.442460],[13.953705],[9.039409],[3.442460],[21.022489]
1580,1,[1.1227 ],[6.4987 ],[0.8788 ],1580,"[(601.0000, 232.0000)]","[(424.0000, 251.0000)]",[3.461278],[12.891182],[8.907389],[3.461278],[18.859808]
1581,1,[1.2066 ],[7.1718 ],[0.9624 ],1581,"[(593.0000, 240.0000)]","[(424.0000, 262.0000)]",[1.481570],[12.023471],[10.856300],[1.481570],[21.083803]
1582,1,[1.1265 ],[6.9174 ],[0.7595 ],1582,"[(593.0000, 251.0000)]","[(424.0000, 277.0000)]",[0.727301],[13.007634],[13.025456],[0.727301],[24.560667]
1583,1,[1.1039 ],[6.8561 ],[0.6830 ],1583,"[(593.0000, 258.0000)]","[(424.0000, 281.0000)]",[2.762746],[7.974968],[9.274503],[2.762746],[10.424444]
1584,1,[1.1080 ],[6.7442 ],[0.6452 ],1584,"[(596.0000, 255.0000)]","[(427.0000, 285.0000)]",[4.151527],[8.513892],[16.529538],[4.151527],[8.724732]
1585,1,[1.0784 ],[6.5296 ],[0.4791 ],1585,"[(599.0000, 266.0000)]","[(430.0000, 292.0000)]",[0.354735],[9.359417],[11.684890],[0.354735],[18.009364]
1586,1,[1.1646 ],[6.8714 ],[0.5017 ],1586,"[(599.0000, 273.0000)]","[(435.0000, 300.0000)]",[0.428483],[8.185858],[12.408051],[0.428483],[15.514750]
1587,1,[1.1825 ],[6.9676 ],[0.4292 ],1587,"[(599.0000, 281.0000)]","[(438.0000, 311.0000)]",[2.608839],[11.767620],[14.566620],[2.608839],[18.317563]
1588,1,[1.2041 ],[6.8516 ],[0.3106 ],1588,"[(604.0000, 288.0000)]","[(444.0000, 318.0000)]",[2.589178],[11.008769],[14.442603],[2.589178],[16.839182]
1589,1,[1.2534 ],[6.9352 ],[0.2239 ],1589,"[(607.0000, 300.0000)]","[(450.0000, 326.0000)]",[1.467646],[12.053151],[10.051717],[1.467646],[21.171009]
1590,1,[1.2054 ],[6.7554 ],[0.1837 ],1590,"[(607.0000, 300.0000)]","[(447.0000, 322.0000)]",[5.521020],[7.861594],[5.904900],[5.521020],[4.681146]
1591,1,[1.2408 ],[6.8629 ],[0.3055 ],1591,"[(607.0000, 292.0000)]","[(447.0000, 315.0000)]",[3.716418],[10.818618],[7.840881],[3.716418],[14.204400]
1592,1,[1.1900 ],[6.6417 ],[0.3188 ],1592,"[(607.0000, 281.0000)]","[(444.0000, 311.0000)]",[3.313201],[10.901930],[15.287756],[3.313201],[15.177457]
1593,1,[1.1567 ],[6.3598 ],[0.2721 ],1593,"[(610.0000, 277.0000)]","[(444.0000, 307.0000)]",[3.703027],[7.959688],[15.740184],[3.703027],[8.513322]
1594,1,[1.1928 ],[6.4816 ],[0.3734 ],1594,"[(610.0000, 273.0000)]","[(444.0000, 300.0000)]",[1.453400],[6.644373],[13.477892],[1.453400],[10.381947]
1595,1,[1.1339 ],[6.2401 ],[0.3383 ],1595,"[(610.0000, 270.0000)]","[(441.0000, 296.0000)]",[0.475165],[4.247151],[12.500052],[0.475165],[7.543971]
1596,1,[1.1821 ],[6.4154 ],[0.4601 ],1596,"[(610.0000, 266.0000)]","[(441.0000, 288.0000)]",[2.635309],[8.295093],[9.315793],[2.635309],[11.319568]
1597,1,[1.1821 ],[6.4154 ],[0.4601 ],1597,"[(610.0000, 266.0000)]","[(441.0000, 288.0000)]",[2.635309],[2.635309],[9.315793],[2.635309],[0.000000]
1598,1,[1.1398 ],[6.0883 ],[0.4009 ],1598,"[(613.0000, 262.0000)]","[(441.0000, 285.0000)]",[1.372065],[5.157879],[10.684951],[1.372065],[7.571629]
1599,1,[1.1229 ],[6.0232 ],[0.3645 ],1599,"[(613.0000, 262.0000)]","[(441.0000, 288.0000)]",[1.290049],[2.697614],[13.463892],[1.290049],[2.815130]
1600,1,[1.1821 ],[6.4154 ],[0.4601 ],1600,"[(610.0000, 266.0000)]","[(441.0000, 288.0000)]",[2.635309],[5.013558],[9.315793],[2.635309],[4.756498]
1601,1,[1.1223 ],[6.0315 ],[0.3424 ],1601,"[(613.0000, 266.0000)]","[(441.0000, 288.0000)]",[2.712415],[4.138869],[9.239782],[2.712415],[2.852907]
1602,1,[1.1818 ],[6.2706 ],[0.3924 ],1602,"[(613.0000, 266.0000)]","[(444.0000, 292.0000)]",[1.267865],[3.610257],[13.384526],[1.267865],[4.684784]
1603,1,[1.2003 ],[6.2580 ],[0.3410 ],1603,"[(615.0000, 270.0000)]","[(447.0000, 296.0000)]",[1.203534],[5.677679],[13.260502],[1.203534],[8.948290]
1604,1,[1.2003 ],[6.2580 ],[0.3410 ],1604,"[(615.0000, 270.0000)]","[(447.0000, 296.0000)]",[1.203534],[1.203534],[13.260502],[1.203534],[0.000000]
1605,1,[1.1811 ],[6.0481 ],[0.1903 ],1605,"[(618.0000, 277.0000)]","[(450.0000, 303.0000)]",[0.804982],[8.004185],[12.744770],[0.804982],[14.398407]
1606,1,[1.2121 ],[6.1865 ],[0.1868 ],1606,"[(618.0000, 281.0000)]","[(452.0000, 307.0000)]",[0.660853],[4.662458],[12.537540],[0.660853],[8.003210]
1607,1,[1.1966 ],[6.1339 ],[0.1470 ],1607,"[(618.0000, 281.0000)]","[(452.0000, 311.0000)]",[4.263922],[6.140240],[16.240928],[4.263922],[3.752637]
1608,0,[0],[0],[0],1608,[],[],[],[],[],[],[]
1609,0,[0],[0],[0],1609,[],[],[],[],[],[],[]
1610,1,[3.2972 ],[14.6844 ],[3.0413 ],1610,"[(618.0000, 270.0000)]","[(1372.0000, 101.0000)]",[51.595077],[51.595077],[40.065532],[51.595077],[0.000000]
1611,1,[3.2883 ],[14.6481 ],[3.0367 ],1611,"[(618.0000, 266.0000)]","[(1330.0000, 97.0000)]",[55.888914],[80.190444],[44.465773],[55.888914],[48.603062]
1612,1,[3.2756 ],[14.5869 ],[3.0255 ],1612,"[(621.0000, 266.0000)]","[(1265.0000, 93.0000)]",[66.881056],[102.039858],[55.715723],[66.881056],[70.317604]
1613,1,[3.2677 ],[14.5549 ],[3.0223 ],1613,"[(621.0000, 262.0000)]","[(1234.0000, 90.0000)]",[69.339811],[86.971197],[58.236821],[69.339811],[35.262772]
1614,1,[3.2595 ],[14.5226 ],[3.0158 ],1614,"[(621.0000, 262.0000)]","[(1203.0000, 90.0000)]",[72.967806],[88.551045],[61.970098],[72.967806],[31.166479]
1615,1,[3.2507 ],[14.4884 ],[3.0090 ],1615,"[(621.0000, 262.0000)]","[(1172.0000, 90.0000)]",[76.714665],[92.118218],[65.814784],[76.714665],[30.807107]
1616,1,[3.2488 ],[14.4519 ],[3.0000 ],1616,"[(627.0000, 262.0000)]","[(1147.0000, 93.0000)]",[77.208616],[92.538778],[66.269789],[77.208616],[30.660324]
1617,1,[3.2352 ],[14.4145 ],[2.9882 ],1617,"[(624.0000, 266.0000)]","[(1113.0000, 97.0000)]",[81.655678],[100.833191],[70.863872],[81.655678],[38.355025]
1618,1,[3.2258 ],[14.3935 ],[2.9842 ],1618,"[(621.0000, 266.0000)]","[(1094.0000, 97.0000)]",[84.037446],[94.675356],[73.325253],[84.037446],[21.275819]
1619,1,[3.2199 ],[14.3694 ],[2.9770 ],1619,"[(621.0000, 266.0000)]","[(1077.0000, 101.0000)]",[82.529880],[91.032711],[71.822119],[82.529880],[17.005663]
1620,0,[0],[0],[0],1620,[],[],[],[],[],[],[]
1621,0,[0],[0],[0],1621,[],[],[],[],[],[],[]
1622,0,[0],[0],[0],1622,[],[],[],[],[],[],[]
1623,1,[10.4485 ],[0.7932 ],[0.6452 ],1623,"[(1265.0000, 157.0000)]","[(992.0000, 120.0000)]",[0.595740],[0.595740],[14.878924],[0.595740],[0.000000]
1624,1,[10.7445 ],[-0.4646 ],[0.3772 ],1624,"[(1245.0000, 161.0000)]","[(973.0000, 123.0000)]",[2.236312],[21.382228],[12.104676],[2.236312],[38.291833]
1625,1,[9.0951 ],[2.5013 ],[0.7542 ],1625,"[(1220.0000, 176.0000)]","[(964.0000, 131.0000)]",[8.577907],[28.537277],[5.823817],[8.577907],[39.918740]
1626,1,[8.9512 ],[2.5347 ],[0.7089 ],1626,"[(1209.0000, 180.0000)]","[(956.0000, 135.0000)]",[9.121646],[19.037371],[5.222232],[9.121646],[19.831449]
1627,0,[0],[0],[0],1627,[],[],[],[],[],[],[]
1628,0,[0],[0],[0],1628,[],[],[],[],[],[],[]
1629,0,[0],[0],[0],1629,[],[],[],[],[],[],[]
1630,0,[0],[0],[0],1630,[],[],[],[],[],[],[]
1631,0,[0],[0],[0],1631,[],[],[],[],[],[],[]
1632,1,"[10.2865, 1.3588 ]","[-2.1859, 6.2420 ]","[0.4620, 0.7143 ]",1632,"[(1181.0000, 138.0000), (627.0000, 243.0000)]","[(916.0000, 108.0000), (452.0000, 255.0000)]","[1.868795, 8.181888]","[1.868795, 8.181888]","[12.824295, 4.130677]","[1.868795, 8.181888]","[0.000000, 0.000000]"
1633,1,"[9.7630, 1.4006 ]","[-0.8265, 6.5570 ]","[0.6404, 0.8805 ]",1633,"[(1181.0000, 142.0000), (624.0000, 236.0000)]","[(919.0000, 108.0000), (450.0000, 247.0000)]","[5.118926, 8.451990]","[8.460187, 15.947855]","[9.636525, 3.914659]","[5.118926, 8.451990]","[6.682521, 14.991730]"
1634,1,[2.7981 ],[17.0322 ],[3.5645 ],1634,"[(1178.0000, 150.0000)]","[(450.0000, 243.0000)]",[48.656036],[282.960376],[61.087442],[48.656036],[468.608679]
1635,1,[2.7927 ],[17.0360 ],[3.5653 ],1635,"[(1181.0000, 153.0000)]","[(452.0000, 240.0000)]",[43.120476],[46.831938],[55.708106],[43.120476],[7.422925]
1636,1,[2.7877 ],[17.0468 ],[3.5749 ],1636,"[(1181.0000, 161.0000)]","[(455.0000, 240.0000)]",[36.075520],[41.321113],[48.772725],[36.075520],[10.491184]
1637,1,[2.7903 ],[17.1060 ],[3.5240 ],1637,"[(1178.0000, 168.0000)]","[(444.0000, 168.0000)]",[41.256592],[79.189574],[26.091360],[41.256592],[75.865964]
1638,1,[2.7838 ],[17.1116 ],[3.5187 ],1638,"[(1181.0000, 168.0000)]","[(447.0000, 161.0000)]",[47.740501],[52.761178],[32.286058],[47.740501],[10.041354]
1639,1,[1.6435 ],[6.4172 ],[1.8368 ],1639,"[(644.0000, 142.0000)]","[(452.0000, 142.0000)]",[8.276087],[271.217003],[5.311475],[8.276087],[525.881831]
1640,1,[1.6676 ],[7.4882 ],[1.3449 ],1640,"[(627.0000, 210.0000)]","[(461.0000, 225.0000)]",[0.342770],[72.914691],[12.505218],[0.342770],[145.143843]
1641,1,[1.7474 ],[7.9650 ],[1.4565 ],1641,"[(624.0000, 210.0000)]","[(464.0000, 225.0000)]",[0.198923],[3.034772],[13.072652],[0.198923],[5.671698]
1642,1,[1.8150 ],[8.2627 ],[1.5003 ],1642,"[(624.0000, 213.0000)]","[(469.0000, 228.0000)]",[0.547185],[4.712122],[13.397939],[0.547185],[8.329875]
1643,1,[1.8993 ],[8.6343 ],[1.5711 ],1643,"[(624.0000, 217.0000)]","[(475.0000, 228.0000)]",[2.619069],[7.342845],[10.028835],[2.619069],[9.447551]
1644,1,[1.9177 ],[8.7212 ],[1.5451 ],1644,"[(624.0000, 221.0000)]","[(478.0000, 236.0000)]",[0.888054],[6.796885],[13.645617],[0.888054],[11.817663]
1645,1,[1.9253 ],[8.7673 ],[1.5013 ],1645,"[(624.0000, 228.0000)]","[(480.0000, 243.0000)]",[0.385645],[7.127877],[13.021141],[0.385645],[13.484464]
1646,1,[1.9969 ],[9.1948 ],[1.5507 ],1646,"[(621.0000, 236.0000)]","[(486.0000, 251.0000)]",[0.437169],[9.182569],[12.962555],[0.437169],[17.490800]
1647,1,[2.0255 ],[9.2324 ],[1.4769 ],1647,"[(624.0000, 247.0000)]","[(492.0000, 262.0000)]",[0.027676],[11.325494],[12.323010],[0.027676],[22.595635]
1648,1,[2.0828 ],[9.5004 ],[1.4564 ],1648,"[(624.0000, 258.0000)]","[(500.0000, 277.0000)]",[3.469057],[16.664505],[15.806698],[3.469057],[26.390897]
1649,1,[2.1614 ],[9.8504 ],[1.5173 ],1649,"[(624.0000, 262.0000)]","[(509.0000, 285.0000)]",[7.900198],[15.442997],[20.322903],[7.900198],[15.085598]
1650,0,[0],[0],[0],1650,[],[],[],[],[],[],[]
1651,0,[0],[0],[0],1651,[],[],[],[],[],[],[]
1652,1,[2.1699 ],[9.7703 ],[1.5583 ],1652,"[(627.0000, 255.0000)]","[(509.0000, 273.0000)]",[4.072269],[4.072269],[16.478811],[4.072269],[0.000000]
1653,1,[2.1863 ],[9.7208 ],[1.6370 ],1653,"[(630.0000, 243.0000)]","[(509.0000, 258.0000)]",[2.574665],[15.489687],[15.100149],[2.574665],[25.830044]
1654,1,[2.1776 ],[9.5949 ],[1.6928 ],1654,"[(632.0000, 232.0000)]","[(506.0000, 243.0000)]",[0.292328],[12.774276],[12.270190],[0.292328],[24.963895]
1655,1,[2.1903 ],[9.6407 ],[1.7525 ],1655,"[(632.0000, 225.0000)]","[(506.0000, 236.0000)]",[0.457980],[7.069695],[13.154027],[0.457980],[13.223430]
1656,1,[2.2100 ],[9.7117 ],[1.8471 ],1656,"[(632.0000, 213.0000)]","[(506.0000, 225.0000)]",[2.645974],[13.510244],[15.612806],[2.645974],[21.728541]
1657,1,[2.2302 ],[9.7996 ],[1.9154 ],1657,"[(632.0000, 210.0000)]","[(506.0000, 213.0000)]",[5.007472],[12.063285],[7.658056],[5.007472],[14.111625]
1658,1,[2.2426 ],[9.8528 ],[1.9623 ],1658,"[(632.0000, 206.0000)]","[(506.0000, 206.0000)]",[7.240695],[12.426951],[5.391961],[7.240695],[10.372512]
1659,1,[2.2546 ],[9.8938 ],[2.0214 ],1659,"[(632.0000, 198.0000)]","[(506.0000, 198.0000)]",[6.343512],[13.900507],[6.428445],[6.343512],[15.113990]
1660,0,[0],[0],[0],1660,[],[],[],[],[],[],[]
1661,0,[0],[0],[0],1661,[],[],[],[],[],[],[]
1662,0,[0],[0],[0],1662,[],[],[],[],[],[],[]
1663,0,[0],[0],[0],1663,[],[],[],[],[],[],[]
1664,1,[2.2732 ],[9.6656 ],[1.9939 ],1664,"[(641.0000, 191.0000)]","[(511.0000, 198.0000)]",[0.889755],[0.889755],[14.100725],[0.889755],[0.000000]
1665,1,[2.2921 ],[9.7666 ],[1.9793 ],1665,"[(641.0000, 198.0000)]","[(514.0000, 202.0000)]",[2.117826],[7.788746],[10.855677],[2.117826],[11.341840]
1666,1,[2.2982 ],[9.6968 ],[1.9249 ],1666,"[(644.0000, 202.0000)]","[(517.0000, 210.0000)]",[1.272790],[7.659115],[14.347586],[1.272790],[12.772650]
1667,1,[2.3081 ],[9.6842 ],[1.8720 ],1667,"[(646.0000, 210.0000)]","[(520.0000, 217.0000)]",[0.134920],[7.626566],[12.764621],[0.134920],[14.983293]
1668,1,[2.2842 ],[9.4655 ],[1.7594 ],1668,"[(649.0000, 217.0000)]","[(520.0000, 228.0000)]",[2.569106],[11.352244],[15.481961],[2.569106],[17.566277]
1669,1,[2.2839 ],[9.3624 ],[1.6518 ],1669,"[(652.0000, 228.0000)]","[(523.0000, 240.0000)]",[2.643327],[13.863395],[15.396612],[2.643327],[22.440137]
1670,1,[2.3033 ],[9.3566 ],[1.5657 ],1670,"[(655.0000, 240.0000)]","[(528.0000, 251.0000)]",[1.156718],[12.701493],[13.676597],[1.156718],[23.089551]
1671,1,[2.3207 ],[9.4740 ],[1.5166 ],1671,"[(655.0000, 255.0000)]","[(531.0000, 258.0000)]",[7.040700],[17.743912],[4.990921],[7.040700],[21.406424]
1672,0,[0],[0],[0],1672,[],[],[],[],[],[],[]
1673,0,[0],[0],[0],1673,[],[],[],[],[],[],[]
1674,0,[0],[0],[0],1674,[],[],[],[],[],[],[]
1675,0,[0],[0],[0],1675,[],[],[],[],[],[],[]
1676,0,[0],[0],[0],1676,[],[],[],[],[],[],[]
1677,0,[0],[0],[0],1677,[],[],[],[],[],[],[]
1678,0,[0],[0],[0],1678,[],[],[],[],[],[],[]
1679,0,[0],[0],[0],1679,[],[],[],[],[],[],[]
1680,0,[0],[0],[0],1680,[],[],[],[],[],[],[]
1681,0,[0],[0],[0],1681,[],[],[],[],[],[],[]
1682,0,[0],[0],[0],1682,[],[],[],[],[],[],[]
1683,0,[0],[0],[0],1683,[],[],[],[],[],[],[]
1684,0,[0],[0],[0],1684,[],[],[],[],[],[],[]
1685,0,[0],[0],[0],1685,[],[],[],[],[],[],[]
1686,0,[0],[0],[0],1686,[],[],[],[],[],[],[]
1687,0,[0],[0],[0],1687,[],[],[],[],[],[],[]
1688,0,[0],[0],[0],1688,[],[],[],[],[],[],[]
1689,0,[0],[0],[0],1689,[],[],[],[],[],[],[]
1690,0,[0],[0],[0],1690,[],[],[],[],[],[],[]
1691,0,[0],[0],[0],1691,[],[],[],[],[],[],[]
1692,0,[0],[0],[0],1692,[],[],[],[],[],[],[]
1693,0,[0],[0],[0],1693,[],[],[],[],[],[],[]
1694,0,[0],[0],[0],1694,[],[],[],[],[],[],[]
1695,0,[0],[0],[0],1695,[],[],[],[],[],[],[]
1696,1,"[9.0159, 2.2765 ]","[2.9176, 11.4638 ]","[1.3470, 1.7197 ]",1696,"[(1240.0000, 131.0000), (579.0000, 318.0000)]","[(978.0000, 97.0000), (520.0000, 341.0000)]","[0.316436, 4.138641]","[0.316436, 4.138641]","[15.122292, 15.659596]","[0.316436, 4.138641]","[0.000000, 0.000000]"
1697,1,"[9.1277, 2.2351 ]","[3.0460, 11.5331 ]","[1.4838, 1.7267 ]",1697,"[(1257.0000, 123.0000), (568.0000, 322.0000)]","[(990.0000, 86.0000), (511.0000, 345.0000)]","[2.213330, 2.471305]","[19.326368, 12.686172]","[12.908149, 13.877032]","[2.213330, 2.471305]","[34.226076, 20.429734]"
1698,1,"[9.5711, 2.2139 ]","[2.5352, 11.6288 ]","[1.5077, 1.7364 ]",1698,"[(1276.0000, 116.0000), (559.0000, 326.0000)]","[(1001.0000, 78.0000), (506.0000, 352.0000)]","[2.928535, 4.003804]","[19.558802, 12.748678]","[12.402282, 15.426885]","[2.928535, 4.003804]","[33.260536, 17.489748]"
1699,1,"[2.2000, 8.7505 ]","[11.6764, 4.4513 ]","[1.7267, 1.9201 ]",1699,"[(554.0000, 333.0000), (1290.0000, 105.0000)]","[(503.0000, 356.0000), (1018.0000, 60.0000)]","[0.121789, 9.149809]","[6.586002, 30.157853]","[11.279921, 6.854699]","[0.121789, 9.149809]","[12.928426, 42.016088]"
1700,1,"[2.1718, 9.1944 ]","[11.7984, 4.1003 ]","[1.7193, 2.0259 ]",1700,"[(542.0000, 341.0000), (1319.0000, 90.0000)]","[(497.0000, 371.0000), (1037.0000, 48.0000)]","[4.533517, 5.881714]","[19.016865, 33.488383]","[15.786545, 10.255748]","[4.533517, 5.881714]","[28.966696, 55.213337]"
1701,1,"[9.3529, 2.1409 ]","[4.1939, 11.8519 ]","[2.1513, 1.6769 ]",1701,"[(1341.0000, 75.0000), (534.0000, 352.0000)]","[(1054.0000, 41.0000), (492.0000, 386.0000)]","[2.404614, 6.035994]","[25.209011, 19.978393]","[18.369245, 17.207932]","[2.404614, 6.035994]","[45.608793, 27.884799]"
1702,1,[2.1442 ],[12.0075 ],[1.6695 ],1702,"[(525.0000, 367.0000)]","[(492.0000, 401.0000)]",[4.185088],[19.604120],[15.077921],[4.185088],[30.838062]
1703,1,"[2.1006, 8.9065 ]","[11.9612, 5.7571 ]","[1.5318, 2.4225 ]",1703,"[(523.0000, 390.0000), (1386.0000, 63.0000)]","[(489.0000, 423.0000), (1096.0000, 26.0000)]","[0.153847, 2.129326]","[21.663084, 778.806480]","[10.546608, 18.443116]","[0.153847, 2.129326]","[43.018474, 1553.354308]"
1704,1,[2.1034 ],[12.2113 ],[1.5623 ],1704,"[(506.0000, 408.0000)]","[(486.0000, 442.0000)]",[1.843832],[22.748304],[8.237851],[1.843832],[41.808943]
1705,1,[2.0779 ],[12.2921 ],[1.5036 ],1705,"[(497.0000, 423.0000)]","[(483.0000, 468.0000)]",[5.497244],[26.204256],[15.704582],[5.497244],[41.414025]
1706,1,[2.0541 ],[12.4060 ],[1.4225 ],1706,"[(486.0000, 453.0000)]","[(480.0000, 495.0000)]",[1.460548],[29.592695],[8.054916],[1.460548],[56.264293]
1707,1,[2.0314 ],[12.4830 ],[1.3435 ],1707,"[(478.0000, 476.0000)]","[(478.0000, 521.0000)]",[2.039387],[26.017835],[7.152964],[2.039387],[47.956896]
1708,1,[2.0168 ],[12.5923 ],[1.2708 ],1708,"[(469.0000, 498.0000)]","[(478.0000, 555.0000)]",[5.768781],[33.202192],[14.989227],[5.768781],[54.866820]
1709,1,[2.0022 ],[12.7263 ],[1.1786 ],1709,"[(458.0000, 532.0000)]","[(478.0000, 592.0000)]",[4.111073],[38.715091],[12.816879],[4.111073],[69.208034]
1710,1,[2.9139 ],[14.4896 ],[2.6960 ],1710,"[(452.0000, 570.0000)]","[(784.0000, 300.0000)]",[278.691281],[496.673779],[247.446661],[278.691281],[435.964995]
1711,1,[2.0046 ],[12.9754 ],[1.0580 ],1711,"[(441.0000, 588.0000)]","[(483.0000, 656.0000)]",[5.035260],[234.974217],[13.026985],[5.035260],[459.877912]
1712,0,[0],[0],[0],1712,[],[],[],[],[],[],[]
1713,0,[0],[0],[0],1713,[],[],[],[],[],[],[]
1714,0,[0],[0],[0],1714,[],[],[],[],[],[],[]
1715,0,[0],[0],[0],1715,[],[],[],[],[],[],[]
1716,0,[0],[0],[0],1716,[],[],[],[],[],[],[]
1717,0,[0],[0],[0],1717,[],[],[],[],[],[],[]
1718,0,[0],[0],[0],1718,[],[],[],[],[],[],[]
1719,0,[0],[0],[0],1719,[],[],[],[],[],[],[]
1720,0,[0],[0],[0],1720,[],[],[],[],[],[],[]
1721,0,[0],[0],[0],1721,[],[],[],[],[],[],[]
1722,0,[0],[0],[0],1722,[],[],[],[],[],[],[]
1723,0,[0],[0],[0],1723,[],[],[],[],[],[],[]
1724,0,[0],[0],[0],1724,[],[],[],[],[],[],[]
1725,0,[0],[0],[0],1725,[],[],[],[],[],[],[]
1726,0,[0],[0],[0],1726,[],[],[],[],[],[],[]
1727,0,[0],[0],[0],1727,[],[],[],[],[],[],[]
1728,0,[0],[0],[0],1728,[],[],[],[],[],[],[]
1729,0,[0],[0],[0],1729,[],[],[],[],[],[],[]
1730,0,[0],[0],[0],1730,[],[],[],[],[],[],[]
1731,0,[0],[0],[0],1731,[],[],[],[],[],[],[]
1732,0,[0],[0],[0],1732,[],[],[],[],[],[],[]
1733,0,[0],[0],[0],1733,[],[],[],[],[],[],[]
1734,0,[0],[0],[0],1734,[],[],[],[],[],[],[]
1735,0,[0],[0],[0],1735,[],[],[],[],[],[],[]
1736,0,[0],[0],[0],1736,[],[],[],[],[],[],[]
1737,0,[0],[0],[0],1737,[],[],[],[],[],[],[]
1738,0,[0],[0],[0],1738,[],[],[],[],[],[],[]
1739,0,[0],[0],[0],1739,[],[],[],[],[],[],[]
1740,0,[0],[0],[0],1740,[],[],[],[],[],[],[]
1741,0,[0],[0],[0],1741,[],[],[],[],[],[],[]
1742,0,[0],[0],[0],1742,[],[],[],[],[],[],[]
1743,0,[0],[0],[0],1743,[],[],[],[],[],[],[]
1744,0,[0],[0],[0],1744,[],[],[],[],[],[],[]
1745,0,[0],[0],[0],1745,[],[],[],[],[],[],[]
1746,0,[0],[0],[0],1746,[],[],[],[],[],[],[]
1747,0,[0],[0],[0],1747,[],[],[],[],[],[],[]
1748,0,[0],[0],[0],1748,[],[],[],[],[],[],[]
1749,0,[0],[0],[0],1749,[],[],[],[],[],[],[]
1750,0,[0],[0],[0],1750,[],[],[],[],[],[],[]
1751,0,[0],[0],[0],1751,[],[],[],[],[],[],[]
1752,0,[0],[0],[0],1752,[],[],[],[],[],[],[]
1753,0,[0],[0],[0],1753,[],[],[],[],[],[],[]
1754,0,[0],[0],[0],1754,[],[],[],[],[],[],[]
1755,1,[1.3766 ],[14.0359 ],[1.1113 ],1755,"[(132.0000, 768.0000)]","[(227.0000, 948.0000)]",[2.513448],[2.513448],[5.176924],[2.513448],[0.000000]
1756,1,[1.3321 ],[13.9863 ],[0.9771 ],1756,"[(146.0000, 787.0000)]","[(233.0000, 948.0000)]",[18.858016],[33.190535],[12.592115],[18.858016],[28.665037]
1757,0,[0],[0],[0],1757,[],[],[],[],[],[],[]
1758,0,[0],[0],[0],1758,[],[],[],[],[],[],[]
1759,0,[0],[0],[0],1759,[],[],[],[],[],[],[]
1760,1,[1.3458 ],[13.9013 ],[0.3854 ],1760,"[(222.0000, 858.0000)]","[(320.0000, 1016.0000)]",[1.627895],[1.627895],[4.064245],[1.627895],[0.000000]
1761,1,[1.5724 ],[14.0563 ],[0.6242 ],1761,"[(230.0000, 862.0000)]","[(360.0000, 1027.0000)]",[12.505126],[36.654088],[18.657653],[12.505126],[48.297925]
1762,1,[1.4397 ],[13.9151 ],[0.2005 ],1762,"[(255.0000, 900.0000)]","[(362.0000, 1027.0000)]",[20.281422],[43.156884],[16.146063],[20.281422],[45.750925]
1763,1,[1.5301 ],[13.9938 ],[0.4848 ],1763,"[(241.0000, 873.0000)]","[(362.0000, 1020.0000)]",[2.354772],[20.467579],[2.871287],[2.354772],[36.225614]
1764,1,[1.4944 ],[13.9648 ],[0.4044 ],1764,"[(244.0000, 877.0000)]","[(360.0000, 1023.0000)]",[3.328884],[7.523147],[1.775687],[3.328884],[8.388528]
1765,1,[1.5178 ],[13.9824 ],[0.4747 ],1765,"[(241.0000, 870.0000)]","[(360.0000, 1020.0000)]",[0.361618],[5.511733],[5.750100],[0.361618],[10.300230]
1766,0,[0],[0],[0],1766,[],[],[],[],[],[],[]
1767,0,[0],[0],[0],1767,[],[],[],[],[],[],[]
1768,0,[0],[0],[0],1768,[],[],[],[],[],[],[]
1769,0,[0],[0],[0],1769,[],[],[],[],[],[],[]
1770,0,[0],[0],[0],1770,[],[],[],[],[],[],[]
1771,0,[0],[0],[0],1771,[],[],[],[],[],[],[]
1772,0,[0],[0],[0],1772,[],[],[],[],[],[],[]
1773,0,[0],[0],[0],1773,[],[],[],[],[],[],[]
1774,0,[0],[0],[0],1774,[],[],[],[],[],[],[]
1775,0,[0],[0],[0],1775,[],[],[],[],[],[],[]
1776,0,[0],[0],[0],1776,[],[],[],[],[],[],[]
1777,1,[2.8368 ],[14.9620 ],[2.4953 ],1777,"[(177.0000, 896.0000)]","[(925.0000, 776.0000)]",[162.240518],[162.240518],[160.087209],[162.240518],[0.000000]
1778,1,[2.8251 ],[14.9773 ],[2.5248 ],1778,"[(146.0000, 885.0000)]","[(928.0000, 780.0000)]",[153.013259],[171.500074],[151.655734],[153.013259],[36.973630]
1779,0,[0],[0],[0],1779,[],[],[],[],[],[],[]
1780,0,[0],[0],[0],1780,[],[],[],[],[],[],[]
1781,0,[0],[0],[0],1781,[],[],[],[],[],[],[]
1782,0,[0],[0],[0],1782,[],[],[],[],[],[],[]
1783,0,[0],[0],[0],1783,[],[],[],[],[],[],[]
1784,0,[0],[0],[0],1784,[],[],[],[],[],[],[]
1785,0,[0],[0],[0],1785,[],[],[],[],[],[],[]
1786,0,[0],[0],[0],1786,[],[],[],[],[],[],[]
1787,0,[0],[0],[0],1787,[],[],[],[],[],[],[]
1788,0,[0],[0],[0],1788,[],[],[],[],[],[],[]
1789,0,[0],[0],[0],1789,[],[],[],[],[],[],[]
1790,0,[0],[0],[0],1790,[],[],[],[],[],[],[]
1791,0,[0],[0],[0],1791,[],[],[],[],[],[],[]
1792,0,[0],[0],[0],1792,[],[],[],[],[],[],[]
1793,0,[0],[0],[0],1793,[],[],[],[],[],[],[]
1794,0,[0],[0],[0],1794,[],[],[],[],[],[],[]
1795,0,[0],[0],[0],1795,[],[],[],[],[],[],[]
1796,0,[0],[0],[0],1796,[],[],[],[],[],[],[]
1797,0,[0],[0],[0],1797,[],[],[],[],[],[],[]
1798,0,[0],[0],[0],1798,[],[],[],[],[],[],[]
1799,0,[0],[0],[0],1799,[],[],[],[],[],[],[]
1800,0,[0],[0],[0],1800,[],[],[],[],[],[],[]
1801,0,[0],[0],[0],1801,[],[],[],[],[],[],[]
1802,0,[0],[0],[0],1802,[],[],[],[],[],[],[]
1803,0,[0],[0],[0],1803,[],[],[],[],[],[],[]
1804,0,[0],[0],[0],1804,[],[],[],[],[],[],[]
1805,0,[0],[0],[0],1805,[],[],[],[],[],[],[]
1806,0,[0],[0],[0],1806,[],[],[],[],[],[],[]
1807,0,[0],[0],[0],1807,[],[],[],[],[],[],[]
1808,0,[0],[0],[0],1808,[],[],[],[],[],[],[]
1809,0,[0],[0],[0],1809,[],[],[],[],[],[],[]
1810,0,[0],[0],[0],1810,[],[],[],[],[],[],[]
1811,0,[0],[0],[0],1811,[],[],[],[],[],[],[]
1812,0,[0],[0],[0],1812,[],[],[],[],[],[],[]
1813,0,[0],[0],[0],1813,[],[],[],[],[],[],[]
1814,0,[0],[0],[0],1814,[],[],[],[],[],[],[]
1815,0,[0],[0],[0],1815,[],[],[],[],[],[],[]
1816,0,[0],[0],[0],1816,[],[],[],[],[],[],[]
1817,0,[0],[0],[0],1817,[],[],[],[],[],[],[]
1818,0,[0],[0],[0],1818,[],[],[],[],[],[],[]
1819,0,[0],[0],[0],1819,[],[],[],[],[],[],[]
1820,0,[0],[0],[0],1820,[],[],[],[],[],[],[]
1821,0,[0],[0],[0],1821,[],[],[],[],[],[],[]
1822,0,[0],[0],[0],1822,[],[],[],[],[],[],[]
1823,0,[0],[0],[0],1823,[],[],[],[],[],[],[]
1824,0,[0],[0],[0],1824,[],[],[],[],[],[],[]
1825,0,[0],[0],[0],1825,[],[],[],[],[],[],[]
1826,0,[0],[0],[0],1826,[],[],[],[],[],[],[]
1827,0,[0],[0],[0],1827,[],[],[],[],[],[],[]
1828,0,[0],[0],[0],1828,[],[],[],[],[],[],[]
1829,0,[0],[0],[0],1829,[],[],[],[],[],[],[]
1830,0,[0],[0],[0],1830,[],[],[],[],[],[],[]
1831,0,[0],[0],[0],1831,[],[],[],[],[],[],[]
1832,1,[2.9953 ],[15.1060 ],[2.9655 ],1832,"[(95.0000, 911.0000)]","[(1265.0000, 116.0000)]",[826.317545],[826.317545],[748.003915],[826.317545],[0.000000]
1833,1,[3.0006 ],[15.1049 ],[2.9607 ],1833,"[(115.0000, 922.0000)]","[(1257.0000, 120.0000)]",[839.852255],[855.768305],[751.753841],[839.852255],[31.832102]
1834,1,[3.0028 ],[15.1065 ],[2.9564 ],1834,"[(129.0000, 937.0000)]","[(1245.0000, 123.0000)]",[863.617507],[879.955351],[763.034335],[863.617507],[32.675688]
1835,1,[3.0049 ],[15.1071 ],[2.9500 ],1835,"[(146.0000, 952.0000)]","[(1229.0000, 131.0000)]",[883.188204],[903.410506],[769.299195],[883.188204],[40.444603]
1836,1,[3.0108 ],[15.1107 ],[2.9457 ],1836,"[(163.0000, 971.0000)]","[(1226.0000, 135.0000)]",[910.077260],[924.998638],[781.317084],[910.077260],[29.842757]
1837,1,[3.0110 ],[15.1122 ],[2.9413 ],1837,"[(171.0000, 982.0000)]","[(1215.0000, 142.0000)]",[924.040358],[937.298035],[785.879411],[924.040358],[26.515355]
1838,1,[3.0234 ],[15.1153 ],[2.9352 ],1838,"[(208.0000, 1008.0000)]","[(1209.0000, 146.0000)]",[966.200254],[991.813557],[799.737157],[966.200254],[51.226606]
1839,1,[3.0237 ],[15.1211 ],[2.9348 ],1839,"[(210.0000, 1023.0000)]","[(1206.0000, 146.0000)]",[994.888975],[1004.017749],[815.253816],[994.888975],[18.257550]
1840,0,[0],[0],[0],1840,[],[],[],[],[],[],[]
1841,0,[0],[0],[0],1841,[],[],[],[],[],[],[]
1842,0,[0],[0],[0],1842,[],[],[],[],[],[],[]
1843,0,[0],[0],[0],1843,[],[],[],[],[],[],[]
1844,0,[0],[0],[0],1844,[],[],[],[],[],[],[]
1845,0,[0],[0],[0],1845,[],[],[],[],[],[],[]
1846,0,[0],[0],[0],1846,[],[],[],[],[],[],[]
1847,0,[0],[0],[0],1847,[],[],[],[],[],[],[]
1848,0,[0],[0],[0],1848,[],[],[],[],[],[],[]
1849,0,[0],[0],[0],1849,[],[],[],[],[],[],[]
1850,0,[0],[0],[0],1850,[],[],[],[],[],[],[]
1851,0,[0],[0],[0],1851,[],[],[],[],[],[],[]
1852,0,[0],[0],[0],1852,[],[],[],[],[],[],[]
1853,0,[0],[0],[0],1853,[],[],[],[],[],[],[]
1854,0,[0],[0],[0],1854,[],[],[],[],[],[],[]
1855,0,[0],[0],[0],1855,[],[],[],[],[],[],[]
1856,1,[3.0471 ],[15.1125 ],[2.9624 ],1856,"[(236.0000, 990.0000)]","[(1260.0000, 78.0000)]",[1006.959726],[1006.959726],[830.115672],[1006.959726],[0.000000]
1857,1,[3.0486 ],[15.1098 ],[2.9650 ],1857,"[(230.0000, 978.0000)]","[(1274.0000, 75.0000)]",[983.088038],[997.156352],[820.192424],[983.088038],[28.136628]
1858,1,[3.0463 ],[15.1043 ],[2.9676 ],1858,"[(216.0000, 956.0000)]","[(1285.0000, 75.0000)]",[940.514920],[958.880036],[799.653300],[940.514920],[36.730232]
1859,1,[3.0470 ],[15.1004 ],[2.9695 ],1859,"[(210.0000, 941.0000)]","[(1296.0000, 75.0000)]",[911.087248],[924.718162],[784.147053],[911.087248],[27.261828]
1860,1,[3.0457 ],[15.0961 ],[2.9723 ],1860,"[(199.0000, 922.0000)]","[(1307.0000, 75.0000)]",[876.403641],[892.822006],[765.715128],[876.403641],[32.836729]
1861,1,[3.0494 ],[15.0944 ],[2.9738 ],1861,"[(194.0000, 911.0000)]","[(1327.0000, 78.0000)]",[847.871521],[864.252485],[749.707944],[847.871521],[32.761927]
1862,1,[3.0507 ],[15.0949 ],[2.9764 ],1862,"[(185.0000, 903.0000)]","[(1344.0000, 78.0000)]",[830.052264],[844.953299],[741.124524],[830.052264],[29.802070]
1863,1,[3.0524 ],[15.0913 ],[2.9788 ],1863,"[(182.0000, 888.0000)]","[(1355.0000, 78.0000)]",[804.197671],[817.627100],[724.771910],[804.197671],[26.858858]
1864,1,[3.0556 ],[15.0918 ],[2.9790 ],1864,"[(180.0000, 885.0000)]","[(1369.0000, 82.0000)]",[790.360119],[799.700802],[716.183748],[790.360119],[18.681365]
1865,1,[3.0612 ],[15.0894 ],[2.9790 ],1865,"[(180.0000, 873.0000)]","[(1389.0000, 90.0000)]",[757.075738],[774.157423],[693.048831],[757.075738],[34.163371]
1866,1,[1.5166 ],[14.1446 ],[0.8064 ],1866,"[(180.0000, 862.0000)]","[(312.0000, 1023.0000)]",[9.995634],[704.415251],[4.375928],[9.995634],[1388.839234]
1867,1,[1.5177 ],[14.1287 ],[0.8193 ],1867,"[(182.0000, 855.0000)]","[(312.0000, 1016.0000)]",[8.662400],[15.737487],[2.907510],[8.662400],[14.150175]
1868,1,[3.0724 ],[15.0816 ],[2.9842 ],1868,"[(185.0000, 840.0000)]","[(1423.0000, 93.0000)]",[698.382693],[1406.876715],[650.271537],[698.382693],[1416.988043]
1869,0,[0],[0],[0],1869,[],[],[],[],[],[],[]
1870,0,[0],[0],[0],1870,[],[],[],[],[],[],[]
1871,0,[0],[0],[0],1871,[],[],[],[],[],[],[]
1872,0,[0],[0],[0],1872,[],[],[],[],[],[],[]
1873,0,[0],[0],[0],1873,[],[],[],[],[],[],[]
1874,0,[0],[0],[0],1874,[],[],[],[],[],[],[]
1875,0,[0],[0],[0],1875,[],[],[],[],[],[],[]
1876,0,[0],[0],[0],1876,[],[],[],[],[],[],[]
1877,0,[0],[0],[0],1877,[],[],[],[],[],[],[]
1878,0,[0],[0],[0],1878,[],[],[],[],[],[],[]
1879,0,[0],[0],[0],1879,[],[],[],[],[],[],[]
1880,0,[0],[0],[0],1880,[],[],[],[],[],[],[]
1881,0,[0],[0],[0],1881,[],[],[],[],[],[],[]
1882,0,[0],[0],[0],1882,[],[],[],[],[],[],[]
1883,0,[0],[0],[0],1883,[],[],[],[],[],[],[]
1884,0,[0],[0],[0],1884,[],[],[],[],[],[],[]
1885,1,[1.4636 ],[13.8337 ],[0.5585 ],1885,"[(244.0000, 825.0000)]","[(340.0000, 960.0000)]",[11.131738],[11.131738],[5.675832],[11.131738],[0.000000]
1886,1,[1.4798 ],[13.8742 ],[0.6920 ],1886,"[(230.0000, 813.0000)]","[(329.0000, 952.0000)]",[10.614659],[25.909573],[4.876628],[10.614659],[30.589827]
1887,1,[1.4736 ],[13.8756 ],[0.7299 ],1887,"[(225.0000, 806.0000)]","[(323.0000, 948.0000)]",[8.981383],[16.530389],[3.036457],[8.981383],[15.098012]
1888,0,[0],[0],[0],1888,[],[],[],[],[],[],[]
1889,0,[0],[0],[0],1889,[],[],[],[],[],[],[]
1890,0,[0],[0],[0],1890,[],[],[],[],[],[],[]
1891,0,[0],[0],[0],1891,[],[],[],[],[],[],[]
1892,0,[0],[0],[0],1892,[],[],[],[],[],[],[]
1893,0,[0],[0],[0],1893,[],[],[],[],[],[],[]
1894,0,[0],[0],[0],1894,[],[],[],[],[],[],[]
1895,0,[0],[0],[0],1895,[],[],[],[],[],[],[]
1896,0,[0],[0],[0],1896,[],[],[],[],[],[],[]
1897,0,[0],[0],[0],1897,[],[],[],[],[],[],[]
1898,0,[0],[0],[0],1898,[],[],[],[],[],[],[]
1899,0,[0],[0],[0],1899,[],[],[],[],[],[],[]
1900,0,[0],[0],[0],1900,[],[],[],[],[],[],[]
1901,0,[0],[0],[0],1901,[],[],[],[],[],[],[]
1902,0,[0],[0],[0],1902,[],[],[],[],[],[],[]
1903,0,[0],[0],[0],1903,[],[],[],[],[],[],[]
1904,0,[0],[0],[0],1904,[],[],[],[],[],[],[]
1905,0,[0],[0],[0],1905,[],[],[],[],[],[],[]
1906,0,[0],[0],[0],1906,[],[],[],[],[],[],[]
1907,0,[0],[0],[0],1907,[],[],[],[],[],[],[]
1908,0,[0],[0],[0],1908,[],[],[],[],[],[],[]
1909,0,[0],[0],[0],1909,[],[],[],[],[],[],[]
1910,0,[0],[0],[0],1910,[],[],[],[],[],[],[]
1911,0,[0],[0],[0],1911,[],[],[],[],[],[],[]
1912,0,[0],[0],[0],1912,[],[],[],[],[],[],[]
1913,0,[0],[0],[0],1913,[],[],[],[],[],[],[]
1914,0,[0],[0],[0],1914,[],[],[],[],[],[],[]
1915,0,[0],[0],[0],1915,[],[],[],[],[],[],[]
1916,0,[0],[0],[0],1916,[],[],[],[],[],[],[]
1917,0,[0],[0],[0],1917,[],[],[],[],[],[],[]
1918,0,[0],[0],[0],1918,[],[],[],[],[],[],[]
1919,0,[0],[0],[0],1919,[],[],[],[],[],[],[]
1920,0,[0],[0],[0],1920,[],[],[],[],[],[],[]
1921,0,[0],[0],[0],1921,[],[],[],[],[],[],[]
1922,0,[0],[0],[0],1922,[],[],[],[],[],[],[]
1923,0,[0],[0],[0],1923,[],[],[],[],[],[],[]
1924,0,[0],[0],[0],1924,[],[],[],[],[],[],[]
1925,0,[0],[0],[0],1925,[],[],[],[],[],[],[]
1926,0,[0],[0],[0],1926,[],[],[],[],[],[],[]
1927,0,[0],[0],[0],1927,[],[],[],[],[],[],[]
1928,0,[0],[0],[0],1928,[],[],[],[],[],[],[]
1929,0,[0],[0],[0],1929,[],[],[],[],[],[],[]
1930,0,[0],[0],[0],1930,[],[],[],[],[],[],[]
1931,0,[0],[0],[0],1931,[],[],[],[],[],[],[]
1932,0,[0],[0],[0],1932,[],[],[],[],[],[],[]
1933,0,[0],[0],[0],1933,[],[],[],[],[],[],[]
1934,0,[0],[0],[0],1934,[],[],[],[],[],[],[]
1935,0,[0],[0],[0],1935,[],[],[],[],[],[],[]
1936,0,[0],[0],[0],1936,[],[],[],[],[],[],[]
1937,0,[0],[0],[0],1937,[],[],[],[],[],[],[]
1938,0,[0],[0],[0],1938,[],[],[],[],[],[],[]
1939,0,[0],[0],[0],1939,[],[],[],[],[],[],[]
1940,0,[0],[0],[0],1940,[],[],[],[],[],[],[]
1941,0,[0],[0],[0],1941,[],[],[],[],[],[],[]
1942,0,[0],[0],[0],1942,[],[],[],[],[],[],[]
1943,0,[0],[0],[0],1943,[],[],[],[],[],[],[]
1944,0,[0],[0],[0],1944,[],[],[],[],[],[],[]
1945,0,[0],[0],[0],1945,[],[],[],[],[],[],[]
1946,0,[0],[0],[0],1946,[],[],[],[],[],[],[]
1947,0,[0],[0],[0],1947,[],[],[],[],[],[],[]
1948,0,[0],[0],[0],1948,[],[],[],[],[],[],[]
1949,0,[0],[0],[0],1949,[],[],[],[],[],[],[]
1950,0,[0],[0],[0],1950,[],[],[],[],[],[],[]
1951,0,[0],[0],[0],1951,[],[],[],[],[],[],[]
1952,0,[0],[0],[0],1952,[],[],[],[],[],[],[]
1953,0,[0],[0],[0],1953,[],[],[],[],[],[],[]
1954,0,[0],[0],[0],1954,[],[],[],[],[],[],[]
1955,0,[0],[0],[0],1955,[],[],[],[],[],[],[]
1956,0,[0],[0],[0],1956,[],[],[],[],[],[],[]
1957,0,[0],[0],[0],1957,[],[],[],[],[],[],[]
1958,0,[0],[0],[0],1958,[],[],[],[],[],[],[]
1959,0,[0],[0],[0],1959,[],[],[],[],[],[],[]
1960,0,[0],[0],[0],1960,[],[],[],[],[],[],[]
1961,0,[0],[0],[0],1961,[],[],[],[],[],[],[]
1962,0,[0],[0],[0],1962,[],[],[],[],[],[],[]
1963,0,[0],[0],[0],1963,[],[],[],[],[],[],[]
1964,0,[0],[0],[0],1964,[],[],[],[],[],[],[]
1965,0,[0],[0],[0],1965,[],[],[],[],[],[],[]
1966,0,[0],[0],[0],1966,[],[],[],[],[],[],[]
1967,0,[0],[0],[0],1967,[],[],[],[],[],[],[]
1968,1,[1.3016 ],[13.6473 ],[1.1892 ],1968,"[(182.0000, 660.0000)]","[(227.0000, 821.0000)]",[7.684049],[7.684049],[16.841051],[7.684049],[0.000000]
1969,1,[1.3247 ],[13.6812 ],[1.1995 ],1969,"[(180.0000, 667.0000)]","[(230.0000, 825.0000)]",[4.015562],[9.912534],[12.833983],[4.015562],[11.793945]
1970,1,[1.3569 ],[13.7224 ],[1.2296 ],1970,"[(177.0000, 671.0000)]","[(233.0000, 828.0000)]",[2.473109],[6.923421],[11.153724],[2.473109],[8.900623]
1971,1,[1.3744 ],[13.7394 ],[1.2382 ],1971,"[(177.0000, 675.0000)]","[(236.0000, 828.0000)]",[1.251165],[4.633268],[7.102082],[1.251165],[6.764206]
1972,1,[1.3917 ],[13.7594 ],[1.2162 ],1972,"[(180.0000, 682.0000)]","[(244.0000, 840.0000)]",[3.547545],[14.026113],[12.152457],[3.547545],[20.957136]
1973,1,[1.3705 ],[13.7313 ],[1.1349 ],1973,"[(188.0000, 693.0000)]","[(250.0000, 847.0000)]",[0.305688],[11.201304],[8.480313],[0.305688],[21.791233]
1974,1,[1.3677 ],[13.7182 ],[1.0045 ],1974,"[(202.0000, 716.0000)]","[(267.0000, 866.0000)]",[2.118923],[27.108915],[5.503960],[2.118923],[49.979984]
1975,1,[1.3351 ],[13.6549 ],[0.8115 ],1975,"[(222.0000, 738.0000)]","[(284.0000, 881.0000)]",[5.713795],[30.714338],[1.264184],[5.713795],[50.001086]
1976,0,[0],[0],[0],1976,[],[],[],[],[],[],[]
1977,0,[0],[0],[0],1977,[],[],[],[],[],[],[]
1978,0,[0],[0],[0],1978,[],[],[],[],[],[],[]
1979,0,[0],[0],[0],1979,[],[],[],[],[],[],[]
1980,0,[0],[0],[0],1980,[],[],[],[],[],[],[]
1981,0,[0],[0],[0],1981,[],[],[],[],[],[],[]
1982,0,[0],[0],[0],1982,[],[],[],[],[],[],[]
1983,0,[0],[0],[0],1983,[],[],[],[],[],[],[]
1984,0,[0],[0],[0],1984,[],[],[],[],[],[],[]
1985,0,[0],[0],[0],1985,[],[],[],[],[],[],[]
1986,0,[0],[0],[0],1986,[],[],[],[],[],[],[]
1987,0,[0],[0],[0],1987,[],[],[],[],[],[],[]
1988,0,[0],[0],[0],1988,[],[],[],[],[],[],[]
1989,0,[0],[0],[0],1989,[],[],[],[],[],[],[]
1990,0,[0],[0],[0],1990,[],[],[],[],[],[],[]
1991,0,[0],[0],[0],1991,[],[],[],[],[],[],[]
1992,0,[0],[0],[0],1992,[],[],[],[],[],[],[]
1993,0,[0],[0],[0],1993,[],[],[],[],[],[],[]
1994,0,[0],[0],[0],1994,[],[],[],[],[],[],[]
1995,0,[0],[0],[0],1995,[],[],[],[],[],[],[]
1996,0,[0],[0],[0],1996,[],[],[],[],[],[],[]
1997,0,[0],[0],[0],1997,[],[],[],[],[],[],[]
1998,0,[0],[0],[0],1998,[],[],[],[],[],[],[]
1999,0,[0],[0],[0],1999,[],[],[],[],[],[],[]
2000,0,[0],[0],[0],2000,[],[],[],[],[],[],[]
2001,0,[0],[0],[0],2001,[],[],[],[],[],[],[]
2002,0,[0],[0],[0],2002,[],[],[],[],[],[],[]
2003,0,[0],[0],[0],2003,[],[],[],[],[],[],[]
2004,0,[0],[0],[0],2004,[],[],[],[],[],[],[]
2005,0,[0],[0],[0],2005,[],[],[],[],[],[],[]
2006,0,[0],[0],[0],2006,[],[],[],[],[],[],[]
2007,0,[0],[0],[0],2007,[],[],[],[],[],[],[]
2008,0,[0],[0],[0],2008,[],[],[],[],[],[],[]
2009,0,[0],[0],[0],2009,[],[],[],[],[],[],[]
2010,0,[0],[0],[0],2010,[],[],[],[],[],[],[]
2011,0,[0],[0],[0],2011,[],[],[],[],[],[],[]
2012,0,[0],[0],[0],2012,[],[],[],[],[],[],[]
2013,0,[0],[0],[0],2013,[],[],[],[],[],[],[]
2014,0,[0],[0],[0],2014,[],[],[],[],[],[],[]
2015,0,[0],[0],[0],2015,[],[],[],[],[],[],[]
2016,1,[1.6045 ],[13.5983 ],[0.9622 ],2016,"[(281.0000, 705.0000)]","[(357.0000, 828.0000)]",[1.833710],[1.833710],[9.140442],[1.833710],[0.000000]
2017,1,[1.6261 ],[13.6046 ],[0.9764 ],2017,"[(284.0000, 705.0000)]","[(362.0000, 825.0000)]",[0.423186],[4.633242],[7.630474],[0.423186],[8.420112]
2018,1,[1.6527 ],[13.6057 ],[1.0297 ],2018,"[(286.0000, 697.0000)]","[(365.0000, 813.0000)]",[1.297697],[11.134930],[5.906325],[1.297697],[19.674467]
2019,1,[1.6961 ],[13.6186 ],[1.0992 ],2019,"[(289.0000, 690.0000)]","[(371.0000, 798.0000)]",[6.048532],[17.369108],[0.974706],[6.048532],[22.641153]
2020,1,[1.7030 ],[13.5764 ],[1.0858 ],2020,"[(298.0000, 686.0000)]","[(376.0000, 787.0000)]",[9.706064],[20.158062],[2.866681],[9.706064],[20.903995]
2021,1,[1.7098 ],[13.5532 ],[1.0864 ],2021,"[(303.0000, 682.0000)]","[(379.0000, 780.0000)]",[10.703282],[17.384334],[3.889094],[10.703282],[13.362103]
2022,0,[0],[0],[0],2022,[],[],[],[],[],[],[]
2023,0,[0],[0],[0],2023,[],[],[],[],[],[],[]
2024,1,[1.8408 ],[13.5649 ],[1.1515 ],2024,"[(329.0000, 671.0000)]","[(416.0000, 768.0000)]",[0.871256],[0.871256],[6.379540],[0.871256],[0.000000]
2025,1,[1.8445 ],[13.5301 ],[1.1187 ],2025,"[(337.0000, 671.0000)]","[(421.0000, 765.0000)]",[1.730616],[8.301112],[5.430143],[1.730616],[13.140993]
2026,1,[1.8295 ],[13.4805 ],[1.0443 ],2026,"[(345.0000, 675.0000)]","[(424.0000, 768.0000)]",[1.615447],[7.888437],[5.448315],[1.615447],[12.545981]
2027,1,[1.8583 ],[13.4434 ],[0.9911 ],2027,"[(360.0000, 678.0000)]","[(438.0000, 768.0000)]",[0.464618],[14.358723],[6.508828],[0.464618],[27.788210]
2028,1,[1.9064 ],[13.4844 ],[1.0139 ],2028,"[(365.0000, 682.0000)]","[(450.0000, 772.0000)]",[1.723687],[10.738381],[8.688744],[1.723687],[18.029388]
2029,1,[1.9248 ],[13.4651 ],[0.9462 ],2029,"[(376.0000, 690.0000)]","[(461.0000, 780.0000)]",[4.116863],[17.025437],[10.976248],[4.116863],[25.817148]
2030,1,[1.9453 ],[13.4651 ],[0.8707 ],2030,"[(385.0000, 705.0000)]","[(472.0000, 791.0000)]",[2.099910],[17.812268],[8.604899],[2.099910],[31.424715]
2031,1,[1.9475 ],[13.4251 ],[0.7548 ],2031,"[(396.0000, 720.0000)]","[(480.0000, 798.0000)]",[3.623107],[17.539255],[2.415561],[3.623107],[27.832296]
2032,1,[1.9833 ],[13.4091 ],[0.6739 ],2032,"[(410.0000, 731.0000)]","[(495.0000, 806.0000)]",[2.787398],[19.307450],[3.025706],[2.787398],[33.040105]
2033,1,"[1.9862, 2.0394 ]","[13.3928, 13.1944 ]","[0.5953, 0.6625 ]",2033,"[(416.0000, 742.0000), (444.0000, 697.0000)]","[(500.0000, 813.0000), (511.0000, 757.0000)]","[5.562661, 6.648010]","[15.621350, 53.940400]","[0.013630, 0.614597]","[5.562661, 6.648010]","[20.117379, 94.584781]"
2034,1,[2.1402 ],[12.9296 ],[0.8058 ],2034,"[(483.0000, 637.0000)]","[(528.0000, 675.0000)]",[15.039131],[88.757580],[8.429076],[15.039131],[147.436899]
2035,1,[2.2618 ],[12.1893 ],[0.8919 ],2035,"[(554.0000, 521.0000)]","[(551.0000, 558.0000)]",[2.065397],[123.539753],[10.491443],[2.065397],[242.948711]
2036,1,[2.4196 ],[11.7460 ],[1.0626 ],2036,"[(601.0000, 453.0000)]","[(573.0000, 476.0000)]",[0.054577],[79.762356],[9.363185],[0.054577],[159.415558]
2037,1,[2.5351 ],[11.1847 ],[1.1130 ],2037,"[(641.0000, 397.0000)]","[(587.0000, 420.0000)]",[7.329612],[67.491977],[17.573081],[7.329612],[120.324731]
2038,1,[2.6730 ],[10.5258 ],[1.1589 ],2038,"[(680.0000, 356.0000)]","[(599.0000, 356.0000)]",[8.588054],[66.220965],[1.996671],[8.588054],[115.265823]
2039,1,[2.8144 ],[10.3020 ],[1.3527 ],2039,"[(705.0000, 311.0000)]","[(615.0000, 318.0000)]",[3.077059],[46.994569],[14.542878],[3.077059],[87.835021]
2040,1,[2.9474 ],[9.2084 ],[1.2057 ],2040,"[(739.0000, 281.0000)]","[(621.0000, 285.0000)]",[2.607658],[39.833470],[14.526011],[2.607658],[74.451624]
2041,1,[3.0605 ],[8.9668 ],[1.3087 ],2041,"[(756.0000, 262.0000)]","[(630.0000, 258.0000)]",[2.635104],[28.054111],[9.504045],[2.635104],[50.838014]
2042,1,[3.1426 ],[8.9986 ],[1.4589 ],2042,"[(767.0000, 247.0000)]","[(638.0000, 236.0000)]",[7.344318],[27.122806],[5.004944],[7.344318],[39.556977]
2043,1,[3.3180 ],[7.7840 ],[1.2906 ],2043,"[(793.0000, 225.0000)]","[(644.0000, 221.0000)]",[0.229104],[23.866035],[13.022110],[0.229104],[47.273863]
2044,1,[3.4359 ],[7.2024 ],[1.2651 ],2044,"[(807.0000, 210.0000)]","[(649.0000, 210.0000)]",[4.825478],[20.162265],[17.906311],[4.825478],[30.673574]
2045,1,[3.5356 ],[7.3586 ],[1.3889 ],2045,"[(818.0000, 202.0000)]","[(660.0000, 198.0000)]",[2.633127],[16.686521],[15.844548],[2.633127],[28.106786]
2046,1,[3.6440 ],[6.8073 ],[1.3490 ],2046,"[(829.0000, 195.0000)]","[(663.0000, 187.0000)]",[0.775841],[12.250349],[12.518255],[0.775841],[22.949016]
2047,1,[3.7472 ],[6.2764 ],[1.2729 ],2047,"[(838.0000, 191.0000)]","[(666.0000, 183.0000)]",[0.596166],[7.573105],[12.772384],[0.596166],[13.953879]
2048,1,[3.9975 ],[5.2117 ],[1.1036 ],2048,"[(857.0000, 183.0000)]","[(675.0000, 180.0000)]",[4.724983],[18.873927],[18.239768],[4.724983],[28.297888]
2049,1,[4.0348 ],[5.1460 ],[1.1112 ],2049,"[(860.0000, 183.0000)]","[(677.0000, 176.0000)]",[1.143514],[4.655881],[14.676267],[1.143514],[7.024734]
2050,1,[4.1832 ],[4.4326 ],[0.9871 ],2050,"[(869.0000, 183.0000)]","[(680.0000, 172.0000)]",[2.558036],[9.143481],[10.963794],[2.558036],[13.170890]
2051,1,[4.2670 ],[4.1383 ],[0.9255 ],2051,"[(874.0000, 183.0000)]","[(683.0000, 172.0000)]",[2.375109],[6.140222],[11.152294],[2.375109],[7.530227]
2052,1,[4.3184 ],[4.0246 ],[0.8755 ],2052,"[(877.0000, 183.0000)]","[(686.0000, 176.0000)]",[1.600692],[5.356536],[15.143009],[1.600692],[7.511687]
2053,1,[4.4356 ],[3.5429 ],[0.7744 ],2053,"[(883.0000, 183.0000)]","[(689.0000, 176.0000)]",[1.740185],[5.974910],[15.284750],[1.740185],[8.469451]
2054,1,[4.4170 ],[4.0878 ],[0.8836 ],2054,"[(885.0000, 183.0000)]","[(694.0000, 176.0000)]",[2.362355],[5.658606],[15.907753],[2.362355],[6.592502]
2055,1,[4.5554 ],[3.4863 ],[0.7049 ],2055,"[(891.0000, 187.0000)]","[(697.0000, 180.0000)]",[2.399284],[8.160826],[15.875969],[2.399284],[11.523084]
2056,1,[4.8174 ],[2.4876 ],[0.4112 ],2056,"[(902.0000, 195.0000)]","[(703.0000, 183.0000)]",[2.071029],[11.671932],[11.282613],[2.071029],[19.201807]
2057,1,[4.8407 ],[2.3155 ],[0.3444 ],2057,"[(902.0000, 195.0000)]","[(703.0000, 187.0000)]",[1.640144],[3.514322],[14.985118],[1.640144],[3.748355]
2058,1,[4.9292 ],[1.9740 ],[0.2152 ],2058,"[(905.0000, 198.0000)]","[(705.0000, 191.0000)]",[2.667747],[6.777353],[15.953419],[2.667747],[8.219213]
2059,1,"[5.0062, 4.0238 ]","[1.5685, 13.9540 ]","[0.2100, 0.0660 ]",2059,"[(908.0000, 191.0000), (914.0000, 1038.0000)]","[(705.0000, 187.0000), (1043.0000, 907.0000)]","[5.513385, 6.292430]","[10.980838, 782.690546]","[18.862512, 8.497372]","[5.513385, 6.292430]","[10.934907, 1552.796232]"
2060,1,"[4.0526, 5.1965 ]","[13.8449, 0.5608 ]","[0.0442, 0.0904 ]",2060,"[(919.0000, 1008.0000), (914.0000, 183.0000)]","[(1035.0000, 885.0000), (705.0000, 183.0000)]","[2.954968, 9.163647]","[29.145064, 15.740773]","[4.832140, 22.591765]","[2.954968, 9.163647]","[52.380193, 13.154253]"
2061,1,"[5.1764, 4.0589 ]","[0.9771, 13.7557 ]","[0.2866, 0.0606 ]",2061,"[(916.0000, 180.0000), (919.0000, 982.0000)]","[(708.0000, 172.0000), (1026.0000, 862.0000)]","[2.021967, 5.146567]","[9.068349, 29.682526]","[15.632819, 6.320336]","[2.021967, 5.146567]","[14.092764, 49.071917]"
2062,1,[4.1165 ],[13.5781 ],[-0.0605 ],2062,"[(925.0000, 956.0000)]","[(1012.0000, 836.0000)]",[10.345402],[37.372177],[10.604262],[10.345402],[54.053550]
2063,1,[4.1086 ],[13.5304 ],[0.0150 ],2063,"[(925.0000, 930.0000)]","[(1009.0000, 821.0000)]",[3.089119],[22.955888],[3.393454],[3.089119],[39.733539]
2064,0,[0],[0],[0],2064,[],[],[],[],[],[],[]
2065,0,[0],[0],[0],2065,[],[],[],[],[],[],[]
2066,0,[0],[0],[0],2066,[],[],[],[],[],[],[]
2067,0,[0],[0],[0],2067,[],[],[],[],[],[],[]
2068,0,[0],[0],[0],2068,[],[],[],[],[],[],[]
2069,0,[0],[0],[0],2069,[],[],[],[],[],[],[]
2070,0,[0],[0],[0],2070,[],[],[],[],[],[],[]
2071,0,[0],[0],[0],2071,[],[],[],[],[],[],[]
2072,1,[4.6181 ],[4.4539 ],[1.6019 ],2072,"[(911.0000, 127.0000)]","[(711.0000, 120.0000)]",[4.936238],[4.936238],[19.442208],[4.936238],[0.000000]
2073,1,[4.6685 ],[3.9751 ],[1.5330 ],2073,"[(911.0000, 127.0000)]","[(708.0000, 120.0000)]",[4.508649],[5.922438],[19.019053],[4.508649],[2.827578]
2074,1,[4.5760 ],[4.4913 ],[1.6316 ],2074,"[(908.0000, 127.0000)]","[(708.0000, 116.0000)]",[0.953814],[4.247387],[15.483017],[0.953814],[6.587147]
2075,1,[4.5001 ],[4.9000 ],[1.6910 ],2075,"[(905.0000, 127.0000)]","[(708.0000, 116.0000)]",[1.142311],[2.552544],[15.670353],[1.142311],[2.820466]
2076,1,[4.4678 ],[4.8776 ],[1.6893 ],2076,"[(902.0000, 127.0000)]","[(705.0000, 116.0000)]",[0.912153],[3.736206],[15.435041],[0.912153],[5.648106]
2077,1,[4.4764 ],[4.8131 ],[1.6582 ],2077,"[(902.0000, 127.0000)]","[(705.0000, 120.0000)]",[4.647814],[6.531238],[19.157953],[4.647814],[3.766849]
2078,1,[4.4460 ],[4.9754 ],[1.6230 ],2078,"[(900.0000, 135.0000)]","[(705.0000, 123.0000)]",[0.125659],[5.439979],[14.252095],[0.125659],[10.628640]
2079,1,[4.4113 ],[5.0122 ],[1.6082 ],2079,"[(897.0000, 135.0000)]","[(703.0000, 127.0000)]",[3.488246],[7.005521],[17.871112],[3.488246],[7.034549]
2080,1,[4.2192 ],[6.1964 ],[1.7380 ],2080,"[(888.0000, 142.0000)]","[(705.0000, 131.0000)]",[1.305821],[8.760199],[15.564876],[1.305821],[14.908758]
2081,1,[4.1964 ],[6.1772 ],[1.6828 ],2081,"[(885.0000, 146.0000)]","[(703.0000, 138.0000)]",[3.854161],[9.631835],[18.045676],[3.854161],[11.555348]
2082,1,[4.1261 ],[6.5462 ],[1.6740 ],2082,"[(880.0000, 153.0000)]","[(703.0000, 146.0000)]",[4.844327],[12.650441],[18.908405],[4.844327],[15.612228]
2083,1,[4.0480 ],[6.9690 ],[1.6621 ],2083,"[(874.0000, 165.0000)]","[(703.0000, 153.0000)]",[0.142197],[9.753616],[13.992287],[0.142197],[19.222839]
2084,1,[4.0258 ],[7.0546 ],[1.5740 ],2084,"[(871.0000, 176.0000)]","[(703.0000, 165.0000)]",[0.855609],[11.875081],[14.521902],[0.855609],[22.038944]
2085,1,[3.9696 ],[7.3353 ],[1.5497 ],2085,"[(866.0000, 183.0000)]","[(703.0000, 176.0000)]",[4.572696],[13.777559],[18.122313],[4.572696],[18.409726]
2086,1,[3.9088 ],[7.6527 ],[1.5030 ],2086,"[(860.0000, 198.0000)]","[(703.0000, 187.0000)]",[0.654340],[13.434863],[13.941372],[0.654340],[25.561046]
2087,1,[3.8614 ],[7.9052 ],[1.4484 ],2087,"[(855.0000, 213.0000)]","[(703.0000, 198.0000)]",[3.312509],[15.936768],[9.705273],[3.312509],[25.248519]
2088,1,[3.7754 ],[8.3563 ],[1.4326 ],2088,"[(846.0000, 228.0000)]","[(703.0000, 213.0000)]",[3.455906],[18.725822],[9.306107],[3.455906],[30.539833]
2089,1,[3.7681 ],[8.3109 ],[1.2619 ],2089,"[(843.0000, 243.0000)]","[(703.0000, 236.0000)]",[3.545673],[21.561098],[16.067315],[3.545673],[36.030850]
2090,1,[3.7326 ],[8.4803 ],[1.1656 ],2090,"[(838.0000, 262.0000)]","[(703.0000, 251.0000)]",[0.583476],[16.913615],[11.609712],[0.583476],[32.660279]
2091,1,[3.6590 ],[8.8400 ],[1.1212 ],2091,"[(829.0000, 277.0000)]","[(703.0000, 273.0000)]",[5.669582],[24.235087],[17.596949],[5.669582],[37.131010]
2092,1,[3.6066 ],[9.0700 ],[0.9786 ],2092,"[(821.0000, 303.0000)]","[(703.0000, 300.0000)]",[6.001472],[31.557665],[17.477211],[6.001472],[51.112386]
2093,1,[3.5473 ],[9.3659 ],[0.8848 ],2093,"[(812.0000, 330.0000)]","[(703.0000, 322.0000)]",[0.723361],[24.558114],[11.766525],[0.723361],[47.669506]
2094,1,[3.4993 ],[9.5616 ],[0.7326 ],2094,"[(804.0000, 356.0000)]","[(703.0000, 352.0000)]",[3.831384],[30.858497],[14.419156],[3.831384],[54.054224]
2095,1,[3.4690 ],[9.7722 ],[0.5914 ],2095,"[(798.0000, 386.0000)]","[(705.0000, 378.0000)]",[0.250231],[27.101515],[9.845483],[0.250231],[53.702569]
2096,1,[3.4404 ],[9.8388 ],[0.3860 ],2096,"[(793.0000, 408.0000)]","[(705.0000, 412.0000)]",[10.619792],[37.396073],[20.159053],[10.619792],[53.552560]
2097,1,[3.3646 ],[10.3477 ],[0.3334 ],2097,"[(779.0000, 450.0000)]","[(708.0000, 446.0000)]",[2.595094],[39.838683],[11.583016],[2.595094],[74.487177]
2098,1,[3.3325 ],[10.3361 ],[0.0860 ],2098,"[(773.0000, 480.0000)]","[(705.0000, 472.0000)]",[2.146446],[29.153512],[6.377342],[2.146446],[54.014131]
2099,1,[3.2693 ],[10.6495 ],[0.0940 ],2099,"[(762.0000, 498.0000)]","[(705.0000, 498.0000)]",[4.779102],[27.140225],[12.927699],[4.779102],[44.722246]
2100,1,[3.2530 ],[10.7582 ],[0.1651 ],2100,"[(759.0000, 498.0000)]","[(705.0000, 498.0000)]",[4.636788],[6.059914],[12.796297],[4.636788],[2.846252]
2101,1,[3.2374 ],[10.8621 ],[0.2332 ],2101,"[(756.0000, 498.0000)]","[(705.0000, 498.0000)]",[4.494397],[5.917798],[12.664582],[4.494397],[2.846802]
2102,1,[3.2223 ],[10.9724 ],[0.3294 ],2102,"[(753.0000, 495.0000)]","[(705.0000, 495.0000)]",[4.380613],[7.822500],[12.614319],[4.380613],[6.883773]
2103,1,[3.2081 ],[11.0671 ],[0.3909 ],2103,"[(750.0000, 495.0000)]","[(705.0000, 495.0000)]",[4.240843],[5.664671],[12.484680],[4.240843],[2.847656]
2104,1,[3.1990 ],[11.1186 ],[0.4011 ],2104,"[(748.0000, 498.0000)]","[(705.0000, 498.0000)]",[4.114367],[7.255644],[12.311997],[4.114367],[6.282554]
2105,1,[3.1809 ],[11.3782 ],[0.5403 ],2105,"[(742.0000, 506.0000)]","[(708.0000, 498.0000)]",[3.288874],[9.490484],[4.852619],[3.288874],[12.403220]
2106,1,[3.1675 ],[11.4341 ],[0.5339 ],2106,"[(739.0000, 510.0000)]","[(708.0000, 506.0000)]",[0.272975],[6.443060],[8.319405],[0.272975],[12.340170]
2107,1,[3.1552 ],[11.4952 ],[0.5243 ],2107,"[(736.0000, 517.0000)]","[(708.0000, 513.0000)]",[0.040613],[6.998369],[7.974559],[0.040613],[13.915511]
2108,1,[3.1459 ],[11.5286 ],[0.5039 ],2108,"[(734.0000, 521.0000)]","[(708.0000, 521.0000)]",[3.650396],[9.573399],[11.485032],[3.650396],[11.846007]
2109,1,[3.1400 ],[11.6535 ],[0.5115 ],2109,"[(731.0000, 532.0000)]","[(711.0000, 532.0000)]",[3.873601],[14.733949],[11.519186],[3.873601],[21.720696]
2110,1,[3.1066 ],[11.8321 ],[0.5352 ],2110,"[(722.0000, 547.0000)]","[(711.0000, 547.0000)]",[3.200027],[18.671020],[10.615392],[3.200027],[30.941986]
2111,1,[3.0920 ],[11.9850 ],[0.5467 ],2111,"[(717.0000, 558.0000)]","[(714.0000, 566.0000)]",[10.855676],[25.744066],[17.971769],[10.855676],[29.776780]
2112,0,[0],[0],[0],2112,[],[],[],[],[],[],[]
2113,1,[3.0910 ],[11.1871 ],[0.7391 ],2113,"[(731.0000, 461.0000)]","[(686.0000, 457.0000)]",[2.740947],[2.740947],[6.175247],[2.740947],[0.000000]
2114,1,[3.0905 ],[10.9019 ],[0.9056 ],2114,"[(736.0000, 412.0000)]","[(677.0000, 416.0000)]",[4.854068],[48.247083],[14.589352],[4.854068],[86.786030]
2115,0,[0],[0],[0],2115,[],[],[],[],[],[],[]
2116,1,[3.1061 ],[9.5322 ],[1.2187 ],2116,"[(756.0000, 296.0000)]","[(646.0000, 292.0000)]",[2.185487],[2.185487],[9.421322],[2.185487],[0.000000]
2117,1,[3.0997 ],[9.2332 ],[1.4121 ],2117,"[(759.0000, 255.0000)]","[(638.0000, 258.0000)]",[5.223787],[41.134549],[17.592224],[5.223787],[71.821523]
2118,1,[3.1143 ],[8.8229 ],[1.5311 ],2118,"[(765.0000, 225.0000)]","[(632.0000, 228.0000)]",[5.952694],[34.783798],[18.819341],[5.952694],[57.662208]
2119,1,[3.1286 ],[8.4875 ],[1.6735 ],2119,"[(770.0000, 198.0000)]","[(627.0000, 198.0000)]",[3.975988],[31.225570],[17.263820],[3.975988],[54.499163]
2120,1,[3.1347 ],[7.6037 ],[1.6106 ],2120,"[(776.0000, 183.0000)]","[(618.0000, 183.0000)]",[3.383007],[19.212806],[16.900373],[3.383007],[31.659599]
2121,1,[3.1449 ],[7.3516 ],[1.7048 ],2121,"[(779.0000, 168.0000)]","[(615.0000, 165.0000)]",[1.051469],[16.846661],[14.763821],[1.051469],[31.590383]
2122,1,[3.1418 ],[6.9670 ],[1.7701 ],2122,"[(781.0000, 153.0000)]","[(610.0000, 150.0000)]",[1.231134],[15.816400],[15.186043],[1.231134],[29.170531]
2123,1,[3.1331 ],[6.9290 ],[1.8983 ],2123,"[(781.0000, 138.0000)]","[(607.0000, 135.0000)]",[1.826331],[16.126676],[16.033645],[1.826331],[28.600690]
2124,1,[3.1444 ],[5.7384 ],[1.8114 ],2124,"[(787.0000, 131.0000)]","[(599.0000, 123.0000)]",[3.737024],[14.863708],[10.448744],[3.737024],[22.253368]
2125,1,[3.1551 ],[5.0259 ],[1.7679 ],2125,"[(790.0000, 123.0000)]","[(596.0000, 120.0000)]",[0.738284],[6.770885],[15.156651],[0.738284],[12.065201]
2126,1,[3.1437 ],[4.8213 ],[1.8214 ],2126,"[(790.0000, 116.0000)]","[(593.0000, 112.0000)]",[0.105549],[7.452635],[14.396779],[0.105549],[14.694173]
2127,1,[3.1323 ],[4.7083 ],[1.9099 ],2127,"[(790.0000, 108.0000)]","[(590.0000, 101.0000)]",[2.699757],[11.876936],[11.857137],[2.699757],[18.354360]
2128,1,[3.0795 ],[5.3708 ],[2.1020 ],2128,"[(784.0000, 97.0000)]","[(587.0000, 90.0000)]",[1.883674],[13.236266],[12.845833],[1.883674],[22.705183]
2129,1,[2.9863 ],[5.5875 ],[2.3319 ],2129,"[(776.0000, 78.0000)]","[(576.0000, 67.0000)]",[5.025305],[26.926536],[9.896993],[5.025305],[43.802462]
2130,1,[2.9435 ],[5.5782 ],[2.4185 ],2130,"[(773.0000, 71.0000)]","[(570.0000, 56.0000)]",[8.899341],[18.488889],[6.177997],[8.899341],[19.179096]
2131,1,[2.8671 ],[5.7432 ],[2.5543 ],2131,"[(765.0000, 56.0000)]","[(562.0000, 45.0000)]",[4.259456],[18.839959],[10.949494],[4.259456],[29.161005]
2132,1,[2.8195 ],[6.0193 ],[2.7243 ],2132,"[(759.0000, 37.0000)]","[(556.0000, 30.0000)]",[0.667571],[17.904853],[16.327291],[0.667571],[34.474562]
2133,1,[2.7799 ],[6.3828 ],[2.8240 ],2133,"[(753.0000, 30.0000)]","[(551.0000, 18.0000)]",[3.409601],[14.060744],[12.149707],[3.409601],[21.302286]
2134,1,[2.7055 ],[6.4291 ],[2.9073 ],2134,"[(745.0000, 18.0000)]","[(542.0000, 11.0000)]",[1.750513],[14.095585],[17.700829],[1.750513],[24.690144]
2135,1,[2.6878 ],[6.8857 ],[2.9664 ],2135,"[(739.0000, 11.0000)]","[(540.0000, 7.0000)]",[5.471662],[12.031997],[21.670915],[5.471662],[13.120671]
2136,0,[0],[0],[0],2136,[],[],[],[],[],[],[]
2137,0,[0],[0],[0],2137,[],[],[],[],[],[],[]
2138,0,[0],[0],[0],2138,[],[],[],[],[],[],[]
2139,0,[0],[0],[0],2139,[],[],[],[],[],[],[]
2140,0,[0],[0],[0],2140,[],[],[],[],[],[],[]
2141,0,[0],[0],[0],2141,[],[],[],[],[],[],[]
2142,0,[0],[0],[0],2142,[],[],[],[],[],[],[]
2143,0,[0],[0],[0],2143,[],[],[],[],[],[],[]
2144,0,[0],[0],[0],2144,[],[],[],[],[],[],[]
2145,0,[0],[0],[0],2145,[],[],[],[],[],[],[]
2146,0,[0],[0],[0],2146,[],[],[],[],[],[],[]
2147,0,[0],[0],[0],2147,[],[],[],[],[],[],[]
2148,0,[0],[0],[0],2148,[],[],[],[],[],[],[]
2149,0,[0],[0],[0],2149,[],[],[],[],[],[],[]
2150,1,[2.0405 ],[9.9488 ],[3.0971 ],2150,"[(587.0000, 7.0000)]","[(427.0000, 7.0000)]",[10.612166],[10.612166],[26.827479],[10.612166],[0.000000]
2151,1,[2.0211 ],[10.1425 ],[3.0667 ],2151,"[(576.0000, 18.0000)]","[(421.0000, 11.0000)]",[3.180223],[13.966177],[18.667210],[3.180223],[21.571908]
2152,1,[1.9739 ],[10.2377 ],[3.0009 ],2152,"[(565.0000, 33.0000)]","[(413.0000, 26.0000)]",[1.163050],[18.123923],[16.256176],[1.163050],[33.921744]
2153,1,[1.9236 ],[10.3924 ],[2.8954 ],2153,"[(551.0000, 56.0000)]","[(405.0000, 52.0000)]",[0.830860],[26.666286],[15.571129],[0.830860],[51.670852]
2154,1,[1.8927 ],[10.5962 ],[2.8001 ],2154,"[(537.0000, 78.0000)]","[(399.0000, 78.0000)]",[1.572665],[26.717052],[16.069870],[1.572665],[50.288775]
2155,1,[1.8566 ],[10.7799 ],[2.6880 ],2155,"[(523.0000, 105.0000)]","[(393.0000, 108.0000)]",[0.434641],[29.457249],[14.479187],[0.434641],[58.045215]
2156,1,[1.8418 ],[11.0111 ],[2.5818 ],2156,"[(509.0000, 131.0000)]","[(390.0000, 142.0000)]",[3.974316],[34.225428],[17.966914],[3.974316],[60.502224]
2157,1,[1.8032 ],[11.1781 ],[2.4459 ],2157,"[(495.0000, 165.0000)]","[(385.0000, 180.0000)]",[2.213961],[37.823652],[15.635739],[2.213961],[71.219381]
2158,1,[1.7763 ],[11.3877 ],[2.3020 ],2158,"[(480.0000, 202.0000)]","[(382.0000, 225.0000)]",[3.501143],[43.772348],[16.560794],[3.501143],[80.542410]
2159,1,[1.7578 ],[11.5832 ],[2.1880 ],2159,"[(466.0000, 236.0000)]","[(379.0000, 262.0000)]",[0.671769],[35.659597],[13.101545],[0.671769],[69.975658]
2160,1,[1.7364 ],[11.8171 ],[2.0076 ],2160,"[(450.0000, 285.0000)]","[(379.0000, 322.0000)]",[2.579068],[55.373675],[14.557501],[2.579068],[105.589214]
2161,1,[1.7562 ],[12.0266 ],[1.9675 ],2161,"[(438.0000, 311.0000)]","[(379.0000, 345.0000)]",[4.097686],[28.586647],[7.105163],[4.097686],[48.977922]
2162,0,[0],[0],[0],2162,[],[],[],[],[],[],[]
2163,1,[1.7595 ],[11.8772 ],[1.9782 ],2163,"[(452.0000, 285.0000)]","[(385.0000, 345.0000)]",[23.651789],[23.651789],[36.728556],[23.651789],[0.000000]
2164,1,[1.7960 ],[11.6578 ],[2.1464 ],2164,"[(469.0000, 251.0000)]","[(388.0000, 273.0000)]",[4.097136],[56.090491],[7.815061],[4.097136],[103.986710]
2165,1,[1.7628 ],[11.1536 ],[2.2403 ],2165,"[(495.0000, 202.0000)]","[(390.0000, 228.0000)]",[6.506142],[54.123470],[19.788947],[6.506142],[95.234657]
2166,1,[1.8588 ],[11.1124 ],[2.4496 ],2166,"[(509.0000, 161.0000)]","[(399.0000, 176.0000)]",[3.913544],[49.389580],[17.538625],[3.913544],[90.952073]
2167,1,"[1.8623, 1.7665 ]","[10.8170, 12.2397 ]","[2.5421, 1.7745 ]",2167,"[(525.0000, 131.0000), (430.0000, 356.0000)]","[(402.0000, 146.0000), (390.0000, 423.0000)]","[7.965552, 19.107763]","[38.373561, 235.698792]","[22.278729, 31.131233]","[7.965552, 19.107763]","[60.816017, 433.182058]"
2168,1,[1.8801 ],[10.5207 ],[2.6380 ],2168,"[(542.0000, 108.0000)]","[(407.0000, 112.0000)]",[1.232307],[31.105097],[15.360558],[1.232307],[59.745580]
2169,1,[1.9479 ],[10.4649 ],[2.7462 ],2169,"[(554.0000, 86.0000)]","[(416.0000, 86.0000)]",[1.199479],[26.146839],[15.627573],[1.199479],[49.894720]
2170,1,[1.9654 ],[10.1522 ],[2.8387 ],2170,"[(570.0000, 63.0000)]","[(421.0000, 60.0000)]",[1.074047],[27.007862],[15.819446],[1.074047],[51.867630]
2171,1,[2.0198 ],[9.9752 ],[2.9276 ],2171,"[(585.0000, 45.0000)]","[(430.0000, 37.0000)]",[1.110681],[24.009092],[13.734166],[1.110681],[45.796822]
2172,1,[2.0268 ],[9.6226 ],[2.9770 ],2172,"[(599.0000, 30.0000)]","[(435.0000, 26.0000)]",[3.696014],[19.190186],[19.149856],[3.696014],[30.988342]
2173,1,[2.1003 ],[9.6870 ],[3.0472 ],2173,"[(607.0000, 18.0000)]","[(444.0000, 11.0000)]",[2.953587],[18.148114],[18.535714],[2.953587],[30.389053]
2174,1,[2.0832 ],[9.1911 ],[3.0624 ],2174,"[(621.0000, 11.0000)]","[(447.0000, 7.0000)]",[5.413041],[15.198616],[21.305479],[5.413041],[19.571150]
2175,1,[2.0992 ],[8.9660 ],[3.0671 ],2175,"[(630.0000, 7.0000)]","[(452.0000, 7.0000)]",[9.253942],[16.293905],[25.452478],[9.253942],[14.079924]
2176,0,[0],[0],[0],2176,[],[],[],[],[],[],[]
2177,0,[0],[0],[0],2177,[],[],[],[],[],[],[]
2178,0,[0],[0],[0],2178,[],[],[],[],[],[],[]
2179,0,[0],[0],[0],2179,[],[],[],[],[],[],[]
2180,0,[0],[0],[0],2180,[],[],[],[],[],[],[]
2181,1,[2.3398 ],[7.8732 ],[3.0387 ],2181,"[(686.0000, 7.0000)]","[(495.0000, 3.0000)]",[5.358993],[5.358993],[21.483614],[5.358993],[0.000000]
2182,1,[2.3637 ],[7.5713 ],[3.0015 ],2182,"[(694.0000, 11.0000)]","[(500.0000, 7.0000)]",[4.766175],[12.117276],[20.821796],[4.766175],[14.702202]
2183,1,[2.4313 ],[7.4977 ],[2.9816 ],2183,"[(703.0000, 15.0000)]","[(509.0000, 7.0000)]",[0.994624],[9.944750],[16.812460],[0.994624],[17.900253]
2184,1,[2.4370 ],[7.2093 ],[2.9314 ],2184,"[(708.0000, 22.0000)]","[(511.0000, 11.0000)]",[2.657683],[8.935153],[12.866584],[2.657683],[12.554940]
2185,1,[2.4758 ],[7.0846 ],[2.8679 ],2185,"[(714.0000, 30.0000)]","[(517.0000, 18.0000)]",[4.131641],[13.357214],[11.235153],[4.131641],[18.451147]
2186,1,[2.5251 ],[6.8292 ],[2.7796 ],2186,"[(722.0000, 37.0000)]","[(525.0000, 30.0000)]",[0.046550],[12.065962],[15.561975],[0.046550],[24.038825]
2187,1,[2.5624 ],[6.8987 ],[2.6941 ],2187,"[(725.0000, 48.0000)]","[(531.0000, 41.0000)]",[0.441527],[11.898570],[14.902859],[0.441527],[22.914087]
2188,1,[2.6007 ],[6.7018 ],[2.5856 ],2188,"[(731.0000, 60.0000)]","[(537.0000, 52.0000)]",[2.171544],[14.566384],[12.936870],[2.171544],[24.789680]
2189,1,[2.6144 ],[6.3138 ],[2.4611 ],2189,"[(736.0000, 71.0000)]","[(540.0000, 63.0000)]",[3.184993],[14.386497],[11.740659],[3.184993],[22.403007]
2190,1,[2.6674 ],[6.5034 ],[2.3801 ],2190,"[(739.0000, 78.0000)]","[(548.0000, 78.0000)]",[4.276512],[15.997192],[19.411827],[4.276512],[23.441360]
2191,1,[2.6896 ],[6.0392 ],[2.2295 ],2191,"[(745.0000, 93.0000)]","[(551.0000, 86.0000)]",[3.426840],[15.169592],[11.206904],[3.426840],[23.485503]
2192,1,[2.7007 ],[5.7073 ],[2.0639 ],2192,"[(748.0000, 105.0000)]","[(554.0000, 101.0000)]",[1.531092],[14.659558],[12.998447],[1.531092],[26.256933]
2193,1,[2.7339 ],[5.8067 ],[1.9675 ],2193,"[(750.0000, 116.0000)]","[(559.0000, 112.0000)]",[1.895613],[12.918289],[12.464593],[1.895613],[22.045353]
2194,1,[2.7763 ],[5.3494 ],[1.7310 ],2194,"[(756.0000, 131.0000)]","[(565.0000, 131.0000)]",[0.925466],[18.005010],[15.167919],[0.925466],[34.159088]
2195,1,[2.8050 ],[5.7051 ],[1.6704 ],2195,"[(756.0000, 142.0000)]","[(570.0000, 142.0000)]",[0.761492],[11.664370],[14.831608],[0.761492],[21.805755]
2196,1,[2.8267 ],[5.4470 ],[1.5124 ],2196,"[(759.0000, 153.0000)]","[(573.0000, 153.0000)]",[0.158315],[10.936147],[14.043864],[0.158315],[21.555663]
2197,1,[2.8458 ],[5.0762 ],[1.2815 ],2197,"[(762.0000, 168.0000)]","[(576.0000, 168.0000)]",[0.698567],[15.147760],[12.933821],[0.698567],[28.898387]
2198,1,[2.8847 ],[5.6850 ],[1.2865 ],2198,"[(762.0000, 180.0000)]","[(582.0000, 176.0000)]",[4.371515],[14.754850],[9.019701],[4.371515],[20.766671]
2199,1,[2.8668 ],[5.9085 ],[1.2577 ],2199,"[(759.0000, 187.0000)]","[(582.0000, 183.0000)]",[4.717361],[11.599799],[8.560889],[4.717361],[13.764875]
2200,1,[2.8048 ],[4.8207 ],[0.9433 ],2200,"[(759.0000, 191.0000)]","[(576.0000, 195.0000)]",[1.437737],[9.640509],[14.762492],[1.437737],[16.405545]
2201,1,[2.7747 ],[5.9645 ],[1.1357 ],2201,"[(750.0000, 198.0000)]","[(576.0000, 198.0000)]",[2.250392],[9.030680],[10.869762],[2.250392],[13.560575]
2202,1,[2.6945 ],[5.6387 ],[0.9797 ],2202,"[(745.0000, 202.0000)]","[(570.0000, 210.0000)]",[4.107921],[13.430939],[17.286359],[4.107921],[18.646036]
2203,1,[2.6612 ],[6.0622 ],[1.0183 ],2203,"[(739.0000, 210.0000)]","[(568.0000, 213.0000)]",[1.042937],[7.460166],[11.907611],[1.042937],[12.834457]
2204,1,[2.6386 ],[6.4135 ],[1.0032 ],2204,"[(734.0000, 217.0000)]","[(568.0000, 225.0000)]",[3.162960],[12.850494],[16.102600],[3.162960],[19.375069]
2205,1,[2.5886 ],[6.2146 ],[0.8373 ],2205,"[(731.0000, 228.0000)]","[(565.0000, 236.0000)]",[2.032595],[12.786922],[14.775935],[2.032595],[21.508653]
2206,1,[2.5375 ],[6.3774 ],[0.7407 ],2206,"[(725.0000, 243.0000)]","[(562.0000, 247.0000)]",[2.912586],[15.918258],[9.480425],[2.912586],[26.011344]
2207,1,[2.5225 ],[7.0491 ],[0.8084 ],2207,"[(717.0000, 255.0000)]","[(562.0000, 258.0000)]",[4.479369],[16.462456],[7.704172],[4.479369],[23.966175]
2208,1,[2.4633 ],[6.7930 ],[0.6207 ],2208,"[(714.0000, 262.0000)]","[(559.0000, 273.0000)]",[1.899771],[1.899771],[14.104803],[1.899771],[0.000000]
2209,1,[2.4479 ],[7.2026 ],[0.6049 ],2209,"[(708.0000, 277.0000)]","[(559.0000, 285.0000)]",[1.781805],[15.076790],[10.102574],[1.781805],[26.589969]
2210,1,[2.3796 ],[6.9172 ],[0.4576 ],2210,"[(705.0000, 281.0000)]","[(554.0000, 292.0000)]",[0.021912],[6.441557],[11.840720],[0.021912],[12.839290]
2211,1,[2.3706 ],[6.8469 ],[0.3910 ],2211,"[(705.0000, 285.0000)]","[(554.0000, 296.0000)]",[0.318448],[4.099225],[11.474588],[0.318448],[7.561554]
2212,1,[2.3667 ],[6.9884 ],[0.3999 ],2212,"[(703.0000, 288.0000)]","[(554.0000, 300.0000)]",[0.399823],[3.986402],[12.163995],[0.399823],[7.173157]
2213,1,[2.3611 ],[6.9499 ],[0.3713 ],2213,"[(703.0000, 288.0000)]","[(554.0000, 303.0000)]",[3.120468],[4.526618],[14.938950],[3.120468],[2.812299]
2214,1,[2.3586 ],[7.1781 ],[0.3832 ],2214,"[(700.0000, 296.0000)]","[(554.0000, 307.0000)]",[1.043826],[6.983158],[10.562280],[1.043826],[11.878663]
2215,1,[2.3110 ],[6.8262 ],[0.2418 ],2215,"[(700.0000, 296.0000)]","[(551.0000, 311.0000)]",[2.142645],[4.496449],[13.819485],[2.142645],[4.707608]
2216,1,[2.2722 ],[6.8129 ],[0.1527 ],2216,"[(697.0000, 307.0000)]","[(548.0000, 315.0000)]",[5.449387],[13.233696],[5.945957],[5.449387],[15.568618]
2217,1,[2.3125 ],[7.0989 ],[0.2532 ],2217,"[(697.0000, 307.0000)]","[(551.0000, 315.0000)]",[4.995540],[6.406893],[6.390699],[4.995540],[2.822706]
2218,0,[0],[0],[0],2218,[],[],[],[],[],[],[]
2219,0,[0],[0],[0],2219,[],[],[],[],[],[],[]
2220,0,[0],[0],[0],2220,[],[],[],[],[],[],[]
2221,0,[0],[0],[0],2221,[],[],[],[],[],[],[]
2222,0,[0],[0],[0],2222,[],[],[],[],[],[],[]
2223,0,[0],[0],[0],2223,[],[],[],[],[],[],[]
2224,1,[2.2409 ],[7.0420 ],[0.4078 ],2224,"[(691.0000, 288.0000)]","[(542.0000, 303.0000)]",[1.599702],[1.599702],[13.395167],[1.599702],[0.000000]
2225,0,[0],[0],[0],2225,[],[],[],[],[],[],[]
2226,0,[0],[0],[0],2226,[],[],[],[],[],[],[]
2227,0,[0],[0],[0],2227,[],[],[],[],[],[],[]
2228,0,[0],[0],[0],2228,[],[],[],[],[],[],[]
2229,0,[0],[0],[0],2229,[],[],[],[],[],[],[]
2230,0,[0],[0],[0],2230,[],[],[],[],[],[],[]
2231,0,[0],[0],[0],2231,[],[],[],[],[],[],[]
2232,1,[2.0799 ],[6.1139 ],[0.1019 ],2232,"[(689.0000, 288.0000)]","[(531.0000, 303.0000)]",[0.059817],[0.059817],[11.813509],[0.059817],[0.000000]
2233,1,[2.0906 ],[6.1895 ],[0.1445 ],2233,"[(689.0000, 288.0000)]","[(531.0000, 300.0000)]",[2.651712],[4.057999],[9.038295],[2.651712],[2.812574]
2234,1,[2.1095 ],[6.5512 ],[0.2650 ],2234,"[(686.0000, 288.0000)]","[(531.0000, 300.0000)]",[2.595236],[4.019495],[9.093865],[2.595236],[2.848519]
2235,1,[2.1095 ],[6.5512 ],[0.2650 ],2235,"[(686.0000, 288.0000)]","[(531.0000, 300.0000)]",[2.595236],[2.595236],[9.093865],[2.595236],[0.000000]
2236,1,[2.0058 ],[5.8802 ],[0.0446 ],2236,"[(686.0000, 288.0000)]","[(525.0000, 300.0000)]",[3.469751],[6.290839],[8.211068],[3.469751],[5.642177]
2237,0,[0],[0],[0],2237,[],[],[],[],[],[],[]
2238,0,[0],[0],[0],2238,[],[],[],[],[],[],[]
2239,1,[3.3362 ],[14.6015 ],[3.0329 ],2239,"[(683.0000, 288.0000)]","[(1319.0000, 63.0000)]",[114.544596],[114.544596],[102.449329],[114.544596],[0.000000]
2240,1,[2.0169 ],[6.1848 ],[0.1287 ],2240,"[(683.0000, 288.0000)]","[(525.0000, 303.0000)]",[0.690893],[402.307171],[11.041873],[0.690893],[803.232556]
2241,1,"[2.0169, 4.4719 ]","[6.1848, 13.1863 ]","[0.1287, 2.9163 ]",2241,"[(683.0000, 288.0000), (1257.0000, 123.0000)]","[(525.0000, 303.0000), (1248.0000, 60.0000)]","[0.690893, 4.483024]","[0.690893, 653.606116]","[11.041873, 19.353219]","[0.690893, 4.483024]","[0.000000, 1298.246184]"
2242,1,"[2.0169, 4.5325 ]","[6.1848, 13.0218 ]","[0.1287, 2.8955 ]",2242,"[(683.0000, 288.0000), (1251.0000, 123.0000)]","[(525.0000, 303.0000), (1223.0000, 60.0000)]","[0.690893, 1.862646]","[0.690893, 17.530244]","[11.041873, 16.879284]","[0.690893, 1.862646]","[0.000000, 31.335196]"
2243,1,"[2.0169, 4.6339 ]","[6.1848, 12.7817 ]","[0.1287, 2.8608 ]",2243,"[(683.0000, 288.0000), (1248.0000, 123.0000)]","[(525.0000, 303.0000), (1195.0000, 63.0000)]","[0.690893, 1.804325]","[0.690893, 17.573149]","[11.041873, 16.808608]","[0.690893, 1.804325]","[0.000000, 31.537649]"
2244,1,"[4.7302, 2.0041 ]","[12.5549, 6.3335 ]","[2.8203, 0.1795 ]",2244,"[(1245.0000, 127.0000), (680.0000, 288.0000)]","[(1172.0000, 67.0000), (523.0000, 303.0000)]","[0.402256, 0.923095]","[14.644817, 3.287879]","[14.633717, 10.803135]","[0.402256, 0.923095]","[28.485121, 4.729569]"
2245,1,"[9.2394, 1.9977 ]","[2.3256, 6.3069 ]","[1.2611, 0.1665 ]",2245,"[(1237.0000, 131.0000), (680.0000, 285.0000)]","[(973.0000, 97.0000), (523.0000, 307.0000)]","[0.286616, 5.713792]","[102.624015, 9.019270]","[14.545540, 17.580542]","[0.286616, 5.713792]","[204.674798, 6.610956]"
2246,1,"[1.9496, 9.8060 ]","[5.9938, 0.9106 ]","[0.0863, 0.9628 ]",2246,"[(680.0000, 285.0000), (1231.0000, 135.0000)]","[(520.0000, 303.0000), (964.0000, 105.0000)]","[1.597613, 2.900638]","[3.937109, 12.219507]","[13.439008, 17.482679]","[1.597613, 2.900638]","[4.678992, 18.637736]"
2247,1,"[1.9749, -1.6082 ]","[6.3735, 23.8234 ]","[0.2126, 4.4728 ]",2247,"[(677.0000, 285.0000), (1397.0000, 127.0000)]","[(520.0000, 303.0000), (956.0000, 105.0000)]","[1.652498, 4.471475]","[3.077093, 91.618387]","[13.497274, 19.163692]","[1.652498, 4.471475]","[2.849189, 174.293825]"
2248,1,[10.1355 ],[3.8896 ],[1.6014 ],2248,"[(1380.0000, 127.0000)]","[(1085.0000, 78.0000)]",[4.359775],[76.607673],[11.040708],[4.359775],[144.495796]
2249,1,[9.3976 ],[4.5469 ],[1.6068 ],2249,"[(1344.0000, 135.0000)]","[(1063.0000, 86.0000)]",[5.681352],[36.163451],[9.584179],[5.681352],[60.964198]
2250,1,[9.5769 ],[3.9306 ],[1.4318 ],2250,"[(1327.0000, 138.0000)]","[(1049.0000, 97.0000)]",[1.264737],[18.727702],[15.955996],[1.264737],[34.925932]
2251,1,[10.0121 ],[2.6896 ],[1.1649 ],2251,"[(1307.0000, 142.0000)]","[(1029.0000, 105.0000)]",[3.394774],[24.077190],[17.844734],[3.394774],[41.364831]
2252,1,[9.7830 ],[2.7071 ],[1.1016 ],2252,"[(1288.0000, 150.0000)]","[(1015.0000, 108.0000)]",[2.367835],[19.561716],[12.262382],[2.367835],[34.387761]
2253,1,[9.6088 ],[2.5133 ],[0.9993 ],2253,"[(1265.0000, 153.0000)]","[(998.0000, 116.0000)]",[1.130612],[21.588424],[15.467143],[1.130612],[40.915625]
2254,1,[9.2974 ],[2.7619 ],[0.9716 ],2254,"[(1248.0000, 157.0000)]","[(987.0000, 123.0000)]",[3.376423],[18.190152],[17.493369],[3.376423],[29.627458]
2255,1,[9.4639 ],[1.9283 ],[0.6964 ],2255,"[(1229.0000, 168.0000)]","[(970.0000, 131.0000)]",[0.630894],[20.332669],[13.472125],[0.630894],[39.403551]
2256,1,[1.8589 ],[6.0502 ],[0.1271 ],2256,"[(672.0000, 285.0000)]","[(511.0000, 300.0000)]",[2.238081],[501.753061],[9.496404],[2.238081],[999.029961]
2257,1,[1.8589 ],[6.0502 ],[0.1271 ],2257,"[(672.0000, 285.0000)]","[(511.0000, 300.0000)]",[2.238081],[2.238081],[9.496404],[2.238081],[0.000000]
2258,1,[1.8182 ],[5.8071 ],[0.0734 ],2258,"[(672.0000, 281.0000)]","[(509.0000, 300.0000)]",[1.421337],[4.268163],[13.320468],[1.421337],[5.693651]
2259,1,[1.8182 ],[5.8071 ],[0.0734 ],2259,"[(672.0000, 281.0000)]","[(509.0000, 300.0000)]",[1.421337],[1.421337],[13.320468],[1.421337],[0.000000]
2260,1,[1.8182 ],[5.8071 ],[0.0734 ],2260,"[(672.0000, 281.0000)]","[(509.0000, 300.0000)]",[1.421337],[1.421337],[13.320468],[1.421337],[0.000000]
2261,1,[1.8495 ],[6.2024 ],[0.2028 ],2261,"[(669.0000, 281.0000)]","[(509.0000, 300.0000)]",[1.480014],[2.904852],[13.382466],[1.480014],[2.849677]
2262,1,[1.8495 ],[6.2024 ],[0.2028 ],2262,"[(669.0000, 281.0000)]","[(509.0000, 300.0000)]",[1.480014],[1.480014],[13.382466],[1.480014],[0.000000]
2263,1,"[1.8196, 9.6889 ]","[6.2408, 2.1484 ]","[0.2169, 1.3466 ]",2263,"[(666.0000, 281.0000), (1268.0000, 120.0000)]","[(506.0000, 300.0000), (995.0000, 90.0000)]","[1.112000, 4.860431]","[3.946910, 548.975191]","[13.004228, 19.660652]","[1.112000, 4.860431]","[5.669818, 1088.229520]"
2264,1,"[4.5596, 1.8196, 9.5736 ]","[4.5934, 6.2408, 2.7691 ]","[1.6906, 0.2169, 1.5355 ]",2264,"[(908.0000, 123.0000), (666.0000, 281.0000), (1285.0000, 116.0000)]","[(708.0000, 112.0000), (506.0000, 300.0000), (1009.0000, 78.0000)]","[1.066851, 1.112000, 2.125735]","[267.164587, 1.112000, 19.735105]","[15.665524, 13.004228, 13.174266]","[1.066851, 1.112000, 2.125735]","[532.195472, 0.000000, 35.218739]"
2265,1,[1.8196 ],[6.2408 ],[0.2169 ],2265,"[(666.0000, 281.0000)]","[(506.0000, 300.0000)]",[1.112000],[1.112000],[13.004228],[1.112000],[0.000000]
2266,1,"[1.7748, 9.9758 ]","[5.9941, 2.9428 ]","[0.1609, 1.9039 ]",2266,"[(666.0000, 281.0000), (1335.0000, 90.0000)]","[(503.0000, 296.0000), (1043.0000, 48.0000)]","[2.913765, 5.602402]","[5.253236, 618.847720]","[8.863010, 10.548040]","[2.913765, 5.602402]","[4.678943, 1226.490637]"
2267,1,"[8.9986, 1.7093 ]","[5.0288, 5.6328 ]","[2.2357, 0.0452 ]",2267,"[(1350.0000, 78.0000), (666.0000, 281.0000)]","[(1065.0000, 37.0000), (500.0000, 296.0000)]","[3.345938, 3.351100]","[25.470889, 4.760941]","[12.945806, 8.422739]","[3.345938, 3.351100]","[44.249902, 2.819684]"
2268,1,"[9.0730, 1.7328 ]","[5.3711, 5.9708 ]","[2.3181, 0.1569 ]",2268,"[(1378.0000, 71.0000), (663.0000, 277.0000)]","[(1088.0000, 33.0000), (500.0000, 300.0000)]","[1.173916, 4.311832]","[27.763373, 8.571979]","[17.365879, 16.320170]","[1.173916, 4.311832]","[53.178914, 8.520295]"
2269,1,"[1.7446, 8.8931 ]","[6.0246, 5.9378 ]","[0.1971, 2.4696 ]",2269,"[(663.0000, 277.0000), (1397.0000, 60.0000)]","[(500.0000, 296.0000), (1105.0000, 22.0000)]","[0.680438, 1.582929]","[2.555751, 23.592700]","[12.618903, 18.020557]","[0.680438, 1.582929]","[3.750627, 44.019541]"
2270,1,"[1.6774, 10.0882 ]","[5.6595, 4.2986 ]","[0.0813, 2.4688 ]",2270,"[(663.0000, 277.0000), (1425.0000, 48.0000)]","[(497.0000, 296.0000), (1113.0000, 11.0000)]","[0.255687, 1.577125]","[1.665452, 25.195073]","[12.179223, 18.325754]","[0.255687, 1.577125]","[2.819531, 47.235895]"
2271,1,[1.7265 ],[5.9338 ],[0.1196 ],2271,"[(663.0000, 281.0000)]","[(500.0000, 300.0000)]",[0.319357],[4.565488],[12.185762],[0.319357],[8.492262]
2272,1,[1.6766 ],[5.8638 ],[0.1734 ],2272,"[(660.0000, 273.0000)]","[(495.0000, 296.0000)]",[4.025073],[11.098414],[16.093934],[4.025073],[14.146682]
2273,1,[3.0015 ],[17.8137 ],[3.7850 ],2273,"[(900.0000, 120.0000)]","[(497.0000, 300.0000)]",[183.171726],[319.371934],[163.885474],[183.171726],[272.400416]
2274,1,[3.0002 ],[17.8753 ],[3.7932 ],2274,"[(900.0000, 120.0000)]","[(497.0000, 296.0000)]",[177.281993],[179.157367],[160.179154],[177.281993],[3.750749]
2275,0,[0],[0],[0],2275,[],[],[],[],[],[],[]
2276,0,[0],[0],[0],2276,[],[],[],[],[],[],[]
2277,0,[0],[0],[0],2277,[],[],[],[],[],[],[]
2278,0,[0],[0],[0],2278,[],[],[],[],[],[],[]
2279,0,[0],[0],[0],2279,[],[],[],[],[],[],[]
2280,0,[0],[0],[0],2280,[],[],[],[],[],[],[]
2281,0,[0],[0],[0],2281,[],[],[],[],[],[],[]
2282,0,[0],[0],[0],2282,[],[],[],[],[],[],[]
2283,0,[0],[0],[0],2283,[],[],[],[],[],[],[]
2284,0,[0],[0],[0],2284,[],[],[],[],[],[],[]
2285,0,[0],[0],[0],2285,[],[],[],[],[],[],[]
2286,0,[0],[0],[0],2286,[],[],[],[],[],[],[]
2287,0,[0],[0],[0],2287,[],[],[],[],[],[],[]
2288,1,[2.1667 ],[7.0679 ],[1.1712 ],2288,"[(683.0000, 217.0000)]","[(520.0000, 228.0000)]",[1.199926],[1.199926],[14.067064],[1.199926],[0.000000]
2289,1,[2.2565 ],[7.1038 ],[1.2289 ],2289,"[(691.0000, 213.0000)]","[(528.0000, 221.0000)]",[0.337040],[9.571725],[12.541999],[0.337040],[18.469369]
2290,1,[2.3558 ],[7.3679 ],[1.3206 ],2290,"[(697.0000, 210.0000)]","[(537.0000, 217.0000)]",[0.029726],[7.839171],[12.974205],[0.029726],[15.618890]
2291,1,[2.4284 ],[7.3065 ],[1.3028 ],2291,"[(705.0000, 210.0000)]","[(545.0000, 217.0000)]",[0.798772],[8.352299],[13.776587],[0.798772],[15.107055]
2292,1,[2.5376 ],[7.4695 ],[1.3544 ],2292,"[(714.0000, 210.0000)]","[(556.0000, 213.0000)]",[1.645597],[11.419853],[11.264492],[1.645597],[19.548511]
2293,1,[2.6472 ],[7.4791 ],[1.3517 ],2293,"[(725.0000, 210.0000)]","[(568.0000, 213.0000)]",[0.444641],[11.298847],[12.514243],[0.444641],[21.708412]
2294,1,[2.7609 ],[8.0472 ],[1.4800 ],2294,"[(731.0000, 210.0000)]","[(582.0000, 213.0000)]",[1.253992],[10.681977],[14.269954],[1.253992],[18.855970]
2295,1,[2.8307 ],[8.0153 ],[1.4563 ],2295,"[(739.0000, 213.0000)]","[(590.0000, 213.0000)]",[0.889554],[8.710176],[12.028896],[0.889554],[15.641246]
2296,1,[2.8695 ],[7.4197 ],[1.2583 ],2296,"[(748.0000, 217.0000)]","[(593.0000, 221.0000)]",[2.494552],[11.169916],[15.434378],[2.494552],[17.350727]
2297,1,[2.9738 ],[7.7741 ],[1.2727 ],2297,"[(756.0000, 225.0000)]","[(607.0000, 228.0000)]",[2.720511],[15.453389],[15.540172],[2.720511],[25.465757]
2298,1,[3.0763 ],[8.0657 ],[1.2936 ],2298,"[(765.0000, 232.0000)]","[(621.0000, 232.0000)]",[1.217294],[13.486098],[13.901336],[1.217294],[24.537608]
2299,1,[3.1743 ],[8.5659 ],[1.3408 ],2299,"[(773.0000, 243.0000)]","[(638.0000, 240.0000)]",[0.009759],[15.314726],[12.501295],[0.009759],[30.609934]
2300,1,[3.2497 ],[8.6466 ],[1.2522 ],2300,"[(781.0000, 258.0000)]","[(649.0000, 251.0000)]",[3.093217],[18.486818],[9.121774],[3.093217],[30.787201]
2301,1,[3.3101 ],[8.8344 ],[1.2260 ],2301,"[(787.0000, 266.0000)]","[(660.0000, 262.0000)]",[0.701437],[12.761412],[12.830394],[0.701437],[24.119949]
2302,1,[3.4594 ],[9.0550 ],[1.1487 ],2302,"[(804.0000, 285.0000)]","[(683.0000, 277.0000)]",[0.764469],[25.813787],[11.039207],[0.764469],[50.098636]
2303,1,[3.5261 ],[9.4538 ],[1.1886 ],2303,"[(812.0000, 296.0000)]","[(700.0000, 288.0000)]",[1.243268],[17.250528],[12.869230],[1.243268],[32.014520]
2304,1,[3.5563 ],[9.7040 ],[1.1128 ],2304,"[(815.0000, 315.0000)]","[(711.0000, 311.0000)]",[6.026173],[6.026173],[17.304582],[6.026173],[0.000000]
2305,1,[3.6499 ],[9.6127 ],[0.9301 ],2305,"[(826.0000, 333.0000)]","[(722.0000, 330.0000)]",[8.184436],[28.560553],[19.084483],[8.184436],[40.752233]
2306,1,[3.7143 ],[10.0196 ],[0.9291 ],2306,"[(835.0000, 356.0000)]","[(742.0000, 348.0000)]",[6.235644],[30.705007],[16.745038],[6.235644],[48.938727]
2307,1,[3.8036 ],[10.0720 ],[0.7885 ],2307,"[(846.0000, 378.0000)]","[(756.0000, 367.0000)]",[5.529158],[28.389151],[15.630700],[5.529158],[45.719986]
2308,1,[3.9120 ],[9.9703 ],[0.5220 ],2308,"[(857.0000, 408.0000)]","[(767.0000, 390.0000)]",[0.871819],[28.148274],[10.495859],[0.871819],[54.552911]
2309,1,[3.9520 ],[10.4700 ],[0.5567 ],2309,"[(866.0000, 435.0000)]","[(790.0000, 416.0000)]",[4.140698],[34.132455],[13.185799],[4.140698],[59.983513]
2310,1,[4.0858 ],[10.1503 ],[0.1767 ],2310,"[(877.0000, 461.0000)]","[(795.0000, 438.0000)]",[1.992361],[26.118152],[10.591608],[1.992361],[48.251581]
2311,1,[4.1227 ],[10.4303 ],[0.0776 ],2311,"[(883.0000, 491.0000)]","[(810.0000, 468.0000)]",[5.582832],[36.056620],[13.492276],[5.582832],[60.947576]
2312,1,[4.1651 ],[10.6481 ],[0.0787 ],2312,"[(891.0000, 510.0000)]","[(824.0000, 480.0000)]",[2.239774],[20.805062],[9.888236],[2.239774],[37.130576]
2313,1,[4.1938 ],[10.6673 ],[0.1578 ],2313,"[(897.0000, 502.0000)]","[(829.0000, 472.0000)]",[3.037520],[12.243003],[10.794360],[3.037520],[18.410966]
2314,1,[4.1854 ],[10.9193 ],[0.3326 ],2314,"[(902.0000, 502.0000)]","[(840.0000, 468.0000)]",[1.256038],[9.138589],[9.063726],[1.256038],[15.765103]
2315,1,[4.2635 ],[10.8777 ],[0.3312 ],2315,"[(914.0000, 498.0000)]","[(849.0000, 465.0000)]",[4.087005],[14.522199],[11.838748],[4.087005],[20.870389]
2316,1,[4.2514 ],[11.1087 ],[0.4900 ],2316,"[(919.0000, 498.0000)]","[(860.0000, 461.0000)]",[2.291202],[10.167893],[10.099760],[2.291202],[15.753383]
2317,1,[4.2774 ],[11.2324 ],[0.5947 ],2317,"[(928.0000, 498.0000)]","[(871.0000, 453.0000)]",[3.207212],[13.848966],[4.797705],[3.207212],[21.283508]
2318,1,[4.4029 ],[11.0278 ],[0.4494 ],2318,"[(942.0000, 498.0000)]","[(877.0000, 457.0000)]",[2.264424],[12.243410],[10.025688],[2.264424],[19.957972]
2319,1,[4.3966 ],[11.1387 ],[0.5174 ],2319,"[(945.0000, 498.0000)]","[(883.0000, 457.0000)]",[3.408495],[7.650198],[11.114033],[3.408495],[8.483405]
2320,1,[4.3928 ],[11.3249 ],[0.5631 ],2320,"[(950.0000, 506.0000)]","[(894.0000, 468.0000)]",[8.894095],[20.732637],[16.168728],[8.894095],[23.677085]
2321,1,[4.5544 ],[10.8783 ],[0.2596 ],2321,"[(959.0000, 510.0000)]","[(888.0000, 468.0000)]",[4.603959],[12.072653],[11.990919],[4.603959],[14.937388]
2322,1,[4.4809 ],[11.4587 ],[0.5910 ],2322,"[(970.0000, 517.0000)]","[(916.0000, 472.0000)]",[7.444349],[26.952500],[14.517497],[7.444349],[39.016303]
2323,1,[4.4878 ],[11.5760 ],[0.6144 ],2323,"[(975.0000, 528.0000)]","[(925.0000, 476.0000)]",[3.145575],[13.552029],[10.211797],[3.145575],[20.812908]
2324,1,[4.5100 ],[11.6430 ],[0.6057 ],2324,"[(981.0000, 536.0000)]","[(933.0000, 483.0000)]",[4.436518],[14.202166],[11.264152],[4.436518],[19.531296]
2325,1,[4.5716 ],[11.6989 ],[0.5336 ],2325,"[(992.0000, 555.0000)]","[(945.0000, 495.0000)]",[1.724813],[20.174230],[8.300447],[1.724813],[36.898834]
2326,1,[4.6075 ],[11.7546 ],[0.4553 ],2326,"[(998.0000, 573.0000)]","[(953.0000, 510.0000)]",[2.034682],[19.101502],[8.226843],[2.034682],[34.133639]
2327,1,[4.6165 ],[11.8847 ],[0.4343 ],2327,"[(1004.0000, 588.0000)]","[(964.0000, 528.0000)]",[8.667831],[26.317542],[14.136128],[8.667831],[35.299422]
2328,1,[4.6252 ],[11.9857 ],[0.4316 ],2328,"[(1009.0000, 603.0000)]","[(973.0000, 536.0000)]",[5.066586],[18.283763],[10.449691],[5.066586],[26.434354]
2329,1,[4.6560 ],[12.0246 ],[0.3124 ],2329,"[(1012.0000, 626.0000)]","[(978.0000, 555.0000)]",[4.468177],[24.808869],[9.421245],[4.468177],[40.681384]
2330,1,[4.6892 ],[12.1319 ],[0.2438 ],2330,"[(1020.0000, 652.0000)]","[(990.0000, 573.0000)]",[1.993828],[25.167746],[6.569279],[1.993828],[46.347836]
2331,1,[4.7011 ],[12.2334 ],[0.1552 ],2331,"[(1023.0000, 678.0000)]","[(998.0000, 596.0000)]",[3.566477],[27.552689],[7.503698],[3.566477],[47.972424]
2332,1,[4.7496 ],[12.2877 ],[0.0105 ],2332,"[(1029.0000, 708.0000)]","[(1006.0000, 618.0000)]",[1.046177],[26.698388],[4.545961],[1.046177],[51.304422]
2333,1,[4.7890 ],[12.3374 ],[-0.0444 ],2333,"[(1037.0000, 723.0000)]","[(1015.0000, 630.0000)]",[2.273448],[17.447512],[5.357170],[2.273448],[30.348128]
2334,1,[4.7269 ],[12.5822 ],[0.1960 ],2334,"[(1046.0000, 727.0000)]","[(1035.0000, 630.0000)]",[3.340568],[17.426630],[6.227359],[3.340568],[28.172124]
2335,1,[4.7511 ],[12.6152 ],[0.2156 ],2335,"[(1054.0000, 731.0000)]","[(1043.0000, 630.0000)]",[2.092024],[10.094140],[4.970520],[2.092024],[16.004233]
2336,1,"[4.8281, 9.5251 ]","[12.6358, 5.7504 ]","[0.1857, 1.5797 ]",2336,"[(1071.0000, 742.0000), (1417.0000, 153.0000)]","[(1057.0000, 633.0000), (1127.0000, 105.0000)]","[0.245614, 5.072211]","[16.604412, 586.413276]","[2.550839, 19.210065]","[0.245614, 5.072211]","[32.717597, 1162.682129]"
2337,1,"[9.9704, 4.8345 ]","[4.6688, 12.7291 ]","[1.4435, 0.2561 ]",2337,"[(1397.0000, 150.0000), (1082.0000, 746.0000)]","[(1105.0000, 101.0000), (1071.0000, 637.0000)]","[0.850745, 4.023227]","[22.065014, 16.445008]","[15.387973, 6.346863]","[0.850745, 4.023227]","[42.428539, 24.843562]"
2338,1,"[4.8626, 8.8684 ]","[12.8097, 5.7694 ]","[0.2633, 1.6259 ]",2338,"[(1094.0000, 761.0000), (1352.0000, 146.0000)]","[(1085.0000, 645.0000), (1080.0000, 105.0000)]","[2.914038, 5.929471]","[19.730387, 41.267767]","[4.984668, 20.129788]","[2.914038, 5.929471]","[33.632698, 70.676592]"
2339,1,[4.8690 ],[12.8994 ],[0.3141 ],2339,"[(1105.0000, 768.0000)]","[(1099.0000, 652.0000)]",[7.750201],[21.385640],[9.198488],[7.750201],[27.270879]
2340,1,"[4.9263, 10.1671 ]","[12.9177, 2.3376 ]","[0.2561, 1.1097 ]",2340,"[(1116.0000, 787.0000), (1305.0000, 142.0000)]","[(1108.0000, 656.0000), (1026.0000, 105.0000)]","[1.812325, 3.018977]","[17.053715, 577.854508]","[0.084997, 17.491928]","[1.812325, 3.018977]","[30.482780, 1149.671061]"
2341,1,[10.0893 ],[1.7780 ],[1.0569 ],2341,"[(1279.0000, 138.0000)]","[(1004.0000, 105.0000)]",[4.281773],[27.702584],[18.746524],[4.281773],[46.841622]
2342,1,[9.1692 ],[2.9303 ],[1.2742 ],2342,"[(1251.0000, 138.0000)]","[(987.0000, 101.0000)]",[1.233986],[23.229428],[13.525354],[1.233986],[43.990884]
2343,1,[9.4294 ],[1.8792 ],[1.0897 ],2343,"[(1234.0000, 138.0000)]","[(970.0000, 105.0000)]",[0.901930],[17.509514],[15.529198],[0.901930],[33.215169]
2344,1,[9.7955 ],[0.2850 ],[0.8535 ],2344,"[(1212.0000, 138.0000)]","[(947.0000, 105.0000)]",[1.587076],[23.148175],[13.136585],[1.587076],[43.122197]
2345,1,[9.0658 ],[1.1539 ],[0.9756 ],2345,"[(1186.0000, 138.0000)]","[(930.0000, 108.0000)]",[0.050878],[20.753787],[14.576296],[0.050878],[41.405817]
2346,1,[9.6009 ],[-0.6374 ],[0.6690 ],2346,"[(1175.0000, 138.0000)]","[(916.0000, 112.0000)]",[2.292348],[14.477102],[16.809535],[2.292348],[24.369508]
2347,1,[8.5117 ],[1.4073 ],[0.9721 ],2347,"[(1153.0000, 142.0000)]","[(905.0000, 112.0000)]",[2.045857],[17.951522],[12.548474],[2.045857],[31.811329]
2348,1,[8.3593 ],[1.2981 ],[0.9308 ],2348,"[(1139.0000, 142.0000)]","[(894.0000, 116.0000)]",[0.862819],[13.075769],[15.335205],[0.862819],[24.425900]
2349,1,[8.7812 ],[-0.5437 ],[0.5846 ],2349,"[(1125.0000, 142.0000)]","[(877.0000, 123.0000)]",[5.793462],[21.153303],[20.085955],[5.793462],[30.719681]
2350,1,"[8.5482, 4.9905 ]","[-0.6401, 13.3267 ]","[0.5142, 0.4978 ]",2350,"[(1108.0000, 150.0000), (1186.0000, 836.0000)]","[(863.0000, 123.0000), (1189.0000, 682.0000)]","[2.875235, 6.167719]","[18.423386, 641.314658]","[11.532912, 6.004341]","[2.875235, 6.167719]","[31.096301, 1270.293878]"
2351,1,"[8.8936, 4.9261 ]","[-2.3830, 13.4210 ]","[0.1668, 0.6066 ]",2351,"[(1096.0000, 153.0000), (1186.0000, 840.0000)]","[(849.0000, 127.0000), (1198.0000, 682.0000)]","[3.295417, 4.591571]","[16.036025, 10.878122]","[11.049896, 4.506972]","[3.295417, 4.591571]","[25.481217, 12.573104]"
2352,1,[8.2725 ],[-0.9887 ],[0.2438 ],2352,"[(1082.0000, 161.0000)]","[(843.0000, 138.0000)]",[0.404712],[13.957014],[13.696122],[0.404712],[27.104604]
2353,1,[8.2725 ],[-0.9887 ],[0.2438 ],2353,"[(1082.0000, 161.0000)]","[(843.0000, 138.0000)]",[0.404712],[0.404712],[13.696122],[0.404712],[0.000000]
2354,1,[8.6070 ],[-1.9444 ],[0.0705 ],2354,"[(1085.0000, 161.0000)]","[(843.0000, 138.0000)]",[0.539470],[1.954082],[13.566492],[0.539470],[2.829224]
2355,1,[8.2725 ],[-0.9887 ],[0.2438 ],2355,"[(1082.0000, 161.0000)]","[(843.0000, 138.0000)]",[0.404712],[1.819324],[13.696122],[0.404712],[2.829224]
2356,1,[7.6992 ],[0.9831 ],[0.5671 ],2356,"[(1082.0000, 165.0000)]","[(849.0000, 138.0000)]",[3.234905],[7.973307],[10.876637],[3.234905],[9.476803]
2357,0,[0],[0],[0],2357,[],[],[],[],[],[],[]
2358,0,[0],[0],[0],2358,[],[],[],[],[],[],[]
2359,1,[7.3203 ],[2.4234 ],[0.8062 ],2359,"[(1085.0000, 168.0000)]","[(857.0000, 138.0000)]",[4.989037],[4.989037],[9.141529],[4.989037],[0.000000]
2360,1,"[4.9551, 7.3531 ]","[13.6593, 2.2143 ]","[0.7337, 0.7306 ]",2360,"[(1234.0000, 888.0000), (1082.0000, 165.0000)]","[(1254.0000, 697.0000), (855.0000, 146.0000)]","[3.914997, 5.332894]","[681.204134, 11.231978]","[4.230176, 19.179064]","[3.914997, 5.332894]","[1354.578274, 11.798167]"
2361,1,"[4.9232, 7.6226 ]","[13.7071, 1.4867 ]","[0.7992, 0.5406 ]",2361,"[(1237.0000, 888.0000), (1085.0000, 168.0000)]","[(1262.0000, 697.0000), (855.0000, 150.0000)]","[1.826679, 6.263520]","[7.239060, 10.157064]","[2.399184, 20.019727]","[1.826679, 6.263520]","[10.824762, 7.787088]"
2362,1,"[4.8939, 7.6739 ]","[13.7653, 1.3494 ]","[0.8466, 0.4844 ]",2362,"[(1240.0000, 896.0000), (1085.0000, 172.0000)]","[(1271.0000, 701.0000), (855.0000, 150.0000)]","[2.132522, 2.540533]","[11.312881, 4.445936]","[2.853668, 16.352711]","[2.132522, 2.540533]","[18.360718, 3.810806]"
2363,1,"[7.9931, 4.8580 ]","[0.4864, 13.8330 ]","[0.2600, 0.8699 ]",2363,"[(1088.0000, 176.0000), (1240.0000, 907.0000)]","[(855.0000, 153.0000), (1279.0000, 716.0000)]","[1.593448, 6.216458]","[5.378050, 19.943193]","[15.359121, 4.244223]","[1.593448, 6.216458]","[7.569204, 27.453471]"
2364,1,[8.3084 ],[-0.3704 ],[0.0548 ],2364,"[(1091.0000, 176.0000)]","[(855.0000, 157.0000)]",[5.310184],[8.606230],[18.958319],[5.310184],[6.592092]
2365,1,[3.3454 ],[14.9673 ],[2.9569 ],2365,"[(1091.0000, 180.0000)]","[(1288.0000, 735.0000)]",[1247.875365],[1592.542448],[618.811472],[1247.875365],[689.334165]
2366,0,[0],[0],[0],2366,[],[],[],[],[],[],[]
2367,0,[0],[0],[0],2367,[],[],[],[],[],[],[]
2368,0,[0],[0],[0],2368,[],[],[],[],[],[],[]
2369,0,[0],[0],[0],2369,[],[],[],[],[],[],[]
2370,0,[0],[0],[0],2370,[],[],[],[],[],[],[]
2371,0,[0],[0],[0],2371,[],[],[],[],[],[],[]
2372,0,[0],[0],[0],2372,[],[],[],[],[],[],[]
2373,0,[0],[0],[0],2373,[],[],[],[],[],[],[]
2374,0,[0],[0],[0],2374,[],[],[],[],[],[],[]
2375,0,[0],[0],[0],2375,[],[],[],[],[],[],[]
2376,0,[0],[0],[0],2376,[],[],[],[],[],[],[]
2377,0,[0],[0],[0],2377,[],[],[],[],[],[],[]
2378,0,[0],[0],[0],2378,[],[],[],[],[],[],[]
2379,0,[0],[0],[0],2379,[],[],[],[],[],[],[]
2380,0,[0],[0],[0],2380,[],[],[],[],[],[],[]
2381,0,[0],[0],[0],2381,[],[],[],[],[],[],[]
2382,0,[0],[0],[0],2382,[],[],[],[],[],[],[]
2383,0,[0],[0],[0],2383,[],[],[],[],[],[],[]
2384,1,[3.4437 ],[14.9374 ],[2.8982 ],2384,"[(1116.0000, 228.0000)]","[(1431.0000, 738.0000)]",[974.374251],[974.374251],[605.049533],[974.374251],[0.000000]
2385,0,[0],[0],[0],2385,[],[],[],[],[],[],[]
2386,0,[0],[0],[0],2386,[],[],[],[],[],[],[]
2387,0,[0],[0],[0],2387,[],[],[],[],[],[],[]
2388,0,[0],[0],[0],2388,[],[],[],[],[],[],[]
2389,0,[0],[0],[0],2389,[],[],[],[],[],[],[]
2390,0,[0],[0],[0],2390,[],[],[],[],[],[],[]
2391,0,[0],[0],[0],2391,[],[],[],[],[],[],[]
2392,0,[0],[0],[0],2392,[],[],[],[],[],[],[]
2393,0,[0],[0],[0],2393,[],[],[],[],[],[],[]
2394,0,[0],[0],[0],2394,[],[],[],[],[],[],[]
2395,0,[0],[0],[0],2395,[],[],[],[],[],[],[]
2396,0,[0],[0],[0],2396,[],[],[],[],[],[],[]
2397,0,[0],[0],[0],2397,[],[],[],[],[],[],[]
2398,0,[0],[0],[0],2398,[],[],[],[],[],[],[]
2399,0,[0],[0],[0],2399,[],[],[],[],[],[],[]
2400,1,[3.3984 ],[15.0077 ],[2.9033 ],2400,"[(1153.0000, 273.0000)]","[(1392.0000, 821.0000)]",[1202.714312],[1202.714312],[638.033060],[1202.714312],[0.000000]
2401,1,[3.3984 ],[15.0077 ],[2.9033 ],2401,"[(1153.0000, 273.0000)]","[(1392.0000, 821.0000)]",[1202.714312],[1202.714312],[638.033060],[1202.714312],[0.000000]
2402,1,[7.1950 ],[6.1367 ],[0.3876 ],2402,"[(1155.0000, 273.0000)]","[(950.0000, 232.0000)]",[2.104975],[358.269764],[13.975662],[2.104975],[712.329578]
2403,1,[7.1950 ],[6.1367 ],[0.3876 ],2403,"[(1155.0000, 273.0000)]","[(950.0000, 232.0000)]",[2.104975],[2.104975],[13.975662],[2.104975],[0.000000]
2404,0,[0],[0],[0],2404,[],[],[],[],[],[],[]
2405,0,[0],[0],[0],2405,[],[],[],[],[],[],[]
2406,0,[0],[0],[0],2406,[],[],[],[],[],[],[]
2407,0,[0],[0],[0],2407,[],[],[],[],[],[],[]
2408,0,[0],[0],[0],2408,[],[],[],[],[],[],[]
2409,0,[0],[0],[0],2409,[],[],[],[],[],[],[]
2410,0,[0],[0],[0],2410,[],[],[],[],[],[],[]
2411,0,[0],[0],[0],2411,[],[],[],[],[],[],[]
2412,0,[0],[0],[0],2412,[],[],[],[],[],[],[]
2413,0,[0],[0],[0],2413,[],[],[],[],[],[],[]
2414,0,[0],[0],[0],2414,[],[],[],[],[],[],[]
2415,0,[0],[0],[0],2415,[],[],[],[],[],[],[]
2416,1,[7.1098 ],[8.0130 ],[0.4679 ],2416,"[(1220.0000, 330.0000)]","[(1023.0000, 273.0000)]",[2.656556],[2.656556],[13.315594],[2.656556],[0.000000]
2417,0,[0],[0],[0],2417,[],[],[],[],[],[],[]
2418,1,[6.9713 ],[8.2798 ],[0.5837 ],2418,"[(1220.0000, 326.0000)]","[(1026.0000, 273.0000)]",[6.736632],[6.736632],[17.177047],[6.736632],[0.000000]
2419,1,[7.0945 ],[8.1424 ],[0.5135 ],2419,"[(1226.0000, 330.0000)]","[(1029.0000, 273.0000)]",[3.639344],[8.493782],[14.223504],[3.639344],[9.708876]
2420,1,[7.2412 ],[7.9203 ],[0.3958 ],2420,"[(1229.0000, 333.0000)]","[(1029.0000, 277.0000)]",[4.970269],[8.873880],[15.390359],[4.970269],[7.807223]
2421,1,[7.2044 ],[8.0398 ],[0.4208 ],2421,"[(1231.0000, 337.0000)]","[(1032.0000, 277.0000)]",[1.894461],[5.445092],[12.457111],[1.894461],[7.101262]
2422,1,[7.3628 ],[7.8036 ],[0.2904 ],2422,"[(1234.0000, 341.0000)]","[(1032.0000, 281.0000)]",[2.342651],[6.607646],[12.788965],[2.342651],[8.529990]
2423,1,[7.3854 ],[7.8348 ],[0.2600 ],2423,"[(1237.0000, 345.0000)]","[(1035.0000, 285.0000)]",[3.295554],[8.034339],[13.587255],[3.295554],[9.477569]
2424,1,[7.6610 ],[7.5101 ],[0.0990 ],2424,"[(1248.0000, 348.0000)]","[(1040.0000, 288.0000)]",[4.516082],[12.722242],[14.639901],[4.516082],[16.412320]
2425,1,[7.6605 ],[7.5754 ],[0.1032 ],2425,"[(1251.0000, 352.0000)]","[(1043.0000, 288.0000)]",[1.472158],[5.278775],[11.745736],[1.472158],[7.613233]
2426,1,[7.6671 ],[7.6866 ],[0.1023 ],2426,"[(1257.0000, 356.0000)]","[(1049.0000, 292.0000)]",[2.979368],[9.834546],[13.050459],[2.979368],[13.710357]
2427,1,[7.6865 ],[7.7664 ],[0.0750 ],2427,"[(1262.0000, 363.0000)]","[(1054.0000, 296.0000)]",[1.675476],[8.806254],[11.700701],[1.675476],[14.261557]
2428,1,[7.4090 ],[8.2786 ],[0.2617 ],2428,"[(1262.0000, 363.0000)]","[(1060.0000, 300.0000)]",[6.728584],[10.135913],[16.339120],[6.728584],[6.814658]
2429,1,[7.4417 ],[8.2989 ],[0.2156 ],2429,"[(1265.0000, 371.0000)]","[(1063.0000, 303.0000)]",[3.191092],[9.269329],[12.928970],[3.191092],[12.156474]
2430,0,[0],[0],[0],2430,[],[],[],[],[],[],[]
2431,0,[0],[0],[0],2431,[],[],[],[],[],[],[]
2432,1,[7.6181 ],[8.3941 ],[0.1145 ],2432,"[(1288.0000, 386.0000)]","[(1082.0000, 315.0000)]",[5.580029],[5.580029],[14.772496],[5.580029],[0.000000]
2433,1,[7.4793 ],[8.6343 ],[0.2039 ],2433,"[(1288.0000, 386.0000)]","[(1085.0000, 318.0000)]",[9.172025],[11.175291],[18.024120],[9.172025],[4.006531]
2434,1,[7.5512 ],[8.6318 ],[0.1821 ],2434,"[(1296.0000, 390.0000)]","[(1091.0000, 318.0000)]",[6.753232],[13.921736],[15.741516],[6.753232],[14.337007]
2435,0,[0],[0],[0],2435,[],[],[],[],[],[],[]
2436,0,[0],[0],[0],2436,[],[],[],[],[],[],[]
2437,0,[0],[0],[0],2437,[],[],[],[],[],[],[]
2438,0,[0],[0],[0],2438,[],[],[],[],[],[],[]
2439,0,[0],[0],[0],2439,[],[],[],[],[],[],[]
2440,0,[0],[0],[0],2440,[],[],[],[],[],[],[]
2441,0,[0],[0],[0],2441,[],[],[],[],[],[],[]
2442,0,[0],[0],[0],2442,[],[],[],[],[],[],[]
2443,0,[0],[0],[0],2443,[],[],[],[],[],[],[]
2444,0,[0],[0],[0],2444,[],[],[],[],[],[],[]
2445,0,[0],[0],[0],2445,[],[],[],[],[],[],[]
2446,0,[0],[0],[0],2446,[],[],[],[],[],[],[]
2447,0,[0],[0],[0],2447,[],[],[],[],[],[],[]
2448,1,[4.2747 ],[14.2650 ],[2.3401 ],2448,"[(1395.0000, 480.0000)]","[(1383.0000, 570.0000)]",[322.929927],[322.929927],[227.911779],[322.929927],[0.000000]
2449,1,[7.3620 ],[10.3312 ],[0.3216 ],2449,"[(1397.0000, 483.0000)]","[(1195.0000, 378.0000)]",[8.067292],[140.149891],[14.729555],[8.067292],[264.165197]
2450,1,[7.4717 ],[10.2235 ],[0.2447 ],2450,"[(1400.0000, 487.0000)]","[(1195.0000, 378.0000)]",[4.691834],[7.153977],[11.645766],[4.691834],[4.924286]
2451,0,[0],[0],[0],2451,[],[],[],[],[],[],[]
2452,0,[0],[0],[0],2452,[],[],[],[],[],[],[]
2453,0,[0],[0],[0],2453,[],[],[],[],[],[],[]
2454,0,[0],[0],[0],2454,[],[],[],[],[],[],[]
2455,0,[0],[0],[0],2455,[],[],[],[],[],[],[]
2456,1,"[5.5837, 5.6284 ]","[12.1673, 12.4240 ]","[0.6942, 0.6685 ]",2456,"[(1245.0000, 607.0000), (1279.0000, 648.0000)]","[(1155.0000, 487.0000), (1192.0000, 517.0000)]","[0.041982, 4.607312]","[0.041982, 4.607312]","[5.128714, 8.367395]","[0.041982, 4.607312]","[0.000000, 0.000000]"
2457,0,[0],[0],[0],2457,[],[],[],[],[],[],[]
2458,1,[4.1372 ],[13.8530 ],[2.2965 ],2458,"[(1122.0000, 468.0000)]","[(1248.0000, 408.0000)]",[52.259535],[52.259535],[56.060738],[52.259535],[0.000000]
2459,1,[3.9081 ],[14.0660 ],[2.4845 ],2459,"[(1057.0000, 412.0000)]","[(1254.0000, 405.0000)]",[99.795596],[143.636594],[100.561716],[99.795596],[87.681997]
2460,1,[3.7346 ],[14.2282 ],[2.6309 ],2460,"[(992.0000, 356.0000)]","[(1260.0000, 397.0000)]",[144.572280],[189.982492],[142.549322],[144.572280],[90.820424]
2461,1,[4.4280 ],[10.0255 ],[1.2467 ],2461,"[(947.0000, 318.0000)]","[(838.0000, 292.0000)]",[3.736344],[238.368360],[14.838723],[3.736344],[469.264032]
2462,1,[3.5953 ],[14.3351 ],[2.7750 ],2462,"[(914.0000, 292.0000)]","[(1268.0000, 345.0000)]",[151.364220],[377.701917],[153.447793],[151.364220],[452.675394]
2463,1,[3.8741 ],[9.3972 ],[1.4498 ],2463,"[(863.0000, 255.0000)]","[(742.0000, 251.0000)]",[11.309171],[295.268410],[23.480926],[11.309171],[567.918479]
2464,1,[3.5069 ],[14.4064 ],[2.8637 ],2464,"[(852.0000, 247.0000)]","[(1276.0000, 303.0000)]",[152.725524],[414.825119],[158.375332],[152.725524],[524.199190]
2465,1,[3.5172 ],[8.5532 ],[1.4442 ],2465,"[(815.0000, 232.0000)]","[(677.0000, 221.0000)]",[2.570547],[309.136725],[10.098141],[2.570547],[613.132355]
2466,1,[3.3769 ],[7.3913 ],[1.2422 ],2466,"[(801.0000, 225.0000)]","[(644.0000, 210.0000)]",[10.348103],[34.135189],[2.546707],[10.348103],[47.574172]
2467,1,[3.1707 ],[8.2067 ],[1.5151 ],2467,"[(776.0000, 213.0000)]","[(630.0000, 206.0000)]",[3.146250],[23.150530],[9.771807],[3.146250],[40.008560]
2468,1,[2.9251 ],[6.7042 ],[1.2317 ],2468,"[(759.0000, 206.0000)]","[(593.0000, 202.0000)]",[4.478490],[30.712873],[8.505529],[4.478490],[52.468766]
2469,1,[2.7813 ],[6.7468 ],[1.2878 ],2469,"[(745.0000, 198.0000)]","[(579.0000, 202.0000)]",[2.013399],[16.262091],[15.239077],[2.013399],[28.497384]
2470,1,[2.5825 ],[6.5593 ],[1.2552 ],2470,"[(728.0000, 198.0000)]","[(559.0000, 202.0000)]",[0.013963],[17.467054],[13.168455],[0.013963],[34.906181]
2471,1,[2.4016 ],[6.0207 ],[1.1603 ],2471,"[(717.0000, 195.0000)]","[(542.0000, 202.0000)]",[1.110732],[14.517302],[14.331543],[1.110732],[26.813140]
2472,1,[2.1938 ],[5.4856 ],[1.0301 ],2472,"[(705.0000, 195.0000)]","[(525.0000, 206.0000)]",[2.925030],[16.827695],[16.180163],[2.925030],[27.805330]
2473,1,[2.1253 ],[5.9573 ],[1.1215 ],2473,"[(694.0000, 198.0000)]","[(517.0000, 206.0000)]",[0.632654],[9.788147],[12.455509],[0.632654],[18.310986]
2474,1,[1.8296 ],[4.8922 ],[0.8731 ],2474,"[(683.0000, 198.0000)]","[(497.0000, 210.0000)]",[0.691422],[15.503161],[13.812723],[0.691422],[29.623478]
2475,1,[1.7016 ],[5.0018 ],[0.8619 ],2475,"[(672.0000, 202.0000)]","[(486.0000, 213.0000)]",[1.602292],[12.507738],[11.357393],[1.602292],[21.810893]
2476,1,[1.4955 ],[4.2990 ],[0.6586 ],2476,"[(666.0000, 206.0000)]","[(475.0000, 217.0000)]",[3.292045],[12.213646],[9.572362],[3.292045],[17.843202]
2477,1,[1.2907 ],[3.6527 ],[0.4353 ],2477,"[(660.0000, 210.0000)]","[(466.0000, 225.0000)]",[1.075140],[10.155144],[11.769917],[1.075140],[18.160009]
2478,1,[1.2298 ],[4.1827 ],[0.5016 ],2478,"[(649.0000, 213.0000)]","[(458.0000, 232.0000)]",[1.536639],[11.942434],[14.433917],[1.536639],[20.811590]
2479,1,[1.0494 ],[3.5302 ],[0.2659 ],2479,"[(646.0000, 217.0000)]","[(452.0000, 240.0000)]",[4.108207],[11.181653],[16.902375],[4.108207],[14.146892]
2480,1,[0.6081 ],[1.5644 ],[-0.3056 ],2480,"[(644.0000, 225.0000)]","[(441.0000, 243.0000)]",[2.994831],[12.276468],[9.746402],[2.994831],[18.563273]
2481,1,[0.6981 ],[2.7027 ],[0.1296 ],2481,"[(635.0000, 217.0000)]","[(433.0000, 232.0000)]",[6.043924],[18.165650],[7.176593],[6.043924],[24.243453]
2482,1,[0.6873 ],[3.1902 ],[0.4086 ],2482,"[(627.0000, 206.0000)]","[(424.0000, 221.0000)]",[5.399043],[18.560076],[7.656175],[5.399043],[26.322066]
2483,0,[0],[0],[0],2483,[],[],[],[],[],[],[]
2484,0,[0],[0],[0],2484,[],[],[],[],[],[],[]
2485,1,[0.2960 ],[2.3841 ],[0.5997 ],2485,"[(613.0000, 180.0000)]","[(399.0000, 198.0000)]",[2.096573],[2.096573],[11.066501],[2.096573],[0.000000]
2486,1,[0.1627 ],[2.0181 ],[0.6132 ],2486,"[(610.0000, 172.0000)]","[(393.0000, 195.0000)]",[2.813556],[10.051176],[16.160820],[2.813556],[14.475240]
2487,1,[0.1228 ],[2.0407 ],[0.7073 ],2487,"[(607.0000, 168.0000)]","[(388.0000, 187.0000)]",[0.889740],[7.738446],[12.442377],[0.889740],[13.697412]
2488,0,[0],[0],[0],2488,[],[],[],[],[],[],[]
2489,0,[0],[0],[0],2489,[],[],[],[],[],[],[]
2490,0,[0],[0],[0],2490,[],[],[],[],[],[],[]
2491,0,[0],[0],[0],2491,[],[],[],[],[],[],[]
2492,0,[0],[0],[0],2492,[],[],[],[],[],[],[]
2493,0,[0],[0],[0],2493,[],[],[],[],[],[],[]
2494,0,[0],[0],[0],2494,[],[],[],[],[],[],[]
2495,0,[0],[0],[0],2495,[],[],[],[],[],[],[]
2496,0,[0],[0],[0],2496,[],[],[],[],[],[],[]
2497,0,[0],[0],[0],2497,[],[],[],[],[],[],[]
2498,0,[0],[0],[0],2498,[],[],[],[],[],[],[]
2499,0,[0],[0],[0],2499,[],[],[],[],[],[],[]
2500,0,[0],[0],[0],2500,[],[],[],[],[],[],[]
2501,0,[0],[0],[0],2501,[],[],[],[],[],[],[]
2502,0,[0],[0],[0],2502,[],[],[],[],[],[],[]
2503,0,[0],[0],[0],2503,[],[],[],[],[],[],[]
2504,1,[1.0168 ],[5.5393 ],[1.6088 ],2504,"[(607.0000, 146.0000)]","[(405.0000, 161.0000)]",[0.692642],[0.692642],[14.417714],[0.692642],[0.000000]
2505,1,[1.0496 ],[5.6934 ],[1.5757 ],2505,"[(607.0000, 153.0000)]","[(407.0000, 165.0000)]",[2.565855],[8.011632],[10.878804],[2.565855],[10.891554]
2506,1,[1.2114 ],[6.2144 ],[1.6250 ],2506,"[(610.0000, 157.0000)]","[(416.0000, 168.0000)]",[2.894135],[9.766468],[10.492030],[2.894135],[13.744666]
2507,1,[1.3168 ],[6.5430 ],[1.5871 ],2507,"[(613.0000, 168.0000)]","[(424.0000, 176.0000)]",[6.047033],[16.824604],[7.102479],[6.047033],[21.555143]
2508,1,[1.4515 ],[7.0311 ],[1.6045 ],2508,"[(615.0000, 176.0000)]","[(433.0000, 183.0000)]",[6.788003],[16.097513],[6.239583],[6.788003],[18.619020]
2509,1,[1.3905 ],[6.6487 ],[1.4394 ],2509,"[(618.0000, 183.0000)]","[(435.0000, 195.0000)]",[3.017807],[12.374529],[10.046276],[3.017807],[18.713443]
2510,1,[1.5494 ],[7.2017 ],[1.4603 ],2510,"[(621.0000, 191.0000)]","[(447.0000, 206.0000)]",[0.191717],[11.925470],[13.318974],[0.191717],[23.467506]
2511,1,[1.7434 ],[8.0582 ],[1.5311 ],2511,"[(621.0000, 202.0000)]","[(461.0000, 221.0000)]",[4.386878],[19.260591],[17.561708],[4.386878],[29.747427]
2512,1,"[1.8141, 8.9646 ]","[8.1501, 5.1303 ]","[1.4224, 2.6495 ]",2512,"[(627.0000, 217.0000), (1366.0000, 30.0000)]","[(472.0000, 236.0000), (1074.0000, 3.0000)]","[3.941300, 6.941737]","[20.358211, 683.998750]","[16.885833, 23.613394]","[3.941300, 6.941737]","[32.833821, 1354.114025]"
2513,1,"[1.8438, 9.4367 ]","[8.1824, 4.2744 ]","[1.3167, 2.5038 ]",2513,"[(630.0000, 232.0000), (1364.0000, 41.0000)]","[(478.0000, 247.0000), (1068.0000, 11.0000)]","[0.546723, 4.233296]","[13.699671, 15.017901]","[11.991328, 20.845642]","[0.546723, 4.233296]","[26.305896, 21.569210]"
2514,1,"[9.2912, 1.9626 ]","[4.4277, 8.6704 ]","[2.4199, 1.2701 ]",2514,"[(1355.0000, 52.0000), (632.0000, 251.0000)]","[(1063.0000, 18.0000), (492.0000, 270.0000)]","[0.840263, 2.865626]","[12.697812, 24.570771]","[17.419730, 15.277106]","[0.840263, 2.865626]","[23.715097, 43.410289]"
2515,1,"[2.0945, 9.6785 ]","[9.0684, 3.7062 ]","[1.2208, 2.1977 ]",2515,"[(638.0000, 273.0000), (1350.0000, 67.0000)]","[(509.0000, 288.0000), (1057.0000, 33.0000)]","[0.705612, 1.725572]","[23.164132, 17.881681]","[11.249344, 17.916264]","[0.705612, 1.725572]","[44.917040, 32.312218]"
2516,1,"[9.1510, 2.1389 ]","[4.4639, 9.1825 ]","[2.1621, 1.1348 ]",2516,"[(1335.0000, 78.0000), (641.0000, 288.0000)]","[(1051.0000, 41.0000), (517.0000, 303.0000)]","[0.583160, 1.089162]","[15.286729, 16.340071]","[15.497610, 10.634391]","[0.583160, 1.089162]","[29.407136, 30.501817]"
2517,1,"[8.9543, 2.3071 ]","[4.7910, 9.9021 ]","[2.0342, 1.1877 ]",2517,"[(1327.0000, 93.0000), (644.0000, 311.0000)]","[(1049.0000, 56.0000), (540.0000, 330.0000)]","[0.866109, 3.627231]","[16.940792, 31.299769]","[16.529782, 15.158836]","[0.866109, 3.627231]","[32.149367, 55.345077]"
2518,1,"[2.3106, 9.2633 ]","[9.5333, 4.1157 ]","[0.8400, 1.8149 ]",2518,"[(655.0000, 337.0000), (1319.0000, 108.0000)]","[(548.0000, 356.0000), (1040.0000, 67.0000)]","[2.533071, 2.727937]","[28.770655, 18.325243]","[13.618682, 12.834522]","[2.533071, 2.727937]","[52.475167, 31.194612]"
2519,1,"[2.3557, 9.1375 ]","[9.6814, 4.2598 ]","[0.6501, 1.6870 ]",2519,"[(658.0000, 367.0000), (1310.0000, 123.0000)]","[(559.0000, 386.0000), (1035.0000, 78.0000)]","[1.863302, 5.771062]","[31.274339, 20.481045]","[12.458573, 9.671891]","[1.863302, 5.771062]","[58.822075, 29.419967]"
2520,1,"[9.1665, 2.4751, -7.7597 ]","[4.0966, 10.1461, 35.5216 ]","[1.4808, 0.6314, 5.9788 ]",2520,"[(1299.0000, 135.0000), (663.0000, 393.0000), (1344.0000, 127.0000)]","[(1029.0000, 97.0000), (579.0000, 416.0000), (987.0000, 78.0000)]","[1.949503, 6.796388, 17.584152]","[19.797551, 36.406419, 57.637025]","[16.635706, 17.032670, 1.058731]","[1.949503, 6.796388, 17.584152]","[35.696095, 59.220062, 80.105746]"
2521,1,"[2.5228, 9.4055 ]","[10.4257, 3.6599 ]","[0.5451, 1.2521 ]",2521,"[(663.0000, 423.0000), (1296.0000, 146.0000)]","[(590.0000, 442.0000), (1026.0000, 112.0000)]","[2.947878, 6.686622]","[30.608903, 19.652271]","[12.651901, 20.824035]","[2.947878, 6.686622]","[55.322049, 25.931299]"
2522,1,"[2.5856, 9.3434 ]","[10.3078, 3.6702 ]","[0.2067, 1.0429 ]",2522,"[(675.0000, 457.0000), (1285.0000, 165.0000)]","[(604.0000, 472.0000), (1020.0000, 127.0000)]","[0.019585, 3.849333]","[32.903144, 22.470708]","[9.109346, 17.782585]","[0.019585, 3.849333]","[65.767119, 37.242751]"
2523,1,"[2.6614, 9.2246 ]","[10.4344, 3.8861 ]","[-0.0838, 0.9034 ]",2523,"[(683.0000, 498.0000), (1279.0000, 183.0000)]","[(621.0000, 513.0000), (1018.0000, 138.0000)]","[1.359653, 1.620243]","[42.349979, 16.222389]","[9.757613, 12.288715]","[1.359653, 1.620243]","[81.980651, 29.204292]"
2524,1,"[2.6816, 9.7970 ]","[10.5766, 2.6944 ]","[-0.1622, 0.5302 ]",2524,"[(683.0000, 517.0000), (1274.0000, 195.0000)]","[(627.0000, 532.0000), (1009.0000, 146.0000)]","[1.695575, 5.721646]","[20.230505, 17.832541]","[9.772767, 8.207814]","[1.695575, 5.721646]","[37.069859, 24.221790]"
2525,1,[10.4240 ],[1.4384 ],[0.1544 ],2525,"[(1271.0000, 198.0000)]","[(1004.0000, 157.0000)]",[1.882251],[9.726655],[15.255945],[1.882251],[15.688808]
2526,1,[10.2395 ],[1.7520 ],[0.3016 ],2526,"[(1271.0000, 195.0000)]","[(1004.0000, 150.0000)]",[2.391613],[7.153897],[11.312163],[2.391613],[9.524568]
2527,1,[10.1806 ],[1.8357 ],[0.4729 ],2527,"[(1274.0000, 187.0000)]","[(1004.0000, 138.0000)]",[7.220925],[17.073586],[6.962442],[7.220925],[19.705322]
2528,1,[3.2295 ],[14.5015 ],[2.8490 ],2528,"[(700.0000, 525.0000)]","[(1001.0000, 127.0000)]",[385.017450],[705.971754],[311.904717],[385.017450],[641.908608]
2529,1,[3.2252 ],[14.5140 ],[2.8568 ],2529,"[(700.0000, 528.0000)]","[(998.0000, 120.0000)]",[401.010745],[406.054487],[321.774149],[401.010745],[10.087484]
2530,1,[3.2243 ],[14.5310 ],[2.8614 ],2530,"[(703.0000, 536.0000)]","[(998.0000, 116.0000)]",[420.025055],[426.028763],[332.936724],[420.025055],[12.007416]
2531,0,[0],[0],[0],2531,[],[],[],[],[],[],[]
2532,0,[0],[0],[0],2532,[],[],[],[],[],[],[]
2533,0,[0],[0],[0],2533,[],[],[],[],[],[],[]
2534,0,[0],[0],[0],2534,[],[],[],[],[],[],[]
2535,0,[0],[0],[0],2535,[],[],[],[],[],[],[]
2536,1,[2.9403 ],[11.6343 ],[1.0411 ],2536,"[(697.0000, 450.0000)]","[(669.0000, 457.0000)]",[3.944352],[3.944352],[13.119000],[3.944352],[0.000000]
2537,1,[2.8131 ],[11.0705 ],[0.9663 ],2537,"[(689.0000, 416.0000)]","[(635.0000, 423.0000)]",[0.109698],[39.534382],[9.623655],[0.109698],[78.849367]
2538,1,[10.0838 ],[1.7401 ],[0.6496 ],2538,"[(1268.0000, 172.0000)]","[(998.0000, 127.0000)]",[5.300126],[523.727817],[9.041299],[5.300126],[1036.855382]
2539,1,"[2.6335, 10.1635 ]","[10.4786, 1.6222 ]","[1.1804, 0.4503 ]",2539,"[(675.0000, 345.0000), (1265.0000, 180.0000)]","[(593.0000, 356.0000), (998.0000, 142.0000)]","[1.297118, 2.481872]","[513.205871, 13.770324]","[12.211442, 16.185183]","[1.297118, 2.481872]","[1023.817506, 22.576904]"
2540,1,"[10.2738, 2.5972 ]","[1.5597, 10.3785 ]","[0.3205, 1.3115 ]",2540,"[(1268.0000, 187.0000), (672.0000, 326.0000)]","[(1001.0000, 150.0000), (582.0000, 326.0000)]","[4.483628, 8.914578]","[12.158495, 33.087390]","[17.918172, 2.100681]","[4.483628, 8.914578]","[15.349734, 48.345624]"
2541,1,[2.4565 ],[9.7937 ],[1.2678 ],2541,"[(666.0000, 296.0000)]","[(559.0000, 311.0000)]",[3.792003],[31.282289],[15.541885],[3.792003],[54.980573]
2542,1,[2.5094 ],[10.1813 ],[1.5562 ],2542,"[(663.0000, 273.0000)]","[(562.0000, 288.0000)]",[6.252613],[28.196430],[18.431019],[6.252613],[43.887634]
2543,1,[2.3907 ],[9.7318 ],[1.5518 ],2543,"[(658.0000, 251.0000)]","[(542.0000, 273.0000)]",[11.936906],[34.401211],[24.530385],[11.936906],[44.928611]
2544,1,"[8.8755, 2.3119 ]","[4.4295, 9.2864 ]","[1.3439, 1.4938 ]",2544,"[(1282.0000, 153.0000), (658.0000, 247.0000)]","[(1020.0000, 112.0000), (531.0000, 258.0000)]","[0.192363, 0.805531]","[537.804308, 11.413400]","[14.241339, 13.209362]","[0.192363, 0.805531]","[1075.223889, 21.215737]"
2545,1,"[8.7867, 2.2441 ]","[4.6468, 9.1684 ]","[1.4203, 1.5624 ]",2545,"[(1285.0000, 150.0000), (652.0000, 232.0000)]","[(1023.0000, 108.0000), (520.0000, 247.0000)]","[1.128192, 4.506990]","[5.651639, 19.486558]","[13.427476, 17.264467]","[1.128192, 4.506990]","[9.046894, 29.959136]"
2546,1,"[9.2833, 2.1723 ]","[3.7006, 8.7871 ]","[1.2876, 1.5504 ]",2546,"[(1288.0000, 146.0000), (652.0000, 221.0000)]","[(1020.0000, 108.0000), (511.0000, 236.0000)]","[2.004980, 4.366023]","[5.920040, 16.252427]","[16.451003, 17.280313]","[2.004980, 4.366023]","[7.830119, 23.772809]"
2547,1,[2.0901 ],[8.6215 ],[1.5757 ],2547,"[(646.0000, 213.0000)]","[(500.0000, 228.0000)]",[3.909271],[15.048299],[16.923638],[3.909271],[22.278055]
2548,1,[2.0166 ],[8.3412 ],[1.5509 ],2548,"[(644.0000, 210.0000)]","[(492.0000, 221.0000)]",[0.350858],[7.053209],[12.524249],[0.350858],[13.404703]
2549,1,[1.9677 ],[8.2259 ],[1.5760 ],2549,"[(641.0000, 202.0000)]","[(486.0000, 217.0000)]",[3.368490],[10.818904],[16.517304],[3.368490],[14.900827]
2550,1,[1.8866 ],[7.9664 ],[1.5536 ],2550,"[(638.0000, 198.0000)]","[(478.0000, 213.0000)]",[2.841387],[9.423318],[16.021997],[2.841387],[13.163862]
2551,1,[1.8507 ],[7.7922 ],[1.5417 ],2551,"[(638.0000, 195.0000)]","[(475.0000, 210.0000)]",[2.760067],[6.177827],[15.978953],[2.760067],[6.835520]
2552,1,[1.7528 ],[7.3320 ],[1.4428 ],2552,"[(638.0000, 195.0000)]","[(469.0000, 210.0000)]",[1.934089],[4.757500],[15.113437],[1.934089],[5.646822]
2553,1,[1.7298 ],[7.3679 ],[1.4520 ],2553,"[(635.0000, 195.0000)]","[(466.0000, 210.0000)]",[1.664437],[4.499936],[14.828474],[1.664437],[5.670998]
2554,1,[1.6864 ],[7.1720 ],[1.3965 ],2554,"[(635.0000, 195.0000)]","[(464.0000, 213.0000)]",[4.065580],[5.761472],[17.325123],[4.065580],[3.391785]
2555,1,[1.6828 ],[7.1573 ],[1.3786 ],2555,"[(635.0000, 198.0000)]","[(464.0000, 213.0000)]",[1.054583],[2.479666],[14.146299],[1.054583],[2.850165]
2556,1,[1.6261 ],[6.8955 ],[1.3215 ],2556,"[(635.0000, 198.0000)]","[(461.0000, 213.0000)]",[0.642048],[2.053898],[13.712569],[0.642048],[2.823700]
2557,1,[1.5507 ],[6.5722 ],[1.1898 ],2557,"[(635.0000, 206.0000)]","[(458.0000, 217.0000)]",[4.232232],[10.385147],[8.521740],[4.232232],[12.305830]
2558,1,[1.5102 ],[6.5547 ],[1.1466 ],2558,"[(632.0000, 210.0000)]","[(455.0000, 221.0000)]",[4.977367],[9.699836],[7.701439],[4.977367],[9.444939]
2559,1,[1.4284 ],[6.0228 ],[0.9690 ],2559,"[(635.0000, 213.0000)]","[(455.0000, 228.0000)]",[1.848095],[7.155739],[10.893191],[1.848095],[10.615288]
2560,1,[1.3628 ],[5.9141 ],[0.8561 ],2560,"[(632.0000, 221.0000)]","[(452.0000, 236.0000)]",[3.033137],[11.104924],[9.550729],[3.033137],[16.143573]
2561,1,[1.3227 ],[5.7415 ],[0.7516 ],2561,"[(632.0000, 225.0000)]","[(452.0000, 243.0000)]",[0.797652],[5.986385],[11.817613],[0.797652],[10.377467]
2562,1,[1.2203 ],[5.3014 ],[0.5509 ],2562,"[(632.0000, 232.0000)]","[(450.0000, 251.0000)]",[0.952451],[8.155656],[11.556530],[0.952451],[14.406409]
2563,1,[1.1771 ],[5.1329 ],[0.4141 ],2563,"[(632.0000, 240.0000)]","[(450.0000, 258.0000)]",[2.723646],[9.815391],[9.612515],[2.723646],[14.183490]
2564,1,[1.1238 ],[4.9035 ],[0.2831 ],2564,"[(632.0000, 243.0000)]","[(450.0000, 266.0000)]",[1.413557],[6.595388],[13.866747],[1.413557],[10.363662]
2565,1,[1.1693 ],[5.1401 ],[0.3069 ],2565,"[(632.0000, 243.0000)]","[(452.0000, 273.0000)]",[8.425589],[11.838443],[20.643561],[8.425589],[6.825707]
2566,1,[1.1693 ],[5.1401 ],[0.3069 ],2566,"[(632.0000, 243.0000)]","[(452.0000, 273.0000)]",[8.425589],[8.425589],[20.643561],[8.425589],[0.000000]
2567,1,[1.3319 ],[5.8841 ],[0.5175 ],2567,"[(635.0000, 236.0000)]","[(455.0000, 281.0000)]",[33.969463],[41.591557],[35.757487],[33.969463],[15.244188]
2568,1,[1.0423 ],[4.6096 ],[0.4691 ],2568,"[(630.0000, 225.0000)]","[(441.0000, 243.0000)]",[2.259379],[27.003054],[10.295554],[2.259379],[49.487350]
2569,1,[1.2157 ],[4.6647 ],[0.6216 ],2569,"[(641.0000, 213.0000)]","[(452.0000, 232.0000)]",[1.036252],[16.074505],[13.909744],[1.036252],[30.076505]
2570,1,[1.4125 ],[5.0903 ],[0.8483 ],2570,"[(649.0000, 206.0000)]","[(461.0000, 217.0000)]",[4.495680],[17.758319],[8.318303],[4.495680],[26.525277]
2571,1,[1.4728 ],[4.6114 ],[0.8261 ],2571,"[(660.0000, 198.0000)]","[(469.0000, 210.0000)]",[2.102892],[13.544914],[10.877595],[2.102892],[22.884045]
2572,1,[1.6730 ],[5.0372 ],[1.0481 ],2572,"[(669.0000, 187.0000)]","[(480.0000, 198.0000)]",[0.780449],[15.165911],[12.420550],[0.780449],[28.770924]
2573,1,[1.8693 ],[5.3687 ],[1.2546 ],2573,"[(680.0000, 176.0000)]","[(492.0000, 183.0000)]",[2.173234],[18.566603],[11.150857],[2.173234],[32.786737]
2574,1,[1.9220 ],[4.5140 ],[1.1723 ],2574,"[(694.0000, 168.0000)]","[(500.0000, 176.0000)]",[0.175171],[12.796513],[13.363960],[0.175171],[25.242684]
2575,1,[2.1887 ],[5.6349 ],[1.4533 ],2575,"[(703.0000, 161.0000)]","[(517.0000, 168.0000)]",[1.403841],[15.631572],[15.127579],[1.403841],[28.455462]
2576,1,[2.2632 ],[5.5014 ],[1.4624 ],2576,"[(711.0000, 161.0000)]","[(523.0000, 161.0000)]",[4.556736],[12.682550],[9.000494],[4.556736],[16.251627]
2577,1,[2.3584 ],[5.1743 ],[1.4874 ],2577,"[(722.0000, 153.0000)]","[(531.0000, 153.0000)]",[3.385543],[15.126952],[10.327687],[3.385543],[23.482818]
2578,1,[2.5312 ],[5.8196 ],[1.6605 ],2578,"[(731.0000, 146.0000)]","[(545.0000, 146.0000)]",[1.405160],[14.150340],[12.484812],[1.405160],[25.490361]
2579,1,[2.6818 ],[6.1316 ],[1.7436 ],2579,"[(742.0000, 142.0000)]","[(559.0000, 142.0000)]",[0.144776],[12.519831],[14.172576],[0.144776],[24.750110]
2580,1,[2.8005 ],[6.1342 ],[1.7776 ],2580,"[(753.0000, 138.0000)]","[(570.0000, 138.0000)]",[1.261941],[12.289980],[15.406939],[1.261941],[22.056076]
2581,1,[2.9668 ],[6.4193 ],[1.8280 ],2581,"[(767.0000, 138.0000)]","[(587.0000, 135.0000)]",[0.019837],[14.760570],[14.109787],[0.019837],[29.481465]
2582,1,[3.0990 ],[6.6316 ],[1.8864 ],2582,"[(779.0000, 135.0000)]","[(601.0000, 131.0000)]",[0.431488],[13.115873],[14.643149],[0.431488],[25.368770]
2583,1,[3.2033 ],[6.4867 ],[1.8786 ],2583,"[(790.0000, 135.0000)]","[(610.0000, 127.0000)]",[2.676742],[12.506393],[11.474052],[2.676742],[19.659302]
2584,1,[3.3833 ],[6.8502 ],[1.9063 ],2584,"[(807.0000, 135.0000)]","[(632.0000, 131.0000)]",[2.893435],[21.436536],[17.203240],[2.893435],[37.086201]
2585,1,[3.5217 ],[6.6499 ],[1.8565 ],2585,"[(821.0000, 138.0000)]","[(644.0000, 131.0000)]",[0.754823],[13.170229],[14.991946],[0.754823],[24.830812]
2586,1,[3.6276 ],[6.8944 ],[1.8710 ],2586,"[(832.0000, 138.0000)]","[(658.0000, 135.0000)]",[5.697797],[17.732460],[19.997551],[5.697797],[24.069325]
2587,1,[3.7932 ],[6.8964 ],[1.8460 ],2587,"[(849.0000, 142.0000)]","[(675.0000, 135.0000)]",[3.135714],[19.389055],[17.374369],[3.135714],[32.506682]
2588,1,[3.8908 ],[7.1409 ],[1.8317 ],2588,"[(860.0000, 150.0000)]","[(689.0000, 138.0000)]",[0.493852],[13.685469],[13.584827],[0.493852],[26.383233]
2589,1,[4.0438 ],[6.8555 ],[1.7474 ],2589,"[(874.0000, 153.0000)]","[(700.0000, 142.0000)]",[1.049646],[13.310901],[15.108778],[1.049646],[24.522510]
2590,1,[4.1402 ],[7.4583 ],[1.7444 ],2590,"[(888.0000, 165.0000)]","[(722.0000, 153.0000)]",[2.089901],[22.408919],[15.964753],[2.089901],[40.638035]
2591,1,[4.3234 ],[6.9871 ],[1.5665 ],2591,"[(902.0000, 176.0000)]","[(731.0000, 161.0000)]",[0.401184],[14.500365],[13.288583],[0.401184],[28.198362]
2592,1,[4.3028 ],[8.0088 ],[1.7016 ],2592,"[(911.0000, 183.0000)]","[(753.0000, 168.0000)]",[2.183955],[2.183955],[15.761264],[2.183955],[0.000000]
2593,1,[4.5220 ],[7.6372 ],[1.5333 ],2593,"[(930.0000, 191.0000)]","[(767.0000, 180.0000)]",[7.012727],[25.412213],[20.371218],[7.012727],[36.798972]
2594,1,[4.7613 ],[7.1796 ],[1.3083 ],2594,"[(947.0000, 206.0000)]","[(779.0000, 191.0000)]",[4.191204],[22.589551],[17.332085],[4.191204],[36.796693]
2595,1,[4.9586 ],[7.0910 ],[1.1375 ],2595,"[(964.0000, 225.0000)]","[(795.0000, 202.0000)]",[1.561076],[22.795907],[11.330688],[1.561076],[42.469663]
2596,1,[5.0077 ],[7.3465 ],[1.1253 ],2596,"[(973.0000, 232.0000)]","[(807.0000, 210.0000)]",[0.929824],[13.115519],[13.657161],[0.929824],[24.371390]
2597,1,[5.7081 ],[5.3228 ],[0.4191 ],2597,"[(998.0000, 251.0000)]","[(812.0000, 221.0000)]",[6.414999],[26.941246],[6.201884],[6.414999],[41.052493]
2598,1,[5.2460 ],[7.8653 ],[0.9534 ],2598,"[(1006.0000, 266.0000)]","[(846.0000, 240.0000)]",[2.817841],[29.250781],[14.865635],[2.817841],[52.865880]
2599,1,[5.4805 ],[7.5715 ],[0.6650 ],2599,"[(1020.0000, 288.0000)]","[(857.0000, 258.0000)]",[1.130587],[23.431117],[12.811088],[1.130587],[44.601060]
2600,1,[5.5956 ],[7.7743 ],[0.5573 ],2600,"[(1035.0000, 307.0000)]","[(874.0000, 273.0000)]",[0.519777],[22.684852],[11.857980],[0.519777],[44.330151]
2601,1,[5.6399 ],[7.9758 ],[0.4760 ],2601,"[(1043.0000, 322.0000)]","[(885.0000, 288.0000)]",[2.904372],[19.738005],[13.858374],[2.904372],[33.667266]
2602,1,[5.4680 ],[8.6778 ],[0.6571 ],2602,"[(1046.0000, 326.0000)]","[(897.0000, 300.0000)]",[12.951990],[23.321555],[23.212740],[12.951990],[20.739129]
2603,0,[0],[0],[0],2603,[],[],[],[],[],[],[]
2604,0,[0],[0],[0],2604,[],[],[],[],[],[],[]
2605,0,[0],[0],[0],2605,[],[],[],[],[],[],[]
2606,0,[0],[0],[0],2606,[],[],[],[],[],[],[]
2607,0,[0],[0],[0],2607,[],[],[],[],[],[],[]
2608,0,[0],[0],[0],2608,[],[],[],[],[],[],[]
2609,0,[0],[0],[0],2609,[],[],[],[],[],[],[]
2610,0,[0],[0],[0],2610,[],[],[],[],[],[],[]
2611,0,[0],[0],[0],2611,[],[],[],[],[],[],[]
2612,0,[0],[0],[0],2612,[],[],[],[],[],[],[]
2613,0,[0],[0],[0],2613,[],[],[],[],[],[],[]
2614,0,[0],[0],[0],2614,[],[],[],[],[],[],[]
2615,0,[0],[0],[0],2615,[],[],[],[],[],[],[]
2616,1,[4.4557 ],[12.7868 ],[2.5298 ],2616,"[(1223.0000, 322.0000)]","[(1032.0000, 120.0000)]",[253.644746],[253.644746],[121.309284],[253.644746],[0.000000]
2617,1,[4.4383 ],[12.8725 ],[2.5624 ],2617,"[(1226.0000, 322.0000)]","[(1049.0000, 112.0000)]",[240.787408],[251.294244],[126.421688],[240.787408],[21.013670]
2618,0,[0],[0],[0],2618,[],[],[],[],[],[],[]
2619,1,[6.8540 ],[7.7425 ],[0.7830 ],2619,"[(1189.0000, 281.0000)]","[(992.0000, 240.0000)]",[9.038017],[9.038017],[20.262761],[9.038017],[0.000000]
2620,1,[6.4745 ],[7.9923 ],[1.1118 ],2620,"[(1164.0000, 255.0000)]","[(973.0000, 213.0000)]",[3.230824],[35.896263],[15.398578],[3.230824],[65.330878]
2621,1,[6.6999 ],[6.9646 ],[0.9625 ],2621,"[(1147.0000, 240.0000)]","[(947.0000, 202.0000)]",[2.386847],[26.460771],[14.898522],[2.386847],[48.147849]
2622,1,[6.6765 ],[6.5754 ],[1.0073 ],2622,"[(1133.0000, 228.0000)]","[(930.0000, 187.0000)]",[3.569067],[22.984434],[9.450735],[3.569067],[38.830734]
2623,1,[6.5878 ],[6.1465 ],[1.0855 ],2623,"[(1113.0000, 210.0000)]","[(908.0000, 172.0000)]",[4.407347],[29.700537],[8.971939],[4.407347],[50.586379]
2624,1,[6.2906 ],[6.4975 ],[1.2502 ],2624,"[(1096.0000, 198.0000)]","[(897.0000, 168.0000)]",[1.686053],[17.050687],[15.043876],[1.686053],[30.729268]
2625,1,[6.2629 ],[6.0555 ],[1.2755 ],2625,"[(1082.0000, 187.0000)]","[(880.0000, 157.0000)]",[0.778026],[18.741996],[12.863348],[0.778026],[35.927940]
2626,1,[6.1351 ],[5.8322 ],[1.3315 ],2626,"[(1065.0000, 176.0000)]","[(863.0000, 150.0000)]",[0.860821],[19.098752],[14.649035],[0.860821],[36.475862]
2627,1,[6.0341 ],[5.6364 ],[1.3425 ],2627,"[(1051.0000, 172.0000)]","[(849.0000, 146.0000)]",[0.700053],[14.426714],[13.192979],[0.700053],[27.453321]
2628,1,[6.1682 ],[4.7367 ],[1.2238 ],2628,"[(1043.0000, 168.0000)]","[(835.0000, 142.0000)]",[2.482965],[13.569478],[11.517030],[2.482965],[22.173027]
2629,1,[6.1030 ],[4.4775 ],[1.1987 ],2629,"[(1032.0000, 165.0000)]","[(824.0000, 142.0000)]",[0.778267],[11.339357],[13.224134],[0.778267],[21.122180]
2630,1,[6.0047 ],[4.1697 ],[1.1735 ],2630,"[(1018.0000, 161.0000)]","[(810.0000, 142.0000)]",[1.588600],[15.051583],[15.607080],[1.588600],[26.925967]
2631,1,[6.0548 ],[3.4345 ],[1.0472 ],2631,"[(1009.0000, 161.0000)]","[(798.0000, 142.0000)]",[0.287368],[10.176308],[14.320058],[0.287368],[19.777880]
2632,1,[5.7206 ],[4.1994 ],[1.1906 ],2632,"[(995.0000, 161.0000)]","[(790.0000, 142.0000)]",[0.175451],[10.524184],[13.853851],[0.175451],[20.697466]
2633,1,[5.7820 ],[3.4027 ],[1.0272 ],2633,"[(987.0000, 161.0000)]","[(779.0000, 146.0000)]",[2.402845],[11.682231],[16.387566],[2.402845],[18.558771]
2634,1,[5.8496 ],[2.4473 ],[0.8054 ],2634,"[(978.0000, 165.0000)]","[(767.0000, 150.0000)]",[1.115353],[11.702007],[15.038716],[1.115353],[21.173308]
2635,1,[5.9240 ],[1.4194 ],[0.5770 ],2635,"[(970.0000, 168.0000)]","[(756.0000, 153.0000)]",[0.084340],[9.467594],[13.789376],[0.084340],[18.766508]
2636,1,[5.6980 ],[1.9504 ],[0.6815 ],2636,"[(961.0000, 168.0000)]","[(750.0000, 153.0000)]",[0.503009],[7.556611],[13.366994],[0.503009],[14.107204]
2637,1,[5.8389 ],[0.9693 ],[0.4380 ],2637,"[(959.0000, 172.0000)]","[(745.0000, 157.0000)]",[1.151733],[6.279376],[12.649174],[1.151733],[10.255286]
2638,1,[5.5251 ],[1.8821 ],[0.5295 ],2638,"[(947.0000, 176.0000)]","[(739.0000, 165.0000)]",[2.269681],[12.902181],[15.964605],[2.269681],[21.265000]
2639,1,[5.7435 ],[-0.3508 ],[-0.0235 ],2639,"[(939.0000, 183.0000)]","[(725.0000, 172.0000)]",[0.545884],[12.912224],[14.122716],[0.545884],[24.732678]
2640,0,[0],[0],[0],2640,[],[],[],[],[],[],[]
2641,0,[0],[0],[0],2641,[],[],[],[],[],[],[]
2642,0,[0],[0],[0],2642,[],[],[],[],[],[],[]
2643,0,[0],[0],[0],2643,[],[],[],[],[],[],[]
2644,0,[0],[0],[0],2644,[],[],[],[],[],[],[]
2645,0,[0],[0],[0],2645,[],[],[],[],[],[],[]
2646,0,[0],[0],[0],2646,[],[],[],[],[],[],[]
2647,0,[0],[0],[0],2647,[],[],[],[],[],[],[]
2648,1,[5.0038 ],[1.1061 ],[0.8658 ],2648,"[(911.0000, 146.0000)]","[(697.0000, 135.0000)]",[1.284178],[1.284178],[12.905567],[1.284178],[0.000000]
2649,1,[5.0038 ],[1.1061 ],[0.8658 ],2649,"[(911.0000, 146.0000)]","[(697.0000, 135.0000)]",[1.284178],[1.284178],[12.905567],[1.284178],[0.000000]
2650,1,[4.9326 ],[1.2560 ],[0.9518 ],2650,"[(908.0000, 142.0000)]","[(694.0000, 131.0000)]",[1.424650],[6.149693],[12.828225],[1.424650],[9.450088]
2651,1,[5.0273 ],[-0.1875 ],[0.7593 ],2651,"[(905.0000, 138.0000)]","[(686.0000, 131.0000)]",[1.442273],[7.587057],[15.770833],[1.442273],[12.289569]
2652,1,[5.0756 ],[-1.2228 ],[0.6011 ],2652,"[(902.0000, 138.0000)]","[(680.0000, 131.0000)]",[0.780527],[5.017394],[15.100112],[0.780527],[8.473733]
2653,1,[5.0756 ],[-1.2228 ],[0.6011 ],2653,"[(902.0000, 138.0000)]","[(680.0000, 131.0000)]",[0.780527],[0.780527],[15.100112],[0.780527],[0.000000]
2654,1,[5.1834 ],[-2.3409 ],[0.4278 ],2654,"[(902.0000, 138.0000)]","[(677.0000, 131.0000)]",[0.360023],[1.773354],[14.675157],[0.360023],[2.826662]
2655,1,[5.0661 ],[-1.5095 ],[0.5236 ],2655,"[(900.0000, 142.0000)]","[(677.0000, 131.0000)]",[3.336008],[5.445560],[10.885626],[3.336008],[4.219104]
2656,1,[5.0141 ],[-1.4587 ],[0.4630 ],2656,"[(897.0000, 146.0000)]","[(675.0000, 135.0000)]",[3.562558],[8.020885],[10.585992],[3.562558],[8.916654]
2657,0,[0],[0],[0],2657,[],[],[],[],[],[],[]
2658,0,[0],[0],[0],2658,[],[],[],[],[],[],[]
2659,0,[0],[0],[0],2659,[],[],[],[],[],[],[]
2660,0,[0],[0],[0],2660,[],[],[],[],[],[],[]
2661,0,[0],[0],[0],2661,[],[],[],[],[],[],[]
2662,0,[0],[0],[0],2662,[],[],[],[],[],[],[]
2663,0,[0],[0],[0],2663,[],[],[],[],[],[],[]
2664,1,[4.8235 ],[-1.6498 ],[0.7773 ],2664,"[(888.0000, 123.0000)]","[(663.0000, 120.0000)]",[3.470915],[3.470915],[18.053560],[3.470915],[0.000000]
2665,1,[4.9725 ],[-2.7718 ],[0.6166 ],2665,"[(891.0000, 123.0000)]","[(663.0000, 120.0000)]",[3.283242],[4.693995],[17.859998],[3.283242],[2.821506]
2666,1,[4.8936 ],[-2.5897 ],[0.6821 ],2666,"[(888.0000, 123.0000)]","[(660.0000, 116.0000)]",[0.630666],[4.393982],[13.906662],[0.630666],[7.526633]
2667,1,[4.8591 ],[-2.2640 ],[0.7910 ],2667,"[(888.0000, 120.0000)]","[(660.0000, 112.0000)]",[1.441083],[4.749442],[13.137384],[1.441083],[6.616718]
2668,1,[4.9213 ],[-3.0612 ],[0.6833 ],2668,"[(888.0000, 120.0000)]","[(658.0000, 112.0000)]",[1.719215],[2.661415],[12.855548],[1.719215],[1.884400]
2669,1,[4.7748 ],[-1.9190 ],[0.8401 ],2669,"[(885.0000, 120.0000)]","[(658.0000, 112.0000)]",[1.520379],[2.931254],[13.052055],[1.520379],[2.821750]
2670,1,[4.6601 ],[-0.9759 ],[1.0359 ],2670,"[(883.0000, 116.0000)]","[(658.0000, 108.0000)]",[1.233276],[5.245578],[13.406492],[1.233276],[8.024603]
2671,1,[4.6827 ],[-1.2131 ],[0.9707 ],2671,"[(883.0000, 116.0000)]","[(658.0000, 112.0000)]",[2.447917],[4.333569],[17.134421],[2.447917],[3.771303]
2672,1,[4.6297 ],[-0.4683 ],[1.0137 ],2672,"[(883.0000, 123.0000)]","[(660.0000, 112.0000)]",[3.989591],[8.253596],[10.504514],[3.989591],[8.528008]
2673,1,[4.6747 ],[-1.0946 ],[0.9284 ],2673,"[(883.0000, 123.0000)]","[(658.0000, 112.0000)]",[4.264505],[5.206706],[10.222400],[4.264505],[1.884400]
2674,1,[4.5915 ],[-0.5437 ],[0.9721 ],2674,"[(880.0000, 123.0000)]","[(658.0000, 116.0000)]",[0.387453],[3.683179],[14.143043],[0.387453],[6.591452]
2675,1,[4.5805 ],[-0.4093 ],[0.9590 ],2675,"[(880.0000, 127.0000)]","[(658.0000, 116.0000)]",[4.225832],[6.123666],[10.194977],[4.225832],[3.795669]
2676,1,[4.4932 ],[0.2259 ],[0.9875 ],2676,"[(877.0000, 131.0000)]","[(658.0000, 120.0000)]",[4.198471],[8.435626],[10.162938],[4.198471],[8.474311]
2677,1,[4.5414 ],[-0.2727 ],[0.8252 ],2677,"[(877.0000, 135.0000)]","[(658.0000, 127.0000)]",[1.582459],[6.774631],[12.731115],[1.582459],[10.384345]
2678,1,[4.5537 ],[-0.3728 ],[0.7201 ],2678,"[(877.0000, 142.0000)]","[(658.0000, 131.0000)]",[4.613028],[9.814961],[9.555764],[4.613028],[10.403867]
2679,1,[4.4776 ],[0.1287 ],[0.7675 ],2679,"[(874.0000, 142.0000)]","[(658.0000, 135.0000)]",[0.750280],[4.042141],[13.453090],[0.750280],[6.583721]
2680,1,[4.4638 ],[-0.2903 ],[0.6123 ],2680,"[(871.0000, 146.0000)]","[(655.0000, 142.0000)]",[1.609622],[7.545770],[15.767818],[1.609622],[11.872296]
2681,1,[4.4332 ],[-0.1430 ],[0.5137 ],2681,"[(869.0000, 153.0000)]","[(655.0000, 150.0000)]",[2.370852],[9.569238],[16.416577],[2.370852],[14.396771]
2682,1,[4.4513 ],[-0.3072 ],[0.3931 ],2682,"[(869.0000, 161.0000)]","[(655.0000, 153.0000)]",[2.531981],[7.734360],[11.331685],[2.531981],[10.404758]
2683,1,[4.4738 ],[-0.5464 ],[0.2818 ],2683,"[(869.0000, 165.0000)]","[(655.0000, 157.0000)]",[2.683274],[6.457717],[11.112459],[2.683274],[7.548886]
2684,1,[4.4738 ],[-0.5464 ],[0.2818 ],2684,"[(869.0000, 165.0000)]","[(655.0000, 157.0000)]",[2.683274],[2.683274],[11.112459],[2.683274],[0.000000]
2685,1,[4.4513 ],[-0.3072 ],[0.3931 ],2685,"[(869.0000, 161.0000)]","[(655.0000, 153.0000)]",[2.531981],[6.306424],[11.331685],[2.531981],[7.548886]
2686,1,[4.3848 ],[-0.1755 ],[0.4773 ],2686,"[(866.0000, 157.0000)]","[(652.0000, 150.0000)]",[1.711136],[6.080061],[12.221789],[1.711136],[8.737850]
2687,1,[4.3823 ],[-0.1715 ],[0.5112 ],2687,"[(866.0000, 153.0000)]","[(652.0000, 150.0000)]",[2.120732],[4.017640],[16.161537],[2.120732],[3.793816]
2688,1,[3.5125 ],[14.5260 ],[3.0852 ],2688,"[(863.0000, 153.0000)]","[(1428.0000, 52.0000)]",[4.990212],[4.990212],[19.396257],[4.990212],[0.000000]
2689,0,[0],[0],[0],2689,[],[],[],[],[],[],[]
2690,1,[3.5158 ],[14.4835 ],[3.0704 ],2690,"[(863.0000, 150.0000)]","[(1395.0000, 71.0000)]",[24.479144],[24.479144],[38.685423],[24.479144],[0.000000]
2691,0,[0],[0],[0],2691,[],[],[],[],[],[],[]
2692,0,[0],[0],[0],2692,[],[],[],[],[],[],[]
2693,0,[0],[0],[0],2693,[],[],[],[],[],[],[]
2694,0,[0],[0],[0],2694,[],[],[],[],[],[],[]
2695,0,[0],[0],[0],2695,[],[],[],[],[],[],[]
2696,1,[3.5212 ],[14.3622 ],[3.0157 ],2696,"[(860.0000, 161.0000)]","[(1305.0000, 123.0000)]",[57.594601],[57.594601],[71.059122],[57.594601],[0.000000]
2697,1,[3.5179 ],[14.3541 ],[3.0072 ],2697,"[(857.0000, 161.0000)]","[(1296.0000, 135.0000)]",[68.657216],[77.968740],[81.890320],[68.657216],[18.623049]
2698,1,[3.5228 ],[14.3340 ],[2.9968 ],2698,"[(860.0000, 165.0000)]","[(1285.0000, 142.0000)]",[70.396177],[79.653558],[83.449527],[70.396177],[18.514762]
2699,1,[3.5190 ],[14.3302 ],[2.9913 ],2699,"[(857.0000, 165.0000)]","[(1279.0000, 150.0000)]",[77.764727],[84.358575],[90.631882],[77.764727],[13.187696]
2700,1,[3.5195 ],[14.3235 ],[2.9925 ],2700,"[(857.0000, 165.0000)]","[(1276.0000, 146.0000)]",[73.418536],[75.814249],[86.420843],[73.418536],[4.791425]
2701,1,[3.5198 ],[14.3222 ],[2.9948 ],2701,"[(857.0000, 165.0000)]","[(1276.0000, 142.0000)]",[69.443056],[71.410386],[82.559742],[69.443056],[3.934660]
2702,1,[3.5170 ],[14.3224 ],[3.0016 ],2702,"[(855.0000, 161.0000)]","[(1276.0000, 135.0000)]",[66.389329],[71.964021],[79.711040],[66.389329],[11.149385]
2703,1,[3.5130 ],[14.3237 ],[3.0091 ],2703,"[(852.0000, 157.0000)]","[(1276.0000, 127.0000)]",[62.395089],[68.720919],[75.943104],[62.395089],[12.651659]
2704,0,[0],[0],[0],2704,[],[],[],[],[],[],[]
2705,0,[0],[0],[0],2705,[],[],[],[],[],[],[]
2706,0,[0],[0],[0],2706,[],[],[],[],[],[],[]
2707,0,[0],[0],[0],2707,[],[],[],[],[],[],[]
2708,0,[0],[0],[0],2708,[],[],[],[],[],[],[]
2709,0,[0],[0],[0],2709,[],[],[],[],[],[],[]
2710,0,[0],[0],[0],2710,[],[],[],[],[],[],[]
2711,0,[0],[0],[0],2711,[],[],[],[],[],[],[]
2712,0,[0],[0],[0],2712,[],[],[],[],[],[],[]
2713,0,[0],[0],[0],2713,[],[],[],[],[],[],[]
2714,0,[0],[0],[0],2714,[],[],[],[],[],[],[]
2715,0,[0],[0],[0],2715,[],[],[],[],[],[],[]
2716,0,[0],[0],[0],2716,[],[],[],[],[],[],[]
2717,0,[0],[0],[0],2717,[],[],[],[],[],[],[]
2718,0,[0],[0],[0],2718,[],[],[],[],[],[],[]
2719,0,[0],[0],[0],2719,[],[],[],[],[],[],[]
2720,0,[0],[0],[0],2720,[],[],[],[],[],[],[]
2721,0,[0],[0],[0],2721,[],[],[],[],[],[],[]
2722,0,[0],[0],[0],2722,[],[],[],[],[],[],[]
2723,0,[0],[0],[0],2723,[],[],[],[],[],[],[]
2724,0,[0],[0],[0],2724,[],[],[],[],[],[],[]
2725,0,[0],[0],[0],2725,[],[],[],[],[],[],[]
2726,0,[0],[0],[0],2726,[],[],[],[],[],[],[]
2727,0,[0],[0],[0],2727,[],[],[],[],[],[],[]
2728,0,[0],[0],[0],2728,[],[],[],[],[],[],[]
2729,0,[0],[0],[0],2729,[],[],[],[],[],[],[]
2730,0,[0],[0],[0],2730,[],[],[],[],[],[],[]
2731,0,[0],[0],[0],2731,[],[],[],[],[],[],[]
2732,0,[0],[0],[0],2732,[],[],[],[],[],[],[]
2733,0,[0],[0],[0],2733,[],[],[],[],[],[],[]
2734,0,[0],[0],[0],2734,[],[],[],[],[],[],[]
2735,0,[0],[0],[0],2735,[],[],[],[],[],[],[]
2736,0,[0],[0],[0],2736,[],[],[],[],[],[],[]
2737,0,[0],[0],[0],2737,[],[],[],[],[],[],[]
2738,0,[0],[0],[0],2738,[],[],[],[],[],[],[]
2739,0,[0],[0],[0],2739,[],[],[],[],[],[],[]
2740,0,[0],[0],[0],2740,[],[],[],[],[],[],[]
2741,0,[0],[0],[0],2741,[],[],[],[],[],[],[]
2742,0,[0],[0],[0],2742,[],[],[],[],[],[],[]
2743,0,[0],[0],[0],2743,[],[],[],[],[],[],[]
2744,0,[0],[0],[0],2744,[],[],[],[],[],[],[]
2745,0,[0],[0],[0],2745,[],[],[],[],[],[],[]
2746,0,[0],[0],[0],2746,[],[],[],[],[],[],[]
2747,0,[0],[0],[0],2747,[],[],[],[],[],[],[]
2748,0,[0],[0],[0],2748,[],[],[],[],[],[],[]
2749,0,[0],[0],[0],2749,[],[],[],[],[],[],[]
2750,0,[0],[0],[0],2750,[],[],[],[],[],[],[]
2751,0,[0],[0],[0],2751,[],[],[],[],[],[],[]
2752,0,[0],[0],[0],2752,[],[],[],[],[],[],[]
2753,0,[0],[0],[0],2753,[],[],[],[],[],[],[]
2754,0,[0],[0],[0],2754,[],[],[],[],[],[],[]
2755,0,[0],[0],[0],2755,[],[],[],[],[],[],[]
2756,0,[0],[0],[0],2756,[],[],[],[],[],[],[]
2757,0,[0],[0],[0],2757,[],[],[],[],[],[],[]
2758,0,[0],[0],[0],2758,[],[],[],[],[],[],[]
2759,0,[0],[0],[0],2759,[],[],[],[],[],[],[]
2760,0,[0],[0],[0],2760,[],[],[],[],[],[],[]
2761,0,[0],[0],[0],2761,[],[],[],[],[],[],[]
2762,0,[0],[0],[0],2762,[],[],[],[],[],[],[]
2763,0,[0],[0],[0],2763,[],[],[],[],[],[],[]
2764,0,[0],[0],[0],2764,[],[],[],[],[],[],[]
2765,0,[0],[0],[0],2765,[],[],[],[],[],[],[]
2766,0,[0],[0],[0],2766,[],[],[],[],[],[],[]
2767,0,[0],[0],[0],2767,[],[],[],[],[],[],[]
2768,0,[0],[0],[0],2768,[],[],[],[],[],[],[]
2769,0,[0],[0],[0],2769,[],[],[],[],[],[],[]
2770,0,[0],[0],[0],2770,[],[],[],[],[],[],[]
2771,0,[0],[0],[0],2771,[],[],[],[],[],[],[]
2772,0,[0],[0],[0],2772,[],[],[],[],[],[],[]
2773,0,[0],[0],[0],2773,[],[],[],[],[],[],[]
2774,0,[0],[0],[0],2774,[],[],[],[],[],[],[]
2775,0,[0],[0],[0],2775,[],[],[],[],[],[],[]
2776,0,[0],[0],[0],2776,[],[],[],[],[],[],[]
2777,0,[0],[0],[0],2777,[],[],[],[],[],[],[]
2778,0,[0],[0],[0],2778,[],[],[],[],[],[],[]
2779,0,[0],[0],[0],2779,[],[],[],[],[],[],[]
2780,0,[0],[0],[0],2780,[],[],[],[],[],[],[]
2781,0,[0],[0],[0],2781,[],[],[],[],[],[],[]
2782,0,[0],[0],[0],2782,[],[],[],[],[],[],[]
2783,0,[0],[0],[0],2783,[],[],[],[],[],[],[]
2784,0,[0],[0],[0],2784,[],[],[],[],[],[],[]
2785,0,[0],[0],[0],2785,[],[],[],[],[],[],[]
2786,0,[0],[0],[0],2786,[],[],[],[],[],[],[]
2787,0,[0],[0],[0],2787,[],[],[],[],[],[],[]
2788,0,[0],[0],[0],2788,[],[],[],[],[],[],[]
2789,0,[0],[0],[0],2789,[],[],[],[],[],[],[]
2790,0,[0],[0],[0],2790,[],[],[],[],[],[],[]
2791,0,[0],[0],[0],2791,[],[],[],[],[],[],[]
2792,0,[0],[0],[0],2792,[],[],[],[],[],[],[]
2793,0,[0],[0],[0],2793,[],[],[],[],[],[],[]
2794,0,[0],[0],[0],2794,[],[],[],[],[],[],[]
2795,0,[0],[0],[0],2795,[],[],[],[],[],[],[]
2796,0,[0],[0],[0],2796,[],[],[],[],[],[],[]
2797,0,[0],[0],[0],2797,[],[],[],[],[],[],[]
2798,0,[0],[0],[0],2798,[],[],[],[],[],[],[]
2799,0,[0],[0],[0],2799,[],[],[],[],[],[],[]
2800,0,[0],[0],[0],2800,[],[],[],[],[],[],[]
2801,0,[0],[0],[0],2801,[],[],[],[],[],[],[]
2802,0,[0],[0],[0],2802,[],[],[],[],[],[],[]
2803,0,[0],[0],[0],2803,[],[],[],[],[],[],[]
2804,0,[0],[0],[0],2804,[],[],[],[],[],[],[]
2805,0,[0],[0],[0],2805,[],[],[],[],[],[],[]
2806,0,[0],[0],[0],2806,[],[],[],[],[],[],[]
2807,0,[0],[0],[0],2807,[],[],[],[],[],[],[]
2808,1,[1.4323 ],[1.0876 ],[1.6050 ],2808,"[(694.0000, 101.0000)]","[(466.0000, 101.0000)]",[6.077570],[6.077570],[8.803860],[6.077570],[0.000000]
2809,1,[1.4688 ],[1.6321 ],[1.7970 ],2809,"[(691.0000, 90.0000)]","[(464.0000, 93.0000)]",[1.659846],[11.010581],[12.903732],[1.659846],[18.701470]
2810,1,[1.3582 ],[1.0869 ],[1.8500 ],2810,"[(689.0000, 82.0000)]","[(458.0000, 86.0000)]",[0.594307],[8.921357],[14.117568],[0.594307],[16.654100]
2811,1,[1.4449 ],[2.3109 ],[2.0444 ],2811,"[(683.0000, 78.0000)]","[(455.0000, 78.0000)]",[3.766119],[11.288429],[10.913478],[3.766119],[15.044621]
2812,1,[1.4298 ],[2.4979 ],[2.1004 ],2812,"[(680.0000, 75.0000)]","[(452.0000, 75.0000)]",[3.583916],[7.637700],[11.113067],[3.583916],[8.107568]
2813,1,[1.4499 ],[2.8914 ],[2.1837 ],2813,"[(677.0000, 71.0000)]","[(450.0000, 71.0000)]",[3.136848],[7.667179],[11.591462],[3.136848],[9.060663]
2814,1,[1.4002 ],[2.7663 ],[2.1753 ],2814,"[(675.0000, 71.0000)]","[(447.0000, 71.0000)]",[3.388913],[5.758112],[11.332486],[3.388913],[4.738399]
2815,1,[1.5244 ],[3.9955 ],[2.3203 ],2815,"[(669.0000, 67.0000)]","[(447.0000, 67.0000)]",[2.370195],[7.716053],[12.395600],[2.370195],[10.691715]
2816,1,[1.4959 ],[4.0601 ],[2.3271 ],2816,"[(666.0000, 67.0000)]","[(444.0000, 67.0000)]",[2.515477],[5.358885],[12.232391],[2.515477],[5.686815]
2817,1,[1.4940 ],[4.4749 ],[2.3410 ],2817,"[(660.0000, 67.0000)]","[(441.0000, 71.0000)]",[1.205489],[6.413364],[16.149397],[1.205489],[10.415751]
2818,1,[1.5666 ],[5.2191 ],[2.3807 ],2818,"[(655.0000, 71.0000)]","[(441.0000, 71.0000)]",[2.378280],[5.401399],[12.283836],[2.378280],[6.046239]
2819,1,[1.5641 ],[5.5822 ],[2.3742 ],2819,"[(649.0000, 75.0000)]","[(438.0000, 75.0000)]",[2.716322],[8.488577],[11.854453],[2.716322],[11.544510]
2820,1,[1.5535 ],[5.8235 ],[2.3687 ],2820,"[(644.0000, 78.0000)]","[(435.0000, 78.0000)]",[3.039458],[7.798213],[11.457252],[3.039458],[9.517510]
2821,1,[1.5922 ],[6.5059 ],[2.3610 ],2821,"[(635.0000, 86.0000)]","[(433.0000, 86.0000)]",[3.479547],[13.096176],[10.859429],[3.479547],[19.233259]
2822,1,[1.5677 ],[6.6531 ],[2.3165 ],2822,"[(630.0000, 93.0000)]","[(430.0000, 93.0000)]",[4.320397],[12.001142],[9.869186],[4.320397],[15.361491]
2823,1,[1.5328 ],[6.7878 ],[2.2470 ],2823,"[(624.0000, 101.0000)]","[(427.0000, 105.0000)]",[1.643391],[12.249526],[12.574779],[1.643391],[21.212270]
2824,1,[1.5129 ],[7.0179 ],[2.1644 ],2824,"[(618.0000, 116.0000)]","[(424.0000, 116.0000)]",[7.063873],[20.121410],[6.693925],[7.063873],[26.115074]
2825,1,[1.5425 ],[7.4781 ],[2.1346 ],2825,"[(610.0000, 123.0000)]","[(424.0000, 131.0000)]",[0.178515],[12.334465],[13.813211],[0.178515],[24.311900]
2826,1,[1.4658 ],[7.3237 ],[1.9895 ],2826,"[(607.0000, 138.0000)]","[(421.0000, 146.0000)]",[2.273538],[16.764267],[11.385170],[2.273538],[28.981457]
2827,1,[1.5193 ],[7.9843 ],[1.9588 ],2827,"[(596.0000, 150.0000)]","[(421.0000, 168.0000)]",[5.762503],[23.878207],[19.704829],[5.762503],[36.231409]
2828,1,[1.5253 ],[8.3594 ],[1.8811 ],2828,"[(587.0000, 172.0000)]","[(419.0000, 183.0000)]",[3.023182],[21.434176],[10.114147],[3.023182],[36.821988]
2829,1,[1.5108 ],[8.6134 ],[1.7468 ],2829,"[(579.0000, 191.0000)]","[(419.0000, 213.0000)]",[4.595659],[28.516345],[17.915629],[4.595659],[47.841372]
2830,1,[1.4902 ],[8.9267 ],[1.6347 ],2830,"[(568.0000, 213.0000)]","[(416.0000, 240.0000)]",[6.189823],[30.650831],[19.279819],[6.189823],[48.922015]
2831,1,[1.5246 ],[9.3486 ],[1.5203 ],2831,"[(559.0000, 243.0000)]","[(419.0000, 270.0000)]",[2.946895],[32.011598],[15.468860],[2.946895],[58.129405]
2832,1,"[1.5552, 1.1209 ]","[9.8662, 1.0179 ]","[1.4186, 1.2910 ]",2832,"[(545.0000, 281.0000), (677.0000, 123.0000)]","[(419.0000, 303.0000), (450.0000, 123.0000)]","[6.097789, 17.164516]","[40.889303, 167.675610]","[5.437309, 5.121836]","[6.097789, 17.164516]","[69.583027, 301.022188]"
2833,1,"[1.5186, 1.1310 ]","[9.9293, 1.0141 ]","[1.2650, 1.2601 ]",2833,"[(540.0000, 303.0000), (677.0000, 123.0000)]","[(419.0000, 330.0000), (452.0000, 127.0000)]","[4.479835, 5.442447]","[27.921559, 7.568699]","[6.846437, 9.165860]","[4.479835, 5.442447]","[46.883447, 4.252504]"
2834,1,[1.4374 ],[9.9835 ],[1.0371 ],2834,"[(531.0000, 330.0000)]","[(416.0000, 371.0000)]",[4.035315],[36.939698],[15.429116],[4.035315],[65.808765]
2835,1,[1.4319 ],[10.3225 ],[0.7976 ],2835,"[(520.0000, 382.0000)]","[(419.0000, 420.0000)]",[4.742766],[53.242454],[5.541829],[4.742766],[96.999376]
2836,1,[1.4542 ],[10.6588 ],[0.7269 ],2836,"[(509.0000, 408.0000)]","[(421.0000, 457.0000)]",[1.947705],[32.892199],[12.191886],[1.947705],[61.888988]
2837,1,[1.4316 ],[10.8800 ],[0.4896 ],2837,"[(500.0000, 453.0000)]","[(424.0000, 506.0000)]",[0.421815],[45.537253],[9.988050],[0.421815],[90.230876]
2838,1,[1.4767 ],[11.3580 ],[0.4241 ],2838,"[(483.0000, 498.0000)]","[(427.0000, 558.0000)]",[1.313213],[48.928019],[10.325813],[1.313213],[95.229612]
2839,1,[1.3871 ],[11.2877 ],[0.0434 ],2839,"[(483.0000, 536.0000)]","[(430.0000, 603.0000)]",[4.061987],[43.558587],[12.619700],[4.061987],[78.993200]
2840,1,[1.4485 ],[11.6858 ],[0.2638 ],2840,"[(464.0000, 547.0000)]","[(424.0000, 615.0000)]",[1.547362],[18.355562],[9.936821],[1.547362],[33.616399]
2841,1,[1.4117 ],[11.7662 ],[0.3202 ],2841,"[(452.0000, 547.0000)]","[(413.0000, 618.0000)]",[1.618115],[12.690354],[10.062402],[1.618115],[22.144478]
2842,1,[1.4257 ],[11.9547 ],[0.4433 ],2842,"[(438.0000, 551.0000)]","[(405.0000, 622.0000)]",[1.114454],[12.262940],[7.220723],[1.114454],[22.296973]
2843,1,[1.4118 ],[12.1178 ],[0.5368 ],2843,"[(421.0000, 555.0000)]","[(393.0000, 630.0000)]",[1.191766],[16.298023],[7.154020],[1.191766],[30.212514]
2844,1,[1.4596 ],[12.3758 ],[0.7174 ],2844,"[(402.0000, 558.0000)]","[(385.0000, 637.0000)]",[0.733338],[14.904798],[7.671288],[0.733338],[28.342920]
2845,1,[1.4440 ],[12.5389 ],[0.7835 ],2845,"[(382.0000, 570.0000)]","[(371.0000, 648.0000)]",[6.951674],[26.474302],[1.085804],[6.951674],[39.045257]
2846,1,[1.4301 ],[12.6677 ],[0.8309 ],2846,"[(365.0000, 577.0000)]","[(360.0000, 663.0000)]",[3.972712],[21.509901],[4.186613],[3.972712],[35.074376]
2847,1,[1.4193 ],[12.8116 ],[0.8354 ],2847,"[(348.0000, 596.0000)]","[(351.0000, 686.0000)]",[5.949454],[29.808061],[1.946699],[5.949454],[47.717212]
2848,1,[1.4384 ],[12.9817 ],[0.9145 ],2848,"[(329.0000, 603.0000)]","[(343.0000, 708.0000)]",[3.190735],[23.908373],[11.584133],[3.190735],[41.435277]
2849,1,[1.4377 ],[13.1699 ],[0.9601 ],2849,"[(303.0000, 626.0000)]","[(329.0000, 735.0000)]",[1.457734],[32.485206],[6.541677],[1.457734],[62.054944]
2850,1,"[1.4789, 3.1973 ]","[13.3997, 16.2057 ]","[1.0418, 4.3855 ]",2850,"[(275.0000, 652.0000), (874.0000, 918.0000)]","[(320.0000, 768.0000), (317.0000, 757.0000)]","[3.729096, 211.975353]","[38.295359, 528.996250]","[3.991242, 184.941122]","[3.729096, 211.975353]","[69.132526, 634.041794]"
2851,0,[0],[0],[0],2851,[],[],[],[],[],[],[]
2852,0,[0],[0],[0],2852,[],[],[],[],[],[],[]
2853,0,[0],[0],[0],2853,[],[],[],[],[],[],[]
2854,0,[0],[0],[0],2854,[],[],[],[],[],[],[]
2855,0,[0],[0],[0],2855,[],[],[],[],[],[],[]
2856,0,[0],[0],[0],2856,[],[],[],[],[],[],[]
2857,0,[0],[0],[0],2857,[],[],[],[],[],[],[]
2858,0,[0],[0],[0],2858,[],[],[],[],[],[],[]
2859,0,[0],[0],[0],2859,[],[],[],[],[],[],[]
2860,0,[0],[0],[0],2860,[],[],[],[],[],[],[]
2861,0,[0],[0],[0],2861,[],[],[],[],[],[],[]
2862,0,[0],[0],[0],2862,[],[],[],[],[],[],[]
2863,0,[0],[0],[0],2863,[],[],[],[],[],[],[]
2864,1,[1.3830 ],[13.6406 ],[0.9074 ],2864,"[(227.0000, 720.0000)]","[(289.0000, 858.0000)]",[5.927787],[5.927787],[1.203217],[5.927787],[0.000000]
2865,0,[0],[0],[0],2865,[],[],[],[],[],[],[]
2866,0,[0],[0],[0],2866,[],[],[],[],[],[],[]
2867,0,[0],[0],[0],2867,[],[],[],[],[],[],[]
2868,0,[0],[0],[0],2868,[],[],[],[],[],[],[]
2869,1,[1.5183 ],[13.5732 ],[0.1684 ],2869,"[(320.0000, 821.0000)]","[(402.0000, 948.0000)]",[6.586808],[6.586808],[12.109523],[6.586808],[0.000000]
2870,0,[0],[0],[0],2870,[],[],[],[],[],[],[]
2871,0,[0],[0],[0],2871,[],[],[],[],[],[],[]
2872,1,[1.6033 ],[13.6311 ],[0.5458 ],2872,"[(306.0000, 783.0000)]","[(393.0000, 903.0000)]",[0.104708],[0.104708],[5.844181],[0.104708],[0.000000]
2873,1,[1.5989 ],[13.6095 ],[0.5709 ],2873,"[(306.0000, 776.0000)]","[(390.0000, 892.0000)]",[3.469282],[12.253164],[2.441507],[3.469282],[17.567764]
2874,1,[1.6079 ],[13.5810 ],[0.6108 ],2874,"[(309.0000, 765.0000)]","[(390.0000, 877.0000)]",[5.402935],[18.043528],[0.555449],[5.402935],[25.281185]
2875,1,[1.6145 ],[13.5802 ],[0.6346 ],2875,"[(309.0000, 761.0000)]","[(390.0000, 873.0000)]",[4.973618],[8.800636],[1.054992],[4.973618],[7.654035]
2876,1,[1.6113 ],[13.5503 ],[0.6399 ],2876,"[(312.0000, 753.0000)]","[(390.0000, 866.0000)]",[2.748268],[10.200136],[3.458073],[2.748268],[14.903735]
2877,1,[1.6442 ],[13.5729 ],[0.7025 ],2877,"[(312.0000, 750.0000)]","[(393.0000, 858.0000)]",[6.383614],[11.886380],[0.289846],[6.383614],[11.005532]
2878,0,[0],[0],[0],2878,[],[],[],[],[],[],[]
2879,0,[0],[0],[0],2879,[],[],[],[],[],[],[]
2880,0,[0],[0],[0],2880,[],[],[],[],[],[],[]
2881,0,[0],[0],[0],2881,[],[],[],[],[],[],[]
2882,0,[0],[0],[0],2882,[],[],[],[],[],[],[]
2883,0,[0],[0],[0],2883,[],[],[],[],[],[],[]
2884,0,[0],[0],[0],2884,[],[],[],[],[],[],[]
2885,0,[0],[0],[0],2885,[],[],[],[],[],[],[]
2886,1,[1.3326 ],[13.7648 ],[0.7591 ],2886,"[(208.0000, 772.0000)]","[(281.0000, 918.0000)]",[10.747989],[10.747989],[4.338639],[10.747989],[0.000000]
2887,1,[1.3864 ],[13.8381 ],[0.8906 ],2887,"[(196.0000, 765.0000)]","[(278.0000, 918.0000)]",[6.144952],[14.291604],[0.706424],[6.144952],[16.293304]
2888,0,[0],[0],[0],2888,[],[],[],[],[],[],[]
2889,0,[0],[0],[0],2889,[],[],[],[],[],[],[]
2890,0,[0],[0],[0],2890,[],[],[],[],[],[],[]
2891,0,[0],[0],[0],2891,[],[],[],[],[],[],[]
2892,0,[0],[0],[0],2892,[],[],[],[],[],[],[]
2893,0,[0],[0],[0],2893,[],[],[],[],[],[],[]
2894,0,[0],[0],[0],2894,[],[],[],[],[],[],[]
2895,0,[0],[0],[0],2895,[],[],[],[],[],[],[]
2896,1,[1.2770 ],[13.8921 ],[1.2307 ],2896,"[(123.0000, 708.0000)]","[(185.0000, 881.0000)]",[5.975821],[5.975821],[2.157939],[5.975821],[0.000000]
2897,1,[1.2843 ],[13.8860 ],[1.2309 ],2897,"[(126.0000, 708.0000)]","[(188.0000, 877.0000)]",[8.521271],[12.501908],[0.620366],[8.521271],[7.961274]
2898,1,[1.3251 ],[13.8987 ],[1.2437 ],2898,"[(132.0000, 712.0000)]","[(199.0000, 873.0000)]",[13.615952],[22.947725],[6.198941],[13.615952],[18.663547]
2899,1,[1.3641 ],[13.9148 ],[1.2744 ],2899,"[(135.0000, 708.0000)]","[(208.0000, 873.0000)]",[7.516447],[14.402074],[0.377137],[7.516447],[13.771254]
2900,1,[1.2828 ],[13.7965 ],[1.1090 ],2900,"[(157.0000, 712.0000)]","[(216.0000, 873.0000)]",[6.884010],[21.744727],[0.841381],[6.884010],[29.721433]
2901,1,[1.3389 ],[13.8293 ],[1.1503 ],2901,"[(160.0000, 712.0000)]","[(227.0000, 873.0000)]",[4.721100],[11.552784],[3.132135],[4.721100],[13.663368]
2902,0,[0],[0],[0],2902,[],[],[],[],[],[],[]
2903,0,[0],[0],[0],2903,[],[],[],[],[],[],[]
2904,0,[0],[0],[0],2904,[],[],[],[],[],[],[]
2905,0,[0],[0],[0],2905,[],[],[],[],[],[],[]
2906,0,[0],[0],[0],2906,[],[],[],[],[],[],[]
2907,0,[0],[0],[0],2907,[],[],[],[],[],[],[]
2908,0,[0],[0],[0],2908,[],[],[],[],[],[],[]
2909,0,[0],[0],[0],2909,[],[],[],[],[],[],[]
2910,1,[1.3203 ],[13.6385 ],[0.1516 ],2910,"[(272.0000, 832.0000)]","[(348.0000, 975.0000)]",[2.126070],[2.126070],[7.830242],[2.126070],[0.000000]
2911,0,[0],[0],[0],2911,[],[],[],[],[],[],[]
2912,0,[0],[0],[0],2912,[],[],[],[],[],[],[]
2913,0,[0],[0],[0],2913,[],[],[],[],[],[],[]
2914,0,[0],[0],[0],2914,[],[],[],[],[],[],[]
2915,0,[0],[0],[0],2915,[],[],[],[],[],[],[]
2916,0,[0],[0],[0],2916,[],[],[],[],[],[],[]
2917,0,[0],[0],[0],2917,[],[],[],[],[],[],[]
2918,0,[0],[0],[0],2918,[],[],[],[],[],[],[]
2919,0,[0],[0],[0],2919,[],[],[],[],[],[],[]
2920,0,[0],[0],[0],2920,[],[],[],[],[],[],[]
2921,0,[0],[0],[0],2921,[],[],[],[],[],[],[]
2922,0,[0],[0],[0],2922,[],[],[],[],[],[],[]
2923,0,[0],[0],[0],2923,[],[],[],[],[],[],[]
2924,0,[0],[0],[0],2924,[],[],[],[],[],[],[]
2925,0,[0],[0],[0],2925,[],[],[],[],[],[],[]
2926,0,[0],[0],[0],2926,[],[],[],[],[],[],[]
2927,0,[0],[0],[0],2927,[],[],[],[],[],[],[]
2928,0,[0],[0],[0],2928,[],[],[],[],[],[],[]
2929,0,[0],[0],[0],2929,[],[],[],[],[],[],[]
2930,0,[0],[0],[0],2930,[],[],[],[],[],[],[]
2931,0,[0],[0],[0],2931,[],[],[],[],[],[],[]
2932,0,[0],[0],[0],2932,[],[],[],[],[],[],[]
2933,0,[0],[0],[0],2933,[],[],[],[],[],[],[]
2934,0,[0],[0],[0],2934,[],[],[],[],[],[],[]
2935,0,[0],[0],[0],2935,[],[],[],[],[],[],[]
2936,0,[0],[0],[0],2936,[],[],[],[],[],[],[]
2937,0,[0],[0],[0],2937,[],[],[],[],[],[],[]
2938,0,[0],[0],[0],2938,[],[],[],[],[],[],[]
2939,0,[0],[0],[0],2939,[],[],[],[],[],[],[]
2940,0,[0],[0],[0],2940,[],[],[],[],[],[],[]
2941,0,[0],[0],[0],2941,[],[],[],[],[],[],[]
2942,0,[0],[0],[0],2942,[],[],[],[],[],[],[]
2943,0,[0],[0],[0],2943,[],[],[],[],[],[],[]
2944,0,[0],[0],[0],2944,[],[],[],[],[],[],[]
2945,0,[0],[0],[0],2945,[],[],[],[],[],[],[]
2946,0,[0],[0],[0],2946,[],[],[],[],[],[],[]
2947,0,[0],[0],[0],2947,[],[],[],[],[],[],[]
2948,0,[0],[0],[0],2948,[],[],[],[],[],[],[]
2949,0,[0],[0],[0],2949,[],[],[],[],[],[],[]
2950,0,[0],[0],[0],2950,[],[],[],[],[],[],[]
2951,0,[0],[0],[0],2951,[],[],[],[],[],[],[]
2952,0,[0],[0],[0],2952,[],[],[],[],[],[],[]
2953,0,[0],[0],[0],2953,[],[],[],[],[],[],[]
2954,0,[0],[0],[0],2954,[],[],[],[],[],[],[]
2955,0,[0],[0],[0],2955,[],[],[],[],[],[],[]
2956,0,[0],[0],[0],2956,[],[],[],[],[],[],[]
2957,0,[0],[0],[0],2957,[],[],[],[],[],[],[]
2958,0,[0],[0],[0],2958,[],[],[],[],[],[],[]
2959,0,[0],[0],[0],2959,[],[],[],[],[],[],[]
2960,1,[1.9147 ],[13.6427 ],[1.1418 ],2960,"[(337.0000, 693.0000)]","[(438.0000, 783.0000)]",[4.998548],[4.998548],[1.719320],[4.998548],[0.000000]
2961,1,[1.9131 ],[13.5917 ],[1.0811 ],2961,"[(348.0000, 693.0000)]","[(444.0000, 783.0000)]",[2.586095],[10.672310],[4.163790],[2.586095],[16.172430]
2962,1,[1.9109 ],[13.5613 ],[1.0450 ],2962,"[(354.0000, 693.0000)]","[(447.0000, 783.0000)]",[1.318740],[5.599922],[5.443972],[1.318740],[8.562364]
2963,1,[1.9363 ],[13.5636 ],[1.0463 ],2963,"[(360.0000, 693.0000)]","[(455.0000, 783.0000)]",[0.786603],[7.418966],[7.588570],[0.786603],[13.264727]
2964,1,[1.9628 ],[13.5454 ],[1.0113 ],2964,"[(371.0000, 697.0000)]","[(466.0000, 783.0000)]",[0.059271],[10.825495],[6.701458],[0.059271],[21.532447]
2965,1,[1.9916 ],[13.5659 ],[1.0010 ],2965,"[(376.0000, 705.0000)]","[(475.0000, 787.0000)]",[2.135821],[11.294255],[4.280304],[2.135821],[18.316867]
2966,1,[2.0519 ],[13.6304 ],[1.0177 ],2966,"[(382.0000, 716.0000)]","[(492.0000, 798.0000)]",[0.515705],[16.062516],[6.813251],[0.515705],[31.093620]
2967,1,[2.0690 ],[13.6374 ],[0.9736 ],2967,"[(388.0000, 727.0000)]","[(500.0000, 806.0000)]",[0.975428],[12.313976],[5.073176],[0.975428],[22.677095]
2968,1,[2.0907 ],[13.5962 ],[0.8670 ],2968,"[(405.0000, 735.0000)]","[(514.0000, 817.0000)]",[5.809318],[23.176742],[11.799731],[5.809318],[34.734848]
2969,1,[2.1212 ],[13.6446 ],[0.8529 ],2969,"[(407.0000, 753.0000)]","[(523.0000, 825.0000)]",[2.746984],[17.126540],[2.741009],[2.746984],[28.759113]
2970,1,[2.1008 ],[13.5674 ],[0.6592 ],2970,"[(421.0000, 768.0000)]","[(528.0000, 840.0000)]",[0.898020],[18.161480],[4.315951],[0.898020],[34.526920]
2971,1,[2.2229 ],[13.2007 ],[0.7754 ],2971,"[(480.0000, 678.0000)]","[(554.0000, 738.0000)]",[6.239669],[107.388827],[12.608618],[6.239669],[202.298317]
2972,1,[2.2431 ],[12.7398 ],[0.6894 ],2972,"[(523.0000, 615.0000)]","[(559.0000, 675.0000)]",[15.604576],[81.937535],[22.826553],[15.604576],[132.665918]
2973,1,[2.4203 ],[12.3017 ],[0.9983 ],2973,"[(576.0000, 517.0000)]","[(582.0000, 551.0000)]",[5.876734],[118.844996],[14.350778],[5.876734],[225.936525]
2974,1,[2.5271 ],[11.6470 ],[1.0338 ],2974,"[(624.0000, 450.0000)]","[(593.0000, 468.0000)]",[0.369367],[79.399917],[8.929403],[0.369367],[158.061100]
2975,1,[2.6318 ],[11.3188 ],[1.1742 ],2975,"[(652.0000, 401.0000)]","[(604.0000, 416.0000)]",[2.547335],[54.633236],[12.624592],[2.547335],[104.171804]
2976,1,[2.7590 ],[10.5975 ],[1.1479 ],2976,"[(691.0000, 356.0000)]","[(615.0000, 367.0000)]",[3.887487],[3.887487],[14.649716],[3.887487],[0.000000]
2977,1,[2.8936 ],[10.1126 ],[1.2796 ],2977,"[(720.0000, 318.0000)]","[(624.0000, 311.0000)]",[8.974601],[58.356547],[2.219913],[8.974601],[98.763891]
2978,1,[2.9805 ],[9.3045 ],[1.1801 ],2978,"[(742.0000, 288.0000)]","[(627.0000, 292.0000)]",[3.010258],[29.686783],[14.818396],[3.010258],[53.353049]
2979,1,[3.0889 ],[8.9684 ],[1.2156 ],2979,"[(759.0000, 273.0000)]","[(635.0000, 270.0000)]",[1.702376],[23.414461],[10.276922],[1.702376],[43.424169]
2980,1,[3.1823 ],[8.6478 ],[1.2681 ],2980,"[(773.0000, 255.0000)]","[(641.0000, 251.0000)]",[1.125940],[21.255173],[11.155145],[1.125940],[40.258465]
2981,1,[3.2766 ],[8.1015 ],[1.2762 ],2981,"[(787.0000, 236.0000)]","[(644.0000, 232.0000)]",[0.128770],[20.288122],[12.478295],[0.128770],[40.318704]
2982,1,[3.3609 ],[7.5429 ],[1.2288 ],2982,"[(798.0000, 225.0000)]","[(646.0000, 221.0000)]",[0.327095],[12.897595],[13.123073],[0.327095],[25.141001]
2983,1,[3.4695 ],[7.1379 ],[1.2005 ],2983,"[(810.0000, 217.0000)]","[(652.0000, 213.0000)]",[1.113931],[12.600896],[14.055870],[1.113931],[22.973929]
2984,1,[3.5849 ],[6.4112 ],[1.0580 ],2984,"[(821.0000, 213.0000)]","[(655.0000, 210.0000)]",[2.202883],[9.703965],[15.222584],[2.202883],[15.002165]
2985,1,[3.6821 ],[5.6026 ],[0.9259 ],2985,"[(829.0000, 206.0000)]","[(655.0000, 206.0000)]",[4.974789],[11.846523],[18.091047],[4.974789],[13.743468]
2986,1,[3.7460 ],[5.6256 ],[0.9950 ],2986,"[(835.0000, 202.0000)]","[(660.0000, 198.0000)]",[1.887982],[9.708141],[15.092102],[1.887982],[15.640318]
2987,1,[3.8118 ],[5.3801 ],[0.9375 ],2987,"[(840.0000, 202.0000)]","[(663.0000, 198.0000)]",[2.099080],[5.867489],[15.305237],[2.099080],[7.536818]
2988,1,[3.8986 ],[4.9867 ],[0.8464 ],2988,"[(846.0000, 202.0000)]","[(666.0000, 198.0000)]",[2.268187],[6.506970],[15.475227],[2.268187],[8.477567]
2989,1,[3.9920 ],[4.5644 ],[0.7485 ],2989,"[(852.0000, 202.0000)]","[(669.0000, 198.0000)]",[2.439106],[6.677188],[15.646120],[2.439106],[8.476165]
2990,1,[4.0740 ],[4.2599 ],[0.6519 ],2990,"[(857.0000, 206.0000)]","[(672.0000, 198.0000)]",[1.173981],[5.627013],[11.952776],[1.173981],[8.906063]
2991,1,[4.1125 ],[4.2717 ],[0.6528 ],2991,"[(860.0000, 206.0000)]","[(675.0000, 198.0000)]",[0.870662],[3.696003],[12.260013],[0.870662],[5.650682]
2992,1,[4.1922 ],[3.6963 ],[0.4468 ],2992,"[(863.0000, 213.0000)]","[(675.0000, 202.0000)]",[4.029563],[9.526452],[9.012820],[4.029563],[10.993778]
2993,1,[4.2320 ],[3.6702 ],[0.4127 ],2993,"[(866.0000, 217.0000)]","[(677.0000, 202.0000)]",[7.951461],[11.272008],[5.292838],[7.951461],[6.641095]
2994,1,[4.2009 ],[4.1666 ],[0.5294 ],2994,"[(866.0000, 217.0000)]","[(680.0000, 202.0000)]",[7.435115],[8.848782],[5.729193],[7.435115],[2.827335]
2995,0,[0],[0],[0],2995,[],[],[],[],[],[],[]
2996,0,[0],[0],[0],2996,[],[],[],[],[],[],[]
2997,0,[0],[0],[0],2997,[],[],[],[],[],[],[]
2998,0,[0],[0],[0],2998,[],[],[],[],[],[],[]
2999,0,[0],[0],[0],2999,[],[],[],[],[],[],[]
3000,0,[0],[0],[0],3000,[],[],[],[],[],[],[]
3001,0,[0],[0],[0],3001,[],[],[],[],[],[],[]
3002,0,[0],[0],[0],3002,[],[],[],[],[],[],[]
3003,0,[0],[0],[0],3003,[],[],[],[],[],[],[]
3004,0,[0],[0],[0],3004,[],[],[],[],[],[],[]
3005,0,[0],[0],[0],3005,[],[],[],[],[],[],[]
3006,0,[0],[0],[0],3006,[],[],[],[],[],[],[]
3007,0,[0],[0],[0],3007,[],[],[],[],[],[],[]
3008,0,[0],[0],[0],3008,[],[],[],[],[],[],[]
3009,0,[0],[0],[0],3009,[],[],[],[],[],[],[]
3010,0,[0],[0],[0],3010,[],[],[],[],[],[],[]
3011,0,[0],[0],[0],3011,[],[],[],[],[],[],[]
3012,0,[0],[0],[0],3012,[],[],[],[],[],[],[]
3013,0,[0],[0],[0],3013,[],[],[],[],[],[],[]
3014,1,[3.8839 ],[4.7484 ],[2.1191 ],3014,"[(855.0000, 86.0000)]","[(652.0000, 78.0000)]",[1.273173],[1.273173],[16.412904],[1.273173],[0.000000]
3015,1,[3.8300 ],[5.2130 ],[2.1820 ],3015,"[(852.0000, 86.0000)]","[(652.0000, 75.0000)]",[1.251777],[4.085570],[13.831744],[1.251777],[5.667587]
3016,1,[3.8431 ],[4.8187 ],[2.1640 ],3016,"[(852.0000, 82.0000)]","[(649.0000, 75.0000)]",[2.216025],[5.529619],[17.432805],[2.216025],[6.627190]
3017,1,[3.7526 ],[5.5647 ],[2.2384 ],3017,"[(846.0000, 82.0000)]","[(649.0000, 75.0000)]",[2.682492],[5.507534],[17.901309],[2.682492],[5.650083]
3018,1,[3.6862 ],[5.6796 ],[2.2332 ],3018,"[(840.0000, 86.0000)]","[(644.0000, 75.0000)]",[1.414499],[7.161094],[13.639818],[1.414499],[11.493190]
3019,1,[3.5929 ],[6.4538 ],[2.2986 ],3019,"[(832.0000, 86.0000)]","[(644.0000, 78.0000)]",[1.951059],[7.140444],[17.072886],[1.951059],[10.378769]
3020,1,[3.5303 ],[7.0038 ],[2.3387 ],3020,"[(826.0000, 90.0000)]","[(644.0000, 78.0000)]",[1.471026],[4.860776],[13.494226],[1.471026],[6.779500]
3021,1,[3.4861 ],[7.3542 ],[2.3478 ],3021,"[(821.0000, 93.0000)]","[(644.0000, 82.0000)]",[0.348246],[4.983186],[14.589571],[0.348246],[9.269880]
3022,1,[3.4376 ],[7.4878 ],[2.3168 ],3022,"[(815.0000, 97.0000)]","[(641.0000, 90.0000)]",[3.112606],[10.543751],[18.061321],[3.112606],[14.862290]
3023,1,[3.4004 ],[7.7723 ],[2.2924 ],3023,"[(810.0000, 105.0000)]","[(641.0000, 97.0000)]",[2.082992],[9.838145],[16.873766],[2.082992],[15.510307]
3024,1,[3.3300 ],[7.8770 ],[2.2396 ],3024,"[(801.0000, 112.0000)]","[(635.0000, 108.0000)]",[5.131811],[16.407042],[19.858671],[5.131811],[22.550463]
3025,1,[3.2914 ],[8.1882 ],[2.2105 ],3025,"[(795.0000, 123.0000)]","[(635.0000, 116.0000)]",[2.104302],[11.784139],[16.587352],[2.104302],[19.359674]
3026,1,[3.2338 ],[8.2388 ],[2.1087 ],3026,"[(787.0000, 138.0000)]","[(630.0000, 131.0000)]",[0.977005],[16.442103],[15.181053],[0.977005],[30.930196]
3027,1,[3.1732 ],[8.2716 ],[2.0301 ],3027,"[(779.0000, 150.0000)]","[(624.0000, 142.0000)]",[1.046562],[13.741487],[12.903038],[1.046562],[25.389850]
3028,1,[3.1153 ],[8.4708 ],[1.9391 ],3028,"[(770.0000, 165.0000)]","[(621.0000, 161.0000)]",[1.675014],[18.961853],[15.448286],[1.675014],[34.573677]
3029,1,[3.0884 ],[8.6455 ],[1.8762 ],3029,"[(765.0000, 176.0000)]","[(621.0000, 176.0000)]",[4.828451],[17.570914],[18.489426],[4.828451],[25.484926]
3030,1,[3.0031 ],[9.2620 ],[1.8594 ],3030,"[(748.0000, 198.0000)]","[(618.0000, 195.0000)]",[0.999842],[23.135370],[14.219620],[0.999842],[44.271057]
3031,1,[2.9527 ],[9.4150 ],[1.7400 ],3031,"[(739.0000, 221.0000)]","[(615.0000, 217.0000)]",[1.560921],[23.655958],[11.228334],[1.560921],[44.190075]
3032,1,"[2.9017, 3.5419 ]","[9.6941, 14.3887 ]","[1.6579, 3.0031 ]",3032,"[(728.0000, 243.0000), (888.0000, 131.0000)]","[(613.0000, 240.0000), (1327.0000, 180.0000)]","[2.099887, 146.060577]","[24.560287, 570.576679]","[10.328577, 155.738295]","[2.099887, 146.060577]","[44.920800, 849.032204]"
3033,1,[2.8567 ],[9.9829 ],[1.5520 ],3033,"[(717.0000, 266.0000)]","[(613.0000, 273.0000)]",[5.644761],[33.187054],[17.874643],[5.644761],[55.084586]
3034,1,[2.7822 ],[10.1596 ],[1.3929 ],3034,"[(703.0000, 300.0000)]","[(607.0000, 303.0000)]",[0.949613],[32.775113],[10.611148],[0.949613],[63.651000]
3035,1,[2.7630 ],[10.4853 ],[1.3492 ],3035,"[(694.0000, 318.0000)]","[(610.0000, 333.0000)]",[9.278092],[32.985511],[20.720147],[9.278092],[47.414837]
3036,0,[0],[0],[0],3036,[],[],[],[],[],[],[]
3037,1,[2.6434 ],[10.8185 ],[0.9530 ],3037,"[(669.0000, 397.0000)]","[(604.0000, 412.0000)]",[3.117329],[3.117329],[13.235982],[3.117329],[0.000000]
3038,1,[2.6096 ],[11.0650 ],[0.8702 ],3038,"[(658.0000, 423.0000)]","[(604.0000, 446.0000)]",[8.663493],[38.191087],[18.429894],[8.663493],[59.055189]
3039,1,[2.5514 ],[11.3484 ],[0.7414 ],3039,"[(641.0000, 465.0000)]","[(601.0000, 487.0000)]",[4.277432],[45.389809],[13.361024],[4.277432],[82.224753]
3040,1,[2.5033 ],[11.5016 ],[0.5776 ],3040,"[(630.0000, 498.0000)]","[(599.0000, 528.0000)]",[9.053936],[45.129677],[17.650891],[9.053936],[72.151483]
3041,1,[2.4756 ],[11.8148 ],[0.4463 ],3041,"[(615.0000, 551.0000)]","[(601.0000, 573.0000)]",[1.525643],[49.261900],[6.169445],[1.525643],[95.472514]
3042,1,[2.4186 ],[11.9976 ],[0.2352 ],3042,"[(601.0000, 596.0000)]","[(599.0000, 626.0000)]",[2.497609],[50.179106],[9.536695],[2.497609],[95.362994]
3043,1,[2.3739 ],[12.1252 ],[0.1081 ],3043,"[(590.0000, 626.0000)]","[(596.0000, 660.0000)]",[3.521539],[34.966565],[10.115112],[3.521539],[62.890051]
3044,1,[2.3649 ],[12.2354 ],[0.2129 ],3044,"[(582.0000, 626.0000)]","[(593.0000, 660.0000)]",[2.278897],[7.510223],[8.901904],[2.278897],[10.462652]
3045,1,[2.3483 ],[12.3163 ],[0.3486 ],3045,"[(573.0000, 618.0000)]","[(587.0000, 652.0000)]",[0.803383],[11.283738],[7.585382],[0.803383],[20.960710]
3046,1,[2.3391 ],[12.3733 ],[0.3885 ],3046,"[(568.0000, 618.0000)]","[(585.0000, 656.0000)]",[3.697363],[8.189257],[10.527515],[3.697363],[8.983788]
3047,1,[2.3105 ],[12.3839 ],[0.3999 ],3047,"[(562.0000, 618.0000)]","[(579.0000, 656.0000)]",[2.146476],[7.838862],[8.990849],[2.146476],[11.384773]
3048,1,[2.3230 ],[12.5259 ],[0.5316 ],3048,"[(554.0000, 618.0000)]","[(579.0000, 656.0000)]",[1.424577],[5.241168],[8.294551],[1.424577],[7.633180]
3049,1,[2.3151 ],[12.6268 ],[0.6139 ],3049,"[(545.0000, 618.0000)]","[(576.0000, 660.0000)]",[3.771046],[10.419064],[10.711112],[3.771046],[13.296035]
3050,1,[2.3030 ],[12.7051 ],[0.6532 ],3050,"[(537.0000, 622.0000)]","[(573.0000, 667.0000)]",[5.054052],[12.915721],[11.985193],[5.054052],[15.723339]
3051,1,[2.2726 ],[12.7223 ],[0.6105 ],3051,"[(531.0000, 630.0000)]","[(568.0000, 678.0000)]",[5.933586],[16.416680],[12.778718],[5.933586],[20.966187]
3052,1,[2.2556 ],[12.7657 ],[0.5916 ],3052,"[(525.0000, 641.0000)]","[(565.0000, 686.0000)]",[1.464379],[11.498640],[8.102354],[1.464379],[20.068523]
3053,1,[2.2631 ],[12.9149 ],[0.6713 ],3053,"[(514.0000, 652.0000)]","[(565.0000, 697.0000)]",[0.282724],[12.916092],[6.205603],[0.282724],[25.266735]
3054,1,[2.2449 ],[12.9794 ],[0.6582 ],3054,"[(506.0000, 663.0000)]","[(562.0000, 712.0000)]",[1.372011],[15.092036],[7.752843],[1.372011],[27.440052]
3055,1,[2.2344 ],[13.0131 ],[0.5997 ],3055,"[(503.0000, 678.0000)]","[(562.0000, 727.0000)]",[0.173268],[14.580921],[6.314634],[0.173268],[28.815305]
3056,1,[2.2481 ],[12.9578 ],[0.7652 ],3056,"[(506.0000, 637.0000)]","[(559.0000, 697.0000)]",[12.523687],[46.471345],[19.478027],[12.523687],[67.895316]
3057,1,[2.3386 ],[12.4982 ],[1.0380 ],3057,"[(548.0000, 532.0000)]","[(565.0000, 573.0000)]",[6.772978],[119.629741],[15.138925],[6.772978],[225.713527]
3058,1,"[2.4397, 3.4912 ]","[12.2951, 14.5066 ]","[1.3748, 2.9347 ]",3058,"[(573.0000, 453.0000), (838.0000, 228.0000)]","[(573.0000, 480.0000), (1352.0000, 255.0000)]","[2.639297, 132.823788]","[86.494170, 739.728821]","[12.075049, 141.552673]","[2.639297, 132.823788]","[167.709744, 1213.810066]"
3059,0,[0],[0],[0],3059,[],[],[],[],[],[],[]
3060,1,"[2.6134, 3.2901 ]","[11.9276, 14.7229 ]","[1.9855, 2.9270 ]",3060,"[(618.0000, 307.0000), (607.0000, 375.0000)]","[(585.0000, 307.0000), (1361.0000, 270.0000)]","[6.301998, 7.796902]","[6.301998, 7.796902]","[4.990508, 18.417175]","[6.301998, 7.796902]","[0.000000, 0.000000]"
3061,1,"[2.3432, 3.4788 ]","[38.4927, 14.5375 ]","[9.5512, 2.9356 ]",3061,"[(838.0000, 232.0000), (829.0000, 228.0000)]","[(585.0000, 255.0000), (1364.0000, 270.0000)]","[15.020964, 149.967836]","[149.325107, 277.685588]","[27.326979, 157.773668]","[15.020964, 149.967836]","[268.608286, 255.435504]"
3062,1,"[2.7170, 3.4860 ]","[10.8131, 14.5345 ]","[2.1536, 2.9323 ]",3062,"[(677.0000, 202.0000), (835.0000, 232.0000)]","[(587.0000, 213.0000), (1366.0000, 270.0000)]","[12.184937, 146.272440]","[109.433781, 150.743526]","[25.634456, 154.055304]","[12.184937, 146.272440]","[194.497687, 8.942172]"
3063,1,"[2.7802, 3.4860 ]","[10.1450, 14.5345 ]","[2.2685, 2.9323 ]",3063,"[(703.0000, 161.0000), (835.0000, 232.0000)]","[(587.0000, 161.0000), (1366.0000, 270.0000)]","[4.715684, 146.272440]","[52.059413, 146.272440]","[18.598778, 154.055304]","[4.715684, 146.272440]","[94.687456, 0.000000]"
3064,1,"[2.8600, 3.3574 ]","[9.7948, 14.6282 ]","[2.3920, 2.9976 ]",3064,"[(722.0000, 131.0000), (711.0000, 172.0000)]","[(593.0000, 127.0000), (1361.0000, 262.0000)]","[3.411126, 198.841028]","[36.417916, 268.751054]","[17.725381, 209.101454]","[3.411126, 198.841028]","[66.013579, 139.820051]"
3065,1,[2.8985 ],[9.6448 ],[2.5527 ],3065,"[(731.0000, 105.0000)]","[(593.0000, 90.0000)]",[4.880272],[35.354181],[9.515105],[4.880272],[60.947819]
3066,1,[2.9790 ],[9.2905 ],[2.6921 ],3066,"[(748.0000, 71.0000)]","[(599.0000, 63.0000)]",[3.729400],[34.794479],[19.013689],[3.729400],[62.130157]
3067,1,[3.0298 ],[9.0071 ],[2.8032 ],3067,"[(759.0000, 48.0000)]","[(601.0000, 41.0000)]",[5.817064],[28.396927],[21.551209],[5.817064],[45.159726]
3068,1,[3.0953 ],[8.9083 ],[2.9087 ],3068,"[(770.0000, 33.0000)]","[(607.0000, 18.0000)]",[0.534239],[20.687774],[15.200433],[0.534239],[40.307070]
3069,1,[3.1438 ],[8.6485 ],[2.9632 ],3069,"[(779.0000, 18.0000)]","[(610.0000, 11.0000)]",[7.464207],[19.390389],[23.754478],[7.464207],[23.852365]
3070,0,[0],[0],[0],3070,[],[],[],[],[],[],[]
3071,0,[0],[0],[0],3071,[],[],[],[],[],[],[]
3072,1,[3.9891 ],[14.5510 ],[2.5713 ],3072,"[(1347.0000, 806.0000)]","[(1378.0000, 281.0000)]",[459.218207],[459.218207],[299.155964],[459.218207],[0.000000]
3073,0,[0],[0],[0],3073,[],[],[],[],[],[],[]
3074,0,[0],[0],[0],3074,[],[],[],[],[],[],[]
3075,0,[0],[0],[0],3075,[],[],[],[],[],[],[]
3076,0,[0],[0],[0],3076,[],[],[],[],[],[],[]
3077,0,[0],[0],[0],3077,[],[],[],[],[],[],[]
3078,0,[0],[0],[0],3078,[],[],[],[],[],[],[]
3079,0,[0],[0],[0],3079,[],[],[],[],[],[],[]
3080,0,[0],[0],[0],3080,[],[],[],[],[],[],[]
3081,0,[0],[0],[0],3081,[],[],[],[],[],[],[]
3082,1,[3.7745 ],[3.1060 ],[2.7479 ],3082,"[(849.0000, 11.0000)]","[(621.0000, 18.0000)]",[18.393645],[18.393645],[32.203510],[18.393645],[0.000000]
3083,1,[3.7314 ],[5.3036 ],[2.8416 ],3083,"[(849.0000, 18.0000)]","[(638.0000, 7.0000)]",[0.672225],[13.616058],[16.886556],[0.672225],[25.887665]
3084,1,[3.7691 ],[5.2231 ],[2.8004 ],3084,"[(852.0000, 22.0000)]","[(641.0000, 11.0000)]",[0.573538],[5.349758],[16.728862],[0.573538],[9.552439]
3085,1,[3.8989 ],[4.8989 ],[2.7643 ],3085,"[(863.0000, 26.0000)]","[(649.0000, 11.0000)]",[3.306302],[12.618912],[12.718025],[3.306302],[18.625220]
3086,1,[4.0390 ],[5.8355 ],[2.7323 ],3086,"[(880.0000, 33.0000)]","[(675.0000, 18.0000)]",[1.702669],[23.128938],[14.301741],[1.702669],[42.852539]
3087,1,[4.1650 ],[6.1883 ],[2.6571 ],3087,"[(894.0000, 41.0000)]","[(694.0000, 30.0000)]",[2.999479],[21.282051],[18.999528],[2.999479],[36.565144]
3088,1,[4.3309 ],[5.8932 ],[2.5902 ],3088,"[(908.0000, 48.0000)]","[(705.0000, 33.0000)]",[0.692094],[13.479402],[15.161192],[0.692094],[25.574616]
3089,1,[4.4769 ],[6.1971 ],[2.5156 ],3089,"[(925.0000, 60.0000)]","[(725.0000, 41.0000)]",[3.492878],[23.523759],[12.178926],[3.492878],[40.061762]
3090,1,[4.5103 ],[7.1276 ],[2.4903 ],3090,"[(939.0000, 71.0000)]","[(750.0000, 52.0000)]",[1.457504],[22.786138],[14.082056],[1.457504],[42.657268]
3091,1,[4.8413 ],[6.6880 ],[2.3158 ],3091,"[(967.0000, 86.0000)]","[(773.0000, 67.0000)]",[0.605531],[28.578721],[14.730373],[0.605531],[55.946381]
3092,1,[4.8357 ],[7.5671 ],[2.2969 ],3092,"[(981.0000, 97.0000)]","[(798.0000, 82.0000)]",[5.584411],[27.761791],[20.708131],[5.584411],[44.354760]
3093,1,[4.9157 ],[8.2150 ],[2.2548 ],3093,"[(1004.0000, 116.0000)]","[(829.0000, 93.0000)]",[0.892843],[30.529878],[15.751909],[0.892843],[59.274071]
3094,1,[5.3693 ],[7.0537 ],[1.9520 ],3094,"[(1026.0000, 135.0000)]","[(835.0000, 108.0000)]",[3.143215],[24.534893],[11.454165],[3.143215],[42.783357]
3095,1,[5.3722 ],[8.0490 ],[1.9167 ],3095,"[(1051.0000, 161.0000)]","[(871.0000, 127.0000)]",[5.423635],[41.702171],[8.814256],[5.423635],[72.557072]
3096,1,[5.5367 ],[8.3187 ],[1.7925 ],3096,"[(1077.0000, 180.0000)]","[(900.0000, 150.0000)]",[2.121198],[34.785386],[15.812543],[2.121198],[65.328376]
3097,1,[5.6280 ],[8.7364 ],[1.6316 ],3097,"[(1099.0000, 213.0000)]","[(928.0000, 180.0000)]",[4.067268],[42.214800],[17.052057],[4.067268],[76.295063]
3098,1,[5.8780 ],[8.7358 ],[1.4329 ],3098,"[(1127.0000, 240.0000)]","[(953.0000, 202.0000)]",[3.784410],[37.898845],[16.241130],[3.784410],[68.228870]
3099,1,[5.7110 ],[9.7416 ],[1.4881 ],3099,"[(1150.0000, 273.0000)]","[(992.0000, 228.0000)]",[4.883238],[46.083603],[16.615783],[4.883238],[82.400730]
3100,1,[5.9778 ],[9.6788 ],[1.2302 ],3100,"[(1178.0000, 307.0000)]","[(1015.0000, 258.0000)]",[7.188337],[45.901013],[18.055120],[7.188337],[77.425352]
3101,1,[6.3612 ],[9.5016 ],[0.8965 ],3101,"[(1212.0000, 348.0000)]","[(1040.0000, 285.0000)]",[1.364110],[44.027859],[11.757774],[1.364110],[85.327498]
3102,1,[6.2784 ],[10.1780 ],[0.8913 ],3102,"[(1240.0000, 386.0000)]","[(1077.0000, 318.0000)]",[7.142634],[53.032516],[16.281643],[7.142634],[91.779763]
3103,1,[6.6159 ],[10.1541 ],[0.5684 ],3103,"[(1276.0000, 435.0000)]","[(1105.0000, 348.0000)]",[0.216316],[48.660585],[8.479764],[0.216316],[96.888538]
3104,1,[6.6011 ],[10.6319 ],[0.5029 ],3104,"[(1305.0000, 480.0000)]","[(1139.0000, 382.0000)]",[1.951390],[50.404143],[9.485648],[1.951390],[96.905505]
3105,1,[6.6883 ],[10.9351 ],[0.3424 ],3105,"[(1335.0000, 528.0000)]","[(1170.0000, 420.0000)]",[6.172081],[56.751425],[12.208601],[6.172081],[101.158688]
3106,0,[0],[0],[0],3106,[],[],[],[],[],[],[]
3107,1,[6.8808 ],[11.4517 ],[0.1331 ],3107,"[(1403.0000, 615.0000)]","[(1234.0000, 476.0000)]",[5.060331],[5.060331],[9.180517],[5.060331],[0.000000]
3108,1,[6.5104 ],[11.9441 ],[0.5633 ],3108,"[(1420.0000, 607.0000)]","[(1262.0000, 468.0000)]",[9.685399],[33.292524],[13.350968],[9.685399],[47.214250]
3109,0,[0],[0],[0],3109,[],[],[],[],[],[],[]
3110,0,[0],[0],[0],3110,[],[],[],[],[],[],[]
3111,0,[0],[0],[0],3111,[],[],[],[],[],[],[]
3112,0,[0],[0],[0],3112,[],[],[],[],[],[],[]
3113,0,[0],[0],[0],3113,[],[],[],[],[],[],[]
3114,0,[0],[0],[0],3114,[],[],[],[],[],[],[]
3115,0,[0],[0],[0],3115,[],[],[],[],[],[],[]
3116,0,[0],[0],[0],3116,[],[],[],[],[],[],[]
3117,0,[0],[0],[0],3117,[],[],[],[],[],[],[]
3118,0,[0],[0],[0],3118,[],[],[],[],[],[],[]
3119,0,[0],[0],[0],3119,[],[],[],[],[],[],[]
3120,0,[0],[0],[0],3120,[],[],[],[],[],[],[]
3121,0,[0],[0],[0],3121,[],[],[],[],[],[],[]
3122,0,[0],[0],[0],3122,[],[],[],[],[],[],[]
3123,0,[0],[0],[0],3123,[],[],[],[],[],[],[]
3124,0,[0],[0],[0],3124,[],[],[],[],[],[],[]
3125,0,[0],[0],[0],3125,[],[],[],[],[],[],[]
3126,0,[0],[0],[0],3126,[],[],[],[],[],[],[]
3127,0,[0],[0],[0],3127,[],[],[],[],[],[],[]
3128,0,[0],[0],[0],3128,[],[],[],[],[],[],[]
3129,0,[0],[0],[0],3129,[],[],[],[],[],[],[]
3130,0,[0],[0],[0],3130,[],[],[],[],[],[],[]
3131,0,[0],[0],[0],3131,[],[],[],[],[],[],[]
3132,0,[0],[0],[0],3132,[],[],[],[],[],[],[]
3133,0,[0],[0],[0],3133,[],[],[],[],[],[],[]
3134,0,[0],[0],[0],3134,[],[],[],[],[],[],[]
3135,0,[0],[0],[0],3135,[],[],[],[],[],[],[]
3136,0,[0],[0],[0],3136,[],[],[],[],[],[],[]
3137,0,[0],[0],[0],3137,[],[],[],[],[],[],[]
3138,0,[0],[0],[0],3138,[],[],[],[],[],[],[]
3139,0,[0],[0],[0],3139,[],[],[],[],[],[],[]
3140,0,[0],[0],[0],3140,[],[],[],[],[],[],[]
3141,0,[0],[0],[0],3141,[],[],[],[],[],[],[]
3142,0,[0],[0],[0],3142,[],[],[],[],[],[],[]
3143,0,[0],[0],[0],3143,[],[],[],[],[],[],[]
3144,0,[0],[0],[0],3144,[],[],[],[],[],[],[]
3145,0,[0],[0],[0],3145,[],[],[],[],[],[],[]
3146,0,[0],[0],[0],3146,[],[],[],[],[],[],[]
3147,0,[0],[0],[0],3147,[],[],[],[],[],[],[]
3148,0,[0],[0],[0],3148,[],[],[],[],[],[],[]
3149,0,[0],[0],[0],3149,[],[],[],[],[],[],[]
3150,0,[0],[0],[0],3150,[],[],[],[],[],[],[]
3151,0,[0],[0],[0],3151,[],[],[],[],[],[],[]
3152,0,[0],[0],[0],3152,[],[],[],[],[],[],[]
3153,0,[0],[0],[0],3153,[],[],[],[],[],[],[]
3154,0,[0],[0],[0],3154,[],[],[],[],[],[],[]
3155,0,[0],[0],[0],3155,[],[],[],[],[],[],[]
3156,0,[0],[0],[0],3156,[],[],[],[],[],[],[]
3157,0,[0],[0],[0],3157,[],[],[],[],[],[],[]
3158,0,[0],[0],[0],3158,[],[],[],[],[],[],[]
3159,0,[0],[0],[0],3159,[],[],[],[],[],[],[]
3160,0,[0],[0],[0],3160,[],[],[],[],[],[],[]
3161,0,[0],[0],[0],3161,[],[],[],[],[],[],[]
3162,0,[0],[0],[0],3162,[],[],[],[],[],[],[]
3163,0,[0],[0],[0],3163,[],[],[],[],[],[],[]
3164,0,[0],[0],[0],3164,[],[],[],[],[],[],[]
3165,0,[0],[0],[0],3165,[],[],[],[],[],[],[]
3166,0,[0],[0],[0],3166,[],[],[],[],[],[],[]
3167,0,[0],[0],[0],3167,[],[],[],[],[],[],[]
3168,0,[0],[0],[0],3168,[],[],[],[],[],[],[]
3169,0,[0],[0],[0],3169,[],[],[],[],[],[],[]
3170,0,[0],[0],[0],3170,[],[],[],[],[],[],[]
3171,0,[0],[0],[0],3171,[],[],[],[],[],[],[]
3172,0,[0],[0],[0],3172,[],[],[],[],[],[],[]
3173,0,[0],[0],[0],3173,[],[],[],[],[],[],[]
3174,0,[0],[0],[0],3174,[],[],[],[],[],[],[]
3175,0,[0],[0],[0],3175,[],[],[],[],[],[],[]
3176,1,[10.0118 ],[4.2747 ],[1.2507 ],3176,"[(1375.0000, 161.0000)]","[(1088.0000, 112.0000)]",[0.140872],[0.140872],[14.475392],[0.140872],[0.000000]
3177,1,[9.8451 ],[4.5583 ],[1.3872 ],3177,"[(1378.0000, 153.0000)]","[(1091.0000, 105.0000)]",[0.592730],[8.604590],[15.066221],[0.592730],[16.023720]
3178,1,[9.5707 ],[4.9805 ],[1.5825 ],3178,"[(1380.0000, 138.0000)]","[(1094.0000, 97.0000)]",[6.433382],[18.113910],[20.770733],[6.433382],[23.361057]
3179,1,[10.0266 ],[4.3342 ],[1.5423 ],3179,"[(1389.0000, 135.0000)]","[(1096.0000, 90.0000)]",[2.050150],[10.579758],[16.807113],[2.050150],[17.059216]
3180,1,[10.6874 ],[3.3602 ],[1.4241 ],3180,"[(1397.0000, 135.0000)]","[(1096.0000, 86.0000)]",[2.228828],[8.317413],[12.867265],[2.228828],[12.177170]
3181,1,[10.5440 ],[3.6263 ],[1.5125 ],3181,"[(1400.0000, 131.0000)]","[(1099.0000, 82.0000)]",[2.353361],[7.436158],[12.843397],[2.353361],[10.165593]
3182,0,[0],[0],[0],3182,[],[],[],[],[],[],[]
3183,0,[0],[0],[0],3183,[],[],[],[],[],[],[]
3184,0,[0],[0],[0],3184,[],[],[],[],[],[],[]
3185,0,[0],[0],[0],3185,[],[],[],[],[],[],[]
3186,0,[0],[0],[0],3186,[],[],[],[],[],[],[]
3187,0,[0],[0],[0],3187,[],[],[],[],[],[],[]
3188,0,[0],[0],[0],3188,[],[],[],[],[],[],[]
3189,0,[0],[0],[0],3189,[],[],[],[],[],[],[]
3190,0,[0],[0],[0],3190,[],[],[],[],[],[],[]
3191,0,[0],[0],[0],3191,[],[],[],[],[],[],[]
3192,0,[0],[0],[0],3192,[],[],[],[],[],[],[]
3193,0,[0],[0],[0],3193,[],[],[],[],[],[],[]
3194,0,[0],[0],[0],3194,[],[],[],[],[],[],[]
3195,0,[0],[0],[0],3195,[],[],[],[],[],[],[]
3196,0,[0],[0],[0],3196,[],[],[],[],[],[],[]
3197,0,[0],[0],[0],3197,[],[],[],[],[],[],[]
3198,0,[0],[0],[0],3198,[],[],[],[],[],[],[]
3199,0,[0],[0],[0],3199,[],[],[],[],[],[],[]
3200,0,[0],[0],[0],3200,[],[],[],[],[],[],[]
3201,0,[0],[0],[0],3201,[],[],[],[],[],[],[]
3202,0,[0],[0],[0],3202,[],[],[],[],[],[],[]
3203,0,[0],[0],[0],3203,[],[],[],[],[],[],[]
3204,0,[0],[0],[0],3204,[],[],[],[],[],[],[]
3205,0,[0],[0],[0],3205,[],[],[],[],[],[],[]
3206,0,[0],[0],[0],3206,[],[],[],[],[],[],[]
3207,0,[0],[0],[0],3207,[],[],[],[],[],[],[]
3208,0,[0],[0],[0],3208,[],[],[],[],[],[],[]
3209,0,[0],[0],[0],3209,[],[],[],[],[],[],[]
3210,0,[0],[0],[0],3210,[],[],[],[],[],[],[]
3211,0,[0],[0],[0],3211,[],[],[],[],[],[],[]
3212,0,[0],[0],[0],3212,[],[],[],[],[],[],[]
3213,0,[0],[0],[0],3213,[],[],[],[],[],[],[]
3214,0,[0],[0],[0],3214,[],[],[],[],[],[],[]
3215,0,[0],[0],[0],3215,[],[],[],[],[],[],[]
3216,0,[0],[0],[0],3216,[],[],[],[],[],[],[]
3217,0,[0],[0],[0],3217,[],[],[],[],[],[],[]
3218,0,[0],[0],[0],3218,[],[],[],[],[],[],[]
3219,0,[0],[0],[0],3219,[],[],[],[],[],[],[]
3220,0,[0],[0],[0],3220,[],[],[],[],[],[],[]
3221,0,[0],[0],[0],3221,[],[],[],[],[],[],[]
3222,0,[0],[0],[0],3222,[],[],[],[],[],[],[]
3223,0,[0],[0],[0],3223,[],[],[],[],[],[],[]
3224,0,[0],[0],[0],3224,[],[],[],[],[],[],[]
3225,0,[0],[0],[0],3225,[],[],[],[],[],[],[]
3226,0,[0],[0],[0],3226,[],[],[],[],[],[],[]
3227,0,[0],[0],[0],3227,[],[],[],[],[],[],[]
3228,0,[0],[0],[0],3228,[],[],[],[],[],[],[]
3229,0,[0],[0],[0],3229,[],[],[],[],[],[],[]
3230,0,[0],[0],[0],3230,[],[],[],[],[],[],[]
3231,0,[0],[0],[0],3231,[],[],[],[],[],[],[]
3232,0,[0],[0],[0],3232,[],[],[],[],[],[],[]
3233,0,[0],[0],[0],3233,[],[],[],[],[],[],[]
3234,0,[0],[0],[0],3234,[],[],[],[],[],[],[]
3235,0,[0],[0],[0],3235,[],[],[],[],[],[],[]
3236,0,[0],[0],[0],3236,[],[],[],[],[],[],[]
3237,1,[11.4313 ],[1.1026 ],[1.0836 ],3237,"[(1355.0000, 138.0000)]","[(1054.0000, 86.0000)]",[9.958691],[9.958691],[5.567085],[9.958691],[0.000000]
3238,1,[11.3318 ],[1.3994 ],[0.8704 ],3238,"[(1352.0000, 153.0000)]","[(1057.0000, 105.0000)]",[3.731104],[20.519066],[11.021663],[3.731104],[33.575925]
3239,1,[11.4184 ],[1.2971 ],[0.7070 ],3239,"[(1350.0000, 161.0000)]","[(1057.0000, 116.0000)]",[0.244156],[9.605724],[14.540590],[0.244156],[18.723136]
3240,0,[0],[0],[0],3240,[],[],[],[],[],[],[]
3241,0,[0],[0],[0],3241,[],[],[],[],[],[],[]
3242,0,[0],[0],[0],3242,[],[],[],[],[],[],[]
3243,0,[0],[0],[0],3243,[],[],[],[],[],[],[]
3244,0,[0],[0],[0],3244,[],[],[],[],[],[],[]
3245,0,[0],[0],[0],3245,[],[],[],[],[],[],[]
3246,0,[0],[0],[0],3246,[],[],[],[],[],[],[]
3247,0,[0],[0],[0],3247,[],[],[],[],[],[],[]
3248,0,[0],[0],[0],3248,[],[],[],[],[],[],[]
3249,0,[0],[0],[0],3249,[],[],[],[],[],[],[]
3250,0,[0],[0],[0],3250,[],[],[],[],[],[],[]
3251,0,[0],[0],[0],3251,[],[],[],[],[],[],[]
3252,0,[0],[0],[0],3252,[],[],[],[],[],[],[]
3253,0,[0],[0],[0],3253,[],[],[],[],[],[],[]
3254,0,[0],[0],[0],3254,[],[],[],[],[],[],[]
3255,0,[0],[0],[0],3255,[],[],[],[],[],[],[]
3256,0,[0],[0],[0],3256,[],[],[],[],[],[],[]
3257,0,[0],[0],[0],3257,[],[],[],[],[],[],[]
3258,0,[0],[0],[0],3258,[],[],[],[],[],[],[]
3259,0,[0],[0],[0],3259,[],[],[],[],[],[],[]
3260,0,[0],[0],[0],3260,[],[],[],[],[],[],[]
3261,0,[0],[0],[0],3261,[],[],[],[],[],[],[]
3262,0,[0],[0],[0],3262,[],[],[],[],[],[],[]
3263,1,[11.4708 ],[0.9788 ],[1.0805 ],3263,"[(1352.0000, 131.0000)]","[(1054.0000, 90.0000)]",[0.627062],[0.627062],[15.528414],[0.627062],[0.000000]
