EventSensor_ns,RowType,Source_Index,Source_SensorTimestamp_ns,Sink_Index,Sink_SensorTimestamp_ns,Sink_SensorTimestamp_Corrected_ns,TimeDifference_ns,TimeDifference_ms
9455422704000,MATCHED,0,9455422704000,0,10204719575000,9455422704000,0,0.000000
9455456024000,MATCHED,1,9455456024000,1,10204755672000,9455458801000,-2777000,-2.777000
9455489343000,MATCHED,2,9455489343000,2,10204791767000,9455494896000,-5553000,-5.553000
9455522664000,MATCHED,3,9455522664000,3,10204827867000,9455530996000,-8332000,-8.332000
9455555980000,MATCHED,4,9455555980000,4,10204863953000,9455567082000,-11102000,-11.102000
9455589299000,MATCHED,5,9455589299000,5,10204900055000,9455603184000,-13885000,-13.885000
9455622617000,MATCHED,6,9455622617000,6,10204936152000,9455639281000,-16664000,-16.664000
9455655936000,MATCHED,7,9455655936000,7,10204972241000,9455675370000,-19434000,-19.434000
9455689254000,MATCHED,8,9455689254000,8,10205008337000,9455711466000,-22212000,-22.212000
9455722575000,MATCHED,9,9455722575000,9,10205044430000,9455747559000,-24984000,-24.984000
9455755891000,MATCHED,10,9455755891000,10,10205080526000,9455783655000,-27764000,-27.764000
9455789209000,MATCHED,11,9455789209000,11,10205116621000,9455819750000,-30541000,-30.541000
9455822526000,MATCHED,12,9455822526000,12,10205152725000,9455855854000,-33328000,-33.328000
9455855845000,MATCHED,13,9455855845000,13,10205188812000,9455891941000,-36096000,-36.096000
9455889165000,MATCHED,14,9455889165000,14,10205224905000,9455928034000,-38869000,-38.869000
9455922483000,MATCHED,15,9455922483000,15,10205261002000,9455964131000,-41648000,-41.648000
9455955801000,MATCHED,16,9455955801000,16,10205297097000,9456000226000,-44425000,-44.425000
9455989120000,MATCHED,17,9455989120000,17,10205333188000,9456036317000,-47197000,-47.197000
9456022437000,MATCHED,18,9456022437000,18,10205369282000,9456072411000,-49974000,-49.974000
9456055760000,MATCHED,19,9456055760000,19,10205405377000,9456108506000,-52746000,-52.746000
9456089075000,MATCHED,20,9456089075000,20,10205441472000,9456144601000,-55526000,-55.526000
9456122394000,MATCHED,21,9456122394000,21,10205477567000,9456180696000,-58302000,-58.302000
9456155711000,MATCHED,22,9456155711000,22,10205513665000,9456216794000,-61083000,-61.083000
9456189029000,MATCHED,23,9456189029000,23,10205549760000,9456252889000,-63860000,-63.860000
9456222349000,MATCHED,24,9456222349000,24,10205585855000,9456288984000,-66635000,-66.635000
9456255668000,MATCHED,25,9456255668000,25,10205621947000,9456325076000,-69408000,-69.408000
9456288986000,MATCHED,26,9456288986000,26,10205658042000,9456361171000,-72185000,-72.185000
9456322304000,MATCHED,27,9456322304000,27,10205694137000,9456397266000,-74962000,-74.962000
9456355624000,MATCHED,28,9456355624000,28,10205730232000,9456433361000,-77737000,-77.737000
9456388941000,MATCHED,29,9456388941000,29,10205766328000,9456469457000,-80516000,-80.516000
9456422259000,MATCHED,30,9456422259000,30,10205802422000,9456505551000,-83292000,-83.292000
9456455578000,MATCHED,31,9456455578000,31,10205838517000,9456541646000,-86068000,-86.068000
9456488897000,MATCHED,32,9456488897000,32,10205874613000,9456577742000,-88845000,-88.845000
9456522216000,MATCHED,33,9456522216000,33,10205910708000,9456613837000,-91621000,-91.621000
9456555535000,MATCHED,34,9456555535000,34,10205946803000,9456649932000,-94397000,-94.397000
9456588864000,MATCHED,35,9456588864000,35,10205982897000,9456686026000,-97162000,-97.162000
9456622170000,MATCHED,36,9456622170000,36,10206018992000,9456722121000,-99951000,-99.951000
9456655490000,MATCHED,37,9456655490000,37,10206055087000,9456758216000,-102726000,-102.726000
9456688807000,MATCHED,38,9456688807000,38,10206091184000,9456794313000,-105506000,-105.506000
9456722126000,MATCHED,39,9456722126000,39,10206127285000,9456830414000,-108288000,-108.288000
9456755444000,MATCHED,40,9456755444000,40,10206163380000,9456866509000,-111065000,-111.065000
9456788763000,MATCHED,41,9456788763000,41,10206199475000,9456902604000,-113841000,-113.841000
9456822082000,MATCHED,42,9456822082000,42,10206235565000,9456938694000,-116612000,-116.612000
9456855402000,MATCHED,43,9456855402000,43,10206271684000,9456974813000,-119411000,-119.411000
9456888720000,MATCHED,44,9456888720000,44,10206307764000,9457010893000,-122173000,-122.173000
9456922039000,MATCHED,45,9456922039000,45,10206343857000,9457046986000,-124947000,-124.947000
9456955357000,MATCHED,46,9456955357000,46,10206379949000,9457083078000,-127721000,-127.721000
9456988676000,MATCHED,47,9456988676000,47,10206416051000,9457119180000,-130504000,-130.504000
9457021995000,MATCHED,48,9457021995000,48,10206452170000,9457155299000,-133304000,-133.304000
9457055315000,MATCHED,49,9457055315000,49,10206488230000,9457191359000,-136044000,-136.044000
9457088632000,MATCHED,50,9457088632000,50,10206524330000,9457227459000,-138827000,-138.827000
9457121950000,MATCHED,51,9457121950000,51,10206560421000,9457263550000,-141600000,-141.600000
9457155267000,MATCHED,52,9457155267000,52,10206596516000,9457299645000,-144378000,-144.378000
9457188585000,MATCHED,53,9457188585000,53,10206632608000,9457335737000,-147152000,-147.152000
9457221903000,MATCHED,54,9457221903000,54,10206668704000,9457371833000,-149930000,-149.930000
9457255222000,MATCHED,55,9457255222000,55,10206704799000,9457407928000,-152706000,-152.706000
9457288540000,MATCHED,56,9457288540000,56,10206740892000,9457444021000,-155481000,-155.481000
9457321860000,MATCHED,57,9457321860000,57,10206776988000,9457480117000,-158257000,-158.257000
9457355177000,MATCHED,58,9457355177000,58,10206813082000,9457516211000,-161034000,-161.034000
9457388496000,MATCHED,59,9457388496000,59,10206849178000,9457552307000,-163811000,-163.811000
9457421814000,MATCHED,60,9457421814000,60,10206885273000,9457588402000,-166588000,-166.588000
9457455134000,MATCHED,61,9457455134000,61,10206921371000,9457624500000,-169366000,-169.366000
9457488453000,MATCHED,62,9457488453000,62,10206957465000,9457660594000,-172141000,-172.141000
9457521771000,MATCHED,63,9457521771000,63,10206993561000,9457696690000,-174919000,-174.919000
9457555089000,MATCHED,64,9457555089000,64,10207029653000,9457732782000,-177693000,-177.693000
9457588409000,MATCHED,65,9457588409000,65,10207065748000,9457768877000,-180468000,-180.468000
9457621730000,MATCHED,66,9457621730000,66,10207101842000,9457804971000,-183241000,-183.241000
9457655044000,MATCHED,67,9457655044000,67,10207137938000,9457841067000,-186023000,-186.023000
9457688363000,MATCHED,68,9457688363000,68,10207174033000,9457877162000,-188799000,-188.799000
9457721681000,MATCHED,69,9457721681000,69,10207210128000,9457913257000,-191576000,-191.576000
9457754999000,MATCHED,70,9457754999000,70,10207246225000,9457949354000,-194355000,-194.355000
9457788320000,MATCHED,71,9457788320000,71,10207282318000,9457985447000,-197127000,-197.127000
9457821637000,MATCHED,72,9457821637000,72,10207318412000,9458021541000,-199904000,-199.904000
9457854955000,MATCHED,73,9457854955000,73,10207354508000,9458057637000,-202682000,-202.682000
9457888276000,MATCHED,74,9457888276000,74,10207390603000,9458093732000,-205456000,-205.456000
9457921592000,MATCHED,75,9457921592000,75,10207426698000,9458129827000,-208235000,-208.235000
9457954912000,MATCHED,76,9457954912000,76,10207462792000,9458165921000,-211009000,-211.009000
9457988231000,MATCHED,77,9457988231000,77,10207498889000,9458202018000,-213787000,-213.787000
9458021549000,MATCHED,78,9458021549000,78,10207534983000,9458238112000,-216563000,-216.563000
9458054867000,MATCHED,79,9458054867000,79,10207571078000,9458274207000,-219340000,-219.340000
9458088183000,MATCHED,80,9458088183000,80,10207607173000,9458310302000,-222119000,-222.119000
9458121503000,MATCHED,81,9458121503000,81,10207643267000,9458346396000,-224893000,-224.893000
9458154821000,MATCHED,82,9458154821000,82,10207679362000,9458382491000,-227670000,-227.670000
9458188141000,MATCHED,83,9458188141000,83,10207715458000,9458418587000,-230446000,-230.446000
9458221458000,MATCHED,84,9458221458000,84,10207751552000,9458454681000,-233223000,-233.223000
9458254777000,MATCHED,85,9458254777000,85,10207787647000,9458490776000,-235999000,-235.999000
9458288096000,MATCHED,86,9458288096000,86,10207823747000,9458526876000,-238780000,-238.780000
9458321413000,MATCHED,87,9458321413000,87,10207859841000,9458562970000,-241557000,-241.557000
9458354733000,MATCHED,88,9458354733000,88,10207895936000,9458599065000,-244332000,-244.332000
9458388051000,MATCHED,89,9458388051000,89,10207932028000,9458635157000,-247106000,-247.106000
9458421369000,MATCHED,90,9458421369000,90,10207968123000,9458671252000,-249883000,-249.883000
9458454687000,MATCHED,91,9458454687000,91,10208004218000,9458707347000,-252660000,-252.660000
9458488011000,MATCHED,92,9458488011000,92,10208040314000,9458743443000,-255432000,-255.432000
9458521325000,MATCHED,93,9458521325000,93,10208076408000,9458779537000,-258212000,-258.212000
9458554643000,MATCHED,94,9458554643000,94,10208112504000,9458815633000,-260990000,-260.990000
9458587959000,MATCHED,95,9458587959000,95,10208148597000,9458851726000,-263767000,-263.767000
9458621283000,MATCHED,96,9458621283000,96,10208184697000,9458887826000,-266543000,-266.543000
9458654598000,MATCHED,97,9458654598000,97,10208220788000,9458923917000,-269319000,-269.319000
9458687916000,MATCHED,98,9458687916000,98,10208256883000,9458960012000,-272096000,-272.096000
9458721233000,MATCHED,99,9458721233000,99,10208292979000,9458996108000,-274875000,-274.875000
9458754553000,MATCHED,100,9458754553000,100,10208329073000,9459032202000,-277649000,-277.649000
9458787873000,MATCHED,101,9458787873000,101,10208365169000,9459068298000,-280425000,-280.425000
9458821189000,MATCHED,102,9458821189000,102,10208401264000,9459104393000,-283204000,-283.204000
9458854508000,MATCHED,103,9458854508000,103,10208437360000,9459140489000,-285981000,-285.981000
9458887826000,MATCHED,104,9458887826000,104,10208473456000,9459176585000,-288759000,-288.759000
9458921146000,MATCHED,105,9458921146000,105,10208509551000,9459212680000,-291534000,-291.534000
9458954463000,MATCHED,106,9458954463000,106,10208545646000,9459248775000,-294312000,-294.312000
9458987783000,MATCHED,107,9458987783000,107,10208581738000,9459284867000,-297084000,-297.084000
9459021102000,MATCHED,108,9459021102000,108,10208617835000,9459320964000,-299862000,-299.862000
9459054419000,MATCHED,109,9459054419000,109,10208653951000,9459357080000,-302661000,-302.661000
9459087739000,MATCHED,110,9459087739000,110,10208690024000,9459393153000,-305414000,-305.414000
9459121059000,MATCHED,111,9459121059000,111,10208726123000,9459429252000,-308193000,-308.193000
9459154374000,MATCHED,112,9459154374000,112,10208762213000,9459465342000,-310968000,-310.968000
9459187692000,MATCHED,113,9459187692000,113,10208798308000,9459501437000,-313745000,-313.745000
9459221012000,MATCHED,114,9459221012000,114,10208834404000,9459537533000,-316521000,-316.521000
9459254330000,MATCHED,115,9459254330000,115,10208870497000,9459573626000,-319296000,-319.296000
9459287654000,MATCHED,116,9459287654000,116,10208906592000,9459609721000,-322067000,-322.067000
9459320966000,MATCHED,117,9459320966000,117,10208942687000,9459645816000,-324850000,-324.850000
9459354285000,MATCHED,118,9459354285000,118,10208978783000,9459681912000,-327627000,-327.627000
9459387607000,MATCHED,119,9459387607000,119,10209014878000,9459718007000,-330400000,-330.400000
9459420923000,MATCHED,120,9459420923000,120,10209050972000,9459754101000,-333178000,-333.178000
9459454241000,MATCHED,121,9459454241000,121,10209087071000,9459790200000,-335959000,-335.959000
9459487561000,MATCHED,122,9459487561000,122,10209123170000,9459826299000,-338738000,-338.738000
9459520880000,MATCHED,123,9459520880000,123,10209159263000,9459862392000,-341512000,-341.512000
9459554196000,MATCHED,124,9459554196000,124,10209195352000,9459898481000,-344285000,-344.285000
9459587516000,MATCHED,125,9459587516000,125,10209231446000,9459934575000,-347059000,-347.059000
9459620833000,MATCHED,126,9459620833000,126,10209267541000,9459970670000,-349837000,-349.837000
9459654154000,MATCHED,127,9459654154000,127,10209303636000,9460006765000,-352611000,-352.611000
9459687470000,MATCHED,128,9459687470000,128,10209339731000,9460042860000,-355390000,-355.390000
9459720790000,MATCHED,129,9459720790000,129,10209375826000,9460078955000,-358165000,-358.165000
9459754108000,MATCHED,130,9459754108000,130,10209411922000,9460115051000,-360943000,-360.943000
9459787426000,MATCHED,131,9459787426000,131,10209448018000,9460151147000,-363721000,-363.721000
9459820745000,MATCHED,132,9459820745000,132,10209484113000,9460187242000,-366497000,-366.497000
9459854063000,MATCHED,133,9459854063000,133,10209520207000,9460223336000,-369273000,-369.273000
9459887381000,MATCHED,134,9459887381000,134,10209556303000,9460259432000,-372051000,-372.051000
9459920703000,MATCHED,135,9459920703000,135,10209592396000,9460295525000,-374822000,-374.822000
9459954019000,MATCHED,136,9459954019000,136,10209628491000,9460331620000,-377601000,-377.601000
9459987337000,MATCHED,137,9459987337000,137,10209664587000,9460367716000,-380379000,-380.379000
9460020655000,MATCHED,138,9460020655000,138,10209700683000,9460403812000,-383157000,-383.157000
9460053975000,MATCHED,139,9460053975000,139,10209736777000,9460439906000,-385931000,-385.931000
9460087293000,MATCHED,140,9460087293000,140,10209772872000,9460476001000,-388708000,-388.708000
9460120611000,MATCHED,141,9460120611000,141,10209808967000,9460512096000,-391485000,-391.485000
9460153930000,MATCHED,142,9460153930000,142,10209845061000,9460548190000,-394260000,-394.260000
9460187248000,MATCHED,143,9460187248000,143,10209881157000,9460584286000,-397038000,-397.038000
9460220565000,MATCHED,144,9460220565000,144,10209917252000,9460620381000,-399816000,-399.816000
9460253886000,MATCHED,145,9460253886000,145,10209953347000,9460656476000,-402590000,-402.590000
9460287203000,MATCHED,146,9460287203000,146,10209989448000,9460692577000,-405374000,-405.374000
9460320522000,MATCHED,147,9460320522000,147,10210025543000,9460728672000,-408150000,-408.150000
9460353840000,MATCHED,148,9460353840000,148,10210061639000,9460764768000,-410928000,-410.928000
9460387159000,MATCHED,149,9460387159000,149,10210097727000,9460800856000,-413697000,-413.697000
9460420484000,MATCHED,150,9460420484000,150,10210133822000,9460836951000,-416467000,-416.467000
9460453796000,MATCHED,151,9460453796000,151,10210169919000,9460873048000,-419252000,-419.252000
9460487115000,MATCHED,152,9460487115000,152,10210206012000,9460909141000,-422026000,-422.026000
9460520432000,MATCHED,153,9460520432000,153,10210242107000,9460945236000,-424804000,-424.804000
9460553750000,MATCHED,154,9460553750000,154,10210278202000,9460981331000,-427581000,-427.581000
9460587071000,MATCHED,155,9460587071000,155,10210314297000,9461017426000,-430355000,-430.355000
9460620387000,MATCHED,156,9460620387000,156,10210350392000,9461053521000,-433134000,-433.134000
9460653709000,MATCHED,157,9460653709000,157,10210386487000,9461089616000,-435907000,-435.907000
9460687025000,MATCHED,158,9460687025000,158,10210422583000,9461125712000,-438687000,-438.687000
9460720344000,MATCHED,159,9460720344000,159,10210458677000,9461161806000,-441462000,-441.462000
9460753664000,MATCHED,160,9460753664000,160,10210494771000,9461197900000,-444236000,-444.236000
9460786981000,MATCHED,161,9460786981000,161,10210530867000,9461233996000,-447015000,-447.015000
9460820299000,MATCHED,162,9460820299000,162,10210566963000,9461270092000,-449793000,-449.793000
9460853616000,MATCHED,163,9460853616000,163,10210603059000,9461306188000,-452572000,-452.572000
9460886936000,MATCHED,164,9460886936000,164,10210639152000,9461342281000,-455345000,-455.345000
9460920256000,MATCHED,165,9460920256000,165,10210675247000,9461378376000,-458120000,-458.120000
9460953574000,MATCHED,166,9460953574000,166,10210711342000,9461414471000,-460897000,-460.897000
9460986895000,MATCHED,167,9460986895000,167,10210747437000,9461450566000,-463671000,-463.671000
9461020209000,MATCHED,168,9461020209000,168,10210783533000,9461486662000,-466453000,-466.453000
9461053528000,MATCHED,169,9461053528000,169,10210819627000,9461522756000,-469228000,-469.228000
9461086848000,MATCHED,170,9461086848000,170,10210855722000,9461558851000,-472003000,-472.003000
9461120165000,MATCHED,171,9461120165000,171,10210891817000,9461594946000,-474781000,-474.781000
9461153484000,MATCHED,172,9461153484000,172,10210927912000,9461631041000,-477557000,-477.557000
9461186803000,MATCHED,173,9461186803000,173,10210964008000,9461667137000,-480334000,-480.334000
9461220123000,MATCHED,174,9461220123000,174,10211000103000,9461703232000,-483109000,-483.109000
9461253440000,MATCHED,175,9461253440000,175,10211036197000,9461739326000,-485886000,-485.886000
9461286757000,MATCHED,176,9461286757000,176,10211072293000,9461775422000,-488665000,-488.665000
9461320078000,MATCHED,177,9461320078000,177,10211108388000,9461811517000,-491439000,-491.439000
9461353395000,MATCHED,178,9461353395000,178,10211144482000,9461847611000,-494216000,-494.216000
9461386713000,MATCHED,179,9461386713000,179,10211180578000,9461883707000,-496994000,-496.994000
9461420033000,MATCHED,180,9461420033000,180,10211216672000,9461919801000,-499768000,-499.768000
9461453353000,MATCHED,181,9461453353000,181,10211252767000,9461955896000,-502543000,-502.543000
9461486669000,MATCHED,182,9461486669000,182,10211288864000,9461991993000,-505324000,-505.324000
9461519987000,MATCHED,183,9461519987000,183,10211324957000,9462028086000,-508099000,-508.099000
9461553304000,MATCHED,184,9461553304000,184,10211361052000,9462064181000,-510877000,-510.877000
9461586624000,MATCHED,185,9461586624000,185,10211397147000,9462100276000,-513652000,-513.652000
9461619942000,MATCHED,186,9461619942000,186,10211433242000,9462136371000,-516429000,-516.429000
9461653262000,MATCHED,187,9461653262000,187,10211469337000,9462172466000,-519204000,-519.204000
9461686579000,MATCHED,188,9461686579000,188,10211505432000,9462208561000,-521982000,-521.982000
9461719898000,MATCHED,189,9461719898000,189,10211541527000,9462244656000,-524758000,-524.758000
9461753217000,MATCHED,190,9461753217000,190,10211577622000,9462280751000,-527534000,-527.534000
9461786535000,MATCHED,191,9461786535000,191,10211613717000,9462316846000,-530311000,-530.311000
9461819853000,MATCHED,192,9461819853000,192,10211649813000,9462352942000,-533089000,-533.089000
9461853171000,MATCHED,193,9461853171000,193,10211685907000,9462389036000,-535865000,-535.865000
9461886490000,MATCHED,194,9461886490000,194,10211722002000,9462425131000,-538641000,-538.641000
9461919810000,MATCHED,195,9461919810000,195,10211758098000,9462461227000,-541417000,-541.417000
9461953127000,MATCHED,196,9461953127000,196,10211794193000,9462497322000,-544195000,-544.195000
9461986449000,MATCHED,197,9461986449000,197,10211830289000,9462533418000,-546969000,-546.969000
9462019764000,MATCHED,198,9462019764000,198,10211866382000,9462569511000,-549747000,-549.747000
9462053083000,MATCHED,199,9462053083000,199,10211902477000,9462605606000,-552523000,-552.523000
9462086402000,MATCHED,200,9462086402000,200,10211938572000,9462641701000,-555299000,-555.299000
9462119727000,MATCHED,201,9462119727000,201,10211974669000,9462677798000,-558071000,-558.071000
9462153045000,MATCHED,202,9462153045000,202,10212010762000,9462713891000,-560846000,-560.846000
9462186399000,MATCHED,203,9462186399000,203,10212046857000,9462749986000,-563587000,-563.587000
9462219685000,MATCHED,204,9462219685000,204,10212082956000,9462786085000,-566400000,-566.400000
9462253001000,MATCHED,205,9462253001000,205,10212119048000,9462822177000,-569176000,-569.176000
9462286317000,MATCHED,206,9462286317000,206,10212155142000,9462858271000,-571954000,-571.954000
9462319630000,MATCHED,207,9462319630000,207,10212191238000,9462894367000,-574737000,-574.737000
9462352947000,MATCHED,208,9462352947000,208,10212227332000,9462930461000,-577514000,-577.514000
9462386266000,MATCHED,209,9462386266000,209,10212263428000,9462966557000,-580291000,-580.291000
9462419586000,MATCHED,210,9462419586000,210,10212299523000,9463002652000,-583066000,-583.066000
9462452903000,MATCHED,211,9462452903000,211,10212335618000,9463038747000,-585844000,-585.844000
9462486226000,MATCHED,212,9462486226000,212,10212371713000,9463074842000,-588616000,-588.616000
9462519541000,MATCHED,213,9462519541000,213,10212407808000,9463110937000,-591396000,-591.396000
9462552859000,MATCHED,214,9462552859000,214,10212443903000,9463147032000,-594173000,-594.173000
9462586178000,MATCHED,215,9462586178000,215,10212480001000,9463183130000,-596952000,-596.952000
9462619496000,MATCHED,216,9462619496000,216,10212516095000,9463219224000,-599728000,-599.728000
9462652818000,MATCHED,217,9462652818000,217,10212552189000,9463255318000,-602500000,-602.500000
9462686132000,MATCHED,218,9462686132000,218,10212588286000,9463291415000,-605283000,-605.283000
9462719451000,MATCHED,219,9462719451000,219,10212624383000,9463327512000,-608061000,-608.061000
9462752769000,MATCHED,220,9462752769000,220,10212660481000,9463363610000,-610841000,-610.841000
9462786087000,MATCHED,221,9462786087000,221,10212696573000,9463399702000,-613615000,-613.615000
9462819407000,MATCHED,222,9462819407000,222,10212732671000,9463435800000,-616393000,-616.393000
9462852725000,MATCHED,223,9462852725000,223,10212768763000,9463471892000,-619167000,-619.167000
9462886043000,MATCHED,224,9462886043000,224,10212804860000,9463507989000,-621946000,-621.946000
9462919362000,MATCHED,225,9462919362000,225,10212840949000,9463544078000,-624716000,-624.716000
9462952680000,MATCHED,226,9462952680000,226,10212877046000,9463580175000,-627495000,-627.495000
9462986003000,MATCHED,227,9462986003000,227,10212913138000,9463616267000,-630264000,-630.264000
9463019319000,MATCHED,228,9463019319000,228,10212949233000,9463652362000,-633043000,-633.043000
9463052640000,MATCHED,229,9463052640000,229,10212985328000,9463688457000,-635817000,-635.817000
9463085958000,MATCHED,230,9463085958000,230,10213021423000,9463724552000,-638594000,-638.594000
9463119275000,MATCHED,231,9463119275000,231,10213057518000,9463760647000,-641372000,-641.372000
9463152595000,MATCHED,232,9463152595000,232,10213093614000,9463796743000,-644148000,-644.148000
9463185911000,MATCHED,233,9463185911000,233,10213129716000,9463832845000,-646934000,-646.934000
9463219230000,MATCHED,234,9463219230000,234,10213165810000,9463868939000,-649709000,-649.709000
9463252549000,MATCHED,235,9463252549000,235,10213201905000,9463905034000,-652485000,-652.485000
9463285867000,MATCHED,236,9463285867000,236,10213237994000,9463941123000,-655256000,-655.256000
9463319185000,MATCHED,237,9463319185000,237,10213274088000,9463977217000,-658032000,-658.032000
9463352505000,MATCHED,238,9463352505000,238,10213310183000,9464013312000,-660807000,-660.807000
9463385823000,MATCHED,239,9463385823000,239,10213346279000,9464049408000,-663585000,-663.585000
9463419141000,MATCHED,240,9463419141000,240,10213382373000,9464085502000,-666361000,-666.361000
9463452461000,MATCHED,241,9463452461000,241,10213418469000,9464121598000,-669137000,-669.137000
9463485779000,MATCHED,242,9463485779000,242,10213454565000,9464157694000,-671915000,-671.915000
9463519100000,MATCHED,243,9463519100000,243,10213490658000,9464193787000,-674687000,-674.687000
9463552416000,MATCHED,244,9463552416000,244,10213526753000,9464229882000,-677466000,-677.466000
9463585734000,MATCHED,245,9463585734000,245,10213562849000,9464265978000,-680244000,-680.244000
9463619052000,MATCHED,246,9463619052000,246,10213598944000,9464302073000,-683021000,-683.021000
9463652374000,MATCHED,247,9463652374000,247,10213635041000,9464338170000,-685796000,-685.796000
9463685690000,MATCHED,248,9463685690000,248,10213671134000,9464374263000,-688573000,-688.573000
9463719009000,MATCHED,249,9463719009000,249,10213707229000,9464410358000,-691349000,-691.349000
9463752327000,MATCHED,250,9463752327000,250,10213743324000,9464446453000,-694126000,-694.126000
9463785645000,MATCHED,251,9463785645000,251,10213779420000,9464482549000,-696904000,-696.904000
9463818964000,MATCHED,252,9463818964000,252,10213815513000,9464518642000,-699678000,-699.678000
9463852283000,MATCHED,253,9463852283000,253,10213851610000,9464554739000,-702456000,-702.456000
9463885601000,MATCHED,254,9463885601000,254,10213887703000,9464590832000,-705231000,-705.231000
9463918921000,MATCHED,255,9463918921000,255,10213923798000,9464626927000,-708006000,-708.006000
9463952238000,MATCHED,256,9463952238000,256,10213959893000,9464663022000,-710784000,-710.784000
9463985557000,MATCHED,257,9463985557000,257,10213995996000,9464699125000,-713568000,-713.568000
9464018875000,MATCHED,258,9464018875000,258,10214032090000,9464735219000,-716344000,-716.344000
9464052193000,MATCHED,259,9464052193000,259,10214068183000,9464771312000,-719119000,-719.119000
9464085514000,MATCHED,260,9464085514000,260,10214104277000,9464807406000,-721892000,-721.892000
9464118831000,MATCHED,261,9464118831000,261,10214140372000,9464843501000,-724670000,-724.670000
9464152149000,MATCHED,262,9464152149000,262,10214176468000,9464879597000,-727448000,-727.448000
9464185468000,MATCHED,263,9464185468000,263,10214212558000,9464915687000,-730219000,-730.219000
9464218785000,MATCHED,264,9464218785000,264,10214248654000,9464951783000,-732998000,-732.998000
9464252104000,MATCHED,265,9464252104000,265,10214284749000,9464987878000,-735774000,-735.774000
9464285422000,MATCHED,266,9464285422000,266,10214320844000,9465023973000,-738551000,-738.551000
9464318741000,MATCHED,267,9464318741000,267,10214356939000,9465060068000,-741327000,-741.327000
9464352060000,MATCHED,268,9464352060000,268,10214393034000,9465096163000,-744103000,-744.103000
9464385378000,MATCHED,269,9464385378000,269,10214429135000,9465132264000,-746886000,-746.886000
9464418698000,MATCHED,270,9464418698000,270,10214465224000,9465168353000,-749655000,-749.655000
9464452017000,MATCHED,271,9464452017000,271,10214501319000,9465204448000,-752431000,-752.431000
9464485335000,MATCHED,272,9464485335000,272,10214537414000,9465240543000,-755208000,-755.208000
9464518652000,MATCHED,273,9464518652000,273,10214573509000,9465276638000,-757986000,-757.986000
9464551970000,MATCHED,274,9464551970000,274,10214609604000,9465312733000,-760763000,-760.763000
9464585289000,MATCHED,275,9464585289000,275,10214645699000,9465348828000,-763539000,-763.539000
9464618608000,MATCHED,276,9464618608000,276,10214681800000,9465384929000,-766321000,-766.321000
9464651927000,MATCHED,277,9464651927000,277,10214717896000,9465421025000,-769098000,-769.098000
9464685245000,MATCHED,278,9464685245000,278,10214753995000,9465457124000,-771879000,-771.879000
9464718563000,MATCHED,279,9464718563000,279,10214790083000,9465493212000,-774649000,-774.649000
9464751881000,MATCHED,280,9464751881000,280,10214826182000,9465529311000,-777430000,-777.430000
9464785200000,MATCHED,281,9464785200000,281,10214862285000,9465565414000,-780214000,-780.214000
9464818519000,MATCHED,282,9464818519000,282,10214898376000,9465601505000,-782986000,-782.986000
9464851838000,MATCHED,283,9464851838000,283,10214934471000,9465637600000,-785762000,-785.762000
9464885163000,MATCHED,284,9464885163000,284,10214970565000,9465673694000,-788531000,-788.531000
9464918474000,MATCHED,285,9464918474000,285,10215006660000,9465709789000,-791315000,-791.315000
9464951794000,MATCHED,286,9464951794000,286,10215042757000,9465745886000,-794092000,-794.092000
9464985111000,MATCHED,287,9464985111000,287,10215078854000,9465781983000,-796872000,-796.872000
9465018430000,MATCHED,288,9465018430000,288,10215114944000,9465818073000,-799643000,-799.643000
9465051749000,MATCHED,289,9465051749000,289,10215151045000,9465854174000,-802425000,-802.425000
9465085067000,MATCHED,290,9465085067000,290,10215187140000,9465890269000,-805202000,-805.202000
9465118385000,MATCHED,291,9465118385000,291,10215223223000,9465926352000,-807967000,-807.967000
9465151704000,MATCHED,292,9465151704000,292,10215259315000,9465962444000,-810740000,-810.740000
9465185021000,MATCHED,293,9465185021000,293,10215295410000,9465998539000,-813518000,-813.518000
9465218339000,MATCHED,294,9465218339000,294,10215331504000,9466034633000,-816294000,-816.294000
9465251660000,MATCHED,295,9465251660000,295,10215367599000,9466070728000,-819068000,-819.068000
9465284976000,MATCHED,296,9465284976000,296,10215403694000,9466106823000,-821847000,-821.847000
9465318296000,MATCHED,297,9465318296000,297,10215439789000,9466142918000,-824622000,-824.622000
9465351614000,MATCHED,298,9465351614000,298,10215475884000,9466179013000,-827399000,-827.399000
9465384932000,MATCHED,299,9465384932000,299,10215511987000,9466215116000,-830184000,-830.184000
9465418251000,MATCHED,300,9465418251000,300,10215548083000,9466251212000,-832961000,-832.961000
9465451570000,MATCHED,301,9465451570000,301,10215584182000,9466287311000,-835741000,-835.741000
9465484887000,MATCHED,302,9465484887000,302,10215620268000,9466323397000,-838510000,-838.510000
9465518208000,MATCHED,303,9465518208000,303,10215656360000,9466359489000,-841281000,-841.281000
9465551525000,MATCHED,304,9465551525000,304,10215692454000,9466395583000,-844058000,-844.058000
9465584849000,MATCHED,305,9465584849000,305,10215728552000,9466431681000,-846832000,-846.832000
9465618163000,MATCHED,306,9465618163000,306,10215764645000,9466467774000,-849611000,-849.611000
9465651480000,MATCHED,307,9465651480000,307,10215800740000,9466503869000,-852389000,-852.389000
9465684798000,MATCHED,308,9465684798000,308,10215836837000,9466539966000,-855168000,-855.168000
9465718116000,MATCHED,309,9465718116000,309,10215872930000,9466576059000,-857943000,-857.943000
9465751436000,MATCHED,310,9465751436000,310,10215909025000,9466612154000,-860718000,-860.718000
9465784756000,MATCHED,311,9465784756000,311,10215945120000,9466648249000,-863493000,-863.493000
9465818073000,MATCHED,312,9465818073000,312,10215981215000,9466684344000,-866271000,-866.271000
9465851392000,MATCHED,313,9465851392000,313,10216017309000,9466720438000,-869046000,-869.046000
9465884710000,MATCHED,314,9465884710000,314,10216053405000,9466756534000,-871824000,-871.824000
9465918028000,MATCHED,315,9465918028000,315,10216089500000,9466792629000,-874601000,-874.601000
9465951347000,MATCHED,316,9465951347000,316,10216125596000,9466828725000,-877378000,-877.378000
9465984665000,MATCHED,317,9465984665000,317,10216161691000,9466864820000,-880155000,-880.155000
9466017985000,MATCHED,318,9466017985000,318,10216197785000,9466900914000,-882929000,-882.929000
9466051301000,MATCHED,319,9466051301000,319,10216233880000,9466937009000,-885708000,-885.708000
9466084621000,MATCHED,320,9466084621000,320,10216269976000,9466973105000,-888484000,-888.484000
9466117938000,MATCHED,321,9466117938000,321,10216306073000,9467009202000,-891264000,-891.264000
9466151257000,MATCHED,322,9466151257000,322,10216342164000,9467045293000,-894036000,-894.036000
9466184576000,MATCHED,323,9466184576000,323,10216378260000,9467081389000,-896813000,-896.813000
9466217894000,MATCHED,324,9466217894000,324,10216414363000,9467117492000,-899598000,-899.598000
9466251214000,MATCHED,325,9466251214000,325,10216450459000,9467153588000,-902374000,-902.374000
9466284531000,MATCHED,326,9466284531000,326,10216486554000,9467189683000,-905152000,-905.152000
9466317856000,MATCHED,327,9466317856000,327,10216522641000,9467225770000,-907914000,-907.914000
9466351169000,MATCHED,328,9466351169000,328,10216558735000,9467261864000,-910695000,-910.695000
9466384488000,MATCHED,329,9466384488000,329,10216594830000,9467297959000,-913471000,-913.471000
9466417806000,MATCHED,330,9466417806000,330,10216630925000,9467334054000,-916248000,-916.248000
9466451127000,MATCHED,331,9466451127000,331,10216667020000,9467370149000,-919022000,-919.022000
9466484452000,MATCHED,332,9466484452000,332,10216703116000,9467406245000,-921793000,-921.793000
9466517761000,MATCHED,333,9466517761000,333,10216739212000,9467442341000,-924580000,-924.580000
9466551079000,MATCHED,334,9466551079000,334,10216775305000,9467478434000,-927355000,-927.355000
9466584396000,MATCHED,335,9466584396000,335,10216811401000,9467514530000,-930134000,-930.134000
9466617713000,MATCHED,336,9466617713000,336,10216847495000,9467550624000,-932911000,-932.911000
9466651033000,MATCHED,337,9466651033000,337,10216883590000,9467586719000,-935686000,-935.686000
9466684351000,MATCHED,338,9466684351000,338,10216919685000,9467622814000,-938463000,-938.463000
9466717670000,MATCHED,339,9466717670000,339,10216955780000,9467658909000,-941239000,-941.239000
9466750992000,MATCHED,340,9466750992000,340,10216991883000,9467695012000,-944020000,-944.020000
9466784307000,MATCHED,341,9466784307000,341,10217027979000,9467731108000,-946801000,-946.801000
9466817626000,MATCHED,342,9466817626000,342,10217064083000,9467767212000,-949586000,-949.586000
9466850944000,MATCHED,343,9466850944000,343,10217100168000,9467803297000,-952353000,-952.353000
9466884262000,MATCHED,344,9466884262000,344,10217136267000,9467839396000,-955134000,-955.134000
9466917581000,MATCHED,345,9466917581000,345,10217172356000,9467875485000,-957904000,-957.904000
9466950900000,MATCHED,346,9466950900000,346,10217208452000,9467911581000,-960681000,-960.681000
9466984218000,MATCHED,347,9466984218000,347,10217244542000,9467947671000,-963453000,-963.453000
9467017536000,MATCHED,348,9467017536000,348,10217280637000,9467983766000,-966230000,-966.230000
9467050854000,MATCHED,349,9467050854000,349,10217316731000,9468019860000,-969006000,-969.006000
9467084172000,MATCHED,350,9467084172000,350,10217352826000,9468055955000,-971783000,-971.783000
9467117491000,MATCHED,351,9467117491000,351,10217388921000,9468092050000,-974559000,-974.559000
9467150810000,MATCHED,352,9467150810000,352,10217425016000,9468128145000,-977335000,-977.335000
9467184129000,MATCHED,353,9467184129000,353,10217461112000,9468164241000,-980112000,-980.112000
9467217447000,MATCHED,354,9467217447000,354,10217497212000,9468200341000,-982894000,-982.894000
9467250765000,MATCHED,355,9467250765000,355,10217533308000,9468236437000,-985672000,-985.672000
9467284086000,MATCHED,356,9467284086000,356,10217569401000,9468272530000,-988444000,-988.444000
9467317403000,MATCHED,357,9467317403000,357,10217605494000,9468308623000,-991220000,-991.220000
9467350720000,MATCHED,358,9467350720000,358,10217641586000,9468344715000,-993995000,-993.995000
9467384040000,MATCHED,359,9467384040000,359,10217677680000,9468380809000,-996769000,-996.769000
9467417358000,MATCHED,360,9467417358000,360,10217713775000,9468416904000,-999546000,-999.546000
9467450676000,MATCHED,361,9467450676000,361,10217749871000,9468453000000,-1002324000,-1002.324000
9467483996000,MATCHED,362,9467483996000,362,10217785967000,9468489096000,-1005100000,-1005.100000
9467517314000,MATCHED,363,9467517314000,363,10217822060000,9468525189000,-1007875000,-1007.875000
9467550632000,MATCHED,364,9467550632000,364,10217858157000,9468561286000,-1010654000,-1010.654000
9467583953000,MATCHED,365,9467583953000,365,10217894252000,9468597381000,-1013428000,-1013.428000
9467617269000,MATCHED,366,9467617269000,366,10217930346000,9468633475000,-1016206000,-1016.206000
9467650588000,MATCHED,367,9467650588000,367,10217966441000,9468669570000,-1018982000,-1018.982000
9467683906000,MATCHED,368,9467683906000,368,10218002536000,9468705665000,-1021759000,-1021.759000
9467717225000,MATCHED,369,9467717225000,369,10218038631000,9468741760000,-1024535000,-1024.535000
9467750543000,MATCHED,370,9467750543000,370,10218074726000,9468777855000,-1027312000,-1027.312000
9467783862000,MATCHED,371,9467783862000,371,10218110821000,9468813950000,-1030088000,-1030.088000
9467817180000,MATCHED,372,9467817180000,372,10218146919000,9468850048000,-1032868000,-1032.868000
9467850498000,MATCHED,373,9467850498000,373,10218183011000,9468886140000,-1035642000,-1035.642000
9467883817000,MATCHED,374,9467883817000,374,10218219106000,9468922235000,-1038418000,-1038.418000
9467917135000,MATCHED,375,9467917135000,375,10218255200000,9468958329000,-1041194000,-1041.194000
9467950453000,MATCHED,376,9467950453000,376,10218291296000,9468994425000,-1043972000,-1043.972000
9467983774000,MATCHED,377,9467983774000,377,10218327391000,9469030520000,-1046746000,-1046.746000
9468017091000,MATCHED,378,9468017091000,378,10218363486000,9469066615000,-1049524000,-1049.524000
9468050409000,MATCHED,379,9468050409000,379,10218399586000,9469102715000,-1052306000,-1052.306000
9468083727000,MATCHED,380,9468083727000,380,10218435683000,9469138812000,-1055085000,-1055.085000
9468117045000,MATCHED,381,9468117045000,381,10218471779000,9469174908000,-1057863000,-1057.863000
9468150364000,MATCHED,382,9468150364000,382,10218507869000,9469210998000,-1060634000,-1060.634000
9468183683000,MATCHED,383,9468183683000,383,10218543962000,9469247091000,-1063408000,-1063.408000
9468217001000,MATCHED,384,9468217001000,384,10218580057000,9469283186000,-1066185000,-1066.185000
9468250319000,MATCHED,385,9468250319000,385,10218616152000,9469319281000,-1068962000,-1068.962000
9468283638000,MATCHED,386,9468283638000,386,10218652247000,9469355376000,-1071738000,-1071.738000
9468316958000,MATCHED,387,9468316958000,387,10218688341000,9469391470000,-1074512000,-1074.512000
9468350275000,MATCHED,388,9468350275000,388,10218724439000,9469427568000,-1077293000,-1077.293000
9468383604000,MATCHED,389,9468383604000,389,10218760533000,9469463662000,-1080058000,-1080.058000
9468416913000,MATCHED,390,9468416913000,390,10218796627000,9469499756000,-1082843000,-1082.843000
9468450231000,MATCHED,391,9468450231000,391,10218832721000,9469535850000,-1085619000,-1085.619000
9468483549000,MATCHED,392,9468483549000,392,10218868817000,9469571946000,-1088397000,-1088.397000
9468516868000,MATCHED,393,9468516868000,393,10218904912000,9469608041000,-1091173000,-1091.173000
9468550188000,MATCHED,394,9468550188000,394,10218941007000,9469644136000,-1093948000,-1093.948000
9468583506000,MATCHED,395,9468583506000,395,10218977105000,9469680234000,-1096728000,-1096.728000
9468616824000,MATCHED,396,9468616824000,396,10219013198000,9469716327000,-1099503000,-1099.503000
9468650142000,MATCHED,397,9468650142000,397,10219049293000,9469752422000,-1102280000,-1102.280000
9468683461000,MATCHED,398,9468683461000,398,10219085387000,9469788516000,-1105055000,-1105.055000
9468716779000,MATCHED,399,9468716779000,399,10219121482000,9469824611000,-1107832000,-1107.832000
9468750099000,MATCHED,400,9468750099000,400,10219157577000,9469860706000,-1110607000,-1110.607000
9468783417000,MATCHED,401,9468783417000,401,10219193674000,9469896803000,-1113386000,-1113.386000
9468816734000,MATCHED,402,9468816734000,402,10219229767000,9469932896000,-1116162000,-1116.162000
9468850051000,MATCHED,403,9468850051000,403,10219265862000,9469968991000,-1118940000,-1118.940000
9468883370000,MATCHED,404,9468883370000,404,10219301957000,9470005086000,-1121716000,-1121.716000
9468916689000,MATCHED,405,9468916689000,405,10219338052000,9470041181000,-1124492000,-1124.492000
9468950008000,MATCHED,406,9468950008000,406,10219374146000,9470077275000,-1127267000,-1127.267000
9468983327000,MATCHED,407,9468983327000,407,10219410242000,9470113371000,-1130044000,-1130.044000
9469016645000,MATCHED,408,9469016645000,408,10219446337000,9470149466000,-1132821000,-1132.821000
9469049964000,MATCHED,409,9469049964000,409,10219482431000,9470185560000,-1135596000,-1135.596000
9469083283000,MATCHED,410,9469083283000,410,10219518527000,9470221656000,-1138373000,-1138.373000
9469116600000,MATCHED,411,9469116600000,411,10219554623000,9470257752000,-1141152000,-1141.152000
9469149919000,MATCHED,412,9469149919000,412,10219590718000,9470293847000,-1143928000,-1143.928000
9469183238000,MATCHED,413,9469183238000,413,10219626814000,9470329943000,-1146705000,-1146.705000
9469216556000,MATCHED,414,9469216556000,414,10219662909000,9470366038000,-1149482000,-1149.482000
9469249873000,MATCHED,415,9469249873000,415,10219699004000,9470402133000,-1152260000,-1152.260000
9469283194000,MATCHED,416,9469283194000,416,10219735099000,9470438228000,-1155034000,-1155.034000
9469316511000,MATCHED,417,9469316511000,417,10219771194000,9470474323000,-1157812000,-1157.812000
9469349830000,MATCHED,418,9469349830000,418,10219807288000,9470510417000,-1160587000,-1160.587000
9469383149000,MATCHED,419,9469383149000,419,10219843384000,9470546513000,-1163364000,-1163.364000
9469416467000,MATCHED,420,9469416467000,420,10219879479000,9470582608000,-1166141000,-1166.141000
9469449785000,MATCHED,421,9469449785000,421,10219915574000,9470618703000,-1168918000,-1168.918000
9469483104000,MATCHED,422,9469483104000,422,10219951669000,9470654798000,-1171694000,-1171.694000
9469516422000,MATCHED,423,9469516422000,423,10219987765000,9470690894000,-1174472000,-1174.472000
9469549741000,MATCHED,424,9469549741000,424,10220023859000,9470726988000,-1177247000,-1177.247000
9469583059000,MATCHED,425,9469583059000,425,10220059954000,9470763083000,-1180024000,-1180.024000
9469616377000,MATCHED,426,9469616377000,426,10220096052000,9470799181000,-1182804000,-1182.804000
9469649695000,MATCHED,427,9469649695000,427,10220132147000,9470835276000,-1185581000,-1185.581000
9469683014000,MATCHED,428,9469683014000,428,10220168239000,9470871368000,-1188354000,-1188.354000
9469716334000,MATCHED,429,9469716334000,429,10220204334000,9470907463000,-1191129000,-1191.129000
9469749651000,MATCHED,430,9469749651000,430,10220240429000,9470943558000,-1193907000,-1193.907000
9469782972000,MATCHED,431,9469782972000,431,10220276525000,9470979654000,-1196682000,-1196.682000
9469816289000,MATCHED,432,9469816289000,432,10220312620000,9471015749000,-1199460000,-1199.460000
9469849609000,MATCHED,433,9469849609000,433,10220348714000,9471051843000,-1202234000,-1202.234000
9469882924000,MATCHED,434,9469882924000,434,10220384809000,9471087938000,-1205014000,-1205.014000
9469916243000,MATCHED,435,9469916243000,435,10220420904000,9471124033000,-1207790000,-1207.790000
9469949561000,MATCHED,436,9469949561000,436,10220456999000,9471160128000,-1210567000,-1210.567000
9469982880000,MATCHED,437,9469982880000,437,10220493096000,9471196225000,-1213345000,-1213.345000
9470016199000,MATCHED,438,9470016199000,438,10220529189000,9471232318000,-1216119000,-1216.119000
9470049516000,MATCHED,439,9470049516000,439,10220565285000,9471268414000,-1218898000,-1218.898000
9470082835000,MATCHED,440,9470082835000,440,10220601379000,9471304508000,-1221673000,-1221.673000
9470116156000,MATCHED,441,9470116156000,441,10220637475000,9471340604000,-1224448000,-1224.448000
9470149472000,MATCHED,442,9470149472000,442,10220673570000,9471376699000,-1227227000,-1227.227000
9470182791000,MATCHED,443,9470182791000,443,10220709665000,9471412794000,-1230003000,-1230.003000
9470216109000,MATCHED,444,9470216109000,444,10220745761000,9471448890000,-1232781000,-1232.781000
9470249427000,MATCHED,445,9470249427000,445,10220781854000,9471484983000,-1235556000,-1235.556000
9470282746000,MATCHED,446,9470282746000,446,10220817949000,9471521078000,-1238332000,-1238.332000
9470316068000,MATCHED,447,9470316068000,447,10220854046000,9471557175000,-1241107000,-1241.107000
9470349383000,MATCHED,448,9470349383000,448,10220890139000,9471593268000,-1243885000,-1243.885000
9470382702000,MATCHED,449,9470382702000,449,10220926236000,9471629365000,-1246663000,-1246.663000
9470416022000,MATCHED,450,9470416022000,450,10220962331000,9471665460000,-1249438000,-1249.438000
9470449341000,MATCHED,451,9470449341000,451,10220998428000,9471701557000,-1252216000,-1252.216000
9470482658000,MATCHED,452,9470482658000,452,10221034524000,9471737653000,-1254995000,-1254.995000
9470515977000,MATCHED,453,9470515977000,453,10221070617000,9471773746000,-1257769000,-1257.769000
9470549297000,MATCHED,454,9470549297000,454,10221106720000,9471809849000,-1260552000,-1260.552000
9470582618000,MATCHED,455,9470582618000,455,10221142808000,9471845937000,-1263319000,-1263.319000
9470615940000,MATCHED,456,9470615940000,456,10221178915000,9471882044000,-1266104000,-1266.104000
9470649255000,MATCHED,457,9470649255000,457,10221215005000,9471918134000,-1268879000,-1268.879000
9470682571000,MATCHED,458,9470682571000,458,10221251098000,9471954227000,-1271656000,-1271.656000
9470715888000,MATCHED,459,9470715888000,459,10221287184000,9471990313000,-1274425000,-1274.425000
9470749206000,MATCHED,460,9470749206000,460,10221323278000,9472026407000,-1277201000,-1277.201000
9470782525000,MATCHED,461,9470782525000,461,10221359375000,9472062504000,-1279979000,-1279.979000
9470815844000,MATCHED,462,9470815844000,462,10221395468000,9472098597000,-1282753000,-1282.753000
9470849161000,MATCHED,463,9470849161000,463,10221431563000,9472134692000,-1285531000,-1285.531000
9470882480000,MATCHED,464,9470882480000,464,10221467657000,9472170786000,-1288306000,-1288.306000
9470915799000,MATCHED,465,9470915799000,465,10221503752000,9472206881000,-1291082000,-1291.082000
9470949117000,MATCHED,466,9470949117000,466,10221539853000,9472242982000,-1293865000,-1293.865000
9470982437000,MATCHED,467,9470982437000,467,10221575950000,9472279079000,-1296642000,-1296.642000
9471015754000,MATCHED,468,9471015754000,468,10221612046000,9472315175000,-1299421000,-1299.421000
9471049072000,MATCHED,469,9471049072000,469,10221648136000,9472351265000,-1302193000,-1302.193000
9471082392000,MATCHED,470,9471082392000,470,10221684228000,9472387357000,-1304965000,-1304.965000
9471115711000,MATCHED,471,9471115711000,471,10221720323000,9472423452000,-1307741000,-1307.741000
9471149027000,MATCHED,472,9471149027000,472,10221756417000,9472459546000,-1310519000,-1310.519000
9471182346000,MATCHED,473,9471182346000,473,10221792516000,9472495645000,-1313299000,-1313.299000
9471215665000,MATCHED,474,9471215665000,474,10221828608000,9472531737000,-1316072000,-1316.072000
9471248984000,MATCHED,475,9471248984000,475,10221864703000,9472567832000,-1318848000,-1318.848000
9471282301000,MATCHED,476,9471282301000,476,10221900803000,9472603932000,-1321631000,-1321.631000
9471315620000,MATCHED,477,9471315620000,477,10221936893000,9472640022000,-1324402000,-1324.402000
9471348945000,MATCHED,478,9471348945000,478,10221972988000,9472676117000,-1327172000,-1327.172000
9471382257000,MATCHED,479,9471382257000,479,10222009083000,9472712212000,-1329955000,-1329.955000
9471415576000,MATCHED,480,9471415576000,480,10222045179000,9472748308000,-1332732000,-1332.732000
9471448896000,MATCHED,481,9471448896000,481,10222081276000,9472784405000,-1335509000,-1335.509000
9471482217000,MATCHED,482,9471482217000,482,10222117369000,9472820498000,-1338281000,-1338.281000
9471515538000,MATCHED,483,9471515538000,483,10222153472000,9472856601000,-1341063000,-1341.063000
9471548851000,MATCHED,484,9471548851000,484,10222189559000,9472892688000,-1343837000,-1343.837000
9471582172000,MATCHED,485,9471582172000,485,10222225655000,9472928784000,-1346612000,-1346.612000
9471615488000,MATCHED,486,9471615488000,486,10222261748000,9472964877000,-1349389000,-1349.389000
9471648806000,MATCHED,487,9471648806000,487,10222297843000,9473000972000,-1352166000,-1352.166000
9471682126000,MATCHED,488,9471682126000,488,10222333939000,9473037068000,-1354942000,-1354.942000
9471715444000,MATCHED,489,9471715444000,489,10222370033000,9473073162000,-1357718000,-1357.718000
9471748762000,MATCHED,490,9471748762000,490,10222406128000,9473109257000,-1360495000,-1360.495000
9471782081000,MATCHED,491,9471782081000,491,10222442231000,9473145360000,-1363279000,-1363.279000
9471815400000,MATCHED,492,9471815400000,492,10222478324000,9473181453000,-1366053000,-1366.053000
9471848717000,MATCHED,493,9471848717000,493,10222514420000,9473217549000,-1368832000,-1368.832000
9471882037000,MATCHED,494,9471882037000,494,10222550512000,9473253641000,-1371604000,-1371.604000
9471915354000,MATCHED,495,9471915354000,495,10222586603000,9473289732000,-1374378000,-1374.378000
9471948672000,MATCHED,496,9471948672000,496,10222622698000,9473325827000,-1377155000,-1377.155000
9471981992000,MATCHED,497,9471981992000,497,10222658795000,9473361924000,-1379932000,-1379.932000
9472015312000,MATCHED,498,9472015312000,498,10222694888000,9473398017000,-1382705000,-1382.705000
9472048629000,MATCHED,499,9472048629000,499,10222730983000,9473434112000,-1385483000,-1385.483000
9472081947000,MATCHED,500,9472081947000,500,10222767077000,9473470206000,-1388259000,-1388.259000
9472115265000,MATCHED,501,9472115265000,501,10222803176000,9473506305000,-1391040000,-1391.040000
9472148584000,MATCHED,502,9472148584000,502,10222839268000,9473542397000,-1393813000,-1393.813000
9472181901000,MATCHED,503,9472181901000,503,10222875363000,9473578492000,-1396591000,-1396.591000
9472215220000,MATCHED,504,9472215220000,504,10222911458000,9473614587000,-1399367000,-1399.367000
9472248538000,MATCHED,505,9472248538000,505,10222947553000,9473650682000,-1402144000,-1402.144000
9472281857000,MATCHED,506,9472281857000,506,10222983649000,9473686778000,-1404921000,-1404.921000
9472315176000,MATCHED,507,9472315176000,507,10223019745000,9473722874000,-1407698000,-1407.698000
9472348494000,MATCHED,508,9472348494000,508,10223055845000,9473758974000,-1410480000,-1410.480000
9472381813000,MATCHED,509,9472381813000,509,10223091944000,9473795073000,-1413260000,-1413.260000
9472415132000,MATCHED,510,9472415132000,510,10223128037000,9473831166000,-1416034000,-1416.034000
9472448450000,MATCHED,511,9472448450000,511,10223164136000,9473867265000,-1418815000,-1418.815000
9472481768000,MATCHED,512,9472481768000,512,10223200223000,9473903352000,-1421584000,-1421.584000
9472515088000,MATCHED,513,9472515088000,513,10223236357000,9473939486000,-1424398000,-1424.398000
9472548405000,MATCHED,514,9472548405000,514,10223272412000,9473975541000,-1427136000,-1427.136000
9472581724000,MATCHED,515,9472581724000,515,10223308506000,9474011635000,-1429911000,-1429.911000
9472615043000,MATCHED,516,9472615043000,516,10223344599000,9474047728000,-1432685000,-1432.685000
9472648361000,MATCHED,517,9472648361000,517,10223380693000,9474083822000,-1435461000,-1435.461000
9472681679000,MATCHED,518,9472681679000,518,10223416789000,9474119918000,-1438239000,-1438.239000
9472714997000,MATCHED,519,9472714997000,519,10223452884000,9474156013000,-1441016000,-1441.016000
9472748317000,MATCHED,520,9472748317000,520,10223488979000,9474192108000,-1443791000,-1443.791000
9472781634000,MATCHED,521,9472781634000,521,10223525074000,9474228203000,-1446569000,-1446.569000
9472814954000,MATCHED,522,9472814954000,522,10223561176000,9474264305000,-1449351000,-1449.351000
9472848272000,MATCHED,523,9472848272000,523,10223597269000,9474300398000,-1452126000,-1452.126000
9472881590000,MATCHED,524,9472881590000,524,10223633362000,9474336491000,-1454901000,-1454.901000
9472914910000,MATCHED,525,9472914910000,525,10223669453000,9474372582000,-1457672000,-1457.672000
9472948229000,MATCHED,526,9472948229000,526,10223705549000,9474408678000,-1460449000,-1460.449000
9472981546000,MATCHED,527,9472981546000,527,10223741644000,9474444773000,-1463227000,-1463.227000
9473014865000,MATCHED,528,9473014865000,528,10223777739000,9474480868000,-1466003000,-1466.003000
9473048185000,MATCHED,529,9473048185000,529,10223813834000,9474516963000,-1468778000,-1468.778000
9473081501000,MATCHED,530,9473081501000,530,10223849929000,9474553058000,-1471557000,-1471.557000
9473114820000,MATCHED,531,9473114820000,531,10223886025000,9474589154000,-1474334000,-1474.334000
9473148139000,MATCHED,532,9473148139000,532,10223922123000,9474625252000,-1477113000,-1477.113000
9473181458000,MATCHED,533,9473181458000,533,10223958216000,9474661345000,-1479887000,-1479.887000
9473214775000,MATCHED,534,9473214775000,534,10223994312000,9474697441000,-1482666000,-1482.666000
9473248095000,MATCHED,535,9473248095000,535,10224030406000,9474733535000,-1485440000,-1485.440000
9473281411000,MATCHED,536,9473281411000,536,10224066505000,9474769634000,-1488223000,-1488.223000
9473314731000,MATCHED,537,9473314731000,537,10224102602000,9474805731000,-1491000000,-1491.000000
9473348049000,MATCHED,538,9473348049000,538,10224138692000,9474841821000,-1493772000,-1493.772000
9473381367000,MATCHED,539,9473381367000,539,10224174789000,9474877918000,-1496551000,-1496.551000
9473414687000,MATCHED,540,9473414687000,540,10224210879000,9474914008000,-1499321000,-1499.321000
9473448009000,MATCHED,541,9473448009000,541,10224246974000,9474950103000,-1502094000,-1502.094000
9473481323000,MATCHED,542,9473481323000,542,10224283070000,9474986199000,-1504876000,-1504.876000
9473514646000,MATCHED,543,9473514646000,543,10224319167000,9475022296000,-1507650000,-1507.650000
9473547961000,MATCHED,544,9473547961000,544,10224355258000,9475058387000,-1510426000,-1510.426000
9473581279000,MATCHED,545,9473581279000,545,10224391353000,9475094482000,-1513203000,-1513.203000
9473614598000,MATCHED,546,9473614598000,546,10224427449000,9475130578000,-1515980000,-1515.980000
9473647916000,MATCHED,547,9473647916000,547,10224463546000,9475166675000,-1518759000,-1518.759000
9473681235000,MATCHED,548,9473681235000,548,10224499640000,9475202769000,-1521534000,-1521.534000
9473714553000,MATCHED,549,9473714553000,549,10224535734000,9475238863000,-1524310000,-1524.310000
9473747870000,MATCHED,550,9473747870000,550,10224571829000,9475274958000,-1527088000,-1527.088000
9473781189000,MATCHED,551,9473781189000,551,10224607924000,9475311053000,-1529864000,-1529.864000
9473814508000,MATCHED,552,9473814508000,552,10224644020000,9475347149000,-1532641000,-1532.641000
9473847826000,MATCHED,553,9473847826000,553,10224680115000,9475383244000,-1535418000,-1535.418000
9473881145000,MATCHED,554,9473881145000,554,10224716209000,9475419338000,-1538193000,-1538.193000
9473914465000,MATCHED,555,9473914465000,555,10224752306000,9475455435000,-1540970000,-1540.970000
9473947785000,MATCHED,556,9473947785000,556,10224788400000,9475491529000,-1543744000,-1543.744000
9473981104000,MATCHED,557,9473981104000,557,10224824495000,9475527624000,-1546520000,-1546.520000
9474014439000,MATCHED,558,9474014439000,558,10224860590000,9475563719000,-1549280000,-1549.280000
9474047749000,MATCHED,559,9474047749000,559,10224896684000,9475599813000,-1552064000,-1552.064000
9474081058000,MATCHED,560,9474081058000,560,10224932780000,9475635909000,-1554851000,-1554.851000
9474114380000,MATCHED,561,9474114380000,561,10224968876000,9475672005000,-1557625000,-1557.625000
9474147715000,MATCHED,562,9474147715000,562,10225004970000,9475708099000,-1560384000,-1560.384000
9474181012000,MATCHED,563,9474181012000,563,10225041065000,9475744194000,-1563182000,-1563.182000
9474214342000,MATCHED,564,9474214342000,564,10225077160000,9475780289000,-1565947000,-1565.947000
9474247654000,MATCHED,565,9474247654000,565,10225113255000,9475816384000,-1568730000,-1568.730000
9474280968000,MATCHED,566,9474280968000,566,10225149350000,9475852479000,-1571511000,-1571.511000
9474314287000,MATCHED,567,9474314287000,567,10225185445000,9475888574000,-1574287000,-1574.287000
9474347608000,MATCHED,568,9474347608000,568,10225221540000,9475924669000,-1577061000,-1577.061000
9474380923000,MATCHED,569,9474380923000,569,10225257635000,9475960764000,-1579841000,-1579.841000
9474414238000,MATCHED,570,9474414238000,570,10225293730000,9475996859000,-1582621000,-1582.621000
9474447557000,MATCHED,571,9474447557000,571,10225329828000,9476032957000,-1585400000,-1585.400000
9474480875000,MATCHED,572,9474480875000,572,10225365925000,9476069054000,-1588179000,-1588.179000
9474514194000,MATCHED,573,9474514194000,573,10225402017000,9476105146000,-1590952000,-1590.952000
9474547512000,MATCHED,574,9474547512000,574,10225438114000,9476141243000,-1593731000,-1593.731000
9474580830000,MATCHED,575,9474580830000,575,10225474214000,9476177343000,-1596513000,-1596.513000
9474614149000,MATCHED,576,9474614149000,576,10225510312000,9476213441000,-1599292000,-1599.292000
9474647477000,MATCHED,577,9474647477000,577,10225546396000,9476249525000,-1602048000,-1602.048000
9474680788000,MATCHED,578,9474680788000,578,10225582492000,9476285621000,-1604833000,-1604.833000
9474714111000,MATCHED,579,9474714111000,579,10225618586000,9476321715000,-1607604000,-1607.604000
9474747430000,MATCHED,580,9474747430000,580,10225654681000,9476357810000,-1610380000,-1610.380000
9474780749000,MATCHED,581,9474780749000,581,10225690776000,9476393905000,-1613156000,-1613.156000
9474814064000,MATCHED,582,9474814064000,582,10225726871000,9476430000000,-1615936000,-1615.936000
9474847385000,MATCHED,583,9474847385000,583,10225762965000,9476466094000,-1618709000,-1618.709000
9474880698000,MATCHED,584,9474880698000,584,10225799061000,9476502190000,-1621492000,-1621.492000
9474914016000,MATCHED,585,9474914016000,585,10225835157000,9476538286000,-1624270000,-1624.270000
9474947333000,MATCHED,586,9474947333000,586,10225871253000,9476574382000,-1627049000,-1627.049000
9474980652000,MATCHED,587,9474980652000,587,10225907347000,9476610476000,-1629824000,-1629.824000
9475013972000,MATCHED,588,9475013972000,588,10225943441000,9476646570000,-1632598000,-1632.598000
9475047290000,MATCHED,589,9475047290000,589,10225979535000,9476682664000,-1635374000,-1635.374000
9475080608000,MATCHED,590,9475080608000,590,10226015630000,9476718759000,-1638151000,-1638.151000
9475113928000,MATCHED,591,9475113928000,591,10226051727000,9476754856000,-1640928000,-1640.928000
9475147247000,MATCHED,592,9475147247000,592,10226087821000,9476790950000,-1643703000,-1643.703000
9475180565000,MATCHED,593,9475180565000,593,10226123915000,9476827044000,-1646479000,-1646.479000
9475213884000,MATCHED,594,9475213884000,594,10226160013000,9476863142000,-1649258000,-1649.258000
9475247200000,MATCHED,595,9475247200000,595,10226196107000,9476899236000,-1652036000,-1652.036000
9475280519000,MATCHED,596,9475280519000,596,10226232202000,9476935331000,-1654812000,-1654.812000
9475313838000,MATCHED,597,9475313838000,597,10226268297000,9476971426000,-1657588000,-1657.588000
9475347156000,MATCHED,598,9475347156000,598,10226304390000,9477007519000,-1660363000,-1660.363000
9475380475000,MATCHED,599,9475380475000,599,10226340486000,9477043615000,-1663140000,-1663.140000
9475413793000,MATCHED,600,9475413793000,600,10226376582000,9477079711000,-1665918000,-1665.918000
9475447112000,MATCHED,601,9475447112000,601,10226412676000,9477115805000,-1668693000,-1668.693000
9475480432000,MATCHED,602,9475480432000,602,10226448774000,9477151903000,-1671471000,-1671.471000
9475513752000,MATCHED,603,9475513752000,603,10226484867000,9477187996000,-1674244000,-1674.244000
9475547069000,MATCHED,604,9475547069000,604,10226520963000,9477224092000,-1677023000,-1677.023000
9475580388000,MATCHED,605,9475580388000,605,10226557058000,9477260187000,-1679799000,-1679.799000
9475613704000,MATCHED,606,9475613704000,606,10226593153000,9477296282000,-1682578000,-1682.578000
9475647023000,MATCHED,607,9475647023000,607,10226629248000,9477332377000,-1685354000,-1685.354000
9475680341000,MATCHED,608,9475680341000,608,10226665346000,9477368475000,-1688134000,-1688.134000
9475713660000,MATCHED,609,9475713660000,609,10226701438000,9477404567000,-1690907000,-1690.907000
9475746977000,MATCHED,610,9475746977000,610,10226737536000,9477440665000,-1693688000,-1693.688000
9475780296000,MATCHED,611,9475780296000,611,10226773629000,9477476758000,-1696462000,-1696.462000
9475813618000,MATCHED,612,9475813618000,612,10226809725000,9477512854000,-1699236000,-1699.236000
9475846931000,MATCHED,613,9475846931000,613,10226845820000,9477548949000,-1702018000,-1702.018000
9475880251000,MATCHED,614,9475880251000,614,10226881914000,9477585043000,-1704792000,-1704.792000
9475913568000,MATCHED,615,9475913568000,615,10226918010000,9477621139000,-1707571000,-1707.571000
9475946887000,MATCHED,616,9475946887000,616,10226954103000,9477657232000,-1710345000,-1710.345000
9475980205000,MATCHED,617,9475980205000,617,10226990197000,9477693326000,-1713121000,-1713.121000
9476013524000,MATCHED,618,9476013524000,618,10227026293000,9477729422000,-1715898000,-1715.898000
9476046843000,MATCHED,619,9476046843000,619,10227062388000,9477765517000,-1718674000,-1718.674000
9476080161000,MATCHED,620,9476080161000,620,10227098483000,9477801612000,-1721451000,-1721.451000
9476113481000,MATCHED,621,9476113481000,621,10227134577000,9477837706000,-1724225000,-1724.225000
9476146800000,MATCHED,622,9476146800000,622,10227170673000,9477873802000,-1727002000,-1727.002000
9476180118000,MATCHED,623,9476180118000,623,10227206768000,9477909897000,-1729779000,-1729.779000
9476213439000,MATCHED,624,9476213439000,624,10227242863000,9477945992000,-1732553000,-1732.553000
9476246765000,MATCHED,625,9476246765000,625,10227278958000,9477982087000,-1735322000,-1735.322000
9476280078000,MATCHED,626,9476280078000,626,10227315054000,9478018183000,-1738105000,-1738.105000
9476313400000,MATCHED,627,9476313400000,627,10227351148000,9478054277000,-1740877000,-1740.877000
9476346711000,MATCHED,628,9476346711000,628,10227387243000,9478090372000,-1743661000,-1743.661000
9476380035000,MATCHED,629,9476380035000,629,10227423339000,9478126468000,-1746433000,-1746.433000
9476413347000,MATCHED,630,9476413347000,630,10227459433000,9478162562000,-1749215000,-1749.215000
9476446667000,MATCHED,631,9476446667000,631,10227495528000,9478198657000,-1751990000,-1751.990000
9476479986000,MATCHED,632,9476479986000,632,10227531623000,9478234752000,-1754766000,-1754.766000
9476513303000,MATCHED,633,9476513303000,633,10227567718000,9478270847000,-1757544000,-1757.544000
9476546622000,MATCHED,634,9476546622000,634,10227603814000,9478306943000,-1760321000,-1760.321000
9476579940000,MATCHED,635,9476579940000,635,10227639908000,9478343037000,-1763097000,-1763.097000
9476613258000,MATCHED,636,9476613258000,636,10227676004000,9478379133000,-1765875000,-1765.875000
9476646576000,MATCHED,637,9476646576000,637,10227712099000,9478415228000,-1768652000,-1768.652000
9476679900000,MATCHED,638,9476679900000,638,10227748193000,9478451322000,-1771422000,-1771.422000
9476713218000,MATCHED,639,9476713218000,639,10227784288000,9478487417000,-1774199000,-1774.199000
9476746536000,MATCHED,640,9476746536000,640,10227820383000,9478523512000,-1776976000,-1776.976000
9476779854000,MATCHED,641,9476779854000,641,10227856479000,9478559608000,-1779754000,-1779.754000
9476813169000,MATCHED,642,9476813169000,642,10227892573000,9478595702000,-1782533000,-1782.533000
9476846488000,MATCHED,643,9476846488000,643,10227928669000,9478631798000,-1785310000,-1785.310000
9476879807000,MATCHED,644,9476879807000,644,10227964764000,9478667893000,-1788086000,-1788.086000
9476913128000,MATCHED,645,9476913128000,645,10228000858000,9478703987000,-1790859000,-1790.859000
9476946443000,MATCHED,646,9476946443000,646,10228036953000,9478740082000,-1793639000,-1793.639000
9476979763000,MATCHED,647,9476979763000,647,10228073048000,9478776177000,-1796414000,-1796.414000
9477013082000,MATCHED,648,9477013082000,648,10228109144000,9478812273000,-1799191000,-1799.191000
9477046399000,MATCHED,649,9477046399000,649,10228145239000,9478848368000,-1801969000,-1801.969000
9477079717000,MATCHED,650,9477079717000,650,10228181334000,9478884463000,-1804746000,-1804.746000
9477113037000,MATCHED,651,9477113037000,651,10228217429000,9478920558000,-1807521000,-1807.521000
9477146354000,MATCHED,652,9477146354000,652,10228253524000,9478956653000,-1810299000,-1810.299000
9477179672000,MATCHED,653,9477179672000,653,10228289619000,9478992748000,-1813076000,-1813.076000
9477212992000,MATCHED,654,9477212992000,654,10228325714000,9479028843000,-1815851000,-1815.851000
9477246312000,MATCHED,655,9477246312000,655,10228361809000,9479064938000,-1818626000,-1818.626000
9477279629000,MATCHED,656,9477279629000,656,10228397904000,9479101033000,-1821404000,-1821.404000
9477312952000,MATCHED,657,9477312952000,657,10228433999000,9479137128000,-1824176000,-1824.176000
9477346265000,MATCHED,658,9477346265000,658,10228470093000,9479173222000,-1826957000,-1826.957000
9477379583000,MATCHED,659,9477379583000,659,10228506190000,9479209319000,-1829736000,-1829.736000
9477412902000,MATCHED,660,9477412902000,660,10228542284000,9479245413000,-1832511000,-1832.511000
9477446220000,MATCHED,661,9477446220000,661,10228578378000,9479281507000,-1835287000,-1835.287000
9477479542000,MATCHED,662,9477479542000,662,10228614475000,9479317604000,-1838062000,-1838.062000
9477512860000,MATCHED,663,9477512860000,663,10228650569000,9479353698000,-1840838000,-1840.838000
9477546180000,MATCHED,664,9477546180000,664,10228686664000,9479389793000,-1843613000,-1843.613000
9477579499000,MATCHED,665,9477579499000,665,10228722760000,9479425889000,-1846390000,-1846.390000
9477612814000,MATCHED,666,9477612814000,666,10228758853000,9479461982000,-1849168000,-1849.168000
9477646132000,MATCHED,667,9477646132000,667,10228794948000,9479498077000,-1851945000,-1851.945000
9477679451000,MATCHED,668,9477679451000,668,10228831044000,9479534173000,-1854722000,-1854.722000
9477712769000,MATCHED,669,9477712769000,669,10228867138000,9479570267000,-1857498000,-1857.498000
9477746087000,MATCHED,670,9477746087000,670,10228903234000,9479606363000,-1860276000,-1860.276000
9477779407000,MATCHED,671,9477779407000,671,10228939328000,9479642457000,-1863050000,-1863.050000
9477812724000,MATCHED,672,9477812724000,672,10228975424000,9479678553000,-1865829000,-1865.829000
9477846042000,MATCHED,673,9477846042000,673,10229011519000,9479714648000,-1868606000,-1868.606000
9477879361000,MATCHED,674,9477879361000,674,10229047614000,9479750743000,-1871382000,-1871.382000
9477912679000,MATCHED,675,9477912679000,675,10229083709000,9479786838000,-1874159000,-1874.159000
9477945998000,MATCHED,676,9477945998000,676,10229119803000,9479822932000,-1876934000,-1876.934000
9477979318000,MATCHED,677,9477979318000,677,10229155899000,9479859028000,-1879710000,-1879.710000
9478012634000,MATCHED,678,9478012634000,678,10229191994000,9479895123000,-1882489000,-1882.489000
9478045954000,MATCHED,679,9478045954000,679,10229228090000,9479931219000,-1885265000,-1885.265000
9478079271000,MATCHED,680,9478079271000,680,10229264185000,9479967314000,-1888043000,-1888.043000
9478112591000,MATCHED,681,9478112591000,681,10229300279000,9480003408000,-1890817000,-1890.817000
9478145909000,MATCHED,682,9478145909000,682,10229336375000,9480039504000,-1893595000,-1893.595000
9478179227000,MATCHED,683,9478179227000,683,10229372469000,9480075598000,-1896371000,-1896.371000
9478212546000,MATCHED,684,9478212546000,684,10229408563000,9480111692000,-1899146000,-1899.146000
9478245864000,MATCHED,685,9478245864000,685,10229444659000,9480147788000,-1901924000,-1901.924000
9478279184000,MATCHED,686,9478279184000,686,10229480766000,9480183895000,-1904711000,-1904.711000
9478312501000,MATCHED,687,9478312501000,687,10229516865000,9480219994000,-1907493000,-1907.493000
9478345818000,MATCHED,688,9478345818000,688,10229552949000,9480256078000,-1910260000,-1910.260000
9478379138000,MATCHED,689,9478379138000,689,10229589047000,9480292176000,-1913038000,-1913.038000
9478412457000,MATCHED,690,9478412457000,690,10229625137000,9480328266000,-1915809000,-1915.809000
9478445775000,MATCHED,691,9478445775000,691,10229661234000,9480364363000,-1918588000,-1918.588000
9478479094000,MATCHED,692,9478479094000,692,10229697325000,9480400454000,-1921360000,-1921.360000
9478512415000,MATCHED,693,9478512415000,693,10229733420000,9480436549000,-1924134000,-1924.134000
9478545731000,MATCHED,694,9478545731000,694,10229769514000,9480472643000,-1926912000,-1926.912000
9478579048000,MATCHED,695,9478579048000,695,10229805610000,9480508739000,-1929691000,-1929.691000
9478612367000,MATCHED,696,9478612367000,696,10229841705000,9480544834000,-1932467000,-1932.467000
9478645686000,MATCHED,697,9478645686000,697,10229877799000,9480580928000,-1935242000,-1935.242000
9478679004000,MATCHED,698,9478679004000,698,10229913895000,9480617024000,-1938020000,-1938.020000
9478712323000,MATCHED,699,9478712323000,699,10229949990000,9480653119000,-1940796000,-1940.796000
9478745642000,MATCHED,700,9478745642000,700,10229986087000,9480689216000,-1943574000,-1943.574000
9478778961000,MATCHED,701,9478778961000,701,10230022185000,9480725314000,-1946353000,-1946.353000
9478812279000,MATCHED,702,9478812279000,702,10230058277000,9480761406000,-1949127000,-1949.127000
9478845599000,MATCHED,703,9478845599000,703,10230094369000,9480797498000,-1951899000,-1951.899000
9478878922000,MATCHED,704,9478878922000,704,10230130464000,9480833593000,-1954671000,-1954.671000
9478912238000,MATCHED,705,9478912238000,705,10230166559000,9480869688000,-1957450000,-1957.450000
9478945556000,MATCHED,706,9478945556000,706,10230202655000,9480905784000,-1960228000,-1960.228000
9478978872000,MATCHED,707,9478978872000,707,10230238750000,9480941879000,-1963007000,-1963.007000
9479012194000,MATCHED,708,9479012194000,708,10230274844000,9480977973000,-1965779000,-1965.779000
9479045508000,MATCHED,709,9479045508000,709,10230310940000,9481014069000,-1968561000,-1968.561000
9479078825000,MATCHED,710,9479078825000,710,10230347035000,9481050164000,-1971339000,-1971.339000
9479112144000,MATCHED,711,9479112144000,711,10230383129000,9481086258000,-1974114000,-1974.114000
9479145462000,MATCHED,712,9479145462000,712,10230419224000,9481122353000,-1976891000,-1976.891000
9479178781000,MATCHED,713,9479178781000,713,10230455320000,9481158449000,-1979668000,-1979.668000
9479212100000,MATCHED,714,9479212100000,714,10230491415000,9481194544000,-1982444000,-1982.444000
9479245417000,MATCHED,715,9479245417000,715,10230527509000,9481230638000,-1985221000,-1985.221000
9479278736000,MATCHED,716,9479278736000,716,10230563605000,9481266734000,-1987998000,-1987.998000
9479312055000,MATCHED,717,9479312055000,717,10230599700000,9481302829000,-1990774000,-1990.774000
9479345373000,MATCHED,718,9479345373000,718,10230635795000,9481338924000,-1993551000,-1993.551000
9479378693000,MATCHED,719,9479378693000,719,10230671890000,9481375019000,-1996326000,-1996.326000
9479412011000,MATCHED,720,9479412011000,720,10230707984000,9481411113000,-1999102000,-1999.102000
9479445328000,MATCHED,721,9479445328000,721,10230744080000,9481447209000,-2001881000,-2001.881000
9479478648000,MATCHED,722,9479478648000,722,10230780177000,9481483306000,-2004658000,-2004.658000
9479511967000,MATCHED,723,9479511967000,723,10230816271000,9481519400000,-2007433000,-2007.433000
9479545285000,MATCHED,724,9479545285000,724,10230852367000,9481555496000,-2010211000,-2010.211000
9479578602000,MATCHED,725,9479578602000,725,10230888463000,9481591592000,-2012990000,-2012.990000
9479611927000,MATCHED,726,9479611927000,726,10230924557000,9481627686000,-2015759000,-2015.759000
9479645240000,MATCHED,727,9479645240000,727,10230960649000,9481663778000,-2018538000,-2018.538000
9479678560000,MATCHED,728,9479678560000,728,10230996745000,9481699874000,-2021314000,-2021.314000
9479711877000,MATCHED,729,9479711877000,729,10231032840000,9481735969000,-2024092000,-2024.092000
9479745195000,MATCHED,730,9479745195000,730,10231068934000,9481772063000,-2026868000,-2026.868000
9479778514000,MATCHED,731,9479778514000,731,10231105030000,9481808159000,-2029645000,-2029.645000
9479811832000,MATCHED,732,9479811832000,732,10231141124000,9481844253000,-2032421000,-2032.421000
9479845151000,MATCHED,733,9479845151000,733,10231177219000,9481880348000,-2035197000,-2035.197000
9479878472000,MATCHED,734,9479878472000,734,10231213315000,9481916444000,-2037972000,-2037.972000
9479911788000,MATCHED,735,9479911788000,735,10231249410000,9481952539000,-2040751000,-2040.751000
9479945106000,MATCHED,736,9479945106000,736,10231285504000,9481988633000,-2043527000,-2043.527000
9479978424000,MATCHED,737,9479978424000,737,10231321601000,9482024730000,-2046306000,-2046.306000
9480011743000,MATCHED,738,9480011743000,738,10231357696000,9482060825000,-2049082000,-2049.082000
9480045062000,MATCHED,739,9480045062000,739,10231393790000,9482096919000,-2051857000,-2051.857000
9480078380000,MATCHED,740,9480078380000,740,10231429886000,9482133015000,-2054635000,-2054.635000
9480111701000,MATCHED,741,9480111701000,741,10231465980000,9482169109000,-2057408000,-2057.408000
9480145019000,MATCHED,742,9480145019000,742,10231502079000,9482205208000,-2060189000,-2060.189000
9480178341000,MATCHED,743,9480178341000,743,10231538173000,9482241302000,-2062961000,-2062.961000
9480211659000,MATCHED,744,9480211659000,744,10231574269000,9482277398000,-2065739000,-2065.739000
9480244987000,MATCHED,745,9480244987000,745,10231610362000,9482313491000,-2068504000,-2068.504000
9480278307000,MATCHED,746,9480278307000,746,10231646459000,9482349588000,-2071281000,-2071.281000
9480311614000,MATCHED,747,9480311614000,747,10231682550000,9482385679000,-2074065000,-2074.065000
9480344929000,MATCHED,748,9480344929000,748,10231718646000,9482421775000,-2076846000,-2076.846000
9480378247000,MATCHED,749,9480378247000,749,10231754741000,9482457870000,-2079623000,-2079.623000
9480411566000,MATCHED,750,9480411566000,750,10231790836000,9482493965000,-2082399000,-2082.399000
9480444884000,MATCHED,751,9480444884000,751,10231826929000,9482530058000,-2085174000,-2085.174000
9480478203000,MATCHED,752,9480478203000,752,10231863026000,9482566155000,-2087952000,-2087.952000
9480511522000,MATCHED,753,9480511522000,753,10231899121000,9482602250000,-2090728000,-2090.728000
9480544840000,MATCHED,754,9480544840000,754,10231935215000,9482638344000,-2093504000,-2093.504000
9480578162000,MATCHED,755,9480578162000,755,10231971313000,9482674442000,-2096280000,-2096.280000
9480611480000,MATCHED,756,9480611480000,756,10232007407000,9482710536000,-2099056000,-2099.056000
9480644797000,MATCHED,757,9480644797000,757,10232043507000,9482746636000,-2101839000,-2101.839000
9480678117000,MATCHED,758,9480678117000,758,10232079596000,9482782725000,-2104608000,-2104.608000
9480711431000,MATCHED,759,9480711431000,759,10232115689000,9482818818000,-2107387000,-2107.387000
9480744748000,MATCHED,760,9480744748000,760,10232151785000,9482854914000,-2110166000,-2110.166000
9480778066000,MATCHED,761,9480778066000,761,10232187881000,9482891010000,-2112944000,-2112.944000
9480811385000,MATCHED,762,9480811385000,762,10232223975000,9482927104000,-2115719000,-2115.719000
9480844705000,MATCHED,763,9480844705000,763,10232260072000,9482963201000,-2118496000,-2118.496000
9480878029000,MATCHED,764,9480878029000,764,10232296167000,9482999296000,-2121267000,-2121.267000
9480911342000,MATCHED,765,9480911342000,765,10232332261000,9483035390000,-2124048000,-2124.048000
9480944660000,MATCHED,766,9480944660000,766,10232368357000,9483071486000,-2126826000,-2126.826000
9480977977000,MATCHED,767,9480977977000,767,10232404453000,9483107582000,-2129605000,-2129.605000
9481011297000,MATCHED,768,9481011297000,768,10232440547000,9483143676000,-2132379000,-2132.379000
9481044614000,MATCHED,769,9481044614000,769,10232476643000,9483179772000,-2135158000,-2135.158000
9481077935000,MATCHED,770,9481077935000,770,10232512737000,9483215866000,-2137931000,-2137.931000
9481111252000,MATCHED,771,9481111252000,771,10232548832000,9483251961000,-2140709000,-2140.709000
9481144577000,MATCHED,772,9481144577000,772,10232584927000,9483288056000,-2143479000,-2143.479000
9481177895000,MATCHED,773,9481177895000,773,10232621023000,9483324152000,-2146257000,-2146.257000
9481211210000,MATCHED,774,9481211210000,774,10232657117000,9483360246000,-2149036000,-2149.036000
9481244526000,MATCHED,775,9481244526000,775,10232693212000,9483396341000,-2151815000,-2151.815000
9481277846000,MATCHED,776,9481277846000,776,10232729306000,9483432435000,-2154589000,-2154.589000
9481311165000,MATCHED,777,9481311165000,777,10232765402000,9483468531000,-2157366000,-2157.366000
9481344488000,MATCHED,778,9481344488000,778,10232801498000,9483504627000,-2160139000,-2160.139000
9481377805000,MATCHED,779,9481377805000,779,10232837593000,9483540722000,-2162917000,-2162.917000
9481411126000,MATCHED,780,9481411126000,780,10232873687000,9483576816000,-2165690000,-2165.690000
9481444442000,MATCHED,781,9481444442000,781,10232909782000,9483612911000,-2168469000,-2168.469000
9481477760000,MATCHED,782,9481477760000,782,10232945878000,9483649007000,-2171247000,-2171.247000
9481511078000,MATCHED,783,9481511078000,783,10232981973000,9483685102000,-2174024000,-2174.024000
9481544398000,MATCHED,784,9481544398000,784,10233018068000,9483721197000,-2176799000,-2176.799000
9481577718000,MATCHED,785,9481577718000,785,10233054161000,9483757290000,-2179572000,-2179.572000
9481611040000,MATCHED,786,9481611040000,786,10233090255000,9483793384000,-2182344000,-2182.344000
9481644355000,MATCHED,787,9481644355000,787,10233126350000,9483829479000,-2185124000,-2185.124000
9481677673000,MATCHED,788,9481677673000,788,10233162445000,9483865574000,-2187901000,-2187.901000
9481710991000,MATCHED,789,9481710991000,789,10233198540000,9483901669000,-2190678000,-2190.678000
9481744316000,MATCHED,790,9481744316000,790,10233234636000,9483937765000,-2193449000,-2193.449000
9481777630000,MATCHED,791,9481777630000,791,10233270732000,9483973861000,-2196231000,-2196.231000
9481810960000,MATCHED,792,9481810960000,792,10233306827000,9484009956000,-2198996000,-2198.996000
9481844267000,MATCHED,793,9481844267000,793,10233342920000,9484046049000,-2201782000,-2201.782000
9481877589000,MATCHED,794,9481877589000,794,10233379015000,9484082144000,-2204555000,-2204.555000
9481910901000,MATCHED,795,9481910901000,795,10233415111000,9484118240000,-2207339000,-2207.339000
9481944230000,MATCHED,796,9481944230000,796,10233451205000,9484154334000,-2210104000,-2210.104000
9481977539000,MATCHED,797,9481977539000,797,10233487302000,9484190431000,-2212892000,-2212.892000
9482010877000,MATCHED,798,9482010877000,798,10233523400000,9484226529000,-2215652000,-2215.652000
9482044185000,MATCHED,799,9482044185000,799,10233559495000,9484262624000,-2218439000,-2218.439000
9482077492000,MATCHED,800,9482077492000,800,10233595589000,9484298718000,-2221226000,-2221.226000
9482110813000,MATCHED,801,9482110813000,801,10233631684000,9484334813000,-2224000000,-2224.000000
9482144128000,MATCHED,802,9482144128000,802,10233667784000,9484370913000,-2226785000,-2226.785000
9482177447000,MATCHED,803,9482177447000,803,10233703877000,9484407006000,-2229559000,-2229.559000
9482210765000,MATCHED,804,9482210765000,804,10233739980000,9484443109000,-2232344000,-2232.344000
9482244101000,MATCHED,805,9482244101000,805,10233776102000,9484479231000,-2235130000,-2235.130000
9482277405000,MATCHED,806,9482277405000,806,10233812163000,9484515292000,-2237887000,-2237.887000
9482310722000,MATCHED,807,9482310722000,807,10233848266000,9484551395000,-2240673000,-2240.673000
9482344056000,MATCHED,808,9482344056000,808,10233884350000,9484587479000,-2243423000,-2243.423000
9482377362000,MATCHED,809,9482377362000,809,10233920445000,9484623574000,-2246212000,-2246.212000
9482410674000,MATCHED,810,9482410674000,810,10233956539000,9484659668000,-2248994000,-2248.994000
9482443999000,MATCHED,811,9482443999000,811,10233992632000,9484695761000,-2251762000,-2251.762000
9482477315000,MATCHED,812,9482477315000,812,10234028729000,9484731858000,-2254543000,-2254.543000
9482510638000,MATCHED,813,9482510638000,813,10234064828000,9484767957000,-2257319000,-2257.319000
9482543951000,MATCHED,814,9482543951000,814,10234100918000,9484804047000,-2260096000,-2260.096000
9482577271000,MATCHED,815,9482577271000,815,10234137012000,9484840141000,-2262870000,-2262.870000
9482610587000,MATCHED,816,9482610587000,816,10234173105000,9484876234000,-2265647000,-2265.647000
9482643907000,MATCHED,817,9482643907000,817,10234209200000,9484912329000,-2268422000,-2268.422000
9482677227000,MATCHED,818,9482677227000,818,10234245296000,9484948425000,-2271198000,-2271.198000
9482710542000,MATCHED,819,9482710542000,819,10234281390000,9484984519000,-2273977000,-2273.977000
9482743859000,MATCHED,820,9482743859000,820,10234317489000,9485020618000,-2276759000,-2276.759000
9482777181000,MATCHED,821,9482777181000,821,10234353582000,9485056711000,-2279530000,-2279.530000
9482810498000,MATCHED,822,9482810498000,822,10234389679000,9485092808000,-2282310000,-2282.310000
9482843815000,MATCHED,823,9482843815000,823,10234425774000,9485128903000,-2285088000,-2285.088000
9482877134000,MATCHED,824,9482877134000,824,10234461869000,9485164998000,-2287864000,-2287.864000
9482910452000,MATCHED,825,9482910452000,825,10234497962000,9485201091000,-2290639000,-2290.639000
9482943775000,MATCHED,826,9482943775000,826,10234534058000,9485237187000,-2293412000,-2293.412000
9482977092000,MATCHED,827,9482977092000,827,10234570151000,9485273280000,-2296188000,-2296.188000
9483010409000,MATCHED,828,9483010409000,828,10234606246000,9485309375000,-2298966000,-2298.966000
9483043730000,MATCHED,829,9483043730000,829,10234642341000,9485345470000,-2301740000,-2301.740000
9483077048000,MATCHED,830,9483077048000,830,10234678436000,9485381565000,-2304517000,-2304.517000
9483110366000,MATCHED,831,9483110366000,831,10234714530000,9485417659000,-2307293000,-2307.293000
9483143684000,MATCHED,832,9483143684000,832,10234750627000,9485453756000,-2310072000,-2310.072000
9483177006000,MATCHED,833,9483177006000,833,10234786722000,9485489851000,-2312845000,-2312.845000
9483210327000,MATCHED,834,9483210327000,834,10234822816000,9485525945000,-2315618000,-2315.618000
9483243637000,MATCHED,835,9483243637000,835,10234858911000,9485562040000,-2318403000,-2318.403000
9483276955000,MATCHED,836,9483276955000,836,10234895006000,9485598135000,-2321180000,-2321.180000
9483310274000,MATCHED,837,9483310274000,837,10234931101000,9485634230000,-2323956000,-2323.956000
9483343592000,MATCHED,838,9483343592000,838,10234967196000,9485670325000,-2326733000,-2326.733000
9483376911000,MATCHED,839,9483376911000,839,10235003294000,9485706423000,-2329512000,-2329.512000
9483410229000,MATCHED,840,9483410229000,840,10235039386000,9485742515000,-2332286000,-2332.286000
9483443547000,MATCHED,841,9483443547000,841,10235075482000,9485778611000,-2335064000,-2335.064000
9483476869000,MATCHED,842,9483476869000,842,10235111578000,9485814707000,-2337838000,-2337.838000
9483510186000,MATCHED,843,9483510186000,843,10235147670000,9485850799000,-2340613000,-2340.613000
9483543504000,MATCHED,844,9483543504000,844,10235183765000,9485886894000,-2343390000,-2343.390000
9483576822000,MATCHED,845,9483576822000,845,10235219862000,9485922991000,-2346169000,-2346.169000
9483610141000,MATCHED,846,9483610141000,846,10235255960000,9485959089000,-2348948000,-2348.948000
9483643458000,MATCHED,847,9483643458000,847,10235292053000,9485995182000,-2351724000,-2351.724000
9483676778000,MATCHED,848,9483676778000,848,10235328147000,9486031276000,-2354498000,-2354.498000
9483710096000,MATCHED,849,9483710096000,849,10235364240000,9486067369000,-2357273000,-2357.273000
9483743414000,MATCHED,850,9483743414000,850,10235400335000,9486103464000,-2360050000,-2360.050000
9483776732000,MATCHED,851,9483776732000,851,10235436430000,9486139559000,-2362827000,-2362.827000
9483810052000,MATCHED,852,9483810052000,852,10235472525000,9486175654000,-2365602000,-2365.602000
9483843372000,MATCHED,853,9483843372000,853,10235508620000,9486211749000,-2368377000,-2368.377000
9483876691000,MATCHED,854,9483876691000,854,10235544717000,9486247846000,-2371155000,-2371.155000
9483910008000,MATCHED,855,9483910008000,855,10235580811000,9486283940000,-2373932000,-2373.932000
9483943326000,MATCHED,856,9483943326000,856,10235616905000,9486320034000,-2376708000,-2376.708000
9483976648000,MATCHED,857,9483976648000,857,10235653004000,9486356133000,-2379485000,-2379.485000
9484009962000,MATCHED,858,9484009962000,858,10235689095000,9486392224000,-2382262000,-2382.262000
9484043280000,MATCHED,859,9484043280000,859,10235725192000,9486428321000,-2385041000,-2385.041000
9484076600000,MATCHED,860,9484076600000,860,10235761286000,9486464415000,-2387815000,-2387.815000
9484109918000,MATCHED,861,9484109918000,861,10235797382000,9486500511000,-2390593000,-2390.593000
9484143237000,MATCHED,862,9484143237000,862,10235833478000,9486536607000,-2393370000,-2393.370000
9484176559000,MATCHED,863,9484176559000,863,10235869571000,9486572700000,-2396141000,-2396.141000
9484209876000,MATCHED,864,9484209876000,864,10235905669000,9486608798000,-2398922000,-2398.922000
9484243193000,MATCHED,865,9484243193000,865,10235941762000,9486644891000,-2401698000,-2401.698000
9484276511000,MATCHED,866,9484276511000,866,10235977856000,9486680985000,-2404474000,-2404.474000
9484309831000,MATCHED,867,9484309831000,867,10236013952000,9486717081000,-2407250000,-2407.250000
9484343149000,MATCHED,868,9484343149000,868,10236050047000,9486753176000,-2410027000,-2410.027000
9484376467000,MATCHED,869,9484376467000,869,10236086141000,9486789270000,-2412803000,-2412.803000
9484409785000,MATCHED,870,9484409785000,870,10236122237000,9486825366000,-2415581000,-2415.581000
9484443104000,MATCHED,871,9484443104000,871,10236158333000,9486861462000,-2418358000,-2418.358000
9484476424000,MATCHED,872,9484476424000,872,10236194427000,9486897556000,-2421132000,-2421.132000
9484509741000,MATCHED,873,9484509741000,873,10236230522000,9486933651000,-2423910000,-2423.910000
9484543060000,MATCHED,874,9484543060000,874,10236266617000,9486969746000,-2426686000,-2426.686000
9484576378000,MATCHED,875,9484576378000,875,10236302713000,9487005842000,-2429464000,-2429.464000
9484609696000,MATCHED,876,9484609696000,876,10236338808000,9487041937000,-2432241000,-2432.241000
9484643015000,MATCHED,877,9484643015000,877,10236374902000,9487078031000,-2435016000,-2435.016000
9484676333000,MATCHED,878,9484676333000,878,10236410997000,9487114126000,-2437793000,-2437.793000
9484709651000,MATCHED,879,9484709651000,879,10236447092000,9487150221000,-2440570000,-2440.570000
9484742971000,MATCHED,880,9484742971000,880,10236483188000,9487186317000,-2443346000,-2443.346000
9484776288000,MATCHED,881,9484776288000,881,10236519282000,9487222411000,-2446123000,-2446.123000
9484809607000,MATCHED,882,9484809607000,882,10236555376000,9487258505000,-2448898000,-2448.898000
9484842924000,MATCHED,883,9484842924000,883,10236591474000,9487294603000,-2451679000,-2451.679000
9484876244000,MATCHED,884,9484876244000,884,10236627566000,9487330695000,-2454451000,-2454.451000
9484909562000,MATCHED,885,9484909562000,885,10236663663000,9487366792000,-2457230000,-2457.230000
9484942881000,MATCHED,886,9484942881000,886,10236699758000,9487402887000,-2460006000,-2460.006000
9484976200000,MATCHED,887,9484976200000,887,10236735852000,9487438981000,-2462781000,-2462.781000
9485009518000,MATCHED,888,9485009518000,888,10236771947000,9487475076000,-2465558000,-2465.558000
9485042837000,MATCHED,889,9485042837000,889,10236808044000,9487511173000,-2468336000,-2468.336000
9485076154000,MATCHED,890,9485076154000,890,10236844140000,9487547269000,-2471115000,-2471.115000
9485109476000,MATCHED,891,9485109476000,891,10236880234000,9487583363000,-2473887000,-2473.887000
9485142793000,MATCHED,892,9485142793000,892,10236916327000,9487619456000,-2476663000,-2476.663000
9485176112000,MATCHED,893,9485176112000,893,10236952423000,9487655552000,-2479440000,-2479.440000
9485209437000,MATCHED,894,9485209437000,894,10236988518000,9487691647000,-2482210000,-2482.210000
9485242748000,MATCHED,895,9485242748000,895,10237024612000,9487727741000,-2484993000,-2484.993000
9485276074000,MATCHED,896,9485276074000,896,10237060708000,9487763837000,-2487763000,-2487.763000
9485309385000,MATCHED,897,9485309385000,897,10237096803000,9487799932000,-2490547000,-2490.547000
9485342702000,MATCHED,898,9485342702000,898,10237132898000,9487836027000,-2493325000,-2493.325000
9485376019000,MATCHED,899,9485376019000,899,10237168992000,9487872121000,-2496102000,-2496.102000
9485409337000,MATCHED,900,9485409337000,900,10237205087000,9487908216000,-2498879000,-2498.879000
9485442657000,MATCHED,901,9485442657000,901,10237241182000,9487944311000,-2501654000,-2501.654000
9485475977000,MATCHED,902,9485475977000,902,10237277278000,9487980407000,-2504430000,-2504.430000
9485509296000,MATCHED,903,9485509296000,903,10237313373000,9488016502000,-2507206000,-2507.206000
9485542613000,MATCHED,904,9485542613000,904,10237349468000,9488052597000,-2509984000,-2509.984000
9485575930000,MATCHED,905,9485575930000,905,10237385562000,9488088691000,-2512761000,-2512.761000
9485609257000,MATCHED,906,9485609257000,906,10237421657000,9488124786000,-2515529000,-2515.529000
9485642572000,MATCHED,907,9485642572000,907,10237457752000,9488160881000,-2518309000,-2518.309000
9485675888000,MATCHED,908,9485675888000,908,10237493847000,9488196976000,-2521088000,-2521.088000
9485709205000,MATCHED,909,9485709205000,909,10237529942000,9488233071000,-2523866000,-2523.866000
9485742520000,MATCHED,910,9485742520000,910,10237566037000,9488269166000,-2526646000,-2526.646000
9485775840000,MATCHED,911,9485775840000,911,10237602134000,9488305263000,-2529423000,-2529.423000
9485809158000,MATCHED,912,9485809158000,912,10237638228000,9488341357000,-2532199000,-2532.199000
9485842476000,MATCHED,913,9485842476000,913,10237674322000,9488377451000,-2534975000,-2534.975000
9485875795000,MATCHED,914,9485875795000,914,10237710417000,9488413546000,-2537751000,-2537.751000
9485909113000,MATCHED,915,9485909113000,915,10237746512000,9488449641000,-2540528000,-2540.528000
9485942434000,MATCHED,916,9485942434000,916,10237782608000,9488485737000,-2543303000,-2543.303000
9485975749000,MATCHED,917,9485975749000,917,10237818704000,9488521833000,-2546084000,-2546.084000
9486009070000,MATCHED,918,9486009070000,918,10237854798000,9488557927000,-2548857000,-2548.857000
9486042387000,MATCHED,919,9486042387000,919,10237890893000,9488594022000,-2551635000,-2551.635000
9486075706000,MATCHED,920,9486075706000,920,10237926988000,9488630117000,-2554411000,-2554.411000
9486109026000,MATCHED,921,9486109026000,921,10237963082000,9488666211000,-2557185000,-2557.185000
9486142343000,MATCHED,922,9486142343000,922,10237999178000,9488702307000,-2559964000,-2559.964000
9486175663000,MATCHED,923,9486175663000,923,10238035273000,9488738402000,-2562739000,-2562.739000
9486208983000,MATCHED,924,9486208983000,924,10238071368000,9488774497000,-2565514000,-2565.514000
9486242297000,MATCHED,925,9486242297000,925,10238107463000,9488810592000,-2568295000,-2568.295000
9486275616000,MATCHED,926,9486275616000,926,10238143557000,9488846686000,-2571070000,-2571.070000
9486308935000,MATCHED,927,9486308935000,927,10238179652000,9488882781000,-2573846000,-2573.846000
9486342253000,MATCHED,928,9486342253000,928,10238215753000,9488918882000,-2576629000,-2576.629000
9486375571000,MATCHED,929,9486375571000,929,10238251852000,9488954981000,-2579410000,-2579.410000
9486408890000,MATCHED,930,9486408890000,930,10238287952000,9488991081000,-2582191000,-2582.191000
9486442216000,MATCHED,931,9486442216000,931,10238324040000,9489027169000,-2584953000,-2584.953000
9486475534000,MATCHED,932,9486475534000,932,10238360145000,9489063274000,-2587740000,-2587.740000
9486508851000,MATCHED,933,9486508851000,933,10238396265000,9489099394000,-2590543000,-2590.543000
9486542168000,MATCHED,934,9486542168000,934,10238432324000,9489135453000,-2593285000,-2593.285000
9486575483000,MATCHED,935,9486575483000,935,10238468416000,9489171545000,-2596062000,-2596.062000
9486608802000,MATCHED,936,9486608802000,936,10238504511000,9489207640000,-2598838000,-2598.838000
9486642121000,MATCHED,937,9486642121000,937,10238540603000,9489243732000,-2601611000,-2601.611000
9486675440000,MATCHED,938,9486675440000,938,10238576696000,9489279825000,-2604385000,-2604.385000
9486708756000,MATCHED,939,9486708756000,939,10238612795000,9489315924000,-2607168000,-2607.168000
9486742075000,MATCHED,940,9486742075000,940,10238648894000,9489352023000,-2609948000,-2609.948000
9486775396000,MATCHED,941,9486775396000,941,10238684989000,9489388118000,-2612722000,-2612.722000
9486808711000,MATCHED,942,9486808711000,942,10238721079000,9489424208000,-2615497000,-2615.497000
9486842030000,MATCHED,943,9486842030000,943,10238757175000,9489460304000,-2618274000,-2618.274000
9486875348000,MATCHED,944,9486875348000,944,10238793269000,9489496398000,-2621050000,-2621.050000
9486908667000,MATCHED,945,9486908667000,945,10238829374000,9489532503000,-2623836000,-2623.836000
9486941985000,MATCHED,946,9486941985000,946,10238865474000,9489568603000,-2626618000,-2626.618000
9486975306000,MATCHED,947,9486975306000,947,10238901556000,9489604685000,-2629379000,-2629.379000
9487008625000,MATCHED,948,9487008625000,948,10238937653000,9489640782000,-2632157000,-2632.157000
9487041945000,MATCHED,949,9487041945000,949,10238973749000,9489676878000,-2634933000,-2634.933000
9487075260000,MATCHED,950,9487075260000,950,10239009843000,9489712972000,-2637712000,-2637.712000
9487108580000,MATCHED,951,9487108580000,951,10239045938000,9489749067000,-2640487000,-2640.487000
9487141897000,MATCHED,952,9487141897000,952,10239082038000,9489785167000,-2643270000,-2643.270000
9487175216000,MATCHED,953,9487175216000,953,10239118135000,9489821264000,-2646048000,-2646.048000
9487208541000,MATCHED,954,9487208541000,954,10239154227000,9489857356000,-2648815000,-2648.815000
9487241859000,MATCHED,955,9487241859000,955,10239190320000,9489893449000,-2651590000,-2651.590000
9487275181000,MATCHED,956,9487275181000,956,10239226412000,9489929541000,-2654360000,-2654.360000
9487308495000,MATCHED,957,9487308495000,957,10239262504000,9489965633000,-2657138000,-2657.138000
9487341810000,MATCHED,958,9487341810000,958,10239298607000,9490001736000,-2659926000,-2659.926000
9487375130000,MATCHED,959,9487375130000,959,10239334695000,9490037824000,-2662694000,-2662.694000
9487408446000,MATCHED,960,9487408446000,960,10239370802000,9490073931000,-2665485000,-2665.485000
9487441763000,MATCHED,961,9487441763000,961,10239406894000,9490110023000,-2668260000,-2668.260000
9487475083000,MATCHED,962,9487475083000,962,10239442980000,9490146109000,-2671026000,-2671.026000
9487508402000,MATCHED,963,9487508402000,963,10239479075000,9490182204000,-2673802000,-2673.802000
9487541718000,MATCHED,964,9487541718000,964,10239515170000,9490218299000,-2676581000,-2676.581000
9487575037000,MATCHED,965,9487575037000,965,10239551266000,9490254395000,-2679358000,-2679.358000
9487608358000,MATCHED,966,9487608358000,966,10239587360000,9490290489000,-2682131000,-2682.131000
9487641681000,MATCHED,967,9487641681000,967,10239623454000,9490326583000,-2684902000,-2684.902000
9487674996000,MATCHED,968,9487674996000,968,10239659550000,9490362679000,-2687683000,-2687.683000
9487708313000,MATCHED,969,9487708313000,969,10239695645000,9490398774000,-2690461000,-2690.461000
9487741630000,MATCHED,970,9487741630000,970,10239731740000,9490434869000,-2693239000,-2693.239000
9487774949000,MATCHED,971,9487774949000,971,10239767836000,9490470965000,-2696016000,-2696.016000
9487808268000,MATCHED,972,9487808268000,972,10239803933000,9490507062000,-2698794000,-2698.794000
9487841587000,MATCHED,973,9487841587000,973,10239840025000,9490543154000,-2701567000,-2701.567000
9487874904000,MATCHED,974,9487874904000,974,10239876121000,9490579250000,-2704346000,-2704.346000
9487908222000,MATCHED,975,9487908222000,975,10239912219000,9490615348000,-2707126000,-2707.126000
9487941541000,MATCHED,976,9487941541000,976,10239948311000,9490651440000,-2709899000,-2709.899000
9487974861000,MATCHED,977,9487974861000,977,10239984407000,9490687536000,-2712675000,-2712.675000
9488008178000,MATCHED,978,9488008178000,978,10240020510000,9490723639000,-2715461000,-2715.461000
9488041496000,MATCHED,979,9488041496000,979,10240056597000,9490759726000,-2718230000,-2718.230000
9488074814000,MATCHED,980,9488074814000,980,10240092691000,9490795820000,-2721006000,-2721.006000
9488108135000,MATCHED,981,9488108135000,981,10240128786000,9490831915000,-2723780000,-2723.780000
9488141459000,MATCHED,982,9488141459000,982,10240164882000,9490868011000,-2726552000,-2726.552000
9488174771000,MATCHED,983,9488174771000,983,10240200976000,9490904105000,-2729334000,-2729.334000
9488208092000,MATCHED,984,9488208092000,984,10240237071000,9490940200000,-2732108000,-2732.108000
9488241407000,MATCHED,985,9488241407000,985,10240273166000,9490976295000,-2734888000,-2734.888000
9488274726000,MATCHED,986,9488274726000,986,10240309261000,9491012390000,-2737664000,-2737.664000
9488308046000,MATCHED,987,9488308046000,987,10240345358000,9491048487000,-2740441000,-2740.441000
9488341363000,MATCHED,988,9488341363000,988,10240381454000,9491084583000,-2743220000,-2743.220000
9488374681000,MATCHED,989,9488374681000,989,10240417547000,9491120676000,-2745995000,-2745.995000
9488408000000,MATCHED,990,9488408000000,990,10240453645000,9491156774000,-2748774000,-2748.774000
9488441318000,MATCHED,991,9488441318000,991,10240489741000,9491192870000,-2751552000,-2751.552000
9488474637000,MATCHED,992,9488474637000,992,10240525832000,9491228961000,-2754324000,-2754.324000
9488507959000,MATCHED,993,9488507959000,993,10240561928000,9491265057000,-2757098000,-2757.098000
9488541275000,MATCHED,994,9488541275000,994,10240598019000,9491301148000,-2759873000,-2759.873000
9488574593000,MATCHED,995,9488574593000,995,10240634118000,9491337247000,-2762654000,-2762.654000
9488607911000,MATCHED,996,9488607911000,996,10240670211000,9491373340000,-2765429000,-2765.429000
9488641231000,MATCHED,997,9488641231000,997,10240706314000,9491409443000,-2768212000,-2768.212000
9488674556000,MATCHED,998,9488674556000,998,10240742399000,9491445528000,-2770972000,-2770.972000
9488707868000,MATCHED,999,9488707868000,999,10240778495000,9491481624000,-2773756000,-2773.756000
9488741187000,MATCHED,1000,9488741187000,1000,10240814589000,9491517718000,-2776531000,-2776.531000
9488774505000,MATCHED,1001,9488774505000,1001,10240850685000,9491553814000,-2779309000,-2779.309000
9488807824000,MATCHED,1002,9488807824000,1002,10240886782000,9491589911000,-2782087000,-2782.087000
9488841142000,MATCHED,1003,9488841142000,1003,10240922877000,9491626006000,-2784864000,-2784.864000
9488874469000,MATCHED,1004,9488874469000,1004,10240958972000,9491662101000,-2787632000,-2787.632000
9488907782000,MATCHED,1005,9488907782000,1005,10240995066000,9491698195000,-2790413000,-2790.413000
9488941107000,MATCHED,1006,9488941107000,1006,10241031160000,9491734289000,-2793182000,-2793.182000
9488974414000,MATCHED,1007,9488974414000,1007,10241067256000,9491770385000,-2795971000,-2795.971000
9489007737000,MATCHED,1008,9489007737000,1008,10241103350000,9491806479000,-2798742000,-2798.742000
9489041060000,MATCHED,1009,9489041060000,1009,10241139445000,9491842574000,-2801514000,-2801.514000
9489074371000,MATCHED,1010,9489074371000,1010,10241175540000,9491878669000,-2804298000,-2804.298000
9489107689000,MATCHED,1011,9489107689000,1011,10241211635000,9491914764000,-2807075000,-2807.075000
9489141007000,MATCHED,1012,9489141007000,1012,10241247733000,9491950862000,-2809855000,-2809.855000
9489174327000,MATCHED,1013,9489174327000,1013,10241283826000,9491986955000,-2812628000,-2812.628000
9489207651000,MATCHED,1014,9489207651000,1014,10241319920000,9492023049000,-2815398000,-2815.398000
9489240969000,MATCHED,1015,9489240969000,1015,10241356016000,9492059145000,-2818176000,-2818.176000
9489274294000,MATCHED,1016,9489274294000,1016,10241392110000,9492095239000,-2820945000,-2820.945000
9489307600000,MATCHED,1017,9489307600000,1017,10241428206000,9492131335000,-2823735000,-2823.735000
9489340925000,MATCHED,1018,9489340925000,1018,10241464300000,9492167429000,-2826504000,-2826.504000
9489374243000,MATCHED,1019,9489374243000,1019,10241500395000,9492203524000,-2829281000,-2829.281000
9489407558000,MATCHED,1020,9489407558000,1020,10241536491000,9492239620000,-2832062000,-2832.062000
9489440874000,MATCHED,1021,9489440874000,1021,10241572587000,9492275716000,-2834842000,-2834.842000
9489474193000,MATCHED,1022,9489474193000,1022,10241608681000,9492311810000,-2837617000,-2837.617000
9489507511000,MATCHED,1023,9489507511000,1023,10241644775000,9492347904000,-2840393000,-2840.393000
9489540833000,MATCHED,1024,9489540833000,1024,10241680870000,9492383999000,-2843166000,-2843.166000
9489574157000,MATCHED,1025,9489574157000,1025,10241716965000,9492420094000,-2845937000,-2845.937000
9489607472000,MATCHED,1026,9489607472000,1026,10241753059000,9492456188000,-2848716000,-2848.716000
9489640788000,MATCHED,1027,9489640788000,1027,10241789155000,9492492284000,-2851496000,-2851.496000
9489674105000,MATCHED,1028,9489674105000,1028,10241825255000,9492528384000,-2854279000,-2854.279000
9489707429000,MATCHED,1029,9489707429000,1029,10241861347000,9492564476000,-2857047000,-2857.047000
9489740740000,MATCHED,1030,9489740740000,1030,10241897443000,9492600572000,-2859832000,-2859.832000
9489774059000,MATCHED,1031,9489774059000,1031,10241933536000,9492636665000,-2862606000,-2862.606000
9489807377000,MATCHED,1032,9489807377000,1032,10241969630000,9492672759000,-2865382000,-2865.382000
9489840697000,MATCHED,1033,9489840697000,1033,10242005724000,9492708853000,-2868156000,-2868.156000
9489874015000,MATCHED,1034,9489874015000,1034,10242041820000,9492744949000,-2870934000,-2870.934000
9489907332000,MATCHED,1035,9489907332000,1035,10242077914000,9492781043000,-2873711000,-2873.711000
9489940652000,MATCHED,1036,9489940652000,1036,10242114011000,9492817140000,-2876488000,-2876.488000
9489973970000,MATCHED,1037,9489973970000,1037,10242150105000,9492853234000,-2879264000,-2879.264000
9490007288000,MATCHED,1038,9490007288000,1038,10242186201000,9492889330000,-2882042000,-2882.042000
9490040607000,MATCHED,1039,9490040607000,1039,10242222296000,9492925425000,-2884818000,-2884.818000
9490073924000,MATCHED,1040,9490073924000,1040,10242258390000,9492961519000,-2887595000,-2887.595000
9490107243000,MATCHED,1041,9490107243000,1041,10242294485000,9492997614000,-2890371000,-2890.371000
9490140562000,MATCHED,1042,9490140562000,1042,10242330582000,9493033711000,-2893149000,-2893.149000
9490173880000,MATCHED,1043,9490173880000,1043,10242366675000,9493069804000,-2895924000,-2895.924000
9490207202000,MATCHED,1044,9490207202000,1044,10242402771000,9493105900000,-2898698000,-2898.698000
9490240520000,MATCHED,1045,9490240520000,1045,10242438869000,9493141998000,-2901478000,-2901.478000
9490273838000,MATCHED,1046,9490273838000,1046,10242474973000,9493178102000,-2904264000,-2904.264000
9490307159000,MATCHED,1047,9490307159000,1047,10242511074000,9493214203000,-2907044000,-2907.044000
9490340476000,MATCHED,1048,9490340476000,1048,10242547161000,9493250290000,-2909814000,-2909.814000
9490373794000,MATCHED,1049,9490373794000,1049,10242583261000,9493286390000,-2912596000,-2912.596000
9490407111000,MATCHED,1050,9490407111000,1050,10242619353000,9493322482000,-2915371000,-2915.371000
9490440431000,MATCHED,1051,9490440431000,1051,10242655445000,9493358574000,-2918143000,-2918.143000
9490473748000,MATCHED,1052,9490473748000,1052,10242691541000,9493394670000,-2920922000,-2920.922000
9490507068000,MATCHED,1053,9490507068000,1053,10242727629000,9493430758000,-2923690000,-2923.690000
9490540385000,MATCHED,1054,9490540385000,1054,10242763727000,9493466856000,-2926471000,-2926.471000
9490573703000,MATCHED,1055,9490573703000,1055,10242799826000,9493502955000,-2929252000,-2929.252000
9490607022000,MATCHED,1056,9490607022000,1056,10242835916000,9493539045000,-2932023000,-2932.023000
9490640341000,MATCHED,1057,9490640341000,1057,10242872012000,9493575141000,-2934800000,-2934.800000
9490673659000,MATCHED,1058,9490673659000,1058,10242908106000,9493611235000,-2937576000,-2937.576000
9490706976000,MATCHED,1059,9490706976000,1059,10242944196000,9493647325000,-2940349000,-2940.349000
9490740296000,MATCHED,1060,9490740296000,1060,10242980291000,9493683420000,-2943124000,-2943.124000
9490773614000,MATCHED,1061,9490773614000,1061,10243016387000,9493719516000,-2945902000,-2945.902000
9490806932000,MATCHED,1062,9490806932000,1062,10243052481000,9493755610000,-2948678000,-2948.678000
9490840255000,MATCHED,1063,9490840255000,1063,10243088575000,9493791704000,-2951449000,-2951.449000
9490873571000,MATCHED,1064,9490873571000,1064,10243124671000,9493827800000,-2954229000,-2954.229000
9490906888000,MATCHED,1065,9490906888000,1065,10243160766000,9493863895000,-2957007000,-2957.007000
9490940208000,MATCHED,1066,9490940208000,1066,10243196861000,9493899990000,-2959782000,-2959.782000
9490973524000,MATCHED,1067,9490973524000,1067,10243232960000,9493936089000,-2962565000,-2962.565000
9491006845000,MATCHED,1068,9491006845000,1068,10243269052000,9493972181000,-2965336000,-2965.336000
9491040164000,MATCHED,1069,9491040164000,1069,10243305146000,9494008275000,-2968111000,-2968.111000
9491073482000,MATCHED,1070,9491073482000,1070,10243341243000,9494044372000,-2970890000,-2970.890000
9491106800000,MATCHED,1071,9491106800000,1071,10243377337000,9494080466000,-2973666000,-2973.666000
9491140120000,MATCHED,1072,9491140120000,1072,10243413438000,9494116567000,-2976447000,-2976.447000
9491173436000,MATCHED,1073,9491173436000,1073,10243449535000,9494152664000,-2979228000,-2979.228000
9491206755000,MATCHED,1074,9491206755000,1074,10243485623000,9494188752000,-2981997000,-2981.997000
9491240074000,MATCHED,1075,9491240074000,1075,10243521715000,9494224844000,-2984770000,-2984.770000
9491273392000,MATCHED,1076,9491273392000,1076,10243557812000,9494260941000,-2987549000,-2987.549000
9491306709000,MATCHED,1077,9491306709000,1077,10243593907000,9494297036000,-2990327000,-2990.327000
9491340029000,MATCHED,1078,9491340029000,1078,10243630001000,9494333130000,-2993101000,-2993.101000
9491373353000,MATCHED,1079,9491373353000,1079,10243666094000,9494369223000,-2995870000,-2995.870000
9491406669000,MATCHED,1080,9491406669000,1080,10243702191000,9494405320000,-2998651000,-2998.651000
9491439990000,MATCHED,1081,9491439990000,1081,10243738285000,9494441414000,-3001424000,-3001.424000
9491473304000,MATCHED,1082,9491473304000,1082,10243774395000,9494477524000,-3004220000,-3004.220000
9491506624000,MATCHED,1083,9491506624000,1083,10243810484000,9494513613000,-3006989000,-3006.989000
9491539958000,MATCHED,1084,9491539958000,1084,10243846577000,9494549706000,-3009748000,-3009.748000
9491573261000,MATCHED,1085,9491573261000,1085,10243882667000,9494585796000,-3012535000,-3012.535000
9491606577000,MATCHED,1086,9491606577000,1086,10243918781000,9494621910000,-3015333000,-3015.333000
9491639893000,MATCHED,1087,9491639893000,1087,10243954860000,9494657989000,-3018096000,-3018.096000
9491673214000,MATCHED,1088,9491673214000,1088,10243990953000,9494694082000,-3020868000,-3020.868000
9491706531000,MATCHED,1089,9491706531000,1089,10244027048000,9494730177000,-3023646000,-3023.646000
9491739850000,MATCHED,1090,9491739850000,1090,10244063143000,9494766272000,-3026422000,-3026.422000
9491773168000,MATCHED,1091,9491773168000,1091,10244099238000,9494802367000,-3029199000,-3029.199000
9491806486000,MATCHED,1092,9491806486000,1092,10244135336000,9494838465000,-3031979000,-3031.979000
9491839805000,MATCHED,1093,9491839805000,1093,10244171429000,9494874558000,-3034753000,-3034.753000
9491873125000,MATCHED,1094,9491873125000,1094,10244207525000,9494910654000,-3037529000,-3037.529000
9491906441000,MATCHED,1095,9491906441000,1095,10244243619000,9494946748000,-3040307000,-3040.307000
9491939760000,MATCHED,1096,9491939760000,1096,10244279716000,9494982845000,-3043085000,-3043.085000
9491973078000,MATCHED,1097,9491973078000,1097,10244315809000,9495018938000,-3045860000,-3045.860000
9492006396000,MATCHED,1098,9492006396000,1098,10244351901000,9495055030000,-3048634000,-3048.634000
9492039715000,MATCHED,1099,9492039715000,1099,10244387998000,9495091127000,-3051412000,-3051.412000
9492073034000,MATCHED,1100,9492073034000,1100,10244424091000,9495127220000,-3054186000,-3054.186000
9492106353000,MATCHED,1101,9492106353000,1101,10244460186000,9495163315000,-3056962000,-3056.962000
9492139670000,MATCHED,1102,9492139670000,1102,10244496281000,9495199410000,-3059740000,-3059.740000
9492172990000,MATCHED,1103,9492172990000,1103,10244532375000,9495235504000,-3062514000,-3062.514000
9492206307000,MATCHED,1104,9492206307000,1104,10244568470000,9495271599000,-3065292000,-3065.292000
9492239629000,MATCHED,1105,9492239629000,1105,10244604566000,9495307695000,-3068066000,-3068.066000
9492272944000,MATCHED,1106,9492272944000,1106,10244640661000,9495343790000,-3070846000,-3070.846000
9492306263000,MATCHED,1107,9492306263000,1107,10244676755000,9495379884000,-3073621000,-3073.621000
9492339583000,MATCHED,1108,9492339583000,1108,10244712850000,9495415979000,-3076396000,-3076.396000
9492372901000,MATCHED,1109,9492372901000,1109,10244748946000,9495452075000,-3079174000,-3079.174000
9492406218000,MATCHED,1110,9492406218000,1110,10244785041000,9495488170000,-3081952000,-3081.952000
9492439538000,MATCHED,1111,9492439538000,1111,10244821137000,9495524266000,-3084728000,-3084.728000
9492472856000,MATCHED,1112,9492472856000,1112,10244857231000,9495560360000,-3087504000,-3087.504000
9492506174000,MATCHED,1113,9492506174000,1113,10244893325000,9495596454000,-3090280000,-3090.280000
9492539494000,MATCHED,1114,9492539494000,1114,10244929421000,9495632550000,-3093056000,-3093.056000
9492572812000,MATCHED,1115,9492572812000,1115,10244965516000,9495668645000,-3095833000,-3095.833000
9492606130000,MATCHED,1116,9492606130000,1116,10245001611000,9495704740000,-3098610000,-3098.610000
9492639448000,MATCHED,1117,9492639448000,1117,10245037706000,9495740835000,-3101387000,-3101.387000
9492672769000,MATCHED,1118,9492672769000,1118,10245073800000,9495776929000,-3104160000,-3104.160000
9492706085000,MATCHED,1119,9492706085000,1119,10245109897000,9495813026000,-3106941000,-3106.941000
9492739406000,MATCHED,1120,9492739406000,1120,10245145992000,9495849121000,-3109715000,-3109.715000
9492772722000,MATCHED,1121,9492772722000,1121,10245182087000,9495885216000,-3112494000,-3112.494000
9492806041000,MATCHED,1122,9492806041000,1122,10245218180000,9495921309000,-3115268000,-3115.268000
9492839359000,MATCHED,1123,9492839359000,1123,10245254276000,9495957405000,-3118046000,-3118.046000
9492872677000,MATCHED,1124,9492872677000,1124,10245290372000,9495993501000,-3120824000,-3120.824000
9492905996000,MATCHED,1125,9492905996000,1125,10245326472000,9496029601000,-3123605000,-3123.605000
9492939314000,MATCHED,1126,9492939314000,1126,10245362563000,9496065692000,-3126378000,-3126.378000
9492972633000,MATCHED,1127,9492972633000,1127,10245398660000,9496101789000,-3129156000,-3129.156000
9493005951000,MATCHED,1128,9493005951000,1128,10245434752000,9496137881000,-3131930000,-3131.930000
9493039273000,MATCHED,1129,9493039273000,1129,10245470846000,9496173975000,-3134702000,-3134.702000
9493072588000,MATCHED,1130,9493072588000,1130,10245506942000,9496210071000,-3137483000,-3137.483000
9493105908000,MATCHED,1131,9493105908000,1131,10245543037000,9496246166000,-3140258000,-3140.258000
9493139225000,MATCHED,1132,9493139225000,1132,10245579131000,9496282260000,-3143035000,-3143.035000
9493172545000,MATCHED,1133,9493172545000,1133,10245615227000,9496318356000,-3145811000,-3145.811000
9493205863000,MATCHED,1134,9493205863000,1134,10245651322000,9496354451000,-3148588000,-3148.588000
9493239181000,MATCHED,1135,9493239181000,1135,10245687418000,9496390547000,-3151366000,-3151.366000
9493272502000,MATCHED,1136,9493272502000,1136,10245723514000,9496426643000,-3154141000,-3154.141000
9493305818000,MATCHED,1137,9493305818000,1137,10245759607000,9496462736000,-3156918000,-3156.918000
9493339136000,MATCHED,1138,9493339136000,1138,10245795701000,9496498830000,-3159694000,-3159.694000
9493372454000,MATCHED,1139,9493372454000,1139,10245831796000,9496534925000,-3162471000,-3162.471000
9493405773000,MATCHED,1140,9493405773000,1140,10245867892000,9496571021000,-3165248000,-3165.248000
9493439092000,MATCHED,1141,9493439092000,1141,10245903986000,9496607115000,-3168023000,-3168.023000
9493472411000,MATCHED,1142,9493472411000,1142,10245940085000,9496643214000,-3170803000,-3170.803000
9493505729000,MATCHED,1143,9493505729000,1143,10245976180000,9496679309000,-3173580000,-3173.580000
9493539047000,MATCHED,1144,9493539047000,1144,10246012275000,9496715404000,-3176357000,-3176.357000
9493572366000,MATCHED,1145,9493572366000,1145,10246048368000,9496751497000,-3179131000,-3179.131000
9493605693000,MATCHED,1146,9493605693000,1146,10246084462000,9496787591000,-3181898000,-3181.898000
9493639003000,MATCHED,1147,9493639003000,1147,10246120556000,9496823685000,-3184682000,-3184.682000
9493672323000,MATCHED,1148,9493672323000,1148,10246156652000,9496859781000,-3187458000,-3187.458000
9493705640000,MATCHED,1149,9493705640000,1149,10246192747000,9496895876000,-3190236000,-3190.236000
9493738958000,MATCHED,1150,9493738958000,1150,10246228842000,9496931971000,-3193013000,-3193.013000
9493772277000,MATCHED,1151,9493772277000,1151,10246264944000,9496968073000,-3195796000,-3195.796000
9493805601000,MATCHED,1152,9493805601000,1152,10246301033000,9497004162000,-3198561000,-3198.561000
9493838914000,MATCHED,1153,9493838914000,1153,10246337131000,9497040260000,-3201346000,-3201.346000
9493872232000,MATCHED,1154,9493872232000,1154,10246373223000,9497076352000,-3204120000,-3204.120000
9493905550000,MATCHED,1155,9493905550000,1155,10246409317000,9497112446000,-3206896000,-3206.896000
9493938870000,MATCHED,1156,9493938870000,1156,10246445413000,9497148542000,-3209672000,-3209.672000
9493972188000,MATCHED,1157,9493972188000,1157,10246481508000,9497184637000,-3212449000,-3212.449000
9494005506000,MATCHED,1158,9494005506000,1158,10246517603000,9497220732000,-3215226000,-3215.226000
9494038825000,MATCHED,1159,9494038825000,1159,10246553697000,9497256826000,-3218001000,-3218.001000
9494072143000,MATCHED,1160,9494072143000,1160,10246589792000,9497292921000,-3220778000,-3220.778000
9494105463000,MATCHED,1161,9494105463000,1161,10246625888000,9497329017000,-3223554000,-3223.554000
9494138780000,MATCHED,1162,9494138780000,1162,10246661982000,9497365111000,-3226331000,-3226.331000
9494172099000,MATCHED,1163,9494172099000,1163,10246698077000,9497401206000,-3229107000,-3229.107000
9494205416000,MATCHED,1164,9494205416000,1164,10246734171000,9497437300000,-3231884000,-3231.884000
9494238735000,MATCHED,1165,9494238735000,1165,10246770266000,9497473395000,-3234660000,-3234.660000
9494272055000,MATCHED,1166,9494272055000,1166,10246806362000,9497509491000,-3237436000,-3237.436000
9494305372000,MATCHED,1167,9494305372000,1167,10246842456000,9497545585000,-3240213000,-3240.213000
9494338691000,MATCHED,1168,9494338691000,1168,10246878553000,9497581682000,-3242991000,-3242.991000
9494372010000,MATCHED,1169,9494372010000,1169,10246914647000,9497617776000,-3245766000,-3245.766000
9494405328000,MATCHED,1170,9494405328000,1170,10246950742000,9497653871000,-3248543000,-3248.543000
9494438647000,MATCHED,1171,9494438647000,1171,10246986838000,9497689967000,-3251320000,-3251.320000
9494471964000,MATCHED,1172,9494471964000,1172,10247022932000,9497726061000,-3254097000,-3254.097000
9494505284000,MATCHED,1173,9494505284000,1173,10247059028000,9497762157000,-3256873000,-3256.873000
9494538601000,MATCHED,1174,9494538601000,1174,10247095123000,9497798252000,-3259651000,-3259.651000
9494571919000,MATCHED,1175,9494571919000,1175,10247131217000,9497834346000,-3262427000,-3262.427000
9494605237000,MATCHED,1176,9494605237000,1176,10247167312000,9497870441000,-3265204000,-3265.204000
9494638557000,MATCHED,1177,9494638557000,1177,10247203408000,9497906537000,-3267980000,-3267.980000
9494671878000,MATCHED,1178,9494671878000,1178,10247239502000,9497942631000,-3270753000,-3270.753000
9494705193000,MATCHED,1179,9494705193000,1179,10247275599000,9497978728000,-3273535000,-3273.535000
9494738512000,MATCHED,1180,9494738512000,1180,10247311692000,9498014821000,-3276309000,-3276.309000
9494771830000,MATCHED,1181,9494771830000,1181,10247347789000,9498050918000,-3279088000,-3279.088000
9494805150000,MATCHED,1182,9494805150000,1182,10247383883000,9498087012000,-3281862000,-3281.862000
9494838469000,MATCHED,1183,9494838469000,1183,10247419977000,9498123106000,-3284637000,-3284.637000
9494871786000,MATCHED,1184,9494871786000,1184,10247456074000,9498159203000,-3287417000,-3287.417000
9494905104000,MATCHED,1185,9494905104000,1185,10247492169000,9498195298000,-3290194000,-3290.194000
9494938423000,MATCHED,1186,9494938423000,1186,10247528264000,9498231393000,-3292970000,-3292.970000
9494971741000,MATCHED,1187,9494971741000,1187,10247564357000,9498267486000,-3295745000,-3295.745000
9495005060000,MATCHED,1188,9495005060000,1188,10247600452000,9498303581000,-3298521000,-3298.521000
9495038381000,MATCHED,1189,9495038381000,1189,10247636549000,9498339678000,-3301297000,-3301.297000
9495071701000,MATCHED,1190,9495071701000,1190,10247672642000,9498375771000,-3304070000,-3304.070000
9495105015000,MATCHED,1191,9495105015000,1191,10247708737000,9498411866000,-3306851000,-3306.851000
9495138335000,MATCHED,1192,9495138335000,1192,10247744833000,9498447962000,-3309627000,-3309.627000
9495171652000,MATCHED,1193,9495171652000,1193,10247780928000,9498484057000,-3312405000,-3312.405000
9495204971000,MATCHED,1194,9495204971000,1194,10247817023000,9498520152000,-3315181000,-3315.181000
9495238289000,MATCHED,1195,9495238289000,1195,10247853117000,9498556246000,-3317957000,-3317.957000
9495271608000,MATCHED,1196,9495271608000,1196,10247889212000,9498592341000,-3320733000,-3320.733000
9495304926000,MATCHED,1197,9495304926000,1197,10247925308000,9498628437000,-3323511000,-3323.511000
9495338248000,MATCHED,1198,9495338248000,1198,10247961403000,9498664532000,-3326284000,-3326.284000
9495371564000,MATCHED,1199,9495371564000,1199,10247997497000,9498700626000,-3329062000,-3329.062000
9495404882000,MATCHED,1200,9495404882000,1200,10248033593000,9498736722000,-3331840000,-3331.840000
9495438200000,MATCHED,1201,9495438200000,1201,10248069688000,9498772817000,-3334617000,-3334.617000
9495471520000,MATCHED,1202,9495471520000,1202,10248105784000,9498808913000,-3337393000,-3337.393000
9495504837000,MATCHED,1203,9495504837000,1203,10248141878000,9498845007000,-3340170000,-3340.170000
9495538155000,MATCHED,1204,9495538155000,1204,10248177973000,9498881102000,-3342947000,-3342.947000
9495571474000,MATCHED,1205,9495571474000,1205,10248214067000,9498917196000,-3345722000,-3345.722000
9495604795000,MATCHED,1206,9495604795000,1206,10248250162000,9498953291000,-3348496000,-3348.496000
9495638118000,MATCHED,1207,9495638118000,1207,10248286258000,9498989387000,-3351269000,-3351.269000
9495671434000,MATCHED,1208,9495671434000,1208,10248322352000,9499025481000,-3354047000,-3354.047000
9495704764000,MATCHED,1209,9495704764000,1209,10248358448000,9499061577000,-3356813000,-3356.813000
9495738069000,MATCHED,1210,9495738069000,1210,10248394544000,9499097673000,-3359604000,-3359.604000
9495771386000,MATCHED,1211,9495771386000,1211,10248430638000,9499133767000,-3362381000,-3362.381000
9495804703000,MATCHED,1212,9495804703000,1212,10248466733000,9499169862000,-3365159000,-3365.159000
9495838023000,MATCHED,1213,9495838023000,1213,10248502828000,9499205957000,-3367934000,-3367.934000
9495871340000,MATCHED,1214,9495871340000,1214,10248538922000,9499242051000,-3370711000,-3370.711000
9495904659000,MATCHED,1215,9495904659000,1215,10248575019000,9499278148000,-3373489000,-3373.489000
9495937978000,MATCHED,1216,9495937978000,1216,10248611112000,9499314241000,-3376263000,-3376.263000
9495971295000,MATCHED,1217,9495971295000,1217,10248647208000,9499350337000,-3379042000,-3379.042000
9496004614000,MATCHED,1218,9496004614000,1218,10248683304000,9499386433000,-3381819000,-3381.819000
9496037933000,MATCHED,1219,9496037933000,1219,10248719398000,9499422527000,-3384594000,-3384.594000
9496071250000,MATCHED,1220,9496071250000,1220,10248755494000,9499458623000,-3387373000,-3387.373000
9496104572000,MATCHED,1221,9496104572000,1221,10248791588000,9499494717000,-3390145000,-3390.145000
9496137888000,MATCHED,1222,9496137888000,1222,10248827684000,9499530813000,-3392925000,-3392.925000
9496171212000,MATCHED,1223,9496171212000,1223,10248863781000,9499566910000,-3395698000,-3395.698000
9496204527000,MATCHED,1224,9496204527000,1224,10248899879000,9499603008000,-3398481000,-3398.481000
9496237844000,MATCHED,1225,9496237844000,1225,10248935981000,9499639110000,-3401266000,-3401.266000
9496271165000,MATCHED,1226,9496271165000,1226,10248972069000,9499675198000,-3404033000,-3404.033000
9496304485000,MATCHED,1227,9496304485000,1227,10249008167000,9499711296000,-3406811000,-3406.811000
9496337816000,MATCHED,1228,9496337816000,1228,10249044272000,9499747401000,-3409585000,-3409.585000
9496371129000,MATCHED,1229,9496371129000,1229,10249080351000,9499783480000,-3412351000,-3412.351000
9496404438000,MATCHED,1230,9496404438000,1230,10249116445000,9499819574000,-3415136000,-3415.136000
9496437755000,MATCHED,1231,9496437755000,1231,10249152538000,9499855667000,-3417912000,-3417.912000
9496471089000,MATCHED,1232,9496471089000,1232,10249188635000,9499891764000,-3420675000,-3420.675000
9496504399000,MATCHED,1233,9496504399000,1233,10249224728000,9499927857000,-3423458000,-3423.458000
9496537715000,MATCHED,1234,9496537715000,1234,10249260823000,9499963952000,-3426237000,-3426.237000
9496571039000,MATCHED,1235,9496571039000,1235,10249296918000,9500000047000,-3429008000,-3429.008000
9496604349000,MATCHED,1236,9496604349000,1236,10249333014000,9500036143000,-3431794000,-3431.794000
9496637679000,MATCHED,1237,9496637679000,1237,10249369112000,9500072241000,-3434562000,-3434.562000
9496671001000,MATCHED,1238,9496671001000,1238,10249405206000,9500108335000,-3437334000,-3437.334000
9496704318000,MATCHED,1239,9496704318000,1239,10249441303000,9500144432000,-3440114000,-3440.114000
9496737639000,MATCHED,1240,9496737639000,1240,10249477394000,9500180523000,-3442884000,-3442.884000
9496770953000,MATCHED,1241,9496770953000,1241,10249513490000,9500216619000,-3445666000,-3445.666000
9496804269000,MATCHED,1242,9496804269000,1242,10249549584000,9500252713000,-3448444000,-3448.444000
9496837593000,MATCHED,1243,9496837593000,1243,10249585678000,9500288807000,-3451214000,-3451.214000
9496870906000,MATCHED,1244,9496870906000,1244,10249621773000,9500324902000,-3453996000,-3453.996000
9496904226000,MATCHED,1245,9496904226000,1245,10249657869000,9500360998000,-3456772000,-3456.772000
9496937537000,MATCHED,1246,9496937537000,1246,10249693964000,9500397093000,-3459556000,-3459.556000
9496970866000,MATCHED,1247,9496970866000,1247,10249730061000,9500433190000,-3462324000,-3462.324000
9497004176000,MATCHED,1248,9497004176000,1248,10249766157000,9500469286000,-3465110000,-3465.110000
9497037489000,MATCHED,1249,9497037489000,1249,10249802251000,9500505380000,-3467891000,-3467.891000
9497070808000,MATCHED,1250,9497070808000,1250,10249838346000,9500541475000,-3470667000,-3470.667000
9497104127000,MATCHED,1251,9497104127000,1251,10249874441000,9500577570000,-3473443000,-3473.443000
9497137444000,MATCHED,1252,9497137444000,1252,10249910536000,9500613665000,-3476221000,-3476.221000
9497170763000,MATCHED,1253,9497170763000,1253,10249946631000,9500649760000,-3478997000,-3478.997000
9497204080000,MATCHED,1254,9497204080000,1254,10249982728000,9500685857000,-3481777000,-3481.777000
9497237400000,MATCHED,1255,9497237400000,1255,10250018821000,9500721950000,-3484550000,-3484.550000
9497270719000,MATCHED,1256,9497270719000,1256,10250054915000,9500758044000,-3487325000,-3487.325000
9497304041000,MATCHED,1257,9497304041000,1257,10250091010000,9500794139000,-3490098000,-3490.098000
9497337356000,MATCHED,1258,9497337356000,1258,10250127106000,9500830235000,-3492879000,-3492.879000
9497370674000,MATCHED,1259,9497370674000,1259,10250163201000,9500866330000,-3495656000,-3495.656000
9497403991000,MATCHED,1260,9497403991000,1260,10250199297000,9500902426000,-3498435000,-3498.435000
9497437310000,MATCHED,1261,9497437310000,1261,10250235391000,9500938520000,-3501210000,-3501.210000
9497470629000,MATCHED,1262,9497470629000,1262,10250271484000,9500974613000,-3503984000,-3503.984000
9497503947000,MATCHED,1263,9497503947000,1263,10250307587000,9501010716000,-3506769000,-3506.769000
9497537265000,MATCHED,1264,9497537265000,1264,10250343679000,9501046808000,-3509543000,-3509.543000
9497570583000,MATCHED,1265,9497570583000,1265,10250379772000,9501082901000,-3512318000,-3512.318000
9497603903000,MATCHED,1266,9497603903000,1266,10250415869000,9501118998000,-3515095000,-3515.095000
9497637223000,MATCHED,1267,9497637223000,1267,10250451960000,9501155089000,-3517866000,-3517.866000
9497670539000,MATCHED,1268,9497670539000,1268,10250488055000,9501191184000,-3520645000,-3520.645000
9497703858000,MATCHED,1269,9497703858000,1269,10250524151000,9501227280000,-3523422000,-3523.422000
9497737176000,MATCHED,1270,9497737176000,1270,10250560243000,9501263372000,-3526196000,-3526.196000
9497770495000,MATCHED,1271,9497770495000,1271,10250596339000,9501299468000,-3528973000,-3528.973000
9497803812000,MATCHED,1272,9497803812000,1272,10250632434000,9501335563000,-3531751000,-3531.751000
9497837132000,MATCHED,1273,9497837132000,1273,10250668528000,9501371657000,-3534525000,-3534.525000
9497870450000,MATCHED,1274,9497870450000,1274,10250704625000,9501407754000,-3537304000,-3537.304000
9497903774000,MATCHED,1275,9497903774000,1275,10250740719000,9501443848000,-3540074000,-3540.074000
9497937087000,MATCHED,1276,9497937087000,1276,10250776814000,9501479943000,-3542856000,-3542.856000
9497970405000,MATCHED,1277,9497970405000,1277,10250812910000,9501516039000,-3545634000,-3545.634000
9498003725000,MATCHED,1278,9498003725000,1278,10250849003000,9501552132000,-3548407000,-3548.407000
9498037043000,MATCHED,1279,9498037043000,1279,10250885098000,9501588227000,-3551184000,-3551.184000
9498070360000,MATCHED,1280,9498070360000,1280,10250921194000,9501624323000,-3553963000,-3553.963000
9498103680000,MATCHED,1281,9498103680000,1281,10250957295000,9501660424000,-3556744000,-3556.744000
9498136998000,MATCHED,1282,9498136998000,1282,10250993390000,9501696519000,-3559521000,-3559.521000
9498170317000,MATCHED,1283,9498170317000,1283,10251029496000,9501732625000,-3562308000,-3562.308000
9498203636000,MATCHED,1284,9498203636000,1284,10251065588000,9501768717000,-3565081000,-3565.081000
9498236953000,MATCHED,1285,9498236953000,1285,10251101672000,9501804801000,-3567848000,-3567.848000
9498270271000,MATCHED,1286,9498270271000,1286,10251137783000,9501840912000,-3570641000,-3570.641000
9498303590000,MATCHED,1287,9498303590000,1287,10251173860000,9501876989000,-3573399000,-3573.399000
9498336909000,MATCHED,1288,9498336909000,1288,10251209956000,9501913085000,-3576176000,-3576.176000
9498370226000,MATCHED,1289,9498370226000,1289,10251246050000,9501949179000,-3578953000,-3578.953000
9498403551000,MATCHED,1290,9498403551000,1290,10251282144000,9501985273000,-3581722000,-3581.722000
9498436865000,MATCHED,1291,9498436865000,1291,10251318240000,9502021369000,-3584504000,-3584.504000
9498470183000,MATCHED,1292,9498470183000,1292,10251354335000,9502057464000,-3587281000,-3587.281000
9498503501000,MATCHED,1293,9498503501000,1293,10251390429000,9502093558000,-3590057000,-3590.057000
9498536820000,MATCHED,1294,9498536820000,1294,10251426524000,9502129653000,-3592833000,-3592.833000
9498570139000,MATCHED,1295,9498570139000,1295,10251462623000,9502165752000,-3595613000,-3595.613000
9498603457000,MATCHED,1296,9498603457000,1296,10251498720000,9502201849000,-3598392000,-3598.392000
9498636775000,MATCHED,1297,9498636775000,1297,10251534813000,9502237942000,-3601167000,-3601.167000
9498670095000,MATCHED,1298,9498670095000,1298,10251570904000,9502274033000,-3603938000,-3603.938000
9498703412000,MATCHED,1299,9498703412000,1299,10251606999000,9502310128000,-3606716000,-3606.716000
9498736730000,MATCHED,1300,9498736730000,1300,10251643093000,9502346222000,-3609492000,-3609.492000
9498770050000,MATCHED,1301,9498770050000,1301,10251679191000,9502382320000,-3612270000,-3612.270000
9498803368000,MATCHED,1302,9498803368000,1302,10251715284000,9502418413000,-3615045000,-3615.045000
9498836687000,MATCHED,1303,9498836687000,1303,10251751380000,9502454509000,-3617822000,-3617.822000
9498870004000,MATCHED,1304,9498870004000,1304,10251787476000,9502490605000,-3620601000,-3620.601000
9498903331000,MATCHED,1305,9498903331000,1305,10251823571000,9502526700000,-3623369000,-3623.369000
9498936647000,MATCHED,1306,9498936647000,1306,10251859665000,9502562794000,-3626147000,-3626.147000
9498969960000,MATCHED,1307,9498969960000,1307,10251895759000,9502598888000,-3628928000,-3628.928000
9499003279000,MATCHED,1308,9499003279000,1308,10251931854000,9502634983000,-3631704000,-3631.704000
9499036597000,MATCHED,1309,9499036597000,1309,10251967950000,9502671079000,-3634482000,-3634.482000
9499069916000,MATCHED,1310,9499069916000,1310,10252004046000,9502707175000,-3637259000,-3637.259000
9499103234000,MATCHED,1311,9499103234000,1311,10252040140000,9502743269000,-3640035000,-3640.035000
9499136553000,MATCHED,1312,9499136553000,1312,10252076237000,9502779366000,-3642813000,-3642.813000
9499169872000,MATCHED,1313,9499169872000,1313,10252112332000,9502815461000,-3645589000,-3645.589000
9499203189000,MATCHED,1314,9499203189000,1314,10252148427000,9502851556000,-3648367000,-3648.367000
9499236508000,MATCHED,1315,9499236508000,1315,10252184521000,9502887650000,-3651142000,-3651.142000
9499269826000,MATCHED,1316,9499269826000,1316,10252220615000,9502923744000,-3653918000,-3653.918000
9499303145000,MATCHED,1317,9499303145000,1317,10252256713000,9502959842000,-3656697000,-3656.697000
9499336463000,MATCHED,1318,9499336463000,1318,10252292810000,9502995939000,-3659476000,-3659.476000
9499369782000,MATCHED,1319,9499369782000,1319,10252328900000,9503032029000,-3662247000,-3662.247000
9499403100000,MATCHED,1320,9499403100000,1320,10252364999000,9503068128000,-3665028000,-3665.028000
9499436421000,MATCHED,1321,9499436421000,1321,10252401095000,9503104224000,-3667803000,-3667.803000
9499469739000,MATCHED,1322,9499469739000,1322,10252437189000,9503140318000,-3670579000,-3670.579000
9499503056000,MATCHED,1323,9499503056000,1323,10252473281000,9503176410000,-3673354000,-3673.354000
9499536374000,MATCHED,1324,9499536374000,1324,10252509377000,9503212506000,-3676132000,-3676.132000
9499569693000,MATCHED,1325,9499569693000,1325,10252545488000,9503248617000,-3678924000,-3678.924000
9499603011000,MATCHED,1326,9499603011000,1326,10252581569000,9503284698000,-3681687000,-3681.687000
9499636329000,MATCHED,1327,9499636329000,1327,10252617670000,9503320799000,-3684470000,-3684.470000
9499669649000,MATCHED,1328,9499669649000,1328,10252653761000,9503356890000,-3687241000,-3687.241000
9499702968000,MATCHED,1329,9499702968000,1329,10252689855000,9503392984000,-3690016000,-3690.016000
9499736285000,MATCHED,1330,9499736285000,1330,10252725951000,9503429080000,-3692795000,-3692.795000
9499769626000,MATCHED,1331,9499769626000,1331,10252762048000,9503465177000,-3695551000,-3695.551000
9499802925000,MATCHED,1332,9499802925000,1332,10252798145000,9503501274000,-3698349000,-3698.349000
9499836244000,MATCHED,1333,9499836244000,1333,10252834237000,9503537366000,-3701122000,-3701.122000
9499869565000,MATCHED,1334,9499869565000,1334,10252870332000,9503573461000,-3703896000,-3703.896000
9499902892000,MATCHED,1335,9499902892000,1335,10252906424000,9503609553000,-3706661000,-3706.661000
9499936199000,MATCHED,1336,9499936199000,1336,10252942520000,9503645649000,-3709450000,-3709.450000
9499969514000,MATCHED,1337,9499969514000,1337,10252978619000,9503681748000,-3712234000,-3712.234000
9500002832000,MATCHED,1338,9500002832000,1338,10253014710000,9503717839000,-3715007000,-3715.007000
9500036152000,MATCHED,1339,9500036152000,1339,10253050801000,9503753930000,-3717778000,-3717.778000
9500069470000,MATCHED,1340,9500069470000,1340,10253086898000,9503790027000,-3720557000,-3720.557000
9500102789000,MATCHED,1341,9500102789000,1341,10253122994000,9503826123000,-3723334000,-3723.334000
9500136106000,MATCHED,1342,9500136106000,1342,10253159092000,9503862221000,-3726115000,-3726.115000
9500169426000,MATCHED,1343,9500169426000,1343,10253195181000,9503898310000,-3728884000,-3728.884000
9500202744000,MATCHED,1344,9500202744000,1344,10253231290000,9503934419000,-3731675000,-3731.675000
9500236063000,MATCHED,1345,9500236063000,1345,10253267378000,9503970507000,-3734444000,-3734.444000
9500269381000,MATCHED,1346,9500269381000,1346,10253303471000,9504006600000,-3737219000,-3737.219000
9500302701000,MATCHED,1347,9500302701000,1347,10253339572000,9504042701000,-3740000000,-3740.000000
9500336022000,MATCHED,1348,9500336022000,1348,10253375661000,9504078790000,-3742768000,-3742.768000
9500369336000,MATCHED,1349,9500369336000,1349,10253411756000,9504114885000,-3745549000,-3745.549000
9500402655000,MATCHED,1350,9500402655000,1350,10253447845000,9504150974000,-3748319000,-3748.319000
9500435979000,MATCHED,1351,9500435979000,1351,10253483942000,9504187071000,-3751092000,-3751.092000
9500469291000,MATCHED,1352,9500469291000,1352,10253520064000,9504223193000,-3753902000,-3753.902000
9500502619000,MATCHED,1353,9500502619000,1353,10253556136000,9504259265000,-3756646000,-3756.646000
9500535935000,MATCHED,1354,9500535935000,1354,10253592225000,9504295354000,-3759419000,-3759.419000
9500569251000,MATCHED,1355,9500569251000,1355,10253628319000,9504331448000,-3762197000,-3762.197000
9500602565000,MATCHED,1356,9500602565000,1356,10253664413000,9504367542000,-3764977000,-3764.977000
9500635888000,MATCHED,1357,9500635888000,1357,10253700509000,9504403638000,-3767750000,-3767.750000
9500669205000,MATCHED,1358,9500669205000,1358,10253736603000,9504439732000,-3770527000,-3770.527000
9500702522000,MATCHED,1359,9500702522000,1359,10253772699000,9504475828000,-3773306000,-3773.306000
9500735840000,MATCHED,1360,9500735840000,1360,10253808793000,9504511922000,-3776082000,-3776.082000
9500769159000,MATCHED,1361,9500769159000,1361,10253844889000,9504548018000,-3778859000,-3778.859000
9500802476000,MATCHED,1362,9500802476000,1362,10253880987000,9504584116000,-3781640000,-3781.640000
9500835801000,MATCHED,1363,9500835801000,1363,10253917083000,9504620212000,-3784411000,-3784.411000
9500869118000,MATCHED,1364,9500869118000,1364,10253953176000,9504656305000,-3787187000,-3787.187000
9500902434000,MATCHED,1365,9500902434000,1365,10253989269000,9504692398000,-3789964000,-3789.964000
9500935753000,MATCHED,1366,9500935753000,1366,10254025366000,9504728495000,-3792742000,-3792.742000
9500969070000,MATCHED,1367,9500969070000,1367,10254061460000,9504764589000,-3795519000,-3795.519000
9501002387000,MATCHED,1368,9501002387000,1368,10254097555000,9504800684000,-3798297000,-3798.297000
9501035706000,MATCHED,1369,9501035706000,1369,10254133649000,9504836778000,-3801072000,-3801.072000
9501069026000,MATCHED,1370,9501069026000,1370,10254169745000,9504872874000,-3803848000,-3803.848000
9501102343000,MATCHED,1371,9501102343000,1371,10254205839000,9504908968000,-3806625000,-3806.625000
9501135661000,MATCHED,1372,9501135661000,1372,10254241935000,9504945064000,-3809403000,-3809.403000
9501168979000,MATCHED,1373,9501168979000,1373,10254278032000,9504981161000,-3812182000,-3812.182000
9501202299000,MATCHED,1374,9501202299000,1374,10254314125000,9505017254000,-3814955000,-3814.955000
9501235617000,MATCHED,1375,9501235617000,1375,10254350221000,9505053350000,-3817733000,-3817.733000
9501268935000,MATCHED,1376,9501268935000,1376,10254386315000,9505089444000,-3820509000,-3820.509000
9501302253000,MATCHED,1377,9501302253000,1377,10254422410000,9505125539000,-3823286000,-3823.286000
9501335572000,MATCHED,1378,9501335572000,1378,10254458505000,9505161634000,-3826062000,-3826.062000
9501368890000,MATCHED,1379,9501368890000,1379,10254494601000,9505197730000,-3828840000,-3828.840000
9501402208000,MATCHED,1380,9501402208000,1380,10254530698000,9505233827000,-3831619000,-3831.619000
9501435528000,MATCHED,1381,9501435528000,1381,10254566791000,9505269920000,-3834392000,-3834.392000
9501468847000,MATCHED,1382,9501468847000,1382,10254602886000,9505306015000,-3837168000,-3837.168000
9501502165000,MATCHED,1383,9501502165000,1383,10254638980000,9505342109000,-3839944000,-3839.944000
9501535483000,MATCHED,1384,9501535483000,1384,10254675076000,9505378205000,-3842722000,-3842.722000
9501568801000,MATCHED,1385,9501568801000,1385,10254711170000,9505414299000,-3845498000,-3845.498000
9501602122000,MATCHED,1386,9501602122000,1386,10254747264000,9505450393000,-3848271000,-3848.271000
9501635441000,MATCHED,1387,9501635441000,1387,10254783360000,9505486489000,-3851048000,-3851.048000
9501668760000,MATCHED,1388,9501668760000,1388,10254819458000,9505522587000,-3853827000,-3853.827000
9501702077000,MATCHED,1389,9501702077000,1389,10254855554000,9505558683000,-3856606000,-3856.606000
9501735397000,MATCHED,1390,9501735397000,1390,10254891651000,9505594780000,-3859383000,-3859.383000
9501768716000,MATCHED,1391,9501768716000,1391,10254927741000,9505630870000,-3862154000,-3862.154000
9501802032000,MATCHED,1392,9501802032000,1392,10254963836000,9505666965000,-3864933000,-3864.933000
9501835352000,MATCHED,1393,9501835352000,1393,10254999932000,9505703061000,-3867709000,-3867.709000
9501868670000,MATCHED,1394,9501868670000,1394,10255036027000,9505739156000,-3870486000,-3870.486000
9501901988000,MATCHED,1395,9501901988000,1395,10255072131000,9505775260000,-3873272000,-3873.272000
9501935308000,MATCHED,1396,9501935308000,1396,10255108247000,9505811376000,-3876068000,-3876.068000
9501968625000,MATCHED,1397,9501968625000,1397,10255144353000,9505847482000,-3878857000,-3878.857000
9502001944000,MATCHED,1398,9502001944000,1398,10255180407000,9505883536000,-3881592000,-3881.592000
9502035264000,MATCHED,1399,9502035264000,1399,10255216505000,9505919634000,-3884370000,-3884.370000
9502068583000,MATCHED,1400,9502068583000,1400,10255252599000,9505955728000,-3887145000,-3887.145000
9502101901000,MATCHED,1401,9502101901000,1401,10255288693000,9505991822000,-3889921000,-3889.921000
9502135217000,MATCHED,1402,9502135217000,1402,10255324789000,9506027918000,-3892701000,-3892.701000
9502168537000,MATCHED,1403,9502168537000,1403,10255360892000,9506064021000,-3895484000,-3895.484000
9502201854000,MATCHED,1404,9502201854000,1404,10255396984000,9506100113000,-3898259000,-3898.259000
9502235176000,MATCHED,1405,9502235176000,1405,10255433079000,9506136208000,-3901032000,-3901.032000
9502268492000,MATCHED,1406,9502268492000,1406,10255469168000,9506172297000,-3903805000,-3903.805000
9502301809000,MATCHED,1407,9502301809000,1407,10255505263000,9506208392000,-3906583000,-3906.583000
9502335128000,MATCHED,1408,9502335128000,1408,10255541355000,9506244484000,-3909356000,-3909.356000
9502368446000,MATCHED,1409,9502368446000,1409,10255577453000,9506280582000,-3912136000,-3912.136000
9502401764000,MATCHED,1410,9502401764000,1410,10255613545000,9506316674000,-3914910000,-3914.910000
9502435083000,MATCHED,1411,9502435083000,1411,10255649641000,9506352770000,-3917687000,-3917.687000
9502468401000,MATCHED,1412,9502468401000,1412,10255685735000,9506388864000,-3920463000,-3920.463000
9502501721000,MATCHED,1413,9502501721000,1413,10255721830000,9506424959000,-3923238000,-3923.238000
9502535039000,MATCHED,1414,9502535039000,1414,10255757925000,9506461054000,-3926015000,-3926.015000
9502568358000,MATCHED,1415,9502568358000,1415,10255794022000,9506497151000,-3928793000,-3928.793000
9502601676000,MATCHED,1416,9502601676000,1416,10255830117000,9506533246000,-3931570000,-3931.570000
9502634995000,MATCHED,1417,9502634995000,1417,10255866212000,9506569341000,-3934346000,-3934.346000
9502668313000,MATCHED,1418,9502668313000,1418,10255902307000,9506605436000,-3937123000,-3937.123000
9502701632000,MATCHED,1419,9502701632000,1419,10255938402000,9506641531000,-3939899000,-3939.899000
9502734951000,MATCHED,1420,9502734951000,1420,10255974497000,9506677626000,-3942675000,-3942.675000
9502768268000,MATCHED,1421,9502768268000,1421,10256010594000,9506713723000,-3945455000,-3945.455000
9502801587000,MATCHED,1422,9502801587000,1422,10256046689000,9506749818000,-3948231000,-3948.231000
9502834906000,MATCHED,1423,9502834906000,1423,10256082784000,9506785913000,-3951007000,-3951.007000
9502868223000,MATCHED,1424,9502868223000,1424,10256118879000,9506822008000,-3953785000,-3953.785000
9502901542000,MATCHED,1425,9502901542000,1425,10256154974000,9506858103000,-3956561000,-3956.561000
9502934862000,MATCHED,1426,9502934862000,1426,10256191069000,9506894198000,-3959336000,-3959.336000
9502968180000,MATCHED,1427,9502968180000,1427,10256227165000,9506930294000,-3962114000,-3962.114000
9503001499000,MATCHED,1428,9503001499000,1428,10256263260000,9506966389000,-3964890000,-3964.890000
9503034817000,MATCHED,1429,9503034817000,1429,10256299356000,9507002485000,-3967668000,-3967.668000
9503068135000,MATCHED,1430,9503068135000,1430,10256335450000,9507038579000,-3970444000,-3970.444000
9503101454000,MATCHED,1431,9503101454000,1431,10256371545000,9507074674000,-3973220000,-3973.220000
9503134772000,MATCHED,1432,9503134772000,1432,10256407640000,9507110769000,-3975997000,-3975.997000
9503168090000,MATCHED,1433,9503168090000,1433,10256443735000,9507146864000,-3978774000,-3978.774000
9503201409000,MATCHED,1434,9503201409000,1434,10256479829000,9507182958000,-3981549000,-3981.549000
9503234728000,MATCHED,1435,9503234728000,1435,10256515925000,9507219054000,-3984326000,-3984.326000
9503268046000,MATCHED,1436,9503268046000,1436,10256552021000,9507255150000,-3987104000,-3987.104000
9503301364000,MATCHED,1437,9503301364000,1437,10256588115000,9507291244000,-3989880000,-3989.880000
9503334683000,MATCHED,1438,9503334683000,1438,10256624210000,9507327339000,-3992656000,-3992.656000
9503368000000,MATCHED,1439,9503368000000,1439,10256660305000,9507363434000,-3995434000,-3995.434000
9503401319000,MATCHED,1440,9503401319000,1440,10256696400000,9507399529000,-3998210000,-3998.210000
9503434639000,MATCHED,1441,9503434639000,1441,10256732495000,9507435624000,-4000985000,-4000.985000
9503467954000,MATCHED,1442,9503467954000,1442,10256768588000,9507471717000,-4003763000,-4003.763000
9503501279000,MATCHED,1443,9503501279000,1443,10256804687000,9507507816000,-4006537000,-4006.537000
9503534595000,MATCHED,1444,9503534595000,1444,10256840781000,9507543910000,-4009315000,-4009.315000
9503567913000,MATCHED,1445,9503567913000,1445,10256876875000,9507580004000,-4012091000,-4012.091000
9503601232000,MATCHED,1446,9503601232000,1446,10256912969000,9507616098000,-4014866000,-4014.866000
9503634549000,MATCHED,1447,9503634549000,1447,10256949065000,9507652194000,-4017645000,-4017.645000
9503667868000,MATCHED,1448,9503667868000,1448,10256985159000,9507688288000,-4020420000,-4020.420000
9503701187000,MATCHED,1449,9503701187000,1449,10257021255000,9507724384000,-4023197000,-4023.197000
9503734505000,MATCHED,1450,9503734505000,1450,10257057350000,9507760479000,-4025974000,-4025.974000
9503767824000,MATCHED,1451,9503767824000,1451,10257093445000,9507796574000,-4028750000,-4028.750000
9503801142000,MATCHED,1452,9503801142000,1452,10257129540000,9507832669000,-4031527000,-4031.527000
9503834461000,MATCHED,1453,9503834461000,1453,10257165635000,9507868764000,-4034303000,-4034.303000
9503867780000,MATCHED,1454,9503867780000,1454,10257201729000,9507904858000,-4037078000,-4037.078000
9503901099000,MATCHED,1455,9503901099000,1455,10257237823000,9507940952000,-4039853000,-4039.853000
9503934419000,MATCHED,1456,9503934419000,1456,10257273919000,9507977048000,-4042629000,-4042.629000
9503967736000,MATCHED,1457,9503967736000,1457,10257310014000,9508013143000,-4045407000,-4045.407000
9504001054000,MATCHED,1458,9504001054000,1458,10257346113000,9508049242000,-4048188000,-4048.188000
9504034372000,MATCHED,1459,9504034372000,1459,10257382206000,9508085335000,-4050963000,-4050.963000
9504067693000,MATCHED,1460,9504067693000,1460,10257418299000,9508121428000,-4053735000,-4053.735000
9504101011000,MATCHED,1461,9504101011000,1461,10257454394000,9508157523000,-4056512000,-4056.512000
9504134328000,MATCHED,1462,9504134328000,1462,10257490489000,9508193618000,-4059290000,-4059.290000
9504167642000,MATCHED,1463,9504167642000,1463,10257526589000,9508229718000,-4062076000,-4062.076000
9504200960000,MATCHED,1464,9504200960000,1464,10257562681000,9508265810000,-4064850000,-4064.850000
9504234279000,MATCHED,1465,9504234279000,1465,10257598777000,9508301906000,-4067627000,-4067.627000
9504267603000,MATCHED,1466,9504267603000,1466,10257634871000,9508338000000,-4070397000,-4070.397000
9504300915000,MATCHED,1467,9504300915000,1467,10257670975000,9508374104000,-4073189000,-4073.189000
9504334233000,MATCHED,1468,9504334233000,1468,10257707061000,9508410190000,-4075957000,-4075.957000
9504367551000,MATCHED,1469,9504367551000,1469,10257743156000,9508446285000,-4078734000,-4078.734000
9504400870000,MATCHED,1470,9504400870000,1470,10257779258000,9508482387000,-4081517000,-4081.517000
9504434188000,MATCHED,1471,9504434188000,1471,10257815344000,9508518473000,-4084285000,-4084.285000
9504467508000,MATCHED,1472,9504467508000,1472,10257851438000,9508554567000,-4087059000,-4087.059000
9504500827000,MATCHED,1473,9504500827000,1473,10257887532000,9508590661000,-4089834000,-4089.834000
9504534147000,MATCHED,1474,9504534147000,1474,10257923626000,9508626755000,-4092608000,-4092.608000
9504567466000,MATCHED,1475,9504567466000,1475,10257959720000,9508662849000,-4095383000,-4095.383000
9504600784000,MATCHED,1476,9504600784000,1476,10257995816000,9508698945000,-4098161000,-4098.161000
9504634101000,MATCHED,1477,9504634101000,1477,10258031914000,9508735043000,-4100942000,-4100.942000
9504667419000,MATCHED,1478,9504667419000,1478,10258068006000,9508771135000,-4103716000,-4103.716000
9504700738000,MATCHED,1479,9504700738000,1479,10258104110000,9508807239000,-4106501000,-4106.501000
9504734057000,MATCHED,1480,9504734057000,1480,10258140204000,9508843333000,-4109276000,-4109.276000
9504767375000,MATCHED,1481,9504767375000,1481,10258176298000,9508879427000,-4112052000,-4112.052000
9504800694000,MATCHED,1482,9504800694000,1482,10258212389000,9508915518000,-4114824000,-4114.824000
9504834012000,MATCHED,1483,9504834012000,1483,10258248481000,9508951610000,-4117598000,-4117.598000
9504867330000,MATCHED,1484,9504867330000,1484,10258284576000,9508987705000,-4120375000,-4120.375000
9504900649000,MATCHED,1485,9504900649000,1485,10258320671000,9509023800000,-4123151000,-4123.151000
9504933967000,MATCHED,1486,9504933967000,1486,10258356769000,9509059898000,-4125931000,-4125.931000
9504967286000,MATCHED,1487,9504967286000,1487,10258392861000,9509095990000,-4128704000,-4128.704000
9505000604000,MATCHED,1488,9505000604000,1488,10258428956000,9509132085000,-4131481000,-4131.481000
9505033927000,MATCHED,1489,9505033927000,1489,10258465058000,9509168187000,-4134260000,-4134.260000
9505067243000,MATCHED,1490,9505067243000,1490,10258501147000,9509204276000,-4137033000,-4137.033000
9505100560000,MATCHED,1491,9505100560000,1491,10258537245000,9509240374000,-4139814000,-4139.814000
9505133878000,MATCHED,1492,9505133878000,1492,10258573336000,9509276465000,-4142587000,-4142.587000
9505167199000,MATCHED,1493,9505167199000,1493,10258609432000,9509312561000,-4145362000,-4145.362000
9505200516000,MATCHED,1494,9505200516000,1494,10258645526000,9509348655000,-4148139000,-4148.139000
9505233832000,MATCHED,1495,9505233832000,1495,10258681621000,9509384750000,-4150918000,-4150.918000
9505267152000,MATCHED,1496,9505267152000,1496,10258717717000,9509420846000,-4153694000,-4153.694000
9505300470000,MATCHED,1497,9505300470000,1497,10258753813000,9509456942000,-4156472000,-4156.472000
9505333789000,MATCHED,1498,9505333789000,1498,10258789907000,9509493036000,-4159247000,-4159.247000
9505367106000,MATCHED,1499,9505367106000,1499,10258826001000,9509529130000,-4162024000,-4162.024000
9505400425000,MATCHED,1500,9505400425000,1500,10258862097000,9509565226000,-4164801000,-4164.801000
9505433743000,MATCHED,1501,9505433743000,1501,10258898191000,9509601320000,-4167577000,-4167.577000
9505467062000,MATCHED,1502,9505467062000,1502,10258934288000,9509637417000,-4170355000,-4170.355000
9505500382000,MATCHED,1503,9505500382000,1503,10258970381000,9509673510000,-4173128000,-4173.128000
9505533702000,MATCHED,1504,9505533702000,1504,10259006486000,9509709615000,-4175913000,-4175.913000
9505567018000,MATCHED,1505,9505567018000,1505,10259042578000,9509745707000,-4178689000,-4178.689000
9505600337000,MATCHED,1506,9505600337000,1506,10259078673000,9509781802000,-4181465000,-4181.465000
9505633655000,MATCHED,1507,9505633655000,1507,10259114767000,9509817896000,-4184241000,-4184.241000
9505666975000,MATCHED,1508,9505666975000,1508,10259150856000,9509853985000,-4187010000,-4187.010000
9505700292000,MATCHED,1509,9505700292000,1509,10259186951000,9509890080000,-4189788000,-4189.788000
9505733611000,MATCHED,1510,9505733611000,1510,10259223047000,9509926176000,-4192565000,-4192.565000
9505766930000,MATCHED,1511,9505766930000,1511,10259259142000,9509962271000,-4195341000,-4195.341000
9505800248000,MATCHED,1512,9505800248000,1512,10259295236000,9509998365000,-4198117000,-4198.117000
9505833568000,MATCHED,1513,9505833568000,1513,10259331332000,9510034461000,-4200893000,-4200.893000
9505866884000,MATCHED,1514,9505866884000,1514,10259367433000,9510070562000,-4203678000,-4203.678000
9505900204000,MATCHED,1515,9505900204000,1515,10259403522000,9510106651000,-4206447000,-4206.447000
9505933522000,MATCHED,1516,9505933522000,1516,10259439617000,9510142746000,-4209224000,-4209.224000
9505966841000,MATCHED,1517,9505966841000,1517,10259475712000,9510178841000,-4212000000,-4212.000000
9506000159000,MATCHED,1518,9506000159000,1518,10259511807000,9510214936000,-4214777000,-4214.777000
9506033478000,MATCHED,1519,9506033478000,1519,10259547902000,9510251031000,-4217553000,-4217.553000
9506066797000,MATCHED,1520,9506066797000,1520,10259583997000,9510287126000,-4220329000,-4220.329000
9506100117000,MATCHED,1521,9506100117000,1521,10259620099000,9510323228000,-4223111000,-4223.111000
9506133434000,MATCHED,1522,9506133434000,1522,10259656201000,9510359330000,-4225896000,-4225.896000
9506166752000,MATCHED,1523,9506166752000,1523,10259692293000,9510395422000,-4228670000,-4228.670000
9506200071000,MATCHED,1524,9506200071000,1524,10259728385000,9510431514000,-4231443000,-4231.443000
9506233389000,MATCHED,1525,9506233389000,1525,10259764477000,9510467606000,-4234217000,-4234.217000
9506266708000,MATCHED,1526,9506266708000,1526,10259800573000,9510503702000,-4236994000,-4236.994000
9506300026000,MATCHED,1527,9506300026000,1527,10259836665000,9510539794000,-4239768000,-4239.768000
9506333345000,MATCHED,1528,9506333345000,1528,10259872760000,9510575889000,-4242544000,-4242.544000
9506366663000,MATCHED,1529,9506366663000,1529,10259908853000,9510611982000,-4245319000,-4245.319000
9506399982000,MATCHED,1530,9506399982000,1530,10259944947000,9510648076000,-4248094000,-4248.094000
9506433302000,MATCHED,1531,9506433302000,1531,10259981042000,9510684171000,-4250869000,-4250.869000
9506466619000,MATCHED,1532,9506466619000,1532,10260017137000,9510720266000,-4253647000,-4253.647000
9506499937000,MATCHED,1533,9506499937000,1533,10260053232000,9510756361000,-4256424000,-4256.424000
9506533258000,MATCHED,1534,9506533258000,1534,10260089326000,9510792455000,-4259197000,-4259.197000
9506566576000,MATCHED,1535,9506566576000,1535,10260125422000,9510828551000,-4261975000,-4261.975000
9506599899000,MATCHED,1536,9506599899000,1536,10260161523000,9510864652000,-4264753000,-4264.753000
9506633213000,MATCHED,1537,9506633213000,1537,10260197619000,9510900748000,-4267535000,-4267.535000
9506666534000,MATCHED,1538,9506666534000,1538,10260233711000,9510936840000,-4270306000,-4270.306000
9506699847000,MATCHED,1539,9506699847000,1539,10260269802000,9510972931000,-4273084000,-4273.084000
9506733172000,MATCHED,1540,9506733172000,1540,10260305897000,9511009026000,-4275854000,-4275.854000
9506766497000,MATCHED,1541,9506766497000,1541,10260341992000,9511045121000,-4278624000,-4278.624000
9506799808000,MATCHED,1542,9506799808000,1542,10260378088000,9511081217000,-4281409000,-4281.409000
9506833127000,MATCHED,1543,9506833127000,1543,10260414182000,9511117311000,-4284184000,-4284.184000
9506866445000,MATCHED,1544,9506866445000,1544,10260450277000,9511153406000,-4286961000,-4286.961000
9506899763000,MATCHED,1545,9506899763000,1545,10260486372000,9511189501000,-4289738000,-4289.738000
9506933093000,MATCHED,1546,9506933093000,1546,10260522468000,9511225597000,-4292504000,-4292.504000
9506966409000,MATCHED,1547,9506966409000,1547,10260558562000,9511261691000,-4295282000,-4295.282000
9506999718000,MATCHED,1548,9506999718000,1548,10260594657000,9511297786000,-4298068000,-4298.068000
9507033038000,MATCHED,1549,9507033038000,1549,10260630752000,9511333881000,-4300843000,-4300.843000
9507066353000,MATCHED,1550,9507066353000,1550,10260666847000,9511369976000,-4303623000,-4303.623000
9507099672000,MATCHED,1551,9507099672000,1551,10260702942000,9511406071000,-4306399000,-4306.399000
9507132991000,MATCHED,1552,9507132991000,1552,10260739038000,9511442167000,-4309176000,-4309.176000
9507166316000,MATCHED,1553,9507166316000,1553,10260775137000,9511478266000,-4311950000,-4311.950000
9507199629000,MATCHED,1554,9507199629000,1554,10260811229000,9511514358000,-4314729000,-4314.729000
9507232946000,MATCHED,1555,9507232946000,1555,10260847323000,9511550452000,-4317506000,-4317.506000
9507266262000,MATCHED,1556,9507266262000,1556,10260883417000,9511586546000,-4320284000,-4320.284000
9507299582000,MATCHED,1557,9507299582000,1557,10260919513000,9511622642000,-4323060000,-4323.060000
9507332899000,MATCHED,1558,9507332899000,1558,10260955608000,9511658737000,-4325838000,-4325.838000
9507366217000,MATCHED,1559,9507366217000,1559,10260991702000,9511694831000,-4328614000,-4328.614000
9507399546000,MATCHED,1560,9507399546000,1560,10261027797000,9511730926000,-4331380000,-4331.380000
9507432854000,MATCHED,1561,9507432854000,1561,10261063900000,9511767029000,-4334175000,-4334.175000
9507466173000,MATCHED,1562,9507466173000,1562,10261099996000,9511803125000,-4336952000,-4336.952000
9507499490000,MATCHED,1563,9507499490000,1563,10261136094000,9511839223000,-4339733000,-4339.733000
9507532809000,MATCHED,1564,9507532809000,1564,10261172178000,9511875307000,-4342498000,-4342.498000
9507566129000,MATCHED,1565,9507566129000,1565,10261208274000,9511911403000,-4345274000,-4345.274000
9507599446000,MATCHED,1566,9507599446000,1566,10261244368000,9511947497000,-4348051000,-4348.051000
9507632770000,MATCHED,1567,9507632770000,1567,10261280462000,9511983591000,-4350821000,-4350.821000
9507666082000,MATCHED,1568,9507666082000,1568,10261316557000,9512019686000,-4353604000,-4353.604000
9507699400000,MATCHED,1569,9507699400000,1569,10261352653000,9512055782000,-4356382000,-4356.382000
9507732720000,MATCHED,1570,9507732720000,1570,10261388755000,9512091884000,-4359164000,-4359.164000
9507766037000,MATCHED,1571,9507766037000,1571,10261424844000,9512127973000,-4361936000,-4361.936000
9507799355000,MATCHED,1572,9507799355000,1572,10261460937000,9512164066000,-4364711000,-4364.711000
9507832674000,MATCHED,1573,9507832674000,1573,10261497033000,9512200162000,-4367488000,-4367.488000
9507865993000,MATCHED,1574,9507865993000,1574,10261533127000,9512236256000,-4370263000,-4370.263000
9507899311000,MATCHED,1575,9507899311000,1575,10261569223000,9512272352000,-4373041000,-4373.041000
9507932630000,MATCHED,1576,9507932630000,1576,10261605318000,9512308447000,-4375817000,-4375.817000
9507965947000,MATCHED,1577,9507965947000,1577,10261641418000,9512344547000,-4378600000,-4378.600000
9507999266000,MATCHED,1578,9507999266000,1578,10261677517000,9512380646000,-4381380000,-4381.380000
9508032585000,MATCHED,1579,9508032585000,1579,10261713615000,9512416744000,-4384159000,-4384.159000
9508065903000,MATCHED,1580,9508065903000,1580,10261749712000,9512452841000,-4386938000,-4386.938000
9508099223000,MATCHED,1581,9508099223000,1581,10261785804000,9512488933000,-4389710000,-4389.710000
9508132550000,MATCHED,1582,9508132550000,1582,10261821897000,9512525026000,-4392476000,-4392.476000
9508165865000,MATCHED,1583,9508165865000,1583,10261857994000,9512561123000,-4395258000,-4395.258000
9508199180000,MATCHED,1584,9508199180000,1584,10261894089000,9512597218000,-4398038000,-4398.038000
9508232499000,MATCHED,1585,9508232499000,1585,10261930190000,9512633319000,-4400820000,-4400.820000
9508265826000,MATCHED,1586,9508265826000,1586,10261966275000,9512669404000,-4403578000,-4403.578000
9508299136000,MATCHED,1587,9508299136000,1587,10262002367000,9512705496000,-4406360000,-4406.360000
9508332452000,MATCHED,1588,9508332452000,1588,10262038473000,9512741602000,-4409150000,-4409.150000
9508365771000,MATCHED,1589,9508365771000,1589,10262074564000,9512777693000,-4411922000,-4411.922000
9508399089000,MATCHED,1590,9508399089000,1590,10262110657000,9512813786000,-4414697000,-4414.697000
9508432408000,MATCHED,1591,9508432408000,1591,10262146745000,9512849874000,-4417466000,-4417.466000
9508465726000,MATCHED,1592,9508465726000,1592,10262182839000,9512885968000,-4420242000,-4420.242000
9508499045000,MATCHED,1593,9508499045000,1593,10262218934000,9512922063000,-4423018000,-4423.018000
9508532365000,MATCHED,1594,9508532365000,1594,10262255029000,9512958158000,-4425793000,-4425.793000
9508565682000,MATCHED,1595,9508565682000,1595,10262291124000,9512994253000,-4428571000,-4428.571000
9508599004000,MATCHED,1596,9508599004000,1596,10262327218000,9513030347000,-4431343000,-4431.343000
9508632319000,MATCHED,1597,9508632319000,1597,10262363313000,9513066442000,-4434123000,-4434.123000
9508665638000,MATCHED,1598,9508665638000,1598,10262399409000,9513102538000,-4436900000,-4436.900000
9508698956000,MATCHED,1599,9508698956000,1599,10262435512000,9513138641000,-4439685000,-4439.685000
9508732275000,MATCHED,1600,9508732275000,1600,10262471607000,9513174736000,-4442461000,-4442.461000
9508765593000,MATCHED,1601,9508765593000,1601,10262507697000,9513210826000,-4445233000,-4445.233000
9508798911000,MATCHED,1602,9508798911000,1602,10262543796000,9513246925000,-4448014000,-4448.014000
9508832232000,MATCHED,1603,9508832232000,1603,10262579886000,9513283015000,-4450783000,-4450.783000
9508865548000,MATCHED,1604,9508865548000,1604,10262615979000,9513319108000,-4453560000,-4453.560000
9508898867000,MATCHED,1605,9508898867000,1605,10262652098000,9513355227000,-4456360000,-4456.360000
9508932186000,MATCHED,1606,9508932186000,1606,10262688175000,9513391304000,-4459118000,-4459.118000
9508965503000,MATCHED,1607,9508965503000,1607,10262724264000,9513427393000,-4461890000,-4461.890000
9508998822000,MATCHED,1608,9508998822000,1608,10262760367000,9513463496000,-4464674000,-4464.674000
9509032142000,MATCHED,1609,9509032142000,1609,10262796462000,9513499591000,-4467449000,-4467.449000
9509065462000,MATCHED,1610,9509065462000,1610,10262832552000,9513535681000,-4470219000,-4470.219000
9509098783000,MATCHED,1611,9509098783000,1611,10262868648000,9513571777000,-4472994000,-4472.994000
9509132101000,MATCHED,1612,9509132101000,1612,10262904745000,9513607874000,-4475773000,-4475.773000
9509165417000,MATCHED,1613,9509165417000,1613,10262940845000,9513643974000,-4478557000,-4478.557000
9509198734000,MATCHED,1614,9509198734000,1614,10262976943000,9513680072000,-4481338000,-4481.338000
9509232054000,MATCHED,1615,9509232054000,1615,10263013037000,9513716166000,-4484112000,-4484.112000
9509265373000,MATCHED,1616,9509265373000,1616,10263049126000,9513752255000,-4486882000,-4486.882000
9509298690000,MATCHED,1617,9509298690000,1617,10263085219000,9513788348000,-4489658000,-4489.658000
9509332015000,MATCHED,1618,9509332015000,1618,10263121315000,9513824444000,-4492429000,-4492.429000
9509365328000,MATCHED,1619,9509365328000,1619,10263157412000,9513860541000,-4495213000,-4495.213000
9509398646000,MATCHED,1620,9509398646000,1620,10263193512000,9513896641000,-4497995000,-4497.995000
9509431966000,MATCHED,1621,9509431966000,1621,10263229610000,9513932739000,-4500773000,-4500.773000
9509465282000,MATCHED,1622,9509465282000,1622,10263265703000,9513968832000,-4503550000,-4503.550000
9509498603000,MATCHED,1623,9509498603000,1623,10263301792000,9514004921000,-4506318000,-4506.318000
9509531923000,MATCHED,1624,9509531923000,1624,10263337888000,9514041017000,-4509094000,-4509.094000
9509565238000,MATCHED,1625,9509565238000,1625,10263373990000,9514077119000,-4511881000,-4511.881000
9509598557000,MATCHED,1626,9509598557000,1626,10263410075000,9514113204000,-4514647000,-4514.647000
9509631875000,MATCHED,1627,9509631875000,1627,10263446169000,9514149298000,-4517423000,-4517.423000
9509665195000,MATCHED,1628,9509665195000,1628,10263482264000,9514185393000,-4520198000,-4520.198000
9509698516000,MATCHED,1629,9509698516000,1629,10263518356000,9514221485000,-4522969000,-4522.969000
9509731831000,MATCHED,1630,9509731831000,1630,10263554449000,9514257578000,-4525747000,-4525.747000
9509765149000,MATCHED,1631,9509765149000,1631,10263590544000,9514293673000,-4528524000,-4528.524000
9509798469000,MATCHED,1632,9509798469000,1632,10263626639000,9514329768000,-4531299000,-4531.299000
9509831787000,MATCHED,1633,9509831787000,1633,10263662734000,9514365863000,-4534076000,-4534.076000
9509865112000,MATCHED,1634,9509865112000,1634,10263698829000,9514401958000,-4536846000,-4536.846000
9509898424000,MATCHED,1635,9509898424000,1635,10263734931000,9514438060000,-4539636000,-4539.636000
9509931745000,MATCHED,1636,9509931745000,1636,10263771020000,9514474149000,-4542404000,-4542.404000
9509965063000,MATCHED,1637,9509965063000,1637,10263807114000,9514510243000,-4545180000,-4545.180000
9509998384000,MATCHED,1638,9509998384000,1638,10263843208000,9514546337000,-4547953000,-4547.953000
9510031700000,MATCHED,1639,9510031700000,1639,10263879304000,9514582433000,-4550733000,-4550.733000
9510065016000,MATCHED,1640,9510065016000,1640,10263915399000,9514618528000,-4553512000,-4553.512000
9510098335000,MATCHED,1641,9510098335000,1641,10263951494000,9514654623000,-4556288000,-4556.288000
9510131653000,MATCHED,1642,9510131653000,1642,10263987596000,9514690725000,-4559072000,-4559.072000
9510164971000,MATCHED,1643,9510164971000,1643,10264023685000,9514726814000,-4561843000,-4561.843000
9510198288000,MATCHED,1644,9510198288000,1644,10264059779000,9514762908000,-4564620000,-4564.620000
9510231607000,MATCHED,1645,9510231607000,1645,10264095874000,9514799003000,-4567396000,-4567.396000
9510264925000,MATCHED,1646,9510264925000,1646,10264131970000,9514835099000,-4570174000,-4570.174000
9510298255000,MATCHED,1647,9510298255000,1647,10264168065000,9514871194000,-4572939000,-4572.939000
9510331564000,MATCHED,1648,9510331564000,1648,10264204160000,9514907289000,-4575725000,-4575.725000
9510364883000,MATCHED,1649,9510364883000,1649,10264240254000,9514943383000,-4578500000,-4578.500000
9510398197000,MATCHED,1650,9510398197000,1650,10264276349000,9514979478000,-4581281000,-4581.281000
9510431521000,MATCHED,1651,9510431521000,1651,10264312444000,9515015573000,-4584052000,-4584.052000
9510464835000,MATCHED,1652,9510464835000,1652,10264348539000,9515051668000,-4586833000,-4586.833000
9510498153000,MATCHED,1653,9510498153000,1653,10264384635000,9515087764000,-4589611000,-4589.611000
9510531471000,MATCHED,1654,9510531471000,1654,10264420730000,9515123859000,-4592388000,-4592.388000
9510564790000,MATCHED,1655,9510564790000,1655,10264456824000,9515159953000,-4595163000,-4595.163000
9510598108000,MATCHED,1656,9510598108000,1656,10264492920000,9515196049000,-4597941000,-4597.941000
9510631427000,MATCHED,1657,9510631427000,1657,10264529014000,9515232143000,-4600716000,-4600.716000
9510664749000,MATCHED,1658,9510664749000,1658,10264565109000,9515268238000,-4603489000,-4603.489000
9510698063000,MATCHED,1659,9510698063000,1659,10264601205000,9515304334000,-4606271000,-4606.271000
9510731383000,MATCHED,1660,9510731383000,1660,10264637299000,9515340428000,-4609045000,-4609.045000
9510764702000,MATCHED,1661,9510764702000,1661,10264673395000,9515376524000,-4611822000,-4611.822000
9510798019000,MATCHED,1662,9510798019000,1662,10264709489000,9515412618000,-4614599000,-4614.599000
9510831337000,MATCHED,1663,9510831337000,1663,10264745585000,9515448714000,-4617377000,-4617.377000
9510864656000,MATCHED,1664,9510864656000,1664,10264781680000,9515484809000,-4620153000,-4620.153000
9510897975000,MATCHED,1665,9510897975000,1665,10264817774000,9515520903000,-4622928000,-4622.928000
9510931293000,MATCHED,1666,9510931293000,1666,10264853870000,9515556999000,-4625706000,-4625.706000
9510964612000,MATCHED,1667,9510964612000,1667,10264889965000,9515593094000,-4628482000,-4628.482000
9510997931000,MATCHED,1668,9510997931000,1668,10264926060000,9515629189000,-4631258000,-4631.258000
9511031248000,MATCHED,1669,9511031248000,1669,10264962155000,9515665284000,-4634036000,-4634.036000
9511064570000,MATCHED,1670,9511064570000,1670,10264998250000,9515701379000,-4636809000,-4636.809000
9511097885000,MATCHED,1671,9511097885000,1671,10265034345000,9515737474000,-4639589000,-4639.589000
9511131204000,MATCHED,1672,9511131204000,1672,10265070452000,9515773581000,-4642377000,-4642.377000
9511164527000,MATCHED,1673,9511164527000,1673,10265106539000,9515809668000,-4645141000,-4645.141000
9511197841000,MATCHED,1674,9511197841000,1674,10265142631000,9515845760000,-4647919000,-4647.919000
9511231161000,MATCHED,1675,9511231161000,1675,10265178731000,9515881860000,-4650699000,-4650.699000
9511264478000,MATCHED,1676,9511264478000,1676,10265214825000,9515917954000,-4653476000,-4653.476000
9511297797000,MATCHED,1677,9511297797000,1677,10265250916000,9515954045000,-4656248000,-4656.248000
9511331115000,MATCHED,1678,9511331115000,1678,10265287016000,9515990145000,-4659030000,-4659.030000
9511364434000,MATCHED,1679,9511364434000,1679,10265323109000,9516026238000,-4661804000,-4661.804000
9511397752000,MATCHED,1680,9511397752000,1680,10265359204000,9516062333000,-4664581000,-4664.581000
9511431070000,MATCHED,1681,9511431070000,1681,10265395296000,9516098425000,-4667355000,-4667.355000
9511464390000,MATCHED,1682,9511464390000,1682,10265431395000,9516134524000,-4670134000,-4670.134000
9511497707000,MATCHED,1683,9511497707000,1683,10265467489000,9516170618000,-4672911000,-4672.911000
9511531026000,MATCHED,1684,9511531026000,1684,10265503583000,9516206712000,-4675686000,-4675.686000
9511564345000,MATCHED,1685,9511564345000,1685,10265539683000,9516242812000,-4678467000,-4678.467000
9511597663000,MATCHED,1686,9511597663000,1686,10265575780000,9516278909000,-4681246000,-4681.246000
9511630981000,MATCHED,1687,9511630981000,1687,10265611867000,9516314996000,-4684015000,-4684.015000
9511664300000,MATCHED,1688,9511664300000,1688,10265647970000,9516351099000,-4686799000,-4686.799000
9511697620000,MATCHED,1689,9511697620000,1689,10265684069000,9516387198000,-4689578000,-4689.578000
9511730937000,MATCHED,1690,9511730937000,1690,10265720153000,9516423282000,-4692345000,-4692.345000
9511764257000,MATCHED,1691,9511764257000,1691,10265756246000,9516459375000,-4695118000,-4695.118000
9511797574000,MATCHED,1692,9511797574000,1692,10265792343000,9516495472000,-4697898000,-4697.898000
9511830892000,MATCHED,1693,9511830892000,1693,10265828439000,9516531568000,-4700676000,-4700.676000
9511864211000,MATCHED,1694,9511864211000,1694,10265864531000,9516567660000,-4703449000,-4703.449000
9511897529000,MATCHED,1695,9511897529000,1695,10265900625000,9516603754000,-4706225000,-4706.225000
9511930848000,MATCHED,1696,9511930848000,1696,10265936721000,9516639850000,-4709002000,-4709.002000
9511964166000,MATCHED,1697,9511964166000,1697,10265972815000,9516675944000,-4711778000,-4711.778000
9511997485000,MATCHED,1698,9511997485000,1698,10266008918000,9516712047000,-4714562000,-4714.562000
9512030803000,MATCHED,1699,9512030803000,1699,10266045012000,9516748141000,-4717338000,-4717.338000
9512064122000,MATCHED,1700,9512064122000,1700,10266081113000,9516784242000,-4720120000,-4720.120000
9512097440000,MATCHED,1701,9512097440000,1701,10266117200000,9516820329000,-4722889000,-4722.889000
9512130759000,MATCHED,1702,9512130759000,1702,10266153297000,9516856426000,-4725667000,-4725.667000
9512164078000,MATCHED,1703,9512164078000,1703,10266189395000,9516892524000,-4728446000,-4728.446000
9512197397000,MATCHED,1704,9512197397000,1704,10266225486000,9516928615000,-4731218000,-4731.218000
9512230715000,MATCHED,1705,9512230715000,1705,10266261578000,9516964707000,-4733992000,-4733.992000
9512264033000,MATCHED,1706,9512264033000,1706,10266297672000,9517000801000,-4736768000,-4736.768000
9512297360000,MATCHED,1707,9512297360000,1707,10266333766000,9517036895000,-4739535000,-4739.535000
9512330675000,MATCHED,1708,9512330675000,1708,10266369861000,9517072990000,-4742315000,-4742.315000
9512363999000,MATCHED,1709,9512363999000,1709,10266405956000,9517109085000,-4745086000,-4745.086000
9512397312000,MATCHED,1710,9512397312000,1710,10266442051000,9517145180000,-4747868000,-4747.868000
9512430632000,MATCHED,1711,9512430632000,1711,10266478146000,9517181275000,-4750643000,-4750.643000
9512463946000,MATCHED,1712,9512463946000,1712,10266514251000,9517217380000,-4753434000,-4753.434000
9512497264000,MATCHED,1713,9512497264000,1713,10266550343000,9517253472000,-4756208000,-4756.208000
9512530584000,MATCHED,1714,9512530584000,1714,10266586438000,9517289567000,-4758983000,-4758.983000
9512563901000,MATCHED,1715,9512563901000,1715,10266622526000,9517325655000,-4761754000,-4761.754000
9512597221000,MATCHED,1716,9512597221000,1716,10266658621000,9517361750000,-4764529000,-4764.529000
9512630537000,MATCHED,1717,9512630537000,1717,10266694715000,9517397844000,-4767307000,-4767.307000
9512663856000,MATCHED,1718,9512663856000,1718,10266730810000,9517433939000,-4770083000,-4770.083000
9512697177000,MATCHED,1719,9512697177000,1719,10266766905000,9517470034000,-4772857000,-4772.857000
9512730493000,MATCHED,1720,9512730493000,1720,10266803000000,9517506129000,-4775636000,-4775.636000
9512763812000,MATCHED,1721,9512763812000,1721,10266839100000,9517542229000,-4778417000,-4778.417000
9512797130000,MATCHED,1722,9512797130000,1722,10266875191000,9517578320000,-4781190000,-4781.190000
9512830449000,MATCHED,1723,9512830449000,1723,10266911286000,9517614415000,-4783966000,-4783.966000
9512863767000,MATCHED,1724,9512863767000,1724,10266947380000,9517650509000,-4786742000,-4786.742000
9512897087000,MATCHED,1725,9512897087000,1725,10266983475000,9517686604000,-4789517000,-4789.517000
9512930404000,MATCHED,1726,9512930404000,1726,10267019571000,9517722700000,-4792296000,-4792.296000
9512963722000,MATCHED,1727,9512963722000,1727,10267055668000,9517758797000,-4795075000,-4795.075000
9512997043000,MATCHED,1728,9512997043000,1728,10267091773000,9517794902000,-4797859000,-4797.859000
9513030359000,MATCHED,1729,9513030359000,1729,10267127858000,9517830987000,-4800628000,-4800.628000
9513063685000,MATCHED,1730,9513063685000,1730,10267163951000,9517867080000,-4803395000,-4803.395000
9513096997000,MATCHED,1731,9513096997000,1731,10267200047000,9517903176000,-4806179000,-4806.179000
9513130314000,MATCHED,1732,9513130314000,1732,10267236142000,9517939271000,-4808957000,-4808.957000
9513163634000,MATCHED,1733,9513163634000,1733,10267272236000,9517975365000,-4811731000,-4811.731000
9513196952000,MATCHED,1734,9513196952000,1734,10267308330000,9518011459000,-4814507000,-4814.507000
9513230273000,MATCHED,1735,9513230273000,1735,10267344426000,9518047555000,-4817282000,-4817.282000
9513263588000,MATCHED,1736,9513263588000,1736,10267380527000,9518083656000,-4820068000,-4820.068000
9513296908000,MATCHED,1737,9513296908000,1737,10267416621000,9518119750000,-4822842000,-4822.842000
9513330226000,MATCHED,1738,9513330226000,1738,10267452717000,9518155846000,-4825620000,-4825.620000
9513363545000,MATCHED,1739,9513363545000,1739,10267488809000,9518191938000,-4828393000,-4828.393000
9513396864000,MATCHED,1740,9513396864000,1740,10267524901000,9518228030000,-4831166000,-4831.166000
9513430181000,MATCHED,1741,9513430181000,1741,10267560996000,9518264125000,-4833944000,-4833.944000
9513463500000,MATCHED,1742,9513463500000,1742,10267597093000,9518300222000,-4836722000,-4836.722000
9513496817000,MATCHED,1743,9513496817000,1743,10267633186000,9518336315000,-4839498000,-4839.498000
9513530144000,MATCHED,1744,9513530144000,1744,10267669281000,9518372410000,-4842266000,-4842.266000
9513563455000,MATCHED,1745,9513563455000,1745,10267705376000,9518408505000,-4845050000,-4845.050000
9513596773000,MATCHED,1746,9513596773000,1746,10267741477000,9518444606000,-4847833000,-4847.833000
9513630092000,MATCHED,1747,9513630092000,1747,10267777567000,9518480696000,-4850604000,-4850.604000
9513663411000,MATCHED,1748,9513663411000,1748,10267813661000,9518516790000,-4853379000,-4853.379000
9513696729000,MATCHED,1749,9513696729000,1749,10267849756000,9518552885000,-4856156000,-4856.156000
9513730047000,MATCHED,1750,9513730047000,1750,10267885852000,9518588981000,-4858934000,-4858.934000
9513763369000,MATCHED,1751,9513763369000,1751,10267921946000,9518625075000,-4861706000,-4861.706000
9513796684000,MATCHED,1752,9513796684000,1752,10267958041000,9518661170000,-4864486000,-4864.486000
9513830002000,MATCHED,1753,9513830002000,1753,10267994146000,9518697275000,-4867273000,-4867.273000
9513863322000,MATCHED,1754,9513863322000,1754,10268030239000,9518733368000,-4870046000,-4870.046000
9513896640000,MATCHED,1755,9513896640000,1755,10268066335000,9518769464000,-4872824000,-4872.824000
9513929959000,MATCHED,1756,9513929959000,1756,10268102426000,9518805555000,-4875596000,-4875.596000
9513963277000,MATCHED,1757,9513963277000,1757,10268138530000,9518841659000,-4878382000,-4878.382000
9513996595000,MATCHED,1758,9513996595000,1758,10268174623000,9518877752000,-4881157000,-4881.157000
9514029921000,MATCHED,1759,9514029921000,1759,10268210720000,9518913849000,-4883928000,-4883.928000
9514063233000,MATCHED,1760,9514063233000,1760,10268246803000,9518949932000,-4886699000,-4886.699000
9514096551000,MATCHED,1761,9514096551000,1761,10268282897000,9518986026000,-4889475000,-4889.475000
9514129868000,MATCHED,1762,9514129868000,1762,10268318991000,9519022120000,-4892252000,-4892.252000
9514163189000,MATCHED,1763,9514163189000,1763,10268355087000,9519058216000,-4895027000,-4895.027000
9514196506000,MATCHED,1764,9514196506000,1764,10268391183000,9519094312000,-4897806000,-4897.806000
9514229824000,MATCHED,1765,9514229824000,1765,10268427276000,9519130405000,-4900581000,-4900.581000
9514263146000,MATCHED,1766,9514263146000,1766,10268463371000,9519166500000,-4903354000,-4903.354000
9514296462000,MATCHED,1767,9514296462000,1767,10268499478000,9519202607000,-4906145000,-4906.145000
9514329779000,MATCHED,1768,9514329779000,1768,10268535567000,9519238696000,-4908917000,-4908.917000
9514363099000,MATCHED,1769,9514363099000,1769,10268571663000,9519274792000,-4911693000,-4911.693000
9514396417000,MATCHED,1770,9514396417000,1770,10268607759000,9519310888000,-4914471000,-4914.471000
9514429734000,MATCHED,1771,9514429734000,1771,10268643848000,9519346977000,-4917243000,-4917.243000
9514463054000,MATCHED,1772,9514463054000,1772,10268679943000,9519383072000,-4920018000,-4920.018000
9514496374000,MATCHED,1773,9514496374000,1773,10268716041000,9519419170000,-4922796000,-4922.796000
9514529691000,MATCHED,1774,9514529691000,1774,10268752133000,9519455262000,-4925571000,-4925.571000
9514563009000,MATCHED,1775,9514563009000,1775,10268788228000,9519491357000,-4928348000,-4928.348000
9514596328000,MATCHED,1776,9514596328000,1776,10268824324000,9519527453000,-4931125000,-4931.125000
9514629646000,MATCHED,1777,9514629646000,1777,10268860421000,9519563550000,-4933904000,-4933.904000
9514662965000,MATCHED,1778,9514662965000,1778,10268896514000,9519599643000,-4936678000,-4936.678000
9514696284000,MATCHED,1779,9514696284000,1779,10268932609000,9519635738000,-4939454000,-4939.454000
9514729601000,MATCHED,1780,9514729601000,1780,10268968703000,9519671832000,-4942231000,-4942.231000
9514762921000,MATCHED,1781,9514762921000,1781,10269004799000,9519707928000,-4945007000,-4945.007000
9514796241000,MATCHED,1782,9514796241000,1782,10269040894000,9519744023000,-4947782000,-4947.782000
9514829557000,MATCHED,1783,9514829557000,1783,10269076988000,9519780117000,-4950560000,-4950.560000
9514862875000,MATCHED,1784,9514862875000,1784,10269113087000,9519816216000,-4953341000,-4953.341000
9514896195000,MATCHED,1785,9514896195000,1785,10269149181000,9519852310000,-4956115000,-4956.115000
9514929512000,MATCHED,1786,9514929512000,1786,10269185274000,9519888403000,-4958891000,-4958.891000
9514962831000,MATCHED,1787,9514962831000,1787,10269221369000,9519924498000,-4961667000,-4961.667000
9514996149000,MATCHED,1788,9514996149000,1788,10269257464000,9519960593000,-4964444000,-4964.444000
9515029467000,MATCHED,1789,9515029467000,1789,10269293559000,9519996688000,-4967221000,-4967.221000
9515062791000,MATCHED,1790,9515062791000,1790,10269329654000,9520032783000,-4969992000,-4969.992000
9515096108000,MATCHED,1791,9515096108000,1791,10269365751000,9520068880000,-4972772000,-4972.772000
9515129426000,MATCHED,1792,9515129426000,1792,10269401846000,9520104975000,-4975549000,-4975.549000
9515162751000,MATCHED,1793,9515162751000,1793,10269437943000,9520141072000,-4978321000,-4978.321000
9515196063000,MATCHED,1794,9515196063000,1794,10269474038000,9520177167000,-4981104000,-4981.104000
9515229381000,MATCHED,1795,9515229381000,1795,10269510134000,9520213263000,-4983882000,-4983.882000
9515262699000,MATCHED,1796,9515262699000,1796,10269546227000,9520249356000,-4986657000,-4986.657000
9515296018000,MATCHED,1797,9515296018000,1797,10269582323000,9520285452000,-4989434000,-4989.434000
9515329337000,MATCHED,1798,9515329337000,1798,10269618412000,9520321541000,-4992204000,-4992.204000
9515362656000,MATCHED,1799,9515362656000,1799,10269654507000,9520357636000,-4994980000,-4994.980000
9515395974000,MATCHED,1800,9515395974000,1800,10269690601000,9520393730000,-4997756000,-4997.756000
9515429293000,MATCHED,1801,9515429293000,1801,10269726698000,9520429827000,-5000534000,-5000.534000
9515462610000,MATCHED,1802,9515462610000,1802,10269762794000,9520465923000,-5003313000,-5003.313000
9515495932000,MATCHED,1803,9515495932000,1803,10269798887000,9520502016000,-5006084000,-5006.084000
9515529247000,MATCHED,1804,9515529247000,1804,10269834982000,9520538111000,-5008864000,-5008.864000
9515562567000,MATCHED,1805,9515562567000,1805,10269871078000,9520574207000,-5011640000,-5011.640000
9515595886000,MATCHED,1806,9515595886000,1806,10269907173000,9520610302000,-5014416000,-5014.416000
9515629203000,MATCHED,1807,9515629203000,1807,10269943268000,9520646397000,-5017194000,-5017.194000
9515662522000,MATCHED,1808,9515662522000,1808,10269979363000,9520682492000,-5019970000,-5019.970000
9515695841000,MATCHED,1809,9515695841000,1809,10270015457000,9520718586000,-5022745000,-5022.745000
9515729159000,MATCHED,1810,9515729159000,1810,10270051553000,9520754682000,-5025523000,-5025.523000
9515762477000,MATCHED,1811,9515762477000,1811,10270087655000,9520790784000,-5028307000,-5028.307000
9515795795000,MATCHED,1812,9515795795000,1812,10270123753000,9520826882000,-5031087000,-5031.087000
9515829114000,MATCHED,1813,9515829114000,1813,10270159852000,9520862981000,-5033867000,-5033.867000
9515862434000,MATCHED,1814,9515862434000,1814,10270195945000,9520899074000,-5036640000,-5036.640000
9515895751000,MATCHED,1815,9515895751000,1815,10270232038000,9520935167000,-5039416000,-5039.416000
9515929069000,MATCHED,1816,9515929069000,1816,10270268132000,9520971261000,-5042192000,-5042.192000
9515962386000,MATCHED,1817,9515962386000,1817,10270304224000,9521007353000,-5044967000,-5044.967000
9515995703000,MATCHED,1818,9515995703000,1818,10270340358000,9521043487000,-5047784000,-5047.784000
9516029028000,MATCHED,1819,9516029028000,1819,10270376413000,9521079542000,-5050514000,-5050.514000
9516062345000,MATCHED,1820,9516062345000,1820,10270412512000,9521115641000,-5053296000,-5053.296000
9516095669000,MATCHED,1821,9516095669000,1821,10270448605000,9521151734000,-5056065000,-5056.065000
9516128986000,MATCHED,1822,9516128986000,1822,10270484700000,9521187829000,-5058843000,-5058.843000
9516162301000,MATCHED,1823,9516162301000,1823,10270520792000,9521223921000,-5061620000,-5061.620000
9516195616000,MATCHED,1824,9516195616000,1824,10270556890000,9521260019000,-5064403000,-5064.403000
9516228939000,MATCHED,1825,9516228939000,1825,10270592981000,9521296110000,-5067171000,-5067.171000
9516262255000,MATCHED,1826,9516262255000,1826,10270629073000,9521332202000,-5069947000,-5069.947000
9516295592000,MATCHED,1827,9516295592000,1827,10270665168000,9521368297000,-5072705000,-5072.705000
9516328895000,MATCHED,1828,9516328895000,1828,10270701263000,9521404392000,-5075497000,-5075.497000
9516362217000,MATCHED,1829,9516362217000,1829,10270737358000,9521440487000,-5078270000,-5078.270000
9516395530000,MATCHED,1830,9516395530000,1830,10270773453000,9521476582000,-5081052000,-5081.052000
9516428856000,MATCHED,1831,9516428856000,1831,10270809548000,9521512677000,-5083821000,-5083.821000
9516462164000,MATCHED,1832,9516462164000,1832,10270845652000,9521548781000,-5086617000,-5086.617000
9516495481000,MATCHED,1833,9516495481000,1833,10270881744000,9521584873000,-5089392000,-5089.392000
9516528801000,MATCHED,1834,9516528801000,1834,10270917839000,9521620968000,-5092167000,-5092.167000
9516562120000,MATCHED,1835,9516562120000,1835,10270953931000,9521657060000,-5094940000,-5094.940000
9516595443000,MATCHED,1836,9516595443000,1836,10270990023000,9521693152000,-5097709000,-5097.709000
9516628758000,MATCHED,1837,9516628758000,1837,10271026118000,9521729247000,-5100489000,-5100.489000
9516662074000,MATCHED,1838,9516662074000,1838,10271062213000,9521765342000,-5103268000,-5103.268000
9516695394000,MATCHED,1839,9516695394000,1839,10271098308000,9521801437000,-5106043000,-5106.043000
9516728716000,MATCHED,1840,9516728716000,1840,10271134403000,9521837532000,-5108816000,-5108.816000
9516762031000,MATCHED,1841,9516762031000,1841,10271170500000,9521873629000,-5111598000,-5111.598000
9516795348000,MATCHED,1842,9516795348000,1842,10271206597000,9521909726000,-5114378000,-5114.378000
9516828669000,MATCHED,1843,9516828669000,1843,10271242689000,9521945818000,-5117149000,-5117.149000
9516861986000,MATCHED,1844,9516861986000,1844,10271278784000,9521981913000,-5119927000,-5119.927000
9516895304000,MATCHED,1845,9516895304000,1845,10271314879000,9522018008000,-5122704000,-5122.704000
9516928621000,MATCHED,1846,9516928621000,1846,10271350974000,9522054103000,-5125482000,-5125.482000
9516961940000,MATCHED,1847,9516961940000,1847,10271387068000,9522090197000,-5128257000,-5128.257000
9516995258000,MATCHED,1848,9516995258000,1848,10271423164000,9522126293000,-5131035000,-5131.035000
9517028578000,MATCHED,1849,9517028578000,1849,10271459261000,9522162390000,-5133812000,-5133.812000
9517061898000,MATCHED,1850,9517061898000,1850,10271495355000,9522198484000,-5136586000,-5136.586000
9517095214000,MATCHED,1851,9517095214000,1851,10271531448000,9522234577000,-5139363000,-5139.363000
9517128533000,MATCHED,1852,9517128533000,1852,10271567543000,9522270672000,-5142139000,-5142.139000
9517161851000,MATCHED,1853,9517161851000,1853,10271603638000,9522306767000,-5144916000,-5144.916000
9517195169000,MATCHED,1854,9517195169000,1854,10271639733000,9522342862000,-5147693000,-5147.693000
9517228488000,MATCHED,1855,9517228488000,1855,10271675828000,9522378957000,-5150469000,-5150.469000
9517261806000,MATCHED,1856,9517261806000,1856,10271711926000,9522415055000,-5153249000,-5153.249000
9517295125000,MATCHED,1857,9517295125000,1857,10271748025000,9522451154000,-5156029000,-5156.029000
9517328444000,MATCHED,1858,9517328444000,1858,10271784121000,9522487250000,-5158806000,-5158.806000
9517361764000,MATCHED,1859,9517361764000,1859,10271820213000,9522523342000,-5161578000,-5161.578000
9517395081000,MATCHED,1860,9517395081000,1860,10271856304000,9522559433000,-5164352000,-5164.352000
9517428399000,MATCHED,1861,9517428399000,1861,10271892398000,9522595527000,-5167128000,-5167.128000
9517461719000,MATCHED,1862,9517461719000,1862,10271928494000,9522631623000,-5169904000,-5169.904000
9517495036000,MATCHED,1863,9517495036000,1863,10271964590000,9522667719000,-5172683000,-5172.683000
9517528355000,MATCHED,1864,9517528355000,1864,10272000683000,9522703812000,-5175457000,-5175.457000
9517561673000,MATCHED,1865,9517561673000,1865,10272036779000,9522739908000,-5178235000,-5178.235000
9517594994000,MATCHED,1866,9517594994000,1866,10272072873000,9522776002000,-5181008000,-5181.008000
9517628311000,MATCHED,1867,9517628311000,1867,10272108972000,9522812101000,-5183790000,-5183.790000
9517661629000,MATCHED,1868,9517661629000,1868,10272145064000,9522848193000,-5186564000,-5186.564000
9517694947000,MATCHED,1869,9517694947000,1869,10272181159000,9522884288000,-5189341000,-5189.341000
9517728266000,MATCHED,1870,9517728266000,1870,10272217253000,9522920382000,-5192116000,-5192.116000
9517761584000,MATCHED,1871,9517761584000,1871,10272253349000,9522956478000,-5194894000,-5194.894000
9517794902000,MATCHED,1872,9517794902000,1872,10272289444000,9522992573000,-5197671000,-5197.671000
9517828222000,MATCHED,1873,9517828222000,1873,10272325539000,9523028668000,-5200446000,-5200.446000
9517861539000,MATCHED,1874,9517861539000,1874,10272361646000,9523064775000,-5203236000,-5203.236000
9517894866000,MATCHED,1875,9517894866000,1875,10272397731000,9523100860000,-5205994000,-5205.994000
9517928177000,MATCHED,1876,9517928177000,1876,10272433824000,9523136953000,-5208776000,-5208.776000
9517961494000,MATCHED,1877,9517961494000,1877,10272469920000,9523173049000,-5211555000,-5211.555000
9517994814000,MATCHED,1878,9517994814000,1878,10272506015000,9523209144000,-5214330000,-5214.330000
9518028133000,MATCHED,1879,9518028133000,1879,10272542109000,9523245238000,-5217105000,-5217.105000
9518061451000,MATCHED,1880,9518061451000,1880,10272578205000,9523281334000,-5219883000,-5219.883000
9518094769000,MATCHED,1881,9518094769000,1881,10272614300000,9523317429000,-5222660000,-5222.660000
9518128088000,MATCHED,1882,9518128088000,1882,10272650394000,9523353523000,-5225435000,-5225.435000
9518161405000,MATCHED,1883,9518161405000,1883,10272686489000,9523389618000,-5228213000,-5228.213000
9518194726000,MATCHED,1884,9518194726000,1884,10272722584000,9523425713000,-5230987000,-5230.987000
9518228043000,MATCHED,1885,9518228043000,1885,10272758679000,9523461808000,-5233765000,-5233.765000
9518261360000,MATCHED,1886,9518261360000,1886,10272794773000,9523497902000,-5236542000,-5236.542000
9518294680000,MATCHED,1887,9518294680000,1887,10272830870000,9523533999000,-5239319000,-5239.319000
9518327998000,MATCHED,1888,9518327998000,1888,10272866968000,9523570097000,-5242099000,-5242.099000
9518361316000,MATCHED,1889,9518361316000,1889,10272903058000,9523606187000,-5244871000,-5244.871000
9518394637000,MATCHED,1890,9518394637000,1890,10272939156000,9523642285000,-5247648000,-5247.648000
9518427954000,MATCHED,1891,9518427954000,1891,10272975250000,9523678379000,-5250425000,-5250.425000
9518461272000,MATCHED,1892,9518461272000,1892,10273011353000,9523714482000,-5253210000,-5253.210000
9518494591000,MATCHED,1893,9518494591000,1893,10273047450000,9523750579000,-5255988000,-5255.988000
9518527910000,MATCHED,1894,9518527910000,1894,10273083538000,9523786667000,-5258757000,-5258.757000
9518561228000,MATCHED,1895,9518561228000,1895,10273119630000,9523822759000,-5261531000,-5261.531000
9518594546000,MATCHED,1896,9518594546000,1896,10273155725000,9523858854000,-5264308000,-5264.308000
9518627864000,MATCHED,1897,9518627864000,1897,10273191831000,9523894960000,-5267096000,-5267.096000
9518661184000,MATCHED,1898,9518661184000,1898,10273227917000,9523931046000,-5269862000,-5269.862000
9518694506000,MATCHED,1899,9518694506000,1899,10273264039000,9523967168000,-5272662000,-5272.662000
9518727820000,MATCHED,1900,9518727820000,1900,10273300130000,9524003259000,-5275439000,-5275.439000
9518761139000,MATCHED,1901,9518761139000,1901,10273336211000,9524039340000,-5278201000,-5278.201000
9518794457000,MATCHED,1902,9518794457000,1902,10273372320000,9524075449000,-5280992000,-5280.992000
9518827776000,MATCHED,1903,9518827776000,1903,10273408397000,9524111526000,-5283750000,-5283.750000
9518861094000,MATCHED,1904,9518861094000,1904,10273444489000,9524147618000,-5286524000,-5286.524000
9518894413000,MATCHED,1905,9518894413000,1905,10273480582000,9524183711000,-5289298000,-5289.298000
9518927735000,MATCHED,1906,9518927735000,1906,10273516686000,9524219815000,-5292080000,-5292.080000
9518961050000,MATCHED,1907,9518961050000,1907,10273552778000,9524255907000,-5294857000,-5294.857000
9518994368000,MATCHED,1908,9518994368000,1908,10273588867000,9524291996000,-5297628000,-5297.628000
9519027687000,MATCHED,1909,9519027687000,1909,10273624962000,9524328091000,-5300404000,-5300.404000
9519061005000,MATCHED,1910,9519061005000,1910,10273661057000,9524364186000,-5303181000,-5303.181000
9519094323000,MATCHED,1911,9519094323000,1911,10273697152000,9524400281000,-5305958000,-5305.958000
9519127641000,MATCHED,1912,9519127641000,1912,10273733246000,9524436375000,-5308734000,-5308.734000
9519160961000,MATCHED,1913,9519160961000,1913,10273769343000,9524472472000,-5311511000,-5311.511000
9519194283000,MATCHED,1914,9519194283000,1914,10273805435000,9524508564000,-5314281000,-5314.281000
9519227598000,MATCHED,1915,9519227598000,1915,10273841531000,9524544660000,-5317062000,-5317.062000
9519260916000,MATCHED,1916,9519260916000,1916,10273877625000,9524580754000,-5319838000,-5319.838000
9519294240000,MATCHED,1917,9519294240000,1917,10273913720000,9524616849000,-5322609000,-5322.609000
9519327553000,MATCHED,1918,9519327553000,1918,10273949815000,9524652944000,-5325391000,-5325.391000
9519360877000,MATCHED,1919,9519360877000,1919,10273985911000,9524689040000,-5328163000,-5328.163000
9519394202000,MATCHED,1920,9519394202000,1920,10274022007000,9524725136000,-5330934000,-5330.934000
9519427534000,MATCHED,1921,9519427534000,1921,10274058101000,9524761230000,-5333696000,-5333.696000
9519460827000,MATCHED,1922,9519460827000,1922,10274094198000,9524797327000,-5336500000,-5336.500000
9519494150000,MATCHED,1923,9519494150000,1923,10274130292000,9524833421000,-5339271000,-5339.271000
9519527466000,MATCHED,1924,9519527466000,1924,10274166388000,9524869517000,-5342051000,-5342.051000
9519560783000,MATCHED,1925,9519560783000,1925,10274202482000,9524905611000,-5344828000,-5344.828000
9519594100000,MATCHED,1926,9519594100000,1926,10274238575000,9524941704000,-5347604000,-5347.604000
9519627420000,MATCHED,1927,9519627420000,1927,10274274670000,9524977799000,-5350379000,-5350.379000
9519660738000,MATCHED,1928,9519660738000,1928,10274310765000,9525013894000,-5353156000,-5353.156000
9519694067000,MATCHED,1929,9519694067000,1929,10274346860000,9525049989000,-5355922000,-5355.922000
9519727396000,MATCHED,1930,9519727396000,1930,10274382963000,9525086092000,-5358696000,-5358.696000
9519760698000,MATCHED,1931,9519760698000,1931,10274419060000,9525122189000,-5361491000,-5361.491000
9519794012000,MATCHED,1932,9519794012000,1932,10274455158000,9525158287000,-5364275000,-5364.275000
9519827333000,MATCHED,1933,9519827333000,1933,10274491246000,9525194375000,-5367042000,-5367.042000
9519860648000,MATCHED,1934,9519860648000,1934,10274527341000,9525230470000,-5369822000,-5369.822000
9519893966000,MATCHED,1935,9519893966000,1935,10274563442000,9525266571000,-5372605000,-5372.605000
9519927288000,MATCHED,1936,9519927288000,1936,10274599530000,9525302659000,-5375371000,-5375.371000
9519960604000,MATCHED,1937,9519960604000,1937,10274635623000,9525338752000,-5378148000,-5378.148000
9519993922000,MATCHED,1938,9519993922000,1938,10274671715000,9525374844000,-5380922000,-5380.922000
9520027240000,MATCHED,1939,9520027240000,1939,10274707810000,9525410939000,-5383699000,-5383.699000
9520060559000,MATCHED,1940,9520060559000,1940,10274743905000,9525447034000,-5386475000,-5386.475000
9520093878000,MATCHED,1941,9520093878000,1941,10274779999000,9525483128000,-5389250000,-5389.250000
9520127197000,MATCHED,1942,9520127197000,1942,10274816096000,9525519225000,-5392028000,-5392.028000
9520160514000,MATCHED,1943,9520160514000,1943,10274852191000,9525555320000,-5394806000,-5394.806000
9520193833000,MATCHED,1944,9520193833000,1944,10274888296000,9525591425000,-5397592000,-5397.592000
9520227151000,MATCHED,1945,9520227151000,1945,10274924386000,9525627515000,-5400364000,-5400.364000
9520260469000,MATCHED,1946,9520260469000,1946,10274960479000,9525663608000,-5403139000,-5403.139000
9520293788000,MATCHED,1947,9520293788000,1947,10274996571000,9525699700000,-5405912000,-5405.912000
9520327106000,MATCHED,1948,9520327106000,1948,10275032666000,9525735795000,-5408689000,-5408.689000
9520360425000,MATCHED,1949,9520360425000,1949,10275068762000,9525771891000,-5411466000,-5411.466000
9520393744000,MATCHED,1950,9520393744000,1950,10275104857000,9525807986000,-5414242000,-5414.242000
9520427062000,MATCHED,1951,9520427062000,1951,10275140953000,9525844082000,-5417020000,-5417.020000
9520460383000,MATCHED,1952,9520460383000,1952,10275177047000,9525880176000,-5419793000,-5419.793000
9520493699000,MATCHED,1953,9520493699000,1953,10275213145000,9525916274000,-5422575000,-5422.575000
9520527017000,MATCHED,1954,9520527017000,1954,10275249238000,9525952367000,-5425350000,-5425.350000
9520560336000,MATCHED,1955,9520560336000,1955,10275285333000,9525988462000,-5428126000,-5428.126000
9520593654000,MATCHED,1956,9520593654000,1956,10275321427000,9526024556000,-5430902000,-5430.902000
9520626973000,MATCHED,1957,9520626973000,1957,10275357522000,9526060651000,-5433678000,-5433.678000
9520660292000,MATCHED,1958,9520660292000,1958,10275393617000,9526096746000,-5436454000,-5436.454000
9520693618000,MATCHED,1959,9520693618000,1959,10275429715000,9526132844000,-5439226000,-5439.226000
9520726931000,MATCHED,1960,9520726931000,1960,10275465814000,9526168943000,-5442012000,-5442.012000
9520760250000,MATCHED,1961,9520760250000,1961,10275501904000,9526205033000,-5444783000,-5444.783000
9520793580000,MATCHED,1962,9520793580000,1962,10275537999000,9526241128000,-5447548000,-5447.548000
9520826885000,MATCHED,1963,9520826885000,1963,10275574096000,9526277225000,-5450340000,-5450.340000
9520860202000,MATCHED,1964,9520860202000,1964,10275610192000,9526313321000,-5453119000,-5453.119000
9520893520000,MATCHED,1965,9520893520000,1965,10275646291000,9526349420000,-5455900000,-5455.900000
9520926839000,MATCHED,1966,9520926839000,1966,10275682380000,9526385509000,-5458670000,-5458.670000
9520960159000,MATCHED,1967,9520960159000,1967,10275718472000,9526421601000,-5461442000,-5461.442000
9520993481000,MATCHED,1968,9520993481000,1968,10275754574000,9526457703000,-5464222000,-5464.222000
9521026796000,MATCHED,1969,9521026796000,1969,10275790668000,9526493797000,-5467001000,-5467.001000
9521060115000,MATCHED,1970,9521060115000,1970,10275826764000,9526529893000,-5469778000,-5469.778000
9521093435000,MATCHED,1971,9521093435000,1971,10275862858000,9526565987000,-5472552000,-5472.552000
9521126751000,MATCHED,1972,9521126751000,1972,10275898947000,9526602076000,-5475325000,-5475.325000
9521160071000,MATCHED,1973,9521160071000,1973,10275935044000,9526638173000,-5478102000,-5478.102000
9521193390000,MATCHED,1974,9521193390000,1974,10275971136000,9526674265000,-5480875000,-5480.875000
9521226708000,MATCHED,1975,9521226708000,1975,10276007235000,9526710364000,-5483656000,-5483.656000
9521260025000,MATCHED,1976,9521260025000,1976,10276043334000,9526746463000,-5486438000,-5486.438000
9521293347000,MATCHED,1977,9521293347000,1977,10276079421000,9526782550000,-5489203000,-5489.203000
9521326665000,MATCHED,1978,9521326665000,1978,10276115525000,9526818654000,-5491989000,-5491.989000
9521359982000,MATCHED,1979,9521359982000,1979,10276151613000,9526854742000,-5494760000,-5494.760000
9521393302000,MATCHED,1980,9521393302000,1980,10276187706000,9526890835000,-5497533000,-5497.533000
9521426619000,MATCHED,1981,9521426619000,1981,10276223801000,9526926930000,-5500311000,-5500.311000
9521459938000,MATCHED,1982,9521459938000,1982,10276259897000,9526963026000,-5503088000,-5503.088000
9521493260000,MATCHED,1983,9521493260000,1983,10276295991000,9526999120000,-5505860000,-5505.860000
9521526574000,MATCHED,1984,9521526574000,1984,10276332088000,9527035217000,-5508643000,-5508.643000
9521559893000,MATCHED,1985,9521559893000,1985,10276368188000,9527071317000,-5511424000,-5511.424000
9521593211000,MATCHED,1986,9521593211000,1986,10276404288000,9527107417000,-5514206000,-5514.206000
9521626529000,MATCHED,1987,9521626529000,1987,10276440378000,9527143507000,-5516978000,-5516.978000
9521659848000,MATCHED,1988,9521659848000,1988,10276476470000,9527179599000,-5519751000,-5519.751000
9521693167000,MATCHED,1989,9521693167000,1989,10276512567000,9527215696000,-5522529000,-5522.529000
9521726485000,MATCHED,1990,9521726485000,1990,10276548662000,9527251791000,-5525306000,-5525.306000
9521759806000,MATCHED,1991,9521759806000,1991,10276584758000,9527287887000,-5528081000,-5528.081000
9521793123000,MATCHED,1992,9521793123000,1992,10276620849000,9527323978000,-5530855000,-5530.855000
9521826441000,MATCHED,1993,9521826441000,1993,10276656942000,9527360071000,-5533630000,-5533.630000
9521859760000,MATCHED,1994,9521859760000,1994,10276693037000,9527396166000,-5536406000,-5536.406000
9521893079000,MATCHED,1995,9521893079000,1995,10276729132000,9527432261000,-5539182000,-5539.182000
9521926397000,MATCHED,1996,9521926397000,1996,10276765227000,9527468356000,-5541959000,-5541.959000
9521959714000,MATCHED,1997,9521959714000,1997,10276801322000,9527504451000,-5544737000,-5544.737000
9521993034000,MATCHED,1998,9521993034000,1998,10276837418000,9527540547000,-5547513000,-5547.513000
9522026351000,MATCHED,1999,9522026351000,1999,10276873518000,9527576647000,-5550296000,-5550.296000
9522059671000,MATCHED,2000,9522059671000,2000,10276909612000,9527612741000,-5553070000,-5553.070000
9522092991000,MATCHED,2001,9522092991000,2001,10276945706000,9527648835000,-5555844000,-5555.844000
9522126308000,MATCHED,2002,9522126308000,2002,10276981800000,9527684929000,-5558621000,-5558.621000
9522159626000,MATCHED,2003,9522159626000,2003,10277017891000,9527721020000,-5561394000,-5561.394000
9522192945000,MATCHED,2004,9522192945000,2004,10277053987000,9527757116000,-5564171000,-5564.171000
9522226263000,MATCHED,2005,9522226263000,2005,10277090081000,9527793210000,-5566947000,-5566.947000
9522259582000,MATCHED,2006,9522259582000,2006,10277126176000,9527829305000,-5569723000,-5569.723000
9522292899000,MATCHED,2007,9522292899000,2007,10277162271000,9527865400000,-5572501000,-5572.501000
9522326219000,MATCHED,2008,9522326219000,2008,10277198366000,9527901495000,-5575276000,-5575.276000
9522359539000,MATCHED,2009,9522359539000,2009,10277234465000,9527937594000,-5578055000,-5578.055000
9522392855000,MATCHED,2010,9522392855000,2010,10277270556000,9527973685000,-5580830000,-5580.830000
9522426173000,MATCHED,2011,9522426173000,2011,10277306651000,9528009780000,-5583607000,-5583.607000
9522459492000,MATCHED,2012,9522459492000,2012,10277342749000,9528045878000,-5586386000,-5586.386000
9522492811000,MATCHED,2013,9522492811000,2013,10277378841000,9528081970000,-5589159000,-5589.159000
9522526129000,MATCHED,2014,9522526129000,2014,10277414936000,9528118065000,-5591936000,-5591.936000
9522559448000,MATCHED,2015,9522559448000,2015,10277451031000,9528154160000,-5594712000,-5594.712000
9522592765000,MATCHED,2016,9522592765000,2016,10277487131000,9528190260000,-5597495000,-5597.495000
9522626085000,MATCHED,2017,9522626085000,2017,10277523223000,9528226352000,-5600267000,-5600.267000
9522659402000,MATCHED,2018,9522659402000,2018,10277559316000,9528262445000,-5603043000,-5603.043000
9522692721000,MATCHED,2019,9522692721000,2019,10277595412000,9528298541000,-5605820000,-5605.820000
9522726039000,MATCHED,2020,9522726039000,2020,10277631506000,9528334635000,-5608596000,-5608.596000
9522759358000,MATCHED,2021,9522759358000,2021,10277667604000,9528370733000,-5611375000,-5611.375000
9522792676000,MATCHED,2022,9522792676000,2022,10277703696000,9528406825000,-5614149000,-5614.149000
9522825996000,MATCHED,2023,9522825996000,2023,10277739792000,9528442921000,-5616925000,-5616.925000
9522859314000,MATCHED,2024,9522859314000,2024,10277775893000,9528479022000,-5619708000,-5619.708000
9522892634000,MATCHED,2025,9522892634000,2025,10277811990000,9528515119000,-5622485000,-5622.485000
9522925952000,MATCHED,2026,9522925952000,2026,10277848084000,9528551213000,-5625261000,-5625.261000
9522959270000,MATCHED,2027,9522959270000,2027,10277884176000,9528587305000,-5628035000,-5628.035000
9522992588000,MATCHED,2028,9522992588000,2028,10277920268000,9528623397000,-5630809000,-5630.809000
9523025906000,MATCHED,2029,9523025906000,2029,10277956362000,9528659491000,-5633585000,-5633.585000
9523059226000,MATCHED,2030,9523059226000,2030,10277992456000,9528695585000,-5636359000,-5636.359000
9523092543000,MATCHED,2031,9523092543000,2031,10278028554000,9528731683000,-5639140000,-5639.140000
9523125861000,MATCHED,2032,9523125861000,2032,10278064646000,9528767775000,-5641914000,-5641.914000
9523159179000,MATCHED,2033,9523159179000,2033,10278100742000,9528803871000,-5644692000,-5644.692000
9523192497000,MATCHED,2034,9523192497000,2034,10278136839000,9528839968000,-5647471000,-5647.471000
9523225816000,MATCHED,2035,9523225816000,2035,10278172932000,9528876061000,-5650245000,-5650.245000
9523259134000,MATCHED,2036,9523259134000,2036,10278209027000,9528912156000,-5653022000,-5653.022000
9523292454000,MATCHED,2037,9523292454000,2037,10278245122000,9528948251000,-5655797000,-5655.797000
9523325771000,MATCHED,2038,9523325771000,2038,10278281217000,9528984346000,-5658575000,-5658.575000
9523359090000,MATCHED,2039,9523359090000,2039,10278317312000,9529020441000,-5661351000,-5661.351000
9523392408000,MATCHED,2040,9523392408000,2040,10278353407000,9529056536000,-5664128000,-5664.128000
9523425726000,MATCHED,2041,9523425726000,2041,10278389506000,9529092635000,-5666909000,-5666.909000
9523459044000,MATCHED,2042,9523459044000,2042,10278425602000,9529128731000,-5669687000,-5669.687000
9523492367000,MATCHED,2043,9523492367000,2043,10278461694000,9529164823000,-5672456000,-5672.456000
9523525683000,MATCHED,2044,9523525683000,2044,10278497792000,9529200921000,-5675238000,-5675.238000
9523559003000,MATCHED,2045,9523559003000,2045,10278533884000,9529237013000,-5678010000,-5678.010000
9523592320000,MATCHED,2046,9523592320000,2046,10278569979000,9529273108000,-5680788000,-5680.788000
9523625639000,MATCHED,2047,9523625639000,2047,10278606082000,9529309211000,-5683572000,-5683.572000
9523658959000,MATCHED,2048,9523658959000,2048,10278642179000,9529345308000,-5686349000,-5686.349000
9523692276000,MATCHED,2049,9523692276000,2049,10278678266000,9529381395000,-5689119000,-5689.119000
9523725595000,MATCHED,2050,9523725595000,2050,10278714362000,9529417491000,-5691896000,-5691.896000
9523758913000,MATCHED,2051,9523758913000,2051,10278750456000,9529453585000,-5694672000,-5694.672000
9523792232000,MATCHED,2052,9523792232000,2052,10278786553000,9529489682000,-5697450000,-5697.450000
9523825550000,MATCHED,2053,9523825550000,2053,10278822646000,9529525775000,-5700225000,-5700.225000
9523858868000,MATCHED,2054,9523858868000,2054,10278858746000,9529561875000,-5703007000,-5703.007000
9523892190000,MATCHED,2055,9523892190000,2055,10278894834000,9529597963000,-5705773000,-5705.773000
9523925507000,MATCHED,2056,9523925507000,2056,10278930927000,9529634056000,-5708549000,-5708.549000
9523958824000,MATCHED,2057,9523958824000,2057,10278967023000,9529670152000,-5711328000,-5711.328000
9523992143000,MATCHED,2058,9523992143000,2058,10279003117000,9529706246000,-5714103000,-5714.103000
9524025460000,MATCHED,2059,9524025460000,2059,10279039212000,9529742341000,-5716881000,-5716.881000
9524058780000,MATCHED,2060,9524058780000,2060,10279075307000,9529778436000,-5719656000,-5719.656000
9524092098000,MATCHED,2061,9524092098000,2061,10279111403000,9529814532000,-5722434000,-5722.434000
9524125416000,MATCHED,2062,9524125416000,2062,10279147498000,9529850627000,-5725211000,-5725.211000
9524158735000,MATCHED,2063,9524158735000,2063,10279183593000,9529886722000,-5727987000,-5727.987000
9524192053000,MATCHED,2064,9524192053000,2064,10279219688000,9529922817000,-5730764000,-5730.764000
9524225373000,MATCHED,2065,9524225373000,2065,10279255783000,9529958912000,-5733539000,-5733.539000
9524258691000,MATCHED,2066,9524258691000,2066,10279291878000,9529995007000,-5736316000,-5736.316000
9524292015000,MATCHED,2067,9524292015000,2067,10279327973000,9530031102000,-5739087000,-5739.087000
9524325327000,MATCHED,2068,9524325327000,2068,10279364068000,9530067197000,-5741870000,-5741.870000
9524358646000,MATCHED,2069,9524358646000,2069,10279400164000,9530103293000,-5744647000,-5744.647000
9524391965000,MATCHED,2070,9524391965000,2070,10279436259000,9530139388000,-5747423000,-5747.423000
9524425283000,MATCHED,2071,9524425283000,2071,10279472353000,9530175482000,-5750199000,-5750.199000
9524458601000,MATCHED,2072,9524458601000,2072,10279508449000,9530211578000,-5752977000,-5752.977000
9524491920000,MATCHED,2073,9524491920000,2073,10279544542000,9530247671000,-5755751000,-5755.751000
9524525239000,MATCHED,2074,9524525239000,2074,10279580638000,9530283767000,-5758528000,-5758.528000
9524558558000,MATCHED,2075,9524558558000,2075,10279616733000,9530319862000,-5761304000,-5761.304000
9524591875000,MATCHED,2076,9524591875000,2076,10279652829000,9530355958000,-5764083000,-5764.083000
9524625194000,MATCHED,2077,9524625194000,2077,10279688922000,9530392051000,-5766857000,-5766.857000
9524658512000,MATCHED,2078,9524658512000,2078,10279725018000,9530428147000,-5769635000,-5769.635000
9524691831000,MATCHED,2079,9524691831000,2079,10279761113000,9530464242000,-5772411000,-5772.411000
9524725149000,MATCHED,2080,9524725149000,2080,10279797208000,9530500337000,-5775188000,-5775.188000
9524758467000,MATCHED,2081,9524758467000,2081,10279833303000,9530536432000,-5777965000,-5777.965000
9524791786000,MATCHED,2082,9524791786000,2082,10279869399000,9530572528000,-5780742000,-5780.742000
9524825104000,MATCHED,2083,9524825104000,2083,10279905493000,9530608622000,-5783518000,-5783.518000
9524858461000,MATCHED,2084,9524858461000,2084,10279941588000,9530644717000,-5786256000,-5786.256000
9524891742000,MATCHED,2085,9524891742000,2085,10279977683000,9530680812000,-5789070000,-5789.070000
9524925061000,MATCHED,2086,9524925061000,2086,10280013778000,9530716907000,-5791846000,-5791.846000
9524958379000,MATCHED,2087,9524958379000,2087,10280049875000,9530753004000,-5794625000,-5794.625000
9524991696000,MATCHED,2088,9524991696000,2088,10280085970000,9530789099000,-5797403000,-5797.403000
9525025020000,MATCHED,2089,9525025020000,2089,10280122063000,9530825192000,-5800172000,-5800.172000
9525058332000,MATCHED,2090,9525058332000,2090,10280158159000,9530861288000,-5802956000,-5802.956000
9525091651000,MATCHED,2091,9525091651000,2091,10280194253000,9530897382000,-5805731000,-5805.731000
9525124971000,MATCHED,2092,9525124971000,2092,10280230348000,9530933477000,-5808506000,-5808.506000
9525158292000,MATCHED,2093,9525158292000,2093,10280266443000,9530969572000,-5811280000,-5811.280000
9525191604000,MATCHED,2094,9525191604000,2094,10280302538000,9531005667000,-5814063000,-5814.063000
9525224922000,MATCHED,2095,9525224922000,2095,10280338633000,9531041762000,-5816840000,-5816.840000
9525258242000,MATCHED,2096,9525258242000,2096,10280374728000,9531077857000,-5819615000,-5819.615000
9525291561000,MATCHED,2097,9525291561000,2097,10280410825000,9531113954000,-5822393000,-5822.393000
9525324878000,MATCHED,2098,9525324878000,2098,10280446919000,9531150048000,-5825170000,-5825.170000
9525358198000,MATCHED,2099,9525358198000,2099,10280483013000,9531186142000,-5827944000,-5827.944000
9525391516000,MATCHED,2100,9525391516000,2100,10280519108000,9531222237000,-5830721000,-5830.721000
9525424835000,MATCHED,2101,9525424835000,2101,10280555204000,9531258333000,-5833498000,-5833.498000
9525458155000,MATCHED,2102,9525458155000,2102,10280591300000,9531294429000,-5836274000,-5836.274000
9525491472000,MATCHED,2103,9525491472000,2103,10280627395000,9531330524000,-5839052000,-5839.052000
9525524789000,MATCHED,2104,9525524789000,2104,10280663492000,9531366621000,-5841832000,-5841.832000
9525558110000,MATCHED,2105,9525558110000,2105,10280699583000,9531402712000,-5844602000,-5844.602000
9525591427000,MATCHED,2106,9525591427000,2106,10280735679000,9531438808000,-5847381000,-5847.381000
9525624746000,MATCHED,2107,9525624746000,2107,10280771773000,9531474902000,-5850156000,-5850.156000
9525658065000,MATCHED,2108,9525658065000,2108,10280807869000,9531510998000,-5852933000,-5852.933000
9525691395000,MATCHED,2109,9525691395000,2109,10280843964000,9531547093000,-5855698000,-5855.698000
9525724700000,MATCHED,2110,9525724700000,2110,10280880059000,9531583188000,-5858488000,-5858.488000
9525758023000,MATCHED,2111,9525758023000,2111,10280916154000,9531619283000,-5861260000,-5861.260000
9525791339000,MATCHED,2112,9525791339000,2112,10280952249000,9531655378000,-5864039000,-5864.039000
9525824656000,MATCHED,2113,9525824656000,2113,10280988343000,9531691472000,-5866816000,-5866.816000
9525857975000,MATCHED,2114,9525857975000,2114,10281024439000,9531727568000,-5869593000,-5869.593000
9525891295000,MATCHED,2115,9525891295000,2115,10281060534000,9531763663000,-5872368000,-5872.368000
9525924618000,MATCHED,2116,9525924618000,2116,10281096630000,9531799759000,-5875141000,-5875.141000
9525957935000,MATCHED,2117,9525957935000,2117,10281132726000,9531835855000,-5877920000,-5877.920000
9525991251000,MATCHED,2118,9525991251000,2118,10281168821000,9531871950000,-5880699000,-5880.699000
9526024567000,MATCHED,2119,9526024567000,2119,10281204915000,9531908044000,-5883477000,-5883.477000
9526057892000,MATCHED,2120,9526057892000,2120,10281241010000,9531944139000,-5886247000,-5886.247000
9526091214000,MATCHED,2121,9526091214000,2121,10281277107000,9531980236000,-5889022000,-5889.022000
9526124536000,MATCHED,2122,9526124536000,2122,10281313201000,9532016330000,-5891794000,-5891.794000
9526157857000,MATCHED,2123,9526157857000,2123,10281349295000,9532052424000,-5894567000,-5894.567000
9526191164000,MATCHED,2124,9526191164000,2124,10281385391000,9532088520000,-5897356000,-5897.356000
9526224492000,MATCHED,2125,9526224492000,2125,10281421488000,9532124617000,-5900125000,-5900.125000
9526257807000,MATCHED,2126,9526257807000,2126,10281457581000,9532160710000,-5902903000,-5902.903000
9526291121000,MATCHED,2127,9526291121000,2127,10281493676000,9532196805000,-5905684000,-5905.684000
9526324448000,MATCHED,2128,9526324448000,2128,10281529771000,9532232900000,-5908452000,-5908.452000
9526357754000,MATCHED,2129,9526357754000,2129,10281565865000,9532268994000,-5911240000,-5911.240000
9526391080000,MATCHED,2130,9526391080000,2130,10281601960000,9532305089000,-5914009000,-5914.009000
9526424399000,MATCHED,2131,9526424399000,2131,10281638059000,9532341188000,-5916789000,-5916.789000
9526457709000,MATCHED,2132,9526457709000,2132,10281674151000,9532377280000,-5919571000,-5919.571000
9526491029000,MATCHED,2133,9526491029000,2133,10281710245000,9532413374000,-5922345000,-5922.345000
9526524345000,MATCHED,2134,9526524345000,2134,10281746340000,9532449469000,-5925124000,-5925.124000
9526557663000,MATCHED,2135,9526557663000,2135,10281782436000,9532485565000,-5927902000,-5927.902000
9526590982000,MATCHED,2136,9526590982000,2136,10281818531000,9532521660000,-5930678000,-5930.678000
9526624305000,MATCHED,2137,9526624305000,2137,10281854626000,9532557755000,-5933450000,-5933.450000
9526657618000,MATCHED,2138,9526657618000,2138,10281890721000,9532593850000,-5936232000,-5936.232000
9526690938000,MATCHED,2139,9526690938000,2139,10281926815000,9532629944000,-5939006000,-5939.006000
9526724259000,MATCHED,2140,9526724259000,2140,10281962911000,9532666040000,-5941781000,-5941.781000
9526757573000,MATCHED,2141,9526757573000,2141,10281999006000,9532702135000,-5944562000,-5944.562000
9526790891000,MATCHED,2142,9526790891000,2142,10282035102000,9532738231000,-5947340000,-5947.340000
9526824210000,MATCHED,2143,9526824210000,2143,10282071196000,9532774325000,-5950115000,-5950.115000
9526857528000,MATCHED,2144,9526857528000,2144,10282107293000,9532810422000,-5952894000,-5952.894000
9526890848000,MATCHED,2145,9526890848000,2145,10282143386000,9532846515000,-5955667000,-5955.667000
9526924167000,MATCHED,2146,9526924167000,2146,10282179482000,9532882611000,-5958444000,-5958.444000
9526957484000,MATCHED,2147,9526957484000,2147,10282215576000,9532918705000,-5961221000,-5961.221000
9526990803000,MATCHED,2148,9526990803000,2148,10282251671000,9532954800000,-5963997000,-5963.997000
9527024122000,MATCHED,2149,9527024122000,2149,10282287766000,9532990895000,-5966773000,-5966.773000
9527057439000,MATCHED,2150,9527057439000,2150,10282323863000,9533026992000,-5969553000,-5969.553000
9527090759000,MATCHED,2151,9527090759000,2151,10282359959000,9533063088000,-5972329000,-5972.329000
9527124076000,MATCHED,2152,9527124076000,2152,10282396056000,9533099185000,-5975109000,-5975.109000
9527157395000,MATCHED,2153,9527157395000,2153,10282432152000,9533135281000,-5977886000,-5977.886000
9527190713000,MATCHED,2154,9527190713000,2154,10282468242000,9533171371000,-5980658000,-5980.658000
9527224033000,MATCHED,2155,9527224033000,2155,10282504337000,9533207466000,-5983433000,-5983.433000
9527257360000,MATCHED,2156,9527257360000,2156,10282540432000,9533243561000,-5986201000,-5986.201000
9527290669000,MATCHED,2157,9527290669000,2157,10282576527000,9533279656000,-5988987000,-5988.987000
9527323987000,MATCHED,2158,9527323987000,2158,10282612622000,9533315751000,-5991764000,-5991.764000
9527357306000,MATCHED,2159,9527357306000,2159,10282648718000,9533351847000,-5994541000,-5994.541000
9527390623000,MATCHED,2160,9527390623000,2160,10282684815000,9533387944000,-5997321000,-5997.321000
9527423943000,MATCHED,2161,9527423943000,2161,10282720909000,9533424038000,-6000095000,-6000.095000
9527457263000,MATCHED,2162,9527457263000,2162,10282757002000,9533460131000,-6002868000,-6002.868000
9527490580000,MATCHED,2163,9527490580000,2163,10282793106000,9533496235000,-6005655000,-6005.655000
9527523898000,MATCHED,2164,9527523898000,2164,10282829198000,9533532327000,-6008429000,-6008.429000
9527557217000,MATCHED,2165,9527557217000,2165,10282865287000,9533568416000,-6011199000,-6011.199000
9527590536000,MATCHED,2166,9527590536000,2166,10282901387000,9533604516000,-6013980000,-6013.980000
9527623854000,MATCHED,2167,9527623854000,2167,10282937477000,9533640606000,-6016752000,-6016.752000
9527657172000,MATCHED,2168,9527657172000,2168,10282973570000,9533676699000,-6019527000,-6019.527000
9527690492000,MATCHED,2169,9527690492000,2169,10283009668000,9533712797000,-6022305000,-6022.305000
9527723809000,MATCHED,2170,9527723809000,2170,10283045761000,9533748890000,-6025081000,-6025.081000
9527757127000,MATCHED,2171,9527757127000,2171,10283081857000,9533784986000,-6027859000,-6027.859000
9527790451000,MATCHED,2172,9527790451000,2172,10283117951000,9533821080000,-6030629000,-6030.629000
9527823765000,MATCHED,2173,9527823765000,2173,10283154046000,9533857175000,-6033410000,-6033.410000
9527857083000,MATCHED,2174,9527857083000,2174,10283190142000,9533893271000,-6036188000,-6036.188000
9527890402000,MATCHED,2175,9527890402000,2175,10283226240000,9533929369000,-6038967000,-6038.967000
9527923719000,MATCHED,2176,9527923719000,2176,10283262335000,9533965464000,-6041745000,-6041.745000
9527957038000,MATCHED,2177,9527957038000,2177,10283298430000,9534001559000,-6044521000,-6044.521000
9527990359000,MATCHED,2178,9527990359000,2178,10283334523000,9534037652000,-6047293000,-6047.293000
9528023675000,MATCHED,2179,9528023675000,2179,10283370616000,9534073745000,-6050070000,-6050.070000
9528056993000,MATCHED,2180,9528056993000,2180,10283406712000,9534109841000,-6052848000,-6052.848000
9528090313000,MATCHED,2181,9528090313000,2181,10283442816000,9534145945000,-6055632000,-6055.632000
9528123631000,MATCHED,2182,9528123631000,2182,10283478904000,9534182033000,-6058402000,-6058.402000
9528156951000,MATCHED,2183,9528156951000,2183,10283514995000,9534218124000,-6061173000,-6061.173000
9528190268000,MATCHED,2184,9528190268000,2184,10283551098000,9534254227000,-6063959000,-6063.959000
9528223588000,MATCHED,2185,9528223588000,2185,10283587192000,9534290321000,-6066733000,-6066.733000
9528256906000,MATCHED,2186,9528256906000,2186,10283623291000,9534326420000,-6069514000,-6069.514000
9528290227000,MATCHED,2187,9528290227000,2187,10283659386000,9534362515000,-6072288000,-6072.288000
9528323542000,MATCHED,2188,9528323542000,2188,10283695476000,9534398605000,-6075063000,-6075.063000
9528356860000,MATCHED,2189,9528356860000,2189,10283731567000,9534434696000,-6077836000,-6077.836000
9528390180000,MATCHED,2190,9528390180000,2190,10283767663000,9534470792000,-6080612000,-6080.612000
9528423498000,MATCHED,2191,9528423498000,2191,10283803758000,9534506887000,-6083389000,-6083.389000
9528456818000,MATCHED,2192,9528456818000,2192,10283839869000,9534542998000,-6086180000,-6086.180000
9528490136000,MATCHED,2193,9528490136000,2193,10283875951000,9534579080000,-6088944000,-6088.944000
9528523455000,MATCHED,2194,9528523455000,2194,10283912060000,9534615189000,-6091734000,-6091.734000
9528556772000,MATCHED,2195,9528556772000,2195,10283948144000,9534651273000,-6094501000,-6094.501000
9528590089000,MATCHED,2196,9528590089000,2196,10283984263000,9534687392000,-6097303000,-6097.303000
9528623408000,MATCHED,2197,9528623408000,2197,10284020351000,9534723480000,-6100072000,-6100.072000
9528656726000,MATCHED,2198,9528656726000,2198,10284056424000,9534759553000,-6102827000,-6102.827000
9528690046000,MATCHED,2199,9528690046000,2199,10284092530000,9534795659000,-6105613000,-6105.613000
9528723363000,MATCHED,2200,9528723363000,2200,10284128622000,9534831751000,-6108388000,-6108.388000
9528756684000,MATCHED,2201,9528756684000,2201,10284164718000,9534867847000,-6111163000,-6111.163000
9528790004000,MATCHED,2202,9528790004000,2202,10284200807000,9534903936000,-6113932000,-6113.932000
9528823319000,MATCHED,2203,9528823319000,2203,10284236900000,9534940029000,-6116710000,-6116.710000
9528856637000,MATCHED,2204,9528856637000,2204,10284272996000,9534976125000,-6119488000,-6119.488000
9528889957000,MATCHED,2205,9528889957000,2205,10284309091000,9535012220000,-6122263000,-6122.263000
9528923274000,MATCHED,2206,9528923274000,2206,10284345182000,9535048311000,-6125037000,-6125.037000
9528956595000,MATCHED,2207,9528956595000,2207,10284381278000,9535084407000,-6127812000,-6127.812000
9528989911000,MATCHED,2208,9528989911000,2208,10284417380000,9535120509000,-6130598000,-6130.598000
9529023236000,MATCHED,2209,9529023236000,2209,10284453467000,9535156596000,-6133360000,-6133.360000
9529056559000,MATCHED,2210,9529056559000,2210,10284489561000,9535192690000,-6136131000,-6136.131000
9529089872000,MATCHED,2211,9529089872000,2211,10284525656000,9535228785000,-6138913000,-6138.913000
9529123197000,MATCHED,2212,9529123197000,2212,10284561753000,9535264882000,-6141685000,-6141.685000
9529156514000,MATCHED,2213,9529156514000,2213,10284597846000,9535300975000,-6144461000,-6144.461000
9529189829000,MATCHED,2214,9529189829000,2214,10284633941000,9535337070000,-6147241000,-6147.241000
9529223146000,MATCHED,2215,9529223146000,2215,10284670036000,9535373165000,-6150019000,-6150.019000
9529256467000,MATCHED,2216,9529256467000,2216,10284706131000,9535409260000,-6152793000,-6152.793000
9529289781000,MATCHED,2217,9529289781000,2217,10284742226000,9535445355000,-6155574000,-6155.574000
9529323096000,MATCHED,2218,9529323096000,2218,10284778321000,9535481450000,-6158354000,-6158.354000
9529356420000,MATCHED,2219,9529356420000,2219,10284814423000,9535517552000,-6161132000,-6161.132000
9529389737000,MATCHED,2220,9529389737000,2220,10284850522000,9535553651000,-6163914000,-6163.914000
9529423052000,MATCHED,2221,9529423052000,2221,10284886611000,9535589740000,-6166688000,-6166.688000
9529456377000,MATCHED,2222,9529456377000,2222,10284922706000,9535625835000,-6169458000,-6169.458000
9529489694000,MATCHED,2223,9529489694000,2223,10284958801000,9535661930000,-6172236000,-6172.236000
9529523013000,MATCHED,2224,9529523013000,2224,10284994902000,9535698031000,-6175018000,-6175.018000
9529556334000,MATCHED,2225,9529556334000,2225,10285030988000,9535734117000,-6177783000,-6177.783000
9529589664000,MATCHED,2226,9529589664000,2226,10285067081000,9535770210000,-6180546000,-6180.546000
9529622965000,MATCHED,2227,9529622965000,2227,10285103175000,9535806304000,-6183339000,-6183.339000
9529656285000,MATCHED,2228,9529656285000,2228,10285139270000,9535842399000,-6186114000,-6186.114000
9529689601000,MATCHED,2229,9529689601000,2229,10285175365000,9535878494000,-6188893000,-6188.893000
9529722919000,MATCHED,2230,9529722919000,2230,10285211460000,9535914589000,-6191670000,-6191.670000
9529756238000,MATCHED,2231,9529756238000,2231,10285247556000,9535950685000,-6194447000,-6194.447000
9529789556000,MATCHED,2232,9529789556000,2232,10285283660000,9535986789000,-6197233000,-6197.233000
9529822881000,MATCHED,2233,9529822881000,2233,10285319754000,9536022883000,-6200002000,-6200.002000
9529856193000,MATCHED,2234,9529856193000,2234,10285355847000,9536058976000,-6202783000,-6202.783000
9529889512000,MATCHED,2235,9529889512000,2235,10285391939000,9536095068000,-6205556000,-6205.556000
9529922829000,MATCHED,2236,9529922829000,2236,10285428033000,9536131162000,-6208333000,-6208.333000
9529956149000,MATCHED,2237,9529956149000,2237,10285464127000,9536167256000,-6211107000,-6211.107000
9529989468000,MATCHED,2238,9529989468000,2238,10285500222000,9536203351000,-6213883000,-6213.883000
9530022788000,MATCHED,2239,9530022788000,2239,10285536316000,9536239445000,-6216657000,-6216.657000
9530056106000,MATCHED,2240,9530056106000,2240,10285572411000,9536275540000,-6219434000,-6219.434000
9530089424000,MATCHED,2241,9530089424000,2241,10285608506000,9536311635000,-6222211000,-6222.211000
9530122744000,MATCHED,2242,9530122744000,2242,10285644605000,9536347734000,-6224990000,-6224.990000
9530156061000,MATCHED,2243,9530156061000,2243,10285680695000,9536383824000,-6227763000,-6227.763000
9530189380000,MATCHED,2244,9530189380000,2244,10285716791000,9536419920000,-6230540000,-6230.540000
9530222699000,MATCHED,2245,9530222699000,2245,10285752886000,9536456015000,-6233316000,-6233.316000
9530256017000,MATCHED,2246,9530256017000,2246,10285788981000,9536492110000,-6236093000,-6236.093000
9530289335000,MATCHED,2247,9530289335000,2247,10285825076000,9536528205000,-6238870000,-6238.870000
9530322654000,MATCHED,2248,9530322654000,2248,10285861171000,9536564300000,-6241646000,-6241.646000
9530355975000,MATCHED,2249,9530355975000,2249,10285897276000,9536600405000,-6244430000,-6244.430000
9530389292000,MATCHED,2250,9530389292000,2250,10285933367000,9536636496000,-6247204000,-6247.204000
9530422611000,MATCHED,2251,9530422611000,2251,10285969460000,9536672589000,-6249978000,-6249.978000
9530455928000,MATCHED,2252,9530455928000,2252,10286005553000,9536708682000,-6252754000,-6252.754000
9530489246000,MATCHED,2253,9530489246000,2253,10286041651000,9536744780000,-6255534000,-6255.534000
9530522565000,MATCHED,2254,9530522565000,2254,10286077751000,9536780880000,-6258315000,-6258.315000
9530555884000,MATCHED,2255,9530555884000,2255,10286113843000,9536816972000,-6261088000,-6261.088000
9530589201000,MATCHED,2256,9530589201000,2256,10286149941000,9536853070000,-6263869000,-6263.869000
9530622521000,MATCHED,2257,9530622521000,2257,10286186039000,9536889168000,-6266647000,-6266.647000
9530655839000,MATCHED,2258,9530655839000,2258,10286222124000,9536925253000,-6269414000,-6269.414000
9530689157000,MATCHED,2259,9530689157000,2259,10286258227000,9536961356000,-6272199000,-6272.199000
9530722476000,MATCHED,2260,9530722476000,2260,10286294316000,9536997445000,-6274969000,-6274.969000
9530755795000,MATCHED,2261,9530755795000,2261,10286330410000,9537033539000,-6277744000,-6277.744000
9530789112000,MATCHED,2262,9530789112000,2262,10286366503000,9537069632000,-6280520000,-6280.520000
9530822432000,MATCHED,2263,9530822432000,2263,10286402601000,9537105730000,-6283298000,-6283.298000
9530855749000,MATCHED,2264,9530855749000,2264,10286438701000,9537141830000,-6286081000,-6286.081000
9530889068000,MATCHED,2265,9530889068000,2265,10286474790000,9537177919000,-6288851000,-6288.851000
9530922388000,MATCHED,2266,9530922388000,2266,10286510891000,9537214020000,-6291632000,-6291.632000
9530955705000,MATCHED,2267,9530955705000,2267,10286546991000,9537250120000,-6294415000,-6294.415000
9530989024000,MATCHED,2268,9530989024000,2268,10286583075000,9537286204000,-6297180000,-6297.180000
9531022343000,MATCHED,2269,9531022343000,2269,10286619176000,9537322305000,-6299962000,-6299.962000
9531055661000,MATCHED,2270,9531055661000,2270,10286655265000,9537358394000,-6302733000,-6302.733000
9531088981000,MATCHED,2271,9531088981000,2271,10286691359000,9537394488000,-6305507000,-6305.507000
9531122297000,MATCHED,2272,9531122297000,2272,10286727454000,9537430583000,-6308286000,-6308.286000
9531155616000,MATCHED,2273,9531155616000,2273,10286763549000,9537466678000,-6311062000,-6311.062000
9531188939000,MATCHED,2274,9531188939000,2274,10286799645000,9537502774000,-6313835000,-6313.835000
9531222254000,MATCHED,2275,9531222254000,2275,10286835751000,9537538880000,-6316626000,-6316.626000
9531255572000,MATCHED,2276,9531255572000,2276,10286871836000,9537574965000,-6319393000,-6319.393000
9531288891000,MATCHED,2277,9531288891000,2277,10286907939000,9537611068000,-6322177000,-6322.177000
9531322211000,MATCHED,2278,9531322211000,2278,10286944044000,9537647173000,-6324962000,-6324.962000
9531355528000,MATCHED,2279,9531355528000,2279,10286980149000,9537683278000,-6327750000,-6327.750000
9531388845000,MATCHED,2280,9531388845000,2280,10287016232000,9537719361000,-6330516000,-6330.516000
9531422165000,MATCHED,2281,9531422165000,2281,10287052323000,9537755452000,-6333287000,-6333.287000
9531455480000,MATCHED,2282,9531455480000,2282,10287088414000,9537791543000,-6336063000,-6336.063000
9531488801000,MATCHED,2283,9531488801000,2283,10287124507000,9537827636000,-6338835000,-6338.835000
9531522120000,MATCHED,2284,9531522120000,2284,10287160595000,9537863724000,-6341604000,-6341.604000
9531555439000,MATCHED,2285,9531555439000,2285,10287196698000,9537899827000,-6344388000,-6344.388000
9531588757000,MATCHED,2286,9531588757000,2286,10287232785000,9537935914000,-6347157000,-6347.157000
9531622075000,MATCHED,2287,9531622075000,2287,10287268879000,9537972008000,-6349933000,-6349.933000
9531655394000,MATCHED,2288,9531655394000,2288,10287304977000,9538008106000,-6352712000,-6352.712000
9531688712000,MATCHED,2289,9531688712000,2289,10287341070000,9538044199000,-6355487000,-6355.487000
9531722030000,MATCHED,2290,9531722030000,2290,10287377164000,9538080293000,-6358263000,-6358.263000
9531755349000,MATCHED,2291,9531755349000,2291,10287413259000,9538116388000,-6361039000,-6361.039000
9531788667000,MATCHED,2292,9531788667000,2292,10287449355000,9538152484000,-6363817000,-6363.817000
9531821986000,MATCHED,2293,9531821986000,2293,10287485450000,9538188579000,-6366593000,-6366.593000
9531855303000,MATCHED,2294,9531855303000,2294,10287521544000,9538224673000,-6369370000,-6369.370000
9531888623000,MATCHED,2295,9531888623000,2295,10287557639000,9538260768000,-6372145000,-6372.145000
9531921940000,MATCHED,2296,9531921940000,2296,10287593735000,9538296864000,-6374924000,-6374.924000
9531955260000,MATCHED,2297,9531955260000,2297,10287629830000,9538332959000,-6377699000,-6377.699000
9531988578000,MATCHED,2298,9531988578000,2298,10287665926000,9538369055000,-6380477000,-6380.477000
9532021896000,MATCHED,2299,9532021896000,2299,10287702021000,9538405150000,-6383254000,-6383.254000
9532055215000,MATCHED,2300,9532055215000,2300,10287738116000,9538441245000,-6386030000,-6386.030000
9532088535000,MATCHED,2301,9532088535000,2301,10287774210000,9538477339000,-6388804000,-6388.804000
9532121852000,MATCHED,2302,9532121852000,2302,10287810305000,9538513434000,-6391582000,-6391.582000
9532155173000,MATCHED,2303,9532155173000,2303,10287846399000,9538549528000,-6394355000,-6394.355000
9532188490000,MATCHED,2304,9532188490000,2304,10287882495000,9538585624000,-6397134000,-6397.134000
9532221807000,MATCHED,2305,9532221807000,2305,10287918590000,9538621719000,-6399912000,-6399.912000
9532255125000,MATCHED,2306,9532255125000,2306,10287954684000,9538657813000,-6402688000,-6402.688000
9532288444000,MATCHED,2307,9532288444000,2307,10287990779000,9538693908000,-6405464000,-6405.464000
9532321765000,MATCHED,2308,9532321765000,2308,10288026875000,9538730004000,-6408239000,-6408.239000
9532355083000,MATCHED,2309,9532355083000,2309,10288062970000,9538766099000,-6411016000,-6411.016000
9532388400000,MATCHED,2310,9532388400000,2310,10288099064000,9538802193000,-6413793000,-6413.793000
9532421720000,MATCHED,2311,9532421720000,2311,10288135160000,9538838289000,-6416569000,-6416.569000
9532455038000,MATCHED,2312,9532455038000,2312,10288171255000,9538874384000,-6419346000,-6419.346000
9532488356000,MATCHED,2313,9532488356000,2313,10288207351000,9538910480000,-6422124000,-6422.124000
9532521673000,MATCHED,2314,9532521673000,2314,10288243446000,9538946575000,-6424902000,-6424.902000
9532554993000,MATCHED,2315,9532554993000,2315,10288279542000,9538982671000,-6427678000,-6427.678000
9532588310000,MATCHED,2316,9532588310000,2316,10288315637000,9539018766000,-6430456000,-6430.456000
9532621630000,MATCHED,2317,9532621630000,2317,10288351733000,9539054862000,-6433232000,-6433.232000
9532654947000,MATCHED,2318,9532654947000,2318,10288387829000,9539090958000,-6436011000,-6436.011000
9532688266000,MATCHED,2319,9532688266000,2319,10288423921000,9539127050000,-6438784000,-6438.784000
9532721586000,MATCHED,2320,9532721586000,2320,10288460017000,9539163146000,-6441560000,-6441.560000
9532754903000,MATCHED,2321,9532754903000,2321,10288496113000,9539199242000,-6444339000,-6444.339000
9532788222000,MATCHED,2322,9532788222000,2322,10288532207000,9539235336000,-6447114000,-6447.114000
9532821540000,MATCHED,2323,9532821540000,2323,10288568303000,9539271432000,-6449892000,-6449.892000
9532854859000,MATCHED,2324,9532854859000,2324,10288604398000,9539307527000,-6452668000,-6452.668000
9532888177000,MATCHED,2325,9532888177000,2325,10288640493000,9539343622000,-6455445000,-6455.445000
9532921496000,MATCHED,2326,9532921496000,2326,10288676586000,9539379715000,-6458219000,-6458.219000
9532954814000,MATCHED,2327,9532954814000,2327,10288712681000,9539415810000,-6460996000,-6460.996000
9532988133000,MATCHED,2328,9532988133000,2328,10288748776000,9539451905000,-6463772000,-6463.772000
9533021452000,MATCHED,2329,9533021452000,2329,10288784870000,9539487999000,-6466547000,-6466.547000
9533054770000,MATCHED,2330,9533054770000,2330,10288820965000,9539524094000,-6469324000,-6469.324000
9533088087000,MATCHED,2331,9533088087000,2331,10288857060000,9539560189000,-6472102000,-6472.102000
9533121406000,MATCHED,2332,9533121406000,2332,10288893155000,9539596284000,-6474878000,-6474.878000
9533154725000,MATCHED,2333,9533154725000,2333,10288929251000,9539632380000,-6477655000,-6477.655000
9533188044000,MATCHED,2334,9533188044000,2334,10288965345000,9539668474000,-6480430000,-6480.430000
9533221362000,MATCHED,2335,9533221362000,2335,10289001440000,9539704569000,-6483207000,-6483.207000
9533254683000,MATCHED,2336,9533254683000,2336,10289037535000,9539740664000,-6485981000,-6485.981000
9533288000000,MATCHED,2337,9533288000000,2337,10289073630000,9539776759000,-6488759000,-6488.759000
9533321317000,MATCHED,2338,9533321317000,2338,10289109725000,9539812854000,-6491537000,-6491.537000
9533354636000,MATCHED,2339,9533354636000,2339,10289145820000,9539848949000,-6494313000,-6494.313000
9533387956000,MATCHED,2340,9533387956000,2340,10289181916000,9539885045000,-6497089000,-6497.089000
9533421273000,MATCHED,2341,9533421273000,2341,10289218015000,9539921144000,-6499871000,-6499.871000
9533454603000,MATCHED,2342,9533454603000,2342,10289254106000,9539957235000,-6502632000,-6502.632000
9533487909000,MATCHED,2343,9533487909000,2343,10289290201000,9539993330000,-6505421000,-6505.421000
9533521227000,MATCHED,2344,9533521227000,2344,10289326295000,9540029424000,-6508197000,-6508.197000
9533554546000,MATCHED,2345,9533554546000,2345,10289362391000,9540065520000,-6510974000,-6510.974000
9533587863000,MATCHED,2346,9533587863000,2346,10289398486000,9540101615000,-6513752000,-6513.752000
9533621182000,MATCHED,2347,9533621182000,2347,10289434582000,9540137711000,-6516529000,-6516.529000
9533654499000,MATCHED,2348,9533654499000,2348,10289470675000,9540173804000,-6519305000,-6519.305000
9533687818000,MATCHED,2349,9533687818000,2349,10289506771000,9540209900000,-6522082000,-6522.082000
9533721136000,MATCHED,2350,9533721136000,2350,10289542866000,9540245995000,-6524859000,-6524.859000
9533754456000,MATCHED,2351,9533754456000,2351,10289578961000,9540282090000,-6527634000,-6527.634000
9533787774000,MATCHED,2352,9533787774000,2352,10289615055000,9540318184000,-6530410000,-6530.410000
9533821091000,MATCHED,2353,9533821091000,2353,10289651151000,9540354280000,-6533189000,-6533.189000
9533854411000,MATCHED,2354,9533854411000,2354,10289687245000,9540390374000,-6535963000,-6535.963000
9533887729000,MATCHED,2355,9533887729000,2355,10289723341000,9540426470000,-6538741000,-6538.741000
9533921048000,MATCHED,2356,9533921048000,2356,10289759437000,9540462566000,-6541518000,-6541.518000
9533954367000,MATCHED,2357,9533954367000,2357,10289795531000,9540498660000,-6544293000,-6544.293000
9533987690000,MATCHED,2358,9533987690000,2358,10289831626000,9540534755000,-6547065000,-6547.065000
9534021003000,MATCHED,2359,9534021003000,2359,10289867720000,9540570849000,-6549846000,-6549.846000
9534054322000,MATCHED,2360,9534054322000,2360,10289903816000,9540606945000,-6552623000,-6552.623000
9534087641000,MATCHED,2361,9534087641000,2361,10289939911000,9540643040000,-6555399000,-6555.399000
9534120959000,MATCHED,2362,9534120959000,2362,10289976005000,9540679134000,-6558175000,-6558.175000
9534154277000,MATCHED,2363,9534154277000,2363,10290012102000,9540715231000,-6560954000,-6560.954000
9534187595000,MATCHED,2364,9534187595000,2364,10290048195000,9540751324000,-6563729000,-6563.729000
9534220914000,MATCHED,2365,9534220914000,2365,10290084291000,9540787420000,-6566506000,-6566.506000
9534254233000,MATCHED,2366,9534254233000,2366,10290120387000,9540823516000,-6569283000,-6569.283000
9534287552000,MATCHED,2367,9534287552000,2367,10290156481000,9540859610000,-6572058000,-6572.058000
9534320870000,MATCHED,2368,9534320870000,2368,10290192576000,9540895705000,-6574835000,-6574.835000
9534354188000,MATCHED,2369,9534354188000,2369,10290228672000,9540931801000,-6577613000,-6577.613000
9534387507000,MATCHED,2370,9534387507000,2370,10290264766000,9540967895000,-6580388000,-6580.388000
9534420825000,MATCHED,2371,9534420825000,2371,10290300861000,9541003990000,-6583165000,-6583.165000
9534454143000,MATCHED,2372,9534454143000,2372,10290336955000,9541040084000,-6585941000,-6585.941000
9534487464000,MATCHED,2373,9534487464000,2373,10290373051000,9541076180000,-6588716000,-6588.716000
9534520781000,MATCHED,2374,9534520781000,2374,10290409147000,9541112276000,-6591495000,-6591.495000
9534554099000,MATCHED,2375,9534554099000,2375,10290445240000,9541148369000,-6594270000,-6594.270000
9534587418000,MATCHED,2376,9534587418000,2376,10290481336000,9541184465000,-6597047000,-6597.047000
9534620735000,MATCHED,2377,9534620735000,2377,10290517432000,9541220561000,-6599826000,-6599.826000
9534654054000,MATCHED,2378,9534654054000,2378,10290553526000,9541256655000,-6602601000,-6602.601000
9534687373000,MATCHED,2379,9534687373000,2379,10290589623000,9541292752000,-6605379000,-6605.379000
9534720691000,MATCHED,2380,9534720691000,2380,10290625717000,9541328846000,-6608155000,-6608.155000
9534754009000,MATCHED,2381,9534754009000,2381,10290661812000,9541364941000,-6610932000,-6610.932000
9534787329000,MATCHED,2382,9534787329000,2382,10290697908000,9541401037000,-6613708000,-6613.708000
9534820646000,MATCHED,2383,9534820646000,2383,10290734001000,9541437130000,-6616484000,-6616.484000
9534853965000,MATCHED,2384,9534853965000,2384,10290770098000,9541473227000,-6619262000,-6619.262000
9534887284000,MATCHED,2385,9534887284000,2385,10290806191000,9541509320000,-6622036000,-6622.036000
9534920602000,MATCHED,2386,9534920602000,2386,10290842286000,9541545415000,-6624813000,-6624.813000
9534953921000,MATCHED,2387,9534953921000,2387,10290878381000,9541581510000,-6627589000,-6627.589000
9534987239000,MATCHED,2388,9534987239000,2388,10290914477000,9541617606000,-6630367000,-6630.367000
9535020560000,MATCHED,2389,9535020560000,2389,10290950572000,9541653701000,-6633141000,-6633.141000
9535053877000,MATCHED,2390,9535053877000,2390,10290986667000,9541689796000,-6635919000,-6635.919000
9535087200000,MATCHED,2391,9535087200000,2391,10291022762000,9541725891000,-6638691000,-6638.691000
9535120516000,MATCHED,2392,9535120516000,2392,10291058857000,9541761986000,-6641470000,-6641.470000
9535153832000,MATCHED,2393,9535153832000,2393,10291094951000,9541798080000,-6644248000,-6644.248000
9535187150000,MATCHED,2394,9535187150000,2394,10291131046000,9541834175000,-6647025000,-6647.025000
9535220475000,MATCHED,2395,9535220475000,2395,10291167141000,9541870270000,-6649795000,-6649.795000
9535253795000,MATCHED,2396,9535253795000,2396,10291203236000,9541906365000,-6652570000,-6652.570000
9535287121000,MATCHED,2397,9535287121000,2397,10291239331000,9541942460000,-6655339000,-6655.339000
9535320442000,MATCHED,2398,9535320442000,2398,10291275429000,9541978558000,-6658116000,-6658.116000
9535353744000,MATCHED,2399,9535353744000,2399,10291311526000,9542014655000,-6660911000,-6660.911000
9535387071000,MATCHED,2400,9535387071000,2400,10291347619000,9542050748000,-6663677000,-6663.677000
9535420383000,MATCHED,2401,9535420383000,2401,10291383722000,9542086851000,-6666468000,-6666.468000
9535453700000,MATCHED,2402,9535453700000,2402,10291419809000,9542122938000,-6669238000,-6669.238000
9535487017000,MATCHED,2403,9535487017000,2403,10291455907000,9542159036000,-6672019000,-6672.019000
9535520344000,MATCHED,2404,9535520344000,2404,10291491996000,9542195125000,-6674781000,-6674.781000
9535553666000,MATCHED,2405,9535553666000,2405,10291528094000,9542231223000,-6677557000,-6677.557000
9535586980000,MATCHED,2406,9535586980000,2406,10291564187000,9542267316000,-6680336000,-6680.336000
9535620303000,MATCHED,2407,9535620303000,2407,10291600283000,9542303412000,-6683109000,-6683.109000
9535653619000,MATCHED,2408,9535653619000,2408,10291636377000,9542339506000,-6685887000,-6685.887000
9535686941000,MATCHED,2409,9535686941000,2409,10291672471000,9542375600000,-6688659000,-6688.659000
9535720252000,MATCHED,2410,9535720252000,2410,10291708567000,9542411696000,-6691444000,-6691.444000
9535753566000,MATCHED,2411,9535753566000,2411,10291744663000,9542447792000,-6694226000,-6694.226000
9535786884000,MATCHED,2412,9535786884000,2412,10291780759000,9542483888000,-6697004000,-6697.004000
9535820202000,MATCHED,2413,9535820202000,2413,10291816853000,9542519982000,-6699780000,-6699.780000
9535853520000,MATCHED,2414,9535853520000,2414,10291852947000,9542556076000,-6702556000,-6702.556000
9535886839000,MATCHED,2415,9535886839000,2415,10291889043000,9542592172000,-6705333000,-6705.333000
9535920157000,MATCHED,2416,9535920157000,2416,10291925138000,9542628267000,-6708110000,-6708.110000
9535953474000,MATCHED,2417,9535953474000,2417,10291961234000,9542664363000,-6710889000,-6710.889000
9535986792000,MATCHED,2418,9535986792000,2418,10291997326000,9542700455000,-6713663000,-6713.663000
9536020112000,MATCHED,2419,9536020112000,2419,10292033421000,9542736550000,-6716438000,-6716.438000
9536053434000,MATCHED,2420,9536053434000,2420,10292069517000,9542772646000,-6719212000,-6719.212000
9536086749000,MATCHED,2421,9536086749000,2421,10292105613000,9542808742000,-6721993000,-6721.993000
9536120069000,MATCHED,2422,9536120069000,2422,10292141707000,9542844836000,-6724767000,-6724.767000
9536153387000,MATCHED,2423,9536153387000,2423,10292177804000,9542880933000,-6727546000,-6727.546000
9536186704000,MATCHED,2424,9536186704000,2424,10292213897000,9542917026000,-6730322000,-6730.322000
9536220022000,MATCHED,2425,9536220022000,2425,10292249992000,9542953121000,-6733099000,-6733.099000
9536253341000,MATCHED,2426,9536253341000,2426,10292286087000,9542989216000,-6735875000,-6735.875000
9536286659000,MATCHED,2427,9536286659000,2427,10292322182000,9543025311000,-6738652000,-6738.652000
9536319978000,MATCHED,2428,9536319978000,2428,10292358277000,9543061406000,-6741428000,-6741.428000
9536353298000,MATCHED,2429,9536353298000,2429,10292394372000,9543097501000,-6744203000,-6744.203000
9536386615000,MATCHED,2430,9536386615000,2430,10292430467000,9543133596000,-6746981000,-6746.981000
9536419933000,MATCHED,2431,9536419933000,2431,10292466563000,9543169692000,-6749759000,-6749.759000
9536453252000,MATCHED,2432,9536453252000,2432,10292502657000,9543205786000,-6752534000,-6752.534000
9536486571000,MATCHED,2433,9536486571000,2433,10292538751000,9543241880000,-6755309000,-6755.309000
9536519888000,MATCHED,2434,9536519888000,2434,10292574846000,9543277975000,-6758087000,-6758.087000
9536553210000,MATCHED,2435,9536553210000,2435,10292610940000,9543314069000,-6760859000,-6760.859000
9536586526000,MATCHED,2436,9536586526000,2436,10292647039000,9543350168000,-6763642000,-6763.642000
9536619845000,MATCHED,2437,9536619845000,2437,10292683134000,9543386263000,-6766418000,-6766.418000
9536653162000,MATCHED,2438,9536653162000,2438,10292719232000,9543422361000,-6769199000,-6769.199000
9536686484000,MATCHED,2439,9536686484000,2439,10292755322000,9543458451000,-6771967000,-6771.967000
9536719799000,MATCHED,2440,9536719799000,2440,10292791418000,9543494547000,-6774748000,-6774.748000
9536753117000,MATCHED,2441,9536753117000,2441,10292827513000,9543530642000,-6777525000,-6777.525000
9536786436000,MATCHED,2442,9536786436000,2442,10292863608000,9543566737000,-6780301000,-6780.301000
9536819755000,MATCHED,2443,9536819755000,2443,10292899702000,9543602831000,-6783076000,-6783.076000
9536853073000,MATCHED,2444,9536853073000,2444,10292935797000,9543638926000,-6785853000,-6785.853000
9536886391000,MATCHED,2445,9536886391000,2445,10292971893000,9543675022000,-6788631000,-6788.631000
9536919712000,MATCHED,2446,9536919712000,2446,10293007988000,9543711117000,-6791405000,-6791.405000
9536953029000,MATCHED,2447,9536953029000,2447,10293044085000,9543747214000,-6794185000,-6794.185000
9536986347000,MATCHED,2448,9536986347000,2448,10293080179000,9543783308000,-6796961000,-6796.961000
9537019665000,MATCHED,2449,9537019665000,2449,10293116274000,9543819403000,-6799738000,-6799.738000
9537052990000,MATCHED,2450,9537052990000,2450,10293152368000,9543855497000,-6802507000,-6802.507000
9537086303000,MATCHED,2451,9537086303000,2451,10293188463000,9543891592000,-6805289000,-6805.289000
9537119623000,MATCHED,2452,9537119623000,2452,10293224559000,9543927688000,-6808065000,-6808.065000
9537152939000,MATCHED,2453,9537152939000,2453,10293260662000,9543963791000,-6810852000,-6810.852000
9537186258000,MATCHED,2454,9537186258000,2454,10293296751000,9543999880000,-6813622000,-6813.622000
9537219577000,MATCHED,2455,9537219577000,2455,10293332845000,9544035974000,-6816397000,-6816.397000
9537252895000,MATCHED,2456,9537252895000,2456,10293368941000,9544072070000,-6819175000,-6819.175000
9537286214000,MATCHED,2457,9537286214000,2457,10293405041000,9544108170000,-6821956000,-6821.956000
9537319532000,MATCHED,2458,9537319532000,2458,10293441130000,9544144259000,-6824727000,-6824.727000
9537352850000,MATCHED,2459,9537352850000,2459,10293477223000,9544180352000,-6827502000,-6827.502000
9537386169000,MATCHED,2460,9537386169000,2460,10293513318000,9544216447000,-6830278000,-6830.278000
9537419487000,MATCHED,2461,9537419487000,2461,10293549414000,9544252543000,-6833056000,-6833.056000
9537452806000,MATCHED,2462,9537452806000,2462,10293585509000,9544288638000,-6835832000,-6835.832000
9537486134000,MATCHED,2463,9537486134000,2463,10293621603000,9544324732000,-6838598000,-6838.598000
9537519448000,MATCHED,2464,9537519448000,2464,10293657698000,9544360827000,-6841379000,-6841.379000
9537552782000,MATCHED,2465,9537552782000,2465,10293693793000,9544396922000,-6844140000,-6844.140000
9537586085000,MATCHED,2466,9537586085000,2466,10293729889000,9544433018000,-6846933000,-6846.933000
9537619405000,MATCHED,2467,9537619405000,2467,10293765985000,9544469114000,-6849709000,-6849.709000
9537652719000,MATCHED,2468,9537652719000,2468,10293802086000,9544505215000,-6852496000,-6852.496000
9537686038000,MATCHED,2469,9537686038000,2469,10293838173000,9544541302000,-6855264000,-6855.264000
9537719355000,MATCHED,2470,9537719355000,2470,10293874269000,9544577398000,-6858043000,-6858.043000
9537752673000,MATCHED,2471,9537752673000,2471,10293910365000,9544613494000,-6860821000,-6860.821000
9537785992000,MATCHED,2472,9537785992000,2472,10293946466000,9544649595000,-6863603000,-6863.603000
9537819310000,MATCHED,2473,9537819310000,2473,10293982560000,9544685689000,-6866379000,-6866.379000
9537852629000,MATCHED,2474,9537852629000,2474,10294018659000,9544721788000,-6869159000,-6869.159000
9537885948000,MATCHED,2475,9537885948000,2475,10294054744000,9544757873000,-6871925000,-6871.925000
9537919266000,MATCHED,2476,9537919266000,2476,10294090838000,9544793967000,-6874701000,-6874.701000
9537952584000,MATCHED,2477,9537952584000,2477,10294126936000,9544830065000,-6877481000,-6877.481000
9537985904000,MATCHED,2478,9537985904000,2478,10294163029000,9544866158000,-6880254000,-6880.254000
9538019222000,MATCHED,2479,9538019222000,2479,10294199126000,9544902255000,-6883033000,-6883.033000
9538052546000,MATCHED,2480,9538052546000,2480,10294235248000,9544938377000,-6885831000,-6885.831000
9538085859000,MATCHED,2481,9538085859000,2481,10294271319000,9544974448000,-6888589000,-6888.589000
9538119178000,MATCHED,2482,9538119178000,2482,10294307417000,9545010546000,-6891368000,-6891.368000
9538152496000,MATCHED,2483,9538152496000,2483,10294343506000,9545046635000,-6894139000,-6894.139000
9538185814000,MATCHED,2484,9538185814000,2484,10294379606000,9545082735000,-6896921000,-6896.921000
9538219131000,MATCHED,2485,9538219131000,2485,10294415697000,9545118826000,-6899695000,-6899.695000
9538252450000,MATCHED,2486,9538252450000,2486,10294451790000,9545154919000,-6902469000,-6902.469000
9538285769000,MATCHED,2487,9538285769000,2487,10294487890000,9545191019000,-6905250000,-6905.250000
9538319088000,MATCHED,2488,9538319088000,2488,10294523993000,9545227122000,-6908034000,-6908.034000
9538352406000,MATCHED,2489,9538352406000,2489,10294560088000,9545263217000,-6910811000,-6910.811000
9538385725000,MATCHED,2490,9538385725000,2490,10294596170000,9545299299000,-6913574000,-6913.574000
9538419045000,MATCHED,2491,9538419045000,2491,10294632271000,9545335400000,-6916355000,-6916.355000
9538452364000,MATCHED,2492,9538452364000,2492,10294668359000,9545371488000,-6919124000,-6919.124000
9538485684000,MATCHED,2493,9538485684000,2493,10294704455000,9545407584000,-6921900000,-6921.900000
9538519000000,MATCHED,2494,9538519000000,2494,10294740549000,9545443678000,-6924678000,-6924.678000
9538552320000,MATCHED,2495,9538552320000,2495,10294776642000,9545479771000,-6927451000,-6927.451000
9538585637000,MATCHED,2496,9538585637000,2496,10294812737000,9545515866000,-6930229000,-6930.229000
9538618963000,MATCHED,2497,9538618963000,2497,10294848831000,9545551960000,-6932997000,-6932.997000
9538652275000,MATCHED,2498,9538652275000,2498,10294884926000,9545588055000,-6935780000,-6935.780000
9538685592000,MATCHED,2499,9538685592000,2499,10294921021000,9545624150000,-6938558000,-6938.558000
9538718911000,MATCHED,2500,9538718911000,2500,10294957116000,9545660245000,-6941334000,-6941.334000
9538752230000,MATCHED,2501,9538752230000,2501,10294993213000,9545696342000,-6944112000,-6944.112000
9538785550000,MATCHED,2502,9538785550000,2502,10295029307000,9545732436000,-6946886000,-6946.886000
9538818868000,MATCHED,2503,9538818868000,2503,10295065402000,9545768531000,-6949663000,-6949.663000
9538852186000,MATCHED,2504,9538852186000,2504,10295101497000,9545804626000,-6952440000,-6952.440000
9538885508000,MATCHED,2505,9538885508000,2505,10295137591000,9545840720000,-6955212000,-6955.212000
9538918839000,MATCHED,2506,9538918839000,2506,10295173687000,9545876816000,-6957977000,-6957.977000
9538952142000,MATCHED,2507,9538952142000,2507,10295209782000,9545912911000,-6960769000,-6960.769000
9538985458000,MATCHED,2508,9538985458000,2508,10295245880000,9545949009000,-6963551000,-6963.551000
9539018782000,MATCHED,2509,9539018782000,2509,10295281974000,9545985103000,-6966321000,-6966.321000
9539052098000,MATCHED,2510,9539052098000,2510,10295318067000,9546021196000,-6969098000,-6969.098000
9539085414000,MATCHED,2511,9539085414000,2511,10295354170000,9546057299000,-6971885000,-6971.885000
9539118732000,MATCHED,2512,9539118732000,2512,10295390259000,9546093388000,-6974656000,-6974.656000
9539152052000,MATCHED,2513,9539152052000,2513,10295426358000,9546129487000,-6977435000,-6977.435000
9539185372000,MATCHED,2514,9539185372000,2514,10295462456000,9546165585000,-6980213000,-6980.213000
9539218701000,MATCHED,2515,9539218701000,2515,10295498550000,9546201679000,-6982978000,-6982.978000
9539252047000,MATCHED,2516,9539252047000,2516,10295534640000,9546237769000,-6985722000,-6985.722000
9539285325000,MATCHED,2517,9539285325000,2517,10295570742000,9546273871000,-6988546000,-6988.546000
9539318650000,MATCHED,2518,9539318650000,2518,10295606827000,9546309956000,-6991306000,-6991.306000
9539351963000,MATCHED,2519,9539351963000,2519,10295642923000,9546346052000,-6994089000,-6994.089000
9539385280000,MATCHED,2520,9539385280000,2520,10295679017000,9546382146000,-6996866000,-6996.866000
9539418598000,MATCHED,2521,9539418598000,2521,10295715118000,9546418247000,-6999649000,-6999.649000
9539451917000,MATCHED,2522,9539451917000,2522,10295751210000,9546454339000,-7002422000,-7002.422000
9539485234000,MATCHED,2523,9539485234000,2523,10295787302000,9546490431000,-7005197000,-7005.197000
9539518552000,MATCHED,2524,9539518552000,2524,10295823396000,9546526525000,-7007973000,-7007.973000
9539551871000,MATCHED,2525,9539551871000,2525,10295859491000,9546562620000,-7010749000,-7010.749000
9539585193000,MATCHED,2526,9539585193000,2526,10295895587000,9546598716000,-7013523000,-7013.523000
9539618508000,MATCHED,2527,9539618508000,2527,10295931681000,9546634810000,-7016302000,-7016.302000
9539651825000,MATCHED,2528,9539651825000,2528,10295967776000,9546670905000,-7019080000,-7019.080000
9539685147000,MATCHED,2529,9539685147000,2529,10296003874000,9546707003000,-7021856000,-7021.856000
9539718464000,MATCHED,2530,9539718464000,2530,10296039969000,9546743098000,-7024634000,-7024.634000
9539751782000,MATCHED,2531,9539751782000,2531,10296076069000,9546779198000,-7027416000,-7027.416000
9539785101000,MATCHED,2532,9539785101000,2532,10296112158000,9546815287000,-7030186000,-7030.186000
9539818418000,MATCHED,2533,9539818418000,2533,10296148253000,9546851382000,-7032964000,-7032.964000
9539851737000,MATCHED,2534,9539851737000,2534,10296184347000,9546887476000,-7035739000,-7035.739000
9539885056000,MATCHED,2535,9539885056000,2535,10296220442000,9546923571000,-7038515000,-7038.515000
9539918374000,MATCHED,2536,9539918374000,2536,10296256537000,9546959666000,-7041292000,-7041.292000
9539951693000,MATCHED,2537,9539951693000,2537,10296292633000,9546995762000,-7044069000,-7044.069000
9539985011000,MATCHED,2538,9539985011000,2538,10296328727000,9547031856000,-7046845000,-7046.845000
9540018330000,MATCHED,2539,9540018330000,2539,10296364824000,9547067953000,-7049623000,-7049.623000
9540051648000,MATCHED,2540,9540051648000,2540,10296400925000,9547104054000,-7052406000,-7052.406000
9540084970000,MATCHED,2541,9540084970000,2541,10296437016000,9547140145000,-7055175000,-7055.175000
9540118286000,MATCHED,2542,9540118286000,2542,10296473111000,9547176240000,-7057954000,-7057.954000
9540151604000,MATCHED,2543,9540151604000,2543,10296509207000,9547212336000,-7060732000,-7060.732000
9540184922000,MATCHED,2544,9540184922000,2544,10296545306000,9547248435000,-7063513000,-7063.513000
9540218240000,MATCHED,2545,9540218240000,2545,10296581405000,9547284534000,-7066294000,-7066.294000
9540251559000,MATCHED,2546,9540251559000,2546,10296617496000,9547320625000,-7069066000,-7069.066000
9540284878000,MATCHED,2547,9540284878000,2547,10296653591000,9547356720000,-7071842000,-7071.842000
9540318195000,MATCHED,2548,9540318195000,2548,10296689682000,9547392811000,-7074616000,-7074.616000
9540351515000,MATCHED,2549,9540351515000,2549,10296725773000,9547428902000,-7077387000,-7077.387000
9540384832000,MATCHED,2550,9540384832000,2550,10296761877000,9547465006000,-7080174000,-7080.174000
9540418152000,MATCHED,2551,9540418152000,2551,10296797967000,9547501096000,-7082944000,-7082.944000
9540451470000,MATCHED,2552,9540451470000,2552,10296834059000,9547537188000,-7085718000,-7085.718000
9540484789000,MATCHED,2553,9540484789000,2553,10296870153000,9547573282000,-7088493000,-7088.493000
9540518107000,MATCHED,2554,9540518107000,2554,10296906259000,9547609388000,-7091281000,-7091.281000
9540551427000,MATCHED,2555,9540551427000,2555,10296942348000,9547645477000,-7094050000,-7094.050000
9540584748000,MATCHED,2556,9540584748000,2556,10296978448000,9547681577000,-7096829000,-7096.829000
9540618063000,MATCHED,2557,9540618063000,2557,10297014541000,9547717670000,-7099607000,-7099.607000
9540651381000,MATCHED,2558,9540651381000,2558,10297050636000,9547753765000,-7102384000,-7102.384000
9540684702000,MATCHED,2559,9540684702000,2559,10297086724000,9547789853000,-7105151000,-7105.151000
9540718018000,MATCHED,2560,9540718018000,2560,10297122821000,9547825950000,-7107932000,-7107.932000
9540751336000,MATCHED,2561,9540751336000,2561,10297158916000,9547862045000,-7110709000,-7110.709000
9540784656000,MATCHED,2562,9540784656000,2562,10297195009000,9547898138000,-7113482000,-7113.482000
9540817973000,MATCHED,2563,9540817973000,2563,10297231104000,9547934233000,-7116260000,-7116.260000
9540851294000,MATCHED,2564,9540851294000,2564,10297267199000,9547970328000,-7119034000,-7119.034000
9540884612000,MATCHED,2565,9540884612000,2565,10297303295000,9548006424000,-7121812000,-7121.812000
9540917929000,MATCHED,2566,9540917929000,2566,10297339389000,9548042518000,-7124589000,-7124.589000
9540951248000,MATCHED,2567,9540951248000,2567,10297375484000,9548078613000,-7127365000,-7127.365000
9540984567000,MATCHED,2568,9540984567000,2568,10297411579000,9548114708000,-7130141000,-7130.141000
9541017885000,MATCHED,2569,9541017885000,2569,10297447674000,9548150803000,-7132918000,-7132.918000
9541051203000,MATCHED,2570,9541051203000,2570,10297483770000,9548186899000,-7135696000,-7135.696000
9541084523000,MATCHED,2571,9541084523000,2571,10297519863000,9548222992000,-7138469000,-7138.469000
9541117846000,MATCHED,2572,9541117846000,2572,10297555958000,9548259087000,-7141241000,-7141.241000
9541151159000,MATCHED,2573,9541151159000,2573,10297592054000,9548295183000,-7144024000,-7144.024000
9541184478000,MATCHED,2574,9541184478000,2574,10297628148000,9548331277000,-7146799000,-7146.799000
9541217796000,MATCHED,2575,9541217796000,2575,10297664244000,9548367373000,-7149577000,-7149.577000
9541251113000,MATCHED,2576,9541251113000,2576,10297700338000,9548403467000,-7152354000,-7152.354000
9541284433000,MATCHED,2577,9541284433000,2577,10297736434000,9548439563000,-7155130000,-7155.130000
9541317751000,MATCHED,2578,9541317751000,2578,10297772528000,9548475657000,-7157906000,-7157.906000
9541351070000,MATCHED,2579,9541351070000,2579,10297808622000,9548511751000,-7160681000,-7160.681000
9541384388000,MATCHED,2580,9541384388000,2580,10297844718000,9548547847000,-7163459000,-7163.459000
9541417707000,MATCHED,2581,9541417707000,2581,10297880813000,9548583942000,-7166235000,-7166.235000
9541451026000,MATCHED,2582,9541451026000,2582,10297916911000,9548620040000,-7169014000,-7169.014000
9541484343000,MATCHED,2583,9541484343000,2583,10297953004000,9548656133000,-7171790000,-7171.790000
9541517662000,MATCHED,2584,9541517662000,2584,10297989098000,9548692227000,-7174565000,-7174.565000
9541550981000,MATCHED,2585,9541550981000,2585,10298025194000,9548728323000,-7177342000,-7177.342000
9541584300000,MATCHED,2586,9541584300000,2586,10298061288000,9548764417000,-7180117000,-7180.117000
9541617620000,MATCHED,2587,9541617620000,2587,10298097382000,9548800511000,-7182891000,-7182.891000
9541650942000,MATCHED,2588,9541650942000,2588,10298133478000,9548836607000,-7185665000,-7185.665000
9541684259000,MATCHED,2589,9541684259000,2589,10298169573000,9548872702000,-7188443000,-7188.443000
9541717578000,MATCHED,2590,9541717578000,2590,10298205668000,9548908797000,-7191219000,-7191.219000
9541750907000,MATCHED,2591,9541750907000,2591,10298241763000,9548944892000,-7193985000,-7193.985000
9541784213000,MATCHED,2592,9541784213000,2592,10298277858000,9548980987000,-7196774000,-7196.774000
9541817529000,MATCHED,2593,9541817529000,2593,10298313953000,9549017082000,-7199553000,-7199.553000
9541850846000,MATCHED,2594,9541850846000,2594,10298350048000,9549053177000,-7202331000,-7202.331000
9541884165000,MATCHED,2595,9541884165000,2595,10298386143000,9549089272000,-7205107000,-7205.107000
9541917485000,MATCHED,2596,9541917485000,2596,10298422238000,9549125367000,-7207882000,-7207.882000
9541950803000,MATCHED,2597,9541950803000,2597,10298458335000,9549161464000,-7210661000,-7210.661000
9541984122000,MATCHED,2598,9541984122000,2598,10298494429000,9549197558000,-7213436000,-7213.436000
9542017439000,MATCHED,2599,9542017439000,2599,10298530524000,9549233653000,-7216214000,-7216.214000
9542050757000,MATCHED,2600,9542050757000,2600,10298566619000,9549269748000,-7218991000,-7218.991000
9542084077000,MATCHED,2601,9542084077000,2601,10298602714000,9549305843000,-7221766000,-7221.766000
9542117398000,MATCHED,2602,9542117398000,2602,10298638808000,9549341937000,-7224539000,-7224.539000
9542150712000,MATCHED,2603,9542150712000,2603,10298674903000,9549378032000,-7227320000,-7227.320000
9542184033000,MATCHED,2604,9542184033000,2604,10298710998000,9549414127000,-7230094000,-7230.094000
9542217349000,MATCHED,2605,9542217349000,2605,10298747093000,9549450222000,-7232873000,-7232.873000
9542250669000,MATCHED,2606,9542250669000,2606,10298783189000,9549486318000,-7235649000,-7235.649000
9542283986000,MATCHED,2607,9542283986000,2607,10298819284000,9549522413000,-7238427000,-7238.427000
9542317305000,MATCHED,2608,9542317305000,2608,10298855378000,9549558507000,-7241202000,-7241.202000
9542350625000,MATCHED,2609,9542350625000,2609,10298891473000,9549594602000,-7243977000,-7243.977000
9542383947000,MATCHED,2610,9542383947000,2610,10298927569000,9549630698000,-7246751000,-7246.751000
9542417261000,MATCHED,2611,9542417261000,2611,10298963663000,9549666792000,-7249531000,-7249.531000
9542450580000,MATCHED,2612,9542450580000,2612,10298999759000,9549702888000,-7252308000,-7252.308000
9542483898000,MATCHED,2613,9542483898000,2613,10299035854000,9549738983000,-7255085000,-7255.085000
9542517217000,MATCHED,2614,9542517217000,2614,10299071949000,9549775078000,-7257861000,-7257.861000
9542550534000,MATCHED,2615,9542550534000,2615,10299108045000,9549811174000,-7260640000,-7260.640000
9542583853000,MATCHED,2616,9542583853000,2616,10299144140000,9549847269000,-7263416000,-7263.416000
9542617173000,MATCHED,2617,9542617173000,2617,10299180237000,9549883366000,-7266193000,-7266.193000
9542650497000,MATCHED,2618,9542650497000,2618,10299216330000,9549919459000,-7268962000,-7268.962000
9542683811000,MATCHED,2619,9542683811000,2619,10299252425000,9549955554000,-7271743000,-7271.743000
9542717128000,MATCHED,2620,9542717128000,2620,10299288520000,9549991649000,-7274521000,-7274.521000
9542750445000,MATCHED,2621,9542750445000,2621,10299324616000,9550027745000,-7277300000,-7277.300000
9542783764000,MATCHED,2622,9542783764000,2622,10299360710000,9550063839000,-7280075000,-7280.075000
9542817082000,MATCHED,2623,9542817082000,2623,10299396805000,9550099934000,-7282852000,-7282.852000
9542850401000,MATCHED,2624,9542850401000,2624,10299432900000,9550136029000,-7285628000,-7285.628000
9542883719000,MATCHED,2625,9542883719000,2625,10299468995000,9550172124000,-7288405000,-7288.405000
9542917039000,MATCHED,2626,9542917039000,2626,10299505090000,9550208219000,-7291180000,-7291.180000
9542950356000,MATCHED,2627,9542950356000,2627,10299541191000,9550244320000,-7293964000,-7293.964000
9542983676000,MATCHED,2628,9542983676000,2628,10299577283000,9550280412000,-7296736000,-7296.736000
9543016994000,MATCHED,2629,9543016994000,2629,10299613381000,9550316510000,-7299516000,-7299.516000
9543050311000,MATCHED,2630,9543050311000,2630,10299649473000,9550352602000,-7302291000,-7302.291000
9543083630000,MATCHED,2631,9543083630000,2631,10299685568000,9550388697000,-7305067000,-7305.067000
9543116951000,MATCHED,2632,9543116951000,2632,10299721664000,9550424793000,-7307842000,-7307.842000
9543150267000,MATCHED,2633,9543150267000,2633,10299757757000,9550460886000,-7310619000,-7310.619000
9543183588000,MATCHED,2634,9543183588000,2634,10299793857000,9550496986000,-7313398000,-7313.398000
9543216904000,MATCHED,2635,9543216904000,2635,10299829946000,9550533075000,-7316171000,-7316.171000
9543250222000,MATCHED,2636,9543250222000,2636,10299866042000,9550569171000,-7318949000,-7318.949000
9543283540000,MATCHED,2637,9543283540000,2637,10299902135000,9550605264000,-7321724000,-7321.724000
9543316859000,MATCHED,2638,9543316859000,2638,10299938231000,9550641360000,-7324501000,-7324.501000
9543350177000,MATCHED,2639,9543350177000,2639,10299974325000,9550677454000,-7327277000,-7327.277000
9543383495000,MATCHED,2640,9543383495000,2640,10300010420000,9550713549000,-7330054000,-7330.054000
9543416815000,MATCHED,2641,9543416815000,2641,10300046516000,9550749645000,-7332830000,-7332.830000
9543450133000,MATCHED,2642,9543450133000,2642,10300082612000,9550785741000,-7335608000,-7335.608000
9543483451000,MATCHED,2643,9543483451000,2643,10300118710000,9550821839000,-7338388000,-7338.388000
9543516775000,MATCHED,2644,9543516775000,2644,10300154803000,9550857932000,-7341157000,-7341.157000
9543550088000,MATCHED,2645,9543550088000,2645,10300190899000,9550894028000,-7343940000,-7343.940000
9543583406000,MATCHED,2646,9543583406000,2646,10300226992000,9550930121000,-7346715000,-7346.715000
9543616728000,MATCHED,2647,9543616728000,2647,10300263085000,9550966214000,-7349486000,-7349.486000
9543650044000,MATCHED,2648,9543650044000,2648,10300299180000,9551002309000,-7352265000,-7352.265000
9543683366000,MATCHED,2649,9543683366000,2649,10300335276000,9551038405000,-7355039000,-7355.039000
9543716683000,MATCHED,2650,9543716683000,2650,10300371371000,9551074500000,-7357817000,-7357.817000
9543750001000,MATCHED,2651,9543750001000,2651,10300407468000,9551110597000,-7360596000,-7360.596000
9543783319000,MATCHED,2652,9543783319000,2652,10300443562000,9551146691000,-7363372000,-7363.372000
9543816636000,MATCHED,2653,9543816636000,2653,10300479659000,9551182788000,-7366152000,-7366.152000
9543849955000,MATCHED,2654,9543849955000,2654,10300515752000,9551218881000,-7368926000,-7368.926000
9543883274000,MATCHED,2655,9543883274000,2655,10300551847000,9551254976000,-7371702000,-7371.702000
9543916593000,MATCHED,2656,9543916593000,2656,10300587941000,9551291070000,-7374477000,-7374.477000
9543949916000,MATCHED,2657,9543949916000,2657,10300624038000,9551327167000,-7377251000,-7377.251000
9543983234000,MATCHED,2658,9543983234000,2658,10300660133000,9551363262000,-7380028000,-7380.028000
9544016551000,MATCHED,2659,9544016551000,2659,10300696228000,9551399357000,-7382806000,-7382.806000
9544049870000,MATCHED,2660,9544049870000,2660,10300732321000,9551435450000,-7385580000,-7385.580000
9544083187000,MATCHED,2661,9544083187000,2661,10300768417000,9551471546000,-7388359000,-7388.359000
9544116508000,MATCHED,2662,9544116508000,2662,10300804513000,9551507642000,-7391134000,-7391.134000
9544149826000,MATCHED,2663,9544149826000,2663,10300840606000,9551543735000,-7393909000,-7393.909000
9544183143000,MATCHED,2664,9544183143000,2664,10300876701000,9551579830000,-7396687000,-7396.687000
9544216462000,MATCHED,2665,9544216462000,2665,10300912796000,9551615925000,-7399463000,-7399.463000
9544249779000,MATCHED,2666,9544249779000,2666,10300948891000,9551652020000,-7402241000,-7402.241000
9544283098000,MATCHED,2667,9544283098000,2667,10300984985000,9551688114000,-7405016000,-7405.016000
9544316416000,MATCHED,2668,9544316416000,2668,10301021084000,9551724213000,-7407797000,-7407.797000
9544349735000,MATCHED,2669,9544349735000,2669,10301057178000,9551760307000,-7410572000,-7410.572000
9544383053000,MATCHED,2670,9544383053000,2670,10301093273000,9551796402000,-7413349000,-7413.349000
9544416372000,MATCHED,2671,9544416372000,2671,10301129368000,9551832497000,-7416125000,-7416.125000
9544449690000,MATCHED,2672,9544449690000,2672,10301165461000,9551868590000,-7418900000,-7418.900000
9544483009000,MATCHED,2673,9544483009000,2673,10301201556000,9551904685000,-7421676000,-7421.676000
9544516329000,MATCHED,2674,9544516329000,2674,10301237651000,9551940780000,-7424451000,-7424.451000
9544549646000,MATCHED,2675,9544549646000,2675,10301273746000,9551976875000,-7427229000,-7427.229000
9544582964000,MATCHED,2676,9544582964000,2676,10301309841000,9552012970000,-7430006000,-7430.006000
9544616282000,MATCHED,2677,9544616282000,2677,10301345936000,9552049065000,-7432783000,-7432.783000
9544649603000,MATCHED,2678,9544649603000,2678,10301382033000,9552085162000,-7435559000,-7435.559000
9544682922000,MATCHED,2679,9544682922000,2679,10301418126000,9552121255000,-7438333000,-7438.333000
9544716239000,MATCHED,2680,9544716239000,2680,10301454221000,9552157350000,-7441111000,-7441.111000
9544749558000,MATCHED,2681,9544749558000,2681,10301490318000,9552193447000,-7443889000,-7443.889000
9544782879000,MATCHED,2682,9544782879000,2682,10301526412000,9552229541000,-7446662000,-7446.662000
9544816193000,MATCHED,2683,9544816193000,2683,10301562506000,9552265635000,-7449442000,-7449.442000
9544849511000,MATCHED,2684,9544849511000,2684,10301598601000,9552301730000,-7452219000,-7452.219000
9544882829000,MATCHED,2685,9544882829000,2685,10301634701000,9552337830000,-7455001000,-7455.001000
9544916149000,MATCHED,2686,9544916149000,2686,10301670809000,9552373938000,-7457789000,-7457.789000
9544949470000,MATCHED,2687,9544949470000,2687,10301706890000,9552410019000,-7460549000,-7460.549000
9544982786000,MATCHED,2688,9544982786000,2688,10301742985000,9552446114000,-7463328000,-7463.328000
9545016104000,MATCHED,2689,9545016104000,2689,10301779080000,9552482209000,-7466105000,-7466.105000
9545049425000,MATCHED,2690,9545049425000,2690,10301815189000,9552518318000,-7468893000,-7468.893000
9545082750000,MATCHED,2691,9545082750000,2691,10301851266000,9552554395000,-7471645000,-7471.645000
9545116060000,MATCHED,2692,9545116060000,2692,10301887363000,9552590492000,-7474432000,-7474.432000
9545149377000,MATCHED,2693,9545149377000,2693,10301923458000,9552626587000,-7477210000,-7477.210000
9545182700000,MATCHED,2694,9545182700000,2694,10301959551000,9552662680000,-7479980000,-7479.980000
9545216041000,MATCHED,2695,9545216041000,2695,10301995646000,9552698775000,-7482734000,-7482.734000
9545249336000,MATCHED,2696,9545249336000,2696,10302031742000,9552734871000,-7485535000,-7485.535000
9545282659000,MATCHED,2697,9545282659000,2697,10302067837000,9552770966000,-7488307000,-7488.307000
9545315972000,MATCHED,2698,9545315972000,2698,10302103932000,9552807061000,-7491089000,-7491.089000
9545349294000,MATCHED,2699,9545349294000,2699,10302140031000,9552843160000,-7493866000,-7493.866000
9545382611000,MATCHED,2700,9545382611000,2700,10302176125000,9552879254000,-7496643000,-7496.643000
9545415929000,MATCHED,2701,9545415929000,2701,10302212221000,9552915350000,-7499421000,-7499.421000
9545449247000,MATCHED,2702,9545449247000,2702,10302248314000,9552951443000,-7502196000,-7502.196000
9545482568000,MATCHED,2703,9545482568000,2703,10302284408000,9552987537000,-7504969000,-7504.969000
9545515885000,MATCHED,2704,9545515885000,2704,10302320502000,9553023631000,-7507746000,-7507.746000
9545549202000,MATCHED,2705,9545549202000,2705,10302356597000,9553059726000,-7510524000,-7510.524000
9545582520000,MATCHED,2706,9545582520000,2706,10302392692000,9553095821000,-7513301000,-7513.301000
9545615836000,MATCHED,2707,9545615836000,2707,10302428787000,9553131916000,-7516080000,-7516.080000
9545649154000,MATCHED,2708,9545649154000,2708,10302464882000,9553168011000,-7518857000,-7518.857000
9545682476000,MATCHED,2709,9545682476000,2709,10302500978000,9553204107000,-7521631000,-7521.631000
9545715792000,MATCHED,2710,9545715792000,2710,10302537072000,9553240201000,-7524409000,-7524.409000
9545749119000,MATCHED,2711,9545749119000,2711,10302573167000,9553276296000,-7527177000,-7527.177000
9545782436000,MATCHED,2712,9545782436000,2712,10302609262000,9553312391000,-7529955000,-7529.955000
9545815755000,MATCHED,2713,9545815755000,2713,10302645357000,9553348486000,-7532731000,-7532.731000
9545849068000,MATCHED,2714,9545849068000,2714,10302681451000,9553384580000,-7535512000,-7535.512000
9545882386000,MATCHED,2715,9545882386000,2715,10302717547000,9553420676000,-7538290000,-7538.290000
9545915708000,MATCHED,2716,9545915708000,2716,10302753643000,9553456772000,-7541064000,-7541.064000
9545949024000,MATCHED,2717,9545949024000,2717,10302789739000,9553492868000,-7543844000,-7543.844000
9545982338000,MATCHED,2718,9545982338000,2718,10302825832000,9553528961000,-7546623000,-7546.623000
9546015656000,MATCHED,2719,9546015656000,2719,10302861927000,9553565056000,-7549400000,-7549.400000
9546048975000,MATCHED,2720,9546048975000,2720,10302898022000,9553601151000,-7552176000,-7552.176000
9546082293000,MATCHED,2721,9546082293000,2721,10302934117000,9553637246000,-7554953000,-7554.953000
9546115613000,MATCHED,2722,9546115613000,2722,10302970212000,9553673341000,-7557728000,-7557.728000
9546148931000,MATCHED,2723,9546148931000,2723,10303006309000,9553709438000,-7560507000,-7560.507000
9546182249000,MATCHED,2724,9546182249000,2724,10303042404000,9553745533000,-7563284000,-7563.284000
9546215568000,MATCHED,2725,9546215568000,2725,10303078500000,9553781629000,-7566061000,-7566.061000
9546248886000,MATCHED,2726,9546248886000,2726,10303114591000,9553817720000,-7568834000,-7568.834000
9546282205000,MATCHED,2727,9546282205000,2727,10303150686000,9553853815000,-7571610000,-7571.610000
9546315523000,MATCHED,2728,9546315523000,2728,10303186782000,9553889911000,-7574388000,-7574.388000
9546348843000,MATCHED,2729,9546348843000,2729,10303222879000,9553926008000,-7577165000,-7577.165000
9546382160000,MATCHED,2730,9546382160000,2730,10303258973000,9553962102000,-7579942000,-7579.942000
9546415478000,MATCHED,2731,9546415478000,2731,10303295068000,9553998197000,-7582719000,-7582.719000
9546448797000,MATCHED,2732,9546448797000,2732,10303331164000,9554034293000,-7585496000,-7585.496000
9546482116000,MATCHED,2733,9546482116000,2733,10303367258000,9554070387000,-7588271000,-7588.271000
9546515435000,MATCHED,2734,9546515435000,2734,10303403353000,9554106482000,-7591047000,-7591.047000
9546548753000,MATCHED,2735,9546548753000,2735,10303439449000,9554142578000,-7593825000,-7593.825000
9546582071000,MATCHED,2736,9546582071000,2736,10303475543000,9554178672000,-7596601000,-7596.601000
9546615392000,MATCHED,2737,9546615392000,2737,10303511638000,9554214767000,-7599375000,-7599.375000
9546648708000,MATCHED,2738,9546648708000,2738,10303547733000,9554250862000,-7602154000,-7602.154000
9546682030000,MATCHED,2739,9546682030000,2739,10303583828000,9554286957000,-7604927000,-7604.927000
9546715345000,MATCHED,2740,9546715345000,2740,10303619927000,9554323056000,-7607711000,-7607.711000
9546748664000,MATCHED,2741,9546748664000,2741,10303656022000,9554359151000,-7610487000,-7610.487000
9546781983000,MATCHED,2742,9546781983000,2742,10303692116000,9554395245000,-7613262000,-7613.262000
9546815301000,MATCHED,2743,9546815301000,2743,10303728214000,9554431343000,-7616042000,-7616.042000
9546848624000,MATCHED,2744,9546848624000,2744,10303764325000,9554467454000,-7618830000,-7618.830000
9546881937000,MATCHED,2745,9546881937000,2745,10303800417000,9554503546000,-7621609000,-7621.609000
9546915258000,MATCHED,2746,9546915258000,2746,10303836494000,9554539623000,-7624365000,-7624.365000
9546948575000,MATCHED,2747,9546948575000,2747,10303872597000,9554575726000,-7627151000,-7627.151000
9546981893000,MATCHED,2748,9546981893000,2748,10303908689000,9554611818000,-7629925000,-7629.925000
9547015211000,MATCHED,2749,9547015211000,2749,10303944789000,9554647918000,-7632707000,-7632.707000
9547048529000,MATCHED,2750,9547048529000,2750,10303980888000,9554684017000,-7635488000,-7635.488000
9547081848000,MATCHED,2751,9547081848000,2751,10304016973000,9554720102000,-7638254000,-7638.254000
9547115168000,MATCHED,2752,9547115168000,2752,10304053076000,9554756205000,-7641037000,-7641.037000
9547148486000,MATCHED,2753,9547148486000,2753,10304089164000,9554792293000,-7643807000,-7643.807000
9547181805000,MATCHED,2754,9547181805000,2754,10304125255000,9554828384000,-7646579000,-7646.579000
9547215122000,MATCHED,2755,9547215122000,2755,10304161349000,9554864478000,-7649356000,-7649.356000
9547248441000,MATCHED,2756,9547248441000,2756,10304197443000,9554900572000,-7652131000,-7652.131000
9547281759000,MATCHED,2757,9547281759000,2757,10304233539000,9554936668000,-7654909000,-7654.909000
9547315078000,MATCHED,2758,9547315078000,2758,10304269638000,9554972767000,-7657689000,-7657.689000
9547348400000,MATCHED,2759,9547348400000,2759,10304305730000,9555008859000,-7660459000,-7660.459000
9547381715000,MATCHED,2760,9547381715000,2760,10304341823000,9555044952000,-7663237000,-7663.237000
9547415033000,MATCHED,2761,9547415033000,2761,10304377920000,9555081049000,-7666016000,-7666.016000
9547448352000,MATCHED,2762,9547448352000,2762,10304414026000,9555117155000,-7668803000,-7668.803000
9547481670000,MATCHED,2763,9547481670000,2763,10304450119000,9555153248000,-7671578000,-7671.578000
9547514990000,MATCHED,2764,9547514990000,2764,10304486212000,9555189341000,-7674351000,-7674.351000
9547548307000,MATCHED,2765,9547548307000,2765,10304522301000,9555225430000,-7677123000,-7677.123000
9547581625000,MATCHED,2766,9547581625000,2766,10304558394000,9555261523000,-7679898000,-7679.898000
9547614944000,MATCHED,2767,9547614944000,2767,10304594492000,9555297621000,-7682677000,-7682.677000
9547648263000,MATCHED,2768,9547648263000,2768,10304630607000,9555333736000,-7685473000,-7685.473000
9547681584000,MATCHED,2769,9547681584000,2769,10304666681000,9555369810000,-7688226000,-7688.226000
9547714900000,MATCHED,2770,9547714900000,2770,10304702796000,9555405925000,-7691025000,-7691.025000
9547748218000,MATCHED,2771,9547748218000,2771,10304738881000,9555442010000,-7693792000,-7693.792000
9547781536000,MATCHED,2772,9547781536000,2772,10304774982000,9555478111000,-7696575000,-7696.575000
9547814855000,MATCHED,2773,9547814855000,2773,10304811082000,9555514211000,-7699356000,-7699.356000
9547848174000,MATCHED,2774,9547848174000,2774,10304847155000,9555550284000,-7702110000,-7702.110000
9547881495000,MATCHED,2775,9547881495000,2775,10304883258000,9555586387000,-7704892000,-7704.892000
9547914812000,MATCHED,2776,9547914812000,2776,10304919354000,9555622483000,-7707671000,-7707.671000
9547948129000,MATCHED,2777,9547948129000,2777,10304955449000,9555658578000,-7710449000,-7710.449000
9547981449000,MATCHED,2778,9547981449000,2778,10304991557000,9555694686000,-7713237000,-7713.237000
9548014767000,MATCHED,2779,9548014767000,2779,10305027630000,9555730759000,-7715992000,-7715.992000
9548048085000,MATCHED,2780,9548048085000,2780,10305063726000,9555766855000,-7718770000,-7718.770000
9548081403000,MATCHED,2781,9548081403000,2781,10305099819000,9555802948000,-7721545000,-7721.545000
9548114722000,MATCHED,2782,9548114722000,2782,10305135915000,9555839044000,-7724322000,-7724.322000
9548148040000,MATCHED,2783,9548148040000,2783,10305172010000,9555875139000,-7727099000,-7727.099000
9548181359000,MATCHED,2784,9548181359000,2784,10305208107000,9555911236000,-7729877000,-7729.877000
9548214683000,MATCHED,2785,9548214683000,2785,10305244201000,9555947330000,-7732647000,-7732.647000
9548247996000,MATCHED,2786,9548247996000,2786,10305280294000,9555983423000,-7735427000,-7735.427000
9548281314000,MATCHED,2787,9548281314000,2787,10305316391000,9556019520000,-7738206000,-7738.206000
9548314635000,MATCHED,2788,9548314635000,2788,10305352488000,9556055617000,-7740982000,-7740.982000
9548347957000,MATCHED,2789,9548347957000,2789,10305388584000,9556091713000,-7743756000,-7743.756000
9548381273000,MATCHED,2790,9548381273000,2790,10305424678000,9556127807000,-7746534000,-7746.534000
9548414598000,MATCHED,2791,9548414598000,2791,10305460771000,9556163900000,-7749302000,-7749.302000
9548447925000,MATCHED,2792,9548447925000,2792,10305496865000,9556199994000,-7752069000,-7752.069000
9548481226000,MATCHED,2793,9548481226000,2793,10305532959000,9556236088000,-7754862000,-7754.862000
9548514546000,MATCHED,2794,9548514546000,2794,10305569053000,9556272182000,-7757636000,-7757.636000
9548547866000,MATCHED,2795,9548547866000,2795,10305605149000,9556308278000,-7760412000,-7760.412000
9548581182000,MATCHED,2796,9548581182000,2796,10305641244000,9556344373000,-7763191000,-7763.191000
9548614500000,MATCHED,2797,9548614500000,2797,10305677338000,9556380467000,-7765967000,-7765.967000
9548647819000,MATCHED,2798,9548647819000,2798,10305713433000,9556416562000,-7768743000,-7768.743000
9548681142000,MATCHED,2799,9548681142000,2799,10305749529000,9556452658000,-7771516000,-7771.516000
9548714459000,MATCHED,2800,9548714459000,2800,10305785624000,9556488753000,-7774294000,-7774.294000
9548747787000,MATCHED,2801,9548747787000,2801,10305821719000,9556524848000,-7777061000,-7777.061000
9548781096000,MATCHED,2802,9548781096000,2802,10305857813000,9556560942000,-7779846000,-7779.846000
9548814412000,MATCHED,2803,9548814412000,2803,10305893908000,9556597037000,-7782625000,-7782.625000
9548847734000,MATCHED,2804,9548847734000,2804,10305930003000,9556633132000,-7785398000,-7785.398000
9548881050000,MATCHED,2805,9548881050000,2805,10305966098000,9556669227000,-7788177000,-7788.177000
9548914366000,MATCHED,2806,9548914366000,2806,10306002195000,9556705324000,-7790958000,-7790.958000
9548947685000,MATCHED,2807,9548947685000,2807,10306038289000,9556741418000,-7793733000,-7793.733000
9548981003000,MATCHED,2808,9548981003000,2808,10306074384000,9556777513000,-7796510000,-7796.510000
9549014322000,MATCHED,2809,9549014322000,2809,10306110478000,9556813607000,-7799285000,-7799.285000
9549047640000,MATCHED,2810,9549047640000,2810,10306146573000,9556849702000,-7802062000,-7802.062000
9549080958000,MATCHED,2811,9549080958000,2811,10306182668000,9556885797000,-7804839000,-7804.839000
9549114278000,MATCHED,2812,9549114278000,2812,10306218763000,9556921892000,-7807614000,-7807.614000
9549147593000,MATCHED,2813,9549147593000,2813,10306254858000,9556957987000,-7810394000,-7810.394000
9549180912000,MATCHED,2814,9549180912000,2814,10306290953000,9556994082000,-7813170000,-7813.170000
9549214230000,MATCHED,2815,9549214230000,2815,10306327048000,9557030177000,-7815947000,-7815.947000
9549247549000,MATCHED,2816,9549247549000,2816,10306363143000,9557066272000,-7818723000,-7818.723000
9549280867000,MATCHED,2817,9549280867000,2817,10306399238000,9557102367000,-7821500000,-7821.500000
9549314186000,MATCHED,2818,9549314186000,2818,10306435333000,9557138462000,-7824276000,-7824.276000
9549347504000,MATCHED,2819,9549347504000,2819,10306471428000,9557174557000,-7827053000,-7827.053000
9549380822000,MATCHED,2820,9549380822000,2820,10306507524000,9557210653000,-7829831000,-7829.831000
9549414145000,MATCHED,2821,9549414145000,2821,10306543618000,9557246747000,-7832602000,-7832.602000
9549447462000,MATCHED,2822,9549447462000,2822,10306579715000,9557282844000,-7835382000,-7835.382000
9549480778000,MATCHED,2823,9549480778000,2823,10306615808000,9557318937000,-7838159000,-7838.159000
9549514097000,MATCHED,2824,9549514097000,2824,10306651903000,9557355032000,-7840935000,-7840.935000
9549547414000,MATCHED,2825,9549547414000,2825,10306687999000,9557391128000,-7843714000,-7843.714000
9549580734000,MATCHED,2826,9549580734000,2826,10306724094000,9557427223000,-7846489000,-7846.489000
9549614052000,MATCHED,2827,9549614052000,2827,10306760203000,9557463332000,-7849280000,-7849.280000
9549647371000,MATCHED,2828,9549647371000,2828,10306796288000,9557499417000,-7852046000,-7852.046000
9549680689000,MATCHED,2829,9549680689000,2829,10306832378000,9557535507000,-7854818000,-7854.818000
9549714008000,MATCHED,2830,9549714008000,2830,10306868475000,9557571604000,-7857596000,-7857.596000
9549747327000,MATCHED,2831,9549747327000,2831,10306904571000,9557607700000,-7860373000,-7860.373000
9549780644000,MATCHED,2832,9549780644000,2832,10306940669000,9557643798000,-7863154000,-7863.154000
9549813962000,MATCHED,2833,9549813962000,2833,10306976770000,9557679899000,-7865937000,-7865.937000
9549847281000,MATCHED,2834,9549847281000,2834,10307012859000,9557715988000,-7868707000,-7868.707000
9549880599000,MATCHED,2835,9549880599000,2835,10307048950000,9557752079000,-7871480000,-7871.480000
9549913924000,MATCHED,2836,9549913924000,2836,10307085052000,9557788181000,-7874257000,-7874.257000
9549947254000,MATCHED,2837,9549947254000,2837,10307121143000,9557824272000,-7877018000,-7877.018000
9549980562000,MATCHED,2838,9549980562000,2838,10307157235000,9557860364000,-7879802000,-7879.802000
9550013879000,MATCHED,2839,9550013879000,2839,10307193332000,9557896461000,-7882582000,-7882.582000
9550047198000,MATCHED,2840,9550047198000,2840,10307229426000,9557932555000,-7885357000,-7885.357000
9550080517000,MATCHED,2841,9550080517000,2841,10307265520000,9557968649000,-7888132000,-7888.132000
9550113833000,MATCHED,2842,9550113833000,2842,10307301626000,9558004755000,-7890922000,-7890.922000
9550147152000,MATCHED,2843,9550147152000,2843,10307337710000,9558040839000,-7893687000,-7893.687000
9550180470000,MATCHED,2844,9550180470000,2844,10307373811000,9558076940000,-7896470000,-7896.470000
9550213789000,MATCHED,2845,9550213789000,2845,10307409900000,9558113029000,-7899240000,-7899.240000
9550247110000,MATCHED,2846,9550247110000,2846,10307445995000,9558149124000,-7902014000,-7902.014000
9550280426000,MATCHED,2847,9550280426000,2847,10307482090000,9558185219000,-7904793000,-7904.793000
9550313744000,MATCHED,2848,9550313744000,2848,10307518185000,9558221314000,-7907570000,-7907.570000
9550347062000,MATCHED,2849,9550347062000,2849,10307554280000,9558257409000,-7910347000,-7910.347000
9550380382000,MATCHED,2850,9550380382000,2850,10307590374000,9558293503000,-7913121000,-7913.121000
9550413699000,MATCHED,2851,9550413699000,2851,10307626470000,9558329599000,-7915900000,-7915.900000
9550447018000,MATCHED,2852,9550447018000,2852,10307662564000,9558365693000,-7918675000,-7918.675000
9550480337000,MATCHED,2853,9550480337000,2853,10307698659000,9558401788000,-7921451000,-7921.451000
9550513657000,MATCHED,2854,9550513657000,2854,10307734754000,9558437883000,-7924226000,-7924.226000
9550546973000,MATCHED,2855,9550546973000,2855,10307770849000,9558473978000,-7927005000,-7927.005000
9550580292000,MATCHED,2856,9550580292000,2856,10307806945000,9558510074000,-7929782000,-7929.782000
9550613611000,MATCHED,2857,9550613611000,2857,10307843040000,9558546169000,-7932558000,-7932.558000
9550646929000,MATCHED,2858,9550646929000,2858,10307879135000,9558582264000,-7935335000,-7935.335000
9550680248000,MATCHED,2859,9550680248000,2859,10307915229000,9558618358000,-7938110000,-7938.110000
9550713567000,MATCHED,2860,9550713567000,2860,10307951324000,9558654453000,-7940886000,-7940.886000
9550746884000,MATCHED,2861,9550746884000,2861,10307987420000,9558690549000,-7943665000,-7943.665000
9550780203000,MATCHED,2862,9550780203000,2862,10308023520000,9558726649000,-7946446000,-7946.446000
9550813521000,MATCHED,2863,9550813521000,2863,10308059618000,9558762747000,-7949226000,-7949.226000
9550846841000,MATCHED,2864,9550846841000,2864,10308095709000,9558798838000,-7951997000,-7951.997000
9550880159000,MATCHED,2865,9550880159000,2865,10308131803000,9558834932000,-7954773000,-7954.773000
9550913477000,MATCHED,2866,9550913477000,2866,10308167901000,9558871030000,-7957553000,-7957.553000
9550946796000,MATCHED,2867,9550946796000,2867,10308203996000,9558907125000,-7960329000,-7960.329000
9550980115000,MATCHED,2868,9550980115000,2868,10308240096000,9558943225000,-7963110000,-7963.110000
9551013433000,MATCHED,2869,9551013433000,2869,10308276181000,9558979310000,-7965877000,-7965.877000
9551046751000,MATCHED,2870,9551046751000,2870,10308312275000,9559015404000,-7968653000,-7968.653000
9551080069000,MATCHED,2871,9551080069000,2871,10308348369000,9559051498000,-7971429000,-7971.429000
9551113387000,MATCHED,2872,9551113387000,2872,10308384465000,9559087594000,-7974207000,-7974.207000
9551146705000,MATCHED,2873,9551146705000,2873,10308420560000,9559123689000,-7976984000,-7976.984000
9551180024000,MATCHED,2874,9551180024000,2874,10308456654000,9559159783000,-7979759000,-7979.759000
9551213343000,MATCHED,2875,9551213343000,2875,10308492751000,9559195880000,-7982537000,-7982.537000
9551246661000,MATCHED,2876,9551246661000,2876,10308528847000,9559231976000,-7985315000,-7985.315000
9551279980000,MATCHED,2877,9551279980000,2877,10308564942000,9559268071000,-7988091000,-7988.091000
9551313298000,MATCHED,2878,9551313298000,2878,10308601037000,9559304166000,-7990868000,-7990.868000
9551346617000,MATCHED,2879,9551346617000,2879,10308637129000,9559340258000,-7993641000,-7993.641000
9551379938000,MATCHED,2880,9551379938000,2880,10308673226000,9559376355000,-7996417000,-7996.417000
9551413255000,MATCHED,2881,9551413255000,2881,10308709319000,9559412448000,-7999193000,-7999.193000
9551446572000,MATCHED,2882,9551446572000,2882,10308745417000,9559448546000,-8001974000,-8001.974000
9551479892000,MATCHED,2883,9551479892000,2883,10308781509000,9559484638000,-8004746000,-8004.746000
9551513209000,MATCHED,2884,9551513209000,2884,10308817604000,9559520733000,-8007524000,-8007.524000
9551546526000,MATCHED,2885,9551546526000,2885,10308853700000,9559556829000,-8010303000,-8010.303000
9551579845000,MATCHED,2886,9551579845000,2886,10308889797000,9559592926000,-8013081000,-8013.081000
9551613164000,MATCHED,2887,9551613164000,2887,10308925889000,9559629018000,-8015854000,-8015.854000
9551646483000,MATCHED,2888,9551646483000,2888,10308961986000,9559665115000,-8018632000,-8018.632000
9551679801000,MATCHED,2889,9551679801000,2889,10308998079000,9559701208000,-8021407000,-8021.407000
9551713120000,MATCHED,2890,9551713120000,2890,10309034174000,9559737303000,-8024183000,-8024.183000
9551746439000,MATCHED,2891,9551746439000,2891,10309070271000,9559773400000,-8026961000,-8026.961000
9551779758000,MATCHED,2892,9551779758000,2892,10309106364000,9559809493000,-8029735000,-8029.735000
9551813076000,MATCHED,2893,9551813076000,2893,10309142461000,9559845590000,-8032514000,-8032.514000
9551846395000,MATCHED,2894,9551846395000,2894,10309178555000,9559881684000,-8035289000,-8035.289000
9551879713000,MATCHED,2895,9551879713000,2895,10309214649000,9559917778000,-8038065000,-8038.065000
9551913033000,MATCHED,2896,9551913033000,2896,10309250745000,9559953874000,-8040841000,-8040.841000
9551946350000,MATCHED,2897,9551946350000,2897,10309286840000,9559989969000,-8043619000,-8043.619000
9551979669000,MATCHED,2898,9551979669000,2898,10309322935000,9560026064000,-8046395000,-8046.395000
9552012987000,MATCHED,2899,9552012987000,2899,10309359031000,9560062160000,-8049173000,-8049.173000
9552046305000,MATCHED,2900,9552046305000,2900,10309395124000,9560098253000,-8051948000,-8051.948000
9552079624000,MATCHED,2901,9552079624000,2901,10309431225000,9560134354000,-8054730000,-8054.730000
9552112942000,MATCHED,2902,9552112942000,2902,10309467318000,9560170447000,-8057505000,-8057.505000
9552146260000,MATCHED,2903,9552146260000,2903,10309503414000,9560206543000,-8060283000,-8060.283000
9552179579000,MATCHED,2904,9552179579000,2904,10309539505000,9560242634000,-8063055000,-8063.055000
9552212898000,MATCHED,2905,9552212898000,2905,10309575602000,9560278731000,-8065833000,-8065.833000
9552246214000,MATCHED,2906,9552246214000,2906,10309611697000,9560314826000,-8068612000,-8068.612000
9552279535000,MATCHED,2907,9552279535000,2907,10309647792000,9560350921000,-8071386000,-8071.386000
9552312852000,MATCHED,2908,9552312852000,2908,10309683886000,9560387015000,-8074163000,-8074.163000
9552346171000,MATCHED,2909,9552346171000,2909,10309719982000,9560423111000,-8076940000,-8076.940000
9552379489000,MATCHED,2910,9552379489000,2910,10309756078000,9560459207000,-8079718000,-8079.718000
9552412807000,MATCHED,2911,9552412807000,2911,10309792173000,9560495302000,-8082495000,-8082.495000
9552446126000,MATCHED,2912,9552446126000,2912,10309828267000,9560531396000,-8085270000,-8085.270000
9552479444000,MATCHED,2913,9552479444000,2913,10309864361000,9560567490000,-8088046000,-8088.046000
9552512763000,MATCHED,2914,9552512763000,2914,10309900457000,9560603586000,-8090823000,-8090.823000
9552546082000,MATCHED,2915,9552546082000,2915,10309936551000,9560639680000,-8093598000,-8093.598000
9552579399000,MATCHED,2916,9552579399000,2916,10309972646000,9560675775000,-8096376000,-8096.376000
9552612719000,MATCHED,2917,9552612719000,2917,10310008742000,9560711871000,-8099152000,-8099.152000
9552646037000,MATCHED,2918,9552646037000,2918,10310044840000,9560747969000,-8101932000,-8101.932000
9552679356000,MATCHED,2919,9552679356000,2919,10310080935000,9560784064000,-8104708000,-8104.708000
9552712675000,MATCHED,2920,9552712675000,2920,10310117030000,9560820159000,-8107484000,-8107.484000
9552745992000,MATCHED,2921,9552745992000,2921,10310153123000,9560856252000,-8110260000,-8110.260000
9552779314000,MATCHED,2922,9552779314000,2922,10310189233000,9560892362000,-8113048000,-8113.048000
9552812631000,MATCHED,2923,9552812631000,2923,10310225315000,9560928444000,-8115813000,-8115.813000
9552845948000,MATCHED,2924,9552845948000,2924,10310261413000,9560964542000,-8118594000,-8118.594000
9552879267000,MATCHED,2925,9552879267000,2925,10310297501000,9561000630000,-8121363000,-8121.363000
9552912585000,MATCHED,2926,9552912585000,2926,10310333596000,9561036725000,-8124140000,-8124.140000
9552945904000,MATCHED,2927,9552945904000,2927,10310369692000,9561072821000,-8126917000,-8126.917000
9552979224000,MATCHED,2928,9552979224000,2928,10310405786000,9561108915000,-8129691000,-8129.691000
9553012541000,MATCHED,2929,9553012541000,2929,10310441882000,9561145011000,-8132470000,-8132.470000
9553045860000,MATCHED,2930,9553045860000,2930,10310477977000,9561181106000,-8135246000,-8135.246000
9553079177000,MATCHED,2931,9553079177000,2931,10310514072000,9561217201000,-8138024000,-8138.024000
9553112510000,MATCHED,2932,9553112510000,2932,10310550167000,9561253296000,-8140786000,-8140.786000
9553145814000,MATCHED,2933,9553145814000,2933,10310586262000,9561289391000,-8143577000,-8143.577000
9553179132000,MATCHED,2934,9553179132000,2934,10310622356000,9561325485000,-8146353000,-8146.353000
9553212450000,MATCHED,2935,9553212450000,2935,10310658452000,9561361581000,-8149131000,-8149.131000
9553245769000,MATCHED,2936,9553245769000,2936,10310694548000,9561397677000,-8151908000,-8151.908000
9553279087000,MATCHED,2937,9553279087000,2937,10310730642000,9561433771000,-8154684000,-8154.684000
9553312407000,MATCHED,2938,9553312407000,2938,10310766737000,9561469866000,-8157459000,-8157.459000
9553345725000,MATCHED,2939,9553345725000,2939,10310802831000,9561505960000,-8160235000,-8160.235000
9553379043000,MATCHED,2940,9553379043000,2940,10310838927000,9561542056000,-8163013000,-8163.013000
9553412361000,MATCHED,2941,9553412361000,2941,10310875021000,9561578150000,-8165789000,-8165.789000
9553445679000,MATCHED,2942,9553445679000,2942,10310911119000,9561614248000,-8168569000,-8168.569000
9553479001000,MATCHED,2943,9553479001000,2943,10310947214000,9561650343000,-8171342000,-8171.342000
9553512319000,MATCHED,2944,9553512319000,2944,10310983309000,9561686438000,-8174119000,-8174.119000
9553545636000,MATCHED,2945,9553545636000,2945,10311019404000,9561722533000,-8176897000,-8176.897000
9553578954000,MATCHED,2946,9553578954000,2946,10311055499000,9561758628000,-8179674000,-8179.674000
9553612274000,MATCHED,2947,9553612274000,2947,10311091594000,9561794723000,-8182449000,-8182.449000
9553645590000,MATCHED,2948,9553645590000,2948,10311127689000,9561830818000,-8185228000,-8185.228000
9553678908000,MATCHED,2949,9553678908000,2949,10311163784000,9561866913000,-8188005000,-8188.005000
9553712228000,MATCHED,2950,9553712228000,2950,10311199879000,9561903008000,-8190780000,-8190.780000
9553745547000,MATCHED,2951,9553745547000,2951,10311235975000,9561939104000,-8193557000,-8193.557000
9553778863000,MATCHED,2952,9553778863000,2952,10311272069000,9561975198000,-8196335000,-8196.335000
9553812185000,MATCHED,2953,9553812185000,2953,10311308165000,9562011294000,-8199109000,-8199.109000
9553845500000,MATCHED,2954,9553845500000,2954,10311344259000,9562047388000,-8201888000,-8201.888000
9553878819000,MATCHED,2955,9553878819000,2955,10311380355000,9562083484000,-8204665000,-8204.665000
9553912138000,MATCHED,2956,9553912138000,2956,10311416450000,9562119579000,-8207441000,-8207.441000
9553945456000,MATCHED,2957,9553945456000,2957,10311452545000,9562155674000,-8210218000,-8210.218000
9553978777000,MATCHED,2958,9553978777000,2958,10311488639000,9562191768000,-8212991000,-8212.991000
9554012094000,MATCHED,2959,9554012094000,2959,10311524736000,9562227865000,-8215771000,-8215.771000
9554045414000,MATCHED,2960,9554045414000,2960,10311560829000,9562263958000,-8218544000,-8218.544000
9554078732000,MATCHED,2961,9554078732000,2961,10311596924000,9562300053000,-8221321000,-8221.321000
9554112058000,MATCHED,2962,9554112058000,2962,10311633019000,9562336148000,-8224090000,-8224.090000
9554145370000,MATCHED,2963,9554145370000,2963,10311669115000,9562372244000,-8226874000,-8226.874000
9554178688000,MATCHED,2964,9554178688000,2964,10311705210000,9562408339000,-8229651000,-8229.651000
9554212021000,MATCHED,2965,9554212021000,2965,10311741306000,9562444435000,-8232414000,-8232.414000
9554245323000,MATCHED,2966,9554245323000,2966,10311777399000,9562480528000,-8235205000,-8235.205000
9554278648000,MATCHED,2967,9554278648000,2967,10311813494000,9562516623000,-8237975000,-8237.975000
9554311967000,MATCHED,2968,9554311967000,2968,10311849589000,9562552718000,-8240751000,-8240.751000
9554345278000,MATCHED,2969,9554345278000,2969,10311885685000,9562588814000,-8243536000,-8243.536000
9554378595000,MATCHED,2970,9554378595000,2970,10311921779000,9562624908000,-8246313000,-8246.313000
9554411916000,MATCHED,2971,9554411916000,2971,10311957875000,9562661004000,-8249088000,-8249.088000
9554445240000,MATCHED,2972,9554445240000,2972,10311993970000,9562697099000,-8251859000,-8251.859000
9554478556000,MATCHED,2973,9554478556000,2973,10312030065000,9562733194000,-8254638000,-8254.638000
9554511882000,MATCHED,2974,9554511882000,2974,10312066160000,9562769289000,-8257407000,-8257.407000
9554545193000,MATCHED,2975,9554545193000,2975,10312102255000,9562805384000,-8260191000,-8260.191000
9554578509000,MATCHED,2976,9554578509000,2976,10312138350000,9562841479000,-8262970000,-8262.970000
9554611838000,MATCHED,2977,9554611838000,2977,10312174445000,9562877574000,-8265736000,-8265.736000
9554645152000,MATCHED,2978,9554645152000,2978,10312210540000,9562913669000,-8268517000,-8268.517000
9554678483000,MATCHED,2979,9554678483000,2979,10312246635000,9562949764000,-8271281000,-8271.281000
9554711803000,MATCHED,2980,9554711803000,2980,10312282730000,9562985859000,-8274056000,-8274.056000
9554745108000,MATCHED,2981,9554745108000,2981,10312318825000,9563021954000,-8276846000,-8276.846000
9554778423000,MATCHED,2982,9554778423000,2982,10312354920000,9563058049000,-8279626000,-8279.626000
9554811742000,MATCHED,2983,9554811742000,2983,10312391015000,9563094144000,-8282402000,-8282.402000
9554845058000,MATCHED,2984,9554845058000,2984,10312427110000,9563130239000,-8285181000,-8285.181000
9554878381000,MATCHED,2985,9554878381000,2985,10312463206000,9563166335000,-8287954000,-8287.954000
9554911696000,MATCHED,2986,9554911696000,2986,10312499300000,9563202429000,-8290733000,-8290.733000
9554945015000,MATCHED,2987,9554945015000,2987,10312535395000,9563238524000,-8293509000,-8293.509000
9554978336000,MATCHED,2988,9554978336000,2988,10312571490000,9563274619000,-8296283000,-8296.283000
9555011654000,MATCHED,2989,9555011654000,2989,10312607586000,9563310715000,-8299061000,-8299.061000
9555044968000,MATCHED,2990,9555044968000,2990,10312643681000,9563346810000,-8301842000,-8301.842000
9555078285000,MATCHED,2991,9555078285000,2991,10312679776000,9563382905000,-8304620000,-8304.620000
9555111606000,MATCHED,2992,9555111606000,2992,10312715871000,9563419000000,-8307394000,-8307.394000
9555144922000,MATCHED,2993,9555144922000,2993,10312751967000,9563455096000,-8310174000,-8310.174000
9555178241000,MATCHED,2994,9555178241000,2994,10312788061000,9563491190000,-8312949000,-8312.949000
9555211562000,MATCHED,2995,9555211562000,2995,10312824153000,9563527282000,-8315720000,-8315.720000
9555244877000,MATCHED,2996,9555244877000,2996,10312860248000,9563563377000,-8318500000,-8318.500000
9555278194000,MATCHED,2997,9555278194000,2997,10312896343000,9563599472000,-8321278000,-8321.278000
9555311511000,MATCHED,2998,9555311511000,2998,10312932438000,9563635567000,-8324056000,-8324.056000
9555344833000,MATCHED,2999,9555344833000,2999,10312968534000,9563671663000,-8326830000,-8326.830000
9555378149000,MATCHED,3000,9555378149000,3000,10313004629000,9563707758000,-8329609000,-8329.609000
9555411468000,MATCHED,3001,9555411468000,3001,10313040724000,9563743853000,-8332385000,-8332.385000
9555444786000,MATCHED,3002,9555444786000,3002,10313076820000,9563779949000,-8335163000,-8335.163000
9555478105000,MATCHED,3003,9555478105000,3003,10313112914000,9563816043000,-8337938000,-8337.938000
9555511423000,MATCHED,3004,9555511423000,3004,10313149008000,9563852137000,-8340714000,-8340.714000
9555544741000,MATCHED,3005,9555544741000,3005,10313185104000,9563888233000,-8343492000,-8343.492000
9555578060000,MATCHED,3006,9555578060000,3006,10313221198000,9563924327000,-8346267000,-8346.267000
9555611382000,MATCHED,3007,9555611382000,3007,10313257296000,9563960425000,-8349043000,-8349.043000
9555644698000,MATCHED,3008,9555644698000,3008,10313293388000,9563996517000,-8351819000,-8351.819000
9555678015000,MATCHED,3009,9555678015000,3009,10313329484000,9564032613000,-8354598000,-8354.598000
9555711334000,MATCHED,3010,9555711334000,3010,10313365578000,9564068707000,-8357373000,-8357.373000
9555744652000,MATCHED,3011,9555744652000,3011,10313401673000,9564104802000,-8360150000,-8360.150000
9555777970000,MATCHED,3012,9555777970000,3012,10313437768000,9564140897000,-8362927000,-8362.927000
9555811289000,MATCHED,3013,9555811289000,3013,10313473864000,9564176993000,-8365704000,-8365.704000
9555844608000,MATCHED,3014,9555844608000,3014,10313509958000,9564213087000,-8368479000,-8368.479000
9555877927000,MATCHED,3015,9555877927000,3015,10313546056000,9564249185000,-8371258000,-8371.258000
9555911244000,MATCHED,3016,9555911244000,3016,10313582152000,9564285281000,-8374037000,-8374.037000
9555944563000,MATCHED,3017,9555944563000,3017,10313618245000,9564321374000,-8376811000,-8376.811000
9555977881000,MATCHED,3018,9555977881000,3018,10313654339000,9564357468000,-8379587000,-8379.587000
9556011199000,MATCHED,3019,9556011199000,3019,10313690432000,9564393561000,-8382362000,-8382.362000
9556044519000,MATCHED,3020,9556044519000,3020,10313726528000,9564429657000,-8385138000,-8385.138000
9556077836000,MATCHED,3021,9556077836000,3021,10313762623000,9564465752000,-8387916000,-8387.916000
9556111160000,MATCHED,3022,9556111160000,3022,10313798718000,9564501847000,-8390687000,-8390.687000
9556144475000,MATCHED,3023,9556144475000,3023,10313834813000,9564537942000,-8393467000,-8393.467000
9556177793000,MATCHED,3024,9556177793000,3024,10313870908000,9564574037000,-8396244000,-8396.244000
9556211111000,MATCHED,3025,9556211111000,3025,10313907006000,9564610135000,-8399024000,-8399.024000
9556244431000,MATCHED,3026,9556244431000,3026,10313943098000,9564646227000,-8401796000,-8401.796000
9556277748000,MATCHED,3027,9556277748000,3027,10313979193000,9564682322000,-8404574000,-8404.574000
9556311066000,MATCHED,3028,9556311066000,3028,10314015288000,9564718417000,-8407351000,-8407.351000
9556344385000,MATCHED,3029,9556344385000,3029,10314051385000,9564754514000,-8410129000,-8410.129000
9556377704000,MATCHED,3030,9556377704000,3030,10314087478000,9564790607000,-8412903000,-8412.903000
9556411022000,MATCHED,3031,9556411022000,3031,10314123574000,9564826703000,-8415681000,-8415.681000
9556444341000,MATCHED,3032,9556444341000,3032,10314159671000,9564862800000,-8418459000,-8418.459000
9556477658000,MATCHED,3033,9556477658000,3033,10314195777000,9564898906000,-8421248000,-8421.248000
9556510977000,MATCHED,3034,9556510977000,3034,10314231868000,9564934997000,-8424020000,-8424.020000
9556544296000,MATCHED,3035,9556544296000,3035,10314267954000,9564971083000,-8426787000,-8426.787000
9556577615000,MATCHED,3036,9556577615000,3036,10314304057000,9565007186000,-8429571000,-8429.571000
9556610937000,MATCHED,3037,9556610937000,3037,10314340165000,9565043294000,-8432357000,-8432.357000
9556644252000,MATCHED,3038,9556644252000,3038,10314376250000,9565079379000,-8435127000,-8435.127000
9556677570000,MATCHED,3039,9556677570000,3039,10314412341000,9565115470000,-8437900000,-8437.900000
9556710888000,MATCHED,3040,9556710888000,3040,10314448435000,9565151564000,-8440676000,-8440.676000
9556744207000,MATCHED,3041,9556744207000,3041,10314484550000,9565187679000,-8443472000,-8443.472000
9556777525000,MATCHED,3042,9556777525000,3042,10314520623000,9565223752000,-8446227000,-8446.227000
9556810844000,MATCHED,3043,9556810844000,3043,10314556719000,9565259848000,-8449004000,-8449.004000
9556844163000,MATCHED,3044,9556844163000,3044,10314592817000,9565295946000,-8451783000,-8451.783000
9556877481000,MATCHED,3045,9556877481000,3045,10314628911000,9565332040000,-8454559000,-8454.559000
9556910801000,MATCHED,3046,9556910801000,3046,10314665013000,9565368142000,-8457341000,-8457.341000
9556944118000,MATCHED,3047,9556944118000,3047,10314701099000,9565404228000,-8460110000,-8460.110000
9556977437000,MATCHED,3048,9556977437000,3048,10314737192000,9565440321000,-8462884000,-8462.884000
9557010756000,MATCHED,3049,9557010756000,3049,10314773291000,9565476420000,-8465664000,-8465.664000
9557044075000,MATCHED,3050,9557044075000,3050,10314809387000,9565512516000,-8468441000,-8468.441000
9557077394000,MATCHED,3051,9557077394000,3051,10314845482000,9565548611000,-8471217000,-8471.217000
9557110711000,MATCHED,3052,9557110711000,3052,10314881578000,9565584707000,-8473996000,-8473.996000
9557144033000,MATCHED,3053,9557144033000,3053,10314917669000,9565620798000,-8476765000,-8476.765000
9557177347000,MATCHED,3054,9557177347000,3054,10314953789000,9565656918000,-8479571000,-8479.571000
9557210665000,MATCHED,3055,9557210665000,3055,10314989861000,9565692990000,-8482325000,-8482.325000
9557243984000,MATCHED,3056,9557243984000,3056,10315025953000,9565729082000,-8485098000,-8485.098000
9557277302000,MATCHED,3057,9557277302000,3057,10315062048000,9565765177000,-8487875000,-8487.875000
9557310621000,MATCHED,3058,9557310621000,3058,10315098149000,9565801278000,-8490657000,-8490.657000
9557343939000,MATCHED,3059,9557343939000,3059,10315134241000,9565837370000,-8493431000,-8493.431000
9557377258000,MATCHED,3060,9557377258000,3060,10315170336000,9565873465000,-8496207000,-8496.207000
9557410577000,MATCHED,3061,9557410577000,3061,10315206424000,9565909553000,-8498976000,-8498.976000
9557443894000,MATCHED,3062,9557443894000,3062,10315242520000,9565945649000,-8501755000,-8501.755000
9557477214000,MATCHED,3063,9557477214000,3063,10315278614000,9565981743000,-8504529000,-8504.529000
9557510531000,MATCHED,3064,9557510531000,3064,10315314710000,9566017839000,-8507308000,-8507.308000
9557543854000,MATCHED,3065,9557543854000,3065,10315350806000,9566053935000,-8510081000,-8510.081000
9557577170000,MATCHED,3066,9557577170000,3066,10315386899000,9566090028000,-8512858000,-8512.858000
9557610499000,MATCHED,3067,9557610499000,3067,10315422994000,9566126123000,-8515624000,-8515.624000
9557643809000,MATCHED,3068,9557643809000,3068,10315459093000,9566162222000,-8518413000,-8518.413000
9557677126000,MATCHED,3069,9557677126000,3069,10315495187000,9566198316000,-8521190000,-8521.190000
9557710446000,MATCHED,3070,9557710446000,3070,10315531280000,9566234409000,-8523963000,-8523.963000
9557743763000,MATCHED,3071,9557743763000,3071,10315567373000,9566270502000,-8526739000,-8526.739000
9557777088000,MATCHED,3072,9557777088000,3072,10315603470000,9566306599000,-8529511000,-8529.511000
9557810406000,MATCHED,3073,9557810406000,3073,10315639563000,9566342692000,-8532286000,-8532.286000
9557843724000,MATCHED,3074,9557843724000,3074,10315675658000,9566378787000,-8535063000,-8535.063000
9557877037000,MATCHED,3075,9557877037000,3075,10315711755000,9566414884000,-8537847000,-8537.847000
9557910362000,MATCHED,3076,9557910362000,3076,10315747849000,9566450978000,-8540616000,-8540.616000
9557943682000,MATCHED,3077,9557943682000,3077,10315783944000,9566487073000,-8543391000,-8543.391000
9557976993000,MATCHED,3078,9557976993000,3078,10315820040000,9566523169000,-8546176000,-8546.176000
9558010312000,MATCHED,3079,9558010312000,3079,10315856135000,9566559264000,-8548952000,-8548.952000
9558043634000,MATCHED,3080,9558043634000,3080,10315892230000,9566595359000,-8551725000,-8551.725000
9558076949000,MATCHED,3081,9558076949000,3081,10315928323000,9566631452000,-8554503000,-8554.503000
9558110271000,MATCHED,3082,9558110271000,3082,10315964419000,9566667548000,-8557277000,-8557.277000
9558143592000,MATCHED,3083,9558143592000,3083,10316000514000,9566703643000,-8560051000,-8560.051000
9558176908000,MATCHED,3084,9558176908000,3084,10316036611000,9566739740000,-8562832000,-8562.832000
9558210223000,MATCHED,3085,9558210223000,3085,10316072707000,9566775836000,-8565613000,-8565.613000
9558243540000,MATCHED,3086,9558243540000,3086,10316108803000,9566811932000,-8568392000,-8568.392000
9558276861000,MATCHED,3087,9558276861000,3087,10316144894000,9566848023000,-8571162000,-8571.162000
9558310178000,MATCHED,3088,9558310178000,3088,10316180990000,9566884119000,-8573941000,-8573.941000
9558343504000,MATCHED,3089,9558343504000,3089,10316217085000,9566920214000,-8576710000,-8576.710000
9558376815000,MATCHED,3090,9558376815000,3090,10316253179000,9566956308000,-8579493000,-8579.493000
9558410136000,MATCHED,3091,9558410136000,3091,10316289275000,9566992404000,-8582268000,-8582.268000
9558443485000,MATCHED,3092,9558443485000,3092,10316325371000,9567028500000,-8585015000,-8585.015000
9558476775000,MATCHED,3093,9558476775000,3093,10316361466000,9567064595000,-8587820000,-8587.820000
9558510092000,MATCHED,3094,9558510092000,3094,10316397560000,9567100689000,-8590597000,-8590.597000
9558543408000,MATCHED,3095,9558543408000,3095,10316433655000,9567136784000,-8593376000,-8593.376000
9558576727000,MATCHED,3096,9558576727000,3096,10316469750000,9567172879000,-8596152000,-8596.152000
9558610044000,MATCHED,3097,9558610044000,3097,10316505846000,9567208975000,-8598931000,-8598.931000
9558643362000,MATCHED,3098,9558643362000,3098,10316541939000,9567245068000,-8601706000,-8601.706000
9558676683000,MATCHED,3099,9558676683000,3099,10316578035000,9567281164000,-8604481000,-8604.481000
9558710000000,MATCHED,3100,9558710000000,3100,10316614134000,9567317263000,-8607263000,-8607.263000
9558743320000,MATCHED,3101,9558743320000,3101,10316650225000,9567353354000,-8610034000,-8610.034000
9558776636000,MATCHED,3102,9558776636000,3102,10316686320000,9567389449000,-8612813000,-8612.813000
9558809954000,MATCHED,3103,9558809954000,3103,10316722414000,9567425543000,-8615589000,-8615.589000
9558843273000,MATCHED,3104,9558843273000,3104,10316758509000,9567461638000,-8618365000,-8618.365000
9558876592000,MATCHED,3105,9558876592000,3105,10316794605000,9567497734000,-8621142000,-8621.142000
9558909910000,MATCHED,3106,9558909910000,3106,10316830699000,9567533828000,-8623918000,-8623.918000
9558943230000,MATCHED,3107,9558943230000,3107,10316866795000,9567569924000,-8626694000,-8626.694000
9558976548000,MATCHED,3108,9558976548000,3108,10316902890000,9567606019000,-8629471000,-8629.471000
9559009865000,MATCHED,3109,9559009865000,3109,10316938988000,9567642117000,-8632252000,-8632.252000
9559043183000,MATCHED,3110,9559043183000,3110,10316975082000,9567678211000,-8635028000,-8635.028000
9559076504000,MATCHED,3111,9559076504000,3111,10317011176000,9567714305000,-8637801000,-8637.801000
9559109822000,MATCHED,3112,9559109822000,3112,10317047272000,9567750401000,-8640579000,-8640.579000
9559143140000,MATCHED,3113,9559143140000,3113,10317083366000,9567786495000,-8643355000,-8643.355000
9559176460000,MATCHED,3114,9559176460000,3114,10317119465000,9567822594000,-8646134000,-8646.134000
9559209777000,MATCHED,3115,9559209777000,3115,10317155575000,9567858704000,-8648927000,-8648.927000
9559243095000,MATCHED,3116,9559243095000,3116,10317191670000,9567894799000,-8651704000,-8651.704000
9559276414000,MATCHED,3117,9559276414000,3117,10317227748000,9567930877000,-8654463000,-8654.463000
9559309734000,MATCHED,3118,9559309734000,3118,10317263841000,9567966970000,-8657236000,-8657.236000
9559343052000,MATCHED,3119,9559343052000,3119,10317299943000,9568003072000,-8660020000,-8660.020000
9559376371000,MATCHED,3120,9559376371000,3120,10317336031000,9568039160000,-8662789000,-8662.789000
9559409689000,MATCHED,3121,9559409689000,3121,10317372125000,9568075254000,-8665565000,-8665.565000
9559443008000,MATCHED,3122,9559443008000,3122,10317408223000,9568111352000,-8668344000,-8668.344000
9559476327000,MATCHED,3123,9559476327000,3123,10317444342000,9568147471000,-8671144000,-8671.144000
9559509645000,MATCHED,3124,9559509645000,3124,10317480414000,9568183543000,-8673898000,-8673.898000
9559542963000,MATCHED,3125,9559542963000,3125,10317516508000,9568219637000,-8676674000,-8676.674000
9559576282000,MATCHED,3126,9559576282000,3126,10317552612000,9568255741000,-8679459000,-8679.459000
9559609601000,MATCHED,3127,9559609601000,3127,10317588696000,9568291825000,-8682224000,-8682.224000
9559642919000,MATCHED,3128,9559642919000,3128,10317624800000,9568327929000,-8685010000,-8685.010000
9559676239000,MATCHED,3129,9559676239000,3129,10317660887000,9568364016000,-8687777000,-8687.777000
9559709556000,MATCHED,3130,9559709556000,3130,10317696981000,9568400110000,-8690554000,-8690.554000
9559742875000,MATCHED,3131,9559742875000,3131,10317733074000,9568436203000,-8693328000,-8693.328000
9559776193000,MATCHED,3132,9559776193000,3132,10317769171000,9568472300000,-8696107000,-8696.107000
9559809511000,MATCHED,3133,9559809511000,3133,10317805267000,9568508396000,-8698885000,-8698.885000
9559842830000,MATCHED,3134,9559842830000,3134,10317841360000,9568544489000,-8701659000,-8701.659000
9559876149000,MATCHED,3135,9559876149000,3135,10317877456000,9568580585000,-8704436000,-8704.436000
9559909467000,MATCHED,3136,9559909467000,3136,10317913552000,9568616681000,-8707214000,-8707.214000
9559942785000,MATCHED,3137,9559942785000,3137,10317949647000,9568652776000,-8709991000,-8709.991000
9559976106000,MATCHED,3138,9559976106000,3138,10317985740000,9568688869000,-8712763000,-8712.763000
9560009424000,MATCHED,3139,9560009424000,3139,10318021836000,9568724965000,-8715541000,-8715.541000
9560042743000,MATCHED,3140,9560042743000,3140,10318057931000,9568761060000,-8718317000,-8718.317000
9560076060000,MATCHED,3141,9560076060000,3141,10318094026000,9568797155000,-8721095000,-8721.095000
9560109379000,MATCHED,3142,9560109379000,3142,10318130120000,9568833249000,-8723870000,-8723.870000
9560142696000,MATCHED,3143,9560142696000,3143,10318166215000,9568869344000,-8726648000,-8726.648000
9560176017000,MATCHED,3144,9560176017000,3144,10318202312000,9568905441000,-8729424000,-8729.424000
9560209333000,MATCHED,3145,9560209333000,3145,10318238407000,9568941536000,-8732203000,-8732.203000
9560242652000,MATCHED,3146,9560242652000,3146,10318274503000,9568977632000,-8734980000,-8734.980000
9560275970000,MATCHED,3147,9560275970000,3147,10318310598000,9569013727000,-8737757000,-8737.757000
9560309288000,MATCHED,3148,9560309288000,3148,10318346694000,9569049823000,-8740535000,-8740.535000
9560342607000,MATCHED,3149,9560342607000,3149,10318382788000,9569085917000,-8743310000,-8743.310000
9560375926000,MATCHED,3150,9560375926000,3150,10318418883000,9569122012000,-8746086000,-8746.086000
9560409244000,MATCHED,3151,9560409244000,3151,10318454979000,9569158108000,-8748864000,-8748.864000
9560442565000,MATCHED,3152,9560442565000,3152,10318491073000,9569194202000,-8751637000,-8751.637000
9560475882000,MATCHED,3153,9560475882000,3153,10318527166000,9569230295000,-8754413000,-8754.413000
9560509200000,MATCHED,3154,9560509200000,3154,10318563262000,9569266391000,-8757191000,-8757.191000
9560542519000,MATCHED,3155,9560542519000,3155,10318599357000,9569302486000,-8759967000,-8759.967000
9560575839000,MATCHED,3156,9560575839000,3156,10318635454000,9569338583000,-8762744000,-8762.744000
9560609155000,MATCHED,3157,9560609155000,3157,10318671551000,9569374680000,-8765525000,-8765.525000
9560642474000,MATCHED,3158,9560642474000,3158,10318707643000,9569410772000,-8768298000,-8768.298000
9560675792000,MATCHED,3159,9560675792000,3159,10318743738000,9569446867000,-8771075000,-8771.075000
9560709110000,MATCHED,3160,9560709110000,3160,10318779834000,9569482963000,-8773853000,-8773.853000
9560742430000,MATCHED,3161,9560742430000,3161,10318815933000,9569519062000,-8776632000,-8776.632000
9560775748000,MATCHED,3162,9560775748000,3162,10318852023000,9569555152000,-8779404000,-8779.404000
9560809066000,MATCHED,3163,9560809066000,3163,10318888122000,9569591251000,-8782185000,-8782.185000
9560842385000,MATCHED,3164,9560842385000,3164,10318924211000,9569627340000,-8784955000,-8784.955000
9560875704000,MATCHED,3165,9560875704000,3165,10318960308000,9569663437000,-8787733000,-8787.733000
9560909022000,MATCHED,3166,9560909022000,3166,10318996402000,9569699531000,-8790509000,-8790.509000
9560942342000,MATCHED,3167,9560942342000,3167,10319032497000,9569735626000,-8793284000,-8793.284000
9560975661000,MATCHED,3168,9560975661000,3168,10319068591000,9569771720000,-8796059000,-8796.059000
9561008977000,MATCHED,3169,9561008977000,3169,10319104687000,9569807816000,-8798839000,-8798.839000
9561042294000,MATCHED,3170,9561042294000,3170,10319140782000,9569843911000,-8801617000,-8801.617000
9561075616000,MATCHED,3171,9561075616000,3171,10319176879000,9569880008000,-8804392000,-8804.392000
9561108933000,MATCHED,3172,9561108933000,3172,10319212974000,9569916103000,-8807170000,-8807.170000
9561142254000,MATCHED,3173,9561142254000,3173,10319249068000,9569952197000,-8809943000,-8809.943000
9561175572000,MATCHED,3174,9561175572000,3174,10319285163000,9569988292000,-8812720000,-8812.720000
9561208888000,MATCHED,3175,9561208888000,3175,10319321257000,9570024386000,-8815498000,-8815.498000
9561242206000,MATCHED,3176,9561242206000,3176,10319357352000,9570060481000,-8818275000,-8818.275000
9561275525000,MATCHED,3177,9561275525000,3177,10319393447000,9570096576000,-8821051000,-8821.051000
9561308844000,MATCHED,3178,9561308844000,3178,10319429542000,9570132671000,-8823827000,-8823.827000
9561342162000,MATCHED,3179,9561342162000,3179,10319465638000,9570168767000,-8826605000,-8826.605000
9561375480000,MATCHED,3180,9561375480000,3180,10319501734000,9570204863000,-8829383000,-8829.383000
9561408798000,MATCHED,3181,9561408798000,3181,10319537830000,9570240959000,-8832161000,-8832.161000
9561442114000,MATCHED,3182,9561442114000,3182,10319573923000,9570277052000,-8834938000,-8834.938000
9561475437000,MATCHED,3183,9561475437000,3183,10319610016000,9570313145000,-8837708000,-8837.708000
9561508754000,MATCHED,3184,9561508754000,3184,10319646112000,9570349241000,-8840487000,-8840.487000
9561542073000,MATCHED,3185,9561542073000,3185,10319682207000,9570385336000,-8843263000,-8843.263000
9561575391000,MATCHED,3186,9561575391000,3186,10319718302000,9570421431000,-8846040000,-8846.040000
9561608709000,MATCHED,3187,9561608709000,3187,10319754397000,9570457526000,-8848817000,-8848.817000
9561642027000,MATCHED,3188,9561642027000,3188,10319790491000,9570493620000,-8851593000,-8851.593000
9561675348000,MATCHED,3189,9561675348000,3189,10319826588000,9570529717000,-8854369000,-8854.369000
9561708665000,MATCHED,3190,9561708665000,3190,10319862682000,9570565811000,-8857146000,-8857.146000
9561741986000,MATCHED,3191,9561741986000,3191,10319898777000,9570601906000,-8859920000,-8859.920000
9561775302000,MATCHED,3192,9561775302000,3192,10319934872000,9570638001000,-8862699000,-8862.699000
9561808620000,MATCHED,3193,9561808620000,3193,10319970966000,9570674095000,-8865475000,-8865.475000
9561841939000,MATCHED,3194,9561841939000,3194,10320007062000,9570710191000,-8868252000,-8868.252000
9561875256000,MATCHED,3195,9561875256000,3195,10320043156000,9570746285000,-8871029000,-8871.029000
9561908576000,MATCHED,3196,9561908576000,3196,10320079255000,9570782384000,-8873808000,-8873.808000
9561941894000,MATCHED,3197,9561941894000,3197,10320115349000,9570818478000,-8876584000,-8876.584000
9561975212000,MATCHED,3198,9561975212000,3198,10320151446000,9570854575000,-8879363000,-8879.363000
9562008531000,MATCHED,3199,9562008531000,3199,10320187537000,9570890666000,-8882135000,-8882.135000
9562041850000,MATCHED,3200,9562041850000,3200,10320223633000,9570926762000,-8884912000,-8884.912000
9562075169000,MATCHED,3201,9562075169000,3201,10320259727000,9570962856000,-8887687000,-8887.687000
9562108486000,MATCHED,3202,9562108486000,3202,10320295822000,9570998951000,-8890465000,-8890.465000
9562141805000,MATCHED,3203,9562141805000,3203,10320331918000,9571035047000,-8893242000,-8893.242000
9562175123000,MATCHED,3204,9562175123000,3204,10320368011000,9571071140000,-8896017000,-8896.017000
9562208441000,MATCHED,3205,9562208441000,3205,10320404110000,9571107239000,-8898798000,-8898.798000
9562241761000,MATCHED,3206,9562241761000,3206,10320440202000,9571143331000,-8901570000,-8901.570000
9562275079000,MATCHED,3207,9562275079000,3207,10320476297000,9571179426000,-8904347000,-8904.347000
9562308398000,MATCHED,3208,9562308398000,3208,10320512393000,9571215522000,-8907124000,-8907.124000
9562341716000,MATCHED,3209,9562341716000,3209,10320548488000,9571251617000,-8909901000,-8909.901000
9562375034000,MATCHED,3210,9562375034000,3210,10320584583000,9571287712000,-8912678000,-8912.678000
9562408353000,MATCHED,3211,9562408353000,3211,10320620678000,9571323807000,-8915454000,-8915.454000
9562441671000,MATCHED,3212,9562441671000,3212,10320656775000,9571359904000,-8918233000,-8918.233000
9562474990000,MATCHED,3213,9562474990000,3213,10320692873000,9571396002000,-8921012000,-8921.012000
9562508309000,MATCHED,3214,9562508309000,3214,10320728975000,9571432104000,-8923795000,-8923.795000
9562541631000,MATCHED,3215,9562541631000,3215,10320765061000,9571468190000,-8926559000,-8926.559000
9562574944000,MATCHED,3216,9562574944000,3216,10320801155000,9571504284000,-8929340000,-8929.340000
9562608268000,MATCHED,3217,9562608268000,3217,10320837259000,9571540388000,-8932120000,-8932.120000
9562641595000,MATCHED,3218,9562641595000,3218,10320873344000,9571576473000,-8934878000,-8934.878000
9562674906000,MATCHED,3219,9562674906000,3219,10320909438000,9571612567000,-8937661000,-8937.661000
9562708221000,MATCHED,3220,9562708221000,3220,10320945533000,9571648662000,-8940441000,-8940.441000
9562741552000,MATCHED,3221,9562741552000,3221,10320981628000,9571684757000,-8943205000,-8943.205000
9562774867000,MATCHED,3222,9562774867000,3222,10321017723000,9571720852000,-8945985000,-8945.985000
9562808178000,MATCHED,3223,9562808178000,3223,10321053818000,9571756947000,-8948769000,-8948.769000
9562841505000,MATCHED,3224,9562841505000,3224,10321089912000,9571793041000,-8951536000,-8951.536000
9562874831000,MATCHED,3225,9562874831000,3225,10321126012000,9571829141000,-8954310000,-8954.310000
9562908129000,MATCHED,3226,9562908129000,3226,10321162105000,9571865234000,-8957105000,-8957.105000
9562941455000,MATCHED,3227,9562941455000,3227,10321198200000,9571901329000,-8959874000,-8959.874000
9562974770000,MATCHED,3228,9562974770000,3228,10321234294000,9571937423000,-8962653000,-8962.653000
9563008085000,MATCHED,3229,9563008085000,3229,10321270388000,9571973517000,-8965432000,-8965.432000
9563041402000,MATCHED,3230,9563041402000,3230,10321306484000,9572009613000,-8968211000,-8968.211000
9563074720000,MATCHED,3231,9563074720000,3231,10321342578000,9572045707000,-8970987000,-8970.987000
9563108040000,MATCHED,3232,9563108040000,3232,10321378673000,9572081802000,-8973762000,-8973.762000
9563141358000,MATCHED,3233,9563141358000,3233,10321414768000,9572117897000,-8976539000,-8976.539000
9563174675000,MATCHED,3234,9563174675000,3234,10321450863000,9572153992000,-8979317000,-8979.317000
9563207994000,MATCHED,3235,9563207994000,3235,10321486958000,9572190087000,-8982093000,-8982.093000
9563241313000,MATCHED,3236,9563241313000,3236,10321523053000,9572226182000,-8984869000,-8984.869000
9563274631000,MATCHED,3237,9563274631000,3237,10321559147000,9572262276000,-8987645000,-8987.645000
9563307952000,MATCHED,3238,9563307952000,3238,10321595242000,9572298371000,-8990419000,-8990.419000
9563341267000,MATCHED,3239,9563341267000,3239,10321631338000,9572334467000,-8993200000,-8993.200000
9563374586000,MATCHED,3240,9563374586000,3240,10321667433000,9572370562000,-8995976000,-8995.976000
9563407905000,MATCHED,3241,9563407905000,3241,10321703528000,9572406657000,-8998752000,-8998.752000
9563441225000,MATCHED,3242,9563441225000,3242,10321739625000,9572442754000,-9001529000,-9001.529000
9563474542000,MATCHED,3243,9563474542000,3243,10321775718000,9572478847000,-9004305000,-9004.305000
9563507860000,MATCHED,3244,9563507860000,3244,10321811813000,9572514942000,-9007082000,-9007.082000
9563541180000,MATCHED,3245,9563541180000,3245,10321847909000,9572551038000,-9009858000,-9009.858000
9563574498000,MATCHED,3246,9563574498000,3246,10321884003000,9572587132000,-9012634000,-9012.634000
9563607819000,MATCHED,3247,9563607819000,3247,10321920098000,9572623227000,-9015408000,-9015.408000
9563641136000,MATCHED,3248,9563641136000,3248,10321956193000,9572659322000,-9018186000,-9018.186000
9563674453000,MATCHED,3249,9563674453000,3249,10321992292000,9572695421000,-9020968000,-9020.968000
9563707772000,MATCHED,3250,9563707772000,3250,10322028385000,9572731514000,-9023742000,-9023.742000
9563741096000,MATCHED,3251,9563741096000,3251,10322064480000,9572767609000,-9026513000,-9026.513000
9563774411000,MATCHED,3252,9563774411000,3252,10322100576000,9572803705000,-9029294000,-9029.294000
9563807728000,MATCHED,3253,9563807728000,3253,10322136668000,9572839797000,-9032069000,-9032.069000
9563841050000,MATCHED,3254,9563841050000,3254,10322172763000,9572875892000,-9034842000,-9034.842000
9563874366000,MATCHED,3255,9563874366000,3255,10322208857000,9572911986000,-9037620000,-9037.620000
9563907685000,MATCHED,3256,9563907685000,3256,10322244954000,9572948083000,-9040398000,-9040.398000
9563941014000,MATCHED,3257,9563941014000,3257,10322281049000,9572984178000,-9043164000,-9043.164000
9563974329000,MATCHED,3258,9563974329000,3258,10322317144000,9573020273000,-9045944000,-9045.944000
9564007642000,MATCHED,3259,9564007642000,3259,10322353239000,9573056368000,-9048726000,-9048.726000
9564040957000,MATCHED,3260,9564040957000,3260,10322389334000,9573092463000,-9051506000,-9051.506000
9564074278000,MATCHED,3261,9564074278000,3261,10322425428000,9573128557000,-9054279000,-9054.279000
9564107598000,MATCHED,3262,9564107598000,3262,10322461524000,9573164653000,-9057055000,-9057.055000
9564140920000,MATCHED,3263,9564140920000,3263,10322497619000,9573200748000,-9059828000,-9059.828000
9564174238000,MATCHED,3264,9564174238000,3264,10322533713000,9573236842000,-9062604000,-9062.604000
9564207555000,MATCHED,3265,9564207555000,3265,10322569809000,9573272938000,-9065383000,-9065.383000
9564240877000,MATCHED,3266,9564240877000,3266,10322605905000,9573309034000,-9068157000,-9068.157000
9564274192000,MATCHED,3267,9564274192000,3267,10322641999000,9573345128000,-9070936000,-9070.936000
9564307513000,MATCHED,3268,9564307513000,3268,10322678093000,9573381222000,-9073709000,-9073.709000
9564340827000,MATCHED,3269,9564340827000,3269,10322714189000,9573417318000,-9076491000,-9076.491000
9564374147000,MATCHED,3270,9564374147000,3270,10322750283000,9573453412000,-9079265000,-9079.265000
9564407469000,MATCHED,3271,9564407469000,3271,10322786378000,9573489507000,-9082038000,-9082.038000
9564440784000,MATCHED,3272,9564440784000,3272,10322822474000,9573525603000,-9084819000,-9084.819000
9564474100000,MATCHED,3273,9564474100000,3273,10322858569000,9573561698000,-9087598000,-9087.598000
9564507416000,MATCHED,3274,9564507416000,3274,10322894664000,9573597793000,-9090377000,-9090.377000
9564540736000,MATCHED,3275,9564540736000,3275,10322930762000,9573633891000,-9093155000,-9093.155000
9564574053000,MATCHED,3276,9564574053000,3276,10322966856000,9573669985000,-9095932000,-9095.932000
9564607371000,MATCHED,3277,9564607371000,3277,10323002968000,9573706097000,-9098726000,-9098.726000
9564640692000,MATCHED,3278,9564640692000,3278,10323039046000,9573742175000,-9101483000,-9101.483000
9564674007000,MATCHED,3279,9564674007000,3279,10323075144000,9573778273000,-9104266000,-9104.266000
9564707328000,MATCHED,3280,9564707328000,3280,10323111234000,9573814363000,-9107035000,-9107.035000
9564740645000,MATCHED,3281,9564740645000,3281,10323147330000,9573850459000,-9109814000,-9109.814000
9564773963000,MATCHED,3282,9564773963000,3282,10323183424000,9573886553000,-9112590000,-9112.590000
9564807280000,MATCHED,3283,9564807280000,3283,10323219519000,9573922648000,-9115368000,-9115.368000
9564840599000,MATCHED,3284,9564840599000,3284,10323255614000,9573958743000,-9118144000,-9118.144000
9564873921000,MATCHED,3285,9564873921000,3285,10323291709000,9573994838000,-9120917000,-9120.917000
9564907236000,MATCHED,3286,9564907236000,3286,10323327804000,9574030933000,-9123697000,-9123.697000
9564940556000,MATCHED,3287,9564940556000,3287,10323363898000,9574067027000,-9126471000,-9126.471000
9564973872000,MATCHED,3288,9564973872000,3288,10323399997000,9574103126000,-9129254000,-9129.254000
9565007191000,MATCHED,3289,9565007191000,3289,10323436096000,9574139225000,-9132034000,-9132.034000
9565040511000,MATCHED,3290,9565040511000,3290,10323472184000,9574175313000,-9134802000,-9134.802000
9565073827000,MATCHED,3291,9565073827000,3291,10323508279000,9574211408000,-9137581000,-9137.581000
9565107147000,MATCHED,3292,9565107147000,3292,10323544374000,9574247503000,-9140356000,-9140.356000
9565140468000,MATCHED,3293,9565140468000,3293,10323580469000,9574283598000,-9143130000,-9143.130000
9565173792000,MATCHED,3294,9565173792000,3294,10323616565000,9574319694000,-9145902000,-9145.902000
9565207103000,MATCHED,3295,9565207103000,3295,10323652660000,9574355789000,-9148686000,-9148.686000
9565240422000,MATCHED,3296,9565240422000,3296,10323688754000,9574391883000,-9151461000,-9151.461000
9565273740000,MATCHED,3297,9565273740000,3297,10323724849000,9574427978000,-9154238000,-9154.238000
9565307059000,MATCHED,3298,9565307059000,3298,10323760944000,9574464073000,-9157014000,-9157.014000
9565340379000,MATCHED,3299,9565340379000,3299,10323797040000,9574500169000,-9159790000,-9159.790000
9565373700000,MATCHED,3300,9565373700000,3300,10323833135000,9574536264000,-9162564000,-9162.564000
9565407014000,MATCHED,3301,9565407014000,3301,10323869230000,9574572359000,-9165345000,-9165.345000
9565440334000,MATCHED,3302,9565440334000,3302,10323905328000,9574608457000,-9168123000,-9168.123000
9565473651000,MATCHED,3303,9565473651000,3303,10323941419000,9574644548000,-9170897000,-9170.897000
9565506970000,MATCHED,3304,9565506970000,3304,10323977513000,9574680642000,-9173672000,-9173.672000
9565540288000,MATCHED,3305,9565540288000,3305,10324013610000,9574716739000,-9176451000,-9176.451000
9565573608000,MATCHED,3306,9565573608000,3306,10324049705000,9574752834000,-9179226000,-9179.226000
9565606925000,MATCHED,3307,9565606925000,3307,10324085800000,9574788929000,-9182004000,-9182.004000
9565640243000,MATCHED,3308,9565640243000,3308,10324121894000,9574825023000,-9184780000,-9184.780000
9565673562000,MATCHED,3309,9565673562000,3309,10324157990000,9574861119000,-9187557000,-9187.557000
9565706880000,MATCHED,3310,9565706880000,3310,10324194086000,9574897215000,-9190335000,-9190.335000
9565740200000,MATCHED,3311,9565740200000,3311,10324230181000,9574933310000,-9193110000,-9193.110000
9565773517000,MATCHED,3312,9565773517000,3312,10324266280000,9574969409000,-9195892000,-9195.892000
9565806836000,MATCHED,3313,9565806836000,3313,10324302373000,9575005502000,-9198666000,-9198.666000
9565840155000,MATCHED,3314,9565840155000,3314,10324338468000,9575041597000,-9201442000,-9201.442000
9565873474000,MATCHED,3315,9565873474000,3315,10324374563000,9575077692000,-9204218000,-9204.218000
9565906801000,MATCHED,3316,9565906801000,3316,10324410658000,9575113787000,-9206986000,-9206.986000
9565940110000,MATCHED,3317,9565940110000,3317,10324446750000,9575149879000,-9209769000,-9209.769000
9565973429000,MATCHED,3318,9565973429000,3318,10324482843000,9575185972000,-9212543000,-9212.543000
9566006751000,MATCHED,3319,9566006751000,3319,10324518939000,9575222068000,-9215317000,-9215.317000
9566040068000,MATCHED,3320,9566040068000,3320,10324555033000,9575258162000,-9218094000,-9218.094000
9566073386000,MATCHED,3321,9566073386000,3321,10324591128000,9575294257000,-9220871000,-9220.871000
9566106702000,MATCHED,3322,9566106702000,3322,10324627223000,9575330352000,-9223650000,-9223.650000
9566140023000,MATCHED,3323,9566140023000,3323,10324663325000,9575366454000,-9226431000,-9226.431000
9566173339000,MATCHED,3324,9566173339000,3324,10324699415000,9575402544000,-9229205000,-9229.205000
9566206658000,MATCHED,3325,9566206658000,3325,10324735508000,9575438637000,-9231979000,-9231.979000
9566239976000,MATCHED,3326,9566239976000,3326,10324771605000,9575474734000,-9234758000,-9234.758000
9566273295000,MATCHED,3327,9566273295000,3327,10324807701000,9575510830000,-9237535000,-9237.535000
9566306612000,MATCHED,3328,9566306612000,3328,10324843801000,9575546930000,-9240318000,-9240.318000
9566339934000,MATCHED,3329,9566339934000,3329,10324879890000,9575583019000,-9243085000,-9243.085000
9566373250000,MATCHED,3330,9566373250000,3330,10324915988000,9575619117000,-9245867000,-9245.867000
9566406572000,MATCHED,3331,9566406572000,3331,10324952078000,9575655207000,-9248635000,-9248.635000
9566439888000,MATCHED,3332,9566439888000,3332,10324988174000,9575691303000,-9251415000,-9251.415000
9566473207000,MATCHED,3333,9566473207000,3333,10325024280000,9575727409000,-9254202000,-9254.202000
9566506526000,MATCHED,3334,9566506526000,3334,10325060370000,9575763499000,-9256973000,-9256.973000
9566539846000,MATCHED,3335,9566539846000,3335,10325096466000,9575799595000,-9259749000,-9259.749000
9566573161000,MATCHED,3336,9566573161000,3336,10325132567000,9575835696000,-9262535000,-9262.535000
9566606482000,MATCHED,3337,9566606482000,3337,10325168659000,9575871788000,-9265306000,-9265.306000
9566639798000,MATCHED,3338,9566639798000,3338,10325204754000,9575907883000,-9268085000,-9268.085000
9566673116000,MATCHED,3339,9566673116000,3339,10325240844000,9575943973000,-9270857000,-9270.857000
9566706445000,MATCHED,3340,9566706445000,3340,10325276937000,9575980066000,-9273621000,-9273.621000
9566739759000,MATCHED,3341,9566739759000,3341,10325313038000,9576016167000,-9276408000,-9276.408000
9566773079000,MATCHED,3342,9566773079000,3342,10325349132000,9576052261000,-9279182000,-9279.182000
9566806407000,MATCHED,3343,9566806407000,3343,10325385220000,9576088349000,-9281942000,-9281.942000
9566839712000,MATCHED,3344,9566839712000,3344,10325421315000,9576124444000,-9284732000,-9284.732000
9566873028000,MATCHED,3345,9566873028000,3345,10325457410000,9576160539000,-9287511000,-9287.511000
9566906347000,MATCHED,3346,9566906347000,3346,10325493505000,9576196634000,-9290287000,-9290.287000
9566939665000,MATCHED,3347,9566939665000,3347,10325529599000,9576232728000,-9293063000,-9293.063000
9566972983000,MATCHED,3348,9566972983000,3348,10325565695000,9576268824000,-9295841000,-9295.841000
9567006302000,MATCHED,3349,9567006302000,3349,10325601796000,9576304925000,-9298623000,-9298.623000
9567039625000,MATCHED,3350,9567039625000,3350,10325637885000,9576341014000,-9301389000,-9301.389000
9567072940000,MATCHED,3351,9567072940000,3351,10325673980000,9576377109000,-9304169000,-9304.169000
9567106258000,MATCHED,3352,9567106258000,3352,10325710075000,9576413204000,-9306946000,-9306.946000
9567139579000,MATCHED,3353,9567139579000,3353,10325746171000,9576449300000,-9309721000,-9309.721000
9567172899000,MATCHED,3354,9567172899000,3354,10325782265000,9576485394000,-9312495000,-9312.495000
9567206218000,MATCHED,3355,9567206218000,3355,10325818361000,9576521490000,-9315272000,-9315.272000
9567239546000,MATCHED,3356,9567239546000,3356,10325854456000,9576557585000,-9318039000,-9318.039000
9567272854000,MATCHED,3357,9567272854000,3357,10325890550000,9576593679000,-9320825000,-9320.825000
9567306168000,MATCHED,3358,9567306168000,3358,10325926645000,9576629774000,-9323606000,-9323.606000
9567339497000,MATCHED,3359,9567339497000,3359,10325962741000,9576665870000,-9326373000,-9326.373000
9567372811000,MATCHED,3360,9567372811000,3360,10325998835000,9576701964000,-9329153000,-9329.153000
9567406126000,MATCHED,3361,9567406126000,3361,10326034930000,9576738059000,-9331933000,-9331.933000
9567439446000,MATCHED,3362,9567439446000,3362,10326071027000,9576774156000,-9334710000,-9334.710000
9567472767000,MATCHED,3363,9567472767000,3363,10326107121000,9576810250000,-9337483000,-9337.483000
9567506093000,MATCHED,3364,9567506093000,3364,10326143216000,9576846345000,-9340252000,-9340.252000
9567539405000,MATCHED,3365,9567539405000,3365,10326179311000,9576882440000,-9343035000,-9343.035000
9567572720000,MATCHED,3366,9567572720000,3366,10326215406000,9576918535000,-9345815000,-9345.815000
9567606042000,MATCHED,3367,9567606042000,3367,10326251501000,9576954630000,-9348588000,-9348.588000
9567639358000,MATCHED,3368,9567639358000,3368,10326287595000,9576990724000,-9351366000,-9351.366000
9567672673000,MATCHED,3369,9567672673000,3369,10326323691000,9577026820000,-9354147000,-9354.147000
9567706004000,MATCHED,3370,9567706004000,3370,10326359786000,9577062915000,-9356911000,-9356.911000
