Source_Index,Sink_Index,HQ_Index,Source_Sensor_ns,Sink_Sensor_ns,Source_Wall_ns,HQ_Wall_ns,TripleStatus
0,0,19,9455422704000,10204719575000,1779380457044198526,1779380457057827548,FULL
1,1,19,9455456024000,10204755672000,1779380457074643043,1779380457057827548,FULL
2,2,20,9455489343000,10204791767000,1779380457108318156,1779380457093304108,FULL
3,3,22,9455522664000,10204827867000,1779380457142087286,1779380457158836523,FULL
4,4,23,9455555980000,10204863953000,1779380457175611086,1779380457190972042,FULL
5,5,24,9455589299000,10204900055000,1779380457209176830,1779380457224292568,FULL
6,6,25,9455622617000,10204936152000,1779380457243303753,1779380457258547437,FULL
7,7,26,9455655936000,10204972241000,1779380457276564703,1779380457292119942,FULL
8,8,27,9455689254000,10205008337000,1779380457309790265,1779380457326166386,FULL
9,9,27,9455722575000,10205044430000,1779380457342264409,1779380457326166386,FULL
10,10,29,9455755891000,10205080526000,1779380457375812005,1779380457393016084,FULL
11,11,30,9455789209000,10205116621000,1779380457410758846,1779380457425035549,FULL
12,12,31,9455822526000,10205152725000,1779380457442116446,1779380457458517462,FULL
13,13,32,9455855845000,10205188812000,1779380457475461692,1779380457491797933,FULL
14,14,33,9455889165000,10205224905000,1779380457508825252,1779380457525268439,FULL
15,15,34,9455922483000,10205261002000,1779380457542095832,1779380457557759955,FULL
16,16,35,9455955801000,10205297097000,1779380457575499652,1779380457592072749,FULL
17,17,36,9455989120000,10205333188000,1779380457608667566,1779380457624020732,FULL
18,18,37,9456022437000,10205369282000,1779380457642262291,1779380457657254926,FULL
19,19,37,9456055760000,10205405377000,1779380457675400150,1779380457657254926,FULL
20,20,39,9456089075000,10205441472000,1779380457710274140,1779380457723816534,FULL
21,21,40,9456122394000,10205477567000,1779380457741968366,1779380457758299364,FULL
22,22,41,9456155711000,10205513665000,1779380457775329834,1779380457790870638,FULL
23,23,42,9456189029000,10205549760000,1779380457811006148,1779380457823940648,FULL
24,24,43,9456222349000,10205585855000,1779380457841865865,1779380457858164331,FULL
25,25,44,9456255668000,10205621947000,1779380457875142871,1779380457891626911,FULL
26,26,45,9456288986000,10205658042000,1779380457909426329,1779380457924097501,FULL
27,27,46,9456322304000,10205694137000,1779380457943801638,1779380457957317973,FULL
28,28,47,9456355624000,10205730232000,1779380457975121442,1779380457991852709,FULL
29,29,48,9456388941000,10205766328000,1779380458008459763,1779380458023703638,FULL
30,30,49,9456422259000,10205802422000,1779380458043057255,1779380458057872174,FULL
31,31,50,9456455578000,10205838517000,1779380458075120181,1779380458090982239,FULL
32,32,51,9456488897000,10205874613000,1779380458108320021,1779380458125109295,FULL
33,33,52,9456522216000,10205910708000,1779380458141858024,1779380458157318331,FULL
34,34,53,9456555535000,10205946803000,1779380458175304825,1779380458192088862,FULL
35,35,53,9456588864000,10205982897000,1779380458208400221,1779380458192088862,FULL
36,36,55,9456622170000,10206018992000,1779380458241603265,1779380458257528055,FULL
37,37,56,9456655490000,10206055087000,1779380458274899826,1779380458291621722,FULL
38,38,57,9456688807000,10206091184000,1779380458308234850,1779380458324152644,FULL
39,39,58,9456722126000,10206127285000,1779380458341493431,1779380458356952879,FULL
40,40,59,9456755444000,10206163380000,1779380458374979657,1779380458391130804,FULL
41,41,60,9456788763000,10206199475000,1779380458423571429,1779380458435052726,FULL
42,42,61,9456822082000,10206235565000,1779380458457141988,1779380458459121917,FULL
43,43,62,9456855402000,10206271684000,1779380458490283125,1779380458490241483,FULL
44,44,63,9456888720000,10206307764000,1779380458523661333,1779380458522306262,FULL
45,45,64,9456922039000,10206343857000,1779380458556890747,1779380458555138718,FULL
46,46,65,9456955357000,10206379949000,1779380458591056688,1779380458588555651,FULL
47,47,66,9456988676000,10206416051000,1779380458628280839,1779380458624228635,FULL
48,48,67,9457021995000,10206452170000,1779380458661786638,1779380458655810808,FULL
49,49,68,9457055315000,10206488230000,1779380458695320494,1779380458688927947,FULL
50,50,69,9457088632000,10206524330000,1779380458728498519,1779380458723123853,FULL
51,51,70,9457121950000,10206560421000,1779380458761701137,1779380458756288547,FULL
52,52,71,9457155267000,10206596516000,1779380458794590425,1779380458804827221,FULL
53,53,72,9457188585000,10206632608000,1779380458828707700,1779380458850279461,FULL
54,54,72,9457221903000,10206668704000,1779380458860425851,1779380458850279461,FULL
55,55,73,9457255222000,10206704799000,1779380458892553147,1779380458879771969,FULL
56,56,74,9457288540000,10206740892000,1779380458926537424,1779380458919670857,FULL
57,57,75,9457321860000,10206776988000,1779380458962211571,1779380458952603127,FULL
58,58,76,9457355177000,10206813082000,1779380458992914011,1779380458985184068,FULL
59,59,77,9457388496000,10206849178000,1779380459025998149,1779380459018554686,FULL
60,60,79,9457421814000,10206885273000,1779380459072462110,1779380459085857880,FULL
61,61,79,9457455134000,10206921371000,1779380459095239596,1779380459085857880,FULL
62,62,80,9457488453000,10206957465000,1779380459128439695,1779380459120460912,FULL
63,63,81,9457521771000,10206993561000,1779380459159532483,1779380459151735661,FULL
64,64,82,9457555089000,10207029653000,1779380459192561807,1779380459184116956,FULL
65,65,83,9457588409000,10207065748000,1779380459224082942,1779380459218822264,FULL
66,66,84,9457621730000,10207101842000,1779380459255978666,1779380459250230365,FULL
67,67,85,9457655044000,10207137938000,1779380459287192990,1779380459285054542,FULL
68,68,86,9457688363000,10207174033000,1779380459322010776,1779380459318581029,FULL
69,69,87,9457721681000,10207210128000,1779380459355761444,1779380459351988351,FULL
70,70,88,9457754999000,10207246225000,1779380459390742339,1779380459385251303,FULL
71,71,89,9457788320000,10207282318000,1779380459427623752,1779380459418457775,FULL
72,72,90,9457821637000,10207318412000,1779380459459396903,1779380459451843115,FULL
73,73,91,9457854955000,10207354508000,1779380459492743890,1779380459485166733,FULL
74,74,92,9457888276000,10207390603000,1779380459527535954,1779380459520276390,FULL
75,75,93,9457921592000,10207426698000,1779380459559314069,1779380459552037561,FULL
76,76,94,9457954912000,10207462792000,1779380459590926629,1779380459585087886,FULL
77,77,95,9457988231000,10207498889000,1779380459613516301,1779380459618441134,FULL
78,78,96,9458021549000,10207534983000,1779380459642726683,1779380459651667605,FULL
79,79,97,9458054867000,10207571078000,1779380459679394654,1779380459684863725,FULL
80,80,98,9458088183000,10207607173000,1779380459708429296,1779380459718248139,FULL
81,81,99,9458121503000,10207643267000,1779380459740795793,1779380459751762515,FULL
82,82,100,9458154821000,10207679362000,1779380459774259464,1779380459784795692,FULL
83,83,101,9458188141000,10207715458000,1779380459807477396,1779380459817972590,FULL
84,84,102,9458221458000,10207751552000,1779380459843518263,1779380459852583695,FULL
85,85,103,9458254777000,10207787647000,1779380459874210536,1779380459884877694,FULL
86,86,104,9458288096000,10207823747000,1779380459907430432,1779380459917976389,FULL
87,87,105,9458321413000,10207859841000,1779380459940896658,1779380459953690633,FULL
88,88,106,9458354733000,10207895936000,1779380459974265718,1779380459990033110,FULL
89,89,107,9458388051000,10207932028000,1779380460007492929,1779380460018797625,FULL
90,90,108,9458421369000,10207968123000,1779380460040869359,1779380460051321937,FULL
91,91,109,9458454687000,10208004218000,1779380460074442251,1779380460084804832,FULL
92,92,110,9458488011000,10208040314000,1779380460108540600,1779380460117958822,FULL
93,93,111,9458521325000,10208076408000,1779380460140919264,1779380460151275478,FULL
94,94,112,9458554643000,10208112504000,1779380460175075242,1779380460184933667,FULL
95,95,113,9458587959000,10208148597000,1779380460207288222,1779380460218109898,FULL
96,96,114,9458621283000,10208184697000,1779380460240965872,1779380460251201001,FULL
97,97,115,9458654598000,10208220788000,1779380460274082158,1779380460284535045,FULL
98,98,116,9458687916000,10208256883000,1779380460307376793,1779380460317912644,FULL
99,99,126,9458721233000,10208292979000,1779380460651933378,1779380460651144830,FULL
100,100,126,9458754553000,10208329073000,1779380460652302393,1779380460651144830,FULL
101,101,126,9458787873000,10208365169000,1779380460652518909,1779380460651144830,FULL
102,102,126,9458821189000,10208401264000,1779380460652759536,1779380460651144830,FULL
103,103,126,9458854508000,10208437360000,1779380460652978312,1779380460651144830,FULL
104,104,126,9458887826000,10208473456000,1779380460653200087,1779380460651144830,FULL
105,105,126,9458921146000,10208509551000,1779380460653431474,1779380460651144830,FULL
106,106,126,9458954463000,10208545646000,1779380460653691897,1779380460651144830,FULL
107,107,126,9458987783000,10208581738000,1779380460654106448,1779380460651144830,FULL
108,108,126,9459021102000,10208617835000,1779380460654440185,1779380460651144830,FULL
109,109,127,9459054419000,10208653951000,1779380460673700522,1779380460684315505,FULL
110,110,128,9459087739000,10208690024000,1779380460707208044,1779380460711931124,FULL
111,111,129,9459121059000,10208726123000,1779380460740355959,1779380460753745382,FULL
112,112,130,9459154374000,10208762213000,1779380460774018202,1779380460785466386,FULL
113,113,131,9459187692000,10208798308000,1779380460806691381,1779380460820844577,FULL
114,114,132,9459221012000,10208834404000,1779380460840353068,1779380460851464796,FULL
115,115,133,9459254330000,10208870497000,1779380460873851609,1779380460884561158,FULL
116,116,134,9459287654000,10208906592000,1779380460906571787,1779380460917573150,FULL
117,117,135,9459320966000,10208942687000,1779380460940350066,1779380460950939583,FULL
118,118,136,9459354285000,10208978783000,1779380460974064345,1779380460984334571,FULL
119,119,137,9459387607000,10209014878000,1779380461006496119,1779380461017878947,FULL
120,120,138,9459420923000,10209050972000,1779380461045080625,1779380461050947012,FULL
121,121,139,9459454241000,10209087071000,1779380461075412088,1779380461085380268,FULL
122,122,140,9459487561000,10209123170000,1779380461107059555,1779380461117770859,FULL
123,123,141,9459520880000,10209159263000,1779380461139319831,1779380461150879257,FULL
124,124,142,9459554196000,10209195352000,1779380461172528893,1779380461178748021,FULL
125,125,143,9459587516000,10209231446000,1779380461206119692,1779380461217689955,FULL
126,126,144,9459620833000,10209267541000,1779380461239356513,1779380461250907093,FULL
127,127,145,9459654154000,10209303636000,1779380461272727055,1779380461284429414,FULL
128,128,146,9459687470000,10209339731000,1779380461306492593,1779380461317664885,FULL
129,129,147,9459720790000,10209375826000,1779380461339612249,1779380461350920634,FULL
130,130,148,9459754108000,10209411922000,1779380461373008531,1779380461384146661,FULL
131,131,149,9459787426000,10209448018000,1779380461406437999,1779380461417508408,FULL
132,132,150,9459820745000,10209484113000,1779380461439595710,1779380461450962081,FULL
133,133,151,9459854063000,10209520207000,1779380461472783920,1779380461484208256,FULL
134,134,152,9459887381000,10209556303000,1779380461506632105,1779380461517494745,FULL
135,135,153,9459920703000,10209592396000,1779380461540132072,1779380461550826790,FULL
136,136,154,9459954019000,10209628491000,1779380461573486151,1779380461587415228,FULL
137,137,155,9459987337000,10209664587000,1779380461606227348,1779380461618547127,FULL
138,138,156,9460020655000,10209700683000,1779380461640150125,1779380461648019043,FULL
139,139,157,9460053975000,10209736777000,1779380461673467575,1779380461673051965,FULL
140,140,158,9460087293000,10209772872000,1779380461707339964,1779380461716615409,FULL
141,141,159,9460120611000,10209808967000,1779380461740051087,1779380461750750334,FULL
142,142,160,9460153930000,10209845061000,1779380461773449388,1779380461784311673,FULL
143,143,161,9460187248000,10209881157000,1779380461808131971,1779380461817570773,FULL
144,144,162,9460220565000,10209917252000,1779380461839985122,1779380461850782208,FULL
145,145,163,9460253886000,10209953347000,1779380461873372756,1779380461884196659,FULL
146,146,164,9460287203000,10209989448000,1779380461906622596,1779380461917643980,FULL
147,147,165,9460320522000,10210025543000,1779380461939480588,1779380461951003950,FULL
148,148,166,9460353840000,10210061639000,1779380461973264996,1779380461987446538,FULL
149,149,167,9460387159000,10210097727000,1779380462006914702,1779380462020621862,FULL
150,150,168,9460420484000,10210133822000,1779380462041922245,1779380462048672976,FULL
151,151,169,9460453796000,10210169919000,1779380462072794406,1779380462075659360,FULL
152,152,170,9460487115000,10210206012000,1779380462108461053,1779380462115436990,FULL
153,153,171,9460520432000,10210242107000,1779380462139790172,1779380462130568546,FULL
154,154,172,9460553750000,10210278202000,1779380462173275713,1779380462158516198,FULL
155,155,173,9460587071000,10210314297000,1779380462206521238,1779380462190655865,FULL
156,156,174,9460620387000,10210350392000,1779380462239271842,1779380462223061326,FULL
157,157,176,9460653709000,10210386487000,1779380462273707003,1779380462289047107,FULL
158,158,177,9460687025000,10210422583000,1779380462308345346,1779380462322563871,FULL
159,159,178,9460720344000,10210458677000,1779380462339821760,1779380462355586771,FULL
160,160,179,9460753664000,10210494771000,1779380462374512677,1779380462390092137,FULL
161,161,179,9460786981000,10210530867000,1779380462406443586,1779380462390092137,FULL
162,162,180,9460820299000,10210566963000,1779380462439661315,1779380462439833687,FULL
163,163,181,9460853616000,10210603059000,1779380462473092986,1779380462458121601,FULL
164,164,183,9460886936000,10210639152000,1779380462506564841,1779380462520818321,FULL
165,165,184,9460920256000,10210675247000,1779380462539944180,1779380462554989395,FULL
166,166,185,9460953574000,10210711342000,1779380462572517452,1779380462588141867,FULL
167,167,186,9460986895000,10210747437000,1779380462606314490,1779380462621055174,FULL
168,168,187,9461020209000,10210783533000,1779380462639525274,1779380462654003130,FULL
169,169,188,9461053528000,10210819627000,1779380462673129610,1779380462688187407,FULL
170,170,189,9461086848000,10210855722000,1779380462706359117,1779380462723393710,FULL
171,171,189,9461120165000,10210891817000,1779380462739014648,1779380462723393710,FULL
172,172,,9461153484000,10210927912000,1779380462772830481,,MISSING_HQ
173,173,,9461186803000,10210964008000,1779380462806471483,,MISSING_HQ
174,174,,9461220123000,10211000103000,1779380462839432289,,MISSING_HQ
175,175,,9461253440000,10211036197000,1779380462872251374,,MISSING_HQ
176,176,190,9461286757000,10211072293000,1779380462906277261,1779380462910686971,FULL
177,177,196,9461320078000,10211108388000,1779380462939536971,1779380462955155018,FULL
178,178,197,9461353395000,10211144482000,1779380462972268056,1779380462988613709,FULL
179,179,197,9461386713000,10211180578000,1779380463005508377,1779380462988613709,FULL
180,180,199,9461420033000,10211216672000,1779380463044559879,1779380463055966624,FULL
181,181,200,9461453353000,10211252767000,1779380463074493827,1779380463088970191,FULL
182,182,201,9461486669000,10211288864000,1779380463106267978,1779380463123166412,FULL
183,183,201,9461519987000,10211324957000,1779380463138537273,1779380463123166412,FULL
184,184,202,9461553304000,10211361052000,1779380463171773964,1779380463156196107,FULL
185,185,203,9461586624000,10211397147000,1779380463205087618,1779380463188612809,FULL
186,186,204,9461619942000,10211433242000,1779380463238438808,1779380463222856474,FULL
187,187,205,9461653262000,10211469337000,1779380463271649037,1779380463255342249,FULL
188,188,206,9461686579000,10211505432000,1779380463305490500,1779380463289521229,FULL
189,189,208,9461719898000,10211541527000,1779380463340632394,1779380463356278502,FULL
190,190,208,9461753217000,10211577622000,1779380463371941606,1779380463356278502,FULL
191,191,209,9461786535000,10211613717000,1779380463405288611,1779380463390198152,FULL
192,192,210,9461819853000,10211649813000,1779380463438680116,1779380463423986044,FULL
193,193,211,9461853171000,10211685907000,1779380463471931826,1779380463455643012,FULL
194,194,213,9461886490000,10211722002000,1779380463506011620,1779380463521814013,FULL
195,195,214,9461919810000,10211758098000,1779380463539217848,1779380463555799643,FULL
196,196,215,9461953127000,10211794193000,1779380463572686130,1779380463589145021,FULL
197,197,216,9461986449000,10211830289000,1779380463605780305,1779380463621580778,FULL
198,198,217,9462019764000,10211866382000,1779380463640421871,1779380463655944201,FULL
199,199,218,9462053083000,10211902477000,1779380463672440556,1779380463688727825,FULL
200,200,219,9462086402000,10211938572000,1779380463707386860,1779380463722809139,FULL
201,201,220,9462119727000,10211974669000,1779380463741028899,1779380463754998936,FULL
202,202,221,9462153045000,10212010762000,1779380463773988890,1779380463788975511,FULL
203,203,222,9462186399000,10212046857000,1779380463807077027,1779380463823848799,FULL
204,204,223,9462219685000,10212082956000,1779380463841120229,1779380463854719109,FULL
205,205,224,9462253001000,10212119048000,1779380463877194539,1779380463889237919,FULL
206,206,224,9462286317000,10212155142000,1779380463906132405,1779380463889237919,FULL
207,207,225,9462319630000,10212191238000,1779380463939104136,1779380463923313641,FULL
208,208,226,9462352947000,10212227332000,1779380463972394809,1779380463957603584,FULL
209,209,227,9462386266000,10212263428000,1779380464005813332,1779380463989137424,FULL
210,210,228,9462419586000,10212299523000,1779380464039092116,1779380464022661707,FULL
211,211,229,9462452903000,10212335618000,1779380464072980912,1779380464057740030,FULL
212,212,231,9462486226000,10212371713000,1779380464105759700,1779380464121988458,FULL
213,213,232,9462519541000,10212407808000,1779380464138999244,1779380464155947070,FULL
214,214,232,9462552859000,10212443903000,1779380464172414785,1779380464155947070,FULL
215,215,233,9462586178000,10212480001000,1779380464205638699,1779380464189517519,FULL
216,216,234,9462619496000,10212516095000,1779380464238437229,1779380464221969628,FULL
217,217,235,9462652818000,10212552189000,1779380464272221655,1779380464255688002,FULL
218,218,237,9462686132000,10212588286000,1779380464305591438,1779380464321220213,FULL
219,219,237,9462719451000,10212624383000,1779380464338976369,1779380464321220213,FULL
220,220,238,9462752769000,10212660481000,1779380464372295949,1779380464358224443,FULL
221,221,239,9462786087000,10212696573000,1779380464405451363,1779380464387744970,FULL
222,222,240,9462819407000,10212732671000,1779380464440487703,1779380464433444504,FULL
223,223,241,9462852725000,10212768763000,1779380464472140374,1779380464457182772,FULL
224,224,243,9462886043000,10212804860000,1779380464505550082,1779380464519864251,FULL
225,225,244,9462919362000,10212840949000,1779380464538800033,1779380464552800651,FULL
226,226,245,9462952680000,10212877046000,1779380464572452942,1779380464586352009,FULL
227,227,246,9462986003000,10212913138000,1779380464623097545,1779380464619701571,FULL
228,228,247,9463019319000,10212949233000,1779380464658958673,1779380464653861385,FULL
229,229,248,9463052640000,10212985328000,1779380464692507120,1779380464687010802,FULL
230,230,249,9463085958000,10213021423000,1779380464723623926,1779380464720343254,FULL
231,231,250,9463119275000,10213057518000,1779380464755740537,1779380464753708687,FULL
232,232,251,9463152595000,10213093614000,1779380464789675147,1779380464786863010,FULL
233,233,252,9463185911000,10213129716000,1779380464822927931,1779380464820803771,FULL
234,234,253,9463219230000,10213165810000,1779380464856390009,1779380464854210093,FULL
235,235,254,9463252549000,10213201905000,1779380464891240980,1779380464887646636,FULL
236,236,255,9463285867000,10213237994000,1779380464924612837,1779380464920894977,FULL
237,237,256,9463319185000,10213274088000,1779380464958478781,1779380464954196318,FULL
238,238,257,9463352505000,10213310183000,1779380464994803663,1779380464987533048,FULL
239,239,258,9463385823000,10213346279000,1779380465024289727,1779380465020890740,FULL
240,240,259,9463419141000,10213382373000,1779380465069657848,1779380465054165100,FULL
241,241,260,9463452461000,10213418469000,1779380465094671773,1779380465087470941,FULL
242,242,261,9463485779000,10213454565000,1779380465120839538,1779380465121638884,FULL
243,243,262,9463519100000,10213490658000,1779380465150963947,1779380465155274870,FULL
244,244,263,9463552416000,10213526753000,1779380465184819207,1779380465188568637,FULL
245,245,264,9463585734000,10213562849000,1779380465220777592,1779380465221893663,FULL
246,246,265,9463619052000,10213598944000,1779380465255203105,1779380465254324994,FULL
247,247,266,9463652374000,10213635041000,1779380465290194019,1779380465288431883,FULL
248,248,267,9463685690000,10213671134000,1779380465322841791,1779380465320816529,FULL
249,249,268,9463719009000,10213707229000,1779380465355649375,1779380465355108638,FULL
250,250,269,9463752327000,10213743324000,1779380465390924472,1779380465388925511,FULL
251,251,270,9463785645000,10213779420000,1779380465422063667,1779380465422076279,FULL
252,252,271,9463818964000,10213815513000,1779380465455569485,1779380465457278972,FULL
253,253,272,9463852283000,10213851610000,1779380465488460939,1779380465489936097,FULL
254,254,273,9463885601000,10213887703000,1779380465522726639,1779380465521386808,FULL
255,255,274,9463918921000,10213923798000,1779380465556378807,1779380465555183052,FULL
256,256,275,9463952238000,10213959893000,1779380465591437258,1779380465590386300,FULL
257,257,276,9463985557000,10213995996000,1779380465626226581,1779380465621947250,FULL
258,258,277,9464018875000,10214032090000,1779380465659272664,1779380465654371230,FULL
259,259,278,9464052193000,10214068183000,1779380465691821066,1779380465687417980,FULL
260,260,279,9464085514000,10214104277000,1779380465724002584,1779380465721456592,FULL
261,261,280,9464118831000,10214140372000,1779380465756051917,1779380465754791062,FULL
262,262,281,9464152149000,10214176468000,1779380465789597124,1779380465788342827,FULL
263,263,282,9464185468000,10214212558000,1779380465822449264,1779380465820766361,FULL
264,264,283,9464218785000,10214248654000,1779380465855929212,1779380465854668363,FULL
265,265,284,9464252104000,10214284749000,1779380465889180108,1779380465889795242,FULL
266,266,285,9464285422000,10214320844000,1779380465924357075,1779380465922327090,FULL
267,267,286,9464318741000,10214356939000,1779380465958085206,1779380465955722171,FULL
268,268,287,9464352060000,10214393034000,1779380465991647172,1779380465989133456,FULL
269,269,288,9464385378000,10214429135000,1779380466024586219,1779380466022045337,FULL
270,270,289,9464418698000,10214465224000,1779380466058479274,1779380466054242911,FULL
271,271,290,9464452017000,10214501319000,1779380466091916278,1779380466088243190,FULL
272,272,291,9464485335000,10214537414000,1779380466124235331,1779380466120622521,FULL
273,273,292,9464518652000,10214573509000,1779380466156024871,1779380466154606504,FULL
274,274,293,9464551970000,10214609604000,1779380466189011398,1779380466189315720,FULL
275,275,294,9464585289000,10214645699000,1779380466224900025,1779380466220745357,FULL
276,276,295,9464618608000,10214681800000,1779380466255837185,1779380466253939292,FULL
277,277,296,9464651927000,10214717896000,1779380466289526631,1779380466287282391,FULL
278,278,297,9464685245000,10214753995000,1779380466322662102,1779380466321360706,FULL
279,279,298,9464718563000,10214790083000,1779380466355927126,1779380466353808019,FULL
280,280,299,9464751881000,10214826182000,1779380466388983912,1779380466388223756,FULL
281,281,300,9464785200000,10214862285000,1779380466422231363,1779380466438582782,FULL
282,282,301,9464818519000,10214898376000,1779380466455626386,1779380466459029823,FULL
283,283,302,9464851838000,10214934471000,1779380466492587354,1779380466489437044,FULL
284,284,303,9464885163000,10214970565000,1779380466524833741,1779380466522046688,FULL
285,285,304,9464918474000,10215006660000,1779380466555683587,1779380466553039533,FULL
286,286,305,9464951794000,10215042757000,1779380466588899038,1779380466585753250,FULL
287,287,306,9464985111000,10215078854000,1779380466624365299,1779380466619119720,FULL
288,288,307,9465018430000,10215114944000,1779380466655632178,1779380466652410783,FULL
289,289,308,9465051749000,10215151045000,1779380466689385105,1779380466686537412,FULL
290,290,309,9465085067000,10215187140000,1779380466724585961,1779380466719784995,FULL
291,291,310,9465118385000,10215223223000,1779380466751011168,1779380466752991929,FULL
292,292,311,9465151704000,10215259315000,1779380466783936363,1779380466786322344,FULL
293,293,312,9465185021000,10215295410000,1779380466823009216,1779380466820207142,FULL
294,294,313,9465218339000,10215331504000,1779380466857754966,1779380466853541761,FULL
295,295,314,9465251660000,10215367599000,1779380466890303220,1779380466887147747,FULL
296,296,315,9465284976000,10215403694000,1779380466922873659,1779380466920267552,FULL
297,297,316,9465318296000,10215439789000,1779380466955995167,1779380466953770521,FULL
298,298,317,9465351614000,10215475884000,1779380466989363024,1779380466986841179,FULL
299,299,318,9465384932000,10215511987000,1779380467022687307,1779380467020162057,FULL
300,300,319,9465418251000,10215548083000,1779380467068911475,1779380467053500231,FULL
301,301,320,9465451570000,10215584182000,1779380467091438389,1779380467086663943,FULL
302,302,321,9465484887000,10215620268000,1779380467123060801,1779380467140704767,FULL
303,303,321,9465518208000,10215656360000,1779380467153937128,1779380467140704767,FULL
304,304,322,9465551525000,10215692454000,1779380467188466195,1779380467183017094,FULL
305,305,323,9465584849000,10215728552000,1779380467218882490,1779380467218940965,FULL
306,306,324,9465618163000,10215764645000,1779380467247300713,1779380467250350491,FULL
307,307,325,9465651480000,10215800740000,1779380467281422729,1779380467283025153,FULL
308,308,326,9465684798000,10215836837000,1779380467320322862,1779380467318804284,FULL
309,309,327,9465718116000,10215872930000,1779380467361205400,1779380467348831491,FULL
310,310,328,9465751436000,10215909025000,1779380467389971175,1779380467382125480,FULL
311,311,329,9465784756000,10215945120000,1779380467423267514,1779380467415441283,FULL
312,312,330,9465818073000,10215981215000,1779380467457222346,1779380467448628700,FULL
313,313,331,9465851392000,10216017309000,1779380467488615797,1779380467482052947,FULL
314,314,332,9465884710000,10216053405000,1779380467522341873,1779380467515450213,FULL
315,315,333,9465918028000,10216089500000,1779380467555199883,1779380467548700813,FULL
316,316,334,9465951347000,10216125596000,1779380467588699831,1779380467581960118,FULL
317,317,335,9465984665000,10216161691000,1779380467622117113,1779380467616945202,FULL
318,318,336,9466017985000,10216197785000,1779380467657805891,1779380467648698743,FULL
319,319,337,9466051301000,10216233880000,1779380467688574663,1779380467682063213,FULL
320,320,338,9466084621000,10216269976000,1779380467722073500,1779380467717189036,FULL
321,321,339,9466117938000,10216306073000,1779380467757317967,1779380467748905541,FULL
322,322,340,9466151257000,10216342164000,1779380467788459459,1779380467782028328,FULL
323,323,341,9466184576000,10216378260000,1779380467821537355,1779380467815132930,FULL
324,324,342,9466217894000,10216414363000,1779380467856669101,1779380467848624973,FULL
325,325,343,9466251214000,10216450459000,1779380467889446705,1779380467882429994,FULL
326,326,344,9466284531000,10216486554000,1779380467923192410,1779380467915276599,FULL
327,327,345,9466317856000,10216522641000,1779380467957692422,1779380467949409950,FULL
328,328,346,9466351169000,10216558735000,1779380467987307855,1779380467983160620,FULL
329,329,347,9466384488000,10216594830000,1779380468019851239,1779380468017690801,FULL
330,330,348,9466417806000,10216630925000,1779380468043347605,1779380468048499629,FULL
331,331,349,9466451127000,10216667020000,1779380468071857383,1779380468082140967,FULL
332,332,350,9466484452000,10216703116000,1779380468107637567,1779380468115298383,FULL
333,333,351,9466517761000,10216739212000,1779380468137309610,1779380468149429420,FULL
334,334,352,9466551079000,10216775305000,1779380468170638486,1779380468183131164,FULL
335,335,353,9466584396000,10216811401000,1779380468203820363,1779380468216374487,FULL
336,336,354,9466617713000,10216847495000,1779380468237127091,1779380468248668893,FULL
337,337,355,9466651033000,10216883590000,1779380468270413356,1779380468282103178,FULL
338,338,356,9466684351000,10216919685000,1779380468303921878,1779380468315198761,FULL
339,339,357,9466717670000,10216955780000,1779380468337476641,1779380468350216011,FULL
340,340,358,9466750992000,10216991883000,1779380468371005626,1779380468381901572,FULL
341,341,359,9466784307000,10217027979000,1779380468403575806,1779380468415201561,FULL
342,342,359,9466817626000,10217064083000,1779380468436903478,1779380468415201561,FULL
343,343,360,9466850944000,10217100168000,1779380468470202983,1779380468467699140,FULL
344,344,362,9466884262000,10217136267000,1779380468503748783,1779380468516466404,FULL
345,345,363,9466917581000,10217172356000,1779380468537249194,1779380468548259797,FULL
346,346,364,9466950900000,10217208452000,1779380468572127535,1779380468573648845,FULL
347,347,365,9466984218000,10217244542000,1779380468603567486,1779380468615021440,FULL
348,348,366,9467017536000,10217280637000,1779380468636780808,1779380468642470042,FULL
349,349,367,9467050854000,10217316731000,1779380468670263885,1779380468682422503,FULL
350,350,368,9467084172000,10217352826000,1779380468703481762,1779380468715764992,FULL
351,351,369,9467117491000,10217388921000,1779380468737264911,1779380468750486467,FULL
352,352,370,9467150810000,10217425016000,1779380468770240309,1779380468781549737,FULL
353,353,371,9467184129000,10217461112000,1779380468803378354,1779380468815013521,FULL
354,354,372,9467217447000,10217497212000,1779380468836929560,1779380468848544452,FULL
355,355,373,9467250765000,10217533308000,1779380468871390276,1779380468881633610,FULL
356,356,374,9467284086000,10217569401000,1779380468903761495,1779380468914875822,FULL
357,357,375,9467317403000,10217605494000,1779380468936900558,1779380468951105875,FULL
358,358,376,9467350720000,10217641586000,1779380468971832695,1779380468981655373,FULL
359,359,377,9467384040000,10217677680000,1779380469003632494,1779380469015174360,FULL
360,360,378,9467417358000,10217713775000,1779380469041495342,1779380469048102704,FULL
361,361,379,9467450676000,10217749871000,1779380469071816452,1779380469081516618,FULL
362,362,380,9467483996000,10217785967000,1779380469103297810,1779380469114677220,FULL
363,363,381,9467517314000,10217822060000,1779380469135836639,1779380469151573377,FULL
364,364,382,9467550632000,10217858157000,1779380469169035516,1779380469182431335,FULL
365,365,383,9467583953000,10217894252000,1779380469202562260,1779380469215848675,FULL
366,366,384,9467617269000,10217930346000,1779380469235716915,1779380469251292143,FULL
367,367,385,9467650588000,10217966441000,1779380469269282844,1779380469281953862,FULL
368,368,386,9467683906000,10218002536000,1779380469302671053,1779380469314846892,FULL
369,369,387,9467717225000,10218038631000,1779380469335967540,1779380469348387138,FULL
370,370,388,9467750543000,10218074726000,1779380469369605913,1779380469381864496,FULL
371,371,389,9467783862000,10218110821000,1779380469403148731,1779380469414798747,FULL
372,372,390,9467817180000,10218146919000,1779380469436372274,1779380469448253013,FULL
373,373,391,9467850498000,10218183011000,1779380469469648817,1779380469481609946,FULL
374,374,392,9467883817000,10218219106000,1779380469503048433,1779380469514738585,FULL
375,375,393,9467917135000,10218255200000,1779380469536372031,1779380469548100333,FULL
376,376,394,9467950453000,10218291296000,1779380469569968941,1779380469583191397,FULL
377,377,395,9467983774000,10218327391000,1779380469603063745,1779380469614880087,FULL
378,378,396,9468017091000,10218363486000,1779380469636408473,1779380469647982485,FULL
379,379,397,9468050409000,10218399586000,1779380469671528089,1779380469681315400,FULL
380,380,398,9468083727000,10218435683000,1779380469703023743,1779380469714819109,FULL
381,381,399,9468117045000,10218471779000,1779380469736235842,1779380469748249782,FULL
382,382,400,9468150364000,10218507869000,1779380469769699995,1779380469781363848,FULL
383,383,401,9468183683000,10218543962000,1779380469802976223,1779380469814685410,FULL
384,384,402,9468217001000,10218580057000,1779380469836268210,1779380469847922530,FULL
385,385,403,9468250319000,10218616152000,1779380469869751621,1779380469881280444,FULL
386,386,404,9468283638000,10218652247000,1779380469904121912,1779380469914668414,FULL
387,387,405,9468316958000,10218688341000,1779380469936181283,1779380469947866219,FULL
388,388,406,9468350275000,10218724439000,1779380469969889580,1779380469982317697,FULL
389,389,407,9468383604000,10218760533000,1779380470002891960,1779380470014648344,FULL
390,390,408,9468416913000,10218796627000,1779380470036186558,1779380470047813538,FULL
391,391,409,9468450231000,10218832721000,1779380470069512545,1779380470081281248,FULL
392,392,410,9468483549000,10218868817000,1779380470103281750,1779380470114543126,FULL
393,393,411,9468516868000,10218904912000,1779380470136144667,1779380470147882633,FULL
394,394,412,9468550188000,10218941007000,1779380470169513357,1779380470181267529,FULL
395,395,413,9468583506000,10218977105000,1779380470204704103,1779380470214431223,FULL
396,396,414,9468616824000,10219013198000,1779380470236388810,1779380470247697009,FULL
397,397,415,9468650142000,10219049293000,1779380470269414041,1779380470280954239,FULL
398,398,416,9468683461000,10219085387000,1779380470302786342,1779380470314385394,FULL
399,399,417,9468716779000,10219121482000,1779380470336095533,1779380470347920493,FULL
400,400,418,9468750099000,10219157577000,1779380470370231456,1779380470381586443,FULL
401,401,419,9468783417000,10219193674000,1779380470402699637,1779380470414334847,FULL
402,402,419,9468816734000,10219229767000,1779380470435999828,1779380470414334847,FULL
403,403,420,9468850051000,10219265862000,1779380470469288704,1779380470463422019,FULL
404,404,422,9468883370000,10219301957000,1779380470503941529,1779380470516008619,FULL
405,405,423,9468916689000,10219338052000,1779380470536179176,1779380470547941549,FULL
406,406,424,9468950008000,10219374146000,1779380470569298702,1779380470580840452,FULL
407,407,425,9468983327000,10219410242000,1779380470602659392,1779380470614246979,FULL
408,408,426,9469016645000,10219446337000,1779380470636442523,1779380470647496323,FULL
409,409,427,9469049964000,10219482431000,1779380470669233256,1779380470680739574,FULL
410,410,428,9469083283000,10219518527000,1779380470703544658,1779380470714283433,FULL
411,411,429,9469116600000,10219554623000,1779380470735807601,1779380470748787043,FULL
412,412,430,9469149919000,10219590718000,1779380470769534361,1779380470781730037,FULL
413,413,431,9469183238000,10219626814000,1779380470802580222,1779380470817566430,FULL
414,414,432,9469216556000,10219662909000,1779380470835766173,1779380470848282020,FULL
415,415,433,9469249873000,10219699004000,1779380470869773542,1779380470880974647,FULL
416,416,434,9469283194000,10219735099000,1779380470902587126,1779380470914208380,FULL
417,417,435,9469316511000,10219771194000,1779380470936081575,1779380470948880451,FULL
418,418,436,9469349830000,10219807288000,1779380470969066324,1779380470981766557,FULL
419,419,437,9469383149000,10219843384000,1779380471002938046,1779380471014989790,FULL
420,420,438,9469416467000,10219879479000,1779380471040503230,1779380471048108394,FULL
421,421,439,9469449785000,10219915574000,1779380471070661213,1779380471080878853,FULL
422,422,440,9469483104000,10219951669000,1779380471102589974,1779380471114237326,FULL
423,423,441,9469516422000,10219987765000,1779380471134848249,1779380471147202339,FULL
424,424,442,9469549741000,10220023859000,1779380471168168755,1779380471180641069,FULL
425,425,443,9469583059000,10220059954000,1779380471202646285,1779380471215874764,FULL
426,426,444,9469616377000,10220096052000,1779380471235030115,1779380471248013489,FULL
427,427,445,9469649695000,10220132147000,1779380471268300770,1779380471281767809,FULL
428,428,446,9469683014000,10220168239000,1779380471301741589,1779380471315079652,FULL
429,429,447,9469716334000,10220204334000,1779380471335174741,1779380471347967610,FULL
430,430,448,9469749651000,10220240429000,1779380471368430451,1779380471379408453,FULL
431,431,449,9469782972000,10220276525000,1779380471402704650,1779380471412664260,FULL
432,432,450,9469816289000,10220312620000,1779380471435832491,1779380471448507004,FULL
433,433,451,9469849609000,10220348714000,1779380471468939147,1779380471480788376,FULL
434,434,452,9469882924000,10220384809000,1779380471502140395,1779380471514147885,FULL
435,435,453,9469916243000,10220420904000,1779380471535504807,1779380471547464672,FULL
436,436,454,9469949561000,10220456999000,1779380471568871905,1779380471580636202,FULL
437,437,455,9469982880000,10220493096000,1779380471602335038,1779380471614384004,FULL
438,438,456,9470016199000,10220529189000,1779380471635477990,1779380471647365868,FULL
439,439,457,9470049516000,10220565285000,1779380471669036512,1779380471680703230,FULL
440,440,458,9470082835000,10220601379000,1779380471702115631,1779380471714064257,FULL
441,441,459,9470116156000,10220637475000,1779380471737277839,1779380471747251639,FULL
442,442,460,9470149472000,10220673570000,1779380471768776938,1779380471780629537,FULL
443,443,461,9470182791000,10220709665000,1779380471802387348,1779380471813945361,FULL
444,444,462,9470216109000,10220745761000,1779380471835487782,1779380471847124335,FULL
445,445,463,9470249427000,10220781854000,1779380471868837324,1779380471880620639,FULL
446,446,464,9470282746000,10220817949000,1779380471902566621,1779380471913932297,FULL
447,447,465,9470316068000,10220854046000,1779380471935357114,1779380471946983087,FULL
448,448,466,9470349383000,10220890139000,1779380471968706156,1779380471981551714,FULL
449,449,467,9470382702000,10220926236000,1779380472002107531,1779380472014205453,FULL
450,450,468,9470416022000,10220962331000,1779380472036653042,1779380472041645131,FULL
451,451,469,9470449341000,10220998428000,1779380472069283148,1779380472079199877,FULL
452,452,470,9470482658000,10221034524000,1779380472102291286,1779380472112424887,FULL
453,453,471,9470515977000,10221070617000,1779380472137289996,1779380472145625361,FULL
454,454,472,9470549297000,10221106720000,1779380472169442366,1779380472180480115,FULL
455,455,473,9470582618000,10221142808000,1779380472202702631,1779380472213842569,FULL
456,456,474,9470615940000,10221178915000,1779380472236201857,1779380472247131134,FULL
457,457,475,9470649255000,10221215005000,1779380472276722084,1779380472280435607,FULL
458,458,476,9470682571000,10221251098000,1779380472302604463,1779380472313652673,FULL
459,459,477,9470715888000,10221287184000,1779380472335732174,1779380472346912535,FULL
460,460,478,9470749206000,10221323278000,1779380472370684478,1779380472381041037,FULL
461,461,479,9470782525000,10221359375000,1779380472402155799,1779380472414459286,FULL
462,462,479,9470815844000,10221395468000,1779380472435816190,1779380472414459286,FULL
463,463,480,9470849161000,10221431563000,1779380472468905272,1779380472467321717,FULL
464,464,481,9470882480000,10221467657000,1779380472501860281,1779380472490347623,FULL
465,465,483,9470915799000,10221503752000,1779380472535124898,1779380472547761084,FULL
466,466,484,9470949117000,10221539853000,1779380472568863011,1779380472572637565,FULL
467,467,485,9470982437000,10221575950000,1779380472601786409,1779380472612348457,FULL
468,468,486,9471015754000,10221612046000,1779380472635292264,1779380472637591656,FULL
469,469,487,9471049072000,10221648136000,1779380472669223560,1779380472682803587,FULL
470,470,488,9471082392000,10221684228000,1779380472701768536,1779380472713519696,FULL
471,471,489,9471115711000,10221720323000,1779380472735344262,1779380472746595856,FULL
472,472,490,9471149027000,10221756417000,1779380472768451936,1779380472783303722,FULL
473,473,491,9471182346000,10221792516000,1779380472801635906,1779380472814343735,FULL
474,474,492,9471215665000,10221828608000,1779380472836719097,1779380472848491422,FULL
475,475,493,9471248984000,10221864703000,1779380472868319972,1779380472883710524,FULL
476,476,494,9471282301000,10221900803000,1779380472901650107,1779380472914049877,FULL
477,477,495,9471315620000,10221936893000,1779380472935600310,1779380472947060353,FULL
478,478,496,9471348945000,10221972988000,1779380472968257841,1779380472980387696,FULL
479,479,497,9471382257000,10222009083000,1779380473001872232,1779380473013638891,FULL
480,480,498,9471415576000,10222045179000,1779380473059031082,1779380473047125344,FULL
481,481,499,9471448896000,10222081276000,1779380473091449930,1779380473080602981,FULL
482,482,500,9471482217000,10222117369000,1779380473122484423,1779380473113754345,FULL
483,483,501,9471515538000,10222153472000,1779380473152981328,1779380473146964392,FULL
484,484,502,9471548851000,10222189559000,1779380473185122938,1779380473180339216,FULL
485,485,503,9471582172000,10222225655000,1779380473217982597,1779380473213541357,FULL
486,486,504,9471615488000,10222261748000,1779380473251593210,1779380473268927874,FULL
487,487,505,9471648806000,10222297843000,1779380473286920713,1779380473283964506,FULL
488,488,506,9471682126000,10222333939000,1779380473318409460,1779380473313917104,FULL
489,489,507,9471715444000,10222370033000,1779380473356647507,1779380473346900802,FULL
490,490,508,9471748762000,10222406128000,1779380473391081946,1779380473379920018,FULL
491,491,509,9471782081000,10222442231000,1779380473421700016,1779380473413084196,FULL
492,492,510,9471815400000,10222478324000,1779380473455843958,1779380473446563445,FULL
493,493,511,9471848717000,10222514420000,1779380473486098162,1779380473479881251,FULL
494,494,512,9471882037000,10222550512000,1779380473519249058,1779380473513204038,FULL
495,495,513,9471915354000,10222586603000,1779380473557221645,1779380473546612343,FULL
496,496,514,9471948672000,10222622698000,1779380473588495505,1779380473579845539,FULL
497,497,515,9471981992000,10222658795000,1779380473621335682,1779380473613374917,FULL
498,498,516,9472015312000,10222694888000,1779380473652904965,1779380473646488688,FULL
499,499,517,9472048629000,10222730983000,1779380473688112562,1779380473680790447,FULL
500,500,518,9472081947000,10222767077000,1779380473719944361,1779380473713351501,FULL
501,501,519,9472115265000,10222803176000,1779380473752405801,1779380473746639289,FULL
502,502,520,9472148584000,10222839268000,1779380473787867692,1779380473779338415,FULL
503,503,521,9472181901000,10222875363000,1779380473819101478,1779380473811950339,FULL
504,504,522,9472215220000,10222911458000,1779380473852450798,1779380473845163535,FULL
505,505,523,9472248538000,10222947553000,1779380473885581713,1779380473878507063,FULL
506,506,524,9472281857000,10222983649000,1779380473918968385,1779380473911777907,FULL
507,507,525,9472315176000,10223019745000,1779380473952521943,1779380473945149749,FULL
508,508,526,9472348494000,10223055845000,1779380473987176268,1779380473978410593,FULL
509,509,527,9472381813000,10223091944000,1779380474018951586,1779380474011854508,FULL
510,510,528,9472415132000,10223128037000,1779380474052232129,1779380474045116463,FULL
511,511,529,9472448450000,10223164136000,1779380474086178906,1779380474080000513,FULL
512,512,530,9472481768000,10223200223000,1779380474119064249,1779380474111814000,FULL
513,513,531,9472515088000,10223236357000,1779380474152329792,1779380474145024178,FULL
514,514,532,9472548405000,10223272412000,1779380474185593780,1779380474178271558,FULL
515,515,533,9472581724000,10223308506000,1779380474219316948,1779380474204163862,FULL
516,516,534,9472615043000,10223344599000,1779380474252167514,1779380474244861485,FULL
517,517,535,9472648361000,10223380693000,1779380474285545019,1779380474270807844,FULL
518,518,536,9472681679000,10223416789000,1779380474318823802,1779380474311758169,FULL
519,519,537,9472714997000,10223452884000,1779380474352138567,1779380474345086790,FULL
520,520,538,9472748317000,10223488979000,1779380474385960512,1779380474378223301,FULL
521,521,539,9472781634000,10223525074000,1779380474419250888,1779380474411902048,FULL
522,522,540,9472814954000,10223561176000,1779380474452183750,1779380474458553002,FULL
523,523,541,9472848272000,10223597269000,1779380474485386219,1779380474481150227,FULL
524,524,542,9472881590000,10223633362000,1779380474520827592,1779380474505072754,FULL
525,525,543,9472914910000,10223669453000,1779380474553038164,1779380474545157901,FULL
526,526,544,9472948229000,10223705549000,1779380474587923116,1779380474569596182,FULL
527,527,545,9472981546000,10223741644000,1779380474621727673,1779380474612811318,FULL
528,528,546,9473014865000,10223777739000,1779380474653940856,1779380474646179068,FULL
529,529,547,9473048185000,10223813834000,1779380474686677775,1779380474679453430,FULL
530,530,548,9473081501000,10223849929000,1779380474722049667,1779380474712803439,FULL
531,531,549,9473114820000,10223886025000,1779380474752202927,1779380474746181430,FULL
532,532,550,9473148139000,10223922123000,1779380474785137455,1779380474779503495,FULL
533,533,551,9473181458000,10223958216000,1779380474819091769,1779380474812863078,FULL
534,534,552,9473214775000,10223994312000,1779380474852619421,1779380474846120329,FULL
535,535,553,9473248095000,10224030406000,1779380474887211691,1779380474879689651,FULL
536,536,554,9473281411000,10224066505000,1779380474923760403,1779380474914804514,FULL
537,537,555,9473314731000,10224102602000,1779380474953442002,1779380474946212875,FULL
538,538,556,9473348049000,10224138692000,1779380474986177607,1779380474979572959,FULL
539,539,557,9473381367000,10224174789000,1779380475020414325,1779380475013722164,FULL
540,540,559,9473414687000,10224210879000,1779380475065027768,1779380475079466988,FULL
541,541,559,9473448009000,10224246974000,1779380475088223120,1779380475079466988,FULL
542,542,560,9473481323000,10224283070000,1779380475120097122,1779380475112856238,FULL
543,543,561,9473514646000,10224319167000,1779380475150208661,1779380475146053434,FULL
544,544,562,9473547961000,10224355258000,1779380475184198233,1779380475179452739,FULL
545,545,563,9473581279000,10224391353000,1779380475216868116,1779380475212875248,FULL
546,546,564,9473614598000,10224427449000,1779380475249056744,1779380475246122758,FULL
547,547,565,9473647916000,10224463546000,1779380475285582402,1779380475279565563,FULL
548,548,566,9473681235000,10224499640000,1779380475317294665,1779380475313885322,FULL
549,549,567,9473714553000,10224535734000,1779380475350853649,1779380475346088880,FULL
550,550,568,9473747870000,10224571829000,1779380475384964591,1779380475379369075,FULL
551,551,569,9473781189000,10224607924000,1779380475418503687,1779380475412717380,FULL
552,552,570,9473814508000,10224644020000,1779380475451916321,1779380475445984909,FULL
553,553,571,9473847826000,10224680115000,1779380475486614053,1779380475479337085,FULL
554,554,572,9473881145000,10224716209000,1779380475516705425,1779380475512689002,FULL
555,555,573,9473914465000,10224752306000,1779380475552394869,1779380475546042826,FULL
556,556,574,9473947785000,10224788400000,1779380475575913810,1779380475579340095,FULL
557,557,575,9473981104000,10224824495000,1779380475605692019,1779380475612810899,FULL
558,558,576,9474014439000,10224860590000,1779380475636817492,1779380475645928911,FULL
559,559,577,9474047749000,10224896684000,1779380475671706944,1779380475679203088,FULL
560,560,578,9474081058000,10224932780000,1779380475706273029,1779380475712418710,FULL
561,561,579,9474114380000,10224968876000,1779380475740693005,1779380475748417008,FULL
562,562,580,9474147715000,10225004970000,1779380475769945293,1779380475779494910,FULL
563,563,581,9474181012000,10225041065000,1779380475804370713,1779380475812577533,FULL
564,564,582,9474214342000,10225077160000,1779380475836708488,1779380475845802821,FULL
565,565,583,9474247654000,10225113255000,1779380475867999774,1779380475879240830,FULL
566,566,584,9474280968000,10225149350000,1779380475901176837,1779380475912526358,FULL
567,567,585,9474314287000,10225185445000,1779380475935024596,1779380475945813257,FULL
568,568,586,9474347608000,10225221540000,1779380475967587757,1779380475982132293,FULL
569,569,587,9474380923000,10225257635000,1779380475999342927,1779380476012602775,FULL
570,570,588,9474414238000,10225293730000,1779380476034488303,1779380476045885433,FULL
571,571,589,9474447557000,10225329828000,1779380476066882040,1779380476079199831,FULL
572,572,590,9474480875000,10225365925000,1779380476100150472,1779380476112378398,FULL
573,573,591,9474514194000,10225402017000,1779380476134918777,1779380476147412854,FULL
574,574,592,9474547512000,10225438114000,1779380476166863742,1779380476179077546,FULL
575,575,593,9474580830000,10225474214000,1779380476200280672,1779380476213075031,FULL
576,576,594,9474614149000,10225510312000,1779380476234286800,1779380476246811629,FULL
577,577,595,9474647477000,10225546396000,1779380476267415085,1779380476279846178,FULL
578,578,596,9474680788000,10225582492000,1779380476306112813,1779380476312272771,FULL
579,579,597,9474714111000,10225618586000,1779380476335600210,1779380476345615706,FULL
580,580,598,9474747430000,10225654681000,1779380476367703358,1779380476378912735,FULL
581,581,599,9474780749000,10225690776000,1779380476401787540,1779380476414666406,FULL
582,582,599,9474814064000,10225726871000,1779380476435348506,1779380476414666406,FULL
583,583,600,9474847385000,10225762965000,1779380476467564616,1779380476467438949,FULL
584,584,602,9474880698000,10225799061000,1779380476500202166,1779380476508592493,FULL
585,585,603,9474914016000,10225835157000,1779380476533298136,1779380476546610754,FULL
586,586,604,9474947333000,10225871253000,1779380476567331079,1779380476578947884,FULL
587,587,605,9474980652000,10225907347000,1779380476600015980,1779380476612219949,FULL
588,588,606,9475013972000,10225943441000,1779380476633664501,1779380476645413627,FULL
589,589,607,9475047290000,10225979535000,1779380476666571788,1779380476678696193,FULL
590,590,608,9475080608000,10226015630000,1779380476699844720,1779380476712274607,FULL
591,591,609,9475113928000,10226051727000,1779380476733547314,1779380476745418804,FULL
592,592,610,9475147247000,10226087821000,1779380476766780265,1779380476779148587,FULL
593,593,611,9475180565000,10226123915000,1779380476800059549,1779380476812120785,FULL
594,594,612,9475213884000,10226160013000,1779380476834688319,1779380476845409240,FULL
595,595,613,9475247200000,10226196107000,1779380476866959816,1779380476878859952,FULL
596,596,614,9475280519000,10226232202000,1779380476899775161,1779380476912018629,FULL
597,597,615,9475313838000,10226268297000,1779380476933030296,1779380476945326158,FULL
598,598,616,9475347156000,10226304390000,1779380476966672002,1779380476981247772,FULL
599,599,617,9475380475000,10226340486000,1779380476999698974,1779380477011967640,FULL
600,600,618,9475413793000,10226376582000,1779380477038932918,1779380477045321205,FULL
601,601,619,9475447112000,10226412676000,1779380477069988984,1779380477078541901,FULL
602,602,620,9475480432000,10226448774000,1779380477100331909,1779380477111923984,FULL
603,603,621,9475513752000,10226484867000,1779380477132668869,1779380477145312993,FULL
604,604,622,9475547069000,10226520963000,1779380477166155095,1779380477178598892,FULL
605,605,623,9475580388000,10226557058000,1779380477198833404,1779380477211885735,FULL
606,606,624,9475613704000,10226593153000,1779380477232408259,1779380477245100023,FULL
607,607,625,9475647023000,10226629248000,1779380477265823985,1779380477278662586,FULL
608,608,626,9475680341000,10226665346000,1779380477299528394,1779380477311843023,FULL
609,609,627,9475713660000,10226701438000,1779380477332444774,1779380477345141496,FULL
610,610,628,9475746977000,10226737536000,1779380477367813666,1779380477380081082,FULL
611,611,629,9475780296000,10226773629000,1779380477399872314,1779380477411875588,FULL
612,612,630,9475813618000,10226809725000,1779380477432940582,1779380477444955267,FULL
613,613,631,9475846931000,10226845820000,1779380477466314883,1779380477479365821,FULL
614,614,632,9475880251000,10226881914000,1779380477499546149,1779380477511763877,FULL
615,615,633,9475913568000,10226918010000,1779380477532852580,1779380477545153145,FULL
616,616,634,9475946887000,10226954103000,1779380477566130179,1779380477578420989,FULL
617,617,635,9475980205000,10226990197000,1779380477599514498,1779380477611647907,FULL
618,618,636,9476013524000,10227026293000,1779380477632909818,1779380477645079452,FULL
619,619,637,9476046843000,10227062388000,1779380477667042834,1779380477678423184,FULL
620,620,638,9476080161000,10227098483000,1779380477699495348,1779380477711795934,FULL
621,621,639,9476113481000,10227134577000,1779380477732730317,1779380477744963648,FULL
622,622,640,9476146800000,10227170673000,1779380477766096619,1779380477779442943,FULL
623,623,641,9476180118000,10227206768000,1779380477800795166,1779380477811751500,FULL
624,624,642,9476213439000,10227242863000,1779380477836366074,1779380477844988214,FULL
625,625,643,9476246765000,10227278958000,1779380477867837913,1779380477878326631,FULL
626,626,644,9476280078000,10227315054000,1779380477902149390,1779380477911639233,FULL
627,627,645,9476313400000,10227351148000,1779380477933933282,1779380477944939446,FULL
628,628,646,9476346711000,10227387243000,1779380477968028335,1779380477978258586,FULL
629,629,647,9476380035000,10227423339000,1779380478004958988,1779380478011881722,FULL
630,630,648,9476413347000,10227459433000,1779380478035327339,1779380478044996252,FULL
631,631,649,9476446667000,10227495528000,1779380478066089371,1779380478078276836,FULL
632,632,650,9476479986000,10227531623000,1779380478099386303,1779380478112238821,FULL
633,633,651,9476513303000,10227567718000,1779380478132602087,1779380478144855652,FULL
634,634,652,9476546622000,10227603814000,1779380478166007351,1779380478178226069,FULL
635,635,653,9476579940000,10227639908000,1779380478199331097,1779380478214097702,FULL
636,636,654,9476613258000,10227676004000,1779380478232596066,1779380478244786793,FULL
637,637,655,9476646576000,10227712099000,1779380478266521936,1779380478278260338,FULL
638,638,656,9476679900000,10227748193000,1779380478299879978,1779380478311626810,FULL
639,639,657,9476713218000,10227784288000,1779380478333421370,1779380478344639693,FULL
640,640,658,9476746536000,10227820383000,1779380478366434842,1779380478378099738,FULL
641,641,659,9476779854000,10227856479000,1779380478399548960,1779380478411862558,FULL
642,642,659,9476813169000,10227892573000,1779380478432493488,1779380478411862558,FULL
643,643,660,9476846488000,10227928669000,1779380478467793973,1779380478464629657,FULL
644,644,661,9476879807000,10227964764000,1779380478499224350,1779380478486381853,FULL
645,645,663,9476913128000,10228000858000,1779380478532803094,1779380478544843137,FULL
646,646,664,9476946443000,10228036953000,1779380478565806066,1779380478578056425,FULL
647,647,665,9476979763000,10228073048000,1779380478599431290,1779380478603627177,FULL
648,648,666,9477013082000,10228109144000,1779380478632459465,1779380478644488021,FULL
649,649,667,9477046399000,10228145239000,1779380478666104153,1779380478678004936,FULL
650,650,668,9477079717000,10228181334000,1779380478699108236,1779380478712251899,FULL
651,651,669,9477113037000,10228217429000,1779380478732656535,1779380478745589316,FULL
652,652,670,9477146354000,10228253524000,1779380478765603415,1779380478778774198,FULL
653,653,671,9477179672000,10228289619000,1779380478798924272,1779380478812161262,FULL
654,654,672,9477212992000,10228325714000,1779380478832766328,1779380478844613225,FULL
655,655,673,9477246312000,10228361809000,1779380478865989168,1779380478878086603,FULL
656,656,674,9477279629000,10228397904000,1779380478900428254,1779380478911357650,FULL
657,657,675,9477312952000,10228433999000,1779380478932447681,1779380478944679808,FULL
658,658,676,9477346265000,10228470093000,1779380478965468560,1779380478977906411,FULL
659,659,677,9477379583000,10228506190000,1779380479000842229,1779380479013258234,FULL
660,660,678,9477412902000,10228542284000,1779380479036966539,1779380479044793169,FULL
661,661,679,9477446220000,10228578378000,1779380479067239761,1779380479077774533,FULL
662,662,680,9477479542000,10228614475000,1779380479099657906,1779380479111108562,FULL
663,663,681,9477512860000,10228650569000,1779380479131730757,1779380479144578366,FULL
664,664,682,9477546180000,10228686664000,1779380479165132188,1779380479177823321,FULL
665,665,683,9477579499000,10228722760000,1779380479198958429,1779380479211163756,FULL
666,666,684,9477612814000,10228758853000,1779380479231528220,1779380479244615042,FULL
667,667,685,9477646132000,10228794948000,1779380479264882966,1779380479277800349,FULL
668,668,686,9477679451000,10228831044000,1779380479299638549,1779380479311037471,FULL
669,669,687,9477712769000,10228867138000,1779380479331438107,1779380479345301897,FULL
670,670,688,9477746087000,10228903234000,1779380479365874509,1779380479377808804,FULL
671,671,689,9477779407000,10228939328000,1779380479398880369,1779380479411063740,FULL
672,672,690,9477812724000,10228975424000,1779380479432070339,1779380479447011687,FULL
673,673,691,9477846042000,10229011519000,1779380479465242420,1779380479477732278,FULL
674,674,692,9477879361000,10229047614000,1779380479500583609,1779380479511122416,FULL
675,675,693,9477912679000,10229083709000,1779380479531984708,1779380479544386297,FULL
676,676,694,9477945998000,10229119803000,1779380479565195956,1779380479577870675,FULL
677,677,695,9477979318000,10229155899000,1779380479598632608,1779380479611025927,FULL
678,678,696,9478012634000,10229191994000,1779380479631886114,1779380479644330326,FULL
679,679,697,9478045954000,10229228090000,1779380479665187879,1779380479677674280,FULL
680,680,698,9478079271000,10229264185000,1779380479699562781,1779380479711113307,FULL
681,681,699,9478112591000,10229300279000,1779380479731831557,1779380479744405242,FULL
682,682,700,9478145909000,10229336375000,1779380479765065711,1779380479777730067,FULL
683,683,701,9478179227000,10229372469000,1779380479798584344,1779380479810926152,FULL
684,684,702,9478212546000,10229408563000,1779380479831712130,1779380479845706777,FULL
685,685,703,9478245864000,10229444659000,1779380479866090013,1779380479877739262,FULL
686,686,704,9478279184000,10229480766000,1779380479898454214,1779380479910879773,FULL
687,687,705,9478312501000,10229516865000,1779380479931715072,1779380479944848962,FULL
688,688,706,9478345818000,10229552949000,1779380479965114965,1779380479977540718,FULL
689,689,707,9478379138000,10229589047000,1779380479999861771,1779380480011469592,FULL
690,690,708,9478412457000,10229625137000,1779380480031676125,1779380480044364995,FULL
691,691,709,9478445775000,10229661234000,1779380480064945687,1779380480077579820,FULL
692,692,710,9478479094000,10229697325000,1779380480098502708,1779380480110875534,FULL
693,693,711,9478512415000,10229733420000,1779380480130704540,1779380480144250099,FULL
694,694,712,9478545731000,10229769514000,1779380480164913889,1779380480177428313,FULL
695,695,713,9478579048000,10229805610000,1779380480198211839,1779380480210785989,FULL
696,696,714,9478612367000,10229841705000,1779380480231594621,1779380480246042573,FULL
697,697,715,9478645686000,10229877799000,1779380480265347919,1779380480277732505,FULL
698,698,716,9478679004000,10229913895000,1779380480298638054,1779380480310781647,FULL
699,699,717,9478712323000,10229949990000,1779380480331906708,1779380480344109935,FULL
700,700,718,9478745642000,10229986087000,1779380480365571470,1779380480377396445,FULL
701,701,719,9478778961000,10230022185000,1779380480398289500,1779380480410714288,FULL
702,702,719,9478812279000,10230058277000,1779380480432088593,1779380480410714288,FULL
703,703,720,9478845599000,10230094369000,1779380480468543344,1779380480460820468,FULL
704,704,722,9478878922000,10230130464000,1779380480499018879,1779380480512309227,FULL
705,705,723,9478912238000,10230166559000,1779380480534561528,1779380480544168547,FULL
706,706,724,9478945556000,10230202655000,1779380480579263008,1779380480569327469,FULL
707,707,725,9478978872000,10230238750000,1779380480614627622,1779380480610747233,FULL
708,708,726,9479012194000,10230274844000,1779380480650917207,1779380480644664644,FULL
709,709,727,9479045508000,10230310940000,1779380480668987131,1779380480680590444,FULL
710,710,728,9479078825000,10230347035000,1779380480698126735,1779380480711587753,FULL
711,711,729,9479112144000,10230383129000,1779380480732766245,1779380480744029846,FULL
712,712,730,9479145462000,10230419224000,1779380480764724376,1779380480777197023,FULL
713,713,731,9479178781000,10230455320000,1779380480798068048,1779380480810510181,FULL
714,714,732,9479212100000,10230491415000,1779380480832920371,1779380480844582369,FULL
715,715,733,9479245417000,10230527509000,1779380480865139907,1779380480878798814,FULL
716,716,734,9479278736000,10230563605000,1779380480899071980,1779380480911591125,FULL
717,717,735,9479312055000,10230599700000,1779380480931330330,1779380480944258271,FULL
718,718,736,9479345373000,10230635795000,1779380480965341495,1779380480977408801,FULL
719,719,737,9479378693000,10230671890000,1779380480998011840,1779380481010673811,FULL
720,720,738,9479412011000,10230707984000,1779380481036067611,1779380481044945552,FULL
721,721,739,9479445328000,10230744080000,1779380481066227816,1779380481080292727,FULL
722,722,740,9479478648000,10230780177000,1779380481098154151,1779380481111371944,FULL
723,723,741,9479511967000,10230816271000,1779380481130438704,1779380481144243661,FULL
724,724,742,9479545285000,10230852367000,1779380481163645896,1779380481178543939,FULL
725,725,743,9479578602000,10230888463000,1779380481197045290,1779380481210682997,FULL
726,726,744,9479611927000,10230924557000,1779380481230591552,1779380481244843499,FULL
727,727,745,9479645240000,10230960649000,1779380481264006483,1779380481278328970,FULL
728,728,746,9479678560000,10230996745000,1779380481297364692,1779380481311363927,FULL
729,729,747,9479711877000,10231032840000,1779380481330596661,1779380481344255477,FULL
730,730,748,9479745195000,10231068934000,1779380481364466846,1779380481377119029,FULL
731,731,749,9479778514000,10231105030000,1779380481397699149,1779380481410599166,FULL
732,732,750,9479811832000,10231141124000,1779380481431780591,1779380481444908814,FULL
733,733,751,9479845151000,10231177219000,1779380481464946320,1779380481478999687,FULL
734,734,752,9479878472000,10231213315000,1779380481497892607,1779380481511416520,FULL
735,735,753,9479911788000,10231249410000,1779380481531730126,1779380481544232683,FULL
736,736,754,9479945106000,10231285504000,1779380481564627321,1779380481576987365,FULL
737,737,755,9479978424000,10231321601000,1779380481597824532,1779380481610556983,FULL
738,738,756,9480011743000,10231357696000,1779380481631065075,1779380481644949908,FULL
739,739,757,9480045062000,10231393790000,1779380481664421710,1779380481677852996,FULL
740,740,758,9480078380000,10231429886000,1779380481698107323,1779380481711323097,FULL
741,741,759,9480111701000,10231465980000,1779380481731861157,1779380481744211147,FULL
742,742,760,9480145019000,10231502079000,1779380481768287760,1779380481777062310,FULL
743,743,761,9480178341000,10231538173000,1779380481798611778,1779380481810666705,FULL
744,744,762,9480211659000,10231574269000,1779380481832170522,1779380481844945743,FULL
745,745,763,9480244987000,10231610362000,1779380481866065540,1779380481877842516,FULL
746,746,764,9480278307000,10231646459000,1779380481898400444,1779380481913710260,FULL
747,747,765,9480311614000,10231682550000,1779380481931270584,1779380481944253630,FULL
748,748,766,9480344929000,10231718646000,1779380481964420740,1779380481976939053,FULL
749,749,767,9480378247000,10231754741000,1779380481996816958,1779380482010708577,FULL
750,750,768,9480411566000,10231790836000,1779380482031053936,1779380482043653646,FULL
751,751,769,9480444884000,10231826929000,1779380482066233033,1779380482076841564,FULL
752,752,770,9480478203000,10231863026000,1779380482097684003,1779380482110278758,FULL
753,753,771,9480511522000,10231899121000,1779380482130989804,1779380482143488342,FULL
754,754,772,9480544840000,10231935215000,1779380482164717158,1779380482176840444,FULL
755,755,773,9480578162000,10231971313000,1779380482198324753,1779380482210115288,FULL
756,756,774,9480611480000,10232007407000,1779380482231614166,1779380482244984245,FULL
757,757,775,9480644797000,10232043507000,1779380482264822654,1779380482277564818,FULL
758,758,776,9480678117000,10232079596000,1779380482297525222,1779380482313201379,FULL
759,759,777,9480711431000,10232115689000,1779380482330849968,1779380482344378854,FULL
760,760,778,9480744748000,10232151785000,1779380482366026399,1779380482376816242,FULL
761,761,779,9480778066000,10232187881000,1779380482397949530,1779380482411250278,FULL
762,762,779,9480811385000,10232223975000,1779380482430790170,1779380482411250278,FULL
763,763,780,9480844705000,10232260072000,1779380482466530965,1779380482461149442,FULL
764,764,781,9480878029000,10232296167000,1779380482497564309,1779380482483935868,FULL
765,765,783,9480911342000,10232332261000,1779380482531257625,1779380482543655214,FULL
766,766,784,9480944660000,10232368357000,1779380482564074247,1779380482576586079,FULL
767,767,785,9480977977000,10232404453000,1779380482597433623,1779380482609942274,FULL
768,768,786,9481011297000,10232440547000,1779380482630685370,1779380482636727310,FULL
769,769,787,9481044614000,10232476643000,1779380482664559036,1779380482677429026,FULL
770,770,788,9481077935000,10232512737000,1779380482697330714,1779380482711612138,FULL
771,771,789,9481111252000,10232548832000,1779380482734826102,1779380482744108044,FULL
772,772,790,9481144577000,10232584927000,1779380482766380274,1779380482777373814,FULL
773,773,791,9481177895000,10232621023000,1779380482797373193,1779380482810726934,FULL
774,774,792,9481211210000,10232657117000,1779380482830773771,1779380482843916334,FULL
775,775,793,9481244526000,10232693212000,1779380482864103610,1779380482877510415,FULL
776,776,794,9481277846000,10232729306000,1779380482898126664,1779380482910563576,FULL
777,777,795,9481311165000,10232765402000,1779380482932370882,1779380482944200841,FULL
778,778,796,9481344488000,10232801498000,1779380482965508260,1779380482976442750,FULL
779,779,797,9481377805000,10232837593000,1779380482998502065,1779380483009845667,FULL
780,780,798,9481411126000,10232873687000,1779380483037080090,1779380483045233712,FULL
781,781,799,9481444442000,10232909782000,1779380483067143037,1779380483077460917,FULL
782,782,800,9481477760000,10232945878000,1779380483099270944,1779380483110763668,FULL
783,783,801,9481511078000,10232981973000,1779380483135260440,1779380483145836253,FULL
784,784,802,9481544398000,10233018068000,1779380483166415116,1779380483176621731,FULL
785,785,803,9481577718000,10233054161000,1779380483202327928,1779380483209892482,FULL
786,786,804,9481611040000,10233090255000,1779380483234146282,1779380483244913864,FULL
787,787,805,9481644355000,10233126350000,1779380483268756275,1779380483277432382,FULL
788,788,806,9481677673000,10233162445000,1779380483301138864,1779380483310628763,FULL
789,789,807,9481710991000,10233198540000,1779380483334872458,1779380483344206937,FULL
790,790,808,9481744316000,10233234636000,1779380483367906688,1779380483376477938,FULL
791,791,809,9481777630000,10233270732000,1779380483403274950,1779380483409740633,FULL
792,792,810,9481810960000,10233306827000,1779380483435008584,1779380483443507046,FULL
793,793,811,9481844267000,10233342920000,1779380483466108223,1779380483477237107,FULL
794,794,812,9481877589000,10233379015000,1779380483497778190,1779380483510657171,FULL
795,795,813,9481910901000,10233415111000,1779380483531597357,1779380483545274261,FULL
796,796,814,9481944230000,10233451205000,1779380483568779267,1779380483576266182,FULL
797,797,815,9481977539000,10233487302000,1779380483599885888,1779380483609646080,FULL
798,798,816,9482010877000,10233523400000,1779380483634141328,1779380483643886544,FULL
799,799,817,9482044185000,10233559495000,1779380483672587707,1779380483676484172,FULL
800,800,818,9482077492000,10233595589000,1779380483700941227,1779380483709886199,FULL
801,801,819,9482110813000,10233631684000,1779380483738956295,1779380483748723340,FULL
802,802,820,9482144128000,10233667784000,1779380483768518284,1779380483779156841,FULL
803,803,821,9482177447000,10233703877000,1779380483802790705,1779380483810563721,FULL
804,804,822,9482210765000,10233739980000,1779380483833808698,1779380483846562538,FULL
805,805,823,9482244101000,10233776102000,1779380483866264194,1779380483876565728,FULL
806,806,824,9482277405000,10233812163000,1779380483900086379,1779380483909756442,FULL
807,807,825,9482310722000,10233848266000,1779380483934703612,1779380483943028212,FULL
808,808,826,9482344056000,10233884350000,1779380483968086487,1779380483976298166,FULL
809,809,827,9482377362000,10233920445000,1779380484001295771,1779380484010184189,FULL
810,810,828,9482410674000,10233956539000,1779380484032493669,1779380484043426699,FULL
811,811,829,9482443999000,10233992632000,1779380484068324519,1779380484076515304,FULL
812,812,830,9482477315000,10234028729000,1779380484098850776,1779380484109730148,FULL
813,813,831,9482510638000,10234064828000,1779380484130776018,1779380484143173527,FULL
814,814,832,9482543951000,10234100918000,1779380484164440298,1779380484176361186,FULL
815,815,833,9482577271000,10234137012000,1779380484199104771,1779380484209546252,FULL
816,816,834,9482610587000,10234173105000,1779380484233384322,1779380484242812114,FULL
817,817,835,9482643907000,10234209200000,1779380484263966171,1779380484278577100,FULL
818,818,836,9482677227000,10234245296000,1779380484297371546,1779380484309455096,FULL
819,819,837,9482710542000,10234281390000,1779380484330724107,1779380484342834642,FULL
820,820,838,9482743859000,10234317489000,1779380484363994150,1779380484376214577,FULL
821,821,839,9482777181000,10234353582000,1779380484396907178,1779380484409494995,FULL
822,822,839,9482810498000,10234389679000,1779380484430143869,1779380484409494995,FULL
823,823,840,9482843815000,10234425774000,1779380484463806483,1779380484461860597,FULL
824,824,841,9482877134000,10234461869000,1779380484496886231,1779380484483772995,FULL
825,825,843,9482910452000,10234497962000,1779380484531622278,1779380484542824811,FULL
826,826,844,9482943775000,10234534058000,1779380484564201606,1779380484569107926,FULL
827,827,845,9482977092000,10234570151000,1779380484598588267,1779380484608132639,FULL
828,828,846,9483010409000,10234606246000,1779380484634407543,1779380484633346394,FULL
829,829,847,9483043730000,10234642341000,1779380484666307730,1779380484667750893,FULL
830,830,848,9483077048000,10234678436000,1779380484697215723,1779380484708813457,FULL
831,831,849,9483110366000,10234714530000,1779380484731106741,1779380484741428733,FULL
832,832,850,9483143684000,10234750627000,1779380484765249164,1779380484764326307,FULL
833,833,851,9483177006000,10234786722000,1779380484796942446,1779380484797350282,FULL
834,834,852,9483210327000,10234822816000,1779380484829704531,1779380484825804654,FULL
835,835,853,9483243637000,10234858911000,1779380484862985019,1779380484861065904,FULL
836,836,854,9483276955000,10234895006000,1779380484896813797,1779380484901225903,FULL
837,837,855,9483310274000,10234931101000,1779380484929595715,1779380484943559732,FULL
838,838,856,9483343592000,10234967196000,1779380484962961072,1779380484964419567,FULL
839,839,857,9483376911000,10235003294000,1779380484996672962,1779380484989587637,FULL
840,840,859,9483410229000,10235039386000,1779380485034422922,1779380485047833071,FULL
841,841,859,9483443547000,10235075482000,1779380485064690737,1779380485047833071,FULL
842,842,860,9483476869000,10235111578000,1779380485096434166,1779380485082337680,FULL
843,843,861,9483510186000,10235147670000,1779380485129017994,1779380485120532624,FULL
844,844,862,9483543504000,10235183765000,1779380485161980244,1779380485152874569,FULL
845,845,863,9483576822000,10235219862000,1779380485195530118,1779380485187026867,FULL
846,846,864,9483610141000,10235255960000,1779380485230440699,1779380485218349507,FULL
847,847,865,9483643458000,10235292053000,1779380485262493607,1779380485253654479,FULL
848,848,866,9483676778000,10235328147000,1779380485295491949,1779380485285088970,FULL
849,849,867,9483710096000,10235364240000,1779380485328949342,1779380485319941890,FULL
850,850,868,9483743414000,10235400335000,1779380485362232292,1779380485351455973,FULL
851,851,869,9483776732000,10235436430000,1779380485395617982,1779380485385457013,FULL
852,852,870,9483810052000,10235472525000,1779380485429851978,1779380485414380084,FULL
853,853,871,9483843372000,10235508620000,1779380485463222687,1779380485449385281,FULL
854,854,872,9483876691000,10235544717000,1779380485496466638,1779380485482943066,FULL
855,855,873,9483910008000,10235580811000,1779380485531056037,1779380485514717869,FULL
856,856,874,9483943326000,10235616905000,1779380485563013594,1779380485549651196,FULL
857,857,875,9483976648000,10235653004000,1779380485595995085,1779380485581321259,FULL
858,858,876,9484009962000,10235689095000,1779380485629293757,1779380485616720915,FULL
859,859,878,9484043280000,10235725192000,1779380485675398019,1779380485681104363,FULL
860,860,879,9484076600000,10235761286000,1779380485710904927,1779380485717834895,FULL
861,861,880,9484109918000,10235797382000,1779380485747221272,1779380485747713457,FULL
862,862,881,9484143237000,10235833478000,1779380485783158713,1779380485783364629,FULL
863,863,882,9484176559000,10235869571000,1779380485816249851,1779380485815054710,FULL
864,864,883,9484209876000,10235905669000,1779380485851409078,1779380485849729558,FULL
865,865,884,9484243193000,10235941762000,1779380485883345857,1779380485881425713,FULL
866,866,885,9484276511000,10235977856000,1779380485913742356,1779380485917201014,FULL
867,867,886,9484309831000,10236013952000,1779380485947067972,1779380485949040038,FULL
868,868,887,9484343149000,10236050047000,1779380485980411478,1779380485982117383,FULL
869,869,888,9484376467000,10236086141000,1779380486013756724,1779380486017818055,FULL
870,870,889,9484409785000,10236122237000,1779380486048881822,1779380486048109372,FULL
871,871,890,9484443104000,10236158333000,1779380486079443430,1779380486082839590,FULL
872,872,891,9484476424000,10236194427000,1779380486114093718,1779380486115923398,FULL
873,873,892,9484509741000,10236230522000,1779380486147063283,1779380486148140548,FULL
874,874,893,9484543060000,10236266617000,1779380486180446306,1779380486182849211,FULL
875,875,894,9484576378000,10236302713000,1779380486213978643,1779380486214689772,FULL
876,876,895,9484609696000,10236338808000,1779380486247506276,1779380486248337408,FULL
877,877,896,9484643015000,10236374902000,1779380486279311445,1779380486283112533,FULL
878,878,897,9484676333000,10236410997000,1779380486311329427,1779380486315636939,FULL
879,879,898,9484709651000,10236447092000,1779380486344530767,1779380486348247326,FULL
880,880,899,9484742971000,10236483188000,1779380486378367415,1779380486381919944,FULL
881,881,900,9484776288000,10236519282000,1779380486411633236,1779380486432770431,FULL
882,882,901,9484809607000,10236555376000,1779380486444638782,1779380486454292426,FULL
883,883,902,9484842924000,10236591474000,1779380486479546512,1779380486482087878,FULL
884,884,903,9484876244000,10236627566000,1779380486514046838,1779380486514440156,FULL
885,885,904,9484909562000,10236663663000,1779380486547724822,1779380486546273995,FULL
886,886,905,9484942881000,10236699758000,1779380486582161001,1779380486579966094,FULL
887,887,906,9484976200000,10236735852000,1779380486613885782,1779380486613081142,FULL
888,888,907,9485009518000,10236771947000,1779380486647489155,1779380486646217376,FULL
889,889,908,9485042837000,10236808044000,1779380486683729556,1779380486680371878,FULL
890,890,909,9485076154000,10236844140000,1779380486715496004,1779380486714268048,FULL
891,891,910,9485109476000,10236880234000,1779380486748149090,1779380486747529855,FULL
892,892,911,9485142793000,10236916327000,1779380486774143968,1779380486780710051,FULL
893,893,911,9485176112000,10236952423000,1779380486796697326,1779380486780710051,FULL
894,894,912,9485209437000,10236988518000,1779380486829464523,1779380486814084893,FULL
895,895,914,9485242748000,10237024612000,1779380486864847933,1779380486880654913,FULL
896,896,914,9485276074000,10237060708000,1779380486896052627,1779380486880654913,FULL
897,897,915,9485309385000,10237096803000,1779380486929911664,1779380486915662888,FULL
898,898,916,9485342702000,10237132898000,1779380486963037579,1779380486947742465,FULL
899,899,917,9485376019000,10237168992000,1779380486995813016,1779380486980868014,FULL
900,900,919,9485409337000,10237205087000,1779380487033576790,1779380487047610458,FULL
901,901,919,9485442657000,10237241182000,1779380487063744106,1779380487047610458,FULL
902,902,920,9485475977000,10237277278000,1779380487095523702,1779380487080539712,FULL
903,903,921,9485509296000,10237313373000,1779380487128169696,1779380487115771018,FULL
904,904,922,9485542613000,10237349468000,1779380487161115002,1779380487148014927,FULL
905,905,923,9485575930000,10237385562000,1779380487195235036,1779380487180564537,FULL
906,906,924,9485609257000,10237421657000,1779380487228429080,1779380487214945073,FULL
907,907,925,9485642572000,10237457752000,1779380487262246561,1779380487249387905,FULL
908,908,926,9485675888000,10237493847000,1779380487295299107,1779380487281993514,FULL
909,909,927,9485709205000,10237529942000,1779380487328021563,1779380487314564587,FULL
910,910,928,9485742520000,10237566037000,1779380487361422327,1779380487348647959,FULL
911,911,929,9485775840000,10237602134000,1779380487394819813,1779380487380724388,FULL
912,912,930,9485809158000,10237638228000,1779380487428479019,1779380487414920093,FULL
913,913,931,9485842476000,10237674322000,1779380487461940726,1779380487448451508,FULL
914,914,932,9485875795000,10237710417000,1779380487495293046,1779380487480679621,FULL
915,915,933,9485909113000,10237746512000,1779380487528798291,1779380487515385358,FULL
916,916,934,9485942434000,10237782608000,1779380487563307673,1779380487548264520,FULL
917,917,935,9485975749000,10237818704000,1779380487595273563,1779380487580397930,FULL
918,918,936,9486009070000,10237854798000,1779380487628518680,1779380487615867123,FULL
919,919,937,9486042387000,10237890893000,1779380487662149294,1779380487648167346,FULL
920,920,938,9486075706000,10237926988000,1779380487695214043,1779380487681811445,FULL
921,921,939,9486109026000,10237963082000,1779380487728338735,1779380487713874170,FULL
922,922,940,9486142343000,10237999178000,1779380487761990774,1779380487747929562,FULL
923,923,941,9486175663000,10238035273000,1779380487795194837,1779380487782210858,FULL
924,924,942,9486208983000,10238071368000,1779380487828356418,1779380487814917855,FULL
925,925,943,9486242297000,10238107463000,1779380487861565536,1779380487847681352,FULL
926,926,944,9486275616000,10238143557000,1779380487895017855,1779380487880948695,FULL
927,927,945,9486308935000,10238179652000,1779380487928417507,1779380487914880273,FULL
928,928,946,9486342253000,10238215753000,1779380487961579552,1779380487947011183,FULL
929,929,947,9486375571000,10238251852000,1779380487995920213,1779380487981845104,FULL
930,930,948,9486408890000,10238287952000,1779380488028728391,1779380488013714369,FULL
931,931,949,9486442216000,10238324040000,1779380488061550827,1779380488047172543,FULL
932,932,950,9486475534000,10238360145000,1779380488097545879,1779380488083661430,FULL
933,933,951,9486508851000,10238396265000,1779380488128772129,1779380488114998255,FULL
934,934,952,9486542168000,10238432324000,1779380488161492455,1779380488146543541,FULL
935,935,953,9486575483000,10238468416000,1779380488195112976,1779380488180686765,FULL
936,936,954,9486608802000,10238504511000,1779380488228348353,1779380488213038969,FULL
937,937,955,9486642121000,10238540603000,1779380488261449638,1779380488247354932,FULL
938,938,956,9486675440000,10238576696000,1779380488295191158,1779380488279826098,FULL
939,939,957,9486708756000,10238612795000,1779380488328063205,1779380488314316448,FULL
940,940,958,9486742075000,10238648894000,1779380488361725263,1779380488346154861,FULL
941,941,959,9486775396000,10238684989000,1779380488395753020,1779380488380843543,FULL
942,942,960,9486808711000,10238721079000,1779380488427996648,1779380488425295444,FULL
943,943,961,9486842030000,10238757175000,1779380488461458782,1779380488449071509,FULL
944,944,962,9486875348000,10238793269000,1779380488494888138,1779380488480286947,FULL
945,945,963,9486908667000,10238829374000,1779380488527880721,1779380488511659475,FULL
946,946,964,9486941985000,10238865474000,1779380488561209152,1779380488545849477,FULL
947,947,966,9486975306000,10238901556000,1779380488596136623,1779380488611393025,FULL
948,948,967,9487008625000,10238937653000,1779380488629171798,1779380488644773349,FULL
949,949,967,9487041945000,10238973749000,1779380488661177632,1779380488644773349,FULL
950,950,968,9487075260000,10239009843000,1779380488695052169,1779380488678048600,FULL
951,951,969,9487108580000,10239045938000,1779380488728314878,1779380488712295026,FULL
952,952,970,9487141897000,10239082038000,1779380488761305035,1779380488745571055,FULL
953,953,971,9487175216000,10239118135000,1779380488795484143,1779380488780151460,FULL
954,954,973,9487208541000,10239154227000,1779380488829553345,1779380488845461492,FULL
955,955,974,9487241859000,10239190320000,1779380488862127062,1779380488878789724,FULL
956,956,974,9487275181000,10239226412000,1779380488895415067,1779380488878789724,FULL
957,957,976,9487308495000,10239262504000,1779380488936331994,1779380488946291938,FULL
958,958,976,9487341810000,10239298607000,1779380488962359075,1779380488946291938,FULL
959,959,977,9487375130000,10239334695000,1779380488995077846,1779380488980368237,FULL
960,960,979,9487408446000,10239370802000,1779380489032742658,1779380489046435039,FULL
961,961,979,9487441763000,10239406894000,1779380489062954196,1779380489046435039,FULL
962,962,980,9487475083000,10239442980000,1779380489095530432,1779380489079975973,FULL
963,963,981,9487508402000,10239479075000,1779380489127272343,1779380489112670711,FULL
964,964,982,9487541718000,10239515170000,1779380489160159334,1779380489146119423,FULL
965,965,983,9487575037000,10239551266000,1779380489194024001,1779380489181150286,FULL
966,966,984,9487608358000,10239587360000,1779380489227389135,1779380489212517333,FULL
967,967,985,9487641681000,10239623454000,1779380489260619438,1779380489246433337,FULL
968,968,986,9487674996000,10239659550000,1779380489293983406,1779380489279294222,FULL
969,969,987,9487708313000,10239695645000,1779380489327249264,1779380489312557065,FULL
970,970,988,9487741630000,10239731740000,1779380489360572788,1779380489345805872,FULL
971,971,989,9487774949000,10239767836000,1779380489393947034,1779380489379573192,FULL
972,972,990,9487808268000,10239803933000,1779380489427608499,1779380489412488428,FULL
973,973,991,9487841587000,10239840025000,1779380489460905671,1779380489446614559,FULL
974,974,992,9487874904000,10239876121000,1779380489494467063,1779380489479024392,FULL
975,975,993,9487908222000,10239912219000,1779380489527640755,1779380489512555770,FULL
976,976,994,9487941541000,10239948311000,1779380489561236591,1779380489546028241,FULL
977,977,995,9487974861000,10239984407000,1779380489594279988,1779380489579402250,FULL
978,978,996,9488008178000,10240020510000,1779380489629096256,1779380489613546659,FULL
979,979,997,9488041496000,10240056597000,1779380489660766797,1779380489645695773,FULL
980,980,998,9488074814000,10240092691000,1779380489694316078,1779380489679249651,FULL
981,981,999,9488108135000,10240128786000,1779380489729791524,1779380489712727048,FULL
982,982,1000,9488141459000,10240164882000,1779380489760767813,1779380489747154713,FULL
983,983,1001,9488174771000,10240200976000,1779380489794072634,1779380489779019015,FULL
984,984,1002,9488208092000,10240237071000,1779380489827300622,1779380489813550679,FULL
985,985,1003,9488241407000,10240273166000,1779380489860542647,1779380489845816681,FULL
986,986,1004,9488274726000,10240309261000,1779380489893963429,1779380489880235569,FULL
987,987,1006,9488308046000,10240345358000,1779380489929246840,1779380489945701821,FULL
988,988,1006,9488341363000,10240381454000,1779380489960573477,1779380489945701821,FULL
989,989,1007,9488374681000,10240417547000,1779380489993915834,1779380490006942689,FULL
990,990,1008,9488408000000,10240453645000,1779380490027243895,1779380490041150987,FULL
991,991,1009,9488441318000,10240489741000,1779380490059682095,1779380490074527088,FULL
992,992,1010,9488474637000,10240525832000,1779380490094153830,1779380490107583175,FULL
993,993,1011,9488507959000,10240561928000,1779380490128185883,1779380490140853370,FULL
994,994,1012,9488541275000,10240598019000,1779380490160585306,1779380490174148435,FULL
995,995,1013,9488574593000,10240634118000,1779380490193925144,1779380490207511667,FULL
996,996,1014,9488607911000,10240670211000,1779380490227263687,1779380490240847787,FULL
997,997,1015,9488641231000,10240706314000,1779380490261806457,1779380490274117057,FULL
998,998,1016,9488674556000,10240742399000,1779380490294240491,1779380490310017338,FULL
999,999,1017,9488707868000,10240778495000,1779380490327237925,1779380490340793316,FULL
1000,1000,1018,9488741187000,10240814589000,1779380490363017035,1779380490374192603,FULL
1001,1001,1019,9488774505000,10240850685000,1779380490394290988,1779380490407444650,FULL
1002,1002,1019,9488807824000,10240886782000,1779380490428659945,1779380490407444650,FULL
1003,1003,1020,9488841142000,10240922877000,1779380490462053228,1779380490457289259,FULL
1004,1004,1022,9488874469000,10240958972000,1779380490496166410,1779380490508273523,FULL
1005,1005,1023,9488907782000,10240995066000,1779380490528546981,1779380490540738596,FULL
1006,1006,1024,9488941107000,10241031160000,1779380490560874960,1779380490565401319,FULL
1007,1007,1025,9488974414000,10241067256000,1779380490595753949,1779380490596935643,FULL
1008,1008,1026,9489007737000,10241103350000,1779380490627682802,1779380490631027719,FULL
1009,1009,1027,9489041060000,10241139445000,1779380490660503017,1779380490665455792,FULL
1010,1010,1028,9489074371000,10241175540000,1779380490694381831,1779380490708024897,FULL
1011,1011,1029,9489107689000,10241211635000,1779380490728943139,1779380490740491118,FULL
1012,1012,1030,9489141007000,10241247733000,1779380490761501208,1779380490773895053,FULL
1013,1013,1031,9489174327000,10241283826000,1779380490797157874,1779380490807107156,FULL
1014,1014,1032,9489207651000,10241319920000,1779380490828890248,1779380490840489832,FULL
1015,1015,1033,9489240969000,10241356016000,1779380490862090996,1779380490873999118,FULL
1016,1016,1034,9489274294000,10241392110000,1779380490893788185,1779380490909564365,FULL
1017,1017,1035,9489307600000,10241428206000,1779380490927936607,1779380490940636748,FULL
1018,1018,1036,9489340925000,10241464300000,1779380490961166114,1779380490973846722,FULL
1019,1019,1037,9489374243000,10241500395000,1779380490994062865,1779380491007175102,FULL
1020,1020,1038,9489407558000,10241536491000,1779380491032256060,1779380491040511074,FULL
1021,1021,1039,9489440874000,10241572587000,1779380491062156064,1779380491073766121,FULL
1022,1022,1040,9489474193000,10241608681000,1779380491094304600,1779380491107143279,FULL
1023,1023,1041,9489507511000,10241644775000,1779380491127872233,1779380491140412881,FULL
1024,1024,1042,9489540833000,10241680870000,1779380491161607605,1779380491173761983,FULL
1025,1025,1043,9489574157000,10241716965000,1779380491194620280,1779380491207037882,FULL
1026,1026,1044,9489607472000,10241753059000,1779380491227287033,1779380491240455224,FULL
1027,1027,1045,9489640788000,10241789155000,1779380491261546418,1779380491273662865,FULL
1028,1028,1046,9489674105000,10241825255000,1779380491294645259,1779380491306866653,FULL
1029,1029,1047,9489707429000,10241861347000,1779380491326636334,1779380491341521335,FULL
1030,1030,1048,9489740740000,10241897443000,1779380491361570156,1779380491372660477,FULL
1031,1031,1049,9489774059000,10241933536000,1779380491393094217,1779380491402820943,FULL
1032,1032,1050,9489807377000,10241969630000,1779380491426448055,1779380491426058384,FULL
1033,1033,1051,9489840697000,10242005724000,1779380491460236741,1779380491460486809,FULL
1034,1034,1052,9489874015000,10242041820000,1779380491492927105,1779380491506364159,FULL
1035,1035,1053,9489907332000,10242077914000,1779380491526815716,1779380491533691561,FULL
1036,1036,1054,9489940652000,10242114011000,1779380491561301117,1779380491576032131,FULL
1037,1037,1055,9489973970000,10242150105000,1779380491593030528,1779380491605979469,FULL
1038,1038,1056,9490007288000,10242186201000,1779380491626325163,1779380491631639239,FULL
1039,1039,1057,9490040607000,10242222296000,1779380491660186941,1779380491673401296,FULL
1040,1040,1058,9490073924000,10242258390000,1779380491694710045,1779380491690204096,FULL
1041,1041,1059,9490107243000,10242294485000,1779380491726876970,1779380491714007605,FULL
1042,1042,1060,9490140562000,10242330582000,1779380491761127243,1779380491747108784,FULL
1043,1043,1062,9490173880000,10242366675000,1779380491811058595,1779380491812402409,FULL
1044,1044,1063,9490207202000,10242402771000,1779380491844725930,1779380491847523845,FULL
1045,1045,1064,9490240520000,10242438869000,1779380491880340634,1779380491880365119,FULL
1046,1046,1065,9490273838000,10242474973000,1779380491915895487,1779380491913119171,FULL
1047,1047,1066,9490307159000,10242511074000,1779380491948811885,1779380491947938110,FULL
1048,1048,1067,9490340476000,10242547161000,1779380491979875247,1779380491980866346,FULL
1049,1049,1068,9490373794000,10242583261000,1779380492013341714,1779380492013887303,FULL
1050,1050,1069,9490407111000,10242619353000,1779380492045273438,1779380492047756492,FULL
1051,1051,1070,9490440431000,10242655445000,1779380492080022540,1779380492078765987,FULL
1052,1052,1071,9490473748000,10242691541000,1779380492111744080,1779380492113234727,FULL
1053,1053,1072,9490507068000,10242727629000,1779380492143860673,1779380492147750132,FULL
1054,1054,1073,9490540385000,10242763727000,1779380492177977040,1779380492180621442,FULL
1055,1055,1074,9490573703000,10242799826000,1779380492210225001,1779380492212002637,FULL
1056,1056,1075,9490607022000,10242835916000,1779380492244630310,1779380492246698986,FULL
1057,1057,1076,9490640341000,10242872012000,1779380492277909853,1779380492278628435,FULL
1058,1058,1077,9490673659000,10242908106000,1779380492311455134,1779380492313631224,FULL
1059,1059,1078,9490706976000,10242944196000,1779380492344713937,1779380492345798523,FULL
1060,1060,1079,9490740296000,10242980291000,1779380492376967675,1779380492380449371,FULL
1061,1061,1080,9490773614000,10243016387000,1779380492410973915,1779380492430143907,FULL
1062,1062,1081,9490806932000,10243052481000,1779380492444500270,1779380492451278146,FULL
1063,1063,1082,9490840255000,10243088575000,1779380492477781924,1779380492479486187,FULL
1064,1064,1083,9490873571000,10243124671000,1779380492511147410,1779380492511605819,FULL
1065,1065,1084,9490906888000,10243160766000,1779380492544496527,1779380492543327141,FULL
1066,1066,1085,9490940208000,10243196861000,1779380492578120640,1779380492576452801,FULL
1067,1067,1086,9490973524000,10243232960000,1779380492616371280,1779380492609768347,FULL
1068,1068,1087,9491006845000,10243269052000,1779380492647139312,1779380492643371650,FULL
1069,1069,1088,9491040164000,10243305146000,1779380492679457217,1779380492676696567,FULL
1070,1070,1089,9491073482000,10243341243000,1779380492715678747,1779380492710917865,FULL
1071,1071,1090,9491106800000,10243377337000,1779380492744378245,1779380492744331410,FULL
1072,1072,1091,9491140120000,10243413438000,1779380492779974079,1779380492777573124,FULL
1073,1073,1092,9491173436000,10243449535000,1779380492811484252,1779380492810951078,FULL
1074,1074,1093,9491206755000,10243485623000,1779380492845041699,1779380492845330207,FULL
1075,1075,1094,9491240074000,10243521715000,1779380492876548353,1779380492877732411,FULL
1076,1076,1095,9491273392000,10243557812000,1779380492912025484,1779380492910946921,FULL
1077,1077,1096,9491306709000,10243593907000,1779380492943625174,1779380492944270190,FULL
1078,1078,1097,9491340029000,10243630001000,1779380492978916956,1779380492978020677,FULL
1079,1079,1098,9491373353000,10243666094000,1779380493016411659,1779380493011063226,FULL
1080,1080,1099,9491406669000,10243702191000,1779380493051656440,1779380493044231238,FULL
1081,1081,1100,9491439990000,10243738285000,1779380493079223487,1779380493080269462,FULL
1082,1082,1101,9491473304000,10243774395000,1779380493099456925,1779380493111596713,FULL
1083,1083,1101,9491506624000,10243810484000,1779380493127048786,1779380493111596713,FULL
1084,1084,1102,9491539958000,10243846577000,1779380493159781279,1779380493144693539,FULL
1085,1085,1103,9491573261000,10243882667000,1779380493192263812,1779380493178357434,FULL
1086,1086,1104,9491606577000,10243918781000,1779380493225310117,1779380493211470131,FULL
1087,1087,1105,9491639893000,10243954860000,1779380493258637196,1779380493245709076,FULL
1088,1088,1106,9491673214000,10243990953000,1779380493291965165,1779380493278163206,FULL
1089,1089,1107,9491706531000,10244027048000,1779380493326336493,1779380493310818407,FULL
1090,1090,1108,9491739850000,10244063143000,1779380493359043819,1779380493344698911,FULL
1091,1091,1109,9491773168000,10244099238000,1779380493393320685,1779380493379980828,FULL
1092,1092,1110,9491806486000,10244135336000,1779380493425775367,1779380493411319431,FULL
1093,1093,1111,9491839805000,10244171429000,1779380493458849282,1779380493444968826,FULL
1094,1094,1112,9491873125000,10244207525000,1779380493492275416,1779380493479973356,FULL
1095,1095,1113,9491906441000,10244243619000,1779380493525447386,1779380493511398310,FULL
1096,1096,1114,9491939760000,10244279716000,1779380493558855057,1779380493544948558,FULL
1097,1097,1115,9491973078000,10244315809000,1779380493592666669,1779380493578049070,FULL
1098,1098,1116,9492006396000,10244351901000,1779380493626030341,1779380493611362450,FULL
1099,1099,1117,9492039715000,10244387998000,1779380493659295736,1779380493644541943,FULL
1100,1100,1118,9492073034000,10244424091000,1779380493692717259,1779380493679284105,FULL
1101,1101,1119,9492106353000,10244460186000,1779380493725866710,1779380493711166555,FULL
1102,1102,1120,9492139670000,10244496281000,1779380493759254919,1779380493745383555,FULL
1103,1103,1121,9492172990000,10244532375000,1779380493792442240,1779380493778104867,FULL
1104,1104,1122,9492206307000,10244568470000,1779380493826109465,1779380493811587227,FULL
1105,1105,1123,9492239629000,10244604566000,1779380493859137603,1779380493844518185,FULL
1106,1106,1124,9492272944000,10244640661000,1779380493892375146,1779380493878091877,FULL
1107,1107,1125,9492306263000,10244676755000,1779380493926989120,1779380493911593626,FULL
1108,1108,1126,9492339583000,10244712850000,1779380493958556551,1779380493944594176,FULL
1109,1109,1127,9492372901000,10244748946000,1779380493992302589,1779380493980195237,FULL
1110,1110,1128,9492406218000,10244785041000,1779380494025648705,1779380494011092807,FULL
1111,1111,1129,9492439538000,10244821137000,1779380494058921267,1779380494044304744,FULL
1112,1112,1130,9492472856000,10244857231000,1779380494092297235,1779380494077826029,FULL
1113,1113,1131,9492506174000,10244893325000,1779380494125626666,1779380494111429684,FULL
1114,1114,1132,9492539494000,10244929421000,1779380494159105540,1779380494144624603,FULL
1115,1115,1133,9492572812000,10244965516000,1779380494192274862,1779380494178075018,FULL
1116,1116,1134,9492606130000,10245001611000,1779380494227227258,1779380494211421695,FULL
1117,1117,1135,9492639448000,10245037706000,1779380494258910355,1779380494244348152,FULL
1118,1118,1136,9492672769000,10245073800000,1779380494292154954,1779380494277956270,FULL
1119,1119,1137,9492706085000,10245109897000,1779380494325638569,1779380494311407094,FULL
1120,1120,1138,9492739406000,10245145992000,1779380494358903890,1779380494343722113,FULL
1121,1121,1139,9492772722000,10245182087000,1779380494392158174,1779380494377532599,FULL
1122,1122,1140,9492806041000,10245218180000,1779380494426319707,1779380494428543548,FULL
1123,1123,1141,9492839359000,10245254276000,1779380494458730296,1779380494449049941,FULL
1124,1124,1142,9492872677000,10245290372000,1779380494492205578,1779380494479649718,FULL
1125,1125,1143,9492905996000,10245326472000,1779380494525360567,1779380494509515632,FULL
1126,1126,1145,9492939314000,10245362563000,1779380494558848922,1779380494575724229,FULL
1127,1127,1145,9492972633000,10245398660000,1779380494592076466,1779380494575724229,FULL
1128,1128,1146,9493005951000,10245434752000,1779380494624864533,1779380494610776037,FULL
1129,1129,1147,9493039273000,10245470846000,1779380494658685551,1779380494642733338,FULL
1130,1130,1148,9493072588000,10245506942000,1779380494691977076,1779380494675964052,FULL
1131,1131,1149,9493105908000,10245543037000,1779380494725292618,1779380494709283747,FULL
1132,1132,1150,9493139225000,10245579131000,1779380494758695197,1779380494743501951,FULL
1133,1133,1151,9493172545000,10245615227000,1779380494791895204,1779380494776744128,FULL
1134,1134,1152,9493205863000,10245651322000,1779380494825312412,1779380494810068360,FULL
1135,1135,1153,9493239181000,10245687418000,1779380494858976136,1779380494843395203,FULL
1136,1136,1154,9493272502000,10245723514000,1779380494891392392,1779380494876754583,FULL
1137,1137,1155,9493305818000,10245759607000,1779380494925200818,1779380494910178480,FULL
1138,1138,1156,9493339136000,10245795701000,1779380494958060588,1779380494943393935,FULL
1139,1139,1157,9493372454000,10245831796000,1779380494991769274,1779380494976586131,FULL
1140,1140,1159,9493405773000,10245867892000,1779380495030208745,1779380495044038439,FULL
1141,1141,1159,9493439092000,10245903986000,1779380495060169156,1779380495044038439,FULL
1142,1142,1160,9493472411000,10245940085000,1779380495092088528,1779380495077383652,FULL
1143,1143,1161,9493505729000,10245976180000,1779380495124356526,1779380495110674884,FULL
1144,1144,1162,9493539047000,10246012275000,1779380495157381349,1779380495144019875,FULL
1145,1145,1163,9493572366000,10246048368000,1779380495190936019,1779380495177182034,FULL
1146,1146,1164,9493605693000,10246084462000,1779380495224296969,1779380495210913188,FULL
1147,1147,1165,9493639003000,10246120556000,1779380495257548086,1779380495244172587,FULL
1148,1148,1166,9493672323000,10246156652000,1779380495291214680,1779380495277376654,FULL
1149,1149,1167,9493705640000,10246192747000,1779380495324454687,1779380495312278277,FULL
1150,1150,1168,9493738958000,10246228842000,1779380495357894765,1779380495343815082,FULL
1151,1151,1169,9493772277000,10246264944000,1779380495391485620,1779380495377342275,FULL
1152,1152,1170,9493805601000,10246301033000,1779380495424428796,1779380495410661433,FULL
1153,1153,1171,9493838914000,10246337131000,1779380495458703402,1779380495443815314,FULL
1154,1154,1172,9493872232000,10246373223000,1779380495491147436,1779380495477443932,FULL
1155,1155,1173,9493905550000,10246409317000,1779380495524989602,1779380495510616591,FULL
1156,1156,1174,9493938870000,10246445413000,1779380495560347050,1779380495544140432,FULL
1157,1157,1175,9493972188000,10246481508000,1779380495591924518,1779380495577510182,FULL
1158,1158,1176,9494005506000,10246517603000,1779380495626087163,1779380495610859321,FULL
1159,1159,1177,9494038825000,10246553697000,1779380495658338290,1779380495645069452,FULL
1160,1160,1178,9494072143000,10246589792000,1779380495691702795,1779380495677392730,FULL
1161,1161,1179,9494105463000,10246625888000,1779380495724975153,1779380495710712221,FULL
1162,1162,1180,9494138780000,10246661982000,1779380495758509749,1779380495744131767,FULL
1163,1163,1181,9494172099000,10246698077000,1779380495791395389,1779380495778221436,FULL
1164,1164,1182,9494205416000,10246734171000,1779380495824931374,1779380495810603325,FULL
1165,1165,1183,9494238735000,10246770266000,1779380495860116323,1779380495843896298,FULL
1166,1166,1184,9494272055000,10246806362000,1779380495891774401,1779380495878136632,FULL
1167,1167,1185,9494305372000,10246842456000,1779380495924801613,1779380495910578261,FULL
1168,1168,1186,9494338691000,10246878553000,1779380495958136470,1779380495944693245,FULL
1169,1169,1187,9494372010000,10246914647000,1779380495991344903,1779380495977116837,FULL
1170,1170,1188,9494405328000,10246950742000,1779380496024899147,1779380496011462466,FULL
1171,1171,1189,9494438647000,10246986838000,1779380496058203708,1779380496043866948,FULL
1172,1172,1190,9494471964000,10247022932000,1779380496091764322,1779380496078162244,FULL
1173,1173,1191,9494505284000,10247059028000,1779380496124787683,1779380496109920102,FULL
1174,1174,1192,9494538601000,10247095123000,1779380496158067466,1779380496144421101,FULL
1175,1175,1193,9494571919000,10247131217000,1779380496191372565,1779380496176796749,FULL
1176,1176,1194,9494605237000,10247167312000,1779380496224850106,1779380496210992435,FULL
1177,1177,1195,9494638557000,10247203408000,1779380496257547544,1779380496245580210,FULL
1178,1178,1196,9494671878000,10247239502000,1779380496291216582,1779380496277388716,FULL
1179,1179,1197,9494705193000,10247275599000,1779380496324725179,1779380496310002862,FULL
1180,1180,1198,9494738512000,10247311692000,1779380496358013129,1779380496344094827,FULL
1181,1181,1199,9494771830000,10247347789000,1779380496391484985,1779380496376674770,FULL
1182,1182,1200,9494805150000,10247383883000,1779380496425164875,1779380496427773533,FULL
1183,1183,1201,9494838469000,10247419977000,1779380496457946442,1779380496448281630,FULL
1184,1184,1202,9494871786000,10247456074000,1779380496491234874,1779380496476936389,FULL
1185,1185,1203,9494905104000,10247492169000,1779380496524528620,1779380496508935078,FULL
1186,1186,1204,9494938423000,10247528264000,1779380496558577692,1779380496543229374,FULL
1187,1187,1205,9494971741000,10247564357000,1779380496590562175,1779380496574903011,FULL
1188,1188,1206,9495005060000,10247600452000,1779380496624518062,1779380496608491870,FULL
1189,1189,1207,9495038381000,10247636549000,1779380496657853123,1779380496643755268,FULL
1190,1190,1208,9495071701000,10247672642000,1779380496691146111,1779380496676241434,FULL
1191,1191,1209,9495105015000,10247708737000,1779380496724466005,1779380496739862946,FULL
1192,1192,1210,9495138335000,10247744833000,1779380496757766289,1779380496772436574,FULL
1193,1193,1211,9495171652000,10247780928000,1779380496791096294,1779380496806578983,FULL
1194,1194,1212,9495204971000,10247817023000,1779380496824398800,1779380496838250860,FULL
1195,1195,1213,9495238289000,10247853117000,1779380496857764434,1779380496871471871,FULL
1196,1196,1214,9495271608000,10247889212000,1779380496890527131,1779380496904866565,FULL
1197,1197,1215,9495304926000,10247925308000,1779380496924737979,1779380496938171741,FULL
1198,1198,1216,9495338248000,10247961403000,1779380496957765821,1779380496971597028,FULL
1199,1199,1217,9495371564000,10247997497000,1779380496990510777,1779380497004922241,FULL
1200,1200,1218,9495404882000,10248033593000,1779380497029436798,1779380497038139955,FULL
1201,1201,1219,9495438200000,10248069688000,1779380497059372468,1779380497071454854,FULL
1202,1202,1220,9495471520000,10248105784000,1779380497093069137,1779380497104782123,FULL
1203,1203,1221,9495504837000,10248141878000,1779380497123358340,1779380497138669997,FULL
1204,1204,1222,9495538155000,10248177973000,1779380497157147415,1779380497171371605,FULL
1205,1205,1223,9495571474000,10248214067000,1779380497194175401,1779380497204876261,FULL
1206,1206,1224,9495604795000,10248250162000,1779380497224364235,1779380497238098364,FULL
1207,1207,1225,9495638118000,10248286258000,1779380497257754017,1779380497271473836,FULL
1208,1208,1226,9495671434000,10248322352000,1779380497296565225,1779380497304741013,FULL
1209,1209,1227,9495704764000,10248358448000,1779380497324352473,1779380497337924635,FULL
1210,1210,1228,9495738069000,10248394544000,1779380497357075763,1779380497371286904,FULL
1211,1211,1229,9495771386000,10248430638000,1779380497392033103,1779380497404664672,FULL
1212,1212,1230,9495804703000,10248466733000,1779380497423840143,1779380497438186976,FULL
1213,1213,1231,9495838023000,10248502828000,1779380497457041761,1779380497471612633,FULL
1214,1214,1232,9495871340000,10248538922000,1779380497490831650,1779380497504627997,FULL
1215,1215,1233,9495904659000,10248575019000,1779380497524052083,1779380497538162894,FULL
1216,1216,1234,9495937978000,10248611112000,1779380497557413792,1779380497573885010,FULL
1217,1217,1235,9495971295000,10248647208000,1779380497591568011,1779380497604716192,FULL
1218,1218,1236,9496004614000,10248683304000,1779380497624145561,1779380497638025572,FULL
1219,1219,1237,9496037933000,10248719398000,1779380497657414511,1779380497671508950,FULL
1220,1220,1238,9496071250000,10248755494000,1779380497691012533,1779380497704634406,FULL
1221,1221,1239,9496104572000,10248791588000,1779380497724466759,1779380497737879046,FULL
1222,1222,1240,9496137888000,10248827684000,1779380497758894308,1779380497771173408,FULL
1223,1223,1241,9496171212000,10248863781000,1779380497790922976,1779380497804582250,FULL
1224,1224,1242,9496204527000,10248899879000,1779380497824311647,1779380497837882389,FULL
1225,1225,1243,9496237844000,10248935981000,1779380497858153555,1779380497871351768,FULL
1226,1226,1244,9496271165000,10248972069000,1779380497891650706,1779380497904596704,FULL
1227,1227,1245,9496304485000,10249008167000,1779380497925750759,1779380497937917232,FULL
1228,1228,1246,9496337816000,10249044272000,1779380497959136542,1779380497972148789,FULL
1229,1229,1247,9496371129000,10249080351000,1779380497991831295,1779380498004567233,FULL
1230,1230,1248,9496404438000,10249116445000,1779380498024271032,1779380498038248980,FULL
1231,1231,1249,9496437755000,10249152538000,1779380498058328344,1779380498071534138,FULL
1232,1232,1250,9496471089000,10249188635000,1779380498108130586,1779380498104773463,FULL
1233,1233,1251,9496504399000,10249224728000,1779380498146823850,1779380498138080843,FULL
1234,1234,1252,9496537715000,10249260823000,1779380498182873327,1779380498173953217,FULL
1235,1235,1253,9496571039000,10249296918000,1779380498200126037,1779380498204693511,FULL
1236,1236,1254,9496604349000,10249333014000,1779380498227872434,1779380498237932429,FULL
1237,1237,1255,9496637679000,10249369112000,1779380498260480632,1779380498271270105,FULL
1238,1238,1256,9496671001000,10249405206000,1779380498293593732,1779380498304560837,FULL
1239,1239,1257,9496704318000,10249441303000,1779380498327760414,1779380498337741163,FULL
1240,1240,1258,9496737639000,10249477394000,1779380498360641869,1779380498371544520,FULL
1241,1241,1259,9496770953000,10249513490000,1779380498393163068,1779380498404373775,FULL
1242,1242,1259,9496804269000,10249549584000,1779380498427054752,1779380498404373775,FULL
1243,1243,1260,9496837593000,10249585678000,1779380498459740690,1779380498453912571,FULL
1244,1244,1262,9496870906000,10249621773000,1779380498493774929,1779380498505537070,FULL
1245,1245,1263,9496904226000,10249657869000,1779380498527196748,1779380498537678924,FULL
1246,1246,1264,9496937537000,10249693964000,1779380498560373126,1779380498570982304,FULL
1247,1247,1265,9496970866000,10249730061000,1779380498591795244,1779380498604194019,FULL
1248,1248,1266,9497004176000,10249766157000,1779380498625774872,1779380498637537047,FULL
1249,1249,1267,9497037489000,10249802251000,1779380498657359525,1779380498670848630,FULL
1250,1250,1268,9497070808000,10249838346000,1779380498690387497,1779380498704522859,FULL
1251,1251,1269,9497104127000,10249874441000,1779380498725937386,1779380498737506520,FULL
1252,1252,1270,9497137444000,10249910536000,1779380498757229450,1779380498770922584,FULL
1253,1253,1271,9497170763000,10249946631000,1779380498790551715,1779380498798743629,FULL
1254,1254,1272,9497204080000,10249982728000,1779380498823895183,1779380498837504456,FULL
1255,1255,1273,9497237400000,10250018821000,1779380498856545177,1779380498870915483,FULL
1256,1256,1274,9497270719000,10250054915000,1779380498890950134,1779380498904134623,FULL
1257,1257,1275,9497304041000,10250091010000,1779380498923920847,1779380498938368087,FULL
1258,1258,1276,9497337356000,10250127106000,1779380498957367962,1779380498971615357,FULL
1259,1259,1277,9497370674000,10250163201000,1779380498989739274,1779380499004178096,FULL
1260,1260,1278,9497403991000,10250199297000,1779380499029971634,1779380499021981497,FULL
1261,1261,1279,9497437310000,10250235391000,1779380499058680020,1779380499044627999,FULL
1262,1262,1280,9497470629000,10250271484000,1779380499090175860,1779380499076056786,FULL
1263,1263,1281,9497503947000,10250307587000,1779380499123201202,1779380499111298259,FULL
1264,1264,1282,9497537265000,10250343679000,1779380499155590846,1779380499144783859,FULL
1265,1265,1283,9497570583000,10250379772000,1779380499189265589,1779380499177892371,FULL
1266,1266,1284,9497603903000,10250415869000,1779380499223163644,1779380499214147889,FULL
1267,1267,1285,9497637223000,10250451960000,1779380499255795620,1779380499244018877,FULL
1268,1268,1286,9497670539000,10250488055000,1779380499289463492,1779380499276816391,FULL
1269,1269,1287,9497703858000,10250524151000,1779380499322880941,1779380499311174280,FULL
1270,1270,1288,9497737176000,10250560243000,1779380499356051133,1779380499346803730,FULL
1271,1271,1289,9497770495000,10250596339000,1779380499389249325,1779380499382846584,FULL
1272,1272,1290,9497803812000,10250632434000,1779380499422953419,1779380499413015494,FULL
1273,1273,1291,9497837132000,10250668528000,1779380499455914447,1779380499446076562,FULL
1274,1274,1292,9497870450000,10250704625000,1779380499489875038,1779380499479809179,FULL
1275,1275,1293,9497903774000,10250740719000,1779380499523212433,1779380499512712452,FULL
1276,1276,1294,9497937087000,10250776814000,1779380499556642289,1779380499545766408,FULL
1277,1277,1295,9497970405000,10250812910000,1779380499589821629,1779380499581659004,FULL
1278,1278,1296,9498003725000,10250849003000,1779380499623144116,1779380499611579769,FULL
1279,1279,1297,9498037043000,10250885098000,1779380499656430881,1779380499643841881,FULL
1280,1280,1298,9498070360000,10250921194000,1779380499689900774,1779380499679715477,FULL
1281,1281,1299,9498103680000,10250957295000,1779380499724505266,1779380499712650528,FULL
1282,1282,1300,9498136998000,10250993390000,1779380499756606229,1779380499746261775,FULL
1283,1283,1301,9498170317000,10251029496000,1779380499789799569,1779380499776823552,FULL
1284,1284,1302,9498203636000,10251065588000,1779380499823030853,1779380499810889296,FULL
1285,1285,1303,9498236953000,10251101672000,1779380499856310581,1779380499843094205,FULL
1286,1286,1304,9498270271000,10251137783000,1779380499889711160,1779380499876244605,FULL
1287,1287,1305,9498303590000,10251173860000,1779380499922989537,1779380499909975314,FULL
1288,1288,1306,9498336909000,10251209956000,1779380499956341245,1779380499943480563,FULL
1289,1289,1307,9498370226000,10251246050000,1779380499990039395,1779380499976588778,FULL
1290,1290,1308,9498403551000,10251282144000,1779380500023027534,1779380500009825048,FULL
1291,1291,1309,9498436865000,10251318240000,1779380500056260670,1779380500042948819,FULL
1292,1292,1310,9498470183000,10251354335000,1779380500089674174,1779380500076657806,FULL
1293,1293,1311,9498503501000,10251390429000,1779380500122448315,1779380500110406830,FULL
1294,1294,1312,9498536820000,10251426524000,1779380500157254305,1779380500142611073,FULL
1295,1295,1313,9498570139000,10251462623000,1779380500189546803,1779380500176556336,FULL
1296,1296,1314,9498603457000,10251498720000,1779380500222981566,1779380500212362043,FULL
1297,1297,1315,9498636775000,10251534813000,1779380500258300922,1779380500243712868,FULL
1298,1298,1316,9498670095000,10251570904000,1779380500289604504,1779380500277665742,FULL
1299,1299,1317,9498703412000,10251606999000,1779380500322341793,1779380500310657570,FULL
1300,1300,1318,9498736730000,10251643093000,1779380500356210219,1779380500346312575,FULL
1301,1301,1319,9498770050000,10251679191000,1779380500389455632,1779380500376061897,FULL
1302,1302,1320,9498803368000,10251715284000,1779380500422832693,1779380500426506074,FULL
1303,1303,1321,9498836687000,10251751380000,1779380500456488102,1779380500447523148,FULL
1304,1304,1322,9498870004000,10251787476000,1779380500489798867,1779380500477625151,FULL
1305,1305,1323,9498903331000,10251823571000,1779380500522886320,1779380500509246696,FULL
1306,1306,1324,9498936647000,10251859665000,1779380500556960076,1779380500541302403,FULL
1307,1307,1325,9498969960000,10251895759000,1779380500589247722,1779380500573912679,FULL
1308,1308,1326,9499003279000,10251931854000,1779380500623021964,1779380500607599333,FULL
1309,1309,1327,9499036597000,10251967950000,1779380500655978529,1779380500641342561,FULL
1310,1310,1328,9499069916000,10252004046000,1779380500690473466,1779380500674837013,FULL
1311,1311,1329,9499103234000,10252040140000,1779380500722659984,1779380500708292799,FULL
1312,1312,1330,9499136553000,10252076237000,1779380500757400826,1779380500742212840,FULL
1313,1313,1331,9499169872000,10252112332000,1779380500789326513,1779380500775770107,FULL
1314,1314,1332,9499203189000,10252148427000,1779380500822044562,1779380500807947498,FULL
1315,1315,1333,9499236508000,10252184521000,1779380500855851655,1779380500841283063,FULL
1316,1316,1334,9499269826000,10252220615000,1779380500889288270,1779380500875119716,FULL
1317,1317,1335,9499303145000,10252256713000,1779380500921944598,1779380500908587335,FULL
1318,1318,1336,9499336463000,10252292810000,1779380500955781357,1779380500943814437,FULL
1319,1319,1337,9499369782000,10252328900000,1779380500988651960,1779380500974994079,FULL
1320,1320,1339,9499403100000,10252364999000,1779380501027934922,1779380501041811393,FULL
1321,1321,1339,9499436421000,10252401095000,1779380501057554910,1779380501041811393,FULL
1322,1322,1340,9499469739000,10252437189000,1779380501089291062,1779380501075194402,FULL
1323,1323,1341,9499503056000,10252473281000,1779380501121594300,1779380501108498615,FULL
1324,1324,1342,9499536374000,10252509377000,1779380501154743381,1779380501141783921,FULL
1325,1325,1343,9499569693000,10252545488000,1779380501188107405,1779380501175066191,FULL
1326,1326,1344,9499603011000,10252581569000,1779380501221447021,1779380501208441848,FULL
1327,1327,1345,9499636329000,10252617670000,1779380501256582712,1779380501242231020,FULL
1328,1328,1346,9499669649000,10252653761000,1779380501288536657,1779380501274958942,FULL
1329,1329,1347,9499702968000,10252689855000,1779380501322514564,1779380501309207758,FULL
1330,1330,1348,9499736285000,10252725951000,1779380501356635524,1779380501341509518,FULL
1331,1331,1349,9499769626000,10252762048000,1779380501389280740,1779380501374835157,FULL
1332,1332,1350,9499802925000,10252798145000,1779380501422759299,1779380501408381887,FULL
1333,1333,1351,9499836244000,10252834237000,1779380501457377773,1779380501442464611,FULL
1334,1334,1352,9499869565000,10252870332000,1779380501489605586,1779380501474850389,FULL
1335,1335,1353,9499902892000,10252906424000,1779380501522669057,1779380501508804411,FULL
1336,1336,1354,9499936199000,10252942520000,1779380501555745362,1779380501541536279,FULL
1337,1337,1355,9499969514000,10252978619000,1779380501588902943,1779380501576005481,FULL
1338,1338,1356,9500002832000,10253014710000,1779380501621873378,1779380501608236797,FULL
1339,1339,1357,9500036152000,10253050801000,1779380501655720026,1779380501642354558,FULL
1340,1340,1358,9500069470000,10253086898000,1779380501688908885,1779380501674968167,FULL
1341,1341,1359,9500102789000,10253122994000,1779380501722253038,1779380501708042420,FULL
1342,1342,1360,9500136106000,10253159092000,1779380501755468730,1779380501742228366,FULL
1343,1343,1361,9500169426000,10253195181000,1779380501790090574,1779380501775475247,FULL
1344,1344,1362,9500202744000,10253231290000,1779380501822223147,1779380501808129448,FULL
1345,1345,1363,9500236063000,10253267378000,1779380501855503616,1779380501841304366,FULL
1346,1346,1364,9500269381000,10253303471000,1779380501891453613,1779380501878207563,FULL
1347,1347,1365,9500302701000,10253339572000,1779380501922327273,1779380501907865646,FULL
1348,1348,1366,9500336022000,10253375661000,1779380501955578020,1779380501942284033,FULL
1349,1349,1367,9500369336000,10253411756000,1779380501989106005,1779380501974785162,FULL
1350,1350,1368,9500402655000,10253447845000,1779380502022285605,1779380502008683185,FULL
1351,1351,1369,9500435979000,10253483942000,1779380502055674276,1779380502042387728,FULL
1352,1352,1370,9500469291000,10253520064000,1779380502090870799,1779380502074884875,FULL
1353,1353,1371,9500502619000,10253556136000,1779380502123858475,1779380502108160089,FULL
1354,1354,1372,9500535935000,10253592225000,1779380502156581116,1779380502141267267,FULL
1355,1355,1373,9500569251000,10253628319000,1779380502188625598,1779380502176412500,FULL
1356,1356,1374,9500602565000,10253664413000,1779380502223391940,1779380502207834342,FULL
1357,1357,1375,9500635888000,10253700509000,1779380502255831344,1779380502242060640,FULL
1358,1358,1376,9500669205000,10253736603000,1779380502289560864,1779380502275644776,FULL
1359,1359,1377,9500702522000,10253772699000,1779380502322241005,1779380502308881453,FULL
1360,1360,1378,9500735840000,10253808793000,1779380502356014395,1779380502341127622,FULL
1361,1361,1379,9500769159000,10253844889000,1779380502388827832,1779380502375348326,FULL
1362,1362,1380,9500802476000,10253880987000,1779380502423916856,1779380502420184002,FULL
1363,1363,1381,9500835801000,10253917083000,1779380502456548535,1779380502444041585,FULL
1364,1364,1382,9500869118000,10253953176000,1779380502490693717,1779380502475062598,FULL
1365,1365,1383,9500902434000,10253989269000,1779380502522524276,1779380502506665050,FULL
1366,1366,1384,9500935753000,10254025366000,1779380502557117657,1779380502539411232,FULL
1367,1367,1385,9500969070000,10254061460000,1779380502588600941,1779380502576956645,FULL
1368,1368,1386,9501002387000,10254097555000,1779380502621917835,1779380502607116723,FULL
1369,1369,1387,9501035706000,10254133649000,1779380502655288062,1779380502639917811,FULL
1370,1370,1388,9501069026000,10254169745000,1779380502690253828,1779380502673263136,FULL
1371,1371,1389,9501102343000,10254205839000,1779380502721173988,1779380502707674153,FULL
1372,1372,1390,9501135661000,10254241935000,1779380502755036396,1779380502741299567,FULL
1373,1373,1391,9501168979000,10254278032000,1779380502788429734,1779380502776153006,FULL
1374,1374,1392,9501202299000,10254314125000,1779380502821706406,1779380502809961289,FULL
1375,1375,1393,9501235617000,10254350221000,1779380502854453492,1779380502843997755,FULL
1376,1376,1394,9501268935000,10254386315000,1779380502889700626,1779380502874696753,FULL
1377,1377,1395,9501302253000,10254422410000,1779380502921609183,1779380502909282417,FULL
1378,1378,1396,9501335572000,10254458505000,1779380502954441212,1779380502941667861,FULL
1379,1379,1397,9501368890000,10254494601000,1779380502988208565,1779380502974723337,FULL
1380,1380,1399,9501402208000,10254530698000,1779380503028120372,1779380503041456744,FULL
1381,1381,1399,9501435528000,10254566791000,1779380503057419623,1779380503041456744,FULL
1382,1382,1400,9501468847000,10254602886000,1779380503088375801,1779380503075693319,FULL
1383,1383,1401,9501502165000,10254638980000,1779380503120828205,1779380503108572777,FULL
1384,1384,1402,9501535483000,10254675076000,1779380503153716030,1779380503143887064,FULL
1385,1385,1404,9501568801000,10254711170000,1779380503194254756,1779380503209912015,FULL
1386,1386,1405,9501602122000,10254747264000,1779380503237257235,1779380503240852159,FULL
1387,1387,1406,9501635441000,10254783360000,1779380503270937274,1779380503276061150,FULL
1388,1388,1407,9501668760000,10254819458000,1779380503307601949,1779380503308363817,FULL
1389,1389,1408,9501702077000,10254855554000,1779380503342145349,1779380503341702290,FULL
1390,1390,1409,9501735397000,10254891651000,1779380503374588512,1779380503374154419,FULL
1391,1391,1410,9501768716000,10254927741000,1779380503406162406,1779380503408397975,FULL
1392,1392,1411,9501802032000,10254963836000,1779380503440914470,1779380503440796661,FULL
1393,1393,1412,9501835352000,10254999932000,1779380503471610133,1779380503475693859,FULL
1394,1394,1413,9501868670000,10255036027000,1779380503506299420,1779380503511117459,FULL
1395,1395,1414,9501901988000,10255072131000,1779380503539347280,1779380503540681375,FULL
1396,1396,1415,9501935308000,10255108247000,1779380503572682934,1779380503575302928,FULL
1397,1397,1416,9501968625000,10255144353000,1779380503609260924,1779380503607474134,FULL
1398,1398,1417,9502001944000,10255180407000,1779380503642210656,1779380503641697505,FULL
1399,1399,1418,9502035264000,10255216505000,1779380503675044870,1779380503674326762,FULL
1400,1400,1419,9502068583000,10255252599000,1779380503707828659,1779380503708602503,FULL
1401,1401,1420,9502101901000,10255288693000,1779380503742866295,1779380503740899004,FULL
1402,1402,1421,9502135217000,10255324789000,1779380503775006609,1779380503775035654,FULL
1403,1403,1422,9502168537000,10255360892000,1779380503807241255,1779380503810910880,FULL
1404,1404,1423,9502201854000,10255396984000,1779380503840526465,1779380503840467759,FULL
1405,1405,1424,9502235176000,10255433079000,1779380503872638316,1779380503874851573,FULL
1406,1406,1425,9502268492000,10255469168000,1779380503905784509,1779380503907256277,FULL
1407,1407,1426,9502301809000,10255505263000,1779380503939141292,1779380503941415204,FULL
1408,1408,1427,9502335128000,10255541355000,1779380503972426205,1779380503974031591,FULL
1409,1409,1428,9502368446000,10255577453000,1779380504005696785,1779380504008187148,FULL
1410,1410,1429,9502401764000,10255613545000,1779380504039822319,1779380504069566552,FULL
1411,1411,1429,9502435083000,10255649641000,1779380504072758699,1779380504069566552,FULL
1412,1412,1430,9502468401000,10255685735000,1779380504106776253,1779380504102489251,FULL
1413,1413,1431,9502501721000,10255721830000,1779380504139137546,1779380504138566252,FULL
1414,1414,1432,9502535039000,10255757925000,1779380504171693282,1779380504170393239,FULL
1415,1415,1433,9502568358000,10255794022000,1779380504205794020,1779380504205303363,FULL
1416,1416,1434,9502601676000,10255830117000,1779380504239163858,1779380504238620113,FULL
1417,1417,1435,9502634995000,10255866212000,1779380504272503734,1779380504269334093,FULL
1418,1418,1436,9502668313000,10255902307000,1779380504305776333,1779380504302482271,FULL
1419,1419,1437,9502701632000,10255938402000,1779380504339055505,1779380504335739540,FULL
1420,1420,1438,9502734951000,10255974497000,1779380504372530194,1779380504369023624,FULL
1421,1421,1439,9502768268000,10256010594000,1779380504405491537,1779380504402521503,FULL
1422,1422,1440,9502801587000,10256046689000,1779380504438973411,1779380504452293575,FULL
1423,1423,1441,9502834906000,10256082784000,1779380504472452637,1779380504473863032,FULL
1424,1424,1442,9502868223000,10256118879000,1779380504505725310,1779380504505131709,FULL
1425,1425,1443,9502901542000,10256154974000,1779380504538893206,1779380504535952151,FULL
1426,1426,1444,9502934862000,10256191069000,1779380504573910823,1779380504568839183,FULL
1427,1427,1445,9502968180000,10256227165000,1779380504605733307,1779380504602410024,FULL
1428,1428,1446,9503001499000,10256263260000,1779380504640136876,1779380504635582831,FULL
1429,1429,1447,9503034817000,10256299356000,1779380504675170604,1779380504668813582,FULL
1430,1430,1448,9503068135000,10256335450000,1779380504705993191,1779380504701996297,FULL
1431,1431,1449,9503101454000,10256371545000,1779380504738981441,1779380504735480342,FULL
1432,1432,1450,9503134772000,10256407640000,1779380504772154429,1779380504768948072,FULL
1433,1433,1451,9503168090000,10256443735000,1779380504805346807,1779380504802156916,FULL
1434,1434,1452,9503201409000,10256479829000,1779380504838693682,1779380504838026401,FULL
1435,1435,1453,9503234728000,10256515925000,1779380504871233548,1779380504869004822,FULL
1436,1436,1454,9503268046000,10256552021000,1779380504905216768,1779380504902241944,FULL
1437,1437,1455,9503301364000,10256588115000,1779380504938654402,1779380504935283604,FULL
1438,1438,1456,9503334683000,10256624210000,1779380504972500754,1779380504968938203,FULL
1439,1439,1457,9503368000000,10256660305000,1779380505005270247,1779380505002146936,FULL
1440,1440,1459,9503401319000,10256696400000,1779380505053473098,1779380505068810881,FULL
1441,1441,1459,9503434639000,10256732495000,1779380505076077474,1779380505068810881,FULL
1442,1442,1460,9503467954000,10256768588000,1779380505107851644,1779380505102140298,FULL
1443,1443,1461,9503501279000,10256804687000,1779380505137676111,1779380505135401753,FULL
1444,1444,1462,9503534595000,10256840781000,1779380505169751852,1779380505168608356,FULL
1445,1445,1463,9503567913000,10256876875000,1779380505203503094,1779380505202067476,FULL
1446,1446,1464,9503601232000,10256912969000,1779380505237018060,1779380505236096164,FULL
1447,1447,1465,9503634549000,10256949065000,1779380505271836143,1779380505268856512,FULL
1448,1448,1466,9503667868000,10256985159000,1779380505304232991,1779380505301983820,FULL
1449,1449,1467,9503701187000,10257021255000,1779380505337379258,1779380505335355829,FULL
1450,1450,1468,9503734505000,10257057350000,1779380505371042445,1779380505368684894,FULL
1451,1451,1469,9503767824000,10257093445000,1779380505404079176,1779380505401974219,FULL
1452,1452,1470,9503801142000,10257129540000,1779380505437289331,1779380505437727445,FULL
1453,1453,1471,9503834461000,10257165635000,1779380505470891889,1779380505468689571,FULL
1454,1454,1472,9503867780000,10257201729000,1779380505504856091,1779380505501959692,FULL
1455,1455,1473,9503901099000,10257237823000,1779380505541344508,1779380505535418848,FULL
1456,1456,1474,9503934419000,10257273919000,1779380505573334157,1779380505568688062,FULL
1457,1457,1475,9503967736000,10257310014000,1779380505604398057,1779380505601878647,FULL
1458,1458,1476,9504001054000,10257346113000,1779380505625233284,1779380505636169147,FULL
1459,1459,1477,9504034372000,10257382206000,1779380505654652738,1779380505668698627,FULL
1460,1460,1478,9504067693000,10257418299000,1779380505693148560,1779380505701892564,FULL
1461,1461,1479,9504101011000,10257454394000,1779380505721152769,1779380505735194444,FULL
1462,1462,1480,9504134328000,10257490489000,1779380505753762060,1779380505768536639,FULL
1463,1463,1481,9504167642000,10257526589000,1779380505787654652,1779380505801874408,FULL
1464,1464,1482,9504200960000,10257562681000,1779380505820403959,1779380505835253102,FULL
1465,1465,1483,9504234279000,10257598777000,1779380505853703706,1779380505868588630,FULL
1466,1466,1484,9504267603000,10257634871000,1779380505889045505,1779380505901784252,FULL
1467,1467,1485,9504300915000,10257670975000,1779380505920257940,1779380505935121780,FULL
1468,1468,1486,9504334233000,10257707061000,1779380505953588945,1779380505968837138,FULL
1469,1469,1487,9504367551000,10257743156000,1779380505987038339,1779380506002112666,FULL
1470,1470,1488,9504400870000,10257779258000,1779380506020325807,1779380506035479990,FULL
1471,1471,1489,9504434188000,10257815344000,1779380506053089300,1779380506070055580,FULL
1472,1472,1490,9504467508000,10257851438000,1779380506087013781,1779380506100911891,FULL
1473,1473,1491,9504500827000,10257887532000,1779380506120928151,1779380506133936534,FULL
1474,1474,1492,9504534147000,10257923626000,1779380506153540830,1779380506168098424,FULL
1475,1475,1493,9504567466000,10257959720000,1779380506188928555,1779380506200094261,FULL
1476,1476,1494,9504600784000,10257995816000,1779380506220161471,1779380506234311966,FULL
1477,1477,1495,9504634101000,10258031914000,1779380506253493125,1779380506268244433,FULL
1478,1478,1496,9504667419000,10258068006000,1779380506286852833,1779380506301769662,FULL
1479,1479,1497,9504700738000,10258104110000,1779380506320140228,1779380506335134838,FULL
1480,1480,1498,9504734057000,10258140204000,1779380506352869480,1779380506368625420,FULL
1481,1481,1499,9504767375000,10258176298000,1779380506388799107,1779380506401556397,FULL
1482,1482,1499,9504800694000,10258212389000,1779380506420051190,1779380506401556397,FULL
1483,1483,1500,9504834012000,10258248481000,1779380506453332270,1779380506451128934,FULL
1484,1484,1501,9504867330000,10258284576000,1779380506486862736,1779380506473023795,FULL
1485,1485,1503,9504900649000,10258320671000,1779380506520065854,1779380506534788269,FULL
1486,1486,1504,9504933967000,10258356769000,1779380506553325952,1779380506560550815,FULL
1487,1487,1505,9504967286000,10258392861000,1779380506586210444,1779380506601748396,FULL
1488,1488,1506,9505000604000,10258428956000,1779380506620251127,1779380506635363384,FULL
1489,1489,1507,9505033927000,10258465058000,1779380506653567318,1779380506671694513,FULL
1490,1490,1507,9505067243000,10258501147000,1779380506686659511,1779380506671694513,FULL
1491,1491,1509,9505100560000,10258537245000,1779380506720262458,1779380506735398209,FULL
1492,1492,1510,9505133878000,10258573336000,1779380506754720359,1779380506768213575,FULL
1493,1493,1511,9505167199000,10258609432000,1779380506786623509,1779380506801551474,FULL
1494,1494,1512,9505200516000,10258645526000,1779380506819984273,1779380506834785947,FULL
1495,1495,1513,9505233832000,10258681621000,1779380506852789377,1779380506868895782,FULL
1496,1496,1514,9505267152000,10258717717000,1779380506887044447,1779380506901557761,FULL
1497,1497,1515,9505300470000,10258753813000,1779380506919403388,1779380506934862253,FULL
1498,1498,1516,9505333789000,10258789907000,1779380506953290832,1779380506968054208,FULL
1499,1499,1517,9505367106000,10258826001000,1779380506986086991,1779380507001224089,FULL
1500,1500,1518,9505400425000,10258862097000,1779380507027012658,1779380507034769838,FULL
1501,1501,1519,9505433743000,10258898191000,1779380507055181088,1779380507068166772,FULL
1502,1502,1520,9505467062000,10258934288000,1779380507086730890,1779380507101413042,FULL
1503,1503,1520,9505500382000,10258970381000,1779380507119472142,1779380507101413042,FULL
1504,1504,1521,9505533702000,10259006486000,1779380507152273931,1779380507137893613,FULL
1505,1505,1522,9505567018000,10259042578000,1779380507185504067,1779380507168795276,FULL
1506,1506,1524,9505600337000,10259078673000,1779380507218946960,1779380507235353093,FULL
1507,1507,1525,9505633655000,10259114767000,1779380507252243021,1779380507268167515,FULL
1508,1508,1525,9505666975000,10259150856000,1779380507285597248,1779380507268167515,FULL
1509,1509,1526,9505700292000,10259186951000,1779380507318882365,1779380507303335080,FULL
1510,1510,1528,9505733611000,10259223047000,1779380507354446274,1779380507368808111,FULL
1511,1511,1529,9505766930000,10259259142000,1779380507385814670,1779380507402061825,FULL
1512,1512,1530,9505800248000,10259295236000,1779380507421296912,1779380507435339205,FULL
1513,1513,1531,9505833568000,10259331332000,1779380507452499810,1779380507467907944,FULL
1514,1514,1532,9505866884000,10259367433000,1779380507485856463,1779380507501290972,FULL
1515,1515,1533,9505900204000,10259403522000,1779380507519144080,1779380507534451946,FULL
1516,1516,1534,9505933522000,10259439617000,1779380507552476567,1779380507567866566,FULL
1517,1517,1535,9505966841000,10259475712000,1779380507585885553,1779380507601184520,FULL
1518,1518,1536,9506000159000,10259511807000,1779380507619250595,1779380507634598918,FULL
1519,1519,1537,9506033478000,10259547902000,1779380507653395037,1779380507669272321,FULL
1520,1520,1537,9506066797000,10259583997000,1779380507686328787,1779380507669272321,FULL
1521,1521,1539,9506100117000,10259620099000,1779380507721256665,1779380507735766379,FULL
1522,1522,1540,9506133434000,10259656201000,1779380507753227369,1779380507766446359,FULL
1523,1523,1541,9506166752000,10259692293000,1779380507785984381,1779380507800955950,FULL
1524,1524,1542,9506200071000,10259728385000,1779380507819788085,1779380507832918509,FULL
1525,1525,1543,9506233389000,10259764477000,1779380507852473541,1779380507862272335,FULL
1526,1526,1544,9506266708000,10259800573000,1779380507885863305,1779380507904464203,FULL
1527,1527,1544,9506300026000,10259836665000,1779380507920432076,1779380507904464203,FULL
1528,1528,1545,9506333345000,10259872760000,1779380507952510261,1779380507936739816,FULL
1529,1529,1547,9506366663000,10259908853000,1779380507986463945,1779380508001017154,FULL
1530,1530,1548,9506399982000,10259944947000,1779380508019819172,1779380508034368238,FULL
1531,1531,1549,9506433302000,10259981042000,1779380508054875512,1779380508068385148,FULL
1532,1532,1549,9506466619000,10260017137000,1779380508085824301,1779380508068385148,FULL
1533,1533,1550,9506499937000,10260053232000,1779380508120255276,1779380508114159981,FULL
1534,1534,1551,9506533258000,10260089326000,1779380508154653752,1779380508144983255,FULL
1535,1535,1553,9506566576000,10260125422000,1779380508187693150,1779380508183888100,FULL
1536,1536,1554,9506599899000,10260161523000,1779380508221510872,1779380508213359350,FULL
1537,1537,1555,9506633213000,10260197619000,1779380508254335105,1779380508244592843,FULL
1538,1538,1556,9506666534000,10260233711000,1779380508286243533,1779380508278513736,FULL
1539,1539,1557,9506699847000,10260269802000,1779380508319950053,1779380508309606878,FULL
1540,1540,1558,9506733172000,10260305897000,1779380508355145298,1779380508344418929,FULL
1541,1541,1559,9506766497000,10260341992000,1779380508388516303,1779380508377119463,FULL
1542,1542,1560,9506799808000,10260378088000,1779380508422834446,1779380508418263101,FULL
1543,1543,1561,9506833127000,10260414182000,1779380508455944769,1779380508442151424,FULL
1544,1544,1563,9506866445000,10260450277000,1779380508489485179,1779380508504584817,FULL
1545,1545,1564,9506899763000,10260486372000,1779380508521972582,1779380508537520146,FULL
1546,1546,1565,9506933093000,10260522468000,1779380508556536760,1779380508570735249,FULL
1547,1547,1566,9506966409000,10260558562000,1779380508588622130,1779380508604063907,FULL
1548,1548,1567,9506999718000,10260594657000,1779380508622287947,1779380508639736838,FULL
1549,1549,1567,9507033038000,10260630752000,1779380508653648973,1779380508639736838,FULL
1550,1550,1568,9507066353000,10260666847000,1779380508687381567,1779380508671254921,FULL
1551,1551,1570,9507099672000,10260702942000,1779380508722090465,1779380508738656377,FULL
1552,1552,1571,9507132991000,10260739038000,1779380508755868836,1779380508771850980,FULL
1553,1553,1572,9507166316000,10260775137000,1779380508789088473,1779380508805072306,FULL
1554,1554,1572,9507199629000,10260811229000,1779380508820108039,1779380508805072306,FULL
1555,1555,1573,9507232946000,10260847323000,1779380508852556146,1779380508838402037,FULL
1556,1556,1574,9507266262000,10260883417000,1779380508886460757,1779380508871719362,FULL
1557,1557,1575,9507299582000,10260919513000,1779380508919228453,1779380508904989502,FULL
1558,1558,1576,9507332899000,10260955608000,1779380508953749946,1779380508940667099,FULL
1559,1559,1577,9507366217000,10260991702000,1779380508986450606,1779380508973413781,FULL
1560,1560,1578,9507399546000,10261027797000,1779380509023592702,1779380509007541802,FULL
1561,1561,1579,9507432854000,10261063900000,1779380509055611480,1779380509040836849,FULL
1562,1562,1580,9507466173000,10261099996000,1779380509085436374,1779380509073842306,FULL
1563,1563,1581,9507499490000,10261136094000,1779380509118136626,1779380509107012354,FULL
1564,1564,1582,9507532809000,10261172178000,1779380509152195106,1779380509140422288,FULL
1565,1565,1583,9507566129000,10261208274000,1779380509184987950,1779380509174976953,FULL
1566,1566,1584,9507599446000,10261244368000,1779380509218366696,1779380509213142952,FULL
1567,1567,1585,9507632770000,10261280462000,1779380509251907180,1779380509242224077,FULL
1568,1568,1586,9507666082000,10261316557000,1779380509285348296,1779380509277301088,FULL
1569,1569,1587,9507699400000,10261352653000,1779380509318697301,1779380509307149835,FULL
1570,1570,1588,9507732720000,10261388755000,1779380509353681011,1779380509343426483,FULL
1571,1571,1589,9507766037000,10261424844000,1779380509385211369,1779380509374697549,FULL
1572,1572,1590,9507799355000,10261460937000,1779380509418671854,1779380509412682625,FULL
1573,1573,1591,9507832674000,10261497033000,1779380509452124747,1779380509443204995,FULL
1574,1574,1592,9507865993000,10261533127000,1779380509485184200,1779380509476209397,FULL
1575,1575,1593,9507899311000,10261569223000,1779380509518511354,1779380509510190437,FULL
1576,1576,1594,9507932630000,10261605318000,1779380509551698842,1779380509542972063,FULL
1577,1577,1595,9507965947000,10261641418000,1779380509585012477,1779380509578946380,FULL
1578,1578,1596,9507999266000,10261677517000,1779380509618642146,1779380509610178706,FULL
1579,1579,1597,9508032585000,10261713615000,1779380509652302815,1779380509642358745,FULL
1580,1580,1598,9508065903000,10261749712000,1779380509685944243,1779380509678241064,FULL
1581,1581,1599,9508099223000,10261785804000,1779380509720328312,1779380509709523778,FULL
1582,1582,1600,9508132550000,10261821897000,1779380509752768919,1779380509743886407,FULL
1583,1583,1601,9508165865000,10261857994000,1779380509786630604,1779380509772610221,FULL
1584,1584,1602,9508199180000,10261894089000,1779380509819301838,1779380509808884461,FULL
1585,1585,1603,9508232499000,10261930190000,1779380509854680063,1779380509842156267,FULL
1586,1586,1604,9508265826000,10261966275000,1779380509886550713,1779380509873877663,FULL
1587,1587,1605,9508299136000,10262002367000,1779380509918473270,1779380509906076924,FULL
1588,1588,1606,9508332452000,10262038473000,1779380509952354252,1779380509939588025,FULL
1589,1589,1607,9508365771000,10262074564000,1779380509985022616,1779380509973512639,FULL
1590,1590,1608,9508399089000,10262110657000,1779380510019007040,1779380510007137294,FULL
1591,1591,1609,9508432408000,10262146745000,1779380510052684783,1779380510040924892,FULL
1592,1592,1610,9508465726000,10262182839000,1779380510085321407,1779380510072660028,FULL
1593,1593,1611,9508499045000,10262218934000,1779380510119184573,1779380510108408255,FULL
1594,1594,1612,9508532365000,10262255029000,1779380510151591255,1779380510139140790,FULL
1595,1595,1613,9508565682000,10262291124000,1779380510185846639,1779380510174013062,FULL
1596,1596,1614,9508599004000,10262327218000,1779380510218367246,1779380510207332905,FULL
1597,1597,1615,9508632319000,10262363313000,1779380510252297875,1779380510239086893,FULL
1598,1598,1616,9508665638000,10262399409000,1779380510284955961,1779380510275612130,FULL
1599,1599,1617,9508698956000,10262435512000,1779380510318192690,1779380510305315712,FULL
1600,1600,1618,9508732275000,10262471607000,1779380510352289872,1779380510340464704,FULL
1601,1601,1619,9508765593000,10262507697000,1779380510384816219,1779380510374067692,FULL
1602,1602,1620,9508798911000,10262543796000,1779380510418719293,1779380510417501974,FULL
1603,1603,1621,9508832232000,10262579886000,1779380510451518304,1779380510441412538,FULL
1604,1604,1622,9508865548000,10262615979000,1779380510485614598,1779380510472300720,FULL
1605,1605,1623,9508898867000,10262652098000,1779380510518294239,1779380510504016208,FULL
1606,1606,1624,9508932186000,10262688175000,1779380510551903631,1779380510536510725,FULL
1607,1607,1625,9508965503000,10262724264000,1779380510586726732,1779380510571975251,FULL
1608,1608,1627,9508998822000,10262760367000,1779380510632674495,1779380510636880084,FULL
1609,1609,1628,9509032142000,10262796462000,1779380510668781009,1779380510670223149,FULL
1610,1610,1629,9509065462000,10262832552000,1779380510706825187,1779380510704456612,FULL
1611,1611,1630,9509098783000,10262868648000,1779380510736443268,1779380510737737363,FULL
1612,1612,1631,9509132101000,10262904745000,1779380510770024234,1779380510771656811,FULL
1613,1613,1632,9509165417000,10262940845000,1779380510802169900,1779380510804327549,FULL
1614,1614,1633,9509198734000,10262976943000,1779380510836429970,1779380510837492487,FULL
1615,1615,1634,9509232054000,10263013037000,1779380510868808059,1779380510870883181,FULL
1616,1616,1635,9509265373000,10263049126000,1779380510902105046,1779380510905099978,FULL
1617,1617,1636,9509298690000,10263085219000,1779380510936570651,1779380510938366266,FULL
1618,1618,1637,9509332015000,10263121315000,1779380510968841816,1779380510971509907,FULL
1619,1619,1638,9509365328000,10263157412000,1779380511004954385,1779380511004903971,FULL
1620,1620,1639,9509398646000,10263193512000,1779380511049717327,1779380511038250018,FULL
1621,1621,1640,9509431966000,10263229610000,1779380511072997066,1779380511071685693,FULL
1622,1622,1641,9509465282000,10263265703000,1779380511108452753,1779380511104878519,FULL
1623,1623,1642,9509498603000,10263301792000,1779380511137389230,1779380511138290212,FULL
1624,1624,1643,9509531923000,10263337888000,1779380511167401863,1779380511171691314,FULL
1625,1625,1644,9509565238000,10263373990000,1779380511202269352,1779380511205100749,FULL
1626,1626,1645,9509598557000,10263410075000,1779380511238532105,1779380511238392518,FULL
1627,1627,1646,9509631875000,10263446169000,1779380511268034595,1779380511271671620,FULL
1628,1628,1647,9509665195000,10263482264000,1779380511303176044,1779380511304972019,FULL
1629,1629,1648,9509698516000,10263518356000,1779380511333309620,1779380511340310213,FULL
1630,1630,1649,9509731831000,10263554449000,1779380511367382488,1779380511371340189,FULL
1631,1631,1650,9509765149000,10263590544000,1779380511397266159,1779380511405850391,FULL
1632,1632,1651,9509798469000,10263626639000,1779380511430648793,1779380511438174984,FULL
1633,1633,1652,9509831787000,10263662734000,1779380511463552248,1779380511471863583,FULL
1634,1634,1653,9509865112000,10263698829000,1779380511498782122,1779380511505052483,FULL
1635,1635,1654,9509898424000,10263734931000,1779380511532337088,1779380511538521954,FULL
1636,1636,1655,9509931745000,10263771020000,1779380511564713196,1779380511571892204,FULL
1637,1637,1656,9509965063000,10263807114000,1779380511595959353,1779380511604930512,FULL
1638,1638,1657,9509998384000,10263843208000,1779380511627215935,1779380511638483760,FULL
1639,1639,1657,9510031700000,10263879304000,1779380511652287360,1779380511638483760,FULL
1640,1640,1658,9510065016000,10263915399000,1779380511686629003,1779380511673788992,FULL
1641,1641,1659,9510098335000,10263951494000,1779380511718840372,1779380511705167853,FULL
1642,1642,1660,9510131653000,10263987596000,1779380511751241109,1779380511738591510,FULL
1643,1643,1661,9510164971000,10264023685000,1779380511785538327,1779380511771531375,FULL
1644,1644,1662,9510198288000,10264059779000,1779380511819178792,1779380511807056438,FULL
1645,1645,1663,9510231607000,10264095874000,1779380511851410827,1779380511838209302,FULL
1646,1646,1664,9510264925000,10264131970000,1779380511886931421,1779380511871898382,FULL
1647,1647,1666,9510298255000,10264168065000,1779380511922223499,1779380511938397699,FULL
1648,1648,1666,9510331564000,10264204160000,1779380511952215428,1779380511938397699,FULL
1649,1649,1667,9510364883000,10264240254000,1779380511984497981,1779380511971856022,FULL
1650,1650,1668,9510398197000,10264276349000,1779380512018814328,1779380512004857757,FULL
1651,1651,1669,9510431521000,10264312444000,1779380512050776755,1779380512040900814,FULL
1652,1652,1670,9510464835000,10264348539000,1779380512084686773,1779380512074969335,FULL
1653,1653,1671,9510498153000,10264384635000,1779380512117698707,1779380512106625638,FULL
1654,1654,1672,9510531471000,10264420730000,1779380512151341173,1779380512138279997,FULL
1655,1655,1673,9510564790000,10264456824000,1779380512183900593,1779380512173473989,FULL
1656,1656,1674,9510598108000,10264492920000,1779380512218721657,1779380512207417381,FULL
1657,1657,1675,9510631427000,10264529014000,1779380512250957045,1779380512241073425,FULL
1658,1658,1676,9510664749000,10264565109000,1779380512284450641,1779380512275539182,FULL
1659,1659,1677,9510698063000,10264601205000,1779380512317623129,1779380512304883323,FULL
1660,1660,1678,9510731383000,10264637299000,1779380512350555620,1779380512339789503,FULL
1661,1661,1679,9510764702000,10264673395000,1779380512384305529,1779380512373212863,FULL
1662,1662,1680,9510798019000,10264709489000,1779380512417122873,1779380512422430348,FULL
1663,1663,1681,9510831337000,10264745585000,1779380512451031132,1779380512442932686,FULL
1664,1664,1682,9510864656000,10264781680000,1779380512483746680,1779380512471972459,FULL
1665,1665,1683,9510897975000,10264817774000,1779380512517647050,1779380512503561782,FULL
1666,1666,1684,9510931293000,10264853870000,1779380512550346470,1779380512536522277,FULL
1667,1667,1685,9510964612000,10264889965000,1779380512584288913,1779380512575577731,FULL
1668,1668,1686,9510997931000,10264926060000,1779380512617027036,1779380512604422210,FULL
1669,1669,1687,9511031248000,10264962155000,1779380512651176348,1779380512638153882,FULL
1670,1670,1688,9511064570000,10264998250000,1779380512684280096,1779380512670077479,FULL
1671,1671,1689,9511097885000,10265034345000,1779380512717217143,1779380512703738041,FULL
1672,1672,1690,9511131204000,10265070452000,1779380512751634822,1779380512737323085,FULL
1673,1673,1691,9511164527000,10265106539000,1779380512783540731,1779380512770797075,FULL
1674,1674,1692,9511197841000,10265142631000,1779380512817468452,1779380512803998715,FULL
1675,1675,1693,9511231161000,10265178731000,1779380512850247612,1779380512837226800,FULL
1676,1676,1694,9511264478000,10265214825000,1779380512884242444,1779380512870620994,FULL
1677,1677,1695,9511297797000,10265250916000,1779380512918101351,1779380512903867134,FULL
1678,1678,1696,9511331115000,10265287016000,1779380512950731364,1779380512937359086,FULL
1679,1679,1697,9511364434000,10265323109000,1779380512983431246,1779380512970535282,FULL
1680,1680,1699,9511397752000,10265359204000,1779380513021581701,1779380513037181653,FULL
1681,1681,1699,9511431070000,10265395296000,1779380513051533205,1779380513037181653,FULL
1682,1682,1700,9511464390000,10265431395000,1779380513083603927,1779380513070980899,FULL
1683,1683,1701,9511497707000,10265467489000,1779380513116408197,1779380513104865940,FULL
1684,1684,1702,9511531026000,10265503583000,1779380513149683092,1779380513137851231,FULL
1685,1685,1703,9511564345000,10265539683000,1779380513182990653,1779380513190315888,FULL
1686,1686,1704,9511597663000,10265575780000,1779380513216251326,1779380513232901993,FULL
1687,1687,1705,9511630981000,10265611867000,1779380513249608461,1779380513266300261,FULL
1688,1688,1706,9511664300000,10265647970000,1779380513284215342,1779380513299420124,FULL
1689,1689,1706,9511697620000,10265684069000,1779380513316755503,1779380513299420124,FULL
1690,1690,1707,9511730937000,10265720153000,1779380513350131527,1779380513334637949,FULL
1691,1691,1709,9511764257000,10265756246000,1779380513383335756,1779380513399429838,FULL
1692,1692,1710,9511797574000,10265792343000,1779380513416576133,1779380513432713681,FULL
1693,1693,1711,9511830892000,10265828439000,1779380513452001968,1779380513465998284,FULL
1694,1694,1712,9511864211000,10265864531000,1779380513483233717,1779380513499421978,FULL
1695,1695,1713,9511897529000,10265900625000,1779380513516657259,1779380513532793802,FULL
1696,1696,1714,9511930848000,10265936721000,1779380513549954598,1779380513565945813,FULL
1697,1697,1715,9511964166000,10265972815000,1779380513583251900,1779380513599341025,FULL
1698,1698,1716,9511997485000,10266008918000,1779380513616528221,1779380513632570388,FULL
1699,1699,1717,9512030803000,10266045012000,1779380513649879930,1779380513666035655,FULL
1700,1700,1718,9512064122000,10266081113000,1779380513683261453,1779380513699419479,FULL
1701,1701,1719,9512097440000,10266117200000,1779380513717488690,1779380513732880636,FULL
1702,1702,1720,9512130759000,10266153297000,1779380513751918221,1779380513765802593,FULL
1703,1703,1721,9512164078000,10266189395000,1779380513783784519,1779380513799063844,FULL
1704,1704,1722,9512197397000,10266225486000,1779380513817070173,1779380513832591852,FULL
1705,1705,1723,9512230715000,10266261578000,1779380513849799018,1779380513865747993,FULL
1706,1706,1724,9512264033000,10266297672000,1779380513884625564,1779380513899119650,FULL
1707,1707,1725,9512297360000,10266333766000,1779380513918018643,1779380513932370920,FULL
1708,1708,1726,9512330675000,10266369861000,1779380513950946578,1779380513965670430,FULL
1709,1709,1727,9512363999000,10266405956000,1779380513983748367,1779380513999022439,FULL
1710,1710,1728,9512397312000,10266442051000,1779380514020139396,1779380514032324338,FULL
1711,1711,1729,9512430632000,10266478146000,1779380514050444099,1779380514065792327,FULL
1712,1712,1730,9512463946000,10266514251000,1779380514083837789,1779380514098962468,FULL
1713,1713,1731,9512497264000,10266550343000,1779380514116482839,1779380514132924416,FULL
1714,1714,1732,9512530584000,10266586438000,1779380514149770678,1779380514165591950,FULL
1715,1715,1733,9512563901000,10266622526000,1779380514183869824,1779380514199012718,FULL
1716,1716,1734,9512597221000,10266658621000,1779380514216460263,1779380514232273414,FULL
1717,1717,1735,9512630537000,10266694715000,1779380514250379040,1779380514265460128,FULL
1718,1718,1736,9512663856000,10266730810000,1779380514283445141,1779380514298828193,FULL
1719,1719,1737,9512697177000,10266766905000,1779380514316423353,1779380514332211017,FULL
1720,1720,1738,9512730493000,10266803000000,1779380514349847154,1779380514365808061,FULL
1721,1721,1739,9512763812000,10266839100000,1779380514383625821,1779380514398989683,FULL
1722,1722,1739,9512797130000,10266875191000,1779380514416335741,1779380514398989683,FULL
1723,1723,1740,9512830449000,10266911286000,1779380514450185093,1779380514448776681,FULL
1724,1724,1741,9512863767000,10266947380000,1779380514483665226,1779380514471764013,FULL
1725,1725,1742,9512897087000,10266983475000,1779380514516295683,1779380514500691713,FULL
1726,1726,1744,9512930404000,10267019571000,1779380514549615911,1779380514559356699,FULL
1727,1727,1745,9512963722000,10267055668000,1779380514582922768,1779380514597576791,FULL
1728,1728,1746,9512997043000,10267091773000,1779380514616863897,1779380514621465540,FULL
1729,1729,1747,9513030359000,10267127858000,1779380514649941516,1779380514655508672,FULL
1730,1730,1748,9513063685000,10267163951000,1779380514683051450,1779380514689519897,FULL
1731,1731,1749,9513096997000,10267200047000,1779380514716073014,1779380514730663942,FULL
1732,1732,1750,9513130314000,10267236142000,1779380514750084864,1779380514756263990,FULL
1733,1733,1751,9513163634000,10267272236000,1779380514782808876,1779380514798806187,FULL
1734,1734,1752,9513196952000,10267308330000,1779380514816660654,1779380514831979550,FULL
1735,1735,1753,9513230273000,10267344426000,1779380514850000363,1779380514865372837,FULL
1736,1736,1754,9513263588000,10267380527000,1779380514882667116,1779380514898676847,FULL
1737,1737,1755,9513296908000,10267416621000,1779380514916575578,1779380514932201669,FULL
1738,1738,1755,9513330226000,10267452717000,1779380514949315016,1779380514932201669,FULL
1739,1739,1757,9513363545000,10267488809000,1779380514984221542,1779380514998738227,FULL
1740,1740,1758,9513396864000,10267524901000,1779380515020543460,1779380515031967607,FULL
1741,1741,1759,9513430181000,10267560996000,1779380515050786091,1779380515065630577,FULL
1742,1742,1760,9513463500000,10267597093000,1779380515084805126,1779380515098663219,FULL
1743,1743,1761,9513496817000,10267633186000,1779380515115512362,1779380515131991525,FULL
1744,1744,1762,9513530144000,10267669281000,1779380515148650184,1779380515165032167,FULL
1745,1745,1763,9513563455000,10267705376000,1779380515182506888,1779380515199380037,FULL
1746,1746,1763,9513596773000,10267741477000,1779380515215489582,1779380515199380037,FULL
1747,1747,1764,9513630092000,10267777567000,1779380515248814643,1779380515232581714,FULL
1748,1748,1766,9513663411000,10267813661000,1779380515282715476,1779380515298676442,FULL
1749,1749,1767,9513696729000,10267849756000,1779380515315905983,1779380515331628678,FULL
1750,1750,1768,9513730047000,10267885852000,1779380515349634058,1779380515365686828,FULL
1751,1751,1769,9513763369000,10267921946000,1779380515384558177,1779380515399119689,FULL
1752,1752,1770,9513796684000,10267958041000,1779380515415745056,1779380515432366458,FULL
1753,1753,1771,9513830002000,10267994146000,1779380515449174801,1779380515465840300,FULL
1754,1754,1772,9513863322000,10268030239000,1779380515482753304,1779380515499252438,FULL
1755,1755,1772,9513896640000,10268066335000,1779380515515763091,1779380515499252438,FULL
1756,1756,1773,9513929959000,10268102426000,1779380515548992042,1779380515532486263,FULL
1757,1757,1775,9513963277000,10268138530000,1779380515582338288,1779380515598050515,FULL
1758,1758,1776,9513996595000,10268174623000,1779380515615820754,1779380515631622597,FULL
1759,1759,1777,9514029921000,10268210720000,1779380515649049094,1779380515664868625,FULL
1760,1760,1778,9514063233000,10268246803000,1779380515683019482,1779380515698231246,FULL
1761,1761,1779,9514096551000,10268282897000,1779380515716268821,1779380515731574533,FULL
1762,1762,1780,9514129868000,10268318991000,1779380515749022166,1779380515764767914,FULL
1763,1763,1780,9514163189000,10268355087000,1779380515782918758,1779380515764767914,FULL
1764,1764,1781,9514196506000,10268391183000,1779380515815628937,1779380515801357707,FULL
1765,1765,1783,9514229824000,10268427276000,1779380515849699972,1779380515865690193,FULL
1766,1766,1784,9514263146000,10268463371000,1779380515882908775,1779380515896949167,FULL
1767,1767,1785,9514296462000,10268499478000,1779380515915606712,1779380515929728960,FULL
1768,1768,1786,9514329779000,10268535567000,1779380515949579896,1779380515963374985,FULL
1769,1769,1787,9514363099000,10268571663000,1779380515982238927,1779380515999644169,FULL
1770,1770,1788,9514396417000,10268607759000,1779380516016158093,1779380516031455694,FULL
1771,1771,1789,9514429734000,10268643848000,1779380516048992196,1779380516064834369,FULL
1772,1772,1790,9514463054000,10268679943000,1779380516083327988,1779380516098266396,FULL
1773,1773,1791,9514496374000,10268716041000,1779380516115624485,1779380516131468629,FULL
1774,1774,1792,9514529691000,10268752133000,1779380516149490318,1779380516164851657,FULL
1775,1775,1792,9514563009000,10268788228000,1779380516182166220,1779380516164851657,FULL
1776,1776,1794,9514596328000,10268824324000,1779380516216129367,1779380516231482954,FULL
1777,1777,1795,9514629646000,10268860421000,1779380516248906989,1779380516264894463,FULL
1778,1778,1796,9514662965000,10268896514000,1779380516282233494,1779380516298676357,FULL
1779,1779,1797,9514696284000,10268932609000,1779380516316148197,1779380516331464538,FULL
1780,1780,1798,9514729601000,10268968703000,1779380516349584979,1779380516364750715,FULL
1781,1781,1799,9514762921000,10269004799000,1779380516382152382,1779380516398364148,FULL
1782,1782,1799,9514796241000,10269040894000,1779380516416051937,1779380516398364148,FULL
1783,1783,1800,9514829557000,10269076988000,1779380516448677412,1779380516447605169,FULL
1784,1784,1801,9514862875000,10269113087000,1779380516482918427,1779380516469002776,FULL
1785,1785,1802,9514896195000,10269149181000,1779380516515697771,1779380516500530303,FULL
1786,1786,1804,9514929512000,10269185274000,1779380516549362458,1779380516564720754,FULL
1787,1787,1805,9514962831000,10269221369000,1779380516582040693,1779380516598720720,FULL
1788,1788,1806,9514996149000,10269257464000,1779380516625416390,1779380516631249422,FULL
1789,1789,1807,9515029467000,10269293559000,1779380516670170517,1779380516664726504,FULL
1790,1790,1808,9515062791000,10269329654000,1779380516702229388,1779380516698480510,FULL
1791,1791,1809,9515096108000,10269365751000,1779380516739837182,1779380516731588410,FULL
1792,1792,1810,9515129426000,10269401846000,1779380516768074722,1779380516764965956,FULL
1793,1793,1811,9515162751000,10269437943000,1779380516800544570,1779380516798499279,FULL
1794,1794,1812,9515196063000,10269474038000,1779380516833755836,1779380516831437051,FULL
1795,1795,1813,9515229381000,10269510134000,1779380516867147377,1779380516864864579,FULL
1796,1796,1814,9515262699000,10269546227000,1779380516903191206,1779380516897981368,FULL
1797,1797,1815,9515296018000,10269582323000,1779380516933792962,1779380516931753892,FULL
1798,1798,1816,9515329337000,10269618412000,1779380516967004802,1779380516964447167,FULL
1799,1799,1817,9515362656000,10269654507000,1779380516999151691,1779380516997771435,FULL
1800,1800,1819,9515395974000,10269690601000,1779380517046549753,1779380517064500509,FULL
1801,1801,1819,9515429293000,10269726698000,1779380517068003679,1779380517064500509,FULL
1802,1802,1820,9515462610000,10269762794000,1779380517100154104,1779380517097683391,FULL
1803,1803,1821,9515495932000,10269798887000,1779380517133327407,1779380517131135158,FULL
1804,1804,1822,9515529247000,10269834982000,1779380517165446999,1779380517164415872,FULL
1805,1805,1823,9515562567000,10269871078000,1779380517198501470,1779380517197743122,FULL
1806,1806,1824,9515595886000,10269907173000,1779380517232456062,1779380517231133076,FULL
1807,1807,1825,9515629203000,10269943268000,1779380517265782141,1779380517264520270,FULL
1808,1808,1826,9515662522000,10269979363000,1779380517299460476,1779380517297669485,FULL
1809,1809,1827,9515695841000,10270015457000,1779380517332682872,1779380517330898662,FULL
1810,1810,1828,9515729159000,10270051553000,1779380517365709880,1779380517364394244,FULL
1811,1811,1829,9515762477000,10270087655000,1779380517399218069,1779380517397593255,FULL
1812,1812,1830,9515795795000,10270123753000,1779380517433460473,1779380517432278659,FULL
1813,1813,1831,9515829114000,10270159852000,1779380517466803404,1779380517464366588,FULL
1814,1814,1832,9515862434000,10270195945000,1779380517499649581,1779380517497579450,FULL
1815,1815,1833,9515895751000,10270232038000,1779380517529275699,1779380517531452769,FULL
1816,1816,1834,9515929069000,10270268132000,1779380517549322713,1779380517564333579,FULL
1817,1817,1835,9515962386000,10270304224000,1779380517582108279,1779380517597544423,FULL
1818,1818,1836,9515995703000,10270340358000,1779380517615217768,1779380517630868063,FULL
1819,1819,1837,9516029028000,10270376413000,1779380517648726716,1779380517664419644,FULL
1820,1820,1838,9516062345000,10270412512000,1779380517684917229,1779380517697444046,FULL
1821,1821,1839,9516095669000,10270448605000,1779380517716350847,1779380517730815481,FULL
1822,1822,1840,9516128986000,10270484700000,1779380517750669564,1779380517764219286,FULL
1823,1823,1841,9516162301000,10270520792000,1779380517781365690,1779380517797379093,FULL
1824,1824,1842,9516195616000,10270556890000,1779380517816060459,1779380517831524650,FULL
1825,1825,1843,9516228939000,10270592981000,1779380517851649533,1779380517864215129,FULL
1826,1826,1844,9516262255000,10270629073000,1779380517888280949,1779380517897440491,FULL
1827,1827,1845,9516295592000,10270665168000,1779380517920046433,1779380517930746909,FULL
1828,1828,1846,9516328895000,10270701263000,1779380517955137587,1779380517964039937,FULL
1829,1829,1847,9516362217000,10270737358000,1779380517987204624,1779380517997455779,FULL
1830,1830,1848,9516395530000,10270773453000,1779380518019903766,1779380518030933472,FULL
1831,1831,1849,9516428856000,10270809548000,1779380518060289031,1779380518064220964,FULL
1832,1832,1850,9516462164000,10270845652000,1779380518092627010,1779380518097484918,FULL
1833,1833,1851,9516495481000,10270881744000,1779380518124481568,1779380518130719133,FULL
1834,1834,1852,9516528801000,10270917839000,1779380518158312235,1779380518164617711,FULL
1835,1835,1853,9516562120000,10270953931000,1779380518183013848,1779380518197650575,FULL
1836,1836,1854,9516595443000,10270990023000,1779380518217650747,1779380518230617810,FULL
1837,1837,1855,9516628758000,10271026118000,1779380518257256465,1779380518266512776,FULL
1838,1838,1856,9516662074000,10271062213000,1779380518284015650,1779380518298428485,FULL
1839,1839,1856,9516695394000,10271098308000,1779380518314961903,1779380518298428485,FULL
1840,1840,1857,9516728716000,10271134403000,1779380518348480517,1779380518331519089,FULL
1841,1841,1858,9516762031000,10271170500000,1779380518381101474,1779380518365982310,FULL
1842,1842,1859,9516795348000,10271206597000,1779380518415199750,1779380518397803890,FULL
1843,1843,1860,9516828669000,10271242689000,1779380518449233377,1779380518438879805,FULL
1844,1844,1862,9516861986000,10271278784000,1779380518480992806,1779380518485715850,FULL
1845,1845,1863,9516895304000,10271314879000,1779380518514374793,1779380518519978740,FULL
1846,1846,1864,9516928621000,10271350974000,1779380518548172738,1779380518551464138,FULL
1847,1847,1865,9516961940000,10271387068000,1779380518581492799,1779380518585372049,FULL
1848,1848,1866,9516995258000,10271423164000,1779380518614376235,1779380518621615975,FULL
1849,1849,1867,9517028578000,10271459261000,1779380518648186754,1779380518654583932,FULL
1850,1850,1868,9517061898000,10271495355000,1779380518680931580,1779380518696338563,FULL
1851,1851,1869,9517095214000,10271531448000,1779380518714853487,1779380518711759599,FULL
1852,1852,1870,9517128533000,10271567543000,1779380518747465963,1779380518736322379,FULL
1853,1853,1871,9517161851000,10271603638000,1779380518781383573,1779380518770345122,FULL
1854,1854,1872,9517195169000,10271639733000,1779380518814172399,1779380518801850427,FULL
1855,1855,1873,9517228488000,10271675828000,1779380518848014436,1779380518838948604,FULL
1856,1856,1874,9517261806000,10271711926000,1779380518880784095,1779380518875979411,FULL
1857,1857,1875,9517295125000,10271748025000,1779380518914709335,1779380518909020108,FULL
1858,1858,1876,9517328444000,10271784121000,1779380518948319671,1779380518940248879,FULL
1859,1859,1877,9517361764000,10271820213000,1779380518981361939,1779380518975006560,FULL
1860,1860,1878,9517395081000,10271856304000,1779380519018843605,1779380519006444514,FULL
1861,1861,1879,9517428399000,10271892398000,1779380519050261463,1779380519041876966,FULL
1862,1862,1880,9517461719000,10271928494000,1779380519080808590,1779380519072832647,FULL
1863,1863,1881,9517495036000,10271964590000,1779380519113935913,1779380519107944361,FULL
1864,1864,1882,9517528355000,10272000683000,1779380519146933088,1779380519139581257,FULL
1865,1865,1883,9517561673000,10272036779000,1779380519180462684,1779380519174674639,FULL
1866,1866,1884,9517594994000,10272072873000,1779380519214213018,1779380519202294611,FULL
1867,1867,1885,9517628311000,10272108972000,1779380519247383618,1779380519237811673,FULL
1868,1868,1886,9517661629000,10272145064000,1779380519280655309,1779380519274112413,FULL
1869,1869,1887,9517694947000,10272181159000,1779380519313976370,1779380519303235927,FULL
1870,1870,1888,9517728266000,10272217253000,1779380519347170433,1779380519337109579,FULL
1871,1871,1889,9517761584000,10272253349000,1779380519380502642,1779380519370400330,FULL
1872,1872,1890,9517794902000,10272289444000,1779380519413908406,1779380519404234575,FULL
1873,1873,1891,9517828222000,10272325539000,1779380519447146338,1779380519436517076,FULL
1874,1874,1892,9517861539000,10272361646000,1779380519481800811,1779380519470456321,FULL
1875,1875,1893,9517894866000,10272397731000,1779380519513897774,1779380519502707507,FULL
1876,1876,1894,9517928177000,10272433824000,1779380519547137095,1779380519536722566,FULL
1877,1877,1895,9517961494000,10272469920000,1779380519581307518,1779380519569055566,FULL
1878,1878,1896,9517994814000,10272506015000,1779380519613955660,1779380519603484750,FULL
1879,1879,1897,9518028133000,10272542109000,1779380519647717438,1779380519636054119,FULL
1880,1880,1898,9518061451000,10272578205000,1779380519680456672,1779380519669822810,FULL
1881,1881,1899,9518094769000,10272614300000,1779380519714349672,1779380519704552491,FULL
1882,1882,1900,9518128088000,10272650394000,1779380519747720473,1779380519737258062,FULL
1883,1883,1901,9518161405000,10272686489000,1779380519782064079,1779380519770549072,FULL
1884,1884,1902,9518194726000,10272722584000,1779380519814283152,1779380519802836906,FULL
1885,1885,1903,9518228043000,10272758679000,1779380519847558046,1779380519837690679,FULL
1886,1886,1904,9518261360000,10272794773000,1779380519882294500,1779380519870241252,FULL
1887,1887,1905,9518294680000,10272830870000,1779380519914281094,1779380519903289819,FULL
1888,1888,1906,9518327998000,10272866968000,1779380519947540766,1779380519935711023,FULL
1889,1889,1907,9518361316000,10272903058000,1779380519980807032,1779380519969132532,FULL
1890,1890,1908,9518394637000,10272939156000,1779380520014229332,1779380520003822343,FULL
1891,1891,1909,9518427954000,10272975250000,1779380520047513801,1779380520036042974,FULL
1892,1892,1910,9518461272000,10273011353000,1779380520080308590,1779380520068470974,FULL
1893,1893,1911,9518494591000,10273047450000,1779380520114573475,1779380520105136877,FULL
1894,1894,1912,9518527910000,10273083538000,1779380520147498540,1779380520135425953,FULL
1895,1895,1913,9518561228000,10273119630000,1779380520180154349,1779380520168676649,FULL
1896,1896,1914,9518594546000,10273155725000,1779380520214038033,1779380520202787447,FULL
1897,1897,1915,9518627864000,10273191831000,1779380520247463816,1779380520235012782,FULL
1898,1898,1916,9518661184000,10273227917000,1779380520280699674,1779380520269403651,FULL
1899,1899,1917,9518694506000,10273264039000,1779380520313339501,1779380520303802762,FULL
1900,1900,1918,9518727820000,10273300130000,1779380520347455647,1779380520334677406,FULL
1901,1901,1919,9518761139000,10273336211000,1779380520380156251,1779380520368913129,FULL
1902,1902,1920,9518794457000,10273372320000,1779380520414010010,1779380520413822526,FULL
1903,1903,1921,9518827776000,10273408397000,1779380520446781873,1779380520437546814,FULL
1904,1904,1922,9518861094000,10273444489000,1779380520480653392,1779380520468586383,FULL
1905,1905,1923,9518894413000,10273480582000,1779380520514384541,1779380520500248742,FULL
1906,1906,1924,9518927735000,10273516686000,1779380520546788927,1779380520533100682,FULL
1907,1907,1925,9518961050000,10273552778000,1779380520582371353,1779380520566339396,FULL
1908,1908,1926,9518994368000,10273588867000,1779380520613333142,1779380520599946940,FULL
1909,1909,1927,9519027687000,10273624962000,1779380520647955338,1779380520633216580,FULL
1910,1910,1928,9519061005000,10273661057000,1779380520680490074,1779380520667414766,FULL
1911,1911,1929,9519094323000,10273697152000,1779380520713239678,1779380520700637647,FULL
1912,1912,1930,9519127641000,10273733246000,1779380520747595339,1779380520733948398,FULL
1913,1913,1931,9519160961000,10273769343000,1779380520781221379,1779380520767316018,FULL
1914,1914,1932,9519194283000,10273805435000,1779380520813586672,1779380520800540491,FULL
1915,1915,1933,9519227598000,10273841531000,1779380520847567448,1779380520833845149,FULL
1916,1916,1934,9519260916000,10273877625000,1779380520880437496,1779380520867910633,FULL
1917,1917,1935,9519294240000,10273913720000,1779380520914220885,1779380520901238643,FULL
1918,1918,1936,9519327553000,10273949815000,1779380520948369141,1779380520934540819,FULL
1919,1919,1937,9519360877000,10273985911000,1779380520982315214,1779380520968268158,FULL
1920,1920,1939,9519394202000,10274022007000,1779380521019893509,1779380521034710883,FULL
1921,1921,1939,9519427534000,10274058101000,1779380521048174085,1779380521034710883,FULL
1922,1922,1940,9519460827000,10274094198000,1779380521081612016,1779380521067974282,FULL
1923,1923,1942,9519494150000,10274130292000,1779380521117994952,1779380521134487618,FULL
1924,1924,1942,9519527466000,10274166388000,1779380521146408657,1779380521134487618,FULL
1925,1925,1943,9519560783000,10274202482000,1779380521179337648,1779380521167753498,FULL
1926,1926,1944,9519594100000,10274238575000,1779380521213380739,1779380521201181433,FULL
1927,1927,1945,9519627420000,10274274670000,1779380521247048518,1779380521238126148,FULL
1928,1928,1946,9519660738000,10274310765000,1779380521281264551,1779380521267649842,FULL
1929,1929,1947,9519694067000,10274346860000,1779380521314869721,1779380521301950046,FULL
1930,1930,1948,9519727396000,10274382963000,1779380521348787664,1779380521334522137,FULL
1931,1931,1949,9519760698000,10274419060000,1779380521379888174,1779380521368822637,FULL
1932,1932,1950,9519794012000,10274455158000,1779380521416731606,1779380521401438283,FULL
1933,1933,1951,9519827333000,10274491246000,1779380521446541537,1779380521436675997,FULL
1934,1934,1952,9519860648000,10274527341000,1779380521479612008,1779380521469331420,FULL
1935,1935,1953,9519893966000,10274563442000,1779380521513147123,1779380521501991918,FULL
1936,1936,1954,9519927288000,10274599530000,1779380521546323037,1779380521535121799,FULL
1937,1937,1955,9519960604000,10274635623000,1779380521580191148,1779380521568126423,FULL
1938,1938,1956,9519993922000,10274671715000,1779380521613470117,1779380521602982566,FULL
1939,1939,1957,9520027240000,10274707810000,1779380521646229036,1779380521636835145,FULL
1940,1940,1958,9520060559000,10274743905000,1779380521681856165,1779380521669533938,FULL
1941,1941,1959,9520093878000,10274779999000,1779380521713463633,1779380521703262629,FULL
1942,1942,1960,9520127197000,10274816096000,1779380521746184719,1779380521738041254,FULL
1943,1943,1961,9520160514000,10274852191000,1779380521780189828,1779380521768441403,FULL
1944,1944,1962,9520193833000,10274888296000,1779380521812783471,1779380521804067798,FULL
1945,1945,1963,9520227151000,10274924386000,1779380521846747655,1779380521834644315,FULL
1946,1946,1964,9520260469000,10274960479000,1779380521879346279,1779380521868820520,FULL
1947,1947,1965,9520293788000,10274996571000,1779380521913371389,1779380521901605591,FULL
1948,1948,1966,9520327106000,10275032666000,1779380521946694727,1779380521936078645,FULL
1949,1949,1967,9520360425000,10275068762000,1779380521979469609,1779380521969089120,FULL
1950,1950,1968,9520393744000,10275104857000,1779380522015181960,1779380522010029241,FULL
1951,1951,1969,9520427062000,10275140953000,1779380522046332358,1779380522038264282,FULL
1952,1952,1970,9520460383000,10275177047000,1779380522079954139,1779380522069220092,FULL
1953,1953,1971,9520493699000,10275213145000,1779380522113433254,1779380522101476556,FULL
1954,1954,1972,9520527017000,10275249238000,1779380522146595390,1779380522138048460,FULL
1955,1955,1973,9520560336000,10275285333000,1779380522179126793,1779380522167676950,FULL
1956,1956,1974,9520593654000,10275321427000,1779380522213219346,1779380522201998858,FULL
1957,1957,1975,9520626973000,10275357522000,1779380522245754823,1779380522236496486,FULL
1958,1958,1976,9520660292000,10275393617000,1779380522282837548,1779380522267825477,FULL
1959,1959,1977,9520693618000,10275429715000,1779380522314202722,1779380522300962989,FULL
1960,1960,1978,9520726931000,10275465814000,1779380522346845587,1779380522335064232,FULL
1961,1961,1979,9520760250000,10275501904000,1779380522383264504,1779380522368419741,FULL
1962,1962,1980,9520793580000,10275537999000,1779380522416861655,1779380522413474396,FULL
1963,1963,1981,9520826885000,10275574096000,1779380522446069759,1779380522437162166,FULL
1964,1964,1982,9520860202000,10275610192000,1779380522479906630,1779380522468329400,FULL
1965,1965,1983,9520893520000,10275646291000,1779380522513153821,1779380522499407320,FULL
1966,1966,1985,9520926839000,10275682380000,1779380522565621961,1779380522565711102,FULL
1967,1967,1986,9520960159000,10275718472000,1779380522598972688,1779380522599068704,FULL
1968,1968,1987,9520993481000,10275754574000,1779380522631755107,1779380522632427843,FULL
1969,1969,1988,9521026796000,10275790668000,1779380522665865123,1779380522666586678,FULL
1970,1970,1989,9521060115000,10275826764000,1779380522698356155,1779380522699872280,FULL
1971,1971,1990,9521093435000,10275862858000,1779380522731178962,1779380522733129753,FULL
1972,1972,1991,9521126751000,10275898947000,1779380522767052812,1779380522766965443,FULL
1973,1973,1992,9521160071000,10275935044000,1779380522795511145,1779380522800517821,FULL
1974,1974,1993,9521193390000,10275971136000,1779380522828818484,1779380522833862812,FULL
1975,1975,1994,9521226708000,10276007235000,1779380522868887346,1779380522869475984,FULL
1976,1976,1995,9521260025000,10276043334000,1779380522898895015,1779380522900479776,FULL
1977,1977,1996,9521293347000,10276079421000,1779380522934622922,1779380522933783563,FULL
1978,1978,1997,9521326665000,10276115525000,1779380522967328174,1779380522967192016,FULL
1979,1979,1998,9521359982000,10276151613000,1779380522996835627,1779380523000567470,FULL
1980,1980,1999,9521393302000,10276187706000,1779380523038023513,1779380523033979349,FULL
1981,1981,2000,9521426619000,10276223801000,1779380523067965295,1779380523067774706,FULL
1982,1982,2001,9521459938000,10276259897000,1779380523097521080,1779380523100786996,FULL
1983,1983,2002,9521493260000,10276295991000,1779380523129404082,1779380523133901063,FULL
1984,1984,2003,9521526574000,10276332088000,1779380523164663160,1779380523169008333,FULL
1985,1985,2004,9521559893000,10276368188000,1779380523195877188,1779380523202386861,FULL
1986,1986,2005,9521593211000,10276404288000,1779380523229275137,1779380523234589882,FULL
1987,1987,2006,9521626529000,10276440378000,1779380523263526873,1779380523270703179,FULL
1988,1988,2007,9521659848000,10276476470000,1779380523296759028,1779380523300919645,FULL
1989,1989,2008,9521693167000,10276512567000,1779380523330470733,1779380523334919518,FULL
1990,1990,2009,9521726485000,10276548662000,1779380523367973380,1779380523367345277,FULL
1991,1991,2010,9521759806000,10276584758000,1779380523399050705,1779380523400441918,FULL
1992,1992,2011,9521793123000,10276620849000,1779380523431804420,1779380523434357996,FULL
1993,1993,2012,9521826441000,10276656942000,1779380523467539012,1779380523468278333,FULL
1994,1994,2013,9521859760000,10276693037000,1779380523496739542,1779380523501544862,FULL
1995,1995,2014,9521893079000,10276729132000,1779380523530439580,1779380523533938621,FULL
1996,1996,2015,9521926397000,10276765227000,1779380523563938325,1779380523567933013,FULL
1997,1997,2016,9521959714000,10276801322000,1779380523597385107,1779380523601211357,FULL
1998,1998,2017,9521993034000,10276837418000,1779380523630989609,1779380523634433738,FULL
1999,1999,2018,9522026351000,10276873518000,1779380523665014645,1779380523666860293,FULL
2000,2000,2019,9522059671000,10276909612000,1779380523699158604,1779380523700935499,FULL
2001,2001,2020,9522092991000,10276945706000,1779380523733500284,1779380523761693446,FULL
2002,2002,2020,9522126308000,10276981800000,1779380523764805496,1779380523761693446,FULL
2003,2003,2021,9522159626000,10277017891000,1779380523796504944,1779380523795257064,FULL
2004,2004,2022,9522192945000,10277053987000,1779380523830735866,1779380523828637277,FULL
2005,2005,2023,9522226263000,10277090081000,1779380523863987076,1779380523862624262,FULL
2006,2006,2024,9522259582000,10277126176000,1779380523898613476,1779380523895295481,FULL
2007,2007,2025,9522292899000,10277162271000,1779380523930814993,1779380523928505862,FULL
2008,2008,2026,9522326219000,10277198366000,1779380523961959947,1779380523961803594,FULL
2009,2009,2027,9522359539000,10277234465000,1779380523996811548,1779380523995366102,FULL
2010,2010,2028,9522392855000,10277270556000,1779380524028198666,1779380524028570872,FULL
2011,2011,2029,9522426173000,10277306651000,1779380524064620769,1779380524061840808,FULL
2012,2012,2030,9522459492000,10277342749000,1779380524097574259,1779380524095277390,FULL
2013,2013,2031,9522492811000,10277378841000,1779380524129641611,1779380524128519178,FULL
2014,2014,2032,9522526129000,10277414936000,1779380524162210125,1779380524161758726,FULL
2015,2015,2033,9522559448000,10277451031000,1779380524194921840,1779380524195718637,FULL
2016,2016,2034,9522592765000,10277487131000,1779380524227086802,1779380524228525392,FULL
2017,2017,2035,9522626085000,10277523223000,1779380524263807420,1779380524261850291,FULL
2018,2018,2036,9522659402000,10277559316000,1779380524298230526,1779380524289616521,FULL
2019,2019,2037,9522692721000,10277595412000,1779380524330170953,1779380524328434292,FULL
2020,2020,2038,9522726039000,10277631506000,1779380524362635801,1779380524361687654,FULL
2021,2021,2039,9522759358000,10277667604000,1779380524398924294,1779380524395665602,FULL
2022,2022,2040,9522792676000,10277703696000,1779380524429519439,1779380524444726125,FULL
2023,2023,2041,9522825996000,10277739792000,1779380524465728155,1779380524467737198,FULL
2024,2024,2042,9522859314000,10277775893000,1779380524498666850,1779380524490008648,FULL
2025,2025,2043,9522892634000,10277811990000,1779380524532533442,1779380524528379127,FULL
2026,2026,2044,9522925952000,10277848084000,1779380524564289501,1779380524553630215,FULL
2027,2027,2045,9522959270000,10277884176000,1779380524597222047,1779380524595011850,FULL
2028,2028,2046,9522992588000,10277920268000,1779380524629275362,1779380524628192954,FULL
2029,2029,2047,9523025906000,10277956362000,1779380524663617135,1779380524661511037,FULL
2030,2030,2048,9523059226000,10277992456000,1779380524697608356,1779380524696117942,FULL
2031,2031,2049,9523092543000,10278028554000,1779380524730155629,1779380524728273667,FULL
2032,2032,2050,9523125861000,10278064646000,1779380524762418071,1779380524761532584,FULL
2033,2033,2051,9523159179000,10278100742000,1779380524796588271,1779380524795194757,FULL
2034,2034,2052,9523192497000,10278136839000,1779380524829046101,1779380524828172955,FULL
2035,2035,2053,9523225816000,10278172932000,1779380524865152429,1779380524861697759,FULL
2036,2036,2054,9523259134000,10278209027000,1779380524900023900,1779380524895011250,FULL
2037,2037,2055,9523292454000,10278245122000,1779380524931785366,1779380524928225483,FULL
2038,2038,2056,9523325771000,10278281217000,1779380524963261798,1779380524961513197,FULL
2039,2039,2057,9523359090000,10278317312000,1779380524996752765,1779380524994839262,FULL
2040,2040,2058,9523392408000,10278353407000,1779380525042897100,1779380525028170012,FULL
2041,2041,2059,9523425726000,10278389506000,1779380525064347470,1779380525061477689,FULL
2042,2042,2060,9523459044000,10278425602000,1779380525096708208,1779380525096491163,FULL
2043,2043,2061,9523492367000,10278461694000,1779380525130796372,1779380525128194948,FULL
2044,2044,2062,9523525683000,10278497792000,1779380525161860882,1779380525161384681,FULL
2045,2045,2063,9523559003000,10278533884000,1779380525195100907,1779380525194833597,FULL
2046,2046,2064,9523592320000,10278569979000,1779380525231704101,1779380525228095459,FULL
2047,2047,2065,9523625639000,10278606082000,1779380525262810629,1779380525261538634,FULL
2048,2048,2066,9523658959000,10278642179000,1779380525297009663,1779380525294733312,FULL
2049,2049,2067,9523692276000,10278678266000,1779380525328830665,1779380525328071506,FULL
2050,2050,2068,9523725595000,10278714362000,1779380525362434112,1779380525361403460,FULL
2051,2051,2069,9523758913000,10278750456000,1779380525395567379,1779380525394677822,FULL
2052,2052,2070,9523792232000,10278786553000,1779380525428701738,1779380525428278422,FULL
2053,2053,2071,9523825550000,10278822646000,1779380525463224861,1779380525461416526,FULL
2054,2054,2072,9523858868000,10278858746000,1779380525497693521,1779380525494633314,FULL
2055,2055,2073,9523892190000,10278894834000,1779380525533183560,1779380525530625112,FULL
2056,2056,2074,9523925507000,10278930927000,1779380525564217348,1779380525561420665,FULL
2057,2057,2075,9523958824000,10278967023000,1779380525595607466,1779380525594720582,FULL
2058,2058,2076,9523992143000,10279003117000,1779380525631577370,1779380525628032685,FULL
2059,2059,2077,9524025460000,10279039212000,1779380525662454494,1779380525661410490,FULL
2060,2060,2078,9524058780000,10279075307000,1779380525696572102,1779380525694642519,FULL
2061,2061,2079,9524092098000,10279111403000,1779380525728742657,1779380525727838326,FULL
2062,2062,2080,9524125416000,10279147498000,1779380525763618738,1779380525761296223,FULL
2063,2063,2081,9524158735000,10279183593000,1779380525795385890,1779380525794691899,FULL
2064,2064,2082,9524192053000,10279219688000,1779380525831923917,1779380525827912243,FULL
2065,2065,2083,9524225373000,10279255783000,1779380525862963576,1779380525861302400,FULL
2066,2066,2084,9524258691000,10279291878000,1779380525895601552,1779380525894522892,FULL
2067,2067,2085,9524292015000,10279327973000,1779380525929466978,1779380525928909002,FULL
2068,2068,2086,9524325327000,10279364068000,1779380525961902492,1779380525961300873,FULL
2069,2069,2087,9524358646000,10279400164000,1779380525996232913,1779380525994584290,FULL
2070,2070,2088,9524391965000,10279436259000,1779380526028930425,1779380526028037262,FULL
2071,2071,2089,9524425283000,10279472353000,1779380526062928516,1779380526061300587,FULL
2072,2072,2090,9524458601000,10279508449000,1779380526098785477,1779380526094562282,FULL
2073,2073,2091,9524491920000,10279544542000,1779380526131933966,1779380526127881773,FULL
2074,2074,2092,9524525239000,10279580638000,1779380526164104094,1779380526161114154,FULL
2075,2075,2093,9524558558000,10279616733000,1779380526196430295,1779380526194508089,FULL
2076,2076,2094,9524591875000,10279652829000,1779380526228773996,1779380526227695340,FULL
2077,2077,2095,9524625194000,10279688922000,1779380526265528170,1779380526260986424,FULL
2078,2078,2096,9524658512000,10279725018000,1779380526296305368,1779380526294398007,FULL
2079,2079,2097,9524691831000,10279761113000,1779380526328721494,1779380526329216539,FULL
2080,2080,2098,9524725149000,10279797208000,1779380526364919840,1779380526361122581,FULL
2081,2081,2099,9524758467000,10279833303000,1779380526395331172,1779380526394535553,FULL
2082,2082,2100,9524791786000,10279869399000,1779380526430546195,1779380526444145052,FULL
2083,2083,2101,9524825104000,10279905493000,1779380526466307083,1779380526465642714,FULL
2084,2084,2102,9524858461000,10279941588000,1779380526495021358,1779380526496138251,FULL
2085,2085,2103,9524891742000,10279977683000,1779380526526333403,1779380526530221624,FULL
2086,2086,2104,9524925061000,10280013778000,1779380526557744743,1779380526559536950,FULL
2087,2087,2105,9524958379000,10280049875000,1779380526582984962,1779380526585145979,FULL
2088,2088,2106,9524991696000,10280085970000,1779380526613015354,1779380526617024447,FULL
2089,2089,2107,9525025020000,10280122063000,1779380526649360513,1779380526652725545,FULL
2090,2090,2108,9525058332000,10280158159000,1779380526679881807,1779380526694285215,FULL
2091,2091,2108,9525091651000,10280194253000,1779380526710962521,1779380526694285215,FULL
2092,2092,2110,9525124971000,10280230348000,1779380526746052693,1779380526756251631,FULL
2093,2093,2111,9525158292000,10280266443000,1779380526777540699,1779380526796875977,FULL
2094,2094,2111,9525191604000,10280302538000,1779380526811429440,1779380526796875977,FULL
2095,2095,2112,9525224922000,10280338633000,1779380526844109841,1779380526828440226,FULL
2096,2096,2114,9525258242000,10280374728000,1779380526878076377,1779380526894192921,FULL
2097,2097,2114,9525291561000,10280410825000,1779380526910695630,1779380526894192921,FULL
2098,2098,2115,9525324878000,10280446919000,1779380526944053117,1779380526927664318,FULL
2099,2099,2117,9525358198000,10280483013000,1779380526978152577,1779380526994209449,FULL
2100,2100,2118,9525391516000,10280519108000,1779380527015555614,1779380527027488700,FULL
2101,2101,2119,9525424835000,10280555204000,1779380527045420637,1779380527060790025,FULL
2102,2102,2120,9525458155000,10280591300000,1779380527077556711,1779380527094303588,FULL
2103,2103,2120,9525491472000,10280627395000,1779380527110028077,1779380527094303588,FULL
2104,2104,2121,9525524789000,10280663492000,1779380527143677023,1779380527127502191,FULL
2105,2105,2122,9525558110000,10280699583000,1779380527176630477,1779380527162617628,FULL
2106,2106,2123,9525591427000,10280735679000,1779380527210227628,1779380527194237024,FULL
2107,2107,2124,9525624746000,10280771773000,1779380527243731224,1779380527227553645,FULL
2108,2108,2126,9525658065000,10280807869000,1779380527278007368,1779380527294219164,FULL
2109,2109,2126,9525691395000,10280843964000,1779380527310762101,1779380527294219164,FULL
2110,2110,2128,9525724700000,10280880059000,1779380527350756593,1779380527360724037,FULL
2111,2111,2129,9525758023000,10280916154000,1779380527377603684,1779380527394079120,FULL
2112,2112,2129,9525791339000,10280952249000,1779380527410662026,1779380527394079120,FULL
2113,2113,2131,9525824656000,10280988343000,1779380527444463156,1779380527460755028,FULL
2114,2114,2132,9525857975000,10281024439000,1779380527477572923,1779380527494020316,FULL
2115,2115,2133,9525891295000,10281060534000,1779380527512312618,1779380527527314437,FULL
2116,2116,2134,9525924618000,10281096630000,1779380527545753714,1779380527561712380,FULL
2117,2117,2135,9525957935000,10281132726000,1779380527578361801,1779380527594123899,FULL
2118,2118,2136,9525991251000,10281168821000,1779380527610813501,1779380527627195226,FULL
2119,2119,2137,9526024567000,10281204915000,1779380527646661721,1779380527660702919,FULL
2120,2120,2138,9526057892000,10281241010000,1779380527681289139,1779380527693925485,FULL
2121,2121,2139,9526091214000,10281277107000,1779380527715753207,1779380527727306216,FULL
2122,2122,2140,9526124536000,10281313201000,1779380527749294432,1779380527760602670,FULL
2123,2123,2141,9526157857000,10281349295000,1779380527782109443,1779380527793888365,FULL
2124,2124,2142,9526191164000,10281385391000,1779380527814420940,1779380527827095413,FULL
2125,2125,2143,9526224492000,10281421488000,1779380527848183312,1779380527860587588,FULL
2126,2126,2144,9526257807000,10281457581000,1779380527882816878,1779380527893944819,FULL
2127,2127,2145,9526291121000,10281493676000,1779380527915524426,1779380527927108905,FULL
2128,2128,2146,9526324448000,10281529771000,1779380527944361571,1779380527960613005,FULL
2129,2129,2147,9526357754000,10281565865000,1779380527979243412,1779380527996335195,FULL
2130,2130,2148,9526391080000,10281601960000,1779380528013599055,1779380528027126229,FULL
2131,2131,2149,9526424399000,10281638059000,1779380528045037654,1779380528060455165,FULL
2132,2132,2150,9526457709000,10281674151000,1779380528078146273,1779380528093925228,FULL
2133,2133,2151,9526491029000,10281710245000,1779380528111038598,1779380528127270127,FULL
2134,2134,2152,9526524345000,10281746340000,1779380528144617045,1779380528160477971,FULL
2135,2135,2153,9526557663000,10281782436000,1779380528178277992,1779380528193726981,FULL
2136,2136,2154,9526590982000,10281818531000,1779380528211755940,1779380528229526152,FULL
2137,2137,2155,9526624305000,10281854626000,1779380528243598628,1779380528254279541,FULL
2138,2138,2156,9526657618000,10281890721000,1779380528277672459,1779380528293524011,FULL
2139,2139,2157,9526690938000,10281926815000,1779380528310411100,1779380528326007770,FULL
2140,2140,2158,9526724259000,10281962911000,1779380528343930974,1779380528349594615,FULL
2141,2141,2159,9526757573000,10281999006000,1779380528378418837,1779380528389358025,FULL
2142,2142,2160,9526790891000,10282035102000,1779380528410609484,1779380528428582625,FULL
2143,2143,2161,9526824210000,10282071196000,1779380528443315052,1779380528450682725,FULL
2144,2144,2162,9526857528000,10282107293000,1779380528477443382,1779380528495081257,FULL
2145,2145,2163,9526890848000,10282143386000,1779380528510209727,1779380528519325484,FULL
2146,2146,2164,9526924167000,10282179482000,1779380528543812118,1779380528548488646,FULL
2147,2147,2165,9526957484000,10282215576000,1779380528576606907,1779380528572678188,FULL
2148,2148,2166,9526990803000,10282251671000,1779380528610435277,1779380528600126218,FULL
2149,2149,2167,9527024122000,10282287766000,1779380528643128975,1779380528631507135,FULL
2150,2150,2168,9527057439000,10282323863000,1779380528677262472,1779380528665056161,FULL
2151,2151,2169,9527090759000,10282359959000,1779380528709796782,1779380528702195819,FULL
2152,2152,2170,9527124076000,10282396056000,1779380528743742614,1779380528738465189,FULL
2153,2153,2171,9527157395000,10282432152000,1779380528776455607,1779380528770095659,FULL
2154,2154,2172,9527190713000,10282468242000,1779380528810305867,1779380528804014534,FULL
2155,2155,2173,9527224033000,10282504337000,1779380528844117626,1779380528836734401,FULL
2156,2156,2174,9527257360000,10282540432000,1779380528878039644,1779380528869976504,FULL
2157,2157,2175,9527290669000,10282576527000,1779380528909904165,1779380528903271514,FULL
2158,2158,2176,9527323987000,10282612622000,1779380528943769739,1779380528937630106,FULL
2159,2159,2177,9527357306000,10282648718000,1779380528976462677,1779380528969308668,FULL
2160,2160,2178,9527390623000,10282684815000,1779380529015437605,1779380528999962704,FULL
2161,2161,2179,9527423943000,10282720909000,1779380529044470766,1779380529036199148,FULL
2162,2162,2180,9527457263000,10282757002000,1779380529076524507,1779380529069666897,FULL
2163,2163,2181,9527490580000,10282793106000,1779380529109078465,1779380529099186203,FULL
2164,2164,2182,9527523898000,10282829198000,1779380529142643449,1779380529132716748,FULL
2165,2165,2183,9527557217000,10282865287000,1779380529176070657,1779380529168231995,FULL
2166,2166,2184,9527590536000,10282901387000,1779380529209148665,1779380529203960870,FULL
2167,2167,2185,9527623854000,10282937477000,1779380529242643336,1779380529234174614,FULL
2168,2168,2186,9527657172000,10282973570000,1779380529276595427,1779380529266470207,FULL
2169,2169,2187,9527690492000,10283009668000,1779380529309594158,1779380529299318036,FULL
2170,2170,2188,9527723809000,10283045761000,1779380529342853313,1779380529336242956,FULL
2171,2171,2189,9527757127000,10283081857000,1779380529376452945,1779380529366159683,FULL
2172,2172,2190,9527790451000,10283117951000,1779380529411062067,1779380529399418879,FULL
2173,2173,2191,9527823765000,10283154046000,1779380529442749256,1779380529432867943,FULL
2174,2174,2192,9527857083000,10283190142000,1779380529476106150,1779380529467083333,FULL
2175,2175,2193,9527890402000,10283226240000,1779380529509412100,1779380529498835117,FULL
2176,2176,2194,9527923719000,10283262335000,1779380529542776309,1779380529532401920,FULL
2177,2177,2195,9527957038000,10283298430000,1779380529576820122,1779380529565475321,FULL
2178,2178,2196,9527990359000,10283334523000,1779380529609400764,1779380529598979310,FULL
2179,2179,2197,9528023675000,10283370616000,1779380529643439244,1779380529633841046,FULL
2180,2180,2198,9528056993000,10283406712000,1779380529676277069,1779380529666059085,FULL
2181,2181,2199,9528090313000,10283442816000,1779380529711195280,1779380529698613065,FULL
2182,2182,2200,9528123631000,10283478904000,1779380529742760711,1779380529733634854,FULL
2183,2183,2201,9528156951000,10283514995000,1779380529776617378,1779380529764937013,FULL
2184,2184,2202,9528190268000,10283551098000,1779380529809292761,1779380529798380466,FULL
2185,2185,2203,9528223588000,10283587192000,1779380529843179760,1779380529834984629,FULL
2186,2186,2204,9528256906000,10283623291000,1779380529876872595,1779380529864752858,FULL
2187,2187,2205,9528290227000,10283659386000,1779380529910436672,1779380529899294004,FULL
2188,2188,2206,9528323542000,10283695476000,1779380529943177943,1779380529931581598,FULL
2189,2189,2207,9528356860000,10283731567000,1779380529975767586,1779380529964839386,FULL
2190,2190,2208,9528390180000,10283767663000,1779380530009768325,1779380529998237635,FULL
2191,2191,2209,9528423498000,10283803758000,1779380530042594947,1779380530033790271,FULL
2192,2192,2210,9528456818000,10283839869000,1779380530076630223,1779380530064885710,FULL
2193,2193,2211,9528490136000,10283875951000,1779380530110162170,1779380530099175544,FULL
2194,2194,2212,9528523455000,10283912060000,1779380530142760387,1779380530131450230,FULL
2195,2195,2213,9528556772000,10283948144000,1779380530176456685,1779380530165702138,FULL
2196,2196,2214,9528590089000,10283984263000,1779380530209141475,1779380530198230507,FULL
2197,2197,2215,9528623408000,10284020351000,1779380530242515517,1779380530231616646,FULL
2198,2198,2216,9528656726000,10284056424000,1779380530276667384,1779380530266036441,FULL
2199,2199,2217,9528690046000,10284092530000,1779380530309685041,1779380530297889039,FULL
2200,2200,2218,9528723363000,10284128622000,1779380530342583736,1779380530332313482,FULL
2201,2201,2219,9528756684000,10284164718000,1779380530376603456,1779380530365666269,FULL
2202,2202,2220,9528790004000,10284200807000,1779380530409057415,1779380530416047576,FULL
2203,2203,2221,9528823319000,10284236900000,1779380530442986711,1779380530436559136,FULL
2204,2204,2222,9528856637000,10284272996000,1779380530476443030,1779380530465108933,FULL
2205,2205,2223,9528889957000,10284309091000,1779380530508910674,1779380530496658608,FULL
2206,2206,2224,9528923274000,10284345182000,1779380530543063541,1779380530529399068,FULL
2207,2207,2225,9528956595000,10284381278000,1779380530575636943,1779380530562693485,FULL
2208,2208,2226,9528989911000,10284417380000,1779380530610890632,1779380530596356176,FULL
2209,2209,2227,9529023236000,10284453467000,1779380530645733474,1779380530629727352,FULL
2210,2210,2228,9529056559000,10284489561000,1779380530679290644,1779380530663037492,FULL
2211,2211,2229,9529089872000,10284525656000,1779380530710631596,1779380530697266326,FULL
2212,2212,2231,9529123197000,10284561753000,1779380530748712033,1779380530764033918,FULL
2213,2213,2231,9529156514000,10284597846000,1779380530779675082,1779380530764033918,FULL
2214,2214,2233,9529189829000,10284633941000,1779380530813865967,1779380530830436717,FULL
2215,2215,2233,9529223146000,10284670036000,1779380530846479035,1779380530830436717,FULL
2216,2216,2234,9529256467000,10284706131000,1779380530877548213,1779380530863768541,FULL
2217,2217,2235,9529289781000,10284742226000,1779380530909428307,1779380530897619824,FULL
2218,2218,2236,9529323096000,10284778321000,1779380530946243350,1779380530931391403,FULL
2219,2219,2237,9529356420000,10284814423000,1779380530976630720,1779380530966265472,FULL
2220,2220,2239,9529389737000,10284850522000,1779380531015357132,1779380531031073601,FULL
2221,2221,2239,9529423052000,10284886611000,1779380531045749575,1779380531031073601,FULL
2222,2222,2240,9529456377000,10284922706000,1779380531076187222,1779380531064621831,FULL
2223,2223,2241,9529489694000,10284958801000,1779380531108897234,1779380531097751454,FULL
2224,2224,2242,9529523013000,10284994902000,1779380531143539874,1779380531131267387,FULL
2225,2225,2243,9529556334000,10285030988000,1779380531176935619,1779380531164329325,FULL
2226,2226,2244,9529589664000,10285067081000,1779380531208745400,1779380531198235977,FULL
2227,2227,2245,9529622965000,10285103175000,1779380531243312411,1779380531230999159,FULL
2228,2228,2246,9529656285000,10285139270000,1779380531276355993,1779380531266094929,FULL
2229,2229,2247,9529689601000,10285175365000,1779380531308591806,1779380531298438689,FULL
2230,2230,2248,9529722919000,10285211460000,1779380531343236965,1779380531332632079,FULL
2231,2231,2249,9529756238000,10285247556000,1779380531375149225,1779380531365759479,FULL
2232,2232,2250,9529789556000,10285283660000,1779380531409769699,1779380531397993796,FULL
2233,2233,2251,9529822881000,10285319754000,1779380531442019623,1779380531432543238,FULL
2234,2234,2252,9529856193000,10285355847000,1779380531475395646,1779380531465654935,FULL
2235,2235,2253,9529889512000,10285391939000,1779380531508666856,1779380531499825566,FULL
2236,2236,2254,9529922829000,10285428033000,1779380531543544901,1779380531534211306,FULL
2237,2237,2256,9529956149000,10285464127000,1779380531590210546,1779380531600159091,FULL
2238,2238,2257,9529989468000,10285500222000,1779380531625933563,1779380531632566776,FULL
2239,2239,2258,9530022788000,10285536316000,1779380531662718811,1779380531664737167,FULL
2240,2240,2259,9530056106000,10285572411000,1779380531694392703,1779380531697946086,FULL
2241,2241,2260,9530089424000,10285608506000,1779380531726127077,1779380531732165216,FULL
2242,2242,2261,9530122744000,10285644605000,1779380531760717903,1779380531764998823,FULL
2243,2243,2262,9530156061000,10285680695000,1779380531792690034,1779380531799993261,FULL
2244,2244,2263,9530189380000,10285716791000,1779380531826972085,1779380531834597295,FULL
2245,2245,2264,9530222699000,10285752886000,1779380531861886796,1779380531867395588,FULL
2246,2246,2265,9530256017000,10285788981000,1779380531893824112,1779380531899805921,FULL
2247,2247,2266,9530289335000,10285825076000,1779380531927554854,1779380531932648509,FULL
2248,2248,2267,9530322654000,10285861171000,1779380531959670428,1779380531965867668,FULL
2249,2249,2268,9530355975000,10285897276000,1779380531993626464,1779380531997499138,FULL
2250,2250,2269,9530389292000,10285933367000,1779380532027324910,1779380532031937822,FULL
2251,2251,2270,9530422611000,10285969460000,1779380532059563908,1779380532064167639,FULL
2252,2252,2271,9530455928000,10286005553000,1779380532093813015,1779380532097645388,FULL
2253,2253,2272,9530489246000,10286041651000,1779380532126170327,1779380532132023072,FULL
2254,2254,2273,9530522565000,10286077751000,1779380532160301713,1779380532164588237,FULL
2255,2255,2274,9530555884000,10286113843000,1779380532192582784,1779380532198472353,FULL
2256,2256,2275,9530589201000,10286149941000,1779380532227078426,1779380532230774428,FULL
2257,2257,2276,9530622521000,10286186039000,1779380532259434201,1779380532265248741,FULL
2258,2258,2277,9530655839000,10286222124000,1779380532293659789,1779380532297280541,FULL
2259,2259,2278,9530689157000,10286258227000,1779380532326816908,1779380532331774002,FULL
2260,2260,2279,9530722476000,10286294316000,1779380532359503475,1779380532365787060,FULL
2261,2261,2280,9530755795000,10286330410000,1779380532395729969,1779380532409472284,FULL
2262,2262,2281,9530789112000,10286366503000,1779380532426731295,1779380532433455959,FULL
2263,2263,2282,9530822432000,10286402601000,1779380532460581314,1779380532464647952,FULL
2264,2264,2283,9530855749000,10286438701000,1779380532495490691,1779380532497237580,FULL
2265,2265,2284,9530889068000,10286474790000,1779380532527271620,1779380532528441239,FULL
2266,2266,2285,9530922388000,10286510891000,1779380532560605255,1779380532562148616,FULL
2267,2267,2286,9530955705000,10286546991000,1779380532592548572,1779380532595352182,FULL
2268,2268,2287,9530989024000,10286583075000,1779380532626751846,1779380532629073391,FULL
2269,2269,2288,9531022343000,10286619176000,1779380532660475273,1779380532662411160,FULL
2270,2270,2289,9531055661000,10286655265000,1779380532693061453,1779380532696553273,FULL
2271,2271,2290,9531088981000,10286691359000,1779380532726800769,1779380532729800968,FULL
2272,2272,2291,9531122297000,10286727454000,1779380532759182932,1779380532763103034,FULL
2273,2273,2292,9531155616000,10286763549000,1779380532795539962,1779380532796347137,FULL
2274,2274,2293,9531188939000,10286799645000,1779380532825717222,1779380532829635591,FULL
2275,2275,2294,9531222254000,10286835751000,1779380532859867515,1779380532863074063,FULL
2276,2276,2295,9531255572000,10286871836000,1779380532896946704,1779380532898834771,FULL
2277,2277,2296,9531288891000,10286907939000,1779380532929345293,1779380532930309021,FULL
2278,2278,2297,9531322211000,10286944044000,1779380532961814011,1779380532963939305,FULL
2279,2279,2298,9531355528000,10286980149000,1779380532995672789,1779380532999000668,FULL
2280,2280,2299,9531388845000,10287016232000,1779380533039308520,1779380533030312049,FULL
2281,2281,2300,9531422165000,10287052323000,1779380533060867463,1779380533063949148,FULL
2282,2282,2301,9531455480000,10287088414000,1779380533094595742,1779380533097296954,FULL
2283,2283,2302,9531488801000,10287124507000,1779380533124402784,1779380533130667463,FULL
2284,2284,2303,9531522120000,10287160595000,1779380533157752882,1779380533163979936,FULL
2285,2285,2304,9531555439000,10287196698000,1779380533191496272,1779380533198389749,FULL
2286,2286,2305,9531588757000,10287232785000,1779380533225006275,1779380533230485141,FULL
2287,2287,2306,9531622075000,10287268879000,1779380533258241115,1779380533264039723,FULL
2288,2288,2307,9531655394000,10287304977000,1779380533291533639,1779380533297210030,FULL
2289,2289,2308,9531688712000,10287341070000,1779380533325337362,1779380533330551503,FULL
2290,2290,2309,9531722030000,10287377164000,1779380533358862995,1779380533363678884,FULL
2291,2291,2310,9531755349000,10287413259000,1779380533392104909,1779380533396909876,FULL
2292,2292,2311,9531788667000,10287449355000,1779380533425281657,1779380533430251904,FULL
2293,2293,2312,9531821986000,10287485450000,1779380533458803216,1779380533463440045,FULL
2294,2294,2313,9531855303000,10287521544000,1779380533492188220,1779380533497018033,FULL
2295,2295,2314,9531888623000,10287557639000,1779380533525551059,1779380533532255987,FULL
2296,2296,2314,9531921940000,10287593735000,1779380533558742566,1779380533532255987,FULL
2297,2297,2315,9531955260000,10287629830000,1779380533591951776,1779380533592768233,FULL
2298,2298,2316,9531988578000,10287665926000,1779380533627151595,1779380533625343731,FULL
2299,2299,2317,9532021896000,10287702021000,1779380533658690268,1779380533659382401,FULL
2300,2300,2318,9532055215000,10287738116000,1779380533695288406,1779380533692714743,FULL
2301,2301,2319,9532088535000,10287774210000,1779380533731709379,1779380533726282269,FULL
2302,2302,2320,9532121852000,10287810305000,1779380533761067907,1779380533758854879,FULL
2303,2303,2321,9532155173000,10287846399000,1779380533795367514,1779380533791850132,FULL
2304,2304,2322,9532188490000,10287882495000,1779380533826368302,1779380533825177790,FULL
2305,2305,2323,9532221807000,10287918590000,1779380533858590190,1779380533858483633,FULL
2306,2306,2324,9532255125000,10287954684000,1779380533897044401,1779380533891798143,FULL
2307,2307,2325,9532288444000,10287990779000,1779380533929404454,1779380533925153893,FULL
2308,2308,2326,9532321765000,10288026875000,1779380533961006662,1779380533959245580,FULL
2309,2309,2327,9532355083000,10288062970000,1779380533995549229,1779380533992802606,FULL
2310,2310,2328,9532388400000,10288099064000,1779380534029542561,1779380534028119374,FULL
2311,2311,2329,9532421720000,10288135160000,1779380534059049217,1779380534059200757,FULL
2312,2312,2330,9532455038000,10288171255000,1779380534093283343,1779380534091966772,FULL
2313,2313,2331,9532488356000,10288207351000,1779380534127741503,1779380534125064191,FULL
2314,2314,2332,9532521673000,10288243446000,1779380534159539025,1779380534158532144,FULL
2315,2315,2333,9532554993000,10288279542000,1779380534192922141,1779380534192014022,FULL
2316,2316,2334,9532588310000,10288315637000,1779380534225160491,1779380534225045701,FULL
2317,2317,2335,9532621630000,10288351733000,1779380534258669439,1779380534258462821,FULL
2318,2318,2336,9532654947000,10288387829000,1779380534292967897,1779380534291838127,FULL
2319,2319,2337,9532688266000,10288423921000,1779380534327117875,1779380534325135359,FULL
2320,2320,2338,9532721586000,10288460017000,1779380534358481346,1779380534359299230,FULL
2321,2321,2339,9532754903000,10288496113000,1779380534392834211,1779380534390185412,FULL
2322,2322,2340,9532788222000,10288532207000,1779380534425092153,1779380534437754246,FULL
2323,2323,2341,9532821540000,10288568303000,1779380534458518547,1779380534460137584,FULL
2324,2324,2342,9532854859000,10288604398000,1779380534492840764,1779380534491156931,FULL
2325,2325,2343,9532888177000,10288640493000,1779380534525041688,1779380534517162215,FULL
2326,2326,2344,9532921496000,10288676586000,1779380534559755309,1779380534548742020,FULL
2327,2327,2345,9532954814000,10288712681000,1779380534591738328,1779380534591324587,FULL
2328,2328,2346,9532988133000,10288748776000,1779380534625030260,1779380534624558653,FULL
2329,2329,2347,9533021452000,10288784870000,1779380534659482235,1779380534651014767,FULL
2330,2330,2348,9533054770000,10288820965000,1779380534695266345,1779380534692209218,FULL
2331,2331,2349,9533088087000,10288857060000,1779380534725372199,1779380534725496752,FULL
2332,2332,2350,9533121406000,10288893155000,1779380534759589176,1779380534760293109,FULL
2333,2333,2351,9533154725000,10288929251000,1779380534791709472,1779380534791499295,FULL
2334,2334,2352,9533188044000,10288965345000,1779380534826461463,1779380534825334814,FULL
2335,2335,2353,9533221362000,10289001440000,1779380534861436284,1779380534861013456,FULL
2336,2336,2354,9533254683000,10289037535000,1779380534891141753,1779380534892283956,FULL
2337,2337,2355,9533288000000,10289073630000,1779380534923845562,1779380534925586371,FULL
2338,2338,2356,9533321317000,10289109725000,1779380534954104488,1779380534960272971,FULL
2339,2339,2357,9533354636000,10289145820000,1779380534985703215,1779380534991418269,FULL
2340,2340,2358,9533387956000,10289181916000,1779380535014618785,1779380535024580483,FULL
2341,2341,2359,9533421273000,10289218015000,1779380535044442993,1779380535053043153,FULL
2342,2342,2360,9533454603000,10289254106000,1779380535075499078,1779380535092672312,FULL
2343,2343,2360,9533487909000,10289290201000,1779380535106601292,1779380535092672312,FULL
2344,2344,2361,9533521227000,10289326295000,1779380535141591909,1779380535125661306,FULL
2345,2345,2362,9533554546000,10289362391000,1779380535173193414,1779380535160404405,FULL
2346,2346,2363,9533587863000,10289398486000,1779380535207965164,1779380535191414168,FULL
2347,2347,2364,9533621182000,10289434582000,1779380535240174348,1779380535224954154,FULL
2348,2348,2365,9533654499000,10289470675000,1779380535273257133,1779380535261051160,FULL
2349,2349,2366,9533687818000,10289506771000,1779380535307003523,1779380535292529842,FULL
2350,2350,2367,9533721136000,10289542866000,1779380535340252585,1779380535325681037,FULL
2351,2351,2368,9533754456000,10289578961000,1779380535373498480,1779380535360243380,FULL
2352,2352,2369,9533787774000,10289615055000,1779380535406800542,1779380535391435066,FULL
2353,2353,2370,9533821091000,10289651151000,1779380535440135492,1779380535424713871,FULL
2354,2354,2371,9533854411000,10289687245000,1779380535473455182,1779380535457957287,FULL
2355,2355,2372,9533887729000,10289723341000,1779380535506916205,1779380535491366905,FULL
2356,2356,2373,9533921048000,10289759437000,1779380535540537003,1779380535524722802,FULL
2357,2357,2375,9533954367000,10289795531000,1779380535574759796,1779380535591358873,FULL
2358,2358,2375,9533987690000,10289831626000,1779380535606826444,1779380535591358873,FULL
2359,2359,2376,9534021003000,10289867720000,1779380535640773591,1779380535624619623,FULL
2360,2360,2377,9534054322000,10289903816000,1779380535674310039,1779380535659290111,FULL
2361,2361,2378,9534087641000,10289939911000,1779380535707329899,1779380535691393285,FULL
2362,2362,2379,9534120959000,10289976005000,1779380535740000245,1779380535724761366,FULL
2363,2363,2380,9534154277000,10290012102000,1779380535773353972,1779380535758032430,FULL
2364,2364,2381,9534187595000,10290048195000,1779380535807274953,1779380535791307921,FULL
2365,2365,2383,9534220914000,10290084291000,1779380535841199267,1779380535857687866,FULL
2366,2366,2383,9534254233000,10290120387000,1779380535874135758,1779380535857687866,FULL
2367,2367,2384,9534287552000,10290156481000,1779380535906681883,1779380535891307240,FULL
2368,2368,2385,9534320870000,10290192576000,1779380535940455384,1779380535924317845,FULL
2369,2369,2386,9534354188000,10290228672000,1779380535973180284,1779380535957611650,FULL
2370,2370,2387,9534387507000,10290264766000,1779380536007142561,1779380535991031323,FULL
2371,2371,2388,9534420825000,10290300861000,1779380536040384623,1779380536024320035,FULL
2372,2372,2389,9534454143000,10290336955000,1779380536073847182,1779380536058516734,FULL
2373,2373,2390,9534487464000,10290373051000,1779380536107080078,1779380536091963074,FULL
2374,2374,2391,9534520781000,10290409147000,1779380536139772479,1779380536125160510,FULL
2375,2375,2392,9534554099000,10290445240000,1779380536173677756,1779380536158096708,FULL
2376,2376,2393,9534587418000,10290481336000,1779380536207008983,1779380536191020888,FULL
2377,2377,2394,9534620735000,10290517432000,1779380536239683996,1779380536224194269,FULL
2378,2378,2395,9534654054000,10290553526000,1779380536274162471,1779380536257564684,FULL
2379,2379,2396,9534687373000,10290589623000,1779380536306350969,1779380536290941450,FULL
2380,2380,2397,9534720691000,10290625717000,1779380536340328524,1779380536324195477,FULL
2381,2381,2399,9534754009000,10290661812000,1779380536375634620,1779380536391543372,FULL
2382,2382,2399,9534787329000,10290697908000,1779380536406486984,1779380536391543372,FULL
2383,2383,2400,9534820646000,10290734001000,1779380536440188708,1779380536439611356,FULL
2384,2384,2401,9534853965000,10290770098000,1779380536473091514,1779380536462462476,FULL
2385,2385,2402,9534887284000,10290806191000,1779380536506896811,1779380536493819215,FULL
2386,2386,2403,9534920602000,10290842286000,1779380536539617508,1779380536524440984,FULL
2387,2387,2404,9534953921000,10290878381000,1779380536573538396,1779380536557337275,FULL
2388,2388,2405,9534987239000,10290914477000,1779380536606825772,1779380536590844725,FULL
2389,2389,2406,9535020560000,10290950572000,1779380536640189277,1779380536624179937,FULL
2390,2390,2408,9535053877000,10290986667000,1779380536675075563,1779380536691576183,FULL
2391,2391,2408,9535087200000,10291022762000,1779380536707336042,1779380536691576183,FULL
2392,2392,2409,9535120516000,10291058857000,1779380536740238385,1779380536724876228,FULL
2393,2393,2410,9535153832000,10291094951000,1779380536772878583,1779380536758097015,FULL
2394,2394,2412,9535187150000,10291131046000,1779380536808867783,1779380536824135540,FULL
2395,2395,2412,9535220475000,10291167141000,1779380536839760555,1779380536824135540,FULL
2396,2396,2414,9535253795000,10291203236000,1779380536875332185,1779380536890903998,FULL
2397,2397,2415,9535287121000,10291239331000,1779380536909040705,1779380536922596751,FULL
2398,2398,2416,9535320442000,10291275429000,1779380536940882503,1779380536955854983,FULL
2399,2399,2417,9535353744000,10291311526000,1779380536973555701,1779380536983859622,FULL
2400,2400,2418,9535387071000,10291347619000,1779380537012708109,1779380537024312380,FULL
2401,2401,2419,9535420383000,10291383722000,1779380537043693324,1779380537057698628,FULL
2402,2402,2420,9535453700000,10291419809000,1779380537079956650,1779380537093535007,FULL
2403,2403,2421,9535487017000,10291455907000,1779380537109529806,1779380537124378662,FULL
2404,2404,2422,9535520344000,10291491996000,1779380537142089949,1779380537157560246,FULL
2405,2405,2423,9535553666000,10291528094000,1779380537175779321,1779380537191003233,FULL
2406,2406,2424,9535586980000,10291564187000,1779380537209156808,1779380537224356222,FULL
2407,2407,2425,9535620303000,10291600283000,1779380537243962501,1779380537258138705,FULL
2408,2408,2426,9535653619000,10291636377000,1779380537275203269,1779380537291034423,FULL
2409,2409,2427,9535686941000,10291672471000,1779380537309728984,1779380537324128619,FULL
2410,2410,2427,9535720252000,10291708567000,1779380537339929004,1779380537324128619,FULL
2411,2411,2428,9535753566000,10291744663000,1779380537373346138,1779380537357337610,FULL
2412,2412,2429,9535786884000,10291780759000,1779380537406335202,1779380537390767469,FULL
2413,2413,2430,9535820202000,10291816853000,1779380537439526024,1779380537424022941,FULL
2414,2414,2431,9535853520000,10291852947000,1779380537472738864,1779380537457277875,FULL
2415,2415,2432,9535886839000,10291889043000,1779380537506775695,1779380537490633142,FULL
2416,2416,2433,9535920157000,10291925138000,1779380537539158081,1779380537524062686,FULL
2417,2417,2434,9535953474000,10291961234000,1779380537573171320,1779380537557295917,FULL
2418,2418,2435,9535986792000,10291997326000,1779380537605870128,1779380537590599018,FULL
2419,2419,2436,9536020112000,10292033421000,1779380537640343511,1779380537624189485,FULL
2420,2420,2437,9536053434000,10292069517000,1779380537672862969,1779380537657739193,FULL
2421,2421,2438,9536086749000,10292105613000,1779380537707494794,1779380537690607986,FULL
2422,2422,2439,9536120069000,10292141707000,1779380537740460878,1779380537726527420,FULL
2423,2423,2440,9536153387000,10292177804000,1779380537772488285,1779380537757972399,FULL
2424,2424,2441,9536186704000,10292213897000,1779380537806343822,1779380537792530796,FULL
2425,2425,2443,9536220022000,10292249992000,1779380537839617902,1779380537855891600,FULL
2426,2426,2444,9536253341000,10292286087000,1779380537872468728,1779380537887720759,FULL
2427,2427,2445,9536286659000,10292322182000,1779380537907184219,1779380537912890642,FULL
2428,2428,2446,9536319978000,10292358277000,1779380537939935841,1779380537947016934,FULL
2429,2429,2447,9536353298000,10292394372000,1779380537972322653,1779380537982449912,FULL
2430,2430,2448,9536386615000,10292430467000,1779380538006290503,1779380538017030625,FULL
2431,2431,2449,9536419933000,10292466563000,1779380538039511621,1779380538059800017,FULL
2432,2432,2450,9536453252000,10292502657000,1779380538073142920,1779380538084728292,FULL
2433,2433,2451,9536486571000,10292538751000,1779380538105568934,1779380538100745824,FULL
2434,2434,2452,9536519888000,10292574846000,1779380538139787282,1779380538130089796,FULL
2435,2435,2453,9536553210000,10292610940000,1779380538172494980,1779380538163382971,FULL
2436,2436,2454,9536586526000,10292647039000,1779380538207558041,1779380538197227934,FULL
2437,2437,2455,9536619845000,10292683134000,1779380538239471969,1779380538232658560,FULL
2438,2438,2456,9536653162000,10292719232000,1779380538272187703,1779380538269920457,FULL
2439,2439,2457,9536686484000,10292755322000,1779380538307919368,1779380538302077296,FULL
2440,2440,2458,9536719799000,10292791418000,1779380538339457022,1779380538334809850,FULL
2441,2441,2459,9536753117000,10292827513000,1779380538372208774,1779380538368101376,FULL
2442,2442,2460,9536786436000,10292863608000,1779380538406360234,1779380538411180542,FULL
2443,2443,2461,9536819755000,10292899702000,1779380538439391779,1779380538438569523,FULL
2444,2444,2462,9536853073000,10292935797000,1779380538472280438,1779380538472026177,FULL
2445,2445,2463,9536886391000,10292971893000,1779380538506124789,1779380538499100663,FULL
2446,2446,2464,9536919712000,10293007988000,1779380538539314352,1779380538532229285,FULL
2447,2447,2465,9536953029000,10293044085000,1779380538572202751,1779380538561469925,FULL
2448,2448,2466,9536986347000,10293080179000,1779380538605878827,1779380538596847459,FULL
2449,2449,2467,9537019665000,10293116274000,1779380538639463181,1779380538631870813,FULL
2450,2450,2468,9537052990000,10293152368000,1779380538672690688,1779380538665737573,FULL
2451,2451,2469,9537086303000,10293188463000,1779380538705263071,1779380538695446243,FULL
2452,2452,2470,9537119623000,10293224559000,1779380538739179089,1779380538729084876,FULL
2453,2453,2471,9537152939000,10293260662000,1779380538772449336,1779380538764657889,FULL
2454,2454,2472,9537186258000,10293296751000,1779380538805238421,1779380538797218612,FULL
2455,2455,2473,9537219577000,10293332845000,1779380538839166106,1779380538828454427,FULL
2456,2456,2474,9537252895000,10293368941000,1779380538872476074,1779380538862921234,FULL
2457,2457,2475,9537286214000,10293405041000,1779380538905363917,1779380538896313000,FULL
2458,2458,2476,9537319532000,10293441130000,1779380538939139492,1779380538930980674,FULL
2459,2459,2477,9537352850000,10293477223000,1779380538971753338,1779380538962486948,FULL
2460,2460,2478,9537386169000,10293513318000,1779380539009823461,1779380538995597126,FULL
2461,2461,2479,9537419487000,10293549414000,1779380539039891241,1779380539028582953,FULL
2462,2462,2480,9537452806000,10293585509000,1779380539073494892,1779380539062409213,FULL
2463,2463,2481,9537486134000,10293621603000,1779380539106526827,1779380539095185118,FULL
2464,2464,2482,9537519448000,10293657698000,1779380539138894657,1779380539129033174,FULL
2465,2465,2483,9537552782000,10293693793000,1779380539172699102,1779380539163856253,FULL
2466,2466,2484,9537586085000,10293729889000,1779380539206447510,1779380539195895094,FULL
2467,2467,2485,9537619405000,10293765985000,1779380539239108023,1779380539228889144,FULL
2468,2468,2486,9537652719000,10293802086000,1779380539271775276,1779380539261840824,FULL
2469,2469,2487,9537686038000,10293838173000,1779380539305041337,1779380539294885799,FULL
2470,2470,2488,9537719355000,10293874269000,1779380539338571137,1779380539328457192,FULL
2471,2471,2489,9537752673000,10293910365000,1779380539371664941,1779380539362340636,FULL
2472,2472,2490,9537785992000,10293946466000,1779380539405015520,1779380539394937710,FULL
2473,2473,2491,9537819310000,10293982560000,1779380539439364645,1779380539428163645,FULL
2474,2474,2492,9537852629000,10294018659000,1779380539472225673,1779380539462984169,FULL
2475,2475,2493,9537885948000,10294054744000,1779380539504917834,1779380539494843735,FULL
2476,2476,2494,9537919266000,10294090838000,1779380539540961755,1779380539528435702,FULL
2477,2477,2495,9537952584000,10294126936000,1779380539571846416,1779380539563044710,FULL
2478,2478,2496,9537985904000,10294163029000,1779380539605588991,1779380539596911247,FULL
2479,2479,2497,9538019222000,10294199126000,1779380539639219623,1779380539628269635,FULL
2480,2480,2498,9538052546000,10294235248000,1779380539672330149,1779380539662984586,FULL
2481,2481,2499,9538085859000,10294271319000,1779380539705001958,1779380539695241183,FULL
2482,2482,2500,9538119178000,10294307417000,1779380539738823032,1779380539728328454,FULL
2483,2483,2501,9538152496000,10294343506000,1779380539772134167,1779380539762166825,FULL
2484,2484,2502,9538185814000,10294379606000,1779380539804877957,1779380539795702663,FULL
2485,2485,2503,9538219131000,10294415697000,1779380539840642603,1779380539828027074,FULL
2486,2486,2504,9538252450000,10294451790000,1779380539872018536,1779380539862238699,FULL
2487,2487,2505,9538285769000,10294487890000,1779380539904824899,1779380539894629054,FULL
2488,2488,2506,9538319088000,10294523993000,1779380539938890804,1779380539928828864,FULL
2489,2489,2507,9538352406000,10294560088000,1779380539971434188,1779380539961264551,FULL
2490,2490,2509,9538385725000,10294596170000,1779380540027080999,1779380540028976848,FULL
2491,2491,2510,9538419045000,10294632271000,1779380540061328828,1779380540061360499,FULL
2492,2492,2511,9538452364000,10294668359000,1779380540091749938,1779380540094683581,FULL
2493,2493,2512,9538485684000,10294704455000,1779380540125548346,1779380540128925724,FULL
2494,2494,2513,9538519000000,10294740549000,1779380540158373449,1779380540161225506,FULL
2495,2495,2514,9538552320000,10294776642000,1779380540189766345,1779380540194468441,FULL
2496,2496,2515,9538585637000,10294812737000,1779380540223135424,1779380540229176725,FULL
2497,2497,2516,9538618963000,10294848831000,1779380540254732836,1779380540261177400,FULL
2498,2498,2517,9538652275000,10294884926000,1779380540287177036,1779380540294443909,FULL
2499,2499,2518,9538685592000,10294921021000,1779380540318097511,1779380540328770236,FULL
2500,2500,2519,9538718911000,10294957116000,1779380540350926781,1779380540361101091,FULL
2501,2501,2520,9538752230000,10294993213000,1779380540385358867,1779380540406852126,FULL
2502,2502,2521,9538785550000,10295029307000,1779380540423720746,1779380540431597682,FULL
2503,2503,2522,9538818868000,10295065402000,1779380540455926060,1779380540462033787,FULL
2504,2504,2523,9538852186000,10295101497000,1779380540488355871,1779380540493400656,FULL
2505,2505,2524,9538885508000,10295137591000,1779380540510900655,1779380540525668105,FULL
2506,2506,2524,9538918839000,10295173687000,1779380540541738316,1779380540525668105,FULL
2507,2507,2525,9538952142000,10295209782000,1779380540571342249,1779380540559859452,FULL
2508,2508,2526,9538985458000,10295245880000,1779380540606611049,1779380540592844168,FULL
2509,2509,2527,9539018782000,10295281974000,1779380540638577624,1779380540626102677,FULL
2510,2510,2528,9539052098000,10295318067000,1779380540671459505,1779380540659703052,FULL
2511,2511,2529,9539085414000,10295354170000,1779380540704900898,1779380540694424873,FULL
2512,2512,2530,9539118732000,10295390259000,1779380540738862360,1779380540726408326,FULL
2513,2513,2531,9539152052000,10295426358000,1779380540771611001,1779380540760551211,FULL
2514,2514,2532,9539185372000,10295462456000,1779380540806532286,1779380540793856330,FULL
2515,2515,2533,9539218701000,10295498550000,1779380540840462692,1779380540827028785,FULL
2516,2516,2534,9539252047000,10295534640000,1779380540871990513,1779380540860486847,FULL
2517,2517,2535,9539285325000,10295570742000,1779380540905470350,1779380540893722319,FULL
2518,2518,2536,9539318650000,10295606827000,1779380540939395257,1779380540927366915,FULL
2519,2519,2537,9539351963000,10295642923000,1779380540973698530,1779380540963259053,FULL
2520,2520,2538,9539385280000,10295679017000,1779380541009141180,1779380540993994949,FULL
2521,2521,2539,9539418598000,10295715118000,1779380541039160405,1779380541028405090,FULL
2522,2522,2540,9539451917000,10295751210000,1779380541071366200,1779380541061237031,FULL
2523,2523,2541,9539485234000,10295787302000,1779380541103783678,1779380541096675342,FULL
2524,2524,2542,9539518552000,10295823396000,1779380541137159368,1779380541133605762,FULL
2525,2525,2543,9539551871000,10295859491000,1779380541171061182,1779380541163661186,FULL
2526,2526,2544,9539585193000,10295895587000,1779380541203994469,1779380541199421752,FULL
2527,2527,2545,9539618508000,10295931681000,1779380541237321530,1779380541227900570,FULL
2528,2528,2546,9539651825000,10295967776000,1779380541271517156,1779380541263480935,FULL
2529,2529,2547,9539685147000,10296003874000,1779380541303999948,1779380541298546177,FULL
2530,2530,2548,9539718464000,10296039969000,1779380541337215362,1779380541327768539,FULL
2531,2531,2549,9539751782000,10296076069000,1779380541371354045,1779380541361676613,FULL
2532,2532,2550,9539785101000,10296112158000,1779380541404477052,1779380541395486225,FULL
2533,2533,2551,9539818418000,10296148253000,1779380541437757336,1779380541429021415,FULL
2534,2534,2552,9539851737000,10296184347000,1779380541472294921,1779380541461425455,FULL
2535,2535,2553,9539885056000,10296220442000,1779380541504305144,1779380541497013782,FULL
2536,2536,2554,9539918374000,10296256537000,1779380541537559113,1779380541531746344,FULL
2537,2537,2555,9539951693000,10296292633000,1779380541571044191,1779380541561955397,FULL
2538,2538,2556,9539985011000,10296328727000,1779380541604172439,1779380541594466194,FULL
2539,2539,2557,9540018330000,10296364824000,1779380541637537852,1779380541628778373,FULL
2540,2540,2558,9540051648000,10296400925000,1779380541671165076,1779380541661558722,FULL
2541,2541,2559,9540084970000,10296437016000,1779380541704318287,1779380541694327534,FULL
2542,2542,2560,9540118286000,10296473111000,1779380541737510905,1779380541727264899,FULL
2543,2543,2561,9540151604000,10296509207000,1779380541771434108,1779380541760676054,FULL
2544,2544,2562,9540184922000,10296545306000,1779380541804191323,1779380541794764996,FULL
2545,2545,2563,9540218240000,10296581405000,1779380541837421848,1779380541827352903,FULL
2546,2546,2564,9540251559000,10296617496000,1779380541870806168,1779380541861292013,FULL
2547,2547,2565,9540284878000,10296653591000,1779380541904705260,1779380541893951549,FULL
2548,2548,2566,9540318195000,10296689682000,1779380541937419920,1779380541927229632,FULL
2549,2549,2567,9540351515000,10296725773000,1779380541971322012,1779380541960429197,FULL
2550,2550,2568,9540384832000,10296761877000,1779380542004104079,1779380541994676710,FULL
2551,2551,2569,9540418152000,10296797967000,1779380542037955208,1779380542027430449,FULL
2552,2552,2570,9540451470000,10296834059000,1779380542070829181,1779380542060904473,FULL
2553,2553,2571,9540484789000,10296870153000,1779380542104236297,1779380542094830843,FULL
2554,2554,2572,9540518107000,10296906259000,1779380542137941484,1779380542127192605,FULL
2555,2555,2573,9540551427000,10296942348000,1779380542170859697,1779380542160578168,FULL
2556,2556,2574,9540584748000,10296978448000,1779380542204563643,1779380542195912128,FULL
2557,2557,2575,9540618063000,10297014541000,1779380542237259285,1779380542226836356,FULL
2558,2558,2576,9540651381000,10297050636000,1779380542271162969,1779380542260409434,FULL
2559,2559,2577,9540684702000,10297086724000,1779380542304132108,1779380542294823056,FULL
2560,2560,2578,9540718018000,10297122821000,1779380542337870721,1779380542328849332,FULL
2561,2561,2579,9540751336000,10297158916000,1779380542370582955,1779380542361128577,FULL
2562,2562,2580,9540784656000,10297195009000,1779380542404415381,1779380542411403529,FULL
2563,2563,2581,9540817973000,10297231104000,1779380542437745516,1779380542432006847,FULL
2564,2564,2582,9540851294000,10297267199000,1779380542470535249,1779380542460697940,FULL
2565,2565,2583,9540884612000,10297303295000,1779380542505650051,1779380542492301065,FULL
2566,2566,2584,9540917929000,10297339389000,1779380542536994595,1779380542524643290,FULL
2567,2567,2585,9540951248000,10297375484000,1779380542570915428,1779380542558322645,FULL
2568,2568,2586,9540984567000,10297411579000,1779380542605747936,1779380542591995240,FULL
2569,2569,2587,9541017885000,10297447674000,1779380542637550791,1779380542626575175,FULL
2570,2570,2588,9541051203000,10297483770000,1779380542670667558,1779380542659535114,FULL
2571,2571,2589,9541084523000,10297519863000,1779380542704572816,1779380542692687495,FULL
2572,2572,2590,9541117846000,10297555958000,1779380542736908628,1779380542727629683,FULL
2573,2573,2591,9541151159000,10297592054000,1779380542770896960,1779380542759551063,FULL
2574,2574,2592,9541184478000,10297628148000,1779380542804919736,1779380542792778146,FULL
2575,2575,2593,9541217796000,10297664244000,1779380542836878404,1779380542826084303,FULL
2576,2576,2594,9541251113000,10297700338000,1779380542870967735,1779380542859586271,FULL
2577,2577,2595,9541284433000,10297736434000,1779380542904826716,1779380542893924654,FULL
2578,2578,2596,9541317751000,10297772528000,1779380542937490636,1779380542927544991,FULL
2579,2579,2597,9541351070000,10297808622000,1779380542970229425,1779380542960304821,FULL
2580,2580,2598,9541384388000,10297844718000,1779380543008136791,1779380542993091392,FULL
2581,2581,2599,9541417707000,10297880813000,1779380543038245441,1779380543026891875,FULL
2582,2582,2600,9541451026000,10297916911000,1779380543070179942,1779380543060559286,FULL
2583,2583,2601,9541484343000,10297953004000,1779380543103132266,1779380543111650319,FULL
2584,2584,2602,9541517662000,10297989098000,1779380543136434679,1779380543155094164,FULL
2585,2585,2602,9541550981000,10298025194000,1779380543169729222,1779380543155094164,FULL
2586,2586,2603,9541584300000,10298061288000,1779380543203607703,1779380543188576392,FULL
2587,2587,2605,9541617620000,10298097382000,1779380543239389794,1779380543255702512,FULL
2588,2588,2605,9541650942000,10298133478000,1779380543271487701,1779380543255702512,FULL
2589,2589,2606,9541684259000,10298169573000,1779380543304064622,1779380543288571082,FULL
2590,2590,2608,9541717578000,10298205668000,1779380543339055351,1779380543355045656,FULL
2591,2591,2608,9541750907000,10298241763000,1779380543370654467,1779380543355045656,FULL
2592,2592,2609,9541784213000,10298277858000,1779380543403296831,1779380543388530643,FULL
2593,2593,2610,9541817529000,10298313953000,1779380543436616948,1779380543421741023,FULL
2594,2594,2611,9541850846000,10298350048000,1779380543470054600,1779380543455056457,FULL
2595,2595,2612,9541884165000,10298386143000,1779380543503329180,1779380543488452760,FULL
2596,2596,2613,9541917485000,10298422238000,1779380543536651723,1779380543521572753,FULL
2597,2597,2614,9541950803000,10298458335000,1779380543569754712,1779380543555192590,FULL
2598,2598,2615,9541984122000,10298494429000,1779380543604725052,1779380543588405155,FULL
2599,2599,2616,9542017439000,10298530524000,1779380543636385057,1779380543621523647,FULL
2600,2600,2617,9542050757000,10298566619000,1779380543669993393,1779380543655784327,FULL
2601,2601,2618,9542084077000,10298602714000,1779380543703898892,1779380543689029669,FULL
2602,2602,2619,9542117398000,10298638808000,1779380543737026733,1779380543722775005,FULL
2603,2603,2620,9542150712000,10298674903000,1779380543769868003,1779380543758479275,FULL
2604,2604,2621,9542184033000,10298710998000,1779380543803657244,1779380543791707229,FULL
2605,2605,2622,9542217349000,10298747093000,1779380543836313405,1779380543821696895,FULL
2606,2606,2623,9542250669000,10298783189000,1779380543870234626,1779380543854974941,FULL
2607,2607,2624,9542283986000,10298819284000,1779380543903550798,1779380543888324411,FULL
2608,2608,2625,9542317305000,10298855378000,1779380543936262551,1779380543921570698,FULL
2609,2609,2626,9542350625000,10298891473000,1779380543970458566,1779380543954959001,FULL
2610,2610,2627,9542383947000,10298927569000,1779380544003024875,1779380543988210307,FULL
2611,2611,2628,9542417261000,10298963663000,1779380544036850820,1779380544021561351,FULL
2612,2612,2629,9542450580000,10298999759000,1779380544069526869,1779380544054886229,FULL
2613,2613,2630,9542483898000,10299035854000,1779380544103467183,1779380544088208552,FULL
2614,2614,2631,9542517217000,10299071949000,1779380544138860982,1779380544121502783,FULL
2615,2615,2632,9542550534000,10299108045000,1779380544169595663,1779380544156378602,FULL
2616,2616,2633,9542583853000,10299144140000,1779380544203487403,1779380544188239631,FULL
2617,2617,2634,9542617173000,10299180237000,1779380544237011332,1779380544221298457,FULL
2618,2618,2635,9542650497000,10299216330000,1779380544269567809,1779380544255106366,FULL
2619,2619,2636,9542683811000,10299252425000,1779380544303441623,1779380544288133841,FULL
2620,2620,2637,9542717128000,10299288520000,1779380544336923516,1779380544321521051,FULL
2621,2621,2638,9542750445000,10299324616000,1779380544369367605,1779380544354668877,FULL
2622,2622,2639,9542783764000,10299360710000,1779380544403267474,1779380544388081883,FULL
2623,2623,2640,9542817082000,10299396805000,1779380544438580904,1779380544438055525,FULL
2624,2624,2641,9542850401000,10299432900000,1779380544469356676,1779380544460547150,FULL
2625,2625,2642,9542883719000,10299468995000,1779380544503362101,1779380544490049990,FULL
2626,2626,2644,9542917039000,10299505090000,1779380544536525275,1779380544543539748,FULL
2627,2627,2645,9542950356000,10299541191000,1779380544569332341,1779380544586577914,FULL
2628,2628,2646,9542983676000,10299577283000,1779380544603218322,1779380544612226643,FULL
2629,2629,2647,9543016994000,10299613381000,1779380544637775685,1779380544654434395,FULL
2630,2630,2647,9543050311000,10299649473000,1779380544669297469,1779380544654434395,FULL
2631,2631,2648,9543083630000,10299685568000,1779380544703227857,1779380544687680422,FULL
2632,2632,2649,9543116951000,10299721664000,1779380544736591084,1779380544721861159,FULL
2633,2633,2650,9543150267000,10299757757000,1779380544769660999,1779380544755472811,FULL
2634,2634,2651,9543183588000,10299793857000,1779380544803174132,1779380544788610080,FULL
2635,2635,2652,9543216904000,10299829946000,1779380544835725776,1779380544821447040,FULL
2636,2636,2653,9543250222000,10299866042000,1779380544869782181,1779380544855164024,FULL
2637,2637,2654,9543283540000,10299902135000,1779380544902527822,1779380544888440588,FULL
2638,2638,2655,9543316859000,10299938231000,1779380544936352026,1779380544920971070,FULL
2639,2639,2657,9543350177000,10299974325000,1779380544969089389,1779380544981407378,FULL
2640,2640,2658,9543383495000,10300010420000,1779380545007145920,1779380545023085119,FULL
2641,2641,2658,9543416815000,10300046516000,1779380545037258310,1779380545023085119,FULL
2642,2642,2659,9543450133000,10300082612000,1779380545069214793,1779380545054861982,FULL
2643,2643,2660,9543483451000,10300118710000,1779380545102158247,1779380545087854106,FULL
2644,2644,2661,9543516775000,10300154803000,1779380545137155587,1779380545121056578,FULL
2645,2645,2662,9543550088000,10300190899000,1779380545168598519,1779380545154301069,FULL
2646,2646,2663,9543583406000,10300226992000,1779380545202619666,1779380545187769667,FULL
2647,2647,2664,9543616728000,10300263085000,1779380545235606804,1779380545221079305,FULL
2648,2648,2665,9543650044000,10300299180000,1779380545268978328,1779380545254443349,FULL
2649,2649,2666,9543683366000,10300335276000,1779380545302556127,1779380545287682155,FULL
2650,2650,2667,9543716683000,10300371371000,1779380545335764930,1779380545320923368,FULL
2651,2651,2668,9543750001000,10300407468000,1779380545368934307,1779380545354256487,FULL
2652,2652,2669,9543783319000,10300443562000,1779380545402244369,1779380545388605832,FULL
2653,2653,2670,9543816636000,10300479659000,1779380545435482171,1779380545420859225,FULL
2654,2654,2671,9543849955000,10300515752000,1779380545468857639,1779380545454135215,FULL
2655,2655,2673,9543883274000,10300551847000,1779380545518555900,1779380545520964877,FULL
2656,2656,2674,9543916593000,10300587941000,1779380545556680837,1779380545554187238,FULL
2657,2657,2675,9543949916000,10300624038000,1779380545588755041,1779380545587509413,FULL
2658,2658,2676,9543983234000,10300660133000,1779380545621230444,1779380545620665293,FULL
2659,2659,2677,9544016551000,10300696228000,1779380545653110520,1779380545654217020,FULL
2660,2660,2678,9544049870000,10300732321000,1779380545689862398,1779380545687620268,FULL
2661,2661,2679,9544083187000,10300768417000,1779380545723092385,1779380545720788685,FULL
2662,2662,2680,9544116508000,10300804513000,1779380545756287059,1779380545754282191,FULL
2663,2663,2681,9544149826000,10300840606000,1779380545790338909,1779380545788880940,FULL
2664,2664,2682,9544183143000,10300876701000,1779380545821528844,1779380545820814986,FULL
2665,2665,2683,9544216462000,10300912796000,1779380545854590815,1779380545854133161,FULL
2666,2666,2684,9544249779000,10300948891000,1779380545886278597,1779380545887454521,FULL
2667,2667,2685,9544283098000,10300984985000,1779380545920279817,1779380545920712844,FULL
2668,2668,2686,9544316416000,10301021084000,1779380545953734025,1779380545954067037,FULL
2669,2669,2687,9544349735000,10301057178000,1779380545987099882,1779380545987443914,FULL
2670,2670,2688,9544383053000,10301093273000,1779380546019427046,1779380546020702294,FULL
2671,2671,2689,9544416372000,10301129368000,1779380546053673968,1779380546054090171,FULL
2672,2672,2690,9544449690000,10301165461000,1779380546092055902,1779380546087387883,FULL
2673,2673,2691,9544483009000,10301201556000,1779380546122922304,1779380546120834223,FULL
2674,2674,2692,9544516329000,10301237651000,1779380546156349438,1779380546154004881,FULL
2675,2675,2693,9544549646000,10301273746000,1779380546191922475,1779380546187486961,FULL
2676,2676,2694,9544582964000,10301309841000,1779380546220384828,1779380546223345618,FULL
2677,2677,2695,9544616282000,10301345936000,1779380546253651500,1779380546253967849,FULL
2678,2678,2696,9544649603000,10301382033000,1779380546286128959,1779380546287368412,FULL
2679,2679,2697,9544682922000,10301418126000,1779380546323130408,1779380546320559532,FULL
2680,2680,2698,9544716239000,10301454221000,1779380546356240971,1779380546354004113,FULL
2681,2681,2699,9544749558000,10301490318000,1779380546391333643,1779380546387312380,FULL
2682,2682,2700,9544782879000,10301526412000,1779380546416678509,1779380546437429501,FULL
2683,2683,2700,9544816193000,10301562506000,1779380546446023167,1779380546437429501,FULL
2684,2684,2702,9544849511000,10301598601000,1779380546481471632,1779380546489670814,FULL
2685,2685,2703,9544882829000,10301634701000,1779380546515213578,1779380546521070590,FULL
2686,2686,2704,9544916149000,10301670809000,1779380546551858956,1779380546546207974,FULL
2687,2687,2705,9544949470000,10301706890000,1779380546585236998,1779380546579400410,FULL
2688,2688,2706,9544982786000,10301742985000,1779380546620455225,1779380546613404315,FULL
2689,2689,2707,9545016104000,10301779080000,1779380546650642615,1779380546653925258,FULL
2690,2690,2708,9545049425000,10301815189000,1779380546682862150,1779380546687032825,FULL
2691,2691,2709,9545082750000,10301851266000,1779380546710354401,1779380546721483298,FULL
2692,2692,2709,9545116060000,10301887363000,1779380546735894821,1779380546721483298,FULL
2693,2693,2710,9545149377000,10301923458000,1779380546768972477,1779380546753526361,FULL
2694,2694,2712,9545182700000,10301959551000,1779380546804200093,1779380546820672537,FULL
2695,2695,2713,9545216041000,10301995646000,1779380546838513958,1779380546854662646,FULL
2696,2696,2714,9545249336000,10302031742000,1779380546872712140,1779380546887906081,FULL
2697,2697,2714,9545282659000,10302067837000,1779380546905449873,1779380546887906081,FULL
2698,2698,2715,9545315972000,10302103932000,1779380546938827582,1779380546923881811,FULL
2699,2699,2717,9545349294000,10302140031000,1779380546971564223,1779380546987035654,FULL
2700,2700,2718,9545382611000,10302176125000,1779380547010793316,1779380547020287663,FULL
2701,2701,2719,9545415929000,10302212221000,1779380547040920169,1779380547054461339,FULL
2702,2702,2720,9545449247000,10302248314000,1779380547071344760,1779380547087726203,FULL
2703,2703,2721,9545482568000,10302284408000,1779380547105285556,1779380547121210177,FULL
2704,2704,2722,9545515885000,10302320502000,1779380547138010197,1779380547153560290,FULL
2705,2705,2722,9545549202000,10302356597000,1779380547170078901,1779380547153560290,FULL
2706,2706,2723,9545582520000,10302392692000,1779380547203408628,1779380547186963376,FULL
2707,2707,2724,9545615836000,10302428787000,1779380547235110539,1779380547220348220,FULL
2708,2708,2725,9545649154000,10302464882000,1779380547268524711,1779380547255926247,FULL
2709,2709,2726,9545682476000,10302500978000,1779380547303569624,1779380547287817421,FULL
2710,2710,2727,9545715792000,10302537072000,1779380547336043509,1779380547321067804,FULL
2711,2711,2728,9545749119000,10302573167000,1779380547368971685,1779380547356097281,FULL
2712,2712,2729,9545782436000,10302609262000,1779380547402809500,1779380547388320655,FULL
2713,2713,2731,9545815755000,10302645357000,1779380547435731213,1779380547439052222,FULL
2714,2714,2732,9545849068000,10302681451000,1779380547468980442,1779380547462184350,FULL
2715,2715,2733,9545882386000,10302717547000,1779380547503697618,1779380547492244542,FULL
2716,2716,2734,9545915708000,10302753643000,1779380547536010597,1779380547525876032,FULL
2717,2717,2735,9545949024000,10302789739000,1779380547568129985,1779380547560407032,FULL
2718,2718,2736,9545982338000,10302825832000,1779380547601959134,1779380547594610165,FULL
2719,2719,2737,9546015656000,10302861927000,1779380547635287436,1779380547628649726,FULL
2720,2720,2738,9546048975000,10302898022000,1779380547668086502,1779380547665120022,FULL
2721,2721,2739,9546082293000,10302934117000,1779380547701943317,1779380547694445925,FULL
2722,2722,2740,9546115613000,10302970212000,1779380547735132731,1779380547725480847,FULL
2723,2723,2741,9546148931000,10303006309000,1779380547767841595,1779380547760418103,FULL
2724,2724,2742,9546182249000,10303042404000,1779380547801699187,1779380547796224646,FULL
2725,2725,2743,9546215568000,10303078500000,1779380547835117192,1779380547832195096,FULL
2726,2726,2744,9546248886000,10303114591000,1779380547867791685,1779380547862668709,FULL
2727,2727,2745,9546282205000,10303150686000,1779380547901707277,1779380547895913055,FULL
2728,2728,2746,9546315523000,10303186782000,1779380547934872859,1779380547928971921,FULL
2729,2729,2747,9546348843000,10303222879000,1779380547968284808,1779380547963992658,FULL
2730,2730,2748,9546382160000,10303258973000,1779380548002658858,1779380547996116607,FULL
2731,2731,2749,9546415478000,10303295068000,1779380548034504730,1779380548029018308,FULL
2732,2732,2750,9546448797000,10303331164000,1779380548068289101,1779380548062122155,FULL
2733,2733,2751,9546482116000,10303367258000,1779380548101677477,1779380548096385973,FULL
2734,2734,2752,9546515435000,10303403353000,1779380548134975149,1779380548128061908,FULL
2735,2735,2753,9546548753000,10303439449000,1779380548167705587,1779380548161595048,FULL
2736,2736,2754,9546582071000,10303475543000,1779380548201766770,1779380548191743331,FULL
2737,2737,2755,9546615392000,10303511638000,1779380548234945851,1779380548226138147,FULL
2738,2738,2756,9546648708000,10303547733000,1779380548267672085,1779380548258568557,FULL
2739,2739,2757,9546682030000,10303583828000,1779380548301510603,1779380548292733005,FULL
2740,2740,2758,9546715345000,10303619927000,1779380548334925923,1779380548326650789,FULL
2741,2741,2759,9546748664000,10303656022000,1779380548367568602,1779380548358510333,FULL
2742,2742,2760,9546781983000,10303692116000,1779380548401431472,1779380548403766119,FULL
2743,2743,2761,9546815301000,10303728214000,1779380548435129844,1779380548428758471,FULL
2744,2744,2762,9546848624000,10303764325000,1779380548468185111,1779380548459010290,FULL
2745,2745,2763,9546881937000,10303800417000,1779380548501458099,1779380548491656012,FULL
2746,2746,2764,9546915258000,10303836494000,1779380548536212867,1779380548524391733,FULL
2747,2747,2765,9546948575000,10303872597000,1779380548568021185,1779380548558319517,FULL
2748,2748,2766,9546981893000,10303908689000,1779380548601354209,1779380548590624909,FULL
2749,2749,2767,9547015211000,10303944789000,1779380548634199293,1779380548624069031,FULL
2750,2750,2768,9547048529000,10303980888000,1779380548668113830,1779380548658183276,FULL
2751,2751,2769,9547081848000,10304016973000,1779380548701558538,1779380548691837303,FULL
2752,2752,2770,9547115168000,10304053076000,1779380548734128458,1779380548724965206,FULL
2753,2753,2771,9547148486000,10304089164000,1779380548767910607,1779380548758123701,FULL
2754,2754,2772,9547181805000,10304125255000,1779380548801292779,1779380548793201140,FULL
2755,2755,2773,9547215122000,10304161349000,1779380548836045047,1779380548824693521,FULL
2756,2756,2774,9547248441000,10304197443000,1779380548867931105,1779380548859763165,FULL
2757,2757,2775,9547281759000,10304233539000,1779380548900683209,1779380548891500784,FULL
2758,2758,2776,9547315078000,10304269638000,1779380548934815483,1779380548924787056,FULL
2759,2759,2777,9547348400000,10304305730000,1779380548967351219,1779380548958384287,FULL
2760,2760,2778,9547381715000,10304341823000,1779380549005197807,1779380548991499616,FULL
2761,2761,2779,9547415033000,10304377920000,1779380549036346373,1779380549024692944,FULL
2762,2762,2780,9547448352000,10304414026000,1779380549067297236,1779380549058141325,FULL
2763,2763,2781,9547481670000,10304450119000,1779380549100191339,1779380549092101646,FULL
2764,2764,2782,9547514990000,10304486212000,1779380549133588510,1779380549124783886,FULL
2765,2765,2783,9547548307000,10304522301000,1779380549166916719,1779380549158092509,FULL
2766,2766,2784,9547581625000,10304558394000,1779380549200600332,1779380549192250939,FULL
2767,2767,2785,9547614944000,10304594492000,1779380549234235408,1779380549224777532,FULL
2768,2768,2786,9547648263000,10304630607000,1779380549267279657,1779380549258218080,FULL
2769,2769,2787,9547681584000,10304666681000,1779380549300517904,1779380549291419389,FULL
2770,2770,2788,9547714900000,10304702796000,1779380549333941039,1779380549324642569,FULL
2771,2771,2789,9547748218000,10304738881000,1779380549367134805,1779380549357989377,FULL
2772,2772,2790,9547781536000,10304774982000,1779380549400585809,1779380549391554424,FULL
2773,2773,2791,9547814855000,10304811082000,1779380549433795927,1779380549424578049,FULL
2774,2774,2792,9547848174000,10304847155000,1779380549467821628,1779380549457953042,FULL
2775,2775,2793,9547881495000,10304883258000,1779380549500489770,1779380549491271906,FULL
2776,2776,2794,9547914812000,10304919354000,1779380549534705600,1779380549526791378,FULL
2777,2777,2795,9547948129000,10304955449000,1779380549567223447,1779380549557938559,FULL
2778,2778,2796,9547981449000,10304991557000,1779380549601005337,1779380549591283367,FULL
2779,2779,2797,9548014767000,10305027630000,1779380549634339046,1779380549624498899,FULL
2780,2780,2798,9548048085000,10305063726000,1779380549667130464,1779380549657927669,FULL
2781,2781,2799,9548081403000,10305099819000,1779380549701018834,1779380549691157848,FULL
2782,2782,2800,9548114722000,10305135915000,1779380549734071768,1779380549724448786,FULL
2783,2783,2801,9548148040000,10305172010000,1779380549767570550,1779380549757856538,FULL
2784,2784,2802,9548181359000,10305208107000,1779380549800962684,1779380549791033107,FULL
2785,2785,2803,9548214683000,10305244201000,1779380549834797110,1779380549824497006,FULL
2786,2786,2804,9548247996000,10305280294000,1779380549867710083,1779380549858713565,FULL
2787,2787,2805,9548281314000,10305316391000,1779380549900708055,1779380549890796200,FULL
2788,2788,2806,9548314635000,10305352488000,1779380549934508944,1779380549925104851,FULL
2789,2789,2807,9548347957000,10305388584000,1779380549968105965,1779380549958405307,FULL
2790,2790,2808,9548381273000,10305424678000,1779380550004069647,1779380549990863735,FULL
2791,2791,2809,9548414598000,10305460771000,1779380550037076841,1779380550024751723,FULL
2792,2792,2810,9548447925000,10305496865000,1779380550069371339,1779380550058692766,FULL
2793,2793,2811,9548481226000,10305532959000,1779380550101639300,1779380550090884325,FULL
2794,2794,2812,9548514546000,10305569053000,1779380550139433407,1779380550124955978,FULL
2795,2795,2813,9548547866000,10305605149000,1779380550170093718,1779380550157348184,FULL
2796,2796,2814,9548581182000,10305641244000,1779380550201151173,1779380550192094923,FULL
2797,2797,2815,9548614500000,10305677338000,1779380550233973350,1779380550223970819,FULL
2798,2798,2816,9548647819000,10305713433000,1779380550267626908,1779380550259262423,FULL
2799,2799,2817,9548681142000,10305749529000,1779380550301480574,1779380550291555186,FULL
2800,2800,2818,9548714459000,10305785624000,1779380550339183608,1779380550325077788,FULL
2801,2801,2819,9548747787000,10305821719000,1779380550370312174,1779380550358168303,FULL
2802,2802,2820,9548781096000,10305857813000,1779380550400639303,1779380550403186479,FULL
2803,2803,2821,9548814412000,10305893908000,1779380550433669682,1779380550428989194,FULL
2804,2804,2822,9548847734000,10305930003000,1779380550469612475,1779380550457606288,FULL
2805,2805,2823,9548881050000,10305966098000,1779380550500121380,1779380550492275027,FULL
2806,2806,2824,9548914366000,10306002195000,1779380550534237655,1779380550524163275,FULL
2807,2807,2825,9548947685000,10306038289000,1779380550567310422,1779380550555699101,FULL
2808,2808,2826,9548981003000,10306074384000,1779380550600709390,1779380550589795364,FULL
2809,2809,2827,9549014322000,10306110478000,1779380550633419254,1779380550624167737,FULL
2810,2810,2828,9549047640000,10306146573000,1779380550669987874,1779380550658561905,FULL
2811,2811,2829,9549080958000,10306182668000,1779380550700668943,1779380550692726427,FULL
2812,2812,2830,9549114278000,10306218763000,1779380550733519917,1779380550727847181,FULL
2813,2813,2831,9549147593000,10306254858000,1779380550767298510,1779380550756741550,FULL
2814,2814,2832,9549180912000,10306290953000,1779380550800053262,1779380550790982701,FULL
2815,2815,2833,9549214230000,10306327048000,1779380550833940799,1779380550826615413,FULL
2816,2816,2834,9549247549000,10306363143000,1779380550866899493,1779380550858534346,FULL
2817,2817,2835,9549280867000,10306399238000,1779380550900035260,1779380550891063662,FULL
2818,2818,2836,9549314186000,10306435333000,1779380550933958926,1779380550925438830,FULL
2819,2819,2837,9549347504000,10306471428000,1779380550966657327,1779380550957424244,FULL
2820,2820,2838,9549380822000,10306507524000,1779380551005022243,1779380550990877088,FULL
2821,2821,2839,9549414145000,10306543618000,1779380551034686694,1779380551026514800,FULL
2822,2822,2840,9549447462000,10306579715000,1779380551066763823,1779380551060576675,FULL
2823,2823,2841,9549480778000,10306615808000,1779380551099260541,1779380551092495904,FULL
2824,2824,2842,9549514097000,10306651903000,1779380551132543362,1779380551124097766,FULL
2825,2825,2843,9549547414000,10306687999000,1779380551167801014,1779380551159965420,FULL
2826,2826,2844,9549580734000,10306724094000,1779380551199458426,1779380551190672901,FULL
2827,2827,2845,9549614052000,10306760203000,1779380551232692025,1779380551224839424,FULL
2828,2828,2846,9549647371000,10306796288000,1779380551266215398,1779380551258678449,FULL
2829,2829,2847,9549680689000,10306832378000,1779380551299864234,1779380551292387920,FULL
2830,2830,2848,9549714008000,10306868475000,1779380551333227591,1779380551324427593,FULL
2831,2831,2849,9549747327000,10306904571000,1779380551366584522,1779380551358805502,FULL
2832,2832,2850,9549780644000,10306940669000,1779380551399855065,1779380551390302439,FULL
2833,2833,2851,9549813962000,10306976770000,1779380551433132034,1779380551424656848,FULL
2834,2834,2852,9549847281000,10307012859000,1779380551466485595,1779380551458034156,FULL
2835,2835,2853,9549880599000,10307048950000,1779380551500138263,1779380551491140281,FULL
2836,2836,2854,9549913924000,10307085052000,1779380551534014837,1779380551524735142,FULL
2837,2837,2855,9549947254000,10307121143000,1779380551567854615,1779380551557185329,FULL
2838,2838,2856,9549980562000,10307157235000,1779380551601198842,1779380551591391832,FULL
2839,2839,2857,9550013879000,10307193332000,1779380551634063075,1779380551623950907,FULL
2840,2840,2858,9550047198000,10307229426000,1779380551670216903,1779380551657821636,FULL
2841,2841,2860,9550080517000,10307265520000,1779380551709814084,1779380551724236791,FULL
2842,2842,2861,9550113833000,10307301626000,1779380551752133903,1779380551757045123,FULL
2843,2843,2862,9550147152000,10307337710000,1779380551785401669,1779380551791114720,FULL
2844,2844,2863,9550180470000,10307373811000,1779380551820409934,1779380551823763757,FULL
2845,2845,2864,9550213789000,10307409900000,1779380551851435408,1779380551858000668,FULL
2846,2846,2865,9550247110000,10307445995000,1779380551885300945,1779380551890631816,FULL
2847,2847,2866,9550280426000,10307482090000,1779380551917355167,1779380551924411620,FULL
2848,2848,2867,9550313744000,10307518185000,1779380551951840031,1779380551959165192,FULL
2849,2849,2868,9550347062000,10307554280000,1779380551984133788,1779380551990187559,FULL
2850,2850,2869,9550380382000,10307590374000,1779380552017438368,1779380552024684393,FULL
2851,2851,2870,9550413699000,10307626470000,1779380552053140774,1779380552058017979,FULL
2852,2852,2871,9550447018000,10307662564000,1779380552085089183,1779380552090535961,FULL
2853,2853,2872,9550480337000,10307698659000,1779380552117946008,1779380552123633550,FULL
2854,2854,2873,9550513657000,10307734754000,1779380552149235053,1779380552157901663,FULL
2855,2855,2874,9550546973000,10307770849000,1779380552181995917,1779380552190421016,FULL
2856,2856,2875,9550580292000,10307806945000,1779380552219329899,1779380552225097756,FULL
2857,2857,2876,9550613611000,10307843040000,1779380552251649341,1779380552258409731,FULL
2858,2858,2877,9550646929000,10307879135000,1779380552284743812,1779380552290025907,FULL
2859,2859,2878,9550680248000,10307915229000,1779380552318252908,1779380552324379020,FULL
2860,2860,2879,9550713567000,10307951324000,1779380552350795588,1779380552357439998,FULL
2861,2861,2880,9550746884000,10307987420000,1779380552383971780,1779380552402506378,FULL
2862,2862,2881,9550780203000,10308023520000,1779380552420228422,1779380552429573543,FULL
2863,2863,2881,9550813521000,10308059618000,1779380552451877760,1779380552429573543,FULL
2864,2864,2882,9550846841000,10308095709000,1779380552483506486,1779380552484951805,FULL
2865,2865,2883,9550880159000,10308131803000,1779380552519278781,1779380552518453667,FULL
2866,2866,2884,9550913477000,10308167901000,1779380552554840504,1779380552544101475,FULL
2867,2867,2885,9550946796000,10308203996000,1779380552586251011,1779380552584959451,FULL
2868,2868,2886,9550980115000,10308240096000,1779380552618897968,1779380552618179483,FULL
2869,2869,2887,9551013433000,10308276181000,1779380552650336123,1779380552645892234,FULL
2870,2870,2888,9551046751000,10308312275000,1779380552686158565,1779380552685818293,FULL
2871,2871,2889,9551080069000,10308348369000,1779380552717469388,1779380552719084657,FULL
2872,2872,2890,9551113387000,10308384465000,1779380552750600080,1779380552756933755,FULL
2873,2873,2891,9551146705000,10308420560000,1779380552783520590,1779380552785398906,FULL
2874,2874,2892,9551180024000,10308456654000,1779380552817976436,1779380552818328422,FULL
2875,2875,2893,9551213343000,10308492751000,1779380552851626623,1779380552851874228,FULL
2876,2876,2894,9551246661000,10308528847000,1779380552884407319,1779380552885007483,FULL
2877,2877,2895,9551279980000,10308564942000,1779380552918868424,1779380552918291328,FULL
2878,2878,2896,9551313298000,10308601037000,1779380552954821310,1779380552951697469,FULL
2879,2879,2897,9551346617000,10308637129000,1779380552987027845,1779380552985020055,FULL
2880,2880,2898,9551379938000,10308673226000,1779380553030602837,1779380553018307567,FULL
2881,2881,2899,9551413255000,10308709319000,1779380553051945967,1779380553051603135,FULL
2882,2882,2900,9551446572000,10308745417000,1779380553084201557,1779380553084992331,FULL
2883,2883,2901,9551479892000,10308781509000,1779380553115009478,1779380553118256547,FULL
2884,2884,2902,9551513209000,10308817604000,1779380553147239680,1779380553151479745,FULL
2885,2885,2903,9551546526000,10308853700000,1779380553180069505,1779380553184928997,FULL
2886,2886,2904,9551579845000,10308889797000,1779380553214087392,1779380553218336286,FULL
2887,2887,2905,9551613164000,10308925889000,1779380553250887677,1779380553251659761,FULL
2888,2888,2906,9551646483000,10308961986000,1779380553283000232,1779380553286603479,FULL
2889,2889,2907,9551679801000,10308998079000,1779380553317293079,1779380553318418691,FULL
2890,2890,2908,9551713120000,10309034174000,1779380553353253742,1779380553351668814,FULL
2891,2891,2909,9551746439000,10309070271000,1779380553385693849,1779380553387363933,FULL
2892,2892,2910,9551779758000,10309106364000,1779380553418688136,1779380553418270913,FULL
2893,2893,2911,9551813076000,10309142461000,1779380553451906198,1779380553451519833,FULL
2894,2894,2912,9551846395000,10309178555000,1779380553486180972,1779380553484802067,FULL
2895,2895,2913,9551879713000,10309214649000,1779380553518300323,1779380553518354206,FULL
2896,2896,2914,9551913033000,10309250745000,1779380553551827160,1779380553551482887,FULL
2897,2897,2915,9551946350000,10309286840000,1779380553584084973,1779380553584746733,FULL
2898,2898,2916,9551979669000,10309322935000,1779380553617627309,1779380553618157132,FULL
2899,2899,2917,9552012987000,10309359031000,1779380553650629151,1779380553651529107,FULL
2900,2900,2918,9552046305000,10309395124000,1779380553684062359,1779380553684766286,FULL
2901,2901,2919,9552079624000,10309431225000,1779380553716771871,1779380553718073928,FULL
2902,2902,2920,9552112942000,10309467318000,1779380553754089465,1779380553751487994,FULL
2903,2903,2921,9552146260000,10309503414000,1779380553787058826,1779380553787434166,FULL
2904,2904,2922,9552179579000,10309539505000,1779380553818259168,1779380553818066297,FULL
2905,2905,2923,9552212898000,10309575602000,1779380553852549460,1779380553851409123,FULL
2906,2906,2924,9552246214000,10309611697000,1779380553884145502,1779380553887081872,FULL
2907,2907,2925,9552279535000,10309647792000,1779380553916163836,1779380553918157516,FULL
2908,2908,2926,9552312852000,10309683886000,1779380553950421220,1779380553951302141,FULL
2909,2909,2927,9552346171000,10309719982000,1779380553982580997,1779380553984701911,FULL
2910,2910,2928,9552379489000,10309756078000,1779380554017151008,1779380554018116737,FULL
2911,2911,2929,9552412807000,10309792173000,1779380554050307645,1779380554051543822,FULL
2912,2912,2930,9552446126000,10309828267000,1779380554084055239,1779380554084629447,FULL
2913,2913,2931,9552479444000,10309864361000,1779380554116942675,1779380554118051014,FULL
2914,2914,2932,9552512763000,10309900457000,1779380554152474972,1779380554153593689,FULL
2915,2915,2933,9552546082000,10309936551000,1779380554185108781,1779380554183382661,FULL
2916,2916,2934,9552579399000,10309972646000,1779380554217094874,1779380554216489305,FULL
2917,2917,2935,9552612719000,10310008742000,1779380554250049921,1779380554249722021,FULL
2918,2918,2936,9552646037000,10310044840000,1779380554282397547,1779380554284648240,FULL
2919,2919,2937,9552679356000,10310080935000,1779380554316920800,1779380554317804809,FULL
2920,2920,2938,9552712675000,10310117030000,1779380554350175769,1779380554351319282,FULL
2921,2921,2939,9552745992000,10310153123000,1779380554382426989,1779380554384492407,FULL
2922,2922,2940,9552779314000,10310189233000,1779380554416727744,1779380554434106132,FULL
2923,2923,2941,9552812631000,10310225315000,1779380554450023120,1779380554456491119,FULL
2924,2924,2942,9552845948000,10310261413000,1779380554484398300,1779380554486471238,FULL
2925,2925,2943,9552879267000,10310297501000,1779380554516660131,1779380554519055645,FULL
2926,2926,2944,9552912585000,10310333596000,1779380554550076210,1779380554551102892,FULL
2927,2927,2945,9552945904000,10310369692000,1779380554584149911,1779380554575033828,FULL
2928,2928,2946,9552979224000,10310405786000,1779380554616897404,1779380554609162110,FULL
2929,2929,2947,9553012541000,10310441882000,1779380554650433981,1779380554649448128,FULL
2930,2930,2948,9553045860000,10310477977000,1779380554682252706,1779380554677902835,FULL
2931,2931,2949,9553079177000,10310514072000,1779380554716915568,1779380554718620628,FULL
2932,2932,2950,9553112510000,10310550167000,1779380554750129667,1779380554751976547,FULL
2933,2933,2951,9553145814000,10310586262000,1779380554782411369,1779380554786524102,FULL
2934,2934,2952,9553179132000,10310622356000,1779380554816734771,1779380554817671265,FULL
2935,2935,2953,9553212450000,10310658452000,1779380554848676976,1779380554851058369,FULL
2936,2936,2954,9553245769000,10310694548000,1779380554883219691,1779380554884459232,FULL
2937,2937,2955,9553279087000,10310730642000,1779380554915718946,1779380554918221739,FULL
2938,2938,2956,9553312407000,10310766737000,1779380554949702500,1779380554951096867,FULL
2939,2939,2957,9553345725000,10310802831000,1779380554982179663,1779380554984232714,FULL
2940,2940,2958,9553379043000,10310838927000,1779380555029272284,1779380555012451738,FULL
2941,2941,2959,9553412361000,10310875021000,1779380555050808042,1779380555051036254,FULL
2942,2942,2960,9553445679000,10310911119000,1779380555083421110,1779380555084247582,FULL
2943,2943,2961,9553479001000,10310947214000,1779380555115255187,1779380555119773499,FULL
2944,2944,2962,9553512319000,10310983309000,1779380555149599922,1779380555150989809,FULL
2945,2945,2963,9553545636000,10311019404000,1779380555182363008,1779380555184384098,FULL
2946,2946,2964,9553578954000,10311055499000,1779380555215024020,1779380555217552259,FULL
2947,2947,2965,9553612274000,10311091594000,1779380555248732929,1779380555250961826,FULL
2948,2948,2966,9553645590000,10311127689000,1779380555282174970,1779380555284335541,FULL
2949,2949,2967,9553678908000,10311163784000,1779380555316471595,1779380555317507017,FULL
2950,2950,2968,9553712228000,10311199879000,1779380555348825778,1779380555350891565,FULL
2951,2951,2969,9553745547000,10311235975000,1779380555382108876,1779380555384060875,FULL
2952,2952,2970,9553778863000,10311272069000,1779380555418342370,1779380555419921548,FULL
2953,2953,2971,9553812185000,10311308165000,1779380555449211067,1779380555450772213,FULL
2954,2954,2972,9553845500000,10311344259000,1779380555483497026,1779380555484196002,FULL
2955,2955,2973,9553878819000,10311380355000,1779380555515765487,1779380555517426292,FULL
2956,2956,2974,9553912138000,10311416450000,1779380555549276046,1779380555550593232,FULL
2957,2957,2975,9553945456000,10311452545000,1779380555582540126,1779380555584659329,FULL
2958,2958,2976,9553978777000,10311488639000,1779380555615676726,1779380555618364707,FULL
2959,2959,2977,9554012094000,10311524736000,1779380555655655255,1779380555651865699,FULL
2960,2960,2978,9554045414000,10311560829000,1779380555690679428,1779380555684317979,FULL
2961,2961,2979,9554078732000,10311596924000,1779380555722542634,1779380555717600232,FULL
2962,2962,2980,9554112058000,10311633019000,1779380555747973758,1779380555751996807,FULL
2963,2963,2981,9554145370000,10311669115000,1779380555777917003,1779380555785450670,FULL
2964,2964,2982,9554178688000,10311705210000,1779380555810832123,1779380555817310085,FULL
2965,2965,2983,9554212021000,10311741306000,1779380555836521542,1779380555850852687,FULL
2966,2966,2983,9554245323000,10311777399000,1779380555866756690,1779380555850852687,FULL
2967,2967,2985,9554278648000,10311813494000,1779380555904173468,1779380555917165177,FULL
2968,2968,2985,9554311967000,10311849589000,1779380555931517536,1779380555917165177,FULL
2969,2969,2986,9554345278000,10311885685000,1779380555965066076,1779380555950632502,FULL
2970,2970,2987,9554378595000,10311921779000,1779380555997891531,1779380555984993171,FULL
2971,2971,2988,9554411916000,10311957875000,1779380556032442950,1779380556017934057,FULL
2972,2972,2989,9554445240000,10311993970000,1779380556065206016,1779380556051395586,FULL
2973,2973,2990,9554478556000,10312030065000,1779380556099852804,1779380556084356490,FULL
2974,2974,2991,9554511882000,10312066160000,1779380556133592435,1779380556117120841,FULL
2975,2975,2992,9554545193000,10312102255000,1779380556166807257,1779380556150776034,FULL
2976,2976,2993,9554578509000,10312138350000,1779380556199020144,1779380556183748531,FULL
2977,2977,2995,9554611838000,10312174445000,1779380556232617721,1779380556244953033,FULL
2978,2978,2996,9554645152000,10312210540000,1779380556268878344,1779380556285889879,FULL
2979,2979,2997,9554678483000,10312246635000,1779380556301959815,1779380556318007773,FULL
2980,2980,2997,9554711803000,10312282730000,1779380556335061712,1779380556318007773,FULL
2981,2981,2998,9554745108000,10312318825000,1779380556367685002,1779380556352967010,FULL
2982,2982,2999,9554778423000,10312354920000,1779380556402490955,1779380556385618880,FULL
2983,2983,3000,9554811742000,10312391015000,1779380556434807434,1779380556434421761,FULL
2984,2984,3001,9554845058000,10312427110000,1779380556467946738,1779380556457769795,FULL
2985,2985,3003,9554878381000,10312463206000,1779380556501496370,1779380556517069519,FULL
2986,2986,3004,9554911696000,10312499300000,1779380556534292641,1779380556550211274,FULL
2987,2987,3005,9554945015000,10312535395000,1779380556568473156,1779380556583628396,FULL
2988,2988,3006,9554978336000,10312571490000,1779380556600821153,1779380556616772835,FULL
2989,2989,3006,9555011654000,10312607586000,1779380556633304500,1779380556616772835,FULL
2990,2990,3007,9555044968000,10312643681000,1779380556664861654,1779380556651147522,FULL
2991,2991,3008,9555078285000,10312679776000,1779380556698400435,1779380556683644950,FULL
2992,2992,3010,9555111606000,10312715871000,1779380556733869825,1779380556750358936,FULL
2993,2993,3010,9555144922000,10312751967000,1779380556764267972,1779380556750358936,FULL
2994,2994,3011,9555178241000,10312788061000,1779380556799006482,1779380556783671429,FULL
2995,2995,3012,9555211562000,10312824153000,1779380556830652708,1779380556817555010,FULL
2996,2996,3013,9555244877000,10312860248000,1779380556864026806,1779380556851295425,FULL
2997,2997,3015,9555278194000,10312896343000,1779380556897671604,1779380556901108426,FULL
2998,2998,3016,9555311511000,10312932438000,1779380556930663354,1779380556923744670,FULL
2999,2999,3017,9555344833000,10312968534000,1779380556964403226,1779380556955932693,FULL
3000,3000,3018,9555378149000,10313004629000,1779380557003583652,1779380556990742672,FULL
3001,3001,3019,9555411468000,10313040724000,1779380557033769208,1779380557022085703,FULL
3002,3002,3020,9555444786000,10313076820000,1779380557064052356,1779380557062704460,FULL
3003,3003,3021,9555478105000,10313112914000,1779380557096547130,1779380557091649514,FULL
3004,3004,3022,9555511423000,10313149008000,1779380557130130910,1779380557123870999,FULL
3005,3005,3023,9555544741000,10313185104000,1779380557163446045,1779380557155490509,FULL
3006,3006,3024,9555578060000,10313221198000,1779380557197136103,1779380557192021953,FULL
3007,3007,3025,9555611382000,10313257296000,1779380557230799457,1779380557228497453,FULL
3008,3008,3026,9555644698000,10313293388000,1779380557264132980,1779380557261643411,FULL
3009,3009,3027,9555678015000,10313329484000,1779380557297270080,1779380557294865757,FULL
3010,3010,3028,9555711334000,10313365578000,1779380557330571160,1779380557329286036,FULL
3011,3011,3029,9555744652000,10313401673000,1779380557363840611,1779380557361660798,FULL
3012,3012,3030,9555777970000,10313437768000,1779380557397197597,1779380557395590526,FULL
3013,3013,3031,9555811289000,10313473864000,1779380557430492881,1779380557428026639,FULL
3014,3014,3032,9555844608000,10313509958000,1779380557463937867,1779380557457921666,FULL
3015,3015,3033,9555877927000,10313546056000,1779380557497141947,1779380557493569266,FULL
3016,3016,3034,9555911244000,10313582152000,1779380557530457860,1779380557529032850,FULL
3017,3017,3035,9555944563000,10313618245000,1779380557563750699,1779380557562993948,FULL
3018,3018,3036,9555977881000,10313654339000,1779380557597077409,1779380557593758577,FULL
3019,3019,3037,9556011199000,10313690432000,1779380557630500913,1779380557622653947,FULL
3020,3020,3038,9556044519000,10313726528000,1779380557663796900,1779380557656874265,FULL
3021,3021,3039,9556077836000,10313762623000,1779380557697446125,1779380557691032621,FULL
3022,3022,3040,9556111160000,10313798718000,1779380557730736556,1779380557722174005,FULL
3023,3023,3041,9556144475000,10313834813000,1779380557763608752,1779380557755505943,FULL
3024,3024,3042,9556177793000,10313870908000,1779380557797626139,1779380557789512115,FULL
3025,3025,3043,9556211111000,10313907006000,1779380557830365150,1779380557822545241,FULL
3026,3026,3044,9556244431000,10313943098000,1779380557863626953,1779380557855773661,FULL
3027,3027,3045,9556277748000,10313979193000,1779380557896938884,1779380557889164154,FULL
3028,3028,3046,9556311066000,10314015288000,1779380557930895550,1779380557922486536,FULL
3029,3029,3047,9556344385000,10314051385000,1779380557963706690,1779380557955413311,FULL
3030,3030,3048,9556377704000,10314087478000,1779380557997532283,1779380557988612935,FULL
3031,3031,3049,9556411022000,10314123574000,1779380558030220443,1779380558022180000,FULL
3032,3032,3050,9556444341000,10314159671000,1779380558064258497,1779380558055492031,FULL
3033,3033,3051,9556477658000,10314195777000,1779380558096909880,1779380558088544212,FULL
3034,3034,3052,9556510977000,10314231868000,1779380558130868342,1779380558121693022,FULL
3035,3035,3053,9556544296000,10314267954000,1779380558164051386,1779380558155706638,FULL
3036,3036,3054,9556577615000,10314304057000,1779380558197187152,1779380558188670172,FULL
3037,3037,3055,9556610937000,10314340165000,1779380558230166254,1779380558221599076,FULL
3038,3038,3056,9556644252000,10314376250000,1779380558264846782,1779380558258248612,FULL
3039,3039,3057,9556677570000,10314412341000,1779380558296734155,1779380558287992140,FULL
3040,3040,3058,9556710888000,10314448435000,1779380558330140196,1779380558321104542,FULL
3041,3041,3059,9556744207000,10314484550000,1779380558366019175,1779380558353341898,FULL
3042,3042,3060,9556777525000,10314520623000,1779380558396710393,1779380558400222779,FULL
3043,3043,3061,9556810844000,10314556719000,1779380558430637615,1779380558424194918,FULL
3044,3044,3062,9556844163000,10314592817000,1779380558463631068,1779380558455280822,FULL
3045,3045,3063,9556877481000,10314628911000,1779380558497344458,1779380558486696667,FULL
3046,3046,3064,9556910801000,10314665013000,1779380558530020619,1779380558520206437,FULL
3047,3047,3065,9556944118000,10314701099000,1779380558565034218,1779380558552814048,FULL
3048,3048,3066,9556977437000,10314737192000,1779380558596625334,1779380558586150856,FULL
3049,3049,3067,9557010756000,10314773291000,1779380558630474297,1779380558621769512,FULL
3050,3050,3068,9557044075000,10314809387000,1779380558664897180,1779380558653299616,FULL
3051,3051,3069,9557077394000,10314845482000,1779380558697186270,1779380558687357639,FULL
3052,3052,3070,9557110711000,10314881578000,1779380558730885290,1779380558720678651,FULL
3053,3053,3071,9557144033000,10314917669000,1779380558763316435,1779380558753908145,FULL
3054,3054,3072,9557177347000,10314953789000,1779380558797053917,1779380558787082825,FULL
3055,3055,3073,9557210665000,10314989861000,1779380558829709096,1779380558820381597,FULL
3056,3056,3074,9557243984000,10315025953000,1779380558865340133,1779380558853952328,FULL
3057,3057,3075,9557277302000,10315062048000,1779380558897040008,1779380558887321377,FULL
3058,3058,3076,9557310621000,10315098149000,1779380558930437864,1779380558922736035,FULL
3059,3059,3077,9557343939000,10315134241000,1779380558963104895,1779380558953847494,FULL
3060,3060,3078,9557377258000,10315170336000,1779380559001188888,1779380558987122044,FULL
3061,3061,3079,9557410577000,10315206424000,1779380559031124373,1779380559020958773,FULL
3062,3062,3080,9557443894000,10315242520000,1779380559063173521,1779380559054586041,FULL
3063,3063,3081,9557477214000,10315278614000,1779380559095705905,1779380559088044848,FULL
3064,3064,3082,9557510531000,10315314710000,1779380559129433870,1779380559121374471,FULL
3065,3065,3083,9557543854000,10315350806000,1779380559162909763,1779380559154662538,FULL
3066,3066,3084,9557577170000,10315386899000,1779380559196460136,1779380559188140475,FULL
3067,3067,3085,9557610499000,10315422994000,1779380559229894696,1779380559222706641,FULL
3068,3068,3086,9557643809000,10315459093000,1779380559263669826,1779380559254545353,FULL
3069,3069,3087,9557677126000,10315495187000,1779380559296929166,1779380559287979845,FULL
3070,3070,3088,9557710446000,10315531280000,1779380559331432918,1779380559321338579,FULL
3071,3071,3089,9557743763000,10315567373000,1779380559367991779,1779380559354688868,FULL
3072,3072,3090,9557777088000,10315603470000,1779380559403258986,1779380559388013991,FULL
3073,3073,3091,9557810406000,10315639563000,1779380559432357406,1779380559421316355,FULL
3074,3074,3092,9557843724000,10315675658000,1779380559462706998,1779380559454850420,FULL
3075,3075,3093,9557877037000,10315711755000,1779380559498141741,1779380559487689955,FULL
3076,3076,3094,9557910362000,10315747849000,1779380559530820661,1779380559521126355,FULL
3077,3077,3095,9557943682000,10315783944000,1779380559565590244,1779380559554565236,FULL
3078,3078,3096,9557976993000,10315820040000,1779380559596628865,1779380559587909507,FULL
3079,3079,3097,9558010312000,10315856135000,1779380559630016130,1779380559621180909,FULL
3080,3080,3098,9558043634000,10315892230000,1779380559663084878,1779380559656686010,FULL
3081,3081,3099,9558076949000,10315928323000,1779380559701474053,1779380559687829043,FULL
3082,3082,3100,9558110271000,10315964419000,1779380559732424509,1779380559721895381,FULL
3083,3083,3101,9558143592000,10316000514000,1779380559764941801,1779380559754380661,FULL
3084,3084,3102,9558176908000,10316036611000,1779380559797575443,1779380559787545007,FULL
3085,3085,3103,9558210223000,10316072707000,1779380559829752016,1779380559821118295,FULL
3086,3086,3104,9558243540000,10316108803000,1779380559865082223,1779380559854344807,FULL
3087,3087,3105,9558276861000,10316144894000,1779380559898919168,1779380559890648198,FULL
3088,3088,3106,9558310178000,10316180990000,1779380559933823305,1779380559921730102,FULL
3089,3089,3107,9558343504000,10316217085000,1779380559963413720,1779380559954554841,FULL
3090,3090,3108,9558376815000,10316253179000,1779380559996715318,1779380559987605929,FULL
3091,3091,3109,9558410136000,10316289275000,1779380560031804064,1779380560023639526,FULL
3092,3092,3110,9558443485000,10316325371000,1779380560063272848,1779380560057537625,FULL
3093,3093,3111,9558476775000,10316361466000,1779380560096733501,1779380560090472641,FULL
3094,3094,3112,9558510092000,10316397560000,1779380560129147978,1779380560123462730,FULL
3095,3095,3113,9558543408000,10316433655000,1779380560163129107,1779380560157866416,FULL
3096,3096,3114,9558576727000,10316469750000,1779380560197440361,1779380560187739313,FULL
3097,3097,3115,9558610044000,10316505846000,1779380560229613453,1779380560222271740,FULL
3098,3098,3116,9558643362000,10316541939000,1779380560262689905,1779380560257795453,FULL
3099,3099,3117,9558676683000,10316578035000,1779380560296343722,1779380560289015799,FULL
3100,3100,3118,9558710000000,10316614134000,1779380560329087511,1779380560321939260,FULL
3101,3101,3119,9558743320000,10316650225000,1779380560362980492,1779380560355070477,FULL
3102,3102,3120,9558776636000,10316686320000,1779380560396411200,1779380560405152346,FULL
3103,3103,3121,9558809954000,10316722414000,1779380560429537393,1779380560427967218,FULL
3104,3104,3122,9558843273000,10316758509000,1779380560462421644,1779380560457412212,FULL
3105,3105,3123,9558876592000,10316794605000,1779380560496157330,1779380560489909362,FULL
3106,3106,3124,9558909910000,10316830699000,1779380560528948989,1779380560522426622,FULL
3107,3107,3125,9558943230000,10316866795000,1779380560563188689,1779380560555257398,FULL
3108,3108,3126,9558976548000,10316902890000,1779380560595558408,1779380560589543900,FULL
3109,3109,3127,9559009865000,10316938988000,1779380560629572869,1779380560620327400,FULL
3110,3110,3128,9559043183000,10316975082000,1779380560663107373,1779380560652388942,FULL
3111,3111,3129,9559076504000,10317011176000,1779380560695793422,1779380560686680723,FULL
3112,3112,3130,9559109822000,10317047272000,1779380560729710440,1779380560720203733,FULL
3113,3113,3131,9559143140000,10317083366000,1779380560762719893,1779380560753349894,FULL
3114,3114,3132,9559176460000,10317119465000,1779380560796294618,1779380560786532815,FULL
3115,3115,3133,9559209777000,10317155575000,1779380560834573294,1779380560819947252,FULL
3116,3116,3135,9559243095000,10317191670000,1779380560879670418,1779380560886470592,FULL
3117,3117,3136,9559276414000,10317227748000,1779380560914348243,1779380560919765659,FULL
3118,3118,3137,9559309734000,10317263841000,1779380560946518945,1779380560953338613,FULL
3119,3119,3138,9559343052000,10317299943000,1779380560980705294,1779380560987417747,FULL
3120,3120,3139,9559376371000,10317336031000,1779380561026830814,1779380561020937331,FULL
3121,3121,3140,9559409689000,10317372125000,1779380561048391053,1779380561054723709,FULL
3122,3122,3141,9559443008000,10317408223000,1779380561081576523,1779380561087418857,FULL
3123,3123,3142,9559476327000,10317444342000,1779380561111881430,1779380561120609000,FULL
3124,3124,3143,9559509645000,10317480414000,1779380561145665709,1779380561153863494,FULL
3125,3125,3144,9559542963000,10317516508000,1779380561178888678,1779380561187186006,FULL
3126,3126,3145,9559576282000,10317552612000,1779380561212180203,1779380561220579257,FULL
3127,3127,3146,9559609601000,10317588696000,1779380561245384024,1779380561253842307,FULL
3128,3128,3147,9559642919000,10317624800000,1779380561279854758,1779380561287113375,FULL
3129,3129,3148,9559676239000,10317660887000,1779380561313101135,1779380561320487775,FULL
3130,3130,3149,9559709556000,10317696981000,1779380561347906366,1779380561353842102,FULL
3131,3131,3150,9559742875000,10317733074000,1779380561379983088,1779380561387290927,FULL
3132,3132,3151,9559776193000,10317769171000,1779380561412994967,1779380561420531125,FULL
3133,3133,3152,9559809511000,10317805267000,1779380561448880687,1779380561453833100,FULL
3134,3134,3153,9559842830000,10317841360000,1779380561479742847,1779380561487473794,FULL
3135,3135,3154,9559876149000,10317877456000,1779380561514438765,1779380561520624141,FULL
3136,3136,3155,9559909467000,10317913552000,1779380561546679189,1779380561554347741,FULL
3137,3137,3156,9559942785000,10317949647000,1779380561583533991,1779380561587088444,FULL
3138,3138,3157,9559976106000,10317985740000,1779380561617317010,1779380561620492418,FULL
3139,3139,3158,9560009424000,10318021836000,1779380561648520167,1779380561653824393,FULL
3140,3140,3159,9560042743000,10318057931000,1779380561681822302,1779380561687951490,FULL
3141,3141,3160,9560076060000,10318094026000,1779380561715139530,1779380561720705081,FULL
3142,3142,3161,9560109379000,10318130120000,1779380561751898593,1779380561753364747,FULL
3143,3143,3162,9560142696000,10318166215000,1779380561781987613,1779380561789300697,FULL
3144,3144,3163,9560176017000,10318202312000,1779380561818140015,1779380561820501304,FULL
3145,3145,3164,9560209333000,10318238407000,1779380561850131886,1779380561853930518,FULL
3146,3146,3165,9560242652000,10318274503000,1779380561882568883,1779380561894245037,FULL
3147,3147,3165,9560275970000,10318310598000,1779380561914671882,1779380561894245037,FULL
3148,3148,3166,9560309288000,10318346694000,1779380561946217017,1779380561948212849,FULL
3149,3149,3167,9560342607000,10318382788000,1779380561979531208,1779380561981730156,FULL
3150,3150,3168,9560375926000,10318418883000,1779380562013798167,1779380562015178111,FULL
3151,3151,3169,9560409244000,10318454979000,1779380562047458020,1779380562048547011,FULL
3152,3152,3170,9560442565000,10318491073000,1779380562079630631,1779380562081751543,FULL
3153,3153,3171,9560475882000,10318527166000,1779380562113545556,1779380562115061277,FULL
3154,3154,3172,9560509200000,10318563262000,1779380562146118384,1779380562148340345,FULL
3155,3155,3173,9560542519000,10318599357000,1779380562180514897,1779380562182057853,FULL
3156,3156,3174,9560575839000,10318635454000,1779380562212522268,1779380562215046127,FULL
3157,3157,3175,9560609155000,10318671551000,1779380562246810985,1779380562248387824,FULL
3158,3158,3176,9560642474000,10318707643000,1779380562280756799,1779380562284294607,FULL
3159,3159,3177,9560675792000,10318743738000,1779380562312678004,1779380562314927775,FULL
3160,3160,3178,9560709110000,10318779834000,1779380562348072637,1779380562348257601,FULL
3161,3161,3179,9560742430000,10318815933000,1779380562379442107,1779380562383766407,FULL
3162,3162,3180,9560775748000,10318852023000,1779380562413393346,1779380562433663352,FULL
3163,3163,3181,9560809066000,10318888122000,1779380562446924442,1779380562455533344,FULL
3164,3164,3182,9560842385000,10318924211000,1779380562482346741,1779380562482565509,FULL
3165,3165,3183,9560875704000,10318960308000,1779380562516695180,1779380562509058402,FULL
3166,3166,3184,9560909022000,10318996402000,1779380562548332703,1779380562548351560,FULL
3167,3167,3185,9560942342000,10319032497000,1779380562584298403,1779380562573593650,FULL
3168,3168,3186,9560975661000,10319068591000,1779380562612452722,1779380562614922899,FULL
3169,3169,3187,9561008977000,10319104687000,1779380562647934853,1779380562648113653,FULL
3170,3170,3188,9561042294000,10319140782000,1779380562686798134,1779380562683794346,FULL
3171,3171,3189,9561075616000,10319176879000,1779380562717245262,1779380562714815917,FULL
3172,3172,3190,9561108933000,10319212974000,1779380562749372206,1779380562748095392,FULL
3173,3173,3191,9561142254000,10319249068000,1779380562779516856,1779380562781515829,FULL
3174,3174,3192,9561175572000,10319285163000,1779380562813611224,1779380562814800212,FULL
3175,3175,3193,9561208888000,10319321257000,1779380562846427031,1779380562848234167,FULL
3176,3176,3194,9561242206000,10319357352000,1779380562881703127,1779380562881413643,FULL
3177,3177,3195,9561275525000,10319393447000,1779380562912331846,1779380562914997431,FULL
3178,3178,3196,9561308844000,10319429542000,1779380562946573508,1779380562948261499,FULL
3179,3179,3197,9561342162000,10319465638000,1779380562981250851,1779380562981369735,FULL
3180,3180,3198,9561375480000,10319501734000,1779380563025915091,1779380563016649154,FULL
3181,3181,3199,9561408798000,10319537830000,1779380563047423052,1779380563048733603,FULL
3182,3182,3200,9561442114000,10319573923000,1779380563079874511,1779380563081312789,FULL
3183,3183,3201,9561475437000,10319610016000,1779380563111399295,1779380563115546107,FULL
3184,3184,3202,9561508754000,10319646112000,1779380563144759615,1779380563148824916,FULL
3185,3185,3203,9561542073000,10319682207000,1779380563177690921,1779380563182217871,FULL
3186,3186,3204,9561575391000,10319718302000,1779380563209348981,1779380563214791039,FULL
3187,3187,3205,9561608709000,10319754397000,1779380563242253009,1779380563248016403,FULL
3188,3188,3206,9561642027000,10319790491000,1779380563279437789,1779380563281338656,FULL
3189,3189,3207,9561675348000,10319826588000,1779380563312198208,1779380563319253623,FULL
3190,3190,3208,9561708665000,10319862682000,1779380563345154624,1779380563349339055,FULL
3191,3191,3209,9561741986000,10319898777000,1779380563379316714,1779380563382385144,FULL
3192,3192,3210,9561775302000,10319934872000,1779380563411917319,1779380563416600703,FULL
3193,3193,3211,9561808620000,10319970966000,1779380563445084178,1779380563447959808,FULL
3194,3194,3212,9561841939000,10320007062000,1779380563478414091,1779380563481175395,FULL
3195,3195,3213,9561875256000,10320043156000,1779380563512938751,1779380563514995939,FULL
3196,3196,3214,9561908576000,10320079255000,1779380563545405876,1779380563547740623,FULL
3197,3197,3215,9561941894000,10320115349000,1779380563579319635,1779380563581098542,FULL
3198,3198,3216,9561975212000,10320151446000,1779380563611871167,1779380563614537867,FULL
3199,3199,3217,9562008531000,10320187537000,1779380563646064571,1779380563647693048,FULL
3200,3200,3218,9562041850000,10320223633000,1779380563679781276,1779380563681102077,FULL
3201,3201,3219,9562075169000,10320259727000,1779380563714424731,1779380563714606328,FULL
3202,3202,3220,9562108486000,10320295822000,1779380563746411639,1779380563747697453,FULL
3203,3203,3221,9562141805000,10320331918000,1779380563778334085,1779380563781076576,FULL
3204,3204,3222,9562175123000,10320368011000,1779380563815332071,1779380563815105173,FULL
3205,3205,3223,9562208441000,10320404110000,1779380563846991908,1779380563848108411,FULL
3206,3206,3224,9562241761000,10320440202000,1779380563879970121,1779380563880991260,FULL
3207,3207,3225,9562275079000,10320476297000,1779380563911603422,1779380563914347938,FULL
3208,3208,3226,9562308398000,10320512393000,1779380563945691253,1779380563947629673,FULL
3209,3209,3227,9562341716000,10320548488000,1779380563979047147,1779380563981097961,FULL
3210,3210,3228,9562375034000,10320584583000,1779380564012375708,1779380564014639267,FULL
3211,3211,3229,9562408353000,10320620678000,1779380564045546881,1779380564047780225,FULL
3212,3212,3230,9562441671000,10320656775000,1779380564083031695,1779380564081058478,FULL
3213,3213,3231,9562474990000,10320692873000,1779380564115727485,1779380564114356120,FULL
3214,3214,3232,9562508309000,10320728975000,1779380564149193934,1779380564148183516,FULL
3215,3215,3233,9562541631000,10320765061000,1779380564169249614,1779380564181037773,FULL
3216,3216,3234,9562574944000,10320801155000,1779380564197707615,1779380564214246619,FULL
3217,3217,3234,9562608268000,10320837259000,1779380564229008160,1779380564214246619,FULL
3218,3218,3236,9562641595000,10320873344000,1779380564282262606,1779380564280702663,FULL
3219,3219,3237,9562674906000,10320909438000,1779380564300686526,1779380564314262747,FULL
3220,3220,3237,9562708221000,10320945533000,1779380564329768057,1779380564314262747,FULL
3221,3221,3239,9562741552000,10320981628000,1779380564365578110,1779380564380727291,FULL
3222,3222,3239,9562774867000,10321017723000,1779380564397064246,1779380564380727291,FULL
3223,3223,3240,9562808178000,10321053818000,1779380564430078681,1779380564428854345,FULL
3224,3224,3241,9562841505000,10321089912000,1779380564463777553,1779380564450441785,FULL
3225,3225,3243,9562874831000,10321126012000,1779380564505532878,1779380564507174034,FULL
3226,3226,3244,9562908129000,10321162105000,1779380564546372842,1779380564546029771,FULL
3227,3227,3245,9562941455000,10321198200000,1779380564575233098,1779380564570417869,FULL
3228,3228,3246,9562974770000,10321234294000,1779380564595582535,1779380564605507864,FULL
3229,3229,3246,9563008085000,10321270388000,1779380564627554239,1779380564605507864,FULL
3230,3230,3247,9563041402000,10321306484000,1779380564660299751,1779380564649602049,FULL
3231,3231,3248,9563074720000,10321342578000,1779380564694173714,1779380564681613240,FULL
3232,3232,3249,9563108040000,10321378673000,1779380564727881159,1779380564716292017,FULL
3233,3233,3250,9563141358000,10321414768000,1779380564760827261,1779380564747891842,FULL
3234,3234,3251,9563174675000,10321450863000,1779380564794164952,1779380564780759784,FULL
3235,3235,3252,9563207994000,10321486958000,1779380564827502642,1779380564814086851,FULL
3236,3236,3253,9563241313000,10321523053000,1779380564860359190,1779380564847493844,FULL
3237,3237,3254,9563274631000,10321559147000,1779380564894445761,1779380564880780375,FULL
3238,3238,3255,9563307952000,10321595242000,1779380564927493140,1779380564914091535,FULL
3239,3239,3256,9563341267000,10321631338000,1779380564960185226,1779380564947471435,FULL
3240,3240,3258,9563374586000,10321667433000,1779380564999091655,1779380565014126588,FULL
3241,3241,3258,9563407905000,10321703528000,1779380565029070640,1779380565014126588,FULL
3242,3242,3259,9563441225000,10321739625000,1779380565060825051,1779380565049016659,FULL
3243,3243,3260,9563474542000,10321775718000,1779380565093108567,1779380565080763612,FULL
3244,3244,3261,9563507860000,10321811813000,1779380565127290434,1779380565114132383,FULL
3245,3245,3262,9563541180000,10321847909000,1779380565159712300,1779380565147426080,FULL
3246,3246,3263,9563574498000,10321884003000,1779380565193051398,1779380565180752888,FULL
3247,3247,3264,9563607819000,10321920098000,1779380565228719028,1779380565216877133,FULL
3248,3248,3265,9563641136000,10321956193000,1779380565260055980,1779380565248825861,FULL
3249,3249,3266,9563674453000,10321992292000,1779380565293304134,1779380565281446880,FULL
3250,3250,3267,9563707772000,10322028385000,1779380565326947173,1779380565316120360,FULL
3251,3251,3268,9563741096000,10322064480000,1779380565362793634,1779380565347243708,FULL
3252,3252,3269,9563774411000,10322100576000,1779380565393305724,1779380565380953253,FULL
3253,3253,3270,9563807728000,10322136668000,1779380565427534461,1779380565413803400,FULL
3254,3254,3271,9563841050000,10322172763000,1779380565460926355,1779380565447270280,FULL
3255,3255,3272,9563874366000,10322208857000,1779380565493821124,1779380565482849345,FULL
3256,3256,3274,9563907685000,10322244954000,1779380565530604723,1779380565546959411,FULL
3257,3257,3274,9563941014000,10322281049000,1779380565562677927,1779380565546959411,FULL
3258,3258,3275,9563974329000,10322317144000,1779380565594936906,1779380565580397478,FULL
3259,3259,3276,9564007642000,10322353239000,1779380565627757139,1779380565613847303,FULL
3260,3260,3277,9564040957000,10322389334000,1779380565662385316,1779380565647238648,FULL
3261,3261,3279,9564074278000,10322425428000,1779380565699655633,1779380565713846598,FULL
3262,3262,3280,9564107598000,10322461524000,1779380565730799494,1779380565747078222,FULL
3263,3263,3281,9564140920000,10322497619000,1779380565764182888,1779380565780394308,FULL
3264,3264,3281,9564174238000,10322533713000,1779380565797038546,1779380565780394308,FULL
3265,3265,3283,9564207555000,10322569809000,1779380565830659475,1779380565846997295,FULL
3266,3266,3283,9564240877000,10322605905000,1779380565863990499,1779380565846997295,FULL
3267,3267,3284,9564274192000,10322641999000,1779380565896872527,1779380565881469777,FULL
3268,3268,3286,9564307513000,10322678093000,1779380565930707731,1779380565946922534,FULL
3269,3269,3287,9564340827000,10322714189000,1779380565964003422,1779380565980636561,FULL
3270,3270,3287,9564374147000,10322750283000,1779380565996779378,1779380565980636561,FULL
3271,3271,3289,9564407469000,10322786378000,1779380566030593359,1779380566047069513,FULL
3272,3272,3289,9564440784000,10322822474000,1779380566062078847,1779380566047069513,FULL
3273,3273,3290,9564474100000,10322858569000,1779380566093895442,1779380566080208564,FULL
3274,3274,3291,9564507416000,10322894664000,1779380566126739564,1779380566113765110,FULL
3275,3275,3292,9564540736000,10322930762000,1779380566160756395,1779380566146882013,FULL
3276,3276,3293,9564574053000,10322966856000,1779380566194037827,1779380566180266043,FULL
3277,3277,3294,9564607371000,10323002968000,1779380566228159750,1779380566213837108,FULL
3278,3278,3295,9564640692000,10323039046000,1779380566260894188,1779380566247381025,FULL
3279,3279,3296,9564674007000,10323075144000,1779380566293744161,1779380566281745990,FULL
3280,3280,3298,9564707328000,10323111234000,1779380566327149925,1779380566330563945,FULL
3281,3281,3299,9564740645000,10323147330000,1779380566360187508,1779380566353224837,FULL
3282,3282,3300,9564773963000,10323183424000,1779380566393012092,1779380566397577317,FULL
3283,3283,3301,9564807280000,10323219519000,1779380566426801500,1779380566422002340,FULL
3284,3284,3302,9564840599000,10323255614000,1779380566459824324,1779380566454309936,FULL
3285,3285,3303,9564873921000,10323291709000,1779380566493350716,1779380566484869401,FULL
3286,3286,3304,9564907236000,10323327804000,1779380566526665296,1779380566518632168,FULL
3287,3287,3305,9564940556000,10323363898000,1779380566560027134,1779380566552225788,FULL
3288,3288,3306,9564973872000,10323399997000,1779380566592741905,1779380566583699244,FULL
3289,3289,3307,9565007191000,10323436096000,1779380566626688552,1779380566617101532,FULL
3290,3290,3308,9565040511000,10323472184000,1779380566660707254,1779380566652448617,FULL
3291,3291,3309,9565073827000,10323508279000,1779380566692676718,1779380566686824138,FULL
3292,3292,3310,9565107147000,10323544374000,1779380566726902640,1779380566725515338,FULL
3293,3293,3311,9565140468000,10323580469000,1779380566761925554,1779380566757703158,FULL
3294,3294,3312,9565173792000,10323616565000,1779380566793265376,1779380566792154399,FULL
3295,3295,3313,9565207103000,10323652660000,1779380566825992333,1779380566826811750,FULL
3296,3296,3314,9565240422000,10323688754000,1779380566859879591,1779380566859075791,FULL
3297,3297,3315,9565273740000,10323724849000,1779380566892720195,1779380566889906049,FULL
3298,3298,3316,9565307059000,10323760944000,1779380566926619731,1779380566927078579,FULL
3299,3299,3317,9565340379000,10323797040000,1779380566959752572,1779380566958976938,FULL
3300,3300,3318,9565373700000,10323833135000,1779380566998398226,1779380566989921547,FULL
3301,3301,3319,9565407014000,10323869230000,1779380567028280711,1779380567024495954,FULL
3302,3302,3320,9565440334000,10323905328000,1779380567061943491,1779380567054550646,FULL
3303,3303,3321,9565473651000,10323941419000,1779380567092224380,1779380567085598995,FULL
3304,3304,3322,9565506970000,10323977513000,1779380567125272055,1779380567122147123,FULL
3305,3305,3323,9565540288000,10324013610000,1779380567158778392,1779380567157246118,FULL
3306,3306,3324,9565573608000,10324049705000,1779380567192164897,1779380567185444661,FULL
3307,3307,3325,9565606925000,10324085800000,1779380567225690715,1779380567220856393,FULL
3308,3308,3326,9565640243000,10324121894000,1779380567259980099,1779380567252101222,FULL
3309,3309,3327,9565673562000,10324157990000,1779380567292571113,1779380567288732683,FULL
3310,3310,3328,9565706880000,10324194086000,1779380567325980969,1779380567318572932,FULL
3311,3311,3329,9565740200000,10324230181000,1779380567359197864,1779380567353063063,FULL
3312,3312,3330,9565773517000,10324266280000,1779380567392515055,1779380567385436806,FULL
3313,3313,3331,9565806836000,10324302373000,1779380567425897504,1779380567420965630,FULL
3314,3314,3332,9565840155000,10324338468000,1779380567459149270,1779380567452117626,FULL
3315,3315,3333,9565873474000,10324374563000,1779380567492880308,1779380567486208000,FULL
3316,3316,3334,9565906801000,10324410658000,1779380567525851540,1779380567518427597,FULL
3317,3317,3335,9565940110000,10324446750000,1779380567559042102,1779380567552253956,FULL
3318,3318,3336,9565973429000,10324482843000,1779380567593934443,1779380567585033528,FULL
3319,3319,3337,9566006751000,10324518939000,1779380567626103775,1779380567619154847,FULL
3320,3320,3338,9566040068000,10324555033000,1779380567660063404,1779380567653009799,FULL
3321,3321,3339,9566073386000,10324591128000,1779380567693340428,1779380567685511430,FULL
3322,3322,3340,9566106702000,10324627223000,1779380567726383400,1779380567718835201,FULL
3323,3323,3341,9566140023000,10324663325000,1779380567760046661,1779380567751453219,FULL
3324,3324,3342,9566173339000,10324699415000,1779380567792915764,1779380567785531446,FULL
3325,3325,3343,9566206658000,10324735508000,1779380567826327027,1779380567818054521,FULL
3326,3326,3344,9566239976000,10324771605000,1779380567858945151,1779380567852269136,FULL
3327,3327,3345,9566273295000,10324807701000,1779380567892822873,1779380567884793692,FULL
3328,3328,3346,9566306612000,10324843801000,1779380567926351284,1779380567918205259,FULL
3329,3329,3347,9566339934000,10324879890000,1779380567958889613,1779380567952282078,FULL
3330,3330,3348,9566373250000,10324915988000,1779380567993162719,1779380567984749469,FULL
3331,3331,3349,9566406572000,10324952078000,1779380568025678566,1779380568018880973,FULL
3332,3332,3350,9566439888000,10324988174000,1779380568059814193,1779380568051594213,FULL
3333,3333,3351,9566473207000,10325024280000,1779380568092885442,1779380568084767523,FULL
3334,3334,3352,9566506526000,10325060370000,1779380568125898488,1779380568118854990,FULL
3335,3335,3353,9566539846000,10325096466000,1779380568159458769,1779380568152245927,FULL
3336,3336,3354,9566573161000,10325132567000,1779380568192905791,1779380568184737910,FULL
3337,3337,3355,9566606482000,10325168659000,1779380568225676654,1779380568220596712,FULL
3338,3338,3356,9566639798000,10325204754000,1779380568259283990,1779380568252878660,FULL
3339,3339,3357,9566673116000,10325240844000,1779380568298670025,1779380568285982359,FULL
3340,3340,3358,9566706445000,10325276937000,1779380568326609457,1779380568318526064,FULL
3341,3341,3359,9566739759000,10325313038000,1779380568360173701,1779380568354571883,FULL
3342,3342,3360,9566773079000,10325349132000,1779380568395537000,1779380568396597681,FULL
3343,3343,3361,9566806407000,10325385220000,1779380568429394796,1779380568420381378,FULL
3344,3344,3362,9566839712000,10325421315000,1779380568459175357,1779380568452283088,FULL
3345,3345,3363,9566873028000,10325457410000,1779380568492902229,1779380568483447047,FULL
3346,3346,3364,9566906347000,10325493505000,1779380568526019977,1779380568515831790,FULL
3347,3347,3365,9566939665000,10325529599000,1779380568559331816,1779380568549106840,FULL
3348,3348,3366,9566972983000,10325565695000,1779380568593794143,1779380568582693238,FULL
3349,3349,3367,9567006302000,10325601796000,1779380568626131196,1779380568616008324,FULL
3350,3350,3368,9567039625000,10325637885000,1779380568659572829,1779380568651070078,FULL
3351,3351,3369,9567072940000,10325673980000,1779380568692594931,1779380568683695356,FULL
3352,3352,3370,9567106258000,10325710075000,1779380568725571829,1779380568716718019,FULL
3353,3353,3371,9567139579000,10325746171000,1779380568759942379,1779380568751199464,FULL
3354,3354,3372,9567172899000,10325782265000,1779380568794177301,1779380568783812094,FULL
3355,3355,3373,9567206218000,10325818361000,1779380568827191569,1779380568816836979,FULL
3356,3356,3374,9567239546000,10325854456000,1779380568862853883,1779380568850762485,FULL
3357,3357,3375,9567272854000,10325890550000,1779380568891704324,1779380568884256829,FULL
3358,3358,3376,9567306168000,10325926645000,1779380568927850004,1779380568917607877,FULL
3359,3359,3377,9567339497000,10325962741000,1779380568963808352,1779380568951199461,FULL
3360,3360,3379,9567372811000,10325998835000,1779380569002347952,1779380569017678097,FULL
3361,3361,3379,9567406126000,10326034930000,1779380569030080738,1779380569017678097,FULL
3362,3362,3380,9567439446000,10326071027000,1779380569061331079,1779380569050991276,FULL
3363,3363,3381,9567472767000,10326107121000,1779380569098795783,1779380569084273770,FULL
3364,3364,3382,9567506093000,10326143216000,1779380569125404210,1779380569117857742,FULL
3365,3365,3383,9567539405000,10326179311000,1779380569166279266,1779380569151546158,FULL
3366,3366,3385,9567572720000,10326215406000,1779380569210048848,1779380569217832259,FULL
3367,3367,3386,9567606042000,10326251501000,1779380569242622454,1779380569251881449,FULL
3368,3368,3386,9567639358000,10326287595000,1779380569267911895,1779380569251881449,FULL
3369,3369,3387,9567672673000,10326323691000,1779380569294272214,1779380569284274748,FULL
3370,3370,3388,9567706004000,10326359786000,1779380569327085150,1779380569317700333,FULL
