EventWall_ns,RowType,Sink_Index,Sink_WallClock_ns,HQ_Index,HQ_WallClock_ns,WallTimeDifference_ns,WallTimeDifference_ms
1779367020385900037,SINK_ONLY,0,1779367020385900037,,,,
1779367020419338513,SINK_ONLY,1,1779367020419338513,,,,
1779367020459064888,SINK_ONLY,2,1779367020459064888,,,,
1779367020491049211,SINK_ONLY,3,1779367020491049211,,,,
1779367020527709274,SINK_ONLY,4,1779367020527709274,,,,
1779367020564975334,SINK_ONLY,5,1779367020564975334,,,,
1779367020602351571,SINK_ONLY,6,1779367020602351571,,,,
1779367020637256238,SINK_ONLY,7,1779367020637256238,,,,
1779367020672693275,SINK_ONLY,8,1779367020672693275,,,,
1779367020709052938,SINK_ONLY,9,1779367020709052938,,,,
1779367020745605894,SINK_ONLY,10,1779367020745605894,,,,
1779367020781566374,SINK_ONLY,11,1779367020781566374,,,,
1779367020817597853,SINK_ONLY,12,1779367020817597853,,,,
1779367020857279912,SINK_ONLY,13,1779367020857279912,,,,
1779367020889509064,SINK_ONLY,14,1779367020889509064,,,,
1779367020925552920,SINK_ONLY,15,1779367020925552920,,,,
1779367020962634976,SINK_ONLY,16,1779367020962634976,,,,
1779367020996212458,SINK_ONLY,17,1779367020996212458,,,,
1779367021033141847,SINK_ONLY,18,1779367021033141847,,,,
1779367021068328357,SINK_ONLY,19,1779367021068328357,,,,
1779367021105265569,SINK_ONLY,20,1779367021105265569,,,,
1779367021141101107,SINK_ONLY,21,1779367021141101107,,,,
1779367021178256929,SINK_ONLY,22,1779367021178256929,,,,
1779367021214388333,SINK_ONLY,23,1779367021214388333,,,,
1779367021249026765,SINK_ONLY,24,1779367021249026765,,,,
1779367021287040073,SINK_ONLY,25,1779367021287040073,,,,
1779367021321745971,SINK_ONLY,26,1779367021321745971,,,,
1779367021356916974,SINK_ONLY,27,1779367021356916974,,,,
1779367021393793239,SINK_ONLY,28,1779367021393793239,,,,
1779367021429259366,SINK_ONLY,29,1779367021429259366,,,,
1779367021466520731,SINK_ONLY,30,1779367021466520731,,,,
1779367021501929522,SINK_ONLY,31,1779367021501929522,,,,
1779367021537474290,SINK_ONLY,32,1779367021537474290,,,,
1779367021574205551,SINK_ONLY,33,1779367021574205551,,,,
1779367021610498972,SINK_ONLY,34,1779367021610498972,,,,
1779367021646433714,SINK_ONLY,35,1779367021646433714,,,,
1779367021681865916,SINK_ONLY,36,1779367021681865916,,,,
1779367021719497897,SINK_ONLY,37,1779367021719497897,,,,
1779367021756368344,SINK_ONLY,38,1779367021756368344,,,,
1779367021793390617,SINK_ONLY,39,1779367021793390617,,,,
1779367021829292157,SINK_ONLY,40,1779367021829292157,,,,
1779367021864878412,SINK_ONLY,41,1779367021864878412,,,,
1779367021901561927,SINK_ONLY,42,1779367021901561927,,,,
1779367021940668624,SINK_ONLY,43,1779367021940668624,,,,
1779367021975742449,SINK_ONLY,44,1779367021975742449,,,,
1779367022011740224,SINK_ONLY,45,1779367022011740224,,,,
1779367022047388449,SINK_ONLY,46,1779367022047388449,,,,
1779367022083074168,SINK_ONLY,47,1779367022083074168,,,,
1779367022120908367,SINK_ONLY,48,1779367022120908367,,,,
1779367022153650571,SINK_ONLY,49,1779367022153650571,,,,
1779367022194075044,SINK_ONLY,50,1779367022194075044,,,,
1779367022224858449,SINK_ONLY,51,1779367022224858449,,,,
1779367022259476478,SINK_ONLY,52,1779367022259476478,,,,
1779367022296175099,SINK_ONLY,53,1779367022296175099,,,,
1779367022331477825,SINK_ONLY,54,1779367022331477825,,,,
1779367022368934408,SINK_ONLY,55,1779367022368934408,,,,
1779367022404541005,SINK_ONLY,56,1779367022404541005,,,,
1779367022439793618,SINK_ONLY,57,1779367022439793618,,,,
1779367022476691169,SINK_ONLY,58,1779367022476691169,,,,
1779367022512238965,SINK_ONLY,59,1779367022512238965,,,,
1779367022555705797,SINK_ONLY,60,1779367022555705797,,,,
1779367022587088236,SINK_ONLY,61,1779367022587088236,,,,
1779367022621119167,SINK_ONLY,62,1779367022621119167,,,,
1779367022655687824,SINK_ONLY,63,1779367022655687824,,,,
1779367022691833673,SINK_ONLY,64,1779367022691833673,,,,
1779367022727886537,SINK_ONLY,65,1779367022727886537,,,,
1779367022763896890,SINK_ONLY,66,1779367022763896890,,,,
1779367022800294750,SINK_ONLY,67,1779367022800294750,,,,
1779367022836411911,SINK_ONLY,68,1779367022836411911,,,,
1779367022872689964,SINK_ONLY,69,1779367022872689964,,,,
1779367022908804336,SINK_ONLY,70,1779367022908804336,,,,
1779367022946606899,SINK_ONLY,71,1779367022946606899,,,,
1779367022981271511,SINK_ONLY,72,1779367022981271511,,,,
1779367023017449839,SINK_ONLY,73,1779367023017449839,,,,
1779367023053417702,SINK_ONLY,74,1779367023053417702,,,,
1779367023089475782,SINK_ONLY,75,1779367023089475782,,,,
1779367023125968613,SINK_ONLY,76,1779367023125968613,,,,
1779367023161710845,SINK_ONLY,77,1779367023161710845,,,,
1779367023197830273,SINK_ONLY,78,1779367023197830273,,,,
1779367023233935517,SINK_ONLY,79,1779367023233935517,,,,
1779367023271301523,SINK_ONLY,80,1779367023271301523,,,,
1779367023305988744,SINK_ONLY,81,1779367023305988744,,,,
1779367023342100588,SINK_ONLY,82,1779367023342100588,,,,
1779367023378278234,SINK_ONLY,83,1779367023378278234,,,,
1779367023415043861,SINK_ONLY,84,1779367023415043861,,,,
1779367023451118732,SINK_ONLY,85,1779367023451118732,,,,
1779367023487685108,SINK_ONLY,86,1779367023487685108,,,,
1779367023524007878,SINK_ONLY,87,1779367023524007878,,,,
1779367023558856694,SINK_ONLY,88,1779367023558856694,,,,
1779367023594782589,SINK_ONLY,89,1779367023594782589,,,,
1779367023631660660,SINK_ONLY,90,1779367023631660660,,,,
1779367023666949785,SINK_ONLY,91,1779367023666949785,,,,
1779367023703806109,SINK_ONLY,92,1779367023703806109,,,,
1779367023739149600,SINK_ONLY,93,1779367023739149600,,,,
1779367023775972222,SINK_ONLY,94,1779367023775972222,,,,
1779367023811841082,SINK_ONLY,95,1779367023811841082,,,,
1779367023847536049,SINK_ONLY,96,1779367023847536049,,,,
1779367023883560285,SINK_ONLY,97,1779367023883560285,,,,
1779367023920410391,SINK_ONLY,98,1779367023920410391,,,,
1779367023955645771,SINK_ONLY,99,1779367023955645771,,,,
1779367024005762530,SINK_ONLY,100,1779367024005762530,,,,
1779367024044497047,SINK_ONLY,101,1779367024044497047,,,,
1779367024082204919,SINK_ONLY,102,1779367024082204919,,,,
1779367024119986056,SINK_ONLY,103,1779367024119986056,,,,
1779367024157408836,SINK_ONLY,104,1779367024157408836,,,,
1779367024196171941,SINK_ONLY,105,1779367024196171941,,,,
1779367024217508651,SINK_ONLY,106,1779367024217508651,,,,
1779367024247103375,SINK_ONLY,107,1779367024247103375,,,,
1779367024282034202,SINK_ONLY,108,1779367024282034202,,,,
1779367024318188837,SINK_ONLY,109,1779367024318188837,,,,
1779367024354725262,SINK_ONLY,110,1779367024354725262,,,,
1779367024389773067,SINK_ONLY,111,1779367024389773067,,,,
1779367024425409456,SINK_ONLY,112,1779367024425409456,,,,
1779367024462005824,SINK_ONLY,113,1779367024462005824,,,,
1779367024497588708,SINK_ONLY,114,1779367024497588708,,,,
1779367024533287307,SINK_ONLY,115,1779367024533287307,,,,
1779367024570009741,SINK_ONLY,116,1779367024570009741,,,,
1779367024607571105,SINK_ONLY,117,1779367024607571105,,,,
1779367024642154929,SINK_ONLY,118,1779367024642154929,,,,
1779367024677483555,SINK_ONLY,119,1779367024677483555,,,,
1779367024726922478,SINK_ONLY,120,1779367024726922478,,,,
1779367024752288168,SINK_ONLY,121,1779367024752288168,,,,
1779367024786630934,SINK_ONLY,122,1779367024786630934,,,,
1779367024821322890,SINK_ONLY,123,1779367024821322890,,,,
1779367024857427873,SINK_ONLY,124,1779367024857427873,,,,
1779367024893433432,SINK_ONLY,125,1779367024893433432,,,,
1779367024931981699,SINK_ONLY,126,1779367024931981699,,,,
1779367024965807200,SINK_ONLY,127,1779367024965807200,,,,
1779367025001969359,SINK_ONLY,128,1779367025001969359,,,,
1779367025038159503,SINK_ONLY,129,1779367025038159503,,,,
1779367025074789314,SINK_ONLY,130,1779367025074789314,,,,
1779367025110756575,SINK_ONLY,131,1779367025110756575,,,,
1779367025147695553,SINK_ONLY,132,1779367025147695553,,,,
1779367025182896628,SINK_ONLY,133,1779367025182896628,,,,
1779367025218868022,SINK_ONLY,134,1779367025218868022,,,,
1779367025255127538,SINK_ONLY,135,1779367025255127538,,,,
1779367025291484754,SINK_ONLY,136,1779367025291484754,,,,
1779367025327457292,SINK_ONLY,137,1779367025327457292,,,,
1779367025363454204,SINK_ONLY,138,1779367025363454204,,,,
1779367025399464618,SINK_ONLY,139,1779367025399464618,,,,
1779367025436193713,SINK_ONLY,140,1779367025436193713,,,,
1779367025472424381,SINK_ONLY,141,1779367025472424381,,,,
1779367025507750479,SINK_ONLY,142,1779367025507750479,,,,
1779367025544508101,SINK_ONLY,143,1779367025544508101,,,,
1779367025580053691,SINK_ONLY,144,1779367025580053691,,,,
1779367025617509010,SINK_ONLY,145,1779367025617509010,,,,
1779367025652823131,SINK_ONLY,146,1779367025652823131,,,,
1779367025689694783,SINK_ONLY,147,1779367025689694783,,,,
1779367025724357990,SINK_ONLY,148,1779367025724357990,,,,
1779367025760348864,SINK_ONLY,149,1779367025760348864,,,,
1779367025799351542,SINK_ONLY,150,1779367025799351542,,,,
1779367025833321426,SINK_ONLY,151,1779367025833321426,,,,
1779367025868692522,SINK_ONLY,152,1779367025868692522,,,,
1779367025905495804,SINK_ONLY,153,1779367025905495804,,,,
1779367025941017501,SINK_ONLY,154,1779367025941017501,,,,
1779367025977692069,SINK_ONLY,155,1779367025977692069,,,,
1779367026013042561,SINK_ONLY,156,1779367026013042561,,,,
1779367026049939249,SINK_ONLY,157,1779367026049939249,,,,
1779367026086027080,SINK_ONLY,158,1779367026086027080,,,,
1779367026121306495,SINK_ONLY,159,1779367026121306495,,,,
1779367026158183101,SINK_ONLY,160,1779367026158183101,,,,
1779367026193842881,SINK_ONLY,161,1779367026193842881,,,,
1779367026230404543,SINK_ONLY,162,1779367026230404543,,,,
1779367026267462566,SINK_ONLY,163,1779367026267462566,,,,
1779367026301781318,SINK_ONLY,164,1779367026301781318,,,,
1779367026338615575,SINK_ONLY,165,1779367026338615575,,,,
1779367026376077795,SINK_ONLY,166,1779367026376077795,,,,
1779367026410761365,SINK_ONLY,167,1779367026410761365,,,,
1779367026446193166,SINK_ONLY,168,1779367026446193166,,,,
1779367026482919172,SINK_ONLY,169,1779367026482919172,,,,
1779367026519095514,SINK_ONLY,170,1779367026519095514,,,,
1779367026554482037,SINK_ONLY,171,1779367026554482037,,,,
1779367026591763704,SINK_ONLY,172,1779367026591763704,,,,
1779367026626639643,SINK_ONLY,173,1779367026626639643,,,,
1779367026663348275,SINK_ONLY,174,1779367026663348275,,,,
1779367026700775408,SINK_ONLY,175,1779367026700775408,,,,
1779367026735652330,SINK_ONLY,176,1779367026735652330,,,,
1779367026770999953,SINK_ONLY,177,1779367026770999953,,,,
1779367026808126486,SINK_ONLY,178,1779367026808126486,,,,
1779367026843262441,SINK_ONLY,179,1779367026843262441,,,,
1779367026886182678,SINK_ONLY,180,1779367026886182678,,,,
1779367026919279327,SINK_ONLY,181,1779367026919279327,,,,
1779367026951806934,SINK_ONLY,182,1779367026951806934,,,,
1779367026986977756,SINK_ONLY,183,1779367026986977756,,,,
1779367027023105008,SINK_ONLY,184,1779367027023105008,,,,
1779367027059160379,SINK_ONLY,185,1779367027059160379,,,,
1779367027095448664,SINK_ONLY,186,1779367027095448664,,,,
1779367027131617884,SINK_ONLY,187,1779367027131617884,,,,
1779367027167714100,SINK_ONLY,188,1779367027167714100,,,,
1779367027203799002,SINK_ONLY,189,1779367027203799002,,,,
1779367027241435817,SINK_ONLY,190,1779367027241435817,,,,
1779367027276527878,SINK_ONLY,191,1779367027276527878,,,,
1779367027312587402,SINK_ONLY,192,1779367027312587402,,,,
1779367027348705305,SINK_ONLY,193,1779367027348705305,,,,
1779367027384820861,SINK_ONLY,194,1779367027384820861,,,,
1779367027420865218,SINK_ONLY,195,1779367027420865218,,,,
1779367027458085558,SINK_ONLY,196,1779367027458085558,,,,
1779367027492989523,SINK_ONLY,197,1779367027492989523,,,,
1779367027529095990,SINK_ONLY,198,1779367027529095990,,,,
1779367027565778342,SINK_ONLY,199,1779367027565778342,,,,
1779367027601404057,SINK_ONLY,200,1779367027601404057,,,,
1779367027638067913,SINK_ONLY,201,1779367027638067913,,,,
1779367027673457826,SINK_ONLY,202,1779367027673457826,,,,
1779367027710221627,SINK_ONLY,203,1779367027710221627,,,,
1779367027745524754,SINK_ONLY,204,1779367027745524754,,,,
1779367027782469831,SINK_ONLY,205,1779367027782469831,,,,
1779367027817828187,SINK_ONLY,206,1779367027817828187,,,,
1779367027854630125,SINK_ONLY,207,1779367027854630125,,,,
1779367027889996506,SINK_ONLY,208,1779367027889996506,,,,
1779367027927305196,SINK_ONLY,209,1779367027927305196,,,,
1779367027962967363,SINK_ONLY,210,1779367027962967363,,,,
1779367027998294324,SINK_ONLY,211,1779367027998294324,,,,
1779367028037240710,SINK_ONLY,212,1779367028037240710,,,,
1779367028070481200,SINK_ONLY,213,1779367028070481200,,,,
1779367028107235552,SINK_ONLY,214,1779367028107235552,,,,
1779367028143282678,SINK_ONLY,215,1779367028143282678,,,,
1779367028179274435,SINK_ONLY,216,1779367028179274435,,,,
1779367028214958368,SINK_ONLY,217,1779367028214958368,,,,
1779367028252768675,SINK_ONLY,218,1779367028252768675,,,,
1779367028289172172,SINK_ONLY,219,1779367028289172172,,,,
1779367028324836827,SINK_ONLY,220,1779367028324836827,,,,
1779367028363077532,SINK_ONLY,221,1779367028363077532,,,,
1779367028396688837,SINK_ONLY,222,1779367028396688837,,,,
1779367028432995980,SINK_ONLY,223,1779367028432995980,,,,
1779367028467624561,SINK_ONLY,224,1779367028467624561,,,,
1779367028504365091,SINK_ONLY,225,1779367028504365091,,,,
1779367028539739116,SINK_ONLY,226,1779367028539739116,,,,
1779367028577391358,SINK_ONLY,227,1779367028577391358,,,,
1779367028612379541,SINK_ONLY,228,1779367028612379541,,,,
1779367028648642688,SINK_ONLY,229,1779367028648642688,,,,
1779367028687136990,SINK_ONLY,230,1779367028687136990,,,,
1779367028720838271,SINK_ONLY,231,1779367028720838271,,,,
1779367028757036339,SINK_ONLY,232,1779367028757036339,,,,
1779367028793707015,SINK_ONLY,233,1779367028793707015,,,,
1779367028829702323,SINK_ONLY,234,1779367028829702323,,,,
1779367028864582555,SINK_ONLY,235,1779367028864582555,,,,
1779367028901368002,SINK_ONLY,236,1779367028901368002,,,,
1779367028937352095,SINK_ONLY,237,1779367028937352095,,,,
1779367028972936986,SINK_ONLY,238,1779367028972936986,,,,
1779367029008945173,SINK_ONLY,239,1779367029008945173,,,,
1779367029051746706,SINK_ONLY,240,1779367029051746706,,,,
1779367029083089383,SINK_ONLY,241,1779367029083089383,,,,
1779367029117966025,SINK_ONLY,242,1779367029117966025,,,,
1779367029152550792,SINK_ONLY,243,1779367029152550792,,,,
1779367029188808262,SINK_ONLY,244,1779367029188808262,,,,
1779367029225032711,SINK_ONLY,245,1779367029225032711,,,,
1779367029261216857,SINK_ONLY,246,1779367029261216857,,,,
1779367029297202776,SINK_ONLY,247,1779367029297202776,,,,
1779367029334003269,SINK_ONLY,248,1779367029334003269,,,,
1779367029370092544,SINK_ONLY,249,1779367029370092544,,,,
1779367029406135879,SINK_ONLY,250,1779367029406135879,,,,
1779367029442158931,SINK_ONLY,251,1779367029442158931,,,,
1779367029478174741,SINK_ONLY,252,1779367029478174741,,,,
1779367029514231959,SINK_ONLY,253,1779367029514231959,,,,
1779367029550361417,SINK_ONLY,254,1779367029550361417,,,,
1779367029586435285,SINK_ONLY,255,1779367029586435285,,,,
1779367029634458572,SINK_ONLY,256,1779367029634458572,,,,
1779367029680928401,SINK_ONLY,257,1779367029680928401,,,,
1779367029718409960,SINK_ONLY,258,1779367029718409960,,,,
1779367029739551373,SINK_ONLY,259,1779367029739551373,,,,
1779367029768474339,SINK_ONLY,260,1779367029768474339,,,,
1779367029804252642,SINK_ONLY,261,1779367029804252642,,,,
1779367029839997181,SINK_ONLY,262,1779367029839997181,,,,
1779367029875337322,SINK_ONLY,263,1779367029875337322,,,,
1779367029912151517,SINK_ONLY,264,1779367029912151517,,,,
1779367029948181972,SINK_ONLY,265,1779367029948181972,,,,
1779367029984324992,SINK_ONLY,266,1779367029984324992,,,,
1779367030022557411,SINK_ONLY,267,1779367030022557411,,,,
1779367030056204045,SINK_ONLY,268,1779367030056204045,,,,
1779367030092455176,SINK_ONLY,269,1779367030092455176,,,,
1779367030128686807,SINK_ONLY,270,1779367030128686807,,,,
1779367030164824451,SINK_ONLY,271,1779367030164824451,,,,
1779367030200135201,SINK_ONLY,272,1779367030200135201,,,,
1779367030237228211,SINK_ONLY,273,1779367030237228211,,,,
1779367030273045954,SINK_ONLY,274,1779367030273045954,,,,
1779367030309295200,SINK_ONLY,275,1779367030309295200,,,,
1779367030348720874,SINK_ONLY,276,1779367030348720874,,,,
1779367030384541967,SINK_ONLY,277,1779367030384541967,,,,
1779367030419107797,SINK_ONLY,278,1779367030419107797,,,,
1779367030454706770,SINK_ONLY,279,1779367030454706770,,,,
1779367030490736864,SINK_ONLY,280,1779367030490736864,,,,
1779367030531495501,SINK_ONLY,281,1779367030531495501,,,,
1779367030566422436,SINK_ONLY,282,1779367030566422436,,,,
1779367030602490506,SINK_ONLY,283,1779367030602490506,,,,
1779367030636764682,SINK_ONLY,284,1779367030636764682,,,,
1779367030674104207,SINK_ONLY,285,1779367030674104207,,,,
1779367030709719971,SINK_ONLY,286,1779367030709719971,,,,
1779367030745493018,SINK_ONLY,287,1779367030745493018,,,,
1779367030781522631,SINK_ONLY,288,1779367030781522631,,,,
1779367030817569917,SINK_ONLY,289,1779367030817569917,,,,
1779367030850125690,SINK_ONLY,290,1779367030850125690,,,,
1779367030887903697,SINK_ONLY,291,1779367030887903697,,,,
1779367030922717326,SINK_ONLY,292,1779367030922717326,,,,
1779367030957993771,SINK_ONLY,293,1779367030957993771,,,,
1779367030994775929,SINK_ONLY,294,1779367030994775929,,,,
1779367031030230901,SINK_ONLY,295,1779367031030230901,,,,
1779367031066947016,SINK_ONLY,296,1779367031066947016,,,,
1779367031103264611,SINK_ONLY,297,1779367031103264611,,,,
1779367031139165108,SINK_ONLY,298,1779367031139165108,,,,
1779367031175882868,SINK_ONLY,299,1779367031175882868,,,,
1779367031218142101,SINK_ONLY,300,1779367031218142101,,,,
1779367031248642819,SINK_ONLY,301,1779367031248642819,,,,
1779367031283031405,SINK_ONLY,302,1779367031283031405,,,,
1779367031318321593,SINK_ONLY,303,1779367031318321593,,,,
1779367031357251830,SINK_ONLY,304,1779367031357251830,,,,
1779367031390730609,SINK_ONLY,305,1779367031390730609,,,,
1779367031426774305,SINK_ONLY,306,1779367031426774305,,,,
1779367031465044339,SINK_ONLY,307,1779367031465044339,,,,
1779367031499341305,SINK_ONLY,308,1779367031499341305,,,,
1779367031535507235,SINK_ONLY,309,1779367031535507235,,,,
1779367031571707771,SINK_ONLY,310,1779367031571707771,,,,
1779367031607780576,SINK_ONLY,311,1779367031607780576,,,,
1779367031643788422,SINK_ONLY,312,1779367031643788422,,,,
1779367031680709565,SINK_ONLY,313,1779367031680709565,,,,
1779367031716987076,SINK_ONLY,314,1779367031716987076,,,,
1779367031752941178,SINK_ONLY,315,1779367031752941178,,,,
1779367031789364335,SINK_ONLY,316,1779367031789364335,,,,
1779367031825058561,SINK_ONLY,317,1779367031825058561,,,,
1779367031861071703,SINK_ONLY,318,1779367031861071703,,,,
1779367031897167117,SINK_ONLY,319,1779367031897167117,,,,
1779367031933478472,SINK_ONLY,320,1779367031933478472,,,,
1779367031969383343,SINK_ONLY,321,1779367031969383343,,,,
1779367032006653675,SINK_ONLY,322,1779367032006653675,,,,
1779367032042230220,SINK_ONLY,323,1779367032042230220,,,,
1779367032078344050,SINK_ONLY,324,1779367032078344050,,,,
1779367032114380002,SINK_ONLY,325,1779367032114380002,,,,
1779367032149857785,SINK_ONLY,326,1779367032149857785,,,,
1779367032185281441,SINK_ONLY,327,1779367032185281441,,,,
1779367032222071763,SINK_ONLY,328,1779367032222071763,,,,
1779367032257997759,SINK_ONLY,329,1779367032257997759,,,,
1779367032294234867,SINK_ONLY,330,1779367032294234867,,,,
1779367032330263175,SINK_ONLY,331,1779367032330263175,,,,
1779367032366703184,SINK_ONLY,332,1779367032366703184,,,,
1779367032404542560,SINK_ONLY,333,1779367032404542560,,,,
1779367032438581134,SINK_ONLY,334,1779367032438581134,,,,
1779367032474606072,SINK_ONLY,335,1779367032474606072,,,,
1779367032510720765,SINK_ONLY,336,1779367032510720765,,,,
1779367032547839594,SINK_ONLY,337,1779367032547839594,,,,
1779367032582853134,SINK_ONLY,338,1779367032582853134,,,,
1779367032618589830,SINK_ONLY,339,1779367032618589830,,,,
1779367032656317322,SINK_ONLY,340,1779367032656317322,,,,
1779367032692457574,SINK_ONLY,341,1779367032692457574,,,,
1779367032728118276,SINK_ONLY,342,1779367032728118276,,,,
1779367032765076072,SINK_ONLY,343,1779367032765076072,,,,
1779367032800747668,SINK_ONLY,344,1779367032800747668,,,,
1779367032836465666,SINK_ONLY,345,1779367032836465666,,,,
1779367032871116274,SINK_ONLY,346,1779367032871116274,,,,
1779367032907754531,SINK_ONLY,347,1779367032907754531,,,,
1779367032943818108,SINK_ONLY,348,1779367032943818108,,,,
1779367032980001812,SINK_ONLY,349,1779367032980001812,,,,
1779367033015468139,SINK_ONLY,350,1779367033015468139,,,,
1779367033052104590,SINK_ONLY,351,1779367033052104590,,,,
1779367033088320293,SINK_ONLY,352,1779367033088320293,,,,
1779367033126635867,SINK_ONLY,353,1779367033126635867,,,,
1779367033161008243,SINK_ONLY,354,1779367033161008243,,,,
1779367033196516800,SINK_ONLY,355,1779367033196516800,,,,
1779367033232900176,SINK_ONLY,356,1779367033232900176,,,,
1779367033268763599,SINK_ONLY,357,1779367033268763599,,,,
1779367033304149059,SINK_ONLY,358,1779367033304149059,,,,
1779367033341305904,SINK_ONLY,359,1779367033341305904,,,,
1779367033384381216,SINK_ONLY,360,1779367033384381216,,,,
1779367033415175955,SINK_ONLY,361,1779367033415175955,,,,
1779367033451547615,SINK_ONLY,362,1779367033451547615,,,,
1779367033484373254,SINK_ONLY,363,1779367033484373254,,,,
1779367033520240831,SINK_ONLY,364,1779367033520240831,,,,
1779367033556119701,SINK_ONLY,365,1779367033556119701,,,,
1779367033592209899,SINK_ONLY,366,1779367033592209899,,,,
1779367033628215819,SINK_ONLY,367,1779367033628215819,,,,
1779367033665822241,SINK_ONLY,368,1779367033665822241,,,,
1779367033700718081,SINK_ONLY,369,1779367033700718081,,,,
1779367033736836165,SINK_ONLY,370,1779367033736836165,,,,
1779367033773738169,SINK_ONLY,371,1779367033773738169,,,,
1779367033809495127,SINK_ONLY,372,1779367033809495127,,,,
1779367033845541490,SINK_ONLY,373,1779367033845541490,,,,
1779367033881634015,SINK_ONLY,374,1779367033881634015,,,,
1779367033917727764,SINK_ONLY,375,1779367033917727764,,,,
1779367033953898088,SINK_ONLY,376,1779367033953898088,,,,
1779367033990647726,SINK_ONLY,377,1779367033990647726,,,,
1779367034027224093,SINK_ONLY,378,1779367034027224093,,,,
1779367034062797789,SINK_ONLY,379,1779367034062797789,,,,
1779367034099518478,SINK_ONLY,380,1779367034099518478,,,,
1779367034135747882,SINK_ONLY,381,1779367034135747882,,,,
1779367034171121666,SINK_ONLY,382,1779367034171121666,,,,
1779367034207186085,SINK_ONLY,383,1779367034207186085,,,,
1779367034243301781,SINK_ONLY,384,1779367034243301781,,,,
1779367034279360583,SINK_ONLY,385,1779367034279360583,,,,
1779367034316999966,SINK_ONLY,386,1779367034316999966,,,,
1779367034351693888,SINK_ONLY,387,1779367034351693888,,,,
1779367034387827218,SINK_ONLY,388,1779367034387827218,,,,
1779367034423905720,SINK_ONLY,389,1779367034423905720,,,,
1779367034460001956,SINK_ONLY,390,1779367034460001956,,,,
1779367034496126259,SINK_ONLY,391,1779367034496126259,,,,
1779367034531408362,SINK_ONLY,392,1779367034531408362,,,,
1779367034568245688,SINK_ONLY,393,1779367034568245688,,,,
1779367034604606134,SINK_ONLY,394,1779367034604606134,,,,
1779367034640501074,SINK_ONLY,395,1779367034640501074,,,,
1779367034676466309,SINK_ONLY,396,1779367034676466309,,,,
1779367034712635690,SINK_ONLY,397,1779367034712635690,,,,
1779367034748759491,SINK_ONLY,398,1779367034748759491,,,,
1779367034786147223,SINK_ONLY,399,1779367034786147223,,,,
1779367034820290177,SINK_ONLY,400,1779367034820290177,,,,
1779367034856921974,SINK_ONLY,401,1779367034856921974,,,,
1779367034895151585,SINK_ONLY,402,1779367034895151585,,,,
1779367034929269522,SINK_ONLY,403,1779367034929269522,,,,
1779367034965180872,SINK_ONLY,404,1779367034965180872,,,,
1779367035001181335,SINK_ONLY,405,1779367035001181335,,,,
1779367035037335770,SINK_ONLY,406,1779367035037335770,,,,
1779367035072849141,SINK_ONLY,407,1779367035072849141,,,,
1779367035110379410,SINK_ONLY,408,1779367035110379410,,,,
1779367035150084640,SINK_ONLY,409,1779367035150084640,,,,
1779367035198290807,SINK_ONLY,410,1779367035198290807,,,,
1779367035234746485,SINK_ONLY,411,1779367035234746485,,,,
1779367035275876880,SINK_ONLY,412,1779367035275876880,,,,
1779367035311416231,SINK_ONLY,413,1779367035311416231,,,,
1779367035350578879,SINK_ONLY,414,1779367035350578879,,,,
1779367035383241820,SINK_ONLY,415,1779367035383241820,,,,
1779367035418399663,SINK_ONLY,416,1779367035418399663,,,,
1779367035453837864,SINK_ONLY,417,1779367035453837864,,,,
1779367035491676417,SINK_ONLY,418,1779367035491676417,,,,
1779367035527856530,SINK_ONLY,419,1779367035527856530,,,,
1779367035579944788,SINK_ONLY,420,1779367035579944788,,,,
1779367035601119903,SINK_ONLY,421,1779367035601119903,,,,
1779367035635519965,SINK_ONLY,422,1779367035635519965,,,,
1779367035669287870,SINK_ONLY,423,1779367035669287870,,,,
1779367035704994634,SINK_ONLY,424,1779367035704994634,,,,
1779367035741119458,SINK_ONLY,425,1779367035741119458,,,,
1779367035777075485,SINK_ONLY,426,1779367035777075485,,,,
1779367035814438722,SINK_ONLY,427,1779367035814438722,,,,
1779367035854612467,SINK_ONLY,428,1779367035854612467,,,,
1779367035888914689,SINK_ONLY,429,1779367035888914689,,,,
1779367035924574689,SINK_ONLY,430,1779367035924574689,,,,
1779367035961305209,SINK_ONLY,431,1779367035961305209,,,,
1779367035994794099,SINK_ONLY,432,1779367035994794099,,,,
1779367036031811377,SINK_ONLY,433,1779367036031811377,,,,
1779367036067927534,SINK_ONLY,434,1779367036067927534,,,,
1779367036104255882,SINK_ONLY,435,1779367036104255882,,,,
1779367036140106887,SINK_ONLY,436,1779367036140106887,,,,
1779367036175063553,SINK_ONLY,437,1779367036175063553,,,,
1779367036212157024,SINK_ONLY,438,1779367036212157024,,,,
1779367036250706434,SINK_ONLY,439,1779367036250706434,,,,
1779367036290344680,SINK_ONLY,440,1779367036290344680,,,,
1779367036324610089,SINK_ONLY,441,1779367036324610089,,,,
1779367036361402658,SINK_ONLY,442,1779367036361402658,,,,
1779367036396548303,SINK_ONLY,443,1779367036396548303,,,,
1779367036429348263,SINK_ONLY,444,1779367036429348263,,,,
1779367036465047484,SINK_ONLY,445,1779367036465047484,,,,
1779367036500864826,SINK_ONLY,446,1779367036500864826,,,,
1779367036539463327,SINK_ONLY,447,1779367036539463327,,,,
1779367036573530870,SINK_ONLY,448,1779367036573530870,,,,
1779367036610876734,SINK_ONLY,449,1779367036610876734,,,,
1779367036647813284,SINK_ONLY,450,1779367036647813284,,,,
1779367036685140752,SINK_ONLY,451,1779367036685140752,,,,
1779367036705501634,SINK_ONLY,452,1779367036705501634,,,,
1779367036735899718,SINK_ONLY,453,1779367036735899718,,,,
1779367036771962371,SINK_ONLY,454,1779367036771962371,,,,
1779367036807400191,SINK_ONLY,455,1779367036807400191,,,,
1779367036844064869,SINK_ONLY,456,1779367036844064869,,,,
1779367036879211457,SINK_ONLY,457,1779367036879211457,,,,
1779367036914472154,SINK_ONLY,458,1779367036914472154,,,,
1779367036950506822,SINK_ONLY,459,1779367036950506822,,,,
1779367036986619068,SINK_ONLY,460,1779367036986619068,,,,
1779367037022616160,SINK_ONLY,461,1779367037022616160,,,,
1779367037058661561,SINK_ONLY,462,1779367037058661561,,,,
1779367037094193429,SINK_ONLY,463,1779367037094193429,,,,
1779367037130934501,SINK_ONLY,464,1779367037130934501,,,,
1779367037167245134,SINK_ONLY,465,1779367037167245134,,,,
1779367037203792713,SINK_ONLY,466,1779367037203792713,,,,
1779367037239889170,SINK_ONLY,467,1779367037239889170,,,,
1779367037275850714,SINK_ONLY,468,1779367037275850714,,,,
1779367037313589562,SINK_ONLY,469,1779367037313589562,,,,
1779367037347515391,SINK_ONLY,470,1779367037347515391,,,,
1779367037382911984,SINK_ONLY,471,1779367037382911984,,,,
1779367037419709208,SINK_ONLY,472,1779367037419709208,,,,
1779367037455794130,SINK_ONLY,473,1779367037455794130,,,,
1779367037491835157,SINK_ONLY,474,1779367037491835157,,,,
1779367037527648287,SINK_ONLY,475,1779367037527648287,,,,
1779367037564101236,SINK_ONLY,476,1779367037564101236,,,,
1779367037600200883,SINK_ONLY,477,1779367037600200883,,,,
1779367037635646105,SINK_ONLY,478,1779367037635646105,,,,
1779367037672317423,SINK_ONLY,479,1779367037672317423,,,,
1779367037715936762,SINK_ONLY,480,1779367037715936762,,,,
1779367037746691317,SINK_ONLY,481,1779367037746691317,,,,
1779367037783138850,SINK_ONLY,482,1779367037783138850,,,,
1779367037815826807,SINK_ONLY,483,1779367037815826807,,,,
1779367037851595160,SINK_ONLY,484,1779367037851595160,,,,
1779367037887552390,SINK_ONLY,485,1779367037887552390,,,,
1779367037923616950,SINK_ONLY,486,1779367037923616950,,,,
1779367037960013607,SINK_ONLY,487,1779367037960013607,,,,
1779367037996097907,SINK_ONLY,488,1779367037996097907,,,,
1779367038032189870,SINK_ONLY,489,1779367038032189870,,,,
1779367038069376326,SINK_ONLY,490,1779367038069376326,,,,
1779367038106917287,SINK_ONLY,491,1779367038106917287,,,,
1779367038141537523,SINK_ONLY,492,1779367038141537523,,,,
1779367038177359941,SINK_ONLY,493,1779367038177359941,,,,
1779367038214792952,SINK_ONLY,494,1779367038214792952,,,,
1779367038249849965,SINK_ONLY,495,1779367038249849965,,,,
1779367038286088798,SINK_ONLY,496,1779367038286088798,,,,
1779367038322148383,SINK_ONLY,497,1779367038322148383,,,,
1779367038358197615,SINK_ONLY,498,1779367038358197615,,,,
1779367038393633249,SINK_ONLY,499,1779367038393633249,,,,
1779367038432615163,SINK_ONLY,500,1779367038432615163,,,,
1779367038466494691,SINK_ONLY,501,1779367038466494691,,,,
1779367038502592371,SINK_ONLY,502,1779367038502592371,,,,
1779367038538666500,SINK_ONLY,503,1779367038538666500,,,,
1779367038574736797,SINK_ONLY,504,1779367038574736797,,,,
1779367038610872435,SINK_ONLY,505,1779367038610872435,,,,
1779367038647306987,SINK_ONLY,506,1779367038647306987,,,,
1779367038684889576,SINK_ONLY,507,1779367038684889576,,,,
1779367038721916503,SINK_ONLY,508,1779367038721916503,,,,
1779367038756317949,SINK_ONLY,509,1779367038756317949,,,,
1779367038794814939,SINK_ONLY,510,1779367038794814939,,,,
1779367038828310008,SINK_ONLY,511,1779367038828310008,,,,
1779367038864681026,SINK_ONLY,512,1779367038864681026,,,,
1779367038900113169,SINK_ONLY,513,1779367038900113169,,,,
1779367038935738443,SINK_ONLY,514,1779367038935738443,,,,
1779367038973399633,SINK_ONLY,515,1779367038973399633,,,,
1779367039007929010,SINK_ONLY,516,1779367039007929010,,,,
1779367039043327409,SINK_ONLY,517,1779367039043327409,,,,
1779367039080045330,SINK_ONLY,518,1779367039080045330,,,,
1779367039116139701,SINK_ONLY,519,1779367039116139701,,,,
1779367039152700460,SINK_ONLY,520,1779367039152700460,,,,
1779367039189197023,SINK_ONLY,521,1779367039189197023,,,,
1779367039225099345,SINK_ONLY,522,1779367039225099345,,,,
1779367039261139249,SINK_ONLY,523,1779367039261139249,,,,
1779367039296015770,SINK_ONLY,524,1779367039296015770,,,,
1779367039332713970,SINK_ONLY,525,1779367039332713970,,,,
1779367039368862788,SINK_ONLY,526,1779367039368862788,,,,
1779367039404927528,SINK_ONLY,527,1779367039404927528,,,,
1779367039441417852,SINK_ONLY,528,1779367039441417852,,,,
1779367039477178139,SINK_ONLY,529,1779367039477178139,,,,
1779367039516210629,SINK_ONLY,530,1779367039516210629,,,,
1779367039555778639,SINK_ONLY,531,1779367039555778639,,,,
1779367039590716447,SINK_ONLY,532,1779367039590716447,,,,
1779367039624943820,SINK_ONLY,533,1779367039624943820,,,,
1779367039660585584,SINK_ONLY,534,1779367039660585584,,,,
1779367039697924868,SINK_ONLY,535,1779367039697924868,,,,
1779367039735365362,SINK_ONLY,536,1779367039735365362,,,,
1779367039769555661,SINK_ONLY,537,1779367039769555661,,,,
1779367039804630068,SINK_ONLY,538,1779367039804630068,,,,
1779367039841260621,SINK_ONLY,539,1779367039841260621,,,,
1779367039884061091,SINK_ONLY,540,1779367039884061091,,,,
1779367039913514943,SINK_ONLY,541,1779367039913514943,,,,
1779367039946772927,SINK_ONLY,542,1779367039946772927,,,,
1779367039981414628,SINK_ONLY,543,1779367039981414628,,,,
1779367040017332759,SINK_ONLY,544,1779367040017332759,,,,
1779367040053242304,SINK_ONLY,545,1779367040053242304,,,,
1779367040090202146,SINK_ONLY,546,1779367040090202146,,,,
1779367040125818091,SINK_ONLY,547,1779367040125818091,,,,
1779367040161816127,SINK_ONLY,548,1779367040161816127,,,,
1779367040197870174,SINK_ONLY,549,1779367040197870174,,,,
1779367040234571243,SINK_ONLY,550,1779367040234571243,,,,
1779367040270515755,SINK_ONLY,551,1779367040270515755,,,,
1779367040306599915,SINK_ONLY,552,1779367040306599915,,,,
1779367040342692259,SINK_ONLY,553,1779367040342692259,,,,
1779367040379564232,SINK_ONLY,554,1779367040379564232,,,,
1779367040415603012,SINK_ONLY,555,1779367040415603012,,,,
1779367040452072693,SINK_ONLY,556,1779367040452072693,,,,
1779367040487952667,SINK_ONLY,557,1779367040487952667,,,,
1779367040523886426,SINK_ONLY,558,1779367040523886426,,,,
1779367040559986193,SINK_ONLY,559,1779367040559986193,,,,
1779367040596066380,SINK_ONLY,560,1779367040596066380,,,,
1779367040632182678,SINK_ONLY,561,1779367040632182678,,,,
1779367040668305015,SINK_ONLY,562,1779367040668305015,,,,
1779367040704433370,SINK_ONLY,563,1779367040704433370,,,,
1779367040740478369,SINK_ONLY,564,1779367040740478369,,,,
1779367040776430364,SINK_ONLY,565,1779367040776430364,,,,
1779367040812506058,SINK_ONLY,566,1779367040812506058,,,,
1779367040848633289,SINK_ONLY,567,1779367040848633289,,,,
1779367040884878402,SINK_ONLY,568,1779367040884878402,,,,
1779367040920836595,SINK_ONLY,569,1779367040920836595,,,,
1779367040957112382,SINK_ONLY,570,1779367040957112382,,,,
1779367040993934080,SINK_ONLY,571,1779367040993934080,,,,
1779367041030798289,SINK_ONLY,572,1779367041030798289,,,,
1779367041066234925,SINK_ONLY,573,1779367041066234925,,,,
1779367041102951401,SINK_ONLY,574,1779367041102951401,,,,
1779367041139243839,SINK_ONLY,575,1779367041139243839,,,,
1779367041174411090,SINK_ONLY,576,1779367041174411090,,,,
1779367041211701624,SINK_ONLY,577,1779367041211701624,,,,
1779367041245654677,SINK_ONLY,578,1779367041245654677,,,,
1779367041281742808,SINK_ONLY,579,1779367041281742808,,,,
1779367041318027603,SINK_ONLY,580,1779367041318027603,,,,
1779367041353295803,SINK_ONLY,581,1779367041353295803,,,,
1779367041390052703,SINK_ONLY,582,1779367041390052703,,,,
1779367041426122117,SINK_ONLY,583,1779367041426122117,,,,
1779367041462408597,SINK_ONLY,584,1779367041462408597,,,,
1779367041498946526,SINK_ONLY,585,1779367041498946526,,,,
1779367041536605288,SINK_ONLY,586,1779367041536605288,,,,
1779367041570188849,SINK_ONLY,587,1779367041570188849,,,,
1779367041606633332,SINK_ONLY,588,1779367041606633332,,,,
1779367041644816761,SINK_ONLY,589,1779367041644816761,,,,
1779367041678921598,SINK_ONLY,590,1779367041678921598,,,,
1779367041714963549,SINK_ONLY,591,1779367041714963549,,,,
1779367041750686682,SINK_ONLY,592,1779367041750686682,,,,
1779367041787119490,SINK_ONLY,593,1779367041787119490,,,,
1779367041823394093,SINK_ONLY,594,1779367041823394093,,,,
1779367041859299324,SINK_ONLY,595,1779367041859299324,,,,
1779367041894759172,SINK_ONLY,596,1779367041894759172,,,,
1779367041931443991,SINK_ONLY,597,1779367041931443991,,,,
1779367041966825960,SINK_ONLY,598,1779367041966825960,,,,
1779367042003734665,SINK_ONLY,599,1779367042003734665,,,,
1779367042047265332,SINK_ONLY,600,1779367042047265332,,,,
1779367042078422501,SINK_ONLY,601,1779367042078422501,,,,
1779367042121054615,SINK_ONLY,602,1779367042121054615,,,,
1779367042166597004,SINK_ONLY,603,1779367042166597004,,,,
1779367042203373644,SINK_ONLY,604,1779367042203373644,,,,
1779367042240202324,SINK_ONLY,605,1779367042240202324,,,,
1779367042276234464,SINK_ONLY,606,1779367042276234464,,,,
1779367042312678125,SINK_ONLY,607,1779367042312678125,,,,
1779367042349379956,SINK_ONLY,608,1779367042349379956,,,,
1779367042383295012,SINK_ONLY,609,1779367042383295012,,,,
1779367042425721798,SINK_ONLY,610,1779367042425721798,,,,
1779367042454304582,SINK_ONLY,611,1779367042454304582,,,,
1779367042486443418,SINK_ONLY,612,1779367042486443418,,,,
1779367042520545326,SINK_ONLY,613,1779367042520545326,,,,
1779367042553323500,SINK_ONLY,614,1779367042553323500,,,,
1779367042580711344,SINK_ONLY,615,1779367042580711344,,,,
1779367042616857313,SINK_ONLY,616,1779367042616857313,,,,
1779367042653488448,SINK_ONLY,617,1779367042653488448,,,,
1779367042688874289,SINK_ONLY,618,1779367042688874289,,,,
1779367042725637308,SINK_ONLY,619,1779367042725637308,,,,
1779367042762641144,SINK_ONLY,620,1779367042762641144,,,,
1779367042797979680,SINK_ONLY,621,1779367042797979680,,,,
1779367042834081955,SINK_ONLY,622,1779367042834081955,,,,
1779367042872223476,SINK_ONLY,623,1779367042872223476,,,,
1779367042906087295,SINK_ONLY,624,1779367042906087295,,,,
1779367042942218258,SINK_ONLY,625,1779367042942218258,,,,
1779367042978361358,SINK_ONLY,626,1779367042978361358,,,,
1779367043014371972,SINK_ONLY,627,1779367043014371972,,,,
1779367043050564142,SINK_ONLY,628,1779367043050564142,,,,
1779367043087847655,SINK_ONLY,629,1779367043087847655,,,,
1779367043122665276,SINK_ONLY,630,1779367043122665276,,,,
1779367043158785706,SINK_ONLY,631,1779367043158785706,,,,
1779367043195753492,SINK_ONLY,632,1779367043195753492,,,,
1779367043230925077,SINK_ONLY,633,1779367043230925077,,,,
1779367043266980809,SINK_ONLY,634,1779367043266980809,,,,
1779367043303433277,SINK_ONLY,635,1779367043303433277,,,,
1779367043338509710,SINK_ONLY,636,1779367043338509710,,,,
1779367043375250922,SINK_ONLY,637,1779367043375250922,,,,
1779367043411357911,SINK_ONLY,638,1779367043411357911,,,,
1779367043447443014,SINK_ONLY,639,1779367043447443014,,,,
1779367043483660822,SINK_ONLY,640,1779367043483660822,,,,
1779367043519594902,SINK_ONLY,641,1779367043519594902,,,,
1779367043555015269,SINK_ONLY,642,1779367043555015269,,,,
1779367043591926000,SINK_ONLY,643,1779367043591926000,,,,
1779367043627844432,SINK_ONLY,644,1779367043627844432,,,,
1779367043664115123,SINK_ONLY,645,1779367043664115123,,,,
1779367043700157454,SINK_ONLY,646,1779367043700157454,,,,
1779367043736279831,SINK_ONLY,647,1779367043736279831,,,,
1779367043772298149,SINK_ONLY,648,1779367043772298149,,,,
1779367043807675483,SINK_ONLY,649,1779367043807675483,,,,
1779367043844650812,SINK_ONLY,650,1779367043844650812,,,,
1779367043880658578,SINK_ONLY,651,1779367043880658578,,,,
1779367043916811608,SINK_ONLY,652,1779367043916811608,,,,
1779367043953547183,SINK_ONLY,653,1779367043953547183,,,,
1779367043988931539,SINK_ONLY,654,1779367043988931539,,,,
1779367044025117932,SINK_ONLY,655,1779367044025117932,,,,
1779367044061143693,SINK_ONLY,656,1779367044061143693,,,,
1779367044096559686,SINK_ONLY,657,1779367044096559686,,,,
1779367044133294638,SINK_ONLY,658,1779367044133294638,,,,
1779367044168787025,SINK_ONLY,659,1779367044168787025,,,,
1779367044211648282,SINK_ONLY,660,1779367044211648282,,,,
1779367044243034432,SINK_ONLY,661,1779367044243034432,,,,
1779367044277265416,SINK_ONLY,662,1779367044277265416,,,,
1779367044312919599,SINK_ONLY,663,1779367044312919599,,,,
1779367044348820958,SINK_ONLY,664,1779367044348820958,,,,
1779367044384859779,SINK_ONLY,665,1779367044384859779,,,,
1779367044421516472,SINK_ONLY,666,1779367044421516472,,,,
1779367044457594453,SINK_ONLY,667,1779367044457594453,,,,
1779367044493613794,SINK_ONLY,668,1779367044493613794,,,,
1779367044531870868,SINK_ONLY,669,1779367044531870868,,,,
1779367044565892852,SINK_ONLY,670,1779367044565892852,,,,
1779367044601918472,SINK_ONLY,671,1779367044601918472,,,,
1779367044637951635,SINK_ONLY,672,1779367044637951635,,,,
1779367044674155903,SINK_ONLY,673,1779367044674155903,,,,
1779367044710815184,SINK_ONLY,674,1779367044710815184,,,,
1779367044746270899,SINK_ONLY,675,1779367044746270899,,,,
1779367044783238865,SINK_ONLY,676,1779367044783238865,,,,
1779367044819133023,SINK_ONLY,677,1779367044819133023,,,,
1779367044857325841,SINK_ONLY,678,1779367044857325841,,,,
1779367044890734686,SINK_ONLY,679,1779367044890734686,,,,
1779367044927383335,SINK_ONLY,680,1779367044927383335,,,,
1779367044963551913,SINK_ONLY,681,1779367044963551913,,,,
1779367044999716138,SINK_ONLY,682,1779367044999716138,,,,
1779367045035666146,SINK_ONLY,683,1779367045035666146,,,,
1779367045075249523,SINK_ONLY,684,1779367045075249523,,,,
1779367045109736732,SINK_ONLY,685,1779367045109736732,,,,
1779367045145641903,SINK_ONLY,686,1779367045145641903,,,,
1779367045182569747,SINK_ONLY,687,1779367045182569747,,,,
1779367045217829140,SINK_ONLY,688,1779367045217829140,,,,
1779367045253274202,SINK_ONLY,689,1779367045253274202,,,,
1779367045290880163,SINK_ONLY,690,1779367045290880163,,,,
1779367045324999725,SINK_ONLY,691,1779367045324999725,,,,
1779367045360566640,SINK_ONLY,692,1779367045360566640,,,,
1779367045396619685,SINK_ONLY,693,1779367045396619685,,,,
1779367045432835848,SINK_ONLY,694,1779367045432835848,,,,
1779367045468079072,SINK_ONLY,695,1779367045468079072,,,,
1779367045504857017,SINK_ONLY,696,1779367045504857017,,,,
1779367045541089390,SINK_ONLY,697,1779367045541089390,,,,
1779367045577317611,SINK_ONLY,698,1779367045577317611,,,,
1779367045613826973,SINK_ONLY,699,1779367045613826973,,,,
1779367045650453554,SINK_ONLY,700,1779367045650453554,,,,
1779367045685882868,SINK_ONLY,701,1779367045685882868,,,,
1779367045720813735,SINK_ONLY,702,1779367045720813735,,,,
1779367045757768681,SINK_ONLY,703,1779367045757768681,,,,
1779367045793722080,SINK_ONLY,704,1779367045793722080,,,,
1779367045829773058,SINK_ONLY,705,1779367045829773058,,,,
1779367045865372192,SINK_ONLY,706,1779367045865372192,,,,
1779367045901990809,SINK_ONLY,707,1779367045901990809,,,,
1779367045938379621,SINK_ONLY,708,1779367045938379621,,,,
1779367045974287260,SINK_ONLY,709,1779367045974287260,,,,
1779367046009498045,SINK_ONLY,710,1779367046009498045,,,,
1779367046046409859,SINK_ONLY,711,1779367046046409859,,,,
1779367046082728377,SINK_ONLY,712,1779367046082728377,,,,
1779367046118620709,SINK_ONLY,713,1779367046118620709,,,,
1779367046154320451,SINK_ONLY,714,1779367046154320451,,,,
1779367046192343910,SINK_ONLY,715,1779367046192343910,,,,
1779367046226254191,SINK_ONLY,716,1779367046226254191,,,,
1779367046262922039,SINK_ONLY,717,1779367046262922039,,,,
1779367046300549004,SINK_ONLY,718,1779367046300549004,,,,
1779367046335212271,SINK_ONLY,719,1779367046335212271,,,,
1779367046379495463,SINK_ONLY,720,1779367046379495463,,,,
1779367046409623420,SINK_ONLY,721,1779367046409623420,,,,
1779367046443569089,SINK_ONLY,722,1779367046443569089,,,,
1779367046479066131,SINK_ONLY,723,1779367046479066131,,,,
1779367046515472497,SINK_ONLY,724,1779367046515472497,,,,
1779367046551091412,SINK_ONLY,725,1779367046551091412,,,,
1779367046586496592,SINK_ONLY,726,1779367046586496592,,,,
1779367046624463578,SINK_ONLY,727,1779367046624463578,,,,
1779367046658867772,SINK_ONLY,728,1779367046658867772,,,,
1779367046694795312,SINK_ONLY,729,1779367046694795312,,,,
1779367046731557388,SINK_ONLY,730,1779367046731557388,,,,
1779367046767610071,SINK_ONLY,731,1779367046767610071,,,,
1779367046803601587,SINK_ONLY,732,1779367046803601587,,,,
1779367046842394924,SINK_ONLY,733,1779367046842394924,,,,
1779367046875960630,SINK_ONLY,734,1779367046875960630,,,,
1779367046911937340,SINK_ONLY,735,1779367046911937340,,,,
1779367046948438658,SINK_ONLY,736,1779367046948438658,,,,
1779367046984168612,SINK_ONLY,737,1779367046984168612,,,,
1779367047020872831,SINK_ONLY,738,1779367047020872831,,,,
1779367047057101794,SINK_ONLY,739,1779367047057101794,,,,
1779367047093313163,SINK_ONLY,740,1779367047093313163,,,,
1779367047131896597,SINK_ONLY,741,1779367047131896597,,,,
1779367047166996462,SINK_ONLY,742,1779367047166996462,,,,
1779367047203664811,SINK_ONLY,743,1779367047203664811,,,,
1779367047238250120,SINK_ONLY,744,1779367047238250120,,,,
1779367047274895017,SINK_ONLY,745,1779367047274895017,,,,
1779367047309842896,SINK_ONLY,746,1779367047309842896,,,,
1779367047345747446,SINK_ONLY,747,1779367047345747446,,,,
1779367047382626901,SINK_ONLY,748,1779367047382626901,,,,
1779367047417226734,SINK_ONLY,749,1779367047417226734,,,,
1779367047454144748,SINK_ONLY,750,1779367047454144748,,,,
1779367047490247344,SINK_ONLY,751,1779367047490247344,,,,
1779367047526297399,SINK_ONLY,752,1779367047526297399,,,,
1779367047562315175,SINK_ONLY,753,1779367047562315175,,,,
1779367047599203859,SINK_ONLY,754,1779367047599203859,,,,
1779367047635231726,SINK_ONLY,755,1779367047635231726,,,,
1779367047671177321,SINK_ONLY,756,1779367047671177321,,,,
1779367047706837201,SINK_ONLY,757,1779367047706837201,,,,
1779367047742001844,SINK_ONLY,758,1779367047742001844,,,,
1779367047778843704,SINK_ONLY,759,1779367047778843704,,,,
1779367047815216187,SINK_ONLY,760,1779367047815216187,,,,
1779367047851552700,SINK_ONLY,761,1779367047851552700,,,,
1779367047887160741,SINK_ONLY,762,1779367047887160741,,,,
1779367047923956259,SINK_ONLY,763,1779367047923956259,,,,
1779367047966720519,SINK_ONLY,764,1779367047966720519,,,,
1779367048014987271,SINK_ONLY,765,1779367048014987271,,,,
1779367048051603360,SINK_ONLY,766,1779367048051603360,,,,
1779367048089469558,SINK_ONLY,767,1779367048089469558,,,,
1779367048124177141,SINK_ONLY,768,1779367048124177141,,,,
1779367048160033182,SINK_ONLY,769,1779367048160033182,,,,
1779367048196145588,SINK_ONLY,770,1779367048196145588,,,,
1779367048231484906,SINK_ONLY,771,1779367048231484906,,,,
1779367048271074522,SINK_ONLY,772,1779367048271074522,,,,
1779367048304548006,SINK_ONLY,773,1779367048304548006,,,,
1779367048340459577,SINK_ONLY,774,1779367048340459577,,,,
1779367048375290799,SINK_ONLY,775,1779367048375290799,,,,
1779367048415822500,SINK_ONLY,776,1779367048415822500,,,,
1779367048453498997,SINK_ONLY,777,1779367048453498997,,,,
1779367048486520135,SINK_ONLY,778,1779367048486520135,,,,
1779367048522398364,SINK_ONLY,779,1779367048522398364,,,,
1779367048557470584,SINK_ONLY,780,1779367048557470584,,,,
1779367048586337960,SINK_ONLY,781,1779367048586337960,,,,
1779367048623637000,SINK_ONLY,782,1779367048623637000,,,,
1779367048648883486,SINK_ONLY,783,1779367048648883486,,,,
1779367048680095924,SINK_ONLY,784,1779367048680095924,,,,
1779367048716449108,SINK_ONLY,785,1779367048716449108,,,,
1779367048752403650,SINK_ONLY,786,1779367048752403650,,,,
1779367048788555276,SINK_ONLY,787,1779367048788555276,,,,
1779367048825198889,SINK_ONLY,788,1779367048825198889,,,,
1779367048861108875,SINK_ONLY,789,1779367048861108875,,,,
1779367048897536988,SINK_ONLY,790,1779367048897536988,,,,
1779367048933396420,SINK_ONLY,791,1779367048933396420,,,,
1779367048969564657,SINK_ONLY,792,1779367048969564657,,,,
1779367049005454421,SINK_ONLY,793,1779367049005454421,,,,
1779367049041582535,SINK_ONLY,794,1779367049041582535,,,,
1779367049077640635,SINK_ONLY,795,1779367049077640635,,,,
1779367049114666158,SINK_ONLY,796,1779367049114666158,,,,
1779367049151129539,SINK_ONLY,797,1779367049151129539,,,,
1779367049187530950,SINK_ONLY,798,1779367049187530950,,,,
1779367049227859730,SINK_ONLY,799,1779367049227859730,,,,
1779367049265879177,SINK_ONLY,800,1779367049265879177,,,,
1779367049297974259,SINK_ONLY,801,1779367049297974259,,,,
1779367049334547075,SINK_ONLY,802,1779367049334547075,,,,
1779367049371193657,SINK_ONLY,803,1779367049371193657,,,,
1779367049408190492,SINK_ONLY,804,1779367049408190492,,,,
1779367049443870152,SINK_ONLY,805,1779367049443870152,,,,
1779367049477606922,SINK_ONLY,806,1779367049477606922,,,,
1779367049518000962,SINK_ONLY,807,1779367049518000962,,,,
1779367049551376466,SINK_ONLY,808,1779367049551376466,,,,
1779367049586015539,SINK_ONLY,809,1779367049586015539,,,,
1779367049622937685,SINK_ONLY,810,1779367049622937685,,,,
1779367049657137433,SINK_ONLY,811,1779367049657137433,,,,
1779367049692858621,SINK_ONLY,812,1779367049692858621,,,,
1779367049729023187,SINK_ONLY,813,1779367049729023187,,,,
1779367049764336305,SINK_ONLY,814,1779367049764336305,,,,
1779367049800266573,SINK_ONLY,815,1779367049800266573,,,,
1779367049838548283,SINK_ONLY,816,1779367049838548283,,,,
1779367049871759845,SINK_ONLY,817,1779367049871759845,,,,
1779367049908614263,SINK_ONLY,818,1779367049908614263,,,,
1779367049943974205,SINK_ONLY,819,1779367049943974205,,,,
1779367049981119193,SINK_ONLY,820,1779367049981119193,,,,
1779367050017107760,SINK_ONLY,821,1779367050017107760,,,,
1779367050055203902,SINK_ONLY,822,1779367050055203902,,,,
1779367050089888836,SINK_ONLY,823,1779367050089888836,,,,
1779367050125700561,SINK_ONLY,824,1779367050125700561,,,,
1779367050160597645,SINK_ONLY,825,1779367050160597645,,,,
1779367050197366321,SINK_ONLY,826,1779367050197366321,,,,
1779367050233436799,SINK_ONLY,827,1779367050233436799,,,,
1779367050269552916,SINK_ONLY,828,1779367050269552916,,,,
1779367050305594465,SINK_ONLY,829,1779367050305594465,,,,
1779367050341031904,SINK_ONLY,830,1779367050341031904,,,,
1779367050377814121,SINK_ONLY,831,1779367050377814121,,,,
1779367050413942075,SINK_ONLY,832,1779367050413942075,,,,
1779367050449960734,SINK_ONLY,833,1779367050449960734,,,,
1779367050485321618,SINK_ONLY,834,1779367050485321618,,,,
1779367050522122232,SINK_ONLY,835,1779367050522122232,,,,
1779367050558219472,SINK_ONLY,836,1779367050558219472,,,,
1779367050594505189,SINK_ONLY,837,1779367050594505189,,,,
1779367050630077841,SINK_ONLY,838,1779367050630077841,,,,
1779367050666542205,SINK_ONLY,839,1779367050666542205,,,,
1779367050708656274,SINK_ONLY,840,1779367050708656274,,,,
1779367050740026234,SINK_ONLY,841,1779367050740026234,,,,
1779367050774501626,SINK_ONLY,842,1779367050774501626,,,,
1779367050809634272,SINK_ONLY,843,1779367050809634272,,,,
1779367050846057791,SINK_ONLY,844,1779367050846057791,,,,
1779367050882205023,SINK_ONLY,845,1779367050882205023,,,,
1779367050918313477,SINK_ONLY,846,1779367050918313477,,,,
1779367050954289486,SINK_ONLY,847,1779367050954289486,,,,
1779367050990798266,SINK_ONLY,848,1779367050990798266,,,,
1779367051026769580,SINK_ONLY,849,1779367051026769580,,,,
1779367051063086973,SINK_ONLY,850,1779367051063086973,,,,
1779367051099082983,SINK_ONLY,851,1779367051099082983,,,,
1779367051135137973,SINK_ONLY,852,1779367051135137973,,,,
1779367051173526491,SINK_ONLY,853,1779367051173526491,,,,
1779367051208865448,SINK_ONLY,854,1779367051208865448,,,,
1779367051244985497,SINK_ONLY,855,1779367051244985497,,,,
1779367051280914682,SINK_ONLY,856,1779367051280914682,,,,
1779367051316531891,SINK_ONLY,857,1779367051316531891,,,,
1779367051352536788,SINK_ONLY,858,1779367051352536788,,,,
1779367051388599963,SINK_ONLY,859,1779367051388599963,,,,
1779367051423936694,SINK_ONLY,860,1779367051423936694,,,,
1779367051460791413,SINK_ONLY,861,1779367051460791413,,,,
1779367051498473266,SINK_ONLY,862,1779367051498473266,,,,
1779367051533240593,SINK_ONLY,863,1779367051533240593,,,,
1779367051568325431,SINK_ONLY,864,1779367051568325431,,,,
1779367051607062075,SINK_ONLY,865,1779367051607062075,,,,
1779367051641300100,SINK_ONLY,866,1779367051641300100,,,,
1779367051677346885,SINK_ONLY,867,1779367051677346885,,,,
1779367051713016876,SINK_ONLY,868,1779367051713016876,,,,
1779367051749456384,SINK_ONLY,869,1779367051749456384,,,,
1779367051785765894,SINK_ONLY,870,1779367051785765894,,,,
1779367051821081078,SINK_ONLY,871,1779367051821081078,,,,
1779367051857951486,SINK_ONLY,872,1779367051857951486,,,,
1779367051893890501,SINK_ONLY,873,1779367051893890501,,,,
1779367051930002807,SINK_ONLY,874,1779367051930002807,,,,
1779367051965341664,SINK_ONLY,875,1779367051965341664,,,,
1779367052002167896,SINK_ONLY,876,1779367052002167896,,,,
1779367052038176945,SINK_ONLY,877,1779367052038176945,,,,
1779367052074465531,SINK_ONLY,878,1779367052074465531,,,,
1779367052109794798,SINK_ONLY,879,1779367052109794798,,,,
1779367052146734458,SINK_ONLY,880,1779367052146734458,,,,
1779367052182619909,SINK_ONLY,881,1779367052182619909,,,,
1779367052218778537,SINK_ONLY,882,1779367052218778537,,,,
1779367052254269580,SINK_ONLY,883,1779367052254269580,,,,
1779367052290866911,SINK_ONLY,884,1779367052290866911,,,,
1779367052326333158,SINK_ONLY,885,1779367052326333158,,,,
1779367052364769241,SINK_ONLY,886,1779367052364769241,,,,
1779367052399138127,SINK_ONLY,887,1779367052399138127,,,,
1779367052434648469,SINK_ONLY,888,1779367052434648469,,,,
1779367052471426594,SINK_ONLY,889,1779367052471426594,,,,
1779367052507482688,SINK_ONLY,890,1779367052507482688,,,,
1779367052543662982,SINK_ONLY,891,1779367052543662982,,,,
1779367052578990444,SINK_ONLY,892,1779367052578990444,,,,
1779367052615850159,SINK_ONLY,893,1779367052615850159,,,,
1779367052651138059,SINK_ONLY,894,1779367052651138059,,,,
1779367052687992879,SINK_ONLY,895,1779367052687992879,,,,
1779367052724095034,SINK_ONLY,896,1779367052724095034,,,,
1779367052759516544,SINK_ONLY,897,1779367052759516544,,,,
1779367052796218556,SINK_ONLY,898,1779367052796218556,,,,
1779367052832211977,SINK_ONLY,899,1779367052832211977,,,,
1779367052874657180,SINK_ONLY,900,1779367052874657180,,,,
1779367052905788168,SINK_ONLY,901,1779367052905788168,,,,
1779367052942488234,SINK_ONLY,902,1779367052942488234,,,,
1779367052975455969,SINK_ONLY,903,1779367052975455969,,,,
1779367053011506525,SINK_ONLY,904,1779367053011506525,,,,
1779367053047810779,SINK_ONLY,905,1779367053047810779,,,,
1779367053083900335,SINK_ONLY,906,1779367053083900335,,,,
1779367053119978135,SINK_ONLY,907,1779367053119978135,,,,
1779367053156636273,SINK_ONLY,908,1779367053156636273,,,,
1779367053192655193,SINK_ONLY,909,1779367053192655193,,,,
1779367053228771410,SINK_ONLY,910,1779367053228771410,,,,
1779367053266153124,SINK_ONLY,911,1779367053266153124,,,,
1779367053300930080,SINK_ONLY,912,1779367053300930080,,,,
1779367053337004911,SINK_ONLY,913,1779367053337004911,,,,
1779367053373092380,SINK_ONLY,914,1779367053373092380,,,,
1779367053409133367,SINK_ONLY,915,1779367053409133367,,,,
1779367053445355830,SINK_ONLY,916,1779367053445355830,,,,
1779367053484005507,SINK_ONLY,917,1779367053484005507,,,,
1779367053518131328,SINK_ONLY,918,1779367053518131328,,,,
1779367053554266123,SINK_ONLY,919,1779367053554266123,,,,
1779367053589745209,SINK_ONLY,920,1779367053589745209,,,,
1779367053626456710,SINK_ONLY,921,1779367053626456710,,,,
1779367053662592126,SINK_ONLY,922,1779367053662592126,,,,
1779367053698618589,SINK_ONLY,923,1779367053698618589,,,,
1779367053734101065,SINK_ONLY,924,1779367053734101065,,,,
1779367053770754187,SINK_ONLY,925,1779367053770754187,,,,
1779367053806865851,SINK_ONLY,926,1779367053806865851,,,,
1779367053842452827,SINK_ONLY,927,1779367053842452827,,,,
1779367053881118052,SINK_ONLY,928,1779367053881118052,,,,
1779367053916477632,SINK_ONLY,929,1779367053916477632,,,,
1779367053951808584,SINK_ONLY,930,1779367053951808584,,,,
1779367053990208135,SINK_ONLY,931,1779367053990208135,,,,
1779367054023816592,SINK_ONLY,932,1779367054023816592,,,,
1779367054077140614,SINK_ONLY,933,1779367054077140614,,,,
1779367054116389606,SINK_ONLY,934,1779367054116389606,,,,
1779367054155531932,SINK_ONLY,935,1779367054155531932,,,,
1779367054174880132,SINK_ONLY,936,1779367054174880132,,,,
1779367054203421369,SINK_ONLY,937,1779367054203421369,,,,
1779367054240430461,SINK_ONLY,938,1779367054240430461,,,,
1779367054276478570,SINK_ONLY,939,1779367054276478570,,,,
1779367054314010343,SINK_ONLY,940,1779367054314010343,,,,
1779367054350388804,SINK_ONLY,941,1779367054350388804,,,,
1779367054389760874,SINK_ONLY,942,1779367054389760874,,,,
1779367054421409748,SINK_ONLY,943,1779367054421409748,,,,
1779367054457725838,SINK_ONLY,944,1779367054457725838,,,,
1779367054496370801,SINK_ONLY,945,1779367054496370801,,,,
1779367054534396326,SINK_ONLY,946,1779367054534396326,,,,
1779367054569655418,SINK_ONLY,947,1779367054569655418,,,,
1779367054608880779,SINK_ONLY,948,1779367054608880779,,,,
1779367054643052681,SINK_ONLY,949,1779367054643052681,,,,
1779367054679331035,SINK_ONLY,950,1779367054679331035,,,,
1779367054716798190,SINK_ONLY,951,1779367054716798190,,,,
1779367054751448197,SINK_ONLY,952,1779367054751448197,,,,
1779367054785879674,SINK_ONLY,953,1779367054785879674,,,,
1779367054822316634,SINK_ONLY,954,1779367054822316634,,,,
1779367054857794778,SINK_ONLY,955,1779367054857794778,,,,
1779367054890877043,SINK_ONLY,956,1779367054890877043,,,,
1779367054928962933,SINK_ONLY,957,1779367054928962933,,,,
1779367054962099845,SINK_ONLY,958,1779367054962099845,,,,
1779367055002570419,SINK_ONLY,959,1779367055002570419,,,,
1779367055047468614,SINK_ONLY,960,1779367055047468614,,,,
1779367055072750689,SINK_ONLY,961,1779367055072750689,,,,
1779367055106399830,SINK_ONLY,962,1779367055106399830,,,,
1779367055142568569,SINK_ONLY,963,1779367055142568569,,,,
1779367055177980188,SINK_ONLY,964,1779367055177980188,,,,
1779367055213997182,SINK_ONLY,965,1779367055213997182,,,,
1779367055250230939,SINK_ONLY,966,1779367055250230939,,,,
1779367055286353978,SINK_ONLY,967,1779367055286353978,,,,
1779367055322566891,SINK_ONLY,968,1779367055322566891,,,,
1779367055364120944,SINK_ONLY,969,1779367055364120944,,,,
1779367055396683597,SINK_ONLY,970,1779367055396683597,,,,
1779367055431879536,SINK_ONLY,971,1779367055431879536,,,,
1779367055467850228,SINK_ONLY,972,1779367055467850228,,,,
1779367055503501622,SINK_ONLY,973,1779367055503501622,,,,
1779367055539688576,SINK_ONLY,974,1779367055539688576,,,,
1779367055576622017,SINK_ONLY,975,1779367055576622017,,,,
1779367055612137354,SINK_ONLY,976,1779367055612137354,,,,
1779367055648608097,SINK_ONLY,977,1779367055648608097,,,,
1779367055685488214,SINK_ONLY,978,1779367055685488214,,,,
1779367055720918772,SINK_ONLY,979,1779367055720918772,,,,
1779367055756816420,SINK_ONLY,980,1779367055756816420,,,,
1779367055794657781,SINK_ONLY,981,1779367055794657781,,,,
1779367055828829082,SINK_ONLY,982,1779367055828829082,,,,
1779367055865966266,SINK_ONLY,983,1779367055865966266,,,,
1779367055901035015,SINK_ONLY,984,1779367055901035015,,,,
1779367055936945864,SINK_ONLY,985,1779367055936945864,,,,
1779367055973980374,SINK_ONLY,986,1779367055973980374,,,,
1779367056010992275,SINK_ONLY,987,1779367056010992275,,,,
1779367056048257612,SINK_ONLY,988,1779367056048257612,,,,
1779367056084021430,SINK_ONLY,989,1779367056084021430,,,,
1779367056119364499,SINK_ONLY,990,1779367056119364499,,,,
1779367056154742456,SINK_ONLY,991,1779367056154742456,,,,
1779367056191084726,SINK_ONLY,992,1779367056191084726,,,,
1779367056225749117,SINK_ONLY,993,1779367056225749117,,,,
1779367056262862709,SINK_ONLY,994,1779367056262862709,,,,
1779367056298017060,SINK_ONLY,995,1779367056298017060,,,,
1779367056334782446,SINK_ONLY,996,1779367056334782446,,,,
1779367056371909439,SINK_ONLY,997,1779367056371909439,,,,
1779367056405094419,SINK_ONLY,998,1779367056405094419,,,,
1779367056441786641,SINK_ONLY,999,1779367056441786641,,,,
1779367056478329003,SINK_ONLY,1000,1779367056478329003,,,,
1779367056514153267,SINK_ONLY,1001,1779367056514153267,,,,
1779367056550843563,SINK_ONLY,1002,1779367056550843563,,,,
1779367056587785208,SINK_ONLY,1003,1779367056587785208,,,,
1779367056622592878,SINK_ONLY,1004,1779367056622592878,,,,
1779367056658449460,SINK_ONLY,1005,1779367056658449460,,,,
1779367056696533926,SINK_ONLY,1006,1779367056696533926,,,,
1779367056729967728,SINK_ONLY,1007,1779367056729967728,,,,
1779367056766667452,SINK_ONLY,1008,1779367056766667452,,,,
1779367056803126560,SINK_ONLY,1009,1779367056803126560,,,,
1779367056838901051,SINK_ONLY,1010,1779367056838901051,,,,
1779367056874441284,SINK_ONLY,1011,1779367056874441284,,,,
1779367056911170339,SINK_ONLY,1012,1779367056911170339,,,,
1779367056947158925,SINK_ONLY,1013,1779367056947158925,,,,
1779367056982520472,SINK_ONLY,1014,1779367056982520472,,,,
1779367057019299539,SINK_ONLY,1015,1779367057019299539,,,,
1779367057055424624,SINK_ONLY,1016,1779367057055424624,,,,
1779367057090807515,SINK_ONLY,1017,1779367057090807515,,,,
1779367057127827762,SINK_ONLY,1018,1779367057127827762,,,,
1779367057163356199,SINK_ONLY,1019,1779367057163356199,,,,
1779367057205971502,SINK_ONLY,1020,1779367057205971502,,,,
1779367057237303205,SINK_ONLY,1021,1779367057237303205,,,,
1779367057271616100,SINK_ONLY,1022,1779367057271616100,,,,
1779367057306781204,SINK_ONLY,1023,1779367057306781204,,,,
1779367057342969863,SINK_ONLY,1024,1779367057342969863,,,,
1779367057379255079,SINK_ONLY,1025,1779367057379255079,,,,
1779367057415292575,SINK_ONLY,1026,1779367057415292575,,,,
1779367057453364322,SINK_ONLY,1027,1779367057453364322,,,,
1779367057488108958,SINK_ONLY,1028,1779367057488108958,,,,
1779367057524843690,SINK_ONLY,1029,1779367057524843690,,,,
1779367057560791011,SINK_ONLY,1030,1779367057560791011,,,,
1779367057596460881,SINK_ONLY,1031,1779367057596460881,,,,
1779367057632383465,SINK_ONLY,1032,1779367057632383465,,,,
1779367057668544320,SINK_ONLY,1033,1779367057668544320,,,,
1779367057704680398,SINK_ONLY,1034,1779367057704680398,,,,
1779367057740972614,SINK_ONLY,1035,1779367057740972614,,,,
1779367057777190142,SINK_ONLY,1036,1779367057777190142,,,,
1779367057813376796,SINK_ONLY,1037,1779367057813376796,,,,
1779367057849057158,SINK_ONLY,1038,1779367057849057158,,,,
1779367057885223048,SINK_ONLY,1039,1779367057885223048,,,,
1779367057922123427,SINK_ONLY,1040,1779367057922123427,,,,
1779367057957540443,SINK_ONLY,1041,1779367057957540443,,,,
1779367057993530755,SINK_ONLY,1042,1779367057993530755,,,,
1779367058032060565,SINK_ONLY,1043,1779367058032060565,,,,
1779367058067470459,SINK_ONLY,1044,1779367058067470459,,,,
1779367058106128802,SINK_ONLY,1045,1779367058106128802,,,,
1779367058142830674,SINK_ONLY,1046,1779367058142830674,,,,
1779367058177880585,SINK_ONLY,1047,1779367058177880585,,,,
1779367058214470112,SINK_ONLY,1048,1779367058214470112,,,,
1779367058250477336,SINK_ONLY,1049,1779367058250477336,,,,
1779367058286386640,SINK_ONLY,1050,1779367058286386640,,,,
1779367058321231183,SINK_ONLY,1051,1779367058321231183,,,,
1779367058359252435,SINK_ONLY,1052,1779367058359252435,,,,
1779367058392549076,SINK_ONLY,1053,1779367058392549076,,,,
1779367058427634657,SINK_ONLY,1054,1779367058427634657,,,,
1779367058465726285,SINK_ONLY,1055,1779367058465726285,,,,
1779367058500311714,SINK_ONLY,1056,1779367058500311714,,,,
1779367058536165869,SINK_ONLY,1057,1779367058536165869,,,,
1779367058572138105,SINK_ONLY,1058,1779367058572138105,,,,
1779367058607067187,SINK_ONLY,1059,1779367058607067187,,,,
1779367058643487335,SINK_ONLY,1060,1779367058643487335,,,,
1779367058679424484,SINK_ONLY,1061,1779367058679424484,,,,
1779367058715516949,SINK_ONLY,1062,1779367058715516949,,,,
1779367058751501584,SINK_ONLY,1063,1779367058751501584,,,,
1779367058787502107,SINK_ONLY,1064,1779367058787502107,,,,
1779367058824049023,SINK_ONLY,1065,1779367058824049023,,,,
1779367058860946654,SINK_ONLY,1066,1779367058860946654,,,,
1779367058896665715,SINK_ONLY,1067,1779367058896665715,,,,
1779367058933066625,SINK_ONLY,1068,1779367058933066625,,,,
1779367058968794553,SINK_ONLY,1069,1779367058968794553,,,,
1779367059008637585,SINK_ONLY,1070,1779367059008637585,,,,
1779367059042490129,SINK_ONLY,1071,1779367059042490129,,,,
1779367059080641901,SINK_ONLY,1072,1779367059080641901,,,,
1779367059114027395,SINK_ONLY,1073,1779367059114027395,,,,
1779367059150137073,SINK_ONLY,1074,1779367059150137073,,,,
1779367059186329443,SINK_ONLY,1075,1779367059186329443,,,,
1779367059221572246,SINK_ONLY,1076,1779367059221572246,,,,
1779367059257092638,SINK_ONLY,1077,1779367059257092638,,,,
1779367059295558071,SINK_ONLY,1078,1779367059295558071,,,,
1779367059329516961,SINK_ONLY,1079,1779367059329516961,,,,
1779367059372651976,SINK_ONLY,1080,1779367059372651976,,,,
1779367059405168528,SINK_ONLY,1081,1779367059405168528,,,,
1779367059439876252,SINK_ONLY,1082,1779367059439876252,,,,
1779367059475024164,SINK_ONLY,1083,1779367059475024164,,,,
1779367059508847398,SINK_ONLY,1084,1779367059508847398,,,,
1779367059549589384,SINK_ONLY,1085,1779367059549589384,,,,
1779367059590090210,SINK_ONLY,1086,1779367059590090210,,,,
1779367059634254718,SINK_ONLY,1087,1779367059634254718,,,,
1779367059670346521,SINK_ONLY,1088,1779367059670346521,,,,
1779367059709226584,SINK_ONLY,1089,1779367059709226584,,,,
1779367059740038876,SINK_ONLY,1090,1779367059740038876,,,,
1779367059779181784,SINK_ONLY,1091,1779367059779181784,,,,
1779367059818637068,SINK_ONLY,1092,1779367059818637068,,,,
1779367059851188508,SINK_ONLY,1093,1779367059851188508,,,,
1779367059886778152,SINK_ONLY,1094,1779367059886778152,,,,
1779367059916761365,SINK_ONLY,1095,1779367059916761365,,,,
1779367059943802668,SINK_ONLY,1096,1779367059943802668,,,,
1779367059980261495,SINK_ONLY,1097,1779367059980261495,,,,
1779367060017051777,SINK_ONLY,1098,1779367060017051777,,,,
1779367060050872444,SINK_ONLY,1099,1779367060050872444,,,,
1779367060087203058,SINK_ONLY,1100,1779367060087203058,,,,
1779367060123630168,SINK_ONLY,1101,1779367060123630168,,,,
1779367060159200714,SINK_ONLY,1102,1779367060159200714,,,,
1779367060196062094,SINK_ONLY,1103,1779367060196062094,,,,
1779367060231383757,SINK_ONLY,1104,1779367060231383757,,,,
1779367060267400189,SINK_ONLY,1105,1779367060267400189,,,,
1779367060304253244,SINK_ONLY,1106,1779367060304253244,,,,
1779367060339618461,SINK_ONLY,1107,1779367060339618461,,,,
1779367060376518880,SINK_ONLY,1108,1779367060376518880,,,,
1779367060411823612,SINK_ONLY,1109,1779367060411823612,,,,
1779367060448628218,SINK_ONLY,1110,1779367060448628218,,,,
1779367060484704052,SINK_ONLY,1111,1779367060484704052,,,,
1779367060519974158,SINK_ONLY,1112,1779367060519974158,,,,
1779367060556927981,SINK_ONLY,1113,1779367060556927981,,,,
1779367060592231630,SINK_ONLY,1114,1779367060592231630,,,,
1779367060628978399,SINK_ONLY,1115,1779367060628978399,,,,
1779367060664347929,SINK_ONLY,1116,1779367060664347929,,,,
1779367060701106213,SINK_ONLY,1117,1779367060701106213,,,,
1779367060737262754,SINK_ONLY,1118,1779367060737262754,,,,
1779367060774121004,SINK_ONLY,1119,1779367060774121004,,,,
1779367060809377569,SINK_ONLY,1120,1779367060809377569,,,,
1779367060844727580,SINK_ONLY,1121,1779367060844727580,,,,
1779367060881474048,SINK_ONLY,1122,1779367060881474048,,,,
1779367060917569963,SINK_ONLY,1123,1779367060917569963,,,,
1779367060953845729,SINK_ONLY,1124,1779367060953845729,,,,
1779367060993813724,SINK_ONLY,1125,1779367060993813724,,,,
1779367061025793813,SINK_ONLY,1126,1779367061025793813,,,,
1779367061062359206,SINK_ONLY,1127,1779367061062359206,,,,
1779367061098107938,SINK_ONLY,1128,1779367061098107938,,,,
1779367061133514904,SINK_ONLY,1129,1779367061133514904,,,,
1779367061172260755,SINK_ONLY,1130,1779367061172260755,,,,
1779367061205772395,SINK_ONLY,1131,1779367061205772395,,,,
1779367061243449955,SINK_ONLY,1132,1779367061243449955,,,,
1779367061278560011,SINK_ONLY,1133,1779367061278560011,,,,
1779367061314023730,SINK_ONLY,1134,1779367061314023730,,,,
1779367061353260304,SINK_ONLY,1135,1779367061353260304,,,,
1779367061386222502,SINK_ONLY,1136,1779367061386222502,,,,
1779367061423036597,SINK_ONLY,1137,1779367061423036597,,,,
1779367061458386106,SINK_ONLY,1138,1779367061458386106,,,,
1779367061495196048,SINK_ONLY,1139,1779367061495196048,,,,
1779367061539448225,SINK_ONLY,1140,1779367061539448225,,,,
1779367061568831781,SINK_ONLY,1141,1779367061568831781,,,,
1779367061603244300,SINK_ONLY,1142,1779367061603244300,,,,
1779367061638933972,SINK_ONLY,1143,1779367061638933972,,,,
1779367061676552430,SINK_ONLY,1144,1779367061676552430,,,,
1779367061710438236,SINK_ONLY,1145,1779367061710438236,,,,
1779367061746799324,SINK_ONLY,1146,1779367061746799324,,,,
1779367061782824141,SINK_ONLY,1147,1779367061782824141,,,,
1779367061818981565,SINK_ONLY,1148,1779367061818981565,,,,
1779367061855053306,SINK_ONLY,1149,1779367061855053306,,,,
1779367061893243195,SINK_ONLY,1150,1779367061893243195,,,,
1779367061928396403,SINK_ONLY,1151,1779367061928396403,,,,
1779367061964545281,SINK_ONLY,1152,1779367061964545281,,,,
1779367062000268334,SINK_ONLY,1153,1779367062000268334,,,,
1779367062035952649,SINK_ONLY,1154,1779367062035952649,,,,
1779367062072060581,SINK_ONLY,1155,1779367062072060581,,,,
1779367062108320418,SINK_ONLY,1156,1779367062108320418,,,,
1779367062144253715,SINK_ONLY,1157,1779367062144253715,,,,
1779367062180348206,SINK_ONLY,1158,1779367062180348206,,,,
1779367062217226057,SINK_ONLY,1159,1779367062217226057,,,,
1779367062252631156,SINK_ONLY,1160,1779367062252631156,,,,
1779367062289400494,SINK_ONLY,1161,1779367062289400494,,,,
1779367062325494202,SINK_ONLY,1162,1779367062325494202,,,,
1779367062360949957,SINK_ONLY,1163,1779367062360949957,,,,
1779367062397006171,SINK_ONLY,1164,1779367062397006171,,,,
1779367062433931406,SINK_ONLY,1165,1779367062433931406,,,,
1779367062469903683,SINK_ONLY,1166,1779367062469903683,,,,
1779367062505237143,SINK_ONLY,1167,1779367062505237143,,,,
1779367062542166571,SINK_ONLY,1168,1779367062542166571,,,,
1779367062578081412,SINK_ONLY,1169,1779367062578081412,,,,
1779367062613573939,SINK_ONLY,1170,1779367062613573939,,,,
1779367062650346788,SINK_ONLY,1171,1779367062650346788,,,,
1779367062685701312,SINK_ONLY,1172,1779367062685701312,,,,
1779367062722452354,SINK_ONLY,1173,1779367062722452354,,,,
1779367062758562613,SINK_ONLY,1174,1779367062758562613,,,,
1779367062794019973,SINK_ONLY,1175,1779367062794019973,,,,
1779367062830719096,SINK_ONLY,1176,1779367062830719096,,,,
1779367062866128950,SINK_ONLY,1177,1779367062866128950,,,,
1779367062902880794,SINK_ONLY,1178,1779367062902880794,,,,
1779367062938970129,SINK_ONLY,1179,1779367062938970129,,,,
1779367062974626779,SINK_ONLY,1180,1779367062974626779,,,,
1779367063012703963,SINK_ONLY,1181,1779367063012703963,,,,
1779367063047317618,SINK_ONLY,1182,1779367063047317618,,,,
1779367063082751024,SINK_ONLY,1183,1779367063082751024,,,,
1779367063121576520,SINK_ONLY,1184,1779367063121576520,,,,
1779367063155529432,SINK_ONLY,1185,1779367063155529432,,,,
1779367063190876433,SINK_ONLY,1186,1779367063190876433,,,,
1779367063227791558,SINK_ONLY,1187,1779367063227791558,,,,
1779367063263850239,SINK_ONLY,1188,1779367063263850239,,,,
1779367063299257485,SINK_ONLY,1189,1779367063299257485,,,,
1779367063337962451,SINK_ONLY,1190,1779367063337962451,,,,
1779367063371405622,SINK_ONLY,1191,1779367063371405622,,,,
1779367063408276551,SINK_ONLY,1192,1779367063408276551,,,,
1779367063446585043,SINK_ONLY,1193,1779367063446585043,,,,
1779367063479677038,SINK_ONLY,1194,1779367063479677038,,,,
1779367063516362880,SINK_ONLY,1195,1779367063516362880,,,,
1779367063553187688,SINK_ONLY,1196,1779367063553187688,,,,
1779367063587965987,SINK_ONLY,1197,1779367063587965987,,,,
1779367063624757333,SINK_ONLY,1198,1779367063624757333,,,,
1779367063660134607,SINK_ONLY,1199,1779367063660134607,,,,
1779367063703518263,SINK_ONLY,1200,1779367063703518263,,,,
1779367063734481518,SINK_ONLY,1201,1779367063734481518,,,,
1779367063768756296,SINK_ONLY,1202,1779367063768756296,,,,
1779367063803886232,SINK_ONLY,1203,1779367063803886232,,,,
1779367063839973983,SINK_ONLY,1204,1779367063839973983,,,,
1779367063876256610,SINK_ONLY,1205,1779367063876256610,,,,
1779367063912302733,SINK_ONLY,1206,1779367063912302733,,,,
1779367063948394636,SINK_ONLY,1207,1779367063948394636,,,,
1779367063984573445,SINK_ONLY,1208,1779367063984573445,,,,
1779367064021149631,SINK_ONLY,1209,1779367064021149631,,,,
1779367064059210866,SINK_ONLY,1210,1779367064059210866,,,,
1779367064093342144,SINK_ONLY,1211,1779367064093342144,,,,
1779367064129426243,SINK_ONLY,1212,1779367064129426243,,,,
1779367064165570867,SINK_ONLY,1213,1779367064165570867,,,,
1779367064203124247,SINK_ONLY,1214,1779367064203124247,,,,
1779367064237719285,SINK_ONLY,1215,1779367064237719285,,,,
1779367064273904073,SINK_ONLY,1216,1779367064273904073,,,,
1779367064310627169,SINK_ONLY,1217,1779367064310627169,,,,
1779367064346013330,SINK_ONLY,1218,1779367064346013330,,,,
1779367064382774363,SINK_ONLY,1219,1779367064382774363,,,,
1779367064420161734,SINK_ONLY,1220,1779367064420161734,,,,
1779367064454964488,SINK_ONLY,1221,1779367064454964488,,,,
1779367064491480129,SINK_ONLY,1222,1779367064491480129,,,,
1779367064528286942,SINK_ONLY,1223,1779367064528286942,,,,
1779367064564776222,SINK_ONLY,1224,1779367064564776222,,,,
1779367064599930854,SINK_ONLY,1225,1779367064599930854,,,,
1779367064636678205,SINK_ONLY,1226,1779367064636678205,,,,
1779367064674762831,SINK_ONLY,1227,1779367064674762831,,,,
1779367064707884918,SINK_ONLY,1228,1779367064707884918,,,,
1779367064743876975,SINK_ONLY,1229,1779367064743876975,,,,
1779367064783398623,SINK_ONLY,1230,1779367064783398623,,,,
1779367064816012634,SINK_ONLY,1231,1779367064816012634,,,,
1779367064851450654,SINK_ONLY,1232,1779367064851450654,,,,
1779367064888261178,SINK_ONLY,1233,1779367064888261178,,,,
1779367064924277069,SINK_ONLY,1234,1779367064924277069,,,,
1779367064959731780,SINK_ONLY,1235,1779367064959731780,,,,
1779367064997271538,SINK_ONLY,1236,1779367064997271538,,,,
1779367065032531392,SINK_ONLY,1237,1779367065032531392,,,,
1779367065069374877,SINK_ONLY,1238,1779367065069374877,,,,
1779367065106247211,SINK_ONLY,1239,1779367065106247211,,,,
1779367065141228893,SINK_ONLY,1240,1779367065141228893,,,,
1779367065177188150,SINK_ONLY,1241,1779367065177188150,,,,
1779367065212392775,SINK_ONLY,1242,1779367065212392775,,,,
1779367065249294358,SINK_ONLY,1243,1779367065249294358,,,,
1779367065284648662,SINK_ONLY,1244,1779367065284648662,,,,
1779367065328075391,SINK_ONLY,1245,1779367065328075391,,,,
1779367065380108579,SINK_ONLY,1246,1779367065380108579,,,,
1779367065415180939,SINK_ONLY,1247,1779367065415180939,,,,
1779367065452226202,SINK_ONLY,1248,1779367065452226202,,,,
1779367065484873876,SINK_ONLY,1249,1779367065484873876,,,,
1779367065522098408,SINK_ONLY,1250,1779367065522098408,,,,
1779367065558062741,SINK_ONLY,1251,1779367065558062741,,,,
1779367065596915299,SINK_ONLY,1252,1779367065596915299,,,,
1779367065636733174,SINK_ONLY,1253,1779367065636733174,,,,
1779367065666705293,SINK_ONLY,1254,1779367065666705293,,,,
1779367065695176255,SINK_ONLY,1255,1779367065695176255,,,,
1779367065731084174,SINK_ONLY,1256,1779367065731084174,,,,
1779367065767613296,SINK_ONLY,1257,1779367065767613296,,,,
1779367065814075442,SINK_ONLY,1258,1779367065814075442,,,,
1779367065848018704,SINK_ONLY,1259,1779367065848018704,,,,
1779367065897137947,SINK_ONLY,1260,1779367065897137947,,,,
1779367065922941238,SINK_ONLY,1261,1779367065922941238,,,,
1779367065963113539,SINK_ONLY,1262,1779367065963113539,,,,
1779367065989718625,SINK_ONLY,1263,1779367065989718625,,,,
1779367066011418388,SINK_ONLY,1264,1779367066011418388,,,,
1779367066042646995,SINK_ONLY,1265,1779367066042646995,,,,
1779367066078734445,SINK_ONLY,1266,1779367066078734445,,,,
1779367066114430355,SINK_ONLY,1267,1779367066114430355,,,,
1779367066150451662,SINK_ONLY,1268,1779367066150451662,,,,
1779367066186512469,SINK_ONLY,1269,1779367066186512469,,,,
1779367066224131229,SINK_ONLY,1270,1779367066224131229,,,,
1779367066259087775,SINK_ONLY,1271,1779367066259087775,,,,
1779367066295283355,SINK_ONLY,1272,1779367066295283355,,,,
1779367066333875717,SINK_ONLY,1273,1779367066333875717,,,,
1779367066367524116,SINK_ONLY,1274,1779367066367524116,,,,
1779367066403590761,SINK_ONLY,1275,1779367066403590761,,,,
1779367066439575576,SINK_ONLY,1276,1779367066439575576,,,,
1779367066475753724,SINK_ONLY,1277,1779367066475753724,,,,
1779367066511775853,SINK_ONLY,1278,1779367066511775853,,,,
1779367066549760934,SINK_ONLY,1279,1779367066549760934,,,,
1779367066586104689,SINK_ONLY,1280,1779367066586104689,,,,
1779367066622851819,SINK_ONLY,1281,1779367066622851819,,,,
1779367066658412655,SINK_ONLY,1282,1779367066658412655,,,,
1779367066694113821,SINK_ONLY,1283,1779367066694113821,,,,
1779367066729382002,SINK_ONLY,1284,1779367066729382002,,,,
1779367066765740180,SINK_ONLY,1285,1779367066765740180,,,,
1779367066801849657,SINK_ONLY,1286,1779367066801849657,,,,
1779367066836747262,SINK_ONLY,1287,1779367066836747262,,,,
1779367066872911788,SINK_ONLY,1288,1779367066872911788,,,,
1779367066909595062,SINK_ONLY,1289,1779367066909595062,,,,
1779367066944992678,SINK_ONLY,1290,1779367066944992678,,,,
1779367066981694329,SINK_ONLY,1291,1779367066981694329,,,,
1779367067017791227,SINK_ONLY,1292,1779367067017791227,,,,
1779367067053144709,SINK_ONLY,1293,1779367067053144709,,,,
1779367067090571641,SINK_ONLY,1294,1779367067090571641,,,,
1779367067126206865,SINK_ONLY,1295,1779367067126206865,,,,
1779367067162272869,SINK_ONLY,1296,1779367067162272869,,,,
1779367067198418155,SINK_ONLY,1297,1779367067198418155,,,,
1779367067233657166,SINK_ONLY,1298,1779367067233657166,,,,
1779367067270544806,SINK_ONLY,1299,1779367067270544806,,,,
1779367067306068027,SINK_ONLY,1300,1779367067306068027,,,,
1779367067342736577,SINK_ONLY,1301,1779367067342736577,,,,
1779367067378861882,SINK_ONLY,1302,1779367067378861882,,,,
1779367067415324621,SINK_ONLY,1303,1779367067415324621,,,,
1779367067451163649,SINK_ONLY,1304,1779367067451163649,,,,
1779367067486331261,SINK_ONLY,1305,1779367067486331261,,,,
1779367067523263017,SINK_ONLY,1306,1779367067523263017,,,,
1779367067559452097,SINK_ONLY,1307,1779367067559452097,,,,
1779367067594687497,SINK_ONLY,1308,1779367067594687497,,,,
1779367067631360781,SINK_ONLY,1309,1779367067631360781,,,,
1779367067666859547,SINK_ONLY,1310,1779367067666859547,,,,
1779367067704055311,SINK_ONLY,1311,1779367067704055311,,,,
1779367067739306640,SINK_ONLY,1312,1779367067739306640,,,,
1779367067780788471,SINK_ONLY,1313,1779367067780788471,,,,
1779367067811825612,SINK_ONLY,1314,1779367067811825612,,,,
1779367067848232761,SINK_ONLY,1315,1779367067848232761,,,,
1779367067884329780,SINK_ONLY,1316,1779367067884329780,,,,
1779367067922196619,SINK_ONLY,1317,1779367067922196619,,,,
1779367067955738492,SINK_ONLY,1318,1779367067955738492,,,,
1779367067998121784,SINK_ONLY,1319,1779367067998121784,,,,
1779367068039284538,SINK_ONLY,1320,1779367068039284538,,,,
1779367068070134205,SINK_ONLY,1321,1779367068070134205,,,,
1779367068100959277,SINK_ONLY,1322,1779367068100959277,,,,
1779367068138453736,SINK_ONLY,1323,1779367068138453736,,,,
1779367068174812596,SINK_ONLY,1324,1779367068174812596,,,,
1779367068211676765,SINK_ONLY,1325,1779367068211676765,,,,
1779367068247800585,SINK_ONLY,1326,1779367068247800585,,,,
1779367068283858866,SINK_ONLY,1327,1779367068283858866,,,,
1779367068320917389,SINK_ONLY,1328,1779367068320917389,,,,
1779367068356345720,SINK_ONLY,1329,1779367068356345720,,,,
1779367068394457891,SINK_ONLY,1330,1779367068394457891,,,,
1779367068428654629,SINK_ONLY,1331,1779367068428654629,,,,
1779367068465135162,SINK_ONLY,1332,1779367068465135162,,,,
1779367068500892079,SINK_ONLY,1333,1779367068500892079,,,,
1779367068538972493,SINK_ONLY,1334,1779367068538972493,,,,
1779367068573372053,SINK_ONLY,1335,1779367068573372053,,,,
1779367068608810394,SINK_ONLY,1336,1779367068608810394,,,,
1779367068646113406,SINK_ONLY,1337,1779367068646113406,,,,
1779367068681894297,SINK_ONLY,1338,1779367068681894297,,,,
1779367068715322562,SINK_ONLY,1339,1779367068715322562,,,,
1779367068757281354,SINK_ONLY,1340,1779367068757281354,,,,
1779367068793361019,SINK_ONLY,1341,1779367068793361019,,,,
1779367068828635077,SINK_ONLY,1342,1779367068828635077,,,,
1779367068862615975,SINK_ONLY,1343,1779367068862615975,,,,
1779367068899474566,SINK_ONLY,1344,1779367068899474566,,,,
1779367068944575422,SINK_ONLY,1345,1779367068944575422,,,,
1779367068969963160,SINK_ONLY,1346,1779367068969963160,,,,
1779367069007568398,SINK_ONLY,1347,1779367069007568398,,,,
1779367069040091410,SINK_ONLY,1348,1779367069040091410,,,,
1779367069076798016,SINK_ONLY,1349,1779367069076798016,,,,
1779367069112178219,SINK_ONLY,1350,1779367069112178219,,,,
1779367069148688464,SINK_ONLY,1351,1779367069148688464,,,,
1779367069185970933,SINK_ONLY,1352,1779367069185970933,,,,
1779367069219755991,SINK_ONLY,1353,1779367069219755991,,,,
1779367069255064153,SINK_ONLY,1354,1779367069255064153,,,,
1779367069291789135,SINK_ONLY,1355,1779367069291789135,,,,
1779367069327281342,SINK_ONLY,1356,1779367069327281342,,,,
1779367069364008811,SINK_ONLY,1357,1779367069364008811,,,,
1779367069399349674,SINK_ONLY,1358,1779367069399349674,,,,
1779367069436131992,SINK_ONLY,1359,1779367069436131992,,,,
1779367069475304831,SINK_ONLY,1360,1779367069475304831,,,,
1779367069508172278,SINK_ONLY,1361,1779367069508172278,,,,
1779367069545128248,SINK_ONLY,1362,1779367069545128248,,,,
1779367069580417573,SINK_ONLY,1363,1779367069580417573,,,,
1779367069616660478,SINK_ONLY,1364,1779367069616660478,,,,
1779367069653991095,SINK_ONLY,1365,1779367069653991095,,,,
1779367069688131481,SINK_ONLY,1366,1779367069688131481,,,,
1779367069725000424,SINK_ONLY,1367,1779367069725000424,,,,
1779367069762497751,SINK_ONLY,1368,1779367069762497751,,,,
1779367069797109260,SINK_ONLY,1369,1779367069797109260,,,,
1779367069833216390,SINK_ONLY,1370,1779367069833216390,,,,
1779367069868881446,SINK_ONLY,1371,1779367069868881446,,,,
1779367069905782447,SINK_ONLY,1372,1779367069905782447,,,,
1779367069941460623,SINK_ONLY,1373,1779367069941460623,,,,
1779367069978737555,SINK_ONLY,1374,1779367069978737555,,,,
1779367070013650547,SINK_ONLY,1375,1779367070013650547,,,,
1779367070048910121,SINK_ONLY,1376,1779367070048910121,,,,
1779367070087904715,SINK_ONLY,1377,1779367070087904715,,,,
1779367070121242141,SINK_ONLY,1378,1779367070121242141,,,,
1779367070158192453,SINK_ONLY,1379,1779367070158192453,,,,
1779367070200959662,SINK_ONLY,1380,1779367070200959662,,,,
1779367070231816109,SINK_ONLY,1381,1779367070231816109,,,,
1779367070265940547,SINK_ONLY,1382,1779367070265940547,,,,
1779367070301093955,SINK_ONLY,1383,1779367070301093955,,,,
1779367070337225560,SINK_ONLY,1384,1779367070337225560,,,,
1779367070373268673,SINK_ONLY,1385,1779367070373268673,,,,
1779367070409596659,SINK_ONLY,1386,1779367070409596659,,,,
1779367070446349928,SINK_ONLY,1387,1779367070446349928,,,,
1779367070482471683,SINK_ONLY,1388,1779367070482471683,,,,
1779367070521135543,SINK_ONLY,1389,1779367070521135543,,,,
1779367070562613021,SINK_ONLY,1390,1779367070562613021,,,,
1779367070590519614,SINK_ONLY,1391,1779367070590519614,,,,
1779367070627478332,SINK_ONLY,1392,1779367070627478332,,,,
1779367070664014094,SINK_ONLY,1393,1779367070664014094,,,,
1779367070700936040,SINK_ONLY,1394,1779367070700936040,,,,
1779367070737293797,SINK_ONLY,1395,1779367070737293797,,,,
1779367070773591210,SINK_ONLY,1396,1779367070773591210,,,,
1779367070807532145,SINK_ONLY,1397,1779367070807532145,,,,
1779367070847137168,SINK_ONLY,1398,1779367070847137168,,,,
1779367070881031319,SINK_ONLY,1399,1779367070881031319,,,,
1779367070917563370,SINK_ONLY,1400,1779367070917563370,,,,
1779367070951494194,SINK_ONLY,1401,1779367070951494194,,,,
1779367070988871595,SINK_ONLY,1402,1779367070988871595,,,,
1779367071027707282,SINK_ONLY,1403,1779367071027707282,,,,
1779367071062991210,SINK_ONLY,1404,1779367071062991210,,,,
1779367071099687263,SINK_ONLY,1405,1779367071099687263,,,,
1779367071132678610,SINK_ONLY,1406,1779367071132678610,,,,
1779367071169600294,SINK_ONLY,1407,1779367071169600294,,,,
1779367071206101932,SINK_ONLY,1408,1779367071206101932,,,,
1779367071240371594,SINK_ONLY,1409,1779367071240371594,,,,
1779367071278672784,SINK_ONLY,1410,1779367071278672784,,,,
1779367071313192291,SINK_ONLY,1411,1779367071313192291,,,,
1779367071349340607,SINK_ONLY,1412,1779367071349340607,,,,
1779367071384722094,SINK_ONLY,1413,1779367071384722094,,,,
1779367071438093160,SINK_ONLY,1414,1779367071438093160,,,,
1779367071474522858,SINK_ONLY,1415,1779367071474522858,,,,
1779367071510463497,SINK_ONLY,1416,1779367071510463497,,,,
1779367071551789231,SINK_ONLY,1417,1779367071551789231,,,,
1779367071588618693,SINK_ONLY,1418,1779367071588618693,,,,
1779367071623671553,SINK_ONLY,1419,1779367071623671553,,,,
1779367071659542680,SINK_ONLY,1420,1779367071659542680,,,,
1779367071694125180,SINK_ONLY,1421,1779367071694125180,,,,
1779367071729898548,SINK_ONLY,1422,1779367071729898548,,,,
1779367071764739298,SINK_ONLY,1423,1779367071764739298,,,,
1779367071802037235,SINK_ONLY,1424,1779367071802037235,,,,
1779367071838189604,SINK_ONLY,1425,1779367071838189604,,,,
1779367071880976512,SINK_ONLY,1426,1779367071880976512,,,,
1779367071915151865,SINK_ONLY,1427,1779367071915151865,,,,
1779367071949615501,SINK_ONLY,1428,1779367071949615501,,,,
1779367071984305831,SINK_ONLY,1429,1779367071984305831,,,,
1779367072021711579,SINK_ONLY,1430,1779367072021711579,,,,
1779367072056434549,SINK_ONLY,1431,1779367072056434549,,,,
1779367072094343678,SINK_ONLY,1432,1779367072094343678,,,,
1779367072127348084,SINK_ONLY,1433,1779367072127348084,,,,
1779367072161868093,SINK_ONLY,1434,1779367072161868093,,,,
1779367072201404084,SINK_ONLY,1435,1779367072201404084,,,,
1779367072236773414,SINK_ONLY,1436,1779367072236773414,,,,
1779367072274208210,SINK_ONLY,1437,1779367072274208210,,,,
1779367072308913426,SINK_ONLY,1438,1779367072308913426,,,,
1779367072346378435,SINK_ONLY,1439,1779367072346378435,,,,
1779367072394118474,SINK_ONLY,1440,1779367072394118474,,,,
1779367072420093692,SINK_ONLY,1441,1779367072420093692,,,,
1779367072454422194,SINK_ONLY,1442,1779367072454422194,,,,
1779367072488735068,SINK_ONLY,1443,1779367072488735068,,,,
1779367072522580410,SINK_ONLY,1444,1779367072522580410,,,,
1779367072558004829,SINK_ONLY,1445,1779367072558004829,,,,
1779367072594667400,SINK_ONLY,1446,1779367072594667400,,,,
1779367072630585891,SINK_ONLY,1447,1779367072630585891,,,,
1779367072668754956,SINK_ONLY,1448,1779367072668754956,,,,
1779367072702673142,SINK_ONLY,1449,1779367072702673142,,,,
1779367072739770665,SINK_ONLY,1450,1779367072739770665,,,,
1779367072778905849,SINK_ONLY,1451,1779367072778905849,,,,
1779367072812164394,SINK_ONLY,1452,1779367072812164394,,,,
1779367072852838231,SINK_ONLY,1453,1779367072852838231,,,,
1779367072886846813,SINK_ONLY,1454,1779367072886846813,,,,
1779367072923671841,SINK_ONLY,1455,1779367072923671841,,,,
1779367072960251980,SINK_ONLY,1456,1779367072960251980,,,,
1779367072994737683,SINK_ONLY,1457,1779367072994737683,,,,
1779367073031131130,SINK_ONLY,1458,1779367073031131130,,,,
1779367073066669698,SINK_ONLY,1459,1779367073066669698,,,,
1779367073106414951,SINK_ONLY,1460,1779367073106414951,,,,
1779367073141389231,SINK_ONLY,1461,1779367073141389231,,,,
1779367073177943109,SINK_ONLY,1462,1779367073177943109,,,,
1779367073211585750,SINK_ONLY,1463,1779367073211585750,,,,
1779367073247404797,SINK_ONLY,1464,1779367073247404797,,,,
1779367073274680036,SINK_ONLY,1465,1779367073274680036,,,,
1779367073298980163,SINK_ONLY,1466,1779367073298980163,,,,
1779367073335281067,SINK_ONLY,1467,1779367073335281067,,,,
1779367073371777288,SINK_ONLY,1468,1779367073371777288,,,,
1779367073407403444,SINK_ONLY,1469,1779367073407403444,,,,
1779367073443403687,SINK_ONLY,1470,1779367073443403687,,,,
1779367073478875791,SINK_ONLY,1471,1779367073478875791,,,,
1779367073514256376,SINK_ONLY,1472,1779367073514256376,,,,
1779367073550968017,SINK_ONLY,1473,1779367073550968017,,,,
1779367073586967036,SINK_ONLY,1474,1779367073586967036,,,,
1779367073624259375,SINK_ONLY,1475,1779367073624259375,,,,
1779367073658432943,SINK_ONLY,1476,1779367073658432943,,,,
1779367073695280300,SINK_ONLY,1477,1779367073695280300,,,,
1779367073731511289,SINK_ONLY,1478,1779367073731511289,,,,
1779367073767505031,SINK_ONLY,1479,1779367073767505031,,,,
1779367073804434519,SINK_ONLY,1480,1779367073804434519,,,,
1779367073839952946,SINK_ONLY,1481,1779367073839952946,,,,
1779367073875145956,SINK_ONLY,1482,1779367073875145956,,,,
1779367073911789107,SINK_ONLY,1483,1779367073911789107,,,,
1779367073947982140,SINK_ONLY,1484,1779367073947982140,,,,
1779367073983442790,SINK_ONLY,1485,1779367073983442790,,,,
1779367074020171483,SINK_ONLY,1486,1779367074020171483,,,,
1779367074056189781,SINK_ONLY,1487,1779367074056189781,,,,
1779367074091836922,SINK_ONLY,1488,1779367074091836922,,,,
1779367074128343194,SINK_ONLY,1489,1779367074128343194,,,,
1779367074163895965,SINK_ONLY,1490,1779367074163895965,,,,
1779367074202777834,SINK_ONLY,1491,1779367074202777834,,,,
1779367074236867123,SINK_ONLY,1492,1779367074236867123,,,,
1779367074272157772,SINK_ONLY,1493,1779367074272157772,,,,
1779367074308222412,SINK_ONLY,1494,1779367074308222412,,,,
1779367074345222175,SINK_ONLY,1495,1779367074345222175,,,,
1779367074380622701,SINK_ONLY,1496,1779367074380622701,,,,
1779367074417868498,SINK_ONLY,1497,1779367074417868498,,,,
1779367074452728608,SINK_ONLY,1498,1779367074452728608,,,,
1779367074489496321,SINK_ONLY,1499,1779367074489496321,,,,
1779367074532602447,SINK_ONLY,1500,1779367074532602447,,,,
1779367074562992166,SINK_ONLY,1501,1779367074562992166,,,,
1779367074597275469,SINK_ONLY,1502,1779367074597275469,,,,
1779367074632602670,SINK_ONLY,1503,1779367074632602670,,,,
1779367074669111711,SINK_ONLY,1504,1779367074669111711,,,,
1779367074705352189,SINK_ONLY,1505,1779367074705352189,,,,
1779367074742364350,SINK_ONLY,1506,1779367074742364350,,,,
1779367074776870677,SINK_ONLY,1507,1779367074776870677,,,,
1779367074813248656,SINK_ONLY,1508,1779367074813248656,,,,
1779367074849266473,SINK_ONLY,1509,1779367074849266473,,,,
1779367074885461150,SINK_ONLY,1510,1779367074885461150,,,,
1779367074921459146,SINK_ONLY,1511,1779367074921459146,,,,
1779367074958145530,SINK_ONLY,1512,1779367074958145530,,,,
1779367074994469523,SINK_ONLY,1513,1779367074994469523,,,,
1779367075030310438,SINK_ONLY,1514,1779367075030310438,,,,
1779367075066397105,SINK_ONLY,1515,1779367075066397105,,,,
1779367075102669781,SINK_ONLY,1516,1779367075102669781,,,,
1779367075138540948,SINK_ONLY,1517,1779367075138540948,,,,
1779367075174674399,SINK_ONLY,1518,1779367075174674399,,,,
1779367075210792241,SINK_ONLY,1519,1779367075210792241,,,,
1779367075247850765,SINK_ONLY,1520,1779367075247850765,,,,
1779367075284036194,SINK_ONLY,1521,1779367075284036194,,,,
1779367075321833099,SINK_ONLY,1522,1779367075321833099,,,,
1779367075355952702,SINK_ONLY,1523,1779367075355952702,,,,
1779367075394864642,SINK_ONLY,1524,1779367075394864642,,,,
1779367075428105693,SINK_ONLY,1525,1779367075428105693,,,,
1779367075464741141,SINK_ONLY,1526,1779367075464741141,,,,
1779367075499680093,SINK_ONLY,1527,1779367075499680093,,,,
1779367075535837597,SINK_ONLY,1528,1779367075535837597,,,,
1779367075571799221,SINK_ONLY,1529,1779367075571799221,,,,
1779367075608643408,SINK_ONLY,1530,1779367075608643408,,,,
1779367075643921177,SINK_ONLY,1531,1779367075643921177,,,,
1779367075680156299,SINK_ONLY,1532,1779367075680156299,,,,
1779367075716312559,SINK_ONLY,1533,1779367075716312559,,,,
1779367075753177751,SINK_ONLY,1534,1779367075753177751,,,,
1779367075789017080,SINK_ONLY,1535,1779367075789017080,,,,
1779367075826108886,SINK_ONLY,1536,1779367075826108886,,,,
1779367075862735527,SINK_ONLY,1537,1779367075862735527,,,,
1779367075896736746,SINK_ONLY,1538,1779367075896736746,,,,
1779367075933473123,SINK_ONLY,1539,1779367075933473123,,,,
1779367075968985070,SINK_ONLY,1540,1779367075968985070,,,,
1779367076005645314,SINK_ONLY,1541,1779367076005645314,,,,
1779367076040948982,SINK_ONLY,1542,1779367076040948982,,,,
1779367076077029049,SINK_ONLY,1543,1779367076077029049,,,,
1779367076114146413,SINK_ONLY,1544,1779367076114146413,,,,
1779367076149273180,SINK_ONLY,1545,1779367076149273180,,,,
1779367076187224598,SINK_ONLY,1546,1779367076187224598,,,,
1779367076221383702,SINK_ONLY,1547,1779367076221383702,,,,
1779367076258291243,SINK_ONLY,1548,1779367076258291243,,,,
1779367076295062587,SINK_ONLY,1549,1779367076295062587,,,,
1779367076330594756,SINK_ONLY,1550,1779367076330594756,,,,
1779367076365825661,SINK_ONLY,1551,1779367076365825661,,,,
1779367076402331151,SINK_ONLY,1552,1779367076402331151,,,,
1779367076438863684,SINK_ONLY,1553,1779367076438863684,,,,
1779367076474034987,SINK_ONLY,1554,1779367076474034987,,,,
1779367076510847598,SINK_ONLY,1555,1779367076510847598,,,,
1779367076546298417,SINK_ONLY,1556,1779367076546298417,,,,
1779367076583005224,SINK_ONLY,1557,1779367076583005224,,,,
1779367076618492816,SINK_ONLY,1558,1779367076618492816,,,,
1779367076655368720,SINK_ONLY,1559,1779367076655368720,,,,
1779367076698148386,SINK_ONLY,1560,1779367076698148386,,,,
1779367076729582102,SINK_ONLY,1561,1779367076729582102,,,,
1779367076763762491,SINK_ONLY,1562,1779367076763762491,,,,
1779367076798278567,SINK_ONLY,1563,1779367076798278567,,,,
1779367076834166144,SINK_ONLY,1564,1779367076834166144,,,,
1779367076870436955,SINK_ONLY,1565,1779367076870436955,,,,
1779367076906447630,SINK_ONLY,1566,1779367076906447630,,,,
1779367076942786148,SINK_ONLY,1567,1779367076942786148,,,,
1779367076978935968,SINK_ONLY,1568,1779367076978935968,,,,
1779367077015321270,SINK_ONLY,1569,1779367077015321270,,,,
1779367077053301176,SINK_ONLY,1570,1779367077053301176,,,,
1779367077087773378,SINK_ONLY,1571,1779367077087773378,,,,
1779367077123737791,SINK_ONLY,1572,1779367077123737791,,,,
1779367077159987677,SINK_ONLY,1573,1779367077159987677,,,,
1779367077195996646,SINK_ONLY,1574,1779367077195996646,,,,
1779367077232136617,SINK_ONLY,1575,1779367077232136617,,,,
1779367077270341070,SINK_ONLY,1576,1779367077270341070,,,,
1779367077307922515,SINK_ONLY,1577,1779367077307922515,,,,
1779367077345229059,SINK_ONLY,1578,1779367077345229059,,,,
1779367077380664431,SINK_ONLY,1579,1779367077380664431,,,,
1779367077416308623,SINK_ONLY,1580,1779367077416308623,,,,
1779367077452289947,SINK_ONLY,1581,1779367077452289947,,,,
1779367077489909990,SINK_ONLY,1582,1779367077489909990,,,,
1779367077524653664,SINK_ONLY,1583,1779367077524653664,,,,
1779367077560767574,SINK_ONLY,1584,1779367077560767574,,,,
1779367077596712166,SINK_ONLY,1585,1779367077596712166,,,,
1779367077632818333,SINK_ONLY,1586,1779367077632818333,,,,
1779367077667148219,SINK_ONLY,1587,1779367077667148219,,,,
1779367077702652864,SINK_ONLY,1588,1779367077702652864,,,,
1779367077738732228,SINK_ONLY,1589,1779367077738732228,,,,
1779367077775107900,SINK_ONLY,1590,1779367077775107900,,,,
1779367077809782061,SINK_ONLY,1591,1779367077809782061,,,,
1779367077846444953,SINK_ONLY,1592,1779367077846444953,,,,
1779367077882027877,SINK_ONLY,1593,1779367077882027877,,,,
1779367077918153463,SINK_ONLY,1594,1779367077918153463,,,,
1779367077955009206,SINK_ONLY,1595,1779367077955009206,,,,
1779367077990358173,SINK_ONLY,1596,1779367077990358173,,,,
1779367078027105925,SINK_ONLY,1597,1779367078027105925,,,,
1779367078063206435,SINK_ONLY,1598,1779367078063206435,,,,
1779367078099153815,SINK_ONLY,1599,1779367078099153815,,,,
1779367078135237031,SINK_ONLY,1600,1779367078135237031,,,,
1779367078173071171,SINK_ONLY,1601,1779367078173071171,,,,
1779367078209473685,SINK_ONLY,1602,1779367078209473685,,,,
1779367078242897998,SINK_ONLY,1603,1779367078242897998,,,,
1779367078279775286,SINK_ONLY,1604,1779367078279775286,,,,
1779367078316564686,SINK_ONLY,1605,1779367078316564686,,,,
1779367078351979856,SINK_ONLY,1606,1779367078351979856,,,,
1779367078394727263,SINK_ONLY,1607,1779367078394727263,,,,
1779367078426847502,SINK_ONLY,1608,1779367078426847502,,,,
1779367078460172109,SINK_ONLY,1609,1779367078460172109,,,,
1779367078496198512,SINK_ONLY,1610,1779367078496198512,,,,
1779367078532398727,SINK_ONLY,1611,1779367078532398727,,,,
1779367078576079072,SINK_ONLY,1612,1779367078576079072,,,,
1779367078612746457,SINK_ONLY,1613,1779367078612746457,,,,
1779367078645417242,SINK_ONLY,1614,1779367078645417242,,,,
1779367078685869741,SINK_ONLY,1615,1779367078685869741,,,,
1779367078736603048,SINK_ONLY,1616,1779367078736603048,,,,
1779367078772368531,SINK_ONLY,1617,1779367078772368531,,,,
1779367078800744201,SINK_ONLY,1618,1779367078800744201,,,,
1779367078825930642,SINK_ONLY,1619,1779367078825930642,,,,
1779367078866957219,SINK_ONLY,1620,1779367078866957219,,,,
1779367078900668691,SINK_ONLY,1621,1779367078900668691,,,,
1779367078935117341,SINK_ONLY,1622,1779367078935117341,,,,
1779367078967055823,SINK_ONLY,1623,1779367078967055823,,,,
1779367079001213743,SINK_ONLY,1624,1779367079001213743,,,,
1779367079037083265,SINK_ONLY,1625,1779367079037083265,,,,
1779367079073448244,SINK_ONLY,1626,1779367079073448244,,,,
1779367079109920653,SINK_ONLY,1627,1779367079109920653,,,,
1779367079144954716,SINK_ONLY,1628,1779367079144954716,,,,
1779367079181156034,SINK_ONLY,1629,1779367079181156034,,,,
1779367079216992133,SINK_ONLY,1630,1779367079216992133,,,,
1779367079252951270,SINK_ONLY,1631,1779367079252951270,,,,
1779367079291234404,SINK_ONLY,1632,1779367079291234404,,,,
1779367079325598315,SINK_ONLY,1633,1779367079325598315,,,,
1779367079361965942,SINK_ONLY,1634,1779367079361965942,,,,
1779367079397811029,SINK_ONLY,1635,1779367079397811029,,,,
1779367079434058128,SINK_ONLY,1636,1779367079434058128,,,,
1779367079470029441,SINK_ONLY,1637,1779367079470029441,,,,
1779367079506144696,SINK_ONLY,1638,1779367079506144696,,,,
1779367079542182052,SINK_ONLY,1639,1779367079542182052,,,,
1779367079578321581,SINK_ONLY,1640,1779367079578321581,,,,
1779367079616479652,SINK_ONLY,1641,1779367079616479652,,,,
1779367079650450138,SINK_ONLY,1642,1779367079650450138,,,,
1779367079686646942,SINK_ONLY,1643,1779367079686646942,,,,
1779367079722786511,SINK_ONLY,1644,1779367079722786511,,,,
1779367079758759410,SINK_ONLY,1645,1779367079758759410,,,,
1779367079794920645,SINK_ONLY,1646,1779367079794920645,,,,
1779367079832873628,SINK_ONLY,1647,1779367079832873628,,,,
1779367079867100980,SINK_ONLY,1648,1779367079867100980,,,,
1779367079903182030,SINK_ONLY,1649,1779367079903182030,,,,
1779367079939352414,SINK_ONLY,1650,1779367079939352414,,,,
1779367079976006539,SINK_ONLY,1651,1779367079976006539,,,,
1779367080011518887,SINK_ONLY,1652,1779367080011518887,,,,
1779367080047454531,SINK_ONLY,1653,1779367080047454531,,,,
1779367080084294084,SINK_ONLY,1654,1779367080084294084,,,,
1779367080119721271,SINK_ONLY,1655,1779367080119721271,,,,
1779367080155732206,SINK_ONLY,1656,1779367080155732206,,,,
1779367080192574407,SINK_ONLY,1657,1779367080192574407,,,,
1779367080227994011,SINK_ONLY,1658,1779367080227994011,,,,
1779367080264777091,SINK_ONLY,1659,1779367080264777091,,,,
1779367080300220367,SINK_ONLY,1660,1779367080300220367,,,,
1779367080336938488,SINK_ONLY,1661,1779367080336938488,,,,
1779367080372831061,SINK_ONLY,1662,1779367080372831061,,,,
1779367080409168396,SINK_ONLY,1663,1779367080409168396,,,,
1779367080444491464,SINK_ONLY,1664,1779367080444491464,,,,
1779367080480644675,SINK_ONLY,1665,1779367080480644675,,,,
1779367080517427875,SINK_ONLY,1666,1779367080517427875,,,,
1779367080552777665,SINK_ONLY,1667,1779367080552777665,,,,
1779367080589713112,SINK_ONLY,1668,1779367080589713112,,,,
1779367080625050885,SINK_ONLY,1669,1779367080625050885,,,,
1779367080661840646,SINK_ONLY,1670,1779367080661840646,,,,
1779367080697369965,SINK_ONLY,1671,1779367080697369965,,,,
1779367080734765160,SINK_ONLY,1672,1779367080734765160,,,,
1779367080769452180,SINK_ONLY,1673,1779367080769452180,,,,
1779367080806233796,SINK_ONLY,1674,1779367080806233796,,,,
1779367080842099526,SINK_ONLY,1675,1779367080842099526,,,,
1779367080878784907,SINK_ONLY,1676,1779367080878784907,,,,
1779367080916889595,SINK_ONLY,1677,1779367080916889595,,,,
1779367080955977273,SINK_ONLY,1678,1779367080955977273,,,,
1779367080987124090,SINK_ONLY,1679,1779367080987124090,,,,
1779367081029587910,SINK_ONLY,1680,1779367081029587910,,,,
1779367081064593866,SINK_ONLY,1681,1779367081064593866,,,,
1779367081094966613,SINK_ONLY,1682,1779367081094966613,,,,
1779367081129605726,SINK_ONLY,1683,1779367081129605726,,,,
1779367081165840025,SINK_ONLY,1684,1779367081165840025,,,,
1779367081202212468,SINK_ONLY,1685,1779367081202212468,,,,
1779367081238189057,SINK_ONLY,1686,1779367081238189057,,,,
1779367081277561368,SINK_ONLY,1687,1779367081277561368,,,,
1779367081313756066,SINK_ONLY,1688,1779367081313756066,,,,
1779367081347671884,SINK_ONLY,1689,1779367081347671884,,,,
1779367081384953390,SINK_ONLY,1690,1779367081384953390,,,,
1779367081420338890,SINK_ONLY,1691,1779367081420338890,,,,
1779367081455464513,SINK_ONLY,1692,1779367081455464513,,,,
1779367081491651227,SINK_ONLY,1693,1779367081491651227,,,,
1779367081527558043,SINK_ONLY,1694,1779367081527558043,,,,
1779367081563649484,SINK_ONLY,1695,1779367081563649484,,,,
1779367081599972937,SINK_ONLY,1696,1779367081599972937,,,,
1779367081635892231,SINK_ONLY,1697,1779367081635892231,,,,
1779367081673866640,SINK_ONLY,1698,1779367081673866640,,,,
1779367081709354092,SINK_ONLY,1699,1779367081709354092,,,,
1779367081745617680,SINK_ONLY,1700,1779367081745617680,,,,
1779367081782731935,SINK_ONLY,1701,1779367081782731935,,,,
1779367081816984404,SINK_ONLY,1702,1779367081816984404,,,,
1779367081853244001,SINK_ONLY,1703,1779367081853244001,,,,
1779367081888486141,SINK_ONLY,1704,1779367081888486141,,,,
1779367081924574914,SINK_ONLY,1705,1779367081924574914,,,,
1779367081960621198,SINK_ONLY,1706,1779367081960621198,,,,
1779367081996660821,SINK_ONLY,1707,1779367081996660821,,,,
1779367082032955224,SINK_ONLY,1708,1779367082032955224,,,,
1779367082069513575,SINK_ONLY,1709,1779367082069513575,,,,
1779367082104969751,SINK_ONLY,1710,1779367082104969751,,,,
1779367082143347255,SINK_ONLY,1711,1779367082143347255,,,,
1779367082177752372,SINK_ONLY,1712,1779367082177752372,,,,
1779367082214786460,SINK_ONLY,1713,1779367082214786460,,,,
1779367082249227126,SINK_ONLY,1714,1779367082249227126,,,,
1779367082285388401,SINK_ONLY,1715,1779367082285388401,,,,
1779367082322265690,SINK_ONLY,1716,1779367082322265690,,,,
1779367082357618289,SINK_ONLY,1717,1779367082357618289,,,,
1779367082393632032,SINK_ONLY,1718,1779367082393632032,,,,
1779367082430422776,SINK_ONLY,1719,1779367082430422776,,,,
1779367082466283511,SINK_ONLY,1720,1779367082466283511,,,,
1779367082502035513,SINK_ONLY,1721,1779367082502035513,,,,
1779367082538782041,SINK_ONLY,1722,1779367082538782041,,,,
1779367082574202547,SINK_ONLY,1723,1779367082574202547,,,,
1779367082610766276,SINK_ONLY,1724,1779367082610766276,,,,
1779367082647085214,SINK_ONLY,1725,1779367082647085214,,,,
1779367082682420660,SINK_ONLY,1726,1779367082682420660,,,,
1779367082720840914,SINK_ONLY,1727,1779367082720840914,,,,
1779367082755410695,SINK_ONLY,1728,1779367082755410695,,,,
1779367082790701284,SINK_ONLY,1729,1779367082790701284,,,,
1779367082827518128,SINK_ONLY,1730,1779367082827518128,,,,
1779367082862824986,SINK_ONLY,1731,1779367082862824986,,,,
1779367082899129982,SINK_ONLY,1732,1779367082899129982,,,,
1779367082935793957,SINK_ONLY,1733,1779367082935793957,,,,
1779367082971185976,SINK_ONLY,1734,1779367082971185976,,,,
1779367083008056003,SINK_ONLY,1735,1779367083008056003,,,,
1779367083046039018,SINK_ONLY,1736,1779367083046039018,,,,
1779367083080685012,SINK_ONLY,1737,1779367083080685012,,,,
1779367083116114928,SINK_ONLY,1738,1779367083116114928,,,,
1779367083151560913,SINK_ONLY,1739,1779367083151560913,,,,
1779367083194392618,SINK_ONLY,1740,1779367083194392618,,,,
1779367083225655531,SINK_ONLY,1741,1779367083225655531,,,,
1779367083261463364,SINK_ONLY,1742,1779367083261463364,,,,
1779367083295221720,SINK_ONLY,1743,1779367083295221720,,,,
1779367083331505149,SINK_ONLY,1744,1779367083331505149,,,,
1779367083367606261,SINK_ONLY,1745,1779367083367606261,,,,
1779367083403531874,SINK_ONLY,1746,1779367083403531874,,,,
1779367083439928210,SINK_ONLY,1747,1779367083439928210,,,,
1779367083475917278,SINK_ONLY,1748,1779367083475917278,,,,
1779367083512048782,SINK_ONLY,1749,1779367083512048782,,,,
1779367083548247653,SINK_ONLY,1750,1779367083548247653,,,,
1779367083584810318,SINK_ONLY,1751,1779367083584810318,,,,
1779367083620985596,SINK_ONLY,1752,1779367083620985596,,,,
1779367083658869247,SINK_ONLY,1753,1779367083658869247,,,,
1779367083695379532,SINK_ONLY,1754,1779367083695379532,,,,
1779367083730907106,SINK_ONLY,1755,1779367083730907106,,,,
1779367083767180024,SINK_ONLY,1756,1779367083767180024,,,,
1779367083803279028,SINK_ONLY,1757,1779367083803279028,,,,
1779367083838285066,SINK_ONLY,1758,1779367083838285066,,,,
1779367083873665971,SINK_ONLY,1759,1779367083873665971,,,,
1779367083909628478,SINK_ONLY,1760,1779367083909628478,,,,
1779367083946441128,SINK_ONLY,1761,1779367083946441128,,,,
1779367083981686218,SINK_ONLY,1762,1779367083981686218,,,,
1779367084018498467,SINK_ONLY,1763,1779367084018498467,,,,
1779367084053946097,SINK_ONLY,1764,1779367084053946097,,,,
1779367084090135237,SINK_ONLY,1765,1779367084090135237,,,,
1779367084126921888,SINK_ONLY,1766,1779367084126921888,,,,
1779367084162883733,SINK_ONLY,1767,1779367084162883733,,,,
1779367084200049806,SINK_ONLY,1768,1779367084200049806,,,,
1779367084251198225,SINK_ONLY,1769,1779367084251198225,,,,
1779367084288734211,SINK_ONLY,1770,1779367084288734211,,,,
1779367084323593177,SINK_ONLY,1771,1779367084323593177,,,,
1779367084360880903,SINK_ONLY,1772,1779367084360880903,,,,
1779367084398121725,SINK_ONLY,1773,1779367084398121725,,,,
1779367084433982360,SINK_ONLY,1774,1779367084433982360,,,,
1779367084474903173,SINK_ONLY,1775,1779367084474903173,,,,
1779367084510954772,SINK_ONLY,1776,1779367084510954772,,,,
1779367084546320411,SINK_ONLY,1777,1779367084546320411,,,,
1779367084582046915,SINK_ONLY,1778,1779367084582046915,,,,
1779367084616106694,SINK_ONLY,1779,1779367084616106694,,,,
1779367084651859478,SINK_ONLY,1780,1779367084651859478,,,,
1779367084694121258,SINK_ONLY,1781,1779367084694121258,,,,
1779367084727441452,SINK_ONLY,1782,1779367084727441452,,,,
1779367084762795014,SINK_ONLY,1783,1779367084762795014,,,,
1779367084794107458,SINK_ONLY,1784,1779367084794107458,,,,
1779367084830187365,SINK_ONLY,1785,1779367084830187365,,,,
1779367084867637508,SINK_ONLY,1786,1779367084867637508,,,,
1779367084903325353,SINK_ONLY,1787,1779367084903325353,,,,
1779367084943249754,SINK_ONLY,1788,1779367084943249754,,,,
1779367084977239599,SINK_ONLY,1789,1779367084977239599,,,,
1779367085012167377,SINK_ONLY,1790,1779367085012167377,,,,
1779367085049404126,SINK_ONLY,1791,1779367085049404126,,,,
1779367085086348420,SINK_ONLY,1792,1779367085086348420,,,,
1779367085116407345,SINK_ONLY,1793,1779367085116407345,,,,
1779367085148878197,SINK_ONLY,1794,1779367085148878197,,,,
1779367085186798019,SINK_ONLY,1795,1779367085186798019,,,,
1779367085215557966,SINK_ONLY,1796,1779367085215557966,,,,
1779367085245905896,SINK_ONLY,1797,1779367085245905896,,,,
1779367085281741494,SINK_ONLY,1798,1779367085281741494,,,,
1779367085317071062,SINK_ONLY,1799,1779367085317071062,,,,
1779367085360160598,SINK_ONLY,1800,1779367085360160598,,,,
1779367085391171318,SINK_ONLY,1801,1779367085391171318,,,,
1779367085425997063,SINK_ONLY,1802,1779367085425997063,,,,
1779367085461101542,SINK_ONLY,1803,1779367085461101542,,,,
1779367085497290482,SINK_ONLY,1804,1779367085497290482,,,,
1779367085533314577,SINK_ONLY,1805,1779367085533314577,,,,
1779367085569365856,SINK_ONLY,1806,1779367085569365856,,,,
1779367085605442231,SINK_ONLY,1807,1779367085605442231,,,,
1779367085641556021,SINK_ONLY,1808,1779367085641556021,,,,
1779367085678084542,SINK_ONLY,1809,1779367085678084542,,,,
1779367085715255790,SINK_ONLY,1810,1779367085715255790,,,,
1779367085751683402,SINK_ONLY,1811,1779367085751683402,,,,
1779367085790661645,SINK_ONLY,1812,1779367085790661645,,,,
1779367085829270136,SINK_ONLY,1813,1779367085829270136,,,,
1779367085862814697,SINK_ONLY,1814,1779367085862814697,,,,
1779367085897741030,SINK_ONLY,1815,1779367085897741030,,,,
1779367085937531321,SINK_ONLY,1816,1779367085937531321,,,,
1779367085971769506,SINK_ONLY,1817,1779367085971769506,,,,
1779367086006943718,SINK_ONLY,1818,1779367086006943718,,,,
1779367086044106582,SINK_ONLY,1819,1779367086044106582,,,,
1779367086077011764,SINK_ONLY,1820,1779367086077011764,,,,
1779367086114466642,SINK_ONLY,1821,1779367086114466642,,,,
1779367086150841211,SINK_ONLY,1822,1779367086150841211,,,,
1779367086184450550,SINK_ONLY,1823,1779367086184450550,,,,
1779367086220517155,SINK_ONLY,1824,1779367086220517155,,,,
1779367086255566024,SINK_ONLY,1825,1779367086255566024,,,,
1779367086292346496,SINK_ONLY,1826,1779367086292346496,,,,
1779367086328571968,SINK_ONLY,1827,1779367086328571968,,,,
1779367086365317954,SINK_ONLY,1828,1779367086365317954,,,,
1779367086399975123,SINK_ONLY,1829,1779367086399975123,,,,
1779367086436821056,SINK_ONLY,1830,1779367086436821056,,,,
1779367086473065526,SINK_ONLY,1831,1779367086473065526,,,,
1779367086508950856,SINK_ONLY,1832,1779367086508950856,,,,
1779367086545729944,SINK_ONLY,1833,1779367086545729944,,,,
1779367086582460262,SINK_ONLY,1834,1779367086582460262,,,,
1779367086616638464,SINK_ONLY,1835,1779367086616638464,,,,
1779367086653417411,SINK_ONLY,1836,1779367086653417411,,,,
1779367086688877740,SINK_ONLY,1837,1779367086688877740,,,,
1779367086725729450,SINK_ONLY,1838,1779367086725729450,,,,
1779367086761151682,SINK_ONLY,1839,1779367086761151682,,,,
1779367086798074972,SINK_ONLY,1840,1779367086798074972,,,,
1779367086833613259,SINK_ONLY,1841,1779367086833613259,,,,
1779367086870175944,SINK_ONLY,1842,1779367086870175944,,,,
1779367086906168061,SINK_ONLY,1843,1779367086906168061,,,,
1779367086942299646,SINK_ONLY,1844,1779367086942299646,,,,
1779367086977664141,SINK_ONLY,1845,1779367086977664141,,,,
1779367087016493468,SINK_ONLY,1846,1779367087016493468,,,,
1779367087050103289,SINK_ONLY,1847,1779367087050103289,,,,
1779367087086784718,SINK_ONLY,1848,1779367087086784718,,,,
1779367087122776093,SINK_ONLY,1849,1779367087122776093,,,,
1779367087158779104,SINK_ONLY,1850,1779367087158779104,,,,
1779367087194133006,SINK_ONLY,1851,1779367087194133006,,,,
1779367087231034429,SINK_ONLY,1852,1779367087231034429,,,,
1779367087266841981,SINK_ONLY,1853,1779367087266841981,,,,
1779367087302335993,SINK_ONLY,1854,1779367087302335993,,,,
1779367087339324141,SINK_ONLY,1855,1779367087339324141,,,,
1779367087375741641,SINK_ONLY,1856,1779367087375741641,,,,
1779367087411279688,SINK_ONLY,1857,1779367087411279688,,,,
1779367087447949100,SINK_ONLY,1858,1779367087447949100,,,,
1779367087483717452,SINK_ONLY,1859,1779367087483717452,,,,
1779367087525594213,SINK_ONLY,1860,1779367087525594213,,,,
1779367087557065423,SINK_ONLY,1861,1779367087557065423,,,,
1779367087591484964,SINK_ONLY,1862,1779367087591484964,,,,
1779367087626649246,SINK_ONLY,1863,1779367087626649246,,,,
1779367087662809057,SINK_ONLY,1864,1779367087662809057,,,,
1779367087699024559,SINK_ONLY,1865,1779367087699024559,,,,
1779367087735385646,SINK_ONLY,1866,1779367087735385646,,,,
1779367087771234184,SINK_ONLY,1867,1779367087771234184,,,,
1779367087809187769,SINK_ONLY,1868,1779367087809187769,,,,
1779367087843841467,SINK_ONLY,1869,1779367087843841467,,,,
1779367087880000616,SINK_ONLY,1870,1779367087880000616,,,,
1779367087917781191,SINK_ONLY,1871,1779367087917781191,,,,
1779367087952200511,SINK_ONLY,1872,1779367087952200511,,,,
1779367087989444663,SINK_ONLY,1873,1779367087989444663,,,,
1779367088024456478,SINK_ONLY,1874,1779367088024456478,,,,
1779367088060503725,SINK_ONLY,1875,1779367088060503725,,,,
1779367088097430364,SINK_ONLY,1876,1779367088097430364,,,,
1779367088132717904,SINK_ONLY,1877,1779367088132717904,,,,
1779367088169527324,SINK_ONLY,1878,1779367088169527324,,,,
1779367088204899844,SINK_ONLY,1879,1779367088204899844,,,,
1779367088241068342,SINK_ONLY,1880,1779367088241068342,,,,
1779367088277704712,SINK_ONLY,1881,1779367088277704712,,,,
1779367088313789253,SINK_ONLY,1882,1779367088313789253,,,,
1779367088349885830,SINK_ONLY,1883,1779367088349885830,,,,
1779367088385912774,SINK_ONLY,1884,1779367088385912774,,,,
1779367088422479973,SINK_ONLY,1885,1779367088422479973,,,,
1779367088464396797,SINK_ONLY,1886,1779367088464396797,,,,
1779367088493780433,SINK_ONLY,1887,1779367088493780433,,,,
1779367088530529289,SINK_ONLY,1888,1779367088530529289,,,,
1779367088567639089,SINK_ONLY,1889,1779367088567639089,,,,
1779367088602865562,SINK_ONLY,1890,1779367088602865562,,,,
1779367088640022126,SINK_ONLY,1891,1779367088640022126,,,,
1779367088677588465,SINK_ONLY,1892,1779367088677588465,,,,
1779367088712487735,SINK_ONLY,1893,1779367088712487735,,,,
1779367088747388429,SINK_ONLY,1894,1779367088747388429,,,,
1779367088783311034,SINK_ONLY,1895,1779367088783311034,,,,
1779367088824790077,SINK_ONLY,1896,1779367088824790077,,,,
1779367088860250646,SINK_ONLY,1897,1779367088860250646,,,,
1779367088898680991,SINK_ONLY,1898,1779367088898680991,,,,
1779367088932871852,SINK_ONLY,1899,1779367088932871852,,,,
1779367088968260360,SINK_ONLY,1900,1779367088968260360,,,,
1779367089003744743,SINK_ONLY,1901,1779367089003744743,,,,
1779367089040974130,SINK_ONLY,1902,1779367089040974130,,,,
1779367089075423923,SINK_ONLY,1903,1779367089075423923,,,,
1779367089107760685,SINK_ONLY,1904,1779367089107760685,,,,
1779367089148069704,SINK_ONLY,1905,1779367089148069704,,,,
1779367089183872462,SINK_ONLY,1906,1779367089183872462,,,,
1779367089215739645,SINK_ONLY,1907,1779367089215739645,,,,
1779367089254802127,SINK_ONLY,1908,1779367089254802127,,,,
1779367089288028834,SINK_ONLY,1909,1779367089288028834,,,,
1779367089324741819,SINK_ONLY,1910,1779367089324741819,,,,
1779367089361542613,SINK_ONLY,1911,1779367089361542613,,,,
1779367089397592468,SINK_ONLY,1912,1779367089397592468,,,,
1779367089432024106,SINK_ONLY,1913,1779367089432024106,,,,
1779367089468872245,SINK_ONLY,1914,1779367089468872245,,,,
1779367089504218223,SINK_ONLY,1915,1779367089504218223,,,,
1779367089541018697,SINK_ONLY,1916,1779367089541018697,,,,
1779367089579200240,SINK_ONLY,1917,1779367089579200240,,,,
1779367089612591190,SINK_ONLY,1918,1779367089612591190,,,,
1779367089648628446,SINK_ONLY,1919,1779367089648628446,,,,
1779367089691518691,SINK_ONLY,1920,1779367089691518691,,,,
1779367089722791153,SINK_ONLY,1921,1779367089722791153,,,,
1779367089757173660,SINK_ONLY,1922,1779367089757173660,,,,
1779367089793015317,SINK_ONLY,1923,1779367089793015317,,,,
1779367089828603578,SINK_ONLY,1924,1779367089828603578,,,,
1779367089864681277,SINK_ONLY,1925,1779367089864681277,,,,
1779367089900726296,SINK_ONLY,1926,1779367089900726296,,,,
1779367089936727863,SINK_ONLY,1927,1779367089936727863,,,,
1779367089972888135,SINK_ONLY,1928,1779367089972888135,,,,
1779367090011261667,SINK_ONLY,1929,1779367090011261667,,,,
1779367090047414637,SINK_ONLY,1930,1779367090047414637,,,,
1779367090083014432,SINK_ONLY,1931,1779367090083014432,,,,
1779367090119069703,SINK_ONLY,1932,1779367090119069703,,,,
1779367090155065311,SINK_ONLY,1933,1779367090155065311,,,,
1779367090191464616,SINK_ONLY,1934,1779367090191464616,,,,
1779367090227040980,SINK_ONLY,1935,1779367090227040980,,,,
1779367090263082047,SINK_ONLY,1936,1779367090263082047,,,,
1779367090298252167,SINK_ONLY,1937,1779367090298252167,,,,
1779367090335132545,SINK_ONLY,1938,1779367090335132545,,,,
1779367090371143921,SINK_ONLY,1939,1779367090371143921,,,,
1779367090407132548,SINK_ONLY,1940,1779367090407132548,,,,
1779367090443319041,SINK_ONLY,1941,1779367090443319041,,,,
1779367090478631637,SINK_ONLY,1942,1779367090478631637,,,,
1779367090516165918,SINK_ONLY,1943,1779367090516165918,,,,
1779367090552274452,SINK_ONLY,1944,1779367090552274452,,,,
1779367090588270060,SINK_ONLY,1945,1779367090588270060,,,,
1779367090629652547,SINK_ONLY,1946,1779367090629652547,,,,
1779367090676498548,SINK_ONLY,1947,1779367090676498548,,,,
1779367090713307246,SINK_ONLY,1948,1779367090713307246,,,,
1779367090753915723,SINK_ONLY,1949,1779367090753915723,,,,
1779367090787648761,SINK_ONLY,1950,1779367090787648761,,,,
1779367090824148433,SINK_ONLY,1951,1779367090824148433,,,,
1779367090860574399,SINK_ONLY,1952,1779367090860574399,,,,
1779367090896011396,SINK_ONLY,1953,1779367090896011396,,,,
1779367090936357911,SINK_ONLY,1954,1779367090936357911,,,,
1779367090966335306,SINK_ONLY,1955,1779367090966335306,,,,
1779367090997887485,SINK_ONLY,1956,1779367090997887485,,,,
1779367091033878398,SINK_ONLY,1957,1779367091033878398,,,,
1779367091071856799,SINK_ONLY,1958,1779367091071856799,,,,
1779367091110225837,SINK_ONLY,1959,1779367091110225837,,,,
1779367091147523954,SINK_ONLY,1960,1779367091147523954,,,,
1779367091188430624,SINK_ONLY,1961,1779367091188430624,,,,
1779367091220602461,SINK_ONLY,1962,1779367091220602461,,,,
1779367091254023724,SINK_ONLY,1963,1779367091254023724,,,,
1779367091283576639,SINK_ONLY,1964,1779367091283576639,,,,
1779367091311649822,SINK_ONLY,1965,1779367091311649822,,,,
1779367091348454147,SINK_ONLY,1966,1779367091348454147,,,,
1779367091384270527,SINK_ONLY,1967,1779367091384270527,,,,
1779367091418546969,SINK_ONLY,1968,1779367091418546969,,,,
1779367091454978171,SINK_ONLY,1969,1779367091454978171,,,,
1779367091491323009,SINK_ONLY,1970,1779367091491323009,,,,
1779367091526306437,SINK_ONLY,1971,1779367091526306437,,,,
1779367091563155118,SINK_ONLY,1972,1779367091563155118,,,,
1779367091602460062,SINK_ONLY,1973,1779367091602460062,,,,
1779367091636222470,SINK_ONLY,1974,1779367091636222470,,,,
1779367091672504014,SINK_ONLY,1975,1779367091672504014,,,,
1779367091705959221,SINK_ONLY,1976,1779367091705959221,,,,
1779367091743884099,SINK_ONLY,1977,1779367091743884099,,,,
1779367091778230536,SINK_ONLY,1978,1779367091778230536,,,,
1779367091814820484,SINK_ONLY,1979,1779367091814820484,,,,
1779367091859020962,SINK_ONLY,1980,1779367091859020962,,,,
1779367091888528157,SINK_ONLY,1981,1779367091888528157,,,,
1779367091922884043,SINK_ONLY,1982,1779367091922884043,,,,
1779367091958093845,SINK_ONLY,1983,1779367091958093845,,,,
1779367091995140351,SINK_ONLY,1984,1779367091995140351,,,,
1779367092033072451,SINK_ONLY,1985,1779367092033072451,,,,
1779367092069644805,SINK_ONLY,1986,1779367092069644805,,,,
1779367092104138935,SINK_ONLY,1987,1779367092104138935,,,,
1779367092140916618,SINK_ONLY,1988,1779367092140916618,,,,
1779367092176352793,SINK_ONLY,1989,1779367092176352793,,,,
1779367092214510643,SINK_ONLY,1990,1779367092214510643,,,,
1779367092247897160,SINK_ONLY,1991,1779367092247897160,,,,
1779367092283636824,SINK_ONLY,1992,1779367092283636824,,,,
1779367092319741105,SINK_ONLY,1993,1779367092319741105,,,,
1779367092356088150,SINK_ONLY,1994,1779367092356088150,,,,
1779367092391858388,SINK_ONLY,1995,1779367092391858388,,,,
1779367092428852133,SINK_ONLY,1996,1779367092428852133,,,,
1779367092466974675,SINK_ONLY,1997,1779367092466974675,,,,
1779367092503458840,SINK_ONLY,1998,1779367092503458840,,,,
1779367092537637704,SINK_ONLY,1999,1779367092537637704,,,,
1779367092574751677,SINK_ONLY,2000,1779367092574751677,,,,
1779367092955759877,SINK_ONLY,2001,1779367092955759877,,,,
1779367092956219424,SINK_ONLY,2002,1779367092956219424,,,,
1779367092956797635,SINK_ONLY,2003,1779367092956797635,,,,
1779367092957456834,SINK_ONLY,2004,1779367092957456834,,,,
1779367092958051375,SINK_ONLY,2005,1779367092958051375,,,,
1779367092958560294,SINK_ONLY,2006,1779367092958560294,,,,
1779367092959075271,SINK_ONLY,2007,1779367092959075271,,,,
1779367092959539613,SINK_ONLY,2008,1779367092959539613,,,,
1779367092959948666,SINK_ONLY,2009,1779367092959948666,,,,
1779367092960433832,SINK_ONLY,2010,1779367092960433832,,,,
1779367092969118311,SINK_ONLY,2011,1779367092969118311,,,,
1779367093006857399,SINK_ONLY,2012,1779367093006857399,,,,
1779367093042339635,SINK_ONLY,2013,1779367093042339635,,,,
1779367093077706638,SINK_ONLY,2014,1779367093077706638,,,,
1779367093115012519,SINK_ONLY,2015,1779367093115012519,,,,
1779367093149934379,SINK_ONLY,2016,1779367093149934379,,,,
1779367093186785066,SINK_ONLY,2017,1779367093186785066,,,,
1779367093222141596,SINK_ONLY,2018,1779367093222141596,,,,
1779367093258898616,SINK_ONLY,2019,1779367093258898616,,,,
1779367093295251198,SINK_ONLY,2020,1779367093295251198,,,,
1779367093330275952,SINK_ONLY,2021,1779367093330275952,,,,
1779367093367118174,SINK_ONLY,2022,1779367093367118174,,,,
1779367093403049465,SINK_ONLY,2023,1779367093403049465,,,,
1779367093440006337,SINK_ONLY,2024,1779367093440006337,,,,
1779367093476047946,SINK_ONLY,2025,1779367093476047946,,,,
1779367093511444279,SINK_ONLY,2026,1779367093511444279,,,,
1779367093547595584,SINK_ONLY,2027,1779367093547595584,,,,
1779367093582898249,SINK_ONLY,2028,1779367093582898249,,,,
1779367093619752547,SINK_ONLY,2029,1779367093619752547,,,,
1779367093657962618,SINK_ONLY,2030,1779367093657962618,,,,
1779367093691251295,SINK_ONLY,2031,1779367093691251295,,,,
1779367093728299066,SINK_ONLY,2032,1779367093728299066,,,,
1779367093766281419,SINK_ONLY,2033,1779367093766281419,,,,
1779367093799572624,SINK_ONLY,2034,1779367093799572624,,,,
1779367093836440845,SINK_ONLY,2035,1779367093836440845,,,,
1779367093872370591,SINK_ONLY,2036,1779367093872370591,,,,
1779367093907794869,SINK_ONLY,2037,1779367093907794869,,,,
1779367093944626358,SINK_ONLY,2038,1779367093944626358,,,,
1779367093980060767,SINK_ONLY,2039,1779367093980060767,,,,
1779367094024996597,SINK_ONLY,2040,1779367094024996597,,,,
1779367094055579608,SINK_ONLY,2041,1779367094055579608,,,,
1779367094092990029,SINK_ONLY,2042,1779367094092990029,,,,
1779367094129346623,SINK_ONLY,2043,1779367094129346623,,,,
1779367094164485768,SINK_ONLY,2044,1779367094164485768,,,,
1779367094200666101,SINK_ONLY,2045,1779367094200666101,,,,
1779367094238979569,SINK_ONLY,2046,1779367094238979569,,,,
1779367094273573042,SINK_ONLY,2047,1779367094273573042,,,,
1779367094307889447,SINK_ONLY,2048,1779367094307889447,,,,
1779367094344194925,SINK_ONLY,2049,1779367094344194925,,,,
1779367094380991606,SINK_ONLY,2050,1779367094380991606,,,,
1779367094414060972,SINK_ONLY,2051,1779367094414060972,,,,
1779367094451388760,SINK_ONLY,2052,1779367094451388760,,,,
1779367094487366012,SINK_ONLY,2053,1779367094487366012,,,,
1779367094521912783,SINK_ONLY,2054,1779367094521912783,,,,
1779367094559538263,SINK_ONLY,2055,1779367094559538263,,,,
1779367094593944703,SINK_ONLY,2056,1779367094593944703,,,,
1779367094629738313,SINK_ONLY,2057,1779367094629738313,,,,
1779367094666154409,SINK_ONLY,2058,1779367094666154409,,,,
1779367094702671955,SINK_ONLY,2059,1779367094702671955,,,,
1779367094739252696,SINK_ONLY,2060,1779367094739252696,,,,
1779367094774974064,SINK_ONLY,2061,1779367094774974064,,,,
1779367094810862203,SINK_ONLY,2062,1779367094810862203,,,,
1779367094847639124,SINK_ONLY,2063,1779367094847639124,,,,
1779367094883001232,SINK_ONLY,2064,1779367094883001232,,,,
1779367094919254449,SINK_ONLY,2065,1779367094919254449,,,,
1779367094954655897,SINK_ONLY,2066,1779367094954655897,,,,
1779367094991375242,SINK_ONLY,2067,1779367094991375242,,,,
1779367095027019795,SINK_ONLY,2068,1779367095027019795,,,,
1779367095063692035,SINK_ONLY,2069,1779367095063692035,,,,
1779367095099628181,SINK_ONLY,2070,1779367095099628181,,,,
1779367095135451421,SINK_ONLY,2071,1779367095135451421,,,,
1779367095172291717,SINK_ONLY,2072,1779367095172291717,,,,
1779367095207427812,SINK_ONLY,2073,1779367095207427812,,,,
1779367095243595527,SINK_ONLY,2074,1779367095243595527,,,,
1779367095280409943,SINK_ONLY,2075,1779367095280409943,,,,
1779367095317858983,SINK_ONLY,2076,1779367095317858983,,,,
1779367095351995858,SINK_ONLY,2077,1779367095351995858,,,,
1779367095388100259,SINK_ONLY,2078,1779367095388100259,,,,
1779367095424830257,SINK_ONLY,2079,1779367095424830257,,,,
1779367095460357350,SINK_ONLY,2080,1779367095460357350,,,,
1779367095497005296,SINK_ONLY,2081,1779367095497005296,,,,
1779367095532395751,SINK_ONLY,2082,1779367095532395751,,,,
1779367095568521618,SINK_ONLY,2083,1779367095568521618,,,,
1779367095605313786,SINK_ONLY,2084,1779367095605313786,,,,
1779367095640741173,SINK_ONLY,2085,1779367095640741173,,,,
1779367095676962152,SINK_ONLY,2086,1779367095676962152,,,,
1779367095713495025,SINK_ONLY,2087,1779367095713495025,,,,
1779367095749638366,SINK_ONLY,2088,1779367095749638366,,,,
1779367095786089289,SINK_ONLY,2089,1779367095786089289,,,,
1779367095821909439,SINK_ONLY,2090,1779367095821909439,,,,
1779367095857657710,SINK_ONLY,2091,1779367095857657710,,,,
1779367095895733068,SINK_ONLY,2092,1779367095895733068,,,,
1779367095929517503,SINK_ONLY,2093,1779367095929517503,,,,
1779367095966258033,SINK_ONLY,2094,1779367095966258033,,,,
1779367096001597752,SINK_ONLY,2095,1779367096001597752,,,,
1779367096038112811,SINK_ONLY,2096,1779367096038112811,,,,
1779367096073749320,SINK_ONLY,2097,1779367096073749320,,,,
1779367096110593106,SINK_ONLY,2098,1779367096110593106,,,,
1779367096146002899,SINK_ONLY,2099,1779367096146002899,,,,
1779367096188823411,SINK_ONLY,2100,1779367096188823411,,,,
1779367096222045063,SINK_ONLY,2101,1779367096222045063,,,,
1779367096254435308,SINK_ONLY,2102,1779367096254435308,,,,
1779367096289824941,SINK_ONLY,2103,1779367096289824941,,,,
1779367096325576060,SINK_ONLY,2104,1779367096325576060,,,,
1779367096361737436,SINK_ONLY,2105,1779367096361737436,,,,
1779367096397759124,SINK_ONLY,2106,1779367096397759124,,,,
1779367096435924818,SINK_ONLY,2107,1779367096435924818,,,,
1779367096470341330,SINK_ONLY,2108,1779367096470341330,,,,
1779367096506345404,SINK_ONLY,2109,1779367096506345404,,,,
1779367096542517633,SINK_ONLY,2110,1779367096542517633,,,,
1779367096578917218,SINK_ONLY,2111,1779367096578917218,,,,
1779367096614661938,SINK_ONLY,2112,1779367096614661938,,,,
1779367096651306554,SINK_ONLY,2113,1779367096651306554,,,,
1779367096689989272,SINK_ONLY,2114,1779367096689989272,,,,
1779367096742633111,SINK_ONLY,2115,1779367096742633111,,,,
1779367096779658794,SINK_ONLY,2116,1779367096779658794,,,,
1779367096815555599,SINK_ONLY,2117,1779367096815555599,,,,
1779367096851344294,SINK_ONLY,2118,1779367096851344294,,,,
1779367096889209990,SINK_ONLY,2119,1779367096889209990,,,,
1779367096923704520,SINK_ONLY,2120,1779367096923704520,,,,
1779367096959682013,SINK_ONLY,2121,1779367096959682013,,,,
1779367096995807840,SINK_ONLY,2122,1779367096995807840,,,,
1779367097033053115,SINK_ONLY,2123,1779367097033053115,,,,
1779367097069731153,SINK_ONLY,2124,1779367097069731153,,,,
1779367097104219866,SINK_ONLY,2125,1779367097104219866,,,,
1779367097140249599,SINK_ONLY,2126,1779367097140249599,,,,
1779367097177670232,SINK_ONLY,2127,1779367097177670232,,,,
1779367097212957711,SINK_ONLY,2128,1779367097212957711,,,,
1779367097248201817,SINK_ONLY,2129,1779367097248201817,,,,
1779367097286029697,SINK_ONLY,2130,1779367097286029697,,,,
1779367097318464880,SINK_ONLY,2131,1779367097318464880,,,,
1779367097354873854,SINK_ONLY,2132,1779367097354873854,,,,
1779367097396955924,SINK_ONLY,2133,1779367097396955924,,,,
1779367097430749849,SINK_ONLY,2134,1779367097430749849,,,,
1779367097468736375,SINK_ONLY,2135,1779367097468736375,,,,
1779367097501211721,SINK_ONLY,2136,1779367097501211721,,,,
1779367097538558528,SINK_ONLY,2137,1779367097538558528,,,,
1779367097573138981,SINK_ONLY,2138,1779367097573138981,,,,
1779367097610911713,SINK_ONLY,2139,1779367097610911713,,,,
1779367097648212739,SINK_ONLY,2140,1779367097648212739,,,,
1779367097682945118,SINK_ONLY,2141,1779367097682945118,,,,
1779367097717648769,SINK_ONLY,2142,1779367097717648769,,,,
1779367097754797268,SINK_ONLY,2143,1779367097754797268,,,,
1779367097791219363,SINK_ONLY,2144,1779367097791219363,,,,
1779367097825673269,SINK_ONLY,2145,1779367097825673269,,,,
1779367097863245064,SINK_ONLY,2146,1779367097863245064,,,,
1779367097898563840,SINK_ONLY,2147,1779367097898563840,,,,
1779367097934265467,SINK_ONLY,2148,1779367097934265467,,,,
1779367097971389552,SINK_ONLY,2149,1779367097971389552,,,,
1779367098006569682,SINK_ONLY,2150,1779367098006569682,,,,
1779367098042440829,SINK_ONLY,2151,1779367098042440829,,,,
1779367098079992824,SINK_ONLY,2152,1779367098079992824,,,,
1779367098115281447,SINK_ONLY,2153,1779367098115281447,,,,
1779367098152207605,SINK_ONLY,2154,1779367098152207605,,,,
1779367098187025907,SINK_ONLY,2155,1779367098187025907,,,,
1779367098225724012,SINK_ONLY,2156,1779367098225724012,,,,
1779367098260608076,SINK_ONLY,2157,1779367098260608076,,,,
1779367098295848331,SINK_ONLY,2158,1779367098295848331,,,,
1779367098333820613,SINK_ONLY,2159,1779367098333820613,,,,
1779367098365125916,SINK_ONLY,2160,1779367098365125916,,,,
1779367098387314395,SINK_ONLY,2161,1779367098387314395,,,,
1779367098421458091,SINK_ONLY,2162,1779367098421458091,,,,
1779367098456183168,SINK_ONLY,2163,1779367098456183168,,,,
1779367098492750848,SINK_ONLY,2164,1779367098492750848,,,,
1779367098529165058,SINK_ONLY,2165,1779367098529165058,,,,
1779367098564282516,SINK_ONLY,2166,1779367098564282516,,,,
1779367098599717568,SINK_ONLY,2167,1779367098599717568,,,,
1779367098635975198,SINK_ONLY,2168,1779367098635975198,,,,
1779367098672107284,SINK_ONLY,2169,1779367098672107284,,,,
1779367098708157640,SINK_ONLY,2170,1779367098708157640,,,,
1779367098744332557,SINK_ONLY,2171,1779367098744332557,,,,
1779367098782871074,SINK_ONLY,2172,1779367098782871074,,,,
1779367098816920541,SINK_ONLY,2173,1779367098816920541,,,,
1779367098853145652,SINK_ONLY,2174,1779367098853145652,,,,
1779367098889817793,SINK_ONLY,2175,1779367098889817793,,,,
1779367098926052012,SINK_ONLY,2176,1779367098926052012,,,,
1779367098961663965,SINK_ONLY,2177,1779367098961663965,,,,
1779367098997303502,SINK_ONLY,2178,1779367098997303502,,,,
1779367099033485280,SINK_ONLY,2179,1779367099033485280,,,,
1779367099069792563,SINK_ONLY,2180,1779367099069792563,,,,
1779367099110017224,SINK_ONLY,2181,1779367099110017224,,,,
1779367099141904750,SINK_ONLY,2182,1779367099141904750,,,,
1779367099178071221,SINK_ONLY,2183,1779367099178071221,,,,
1779367099216009158,SINK_ONLY,2184,1779367099216009158,,,,
1779367099252069364,SINK_ONLY,2185,1779367099252069364,,,,
1779367099288644287,SINK_ONLY,2186,1779367099288644287,,,,
1779367099327284816,SINK_ONLY,2187,1779367099327284816,,,,
1779367099358427861,SINK_ONLY,2188,1779367099358427861,,,,
1779367099397981166,SINK_ONLY,2189,1779367099397981166,,,,
1779367099436794364,SINK_ONLY,2190,1779367099436794364,,,,
1779367099471403024,SINK_ONLY,2191,1779367099471403024,,,,
1779367099509611710,SINK_ONLY,2192,1779367099509611710,,,,
1779367099545049510,SINK_ONLY,2193,1779367099545049510,,,,
1779367099580242199,SINK_ONLY,2194,1779367099580242199,,,,
1779367099616353782,SINK_ONLY,2195,1779367099616353782,,,,
1779367099651746604,SINK_ONLY,2196,1779367099651746604,,,,
1779367099687046160,SINK_ONLY,2197,1779367099687046160,,,,
1779367099720660294,SINK_ONLY,2198,1779367099720660294,,,,
1779367099761291962,SINK_ONLY,2199,1779367099761291962,,,,
1779367099798764153,SINK_ONLY,2200,1779367099798764153,,,,
1779367099831146634,SINK_ONLY,2201,1779367099831146634,,,,
1779367099865217267,SINK_ONLY,2202,1779367099865217267,,,,
1779367099900420367,SINK_ONLY,2203,1779367099900420367,,,,
1779367099937389296,SINK_ONLY,2204,1779367099937389296,,,,
1779367099974132414,SINK_ONLY,2205,1779367099974132414,,,,
1779367100008957397,SINK_ONLY,2206,1779367100008957397,,,,
1779367100045129205,SINK_ONLY,2207,1779367100045129205,,,,
1779367100080942875,SINK_ONLY,2208,1779367100080942875,,,,
1779367100116306749,SINK_ONLY,2209,1779367100116306749,,,,
1779367100153588275,SINK_ONLY,2210,1779367100153588275,,,,
1779367100188942960,SINK_ONLY,2211,1779367100188942960,,,,
1779367100225383070,SINK_ONLY,2212,1779367100225383070,,,,
1779367100260784378,SINK_ONLY,2213,1779367100260784378,,,,
1779367100297550706,SINK_ONLY,2214,1779367100297550706,,,,
1779367100332852188,SINK_ONLY,2215,1779367100332852188,,,,
1779367100369706226,SINK_ONLY,2216,1779367100369706226,,,,
1779367100405277233,SINK_ONLY,2217,1779367100405277233,,,,
1779367100443027716,SINK_ONLY,2218,1779367100443027716,,,,
1779367100479975240,SINK_ONLY,2219,1779367100479975240,,,,
1779367100521991147,SINK_ONLY,2220,1779367100521991147,,,,
1779367100555618301,SINK_ONLY,2221,1779367100555618301,,,,
1779367100587396332,SINK_ONLY,2222,1779367100587396332,,,,
1779367100621731996,SINK_ONLY,2223,1779367100621731996,,,,
1779367100657090653,SINK_ONLY,2224,1779367100657090653,,,,
1779367100693067564,SINK_ONLY,2225,1779367100693067564,,,,
1779367100729058558,SINK_ONLY,2226,1779367100729058558,,,,
1779367100765522821,SINK_ONLY,2227,1779367100765522821,,,,
1779367100801544489,SINK_ONLY,2228,1779367100801544489,,,,
1779367100837642792,SINK_ONLY,2229,1779367100837642792,,,,
1779367100875219803,SINK_ONLY,2230,1779367100875219803,,,,
1779367100910631062,SINK_ONLY,2231,1779367100910631062,,,,
1779367100947142831,SINK_ONLY,2232,1779367100947142831,,,,
1779367100983193026,SINK_ONLY,2233,1779367100983193026,,,,
1779367101019013397,SINK_ONLY,2234,1779367101019013397,,,,
1779367101055406904,SINK_ONLY,2235,1779367101055406904,,,,
1779367101092798087,SINK_ONLY,2236,1779367101092798087,,,,
1779367101127090177,SINK_ONLY,2237,1779367101127090177,,,,
1779367101163154616,SINK_ONLY,2238,1779367101163154616,,,,
1779367101199225334,SINK_ONLY,2239,1779367101199225334,,,,
1779367101235334350,SINK_ONLY,2240,1779367101235334350,,,,
1779367101271954270,SINK_ONLY,2241,1779367101271954270,,,,
1779367101307526963,SINK_ONLY,2242,1779367101307526963,,,,
1779367101343640833,SINK_ONLY,2243,1779367101343640833,,,,
1779367101379615035,SINK_ONLY,2244,1779367101379615035,,,,
1779367101415760041,SINK_ONLY,2245,1779367101415760041,,,,
1779367101452660621,SINK_ONLY,2246,1779367101452660621,,,,
1779367101487988203,SINK_ONLY,2247,1779367101487988203,,,,
1779367101524614683,SINK_ONLY,2248,1779367101524614683,,,,
1779367101560491769,SINK_ONLY,2249,1779367101560491769,,,,
1779367101598871519,SINK_ONLY,2250,1779367101598871519,,,,
1779367101633304481,SINK_ONLY,2251,1779367101633304481,,,,
1779367101668751328,SINK_ONLY,2252,1779367101668751328,,,,
1779367101705644846,SINK_ONLY,2253,1779367101705644846,,,,
1779367101743992458,SINK_ONLY,2254,1779367101743992458,,,,
1779367101779768634,SINK_ONLY,2255,1779367101779768634,,,,
1779367101816119671,SINK_ONLY,2256,1779367101816119671,,,,
1779367101849766585,SINK_ONLY,2257,1779367101849766585,,,,
1779367101888357081,SINK_ONLY,2258,1779367101888357081,,,,
1779367101927127107,SINK_ONLY,2259,1779367101927127107,,,,
1779367101957460974,SINK_ONLY,2260,1779367101957460974,,,,
1779367101993452570,SINK_ONLY,2261,1779367101993452570,,,,
1779367102030787941,SINK_ONLY,2262,1779367102030787941,,,,
1779367102066433076,SINK_ONLY,2263,1779367102066433076,,,,
1779367102103720561,SINK_ONLY,2264,1779367102103720561,,,,
1779367102140981685,SINK_ONLY,2265,1779367102140981685,,,,
1779367102176217065,SINK_ONLY,2266,1779367102176217065,,,,
1779367102213200559,SINK_ONLY,2267,1779367102213200559,,,,
1779367102247951735,SINK_ONLY,2268,1779367102247951735,,,,
1779367102282633599,SINK_ONLY,2269,1779367102282633599,,,,
1779367102318231550,SINK_ONLY,2270,1779367102318231550,,,,
1779367102354945438,SINK_ONLY,2271,1779367102354945438,,,,
1779367102390408394,SINK_ONLY,2272,1779367102390408394,,,,
1779367102426395757,SINK_ONLY,2273,1779367102426395757,,,,
1779367102464178539,SINK_ONLY,2274,1779367102464178539,,,,
1779367102511516788,SINK_ONLY,2275,1779367102511516788,,,,
1779367102538631997,SINK_ONLY,2276,1779367102538631997,,,,
1779367102576535729,SINK_ONLY,2277,1779367102576535729,,,,
1779367102611829788,SINK_ONLY,2278,1779367102611829788,,,,
1779367102647690784,SINK_ONLY,2279,1779367102647690784,,,,
1779367102694150201,SINK_ONLY,2280,1779367102694150201,,,,
1779367102720969805,SINK_ONLY,2281,1779367102720969805,,,,
1779367102756737374,SINK_ONLY,2282,1779367102756737374,,,,
1779367102789685388,SINK_ONLY,2283,1779367102789685388,,,,
1779367102827843239,SINK_ONLY,2284,1779367102827843239,,,,
1779367102862465260,SINK_ONLY,2285,1779367102862465260,,,,
1779367102896076947,SINK_ONLY,2286,1779367102896076947,,,,
1779367102933038493,SINK_ONLY,2287,1779367102933038493,,,,
1779367102968153946,SINK_ONLY,2288,1779367102968153946,,,,
1779367103003520868,SINK_ONLY,2289,1779367103003520868,,,,
1779367103040248097,SINK_ONLY,2290,1779367103040248097,,,,
1779367103075771920,SINK_ONLY,2291,1779367103075771920,,,,
1779367103112357555,SINK_ONLY,2292,1779367103112357555,,,,
1779367103148464264,SINK_ONLY,2293,1779367103148464264,,,,
1779367103184522504,SINK_ONLY,2294,1779367103184522504,,,,
1779367103220662354,SINK_ONLY,2295,1779367103220662354,,,,
1779367103257096344,SINK_ONLY,2296,1779367103257096344,,,,
1779367103293639610,SINK_ONLY,2297,1779367103293639610,,,,
1779367103329658188,SINK_ONLY,2298,1779367103329658188,,,,
1779367103365620655,SINK_ONLY,2299,1779367103365620655,,,,
1779367103403229123,SINK_ONLY,2300,1779367103403229123,,,,
1779367103437206529,SINK_ONLY,2301,1779367103437206529,,,,
1779367103473329769,SINK_ONLY,2302,1779367103473329769,,,,
1779367103509369231,SINK_ONLY,2303,1779367103509369231,,,,
1779367103545415715,SINK_ONLY,2304,1779367103545415715,,,,
1779367103581633463,SINK_ONLY,2305,1779367103581633463,,,,
1779367103617621207,SINK_ONLY,2306,1779367103617621207,,,,
1779367103654051045,SINK_ONLY,2307,1779367103654051045,,,,
1779367103689824172,SINK_ONLY,2308,1779367103689824172,,,,
1779367103725954372,SINK_ONLY,2309,1779367103725954372,,,,
1779367103766346426,SINK_ONLY,2310,1779367103766346426,,,,
1779367103815628629,SINK_ONLY,2311,1779367103815628629,,,,
1779367103850999764,SINK_ONLY,2312,1779367103850999764,,,,
1779367103889762588,SINK_ONLY,2313,1779367103889762588,,,,
1779367103928263810,SINK_ONLY,2314,1779367103928263810,,,,
1779367103963157463,SINK_ONLY,2315,1779367103963157463,,,,
1779367104003250059,SINK_ONLY,2316,1779367104003250059,,,,
1779367104032483637,SINK_ONLY,2317,1779367104032483637,,,,
1779367104069310430,SINK_ONLY,2318,1779367104069310430,,,,
1779367104105553436,SINK_ONLY,2319,1779367104105553436,,,,
1779367104143136346,SINK_ONLY,2320,1779367104143136346,,,,
1779367104182166528,SINK_ONLY,2321,1779367104182166528,,,,
1779367104216182794,SINK_ONLY,2322,1779367104216182794,,,,
1779367104252026176,SINK_ONLY,2323,1779367104252026176,,,,
1779367104288139625,SINK_ONLY,2324,1779367104288139625,,,,
1779367104317753286,SINK_ONLY,2325,1779367104317753286,,,,
1779367104340912639,SINK_ONLY,2326,1779367104340912639,,,,
1779367104376067332,SINK_ONLY,2327,1779367104376067332,,,,
1779367104412577155,SINK_ONLY,2328,1779367104412577155,,,,
1779367104447821823,SINK_ONLY,2329,1779367104447821823,,,,
1779367104484015939,SINK_ONLY,2330,1779367104484015939,,,,
1779367104520135025,SINK_ONLY,2331,1779367104520135025,,,,
1779367104556424193,SINK_ONLY,2332,1779367104556424193,,,,
1779367104593222479,SINK_ONLY,2333,1779367104593222479,,,,
1779367104628502355,SINK_ONLY,2334,1779367104628502355,,,,
1779367104664467590,SINK_ONLY,2335,1779367104664467590,,,,
1779367104701328830,SINK_ONLY,2336,1779367104701328830,,,,
1779367104736609267,SINK_ONLY,2337,1779367104736609267,,,,
1779367104772699967,SINK_ONLY,2338,1779367104772699967,,,,
1779367104809498775,SINK_ONLY,2339,1779367104809498775,,,,
1779367104851665805,SINK_ONLY,2340,1779367104851665805,,,,
1779367104882912628,SINK_ONLY,2341,1779367104882912628,,,,
1779367104917184597,SINK_ONLY,2342,1779367104917184597,,,,
1779367104952367416,SINK_ONLY,2343,1779367104952367416,,,,
1779367104988343685,SINK_ONLY,2344,1779367104988343685,,,,
1779367105024299752,SINK_ONLY,2345,1779367105024299752,,,,
1779367105060682044,SINK_ONLY,2346,1779367105060682044,,,,
1779367105096737275,SINK_ONLY,2347,1779367105096737275,,,,
1779367105132857344,SINK_ONLY,2348,1779367105132857344,,,,
1779367105169138025,SINK_ONLY,2349,1779367105169138025,,,,
1779367105205566780,SINK_ONLY,2350,1779367105205566780,,,,
1779367105241571215,SINK_ONLY,2351,1779367105241571215,,,,
1779367105277627449,SINK_ONLY,2352,1779367105277627449,,,,
1779367105313644784,SINK_ONLY,2353,1779367105313644784,,,,
1779367105350225022,SINK_ONLY,2354,1779367105350225022,,,,
1779367105386232788,SINK_ONLY,2355,1779367105386232788,,,,
1779367105423817603,SINK_ONLY,2356,1779367105423817603,,,,
1779367105458450257,SINK_ONLY,2357,1779367105458450257,,,,
1779367105494464281,SINK_ONLY,2358,1779367105494464281,,,,
1779367105532800298,SINK_ONLY,2359,1779367105532800298,,,,
1779367105566651277,SINK_ONLY,2360,1779367105566651277,,,,
1779367105603105670,SINK_ONLY,2361,1779367105603105670,,,,
1779367105638831251,SINK_ONLY,2362,1779367105638831251,,,,
1779367105675029661,SINK_ONLY,2363,1779367105675029661,,,,
1779367105711726637,SINK_ONLY,2364,1779367105711726637,,,,
1779367105747818981,SINK_ONLY,2365,1779367105747818981,,,,
1779367105783427865,SINK_ONLY,2366,1779367105783427865,,,,
1779367105820021725,SINK_ONLY,2367,1779367105820021725,,,,
1779367105856380285,SINK_ONLY,2368,1779367105856380285,,,,
1779367105892115215,SINK_ONLY,2369,1779367105892115215,,,,
1779367105927584250,SINK_ONLY,2370,1779367105927584250,,,,
1779367105964499675,SINK_ONLY,2371,1779367105964499675,,,,
1779367105999707250,SINK_ONLY,2372,1779367105999707250,,,,
1779367106036597077,SINK_ONLY,2373,1779367106036597077,,,,
1779367106073508671,SINK_ONLY,2374,1779367106073508671,,,,
1779367106108785818,SINK_ONLY,2375,1779367106108785818,,,,
1779367106144040096,SINK_ONLY,2376,1779367106144040096,,,,
1779367106180776834,SINK_ONLY,2377,1779367106180776834,,,,
1779367106216961561,SINK_ONLY,2378,1779367106216961561,,,,
1779367106252970791,SINK_ONLY,2379,1779367106252970791,,,,
1779367106288679901,SINK_ONLY,2380,1779367106288679901,,,,
1779367106325254864,SINK_ONLY,2381,1779367106325254864,,,,
1779367106361389779,SINK_ONLY,2382,1779367106361389779,,,,
1779367106396787897,SINK_ONLY,2383,1779367106396787897,,,,
1779367106433470288,SINK_ONLY,2384,1779367106433470288,,,,
1779367106469640130,SINK_ONLY,2385,1779367106469640130,,,,
1779367106505063987,SINK_ONLY,2386,1779367106505063987,,,,
1779367106541983244,SINK_ONLY,2387,1779367106541983244,,,,
1779367106577252046,SINK_ONLY,2388,1779367106577252046,,,,
1779367106614684736,SINK_ONLY,2389,1779367106614684736,,,,
1779367106649483117,SINK_ONLY,2390,1779367106649483117,,,,
1779367106686276950,SINK_ONLY,2391,1779367106686276950,,,,
1779367106722463262,SINK_ONLY,2392,1779367106722463262,,,,
1779367106757784866,SINK_ONLY,2393,1779367106757784866,,,,
1779367106794394916,SINK_ONLY,2394,1779367106794394916,,,,
1779367106830532880,SINK_ONLY,2395,1779367106830532880,,,,
1779367106865878778,SINK_ONLY,2396,1779367106865878778,,,,
1779367106904588058,SINK_ONLY,2397,1779367106904588058,,,,
1779367106940789918,SINK_ONLY,2398,1779367106940789918,,,,
1779367106975220552,SINK_ONLY,2399,1779367106975220552,,,,
1779367107019479630,SINK_ONLY,2400,1779367107019479630,,,,
1779367107049925601,SINK_ONLY,2401,1779367107049925601,,,,
1779367107083672481,SINK_ONLY,2402,1779367107083672481,,,,
1779367107118049452,SINK_ONLY,2403,1779367107118049452,,,,
1779367107154159410,SINK_ONLY,2404,1779367107154159410,,,,
1779367107192271521,SINK_ONLY,2405,1779367107192271521,,,,
1779367107226382557,SINK_ONLY,2406,1779367107226382557,,,,
1779367107262584577,SINK_ONLY,2407,1779367107262584577,,,,
1779367107298479918,SINK_ONLY,2408,1779367107298479918,,,,
1779367107335095866,SINK_ONLY,2409,1779367107335095866,,,,
1779367107371424474,SINK_ONLY,2410,1779367107371424474,,,,
1779367107408022567,SINK_ONLY,2411,1779367107408022567,,,,
1779367107443970790,SINK_ONLY,2412,1779367107443970790,,,,
1779367107479846632,SINK_ONLY,2413,1779367107479846632,,,,
1779367107517692788,SINK_ONLY,2414,1779367107517692788,,,,
1779367107552459191,SINK_ONLY,2415,1779367107552459191,,,,
1779367107587935348,SINK_ONLY,2416,1779367107587935348,,,,
1779367107624551156,SINK_ONLY,2417,1779367107624551156,,,,
1779367107660741821,SINK_ONLY,2418,1779367107660741821,,,,
1779367107696112656,SINK_ONLY,2419,1779367107696112656,,,,
1779367107733988623,SINK_ONLY,2420,1779367107733988623,,,,
1779367107768433281,SINK_ONLY,2421,1779367107768433281,,,,
1779367107805149255,SINK_ONLY,2422,1779367107805149255,,,,
1779367107841158987,SINK_ONLY,2423,1779367107841158987,,,,
1779367107877297653,SINK_ONLY,2424,1779367107877297653,,,,
1779367107913275567,SINK_ONLY,2425,1779367107913275567,,,,
1779367107948757682,SINK_ONLY,2426,1779367107948757682,,,,
1779367107985867804,SINK_ONLY,2427,1779367107985867804,,,,
1779367108021150187,SINK_ONLY,2428,1779367108021150187,,,,
1779367108057720054,SINK_ONLY,2429,1779367108057720054,,,,
1779367108095790437,SINK_ONLY,2430,1779367108095790437,,,,
1779367108129814406,SINK_ONLY,2431,1779367108129814406,,,,
1779367108165269218,SINK_ONLY,2432,1779367108165269218,,,,
1779367108201933996,SINK_ONLY,2433,1779367108201933996,,,,
1779367108238208057,SINK_ONLY,2434,1779367108238208057,,,,
1779367108274822079,SINK_ONLY,2435,1779367108274822079,,,,
1779367108310294123,SINK_ONLY,2436,1779367108310294123,,,,
1779367108347181623,SINK_ONLY,2437,1779367108347181623,,,,
1779367108383949677,SINK_ONLY,2438,1779367108383949677,,,,
1779367108417937536,SINK_ONLY,2439,1779367108417937536,,,,
1779367108454948313,SINK_ONLY,2440,1779367108454948313,,,,
1779367108490850174,SINK_ONLY,2441,1779367108490850174,,,,
1779367108526293431,SINK_ONLY,2442,1779367108526293431,,,,
1779367108563006396,SINK_ONLY,2443,1779367108563006396,,,,
1779367108599369148,SINK_ONLY,2444,1779367108599369148,,,,
1779367108635272674,SINK_ONLY,2445,1779367108635272674,,,,
1779367108670671615,SINK_ONLY,2446,1779367108670671615,,,,
1779367108707468457,SINK_ONLY,2447,1779367108707468457,,,,
1779367108743511892,SINK_ONLY,2448,1779367108743511892,,,,
1779367108778876788,SINK_ONLY,2449,1779367108778876788,,,,
1779367108815678485,SINK_ONLY,2450,1779367108815678485,,,,
1779367108853584183,SINK_ONLY,2451,1779367108853584183,,,,
1779367108888240730,SINK_ONLY,2452,1779367108888240730,,,,
1779367108926320181,SINK_ONLY,2453,1779367108926320181,,,,
1779367108962959079,SINK_ONLY,2454,1779367108962959079,,,,
1779367108997758142,SINK_ONLY,2455,1779367108997758142,,,,
1779367109033142880,SINK_ONLY,2456,1779367109033142880,,,,
1779367109069158288,SINK_ONLY,2457,1779367109069158288,,,,
1779367109104008147,SINK_ONLY,2458,1779367109104008147,,,,
1779367109139850666,SINK_ONLY,2459,1779367109139850666,,,,
1779367109183359185,SINK_ONLY,2460,1779367109183359185,,,,
1779367109213966028,SINK_ONLY,2461,1779367109213966028,,,,
1779367109248359409,SINK_ONLY,2462,1779367109248359409,,,,
1779367109284670764,SINK_ONLY,2463,1779367109284670764,,,,
1779367109319767299,SINK_ONLY,2464,1779367109319767299,,,,
1779367109356256118,SINK_ONLY,2465,1779367109356256118,,,,
1779367109392846026,SINK_ONLY,2466,1779367109392846026,,,,
1779367109430039463,SINK_ONLY,2467,1779367109430039463,,,,
1779367109465464925,SINK_ONLY,2468,1779367109465464925,,,,
1779367109502542507,SINK_ONLY,2469,1779367109502542507,,,,
1779367109539127420,SINK_ONLY,2470,1779367109539127420,,,,
1779367109574955354,SINK_ONLY,2471,1779367109574955354,,,,
1779367109611054279,SINK_ONLY,2472,1779367109611054279,,,,
1779367109647702385,SINK_ONLY,2473,1779367109647702385,,,,
1779367109684644853,SINK_ONLY,2474,1779367109684644853,,,,
1779367109717924363,SINK_ONLY,2475,1779367109717924363,,,,
1779367109775283042,SINK_ONLY,2476,1779367109775283042,,,,
1779367109811291790,SINK_ONLY,2477,1779367109811291790,,,,
1779367109842503887,SINK_ONLY,2478,1779367109842503887,,,,
1779367109869650232,SINK_ONLY,2479,1779367109869650232,,,,
1779367109904394106,SINK_ONLY,2480,1779367109904394106,,,,
1779367109940381248,SINK_ONLY,2481,1779367109940381248,,,,
1779367109976678901,SINK_ONLY,2482,1779367109976678901,,,,
1779367110011573798,SINK_ONLY,2483,1779367110011573798,,,,
1779367110047544430,SINK_ONLY,2484,1779367110047544430,,,,
1779367110082461053,SINK_ONLY,2485,1779367110082461053,,,,
1779367110119576431,SINK_ONLY,2486,1779367110119576431,,,,
1779367110156616658,SINK_ONLY,2487,1779367110156616658,,,,
1779367110192674296,SINK_ONLY,2488,1779367110192674296,,,,
1779367110224609248,SINK_ONLY,2489,1779367110224609248,,,,
1779367110262162326,SINK_ONLY,2490,1779367110262162326,,,,
1779367110296877593,SINK_ONLY,2491,1779367110296877593,,,,
1779367110332215867,SINK_ONLY,2492,1779367110332215867,,,,
1779367110368216330,SINK_ONLY,2493,1779367110368216330,,,,
1779367110404862330,SINK_ONLY,2494,1779367110404862330,,,,
1779367110439661414,SINK_ONLY,2495,1779367110439661414,,,,
1779367110476369645,SINK_ONLY,2496,1779367110476369645,,,,
1779367110512124275,SINK_ONLY,2497,1779367110512124275,,,,
1779367110548505825,SINK_ONLY,2498,1779367110548505825,,,,
1779367110583852726,SINK_ONLY,2499,1779367110583852726,,,,
1779367110624388520,SINK_ONLY,2500,1779367110624388520,,,,
1779367110656102855,SINK_ONLY,2501,1779367110656102855,,,,
1779367110692857067,SINK_ONLY,2502,1779367110692857067,,,,
1779367110728250510,SINK_ONLY,2503,1779367110728250510,,,,
1779367110765079732,SINK_ONLY,2504,1779367110765079732,,,,
1779367110800479194,SINK_ONLY,2505,1779367110800479194,,,,
1779367110838137956,SINK_ONLY,2506,1779367110838137956,,,,
1779367110874539989,SINK_ONLY,2507,1779367110874539989,,,,
1779367110911902604,SINK_ONLY,2508,1779367110911902604,,,,
1779367110946390715,SINK_ONLY,2509,1779367110946390715,,,,
1779367110983451345,SINK_ONLY,2510,1779367110983451345,,,,
1779367111022717309,SINK_ONLY,2511,1779367111022717309,,,,
1779367111058710290,SINK_ONLY,2512,1779367111058710290,,,,
1779367111092659109,SINK_ONLY,2513,1779367111092659109,,,,
1779367111129703469,SINK_ONLY,2514,1779367111129703469,,,,
1779367111165474790,SINK_ONLY,2515,1779367111165474790,,,,
1779367111202579094,SINK_ONLY,2516,1779367111202579094,,,,
1779367111236627919,SINK_ONLY,2517,1779367111236627919,,,,
1779367111275454699,SINK_ONLY,2518,1779367111275454699,,,,
1779367111308507133,SINK_ONLY,2519,1779367111308507133,,,,
1779367111349929702,SINK_ONLY,2520,1779367111349929702,,,,
1779367111380435677,SINK_ONLY,2521,1779367111380435677,,,,
1779367111414350712,SINK_ONLY,2522,1779367111414350712,,,,
1779367111449477700,SINK_ONLY,2523,1779367111449477700,,,,
1779367111485541637,SINK_ONLY,2524,1779367111485541637,,,,
1779367111521527476,SINK_ONLY,2525,1779367111521527476,,,,
1779367111557582646,SINK_ONLY,2526,1779367111557582646,,,,
1779367111593899298,SINK_ONLY,2527,1779367111593899298,,,,
1779367111630382660,SINK_ONLY,2528,1779367111630382660,,,,
1779367111668837620,SINK_ONLY,2529,1779367111668837620,,,,
1779367111705613518,SINK_ONLY,2530,1779367111705613518,,,,
1779367111739160868,SINK_ONLY,2531,1779367111739160868,,,,
1779367111775165022,SINK_ONLY,2532,1779367111775165022,,,,
1779367111810866269,SINK_ONLY,2533,1779367111810866269,,,,
1779367111846919914,SINK_ONLY,2534,1779367111846919914,,,,
1779367111883569967,SINK_ONLY,2535,1779367111883569967,,,,
1779367111919902708,SINK_ONLY,2536,1779367111919902708,,,,
1779367111955693468,SINK_ONLY,2537,1779367111955693468,,,,
1779367111991980068,SINK_ONLY,2538,1779367111991980068,,,,
1779367112028936940,SINK_ONLY,2539,1779367112028936940,,,,
1779367112064589999,SINK_ONLY,2540,1779367112064589999,,,,
1779367112100122629,SINK_ONLY,2541,1779367112100122629,,,,
1779367112136585047,SINK_ONLY,2542,1779367112136585047,,,,
1779367112172877263,SINK_ONLY,2543,1779367112172877263,,,,
1779367112209835560,SINK_ONLY,2544,1779367112209835560,,,,
1779367112251045198,SINK_ONLY,2545,1779367112251045198,,,,
1779367112284847528,SINK_ONLY,2546,1779367112284847528,,,,
1779367112320077371,SINK_ONLY,2547,1779367112320077371,,,,
1779367112353407736,SINK_ONLY,2548,1779367112353407736,,,,
1779367112390377628,SINK_ONLY,2549,1779367112390377628,,,,
1779367112425408983,SINK_ONLY,2550,1779367112425408983,,,,
1779367112461018568,SINK_ONLY,2551,1779367112461018568,,,,
1779367112497193807,SINK_ONLY,2552,1779367112497193807,,,,
1779367112534703111,SINK_ONLY,2553,1779367112534703111,,,,
1779367112570253134,SINK_ONLY,2554,1779367112570253134,,,,
1779367112609689882,SINK_ONLY,2555,1779367112609689882,,,,
1779367112644610036,SINK_ONLY,2556,1779367112644610036,,,,
1779367112679907346,SINK_ONLY,2557,1779367112679907346,,,,
1779367112715504915,SINK_ONLY,2558,1779367112715504915,,,,
1779367112755170102,SINK_ONLY,2559,1779367112755170102,,,,
1779367112787693816,SINK_ONLY,2560,1779367112787693816,,,,
1779367112822864538,SINK_ONLY,2561,1779367112822864538,,,,
1779367112857672549,SINK_ONLY,2562,1779367112857672549,,,,
1779367112894669945,SINK_ONLY,2563,1779367112894669945,,,,
1779367112930107785,SINK_ONLY,2564,1779367112930107785,,,,
1779367112966758720,SINK_ONLY,2565,1779367112966758720,,,,
1779367113002171222,SINK_ONLY,2566,1779367113002171222,,,,
1779367113039027847,SINK_ONLY,2567,1779367113039027847,,,,
1779367113074353965,SINK_ONLY,2568,1779367113074353965,,,,
1779367113111356557,SINK_ONLY,2569,1779367113111356557,,,,
1779367113148946789,SINK_ONLY,2570,1779367113148946789,,,,
1779367113183384065,SINK_ONLY,2571,1779367113183384065,,,,
1779367113218813057,SINK_ONLY,2572,1779367113218813057,,,,
1779367113255622378,SINK_ONLY,2573,1779367113255622378,,,,
1779367113290946649,SINK_ONLY,2574,1779367113290946649,,,,
1779367113327738577,SINK_ONLY,2575,1779367113327738577,,,,
1779367113363185765,SINK_ONLY,2576,1779367113363185765,,,,
1779367113399860734,SINK_ONLY,2577,1779367113399860734,,,,
1779367113435311734,SINK_ONLY,2578,1779367113435311734,,,,
1779367113473680390,SINK_ONLY,2579,1779367113473680390,,,,
1779367113515752209,SINK_ONLY,2580,1779367113515752209,,,,
1779367113546046735,SINK_ONLY,2581,1779367113546046735,,,,
1779367113580013911,SINK_ONLY,2582,1779367113580013911,,,,
1779367113615232358,SINK_ONLY,2583,1779367113615232358,,,,
1779367113651317962,SINK_ONLY,2584,1779367113651317962,,,,
1779367113687112193,SINK_ONLY,2585,1779367113687112193,,,,
1779367113723508449,SINK_ONLY,2586,1779367113723508449,,,,
1779367113759651268,SINK_ONLY,2587,1779367113759651268,,,,
1779367113795957166,SINK_ONLY,2588,1779367113795957166,,,,
1779367113832031556,SINK_ONLY,2589,1779367113832031556,,,,
1779367113868117039,SINK_ONLY,2590,1779367113868117039,,,,
1779367113904236888,SINK_ONLY,2591,1779367113904236888,,,,
1779367113940818932,SINK_ONLY,2592,1779367113940818932,,,,
1779367113976926643,SINK_ONLY,2593,1779367113976926643,,,,
1779367114013018045,SINK_ONLY,2594,1779367114013018045,,,,
1779367114051215978,SINK_ONLY,2595,1779367114051215978,,,,
1779367114085409025,SINK_ONLY,2596,1779367114085409025,,,,
1779367114121317727,SINK_ONLY,2597,1779367114121317727,,,,
1779367114157330067,SINK_ONLY,2598,1779367114157330067,,,,
1779367114193432702,SINK_ONLY,2599,1779367114193432702,,,,
1779367114229607921,SINK_ONLY,2600,1779367114229607921,,,,
1779367114266665160,SINK_ONLY,2601,1779367114266665160,,,,
1779367114301630072,SINK_ONLY,2602,1779367114301630072,,,,
1779367114337815240,SINK_ONLY,2603,1779367114337815240,,,,
1779367114375863154,SINK_ONLY,2604,1779367114375863154,,,,
1779367114409984281,SINK_ONLY,2605,1779367114409984281,,,,
1779367114446134483,SINK_ONLY,2606,1779367114446134483,,,,
1779367114482422868,SINK_ONLY,2607,1779367114482422868,,,,
1779367114518442690,SINK_ONLY,2608,1779367114518442690,,,,
1779367114555034263,SINK_ONLY,2609,1779367114555034263,,,,
1779367114590957470,SINK_ONLY,2610,1779367114590957470,,,,
1779367114627191749,SINK_ONLY,2611,1779367114627191749,,,,
1779367114662671336,SINK_ONLY,2612,1779367114662671336,,,,
1779367114699145791,SINK_ONLY,2613,1779367114699145791,,,,
1779367114734781577,SINK_ONLY,2614,1779367114734781577,,,,
1779367114771648333,SINK_ONLY,2615,1779367114771648333,,,,
1779367114807660271,SINK_ONLY,2616,1779367114807660271,,,,
1779367114842941532,SINK_ONLY,2617,1779367114842941532,,,,
1779367114879790513,SINK_ONLY,2618,1779367114879790513,,,,
1779367114914983062,SINK_ONLY,2619,1779367114914983062,,,,
1779367114952036510,SINK_ONLY,2620,1779367114952036510,,,,
1779367114987269161,SINK_ONLY,2621,1779367114987269161,,,,
1779367115024092565,SINK_ONLY,2622,1779367115024092565,,,,
1779367115060123381,SINK_ONLY,2623,1779367115060123381,,,,
1779367115096272880,SINK_ONLY,2624,1779367115096272880,,,,
1779367115132324239,SINK_ONLY,2625,1779367115132324239,,,,
1779367115168782705,SINK_ONLY,2626,1779367115168782705,,,,
1779367115205207748,SINK_ONLY,2627,1779367115205207748,,,,
1779367115245482101,SINK_ONLY,2628,1779367115245482101,,,,
1779367115298290604,SINK_ONLY,2629,1779367115298290604,,,,
1779367115333904824,SINK_ONLY,2630,1779367115333904824,,,,
1779367115365415456,SINK_ONLY,2631,1779367115365415456,,,,
1779367115388135583,SINK_ONLY,2632,1779367115388135583,,,,
1779367115424121682,SINK_ONLY,2633,1779367115424121682,,,,
1779367115457447955,SINK_ONLY,2634,1779367115457447955,,,,
1779367115493539176,SINK_ONLY,2635,1779367115493539176,,,,
1779367115528776722,SINK_ONLY,2636,1779367115528776722,,,,
1779367115565641853,SINK_ONLY,2637,1779367115565641853,,,,
1779367115601678567,SINK_ONLY,2638,1779367115601678567,,,,
1779367115637880367,SINK_ONLY,2639,1779367115637880367,,,,
1779367115679839320,SINK_ONLY,2640,1779367115679839320,,,,
1779367115713261486,SINK_ONLY,2641,1779367115713261486,,,,
1779367115746274980,SINK_ONLY,2642,1779367115746274980,,,,
1779367115781557083,SINK_ONLY,2643,1779367115781557083,,,,
1779367115817829338,SINK_ONLY,2644,1779367115817829338,,,,
1779367115852993660,SINK_ONLY,2645,1779367115852993660,,,,
1779367115888970651,SINK_ONLY,2646,1779367115888970651,,,,
1779367115925569547,SINK_ONLY,2647,1779367115925569547,,,,
1779367115961501781,SINK_ONLY,2648,1779367115961501781,,,,
1779367115997610034,SINK_ONLY,2649,1779367115997610034,,,,
1779367116036009746,SINK_ONLY,2650,1779367116036009746,,,,
1779367116070252886,SINK_ONLY,2651,1779367116070252886,,,,
1779367116106521190,SINK_ONLY,2652,1779367116106521190,,,,
1779367116142508292,SINK_ONLY,2653,1779367116142508292,,,,
1779367116178623466,SINK_ONLY,2654,1779367116178623466,,,,
1779367116214602664,SINK_ONLY,2655,1779367116214602664,,,,
1779367116251769499,SINK_ONLY,2656,1779367116251769499,,,,
1779367116286953782,SINK_ONLY,2657,1779367116286953782,,,,
1779367116322884090,SINK_ONLY,2658,1779367116322884090,,,,
1779367116359676318,SINK_ONLY,2659,1779367116359676318,,,,
1779367116395762544,SINK_ONLY,2660,1779367116395762544,,,,
1779367116431898963,SINK_ONLY,2661,1779367116431898963,,,,
1779367116467931384,SINK_ONLY,2662,1779367116467931384,,,,
1779367116504027641,SINK_ONLY,2663,1779367116504027641,,,,
1779367116539428006,SINK_ONLY,2664,1779367116539428006,,,,
1779367116576253496,SINK_ONLY,2665,1779367116576253496,,,,
1779367116611619696,SINK_ONLY,2666,1779367116611619696,,,,
1779367116648579838,SINK_ONLY,2667,1779367116648579838,,,,
1779367116685380693,SINK_ONLY,2668,1779367116685380693,,,,
1779367116721333790,SINK_ONLY,2669,1779367116721333790,,,,
1779367116758340495,SINK_ONLY,2670,1779367116758340495,,,,
1779367116792973610,SINK_ONLY,2671,1779367116792973610,,,,
1779367116828936077,SINK_ONLY,2672,1779367116828936077,,,,
1779367116864423870,SINK_ONLY,2673,1779367116864423870,,,,
1779367116901170980,SINK_ONLY,2674,1779367116901170980,,,,
1779367116936546488,SINK_ONLY,2675,1779367116936546488,,,,
1779367116973346119,SINK_ONLY,2676,1779367116973346119,,,,
1779367117009095834,SINK_ONLY,2677,1779367117009095834,,,,
1779367117045606520,SINK_ONLY,2678,1779367117045606520,,,,
1779367117080957694,SINK_ONLY,2679,1779367117080957694,,,,
1779367117118031364,SINK_ONLY,2680,1779367117118031364,,,,
1779367117153132513,SINK_ONLY,2681,1779367117153132513,,,,
1779367117189872501,SINK_ONLY,2682,1779367117189872501,,,,
1779367117225630722,SINK_ONLY,2683,1779367117225630722,,,,
1779367117262807347,SINK_ONLY,2684,1779367117262807347,,,,
1779367117298670429,SINK_ONLY,2685,1779367117298670429,,,,
1779367117335050294,SINK_ONLY,2686,1779367117335050294,,,,
1779367117374390727,SINK_ONLY,2687,1779367117374390727,,,,
1779367117406640462,SINK_ONLY,2688,1779367117406640462,,,,
1779367117443703921,SINK_ONLY,2689,1779367117443703921,,,,
1779367117479216931,SINK_ONLY,2690,1779367117479216931,,,,
1779367117514056438,SINK_ONLY,2691,1779367117514056438,,,,
1779367117550846860,SINK_ONLY,2692,1779367117550846860,,,,
1779367117586928713,SINK_ONLY,2693,1779367117586928713,,,,
1779367117622278362,SINK_ONLY,2694,1779367117622278362,,,,
1779367117658999813,SINK_ONLY,2695,1779367117658999813,,,,
1779367117696228438,SINK_ONLY,2696,1779367117696228438,,,,
1779367117731375126,SINK_ONLY,2697,1779367117731375126,,,,
1779367117767334664,SINK_ONLY,2698,1779367117767334664,,,,
1779367117805695677,SINK_ONLY,2699,1779367117805695677,,,,
1779367117846416658,SINK_ONLY,2700,1779367117846416658,,,,
1779367117877096464,SINK_ONLY,2701,1779367117877096464,,,,
1779367117911576651,SINK_ONLY,2702,1779367117911576651,,,,
1779367117946491228,SINK_ONLY,2703,1779367117946491228,,,,
1779367117982683318,SINK_ONLY,2704,1779367117982683318,,,,
1779367118018636275,SINK_ONLY,2705,1779367118018636275,,,,
1779367118054683161,SINK_ONLY,2706,1779367118054683161,,,,
1779367118091503735,SINK_ONLY,2707,1779367118091503735,,,,
1779367118127337347,SINK_ONLY,2708,1779367118127337347,,,,
1779367118163287054,SINK_ONLY,2709,1779367118163287054,,,,
1779367118200296889,SINK_ONLY,2710,1779367118200296889,,,,
1779367118235995968,SINK_ONLY,2711,1779367118235995968,,,,
1779367118272116378,SINK_ONLY,2712,1779367118272116378,,,,
1779367118308150905,SINK_ONLY,2713,1779367118308150905,,,,
1779367118344244332,SINK_ONLY,2714,1779367118344244332,,,,
1779367118380988011,SINK_ONLY,2715,1779367118380988011,,,,
1779367118416672286,SINK_ONLY,2716,1779367118416672286,,,,
1779367118452549792,SINK_ONLY,2717,1779367118452549792,,,,
1779367118488618162,SINK_ONLY,2718,1779367118488618162,,,,
1779367118524675659,SINK_ONLY,2719,1779367118524675659,,,,
1779367118563253175,SINK_ONLY,2720,1779367118563253175,,,,
1779367118597562137,SINK_ONLY,2721,1779367118597562137,,,,
1779367118633689990,SINK_ONLY,2722,1779367118633689990,,,,
1779367118670853033,SINK_ONLY,2723,1779367118670853033,,,,
1779367118706042191,SINK_ONLY,2724,1779367118706042191,,,,
1779367118741700024,SINK_ONLY,2725,1779367118741700024,,,,
1779367118778220439,SINK_ONLY,2726,1779367118778220439,,,,
1779367118813632018,SINK_ONLY,2727,1779367118813632018,,,,
1779367118849719427,SINK_ONLY,2728,1779367118849719427,,,,
1779367118886339508,SINK_ONLY,2729,1779367118886339508,,,,
1779367118922325145,SINK_ONLY,2730,1779367118922325145,,,,
1779367118958865842,SINK_ONLY,2731,1779367118958865842,,,,
1779367118994874389,SINK_ONLY,2732,1779367118994874389,,,,
1779367119030871201,SINK_ONLY,2733,1779367119030871201,,,,
1779367119067108910,SINK_ONLY,2734,1779367119067108910,,,,
1779367119102431757,SINK_ONLY,2735,1779367119102431757,,,,
1779367119141224753,SINK_ONLY,2736,1779367119141224753,,,,
1779367119174471863,SINK_ONLY,2737,1779367119174471863,,,,
1779367119211495218,SINK_ONLY,2738,1779367119211495218,,,,
1779367119248199015,SINK_ONLY,2739,1779367119248199015,,,,
1779367119285377666,SINK_ONLY,2740,1779367119285377666,,,,
1779367119320273706,SINK_ONLY,2741,1779367119320273706,,,,
1779367119356382781,SINK_ONLY,2742,1779367119356382781,,,,
1779367119393473383,SINK_ONLY,2743,1779367119393473383,,,,
1779367119433281668,SINK_ONLY,2744,1779367119433281668,,,,
1779367119469821242,SINK_ONLY,2745,1779367119469821242,,,,
1779367119504389719,SINK_ONLY,2746,1779367119504389719,,,,
1779367119539642110,SINK_ONLY,2747,1779367119539642110,,,,
1779367119576109724,SINK_ONLY,2748,1779367119576109724,,,,
1779367119613195651,SINK_ONLY,2749,1779367119613195651,,,,
1779367119647520842,SINK_ONLY,2750,1779367119647520842,,,,
1779367119683943959,SINK_ONLY,2751,1779367119683943959,,,,
1779367119720049363,SINK_ONLY,2752,1779367119720049363,,,,
1779367119752797144,SINK_ONLY,2753,1779367119752797144,,,,
1779367119788803143,SINK_ONLY,2754,1779367119788803143,,,,
1779367119824827118,SINK_ONLY,2755,1779367119824827118,,,,
1779367119860534784,SINK_ONLY,2756,1779367119860534784,,,,
1779367119899214753,SINK_ONLY,2757,1779367119899214753,,,,
1779367119932715219,SINK_ONLY,2758,1779367119932715219,,,,
1779367119969359834,SINK_ONLY,2759,1779367119969359834,,,,
1779367120012698131,SINK_ONLY,2760,1779367120012698131,,,,
1779367120044311377,SINK_ONLY,2761,1779367120044311377,,,,
1779367120080759170,SINK_ONLY,2762,1779367120080759170,,,,
1779367120115617775,SINK_ONLY,2763,1779367120115617775,,,,
1779367120150862122,SINK_ONLY,2764,1779367120150862122,,,,
1779367120184715027,SINK_ONLY,2765,1779367120184715027,,,,
1779367120222775358,SINK_ONLY,2766,1779367120222775358,,,,
1779367120263360222,SINK_ONLY,2767,1779367120263360222,,,,
1779367120299139668,SINK_ONLY,2768,1779367120299139668,,,,
1779367120335062814,SINK_ONLY,2769,1779367120335062814,,,,
1779367120372187780,SINK_ONLY,2770,1779367120372187780,,,,
1779367120408210030,SINK_ONLY,2771,1779367120408210030,,,,
1779367120444482044,SINK_ONLY,2772,1779367120444482044,,,,
1779367120477707548,SINK_ONLY,2773,1779367120477707548,,,,
1779367120517289640,SINK_ONLY,2774,1779367120517289640,,,,
1779367120553354339,SINK_ONLY,2775,1779367120553354339,,,,
1779367120588640153,SINK_ONLY,2776,1779367120588640153,,,,
1779367120623333011,SINK_ONLY,2777,1779367120623333011,,,,
1779367120657022415,SINK_ONLY,2778,1779367120657022415,,,,
1779367120692119832,SINK_ONLY,2779,1779367120692119832,,,,
1779367120727721272,SINK_ONLY,2780,1779367120727721272,,,,
1779367120763842846,SINK_ONLY,2781,1779367120763842846,,,,
1779367120820521201,SINK_ONLY,2782,1779367120820521201,,,,
1779367120851380818,SINK_ONLY,2783,1779367120851380818,,,,
1779367120890933200,SINK_ONLY,2784,1779367120890933200,,,,
1779367120929645187,SINK_ONLY,2785,1779367120929645187,,,,
1779367120960424017,SINK_ONLY,2786,1779367120960424017,,,,
1779367120996843503,SINK_ONLY,2787,1779367120996843503,,,,
1779367121034553140,SINK_ONLY,2788,1779367121034553140,,,,
1779367121069263331,SINK_ONLY,2789,1779367121069263331,,,,
1779367121105368555,SINK_ONLY,2790,1779367121105368555,,,,
1779367121131150299,SINK_ONLY,2791,1779367121131150299,,,,
1779367121160182078,SINK_ONLY,2792,1779367121160182078,,,,
1779367121195950871,SINK_ONLY,2793,1779367121195950871,,,,
1779367121232568584,SINK_ONLY,2794,1779367121232568584,,,,
1779367121267985199,SINK_ONLY,2795,1779367121267985199,,,,
1779367121304858374,SINK_ONLY,2796,1779367121304858374,,,,
1779367121340207342,SINK_ONLY,2797,1779367121340207342,,,,
1779367121376453737,SINK_ONLY,2798,1779367121376453737,,,,
1779367121413509352,SINK_ONLY,2799,1779367121413509352,,,,
1779367121448801284,SINK_ONLY,2800,1779367121448801284,,,,
1779367121485337026,SINK_ONLY,2801,1779367121485337026,,,,
1779367121520639531,SINK_ONLY,2802,1779367121520639531,,,,
1779367121557489616,SINK_ONLY,2803,1779367121557489616,,,,
1779367121592874072,SINK_ONLY,2804,1779367121592874072,,,,
1779367121629759987,SINK_ONLY,2805,1779367121629759987,,,,
1779367121664953357,SINK_ONLY,2806,1779367121664953357,,,,
1779367121701782719,SINK_ONLY,2807,1779367121701782719,,,,
1779367121737233478,SINK_ONLY,2808,1779367121737233478,,,,
1779367121774621229,SINK_ONLY,2809,1779367121774621229,,,,
1779367121809404664,SINK_ONLY,2810,1779367121809404664,,,,
1779367121846218338,SINK_ONLY,2811,1779367121846218338,,,,
1779367121881729241,SINK_ONLY,2812,1779367121881729241,,,,
1779367121918465738,SINK_ONLY,2813,1779367121918465738,,,,
1779367121953755123,SINK_ONLY,2814,1779367121953755123,,,,
1779367121990626553,SINK_ONLY,2815,1779367121990626553,,,,
1779367122025876015,SINK_ONLY,2816,1779367122025876015,,,,
1779367122062726341,SINK_ONLY,2817,1779367122062726341,,,,
1779367122098188876,SINK_ONLY,2818,1779367122098188876,,,,
1779367122135049513,SINK_ONLY,2819,1779367122135049513,,,,
1779367122177289847,SINK_ONLY,2820,1779367122177289847,,,,
1779367122208691966,SINK_ONLY,2821,1779367122208691966,,,,
1779367122243435940,SINK_ONLY,2822,1779367122243435940,,,,
1779367122277882484,SINK_ONLY,2823,1779367122277882484,,,,
1779367122313914282,SINK_ONLY,2824,1779367122313914282,,,,
1779367122352715864,SINK_ONLY,2825,1779367122352715864,,,,
1779367122386702278,SINK_ONLY,2826,1779367122386702278,,,,
1779367122422483850,SINK_ONLY,2827,1779367122422483850,,,,
1779367122458995820,SINK_ONLY,2828,1779367122458995820,,,,
1779367122495345632,SINK_ONLY,2829,1779367122495345632,,,,
1779367122531918047,SINK_ONLY,2830,1779367122531918047,,,,
1779367122569073707,SINK_ONLY,2831,1779367122569073707,,,,
1779367122605595326,SINK_ONLY,2832,1779367122605595326,,,,
1779367122641399969,SINK_ONLY,2833,1779367122641399969,,,,
1779367122678011042,SINK_ONLY,2834,1779367122678011042,,,,
1779367122714720035,SINK_ONLY,2835,1779367122714720035,,,,
1779367122748578055,SINK_ONLY,2836,1779367122748578055,,,,
1779367122784281107,SINK_ONLY,2837,1779367122784281107,,,,
1779367122820123445,SINK_ONLY,2838,1779367122820123445,,,,
1779367122856515708,SINK_ONLY,2839,1779367122856515708,,,,
1779367122898159214,SINK_ONLY,2840,1779367122898159214,,,,
1779367122930308662,SINK_ONLY,2841,1779367122930308662,,,,
1779367122966461250,SINK_ONLY,2842,1779367122966461250,,,,
1779367123002565250,SINK_ONLY,2843,1779367123002565250,,,,
1779367123037322706,SINK_ONLY,2844,1779367123037322706,,,,
1779367123077379472,SINK_ONLY,2845,1779367123077379472,,,,
1779367123109080085,SINK_ONLY,2846,1779367123109080085,,,,
1779367123145669511,SINK_ONLY,2847,1779367123145669511,,,,
1779367123181237951,SINK_ONLY,2848,1779367123181237951,,,,
1779367123217913642,SINK_ONLY,2849,1779367123217913642,,,,
1779367123253340347,SINK_ONLY,2850,1779367123253340347,,,,
1779367123290013450,SINK_ONLY,2851,1779367123290013450,,,,
1779367123325568207,SINK_ONLY,2852,1779367123325568207,,,,
1779367123362219303,SINK_ONLY,2853,1779367123362219303,,,,
1779367123397562693,SINK_ONLY,2854,1779367123397562693,,,,
1779367123434528612,SINK_ONLY,2855,1779367123434528612,,,,
1779367123470468630,SINK_ONLY,2856,1779367123470468630,,,,
1779367123505888354,SINK_ONLY,2857,1779367123505888354,,,,
1779367123542394886,SINK_ONLY,2858,1779367123542394886,,,,
1779367123578125462,SINK_ONLY,2859,1779367123578125462,,,,
1779367123615039282,SINK_ONLY,2860,1779367123615039282,,,,
1779367123651405385,SINK_ONLY,2861,1779367123651405385,,,,
1779367123688630779,SINK_ONLY,2862,1779367123688630779,,,,
1779367123724501525,SINK_ONLY,2863,1779367123724501525,,,,
1779367123760848950,SINK_ONLY,2864,1779367123760848950,,,,
1779367123795987091,SINK_ONLY,2865,1779367123795987091,,,,
1779367123832304344,SINK_ONLY,2866,1779367123832304344,,,,
1779367123868382746,SINK_ONLY,2867,1779367123868382746,,,,
1779367123903737049,SINK_ONLY,2868,1779367123903737049,,,,
1779367123939106539,SINK_ONLY,2869,1779367123939106539,,,,
1779367123976198344,SINK_ONLY,2870,1779367123976198344,,,,
1779367124012506489,SINK_ONLY,2871,1779367124012506489,,,,
1779367124047587516,SINK_ONLY,2872,1779367124047587516,,,,
1779367124084106748,SINK_ONLY,2873,1779367124084106748,,,,
1779367124120237690,SINK_ONLY,2874,1779367124120237690,,,,
1779367124156296090,SINK_ONLY,2875,1779367124156296090,,,,
1779367124193097626,SINK_ONLY,2876,1779367124193097626,,,,
1779367124228692928,SINK_ONLY,2877,1779367124228692928,,,,
1779367124264697603,SINK_ONLY,2878,1779367124264697603,,,,
1779367124300730666,SINK_ONLY,2879,1779367124300730666,,,,
1779367124344525040,SINK_ONLY,2880,1779367124344525040,,,,
1779367124374404735,SINK_ONLY,2881,1779367124374404735,,,,
1779367124408552403,SINK_ONLY,2882,1779367124408552403,,,,
1779367124445605971,SINK_ONLY,2883,1779367124445605971,,,,
1779367124479899045,SINK_ONLY,2884,1779367124479899045,,,,
1779367124516199646,SINK_ONLY,2885,1779367124516199646,,,,
1779367124552453084,SINK_ONLY,2886,1779367124552453084,,,,
1779367124588238047,SINK_ONLY,2887,1779367124588238047,,,,
1779367124624297911,SINK_ONLY,2888,1779367124624297911,,,,
1779367124660856864,SINK_ONLY,2889,1779367124660856864,,,,
1779367124698769845,SINK_ONLY,2890,1779367124698769845,,,,
1779367124732899297,SINK_ONLY,2891,1779367124732899297,,,,
1779367124769745630,SINK_ONLY,2892,1779367124769745630,,,,
1779367124805152916,SINK_ONLY,2893,1779367124805152916,,,,
1779367124841299285,SINK_ONLY,2894,1779367124841299285,,,,
1779367124877409765,SINK_ONLY,2895,1779367124877409765,,,,
1779367124913497435,SINK_ONLY,2896,1779367124913497435,,,,
1779367124949613130,SINK_ONLY,2897,1779367124949613130,,,,
1779367124986412881,SINK_ONLY,2898,1779367124986412881,,,,
1779367125022471582,SINK_ONLY,2899,1779367125022471582,,,,
1779367125058569162,SINK_ONLY,2900,1779367125058569162,,,,
1779367125095305378,SINK_ONLY,2901,1779367125095305378,,,,
1779367125131514801,SINK_ONLY,2902,1779367125131514801,,,,
1779367125166969973,SINK_ONLY,2903,1779367125166969973,,,,
1779367125202196385,SINK_ONLY,2904,1779367125202196385,,,,
1779367125239041354,SINK_ONLY,2905,1779367125239041354,,,,
1779367125274508864,SINK_ONLY,2906,1779367125274508864,,,,
1779367125311163370,SINK_ONLY,2907,1779367125311163370,,,,
1779367125347302357,SINK_ONLY,2908,1779367125347302357,,,,
1779367125382729945,SINK_ONLY,2909,1779367125382729945,,,,
1779367125421394869,SINK_ONLY,2910,1779367125421394869,,,,
1779367125455612631,SINK_ONLY,2911,1779367125455612631,,,,
1779367125491112099,SINK_ONLY,2912,1779367125491112099,,,,
1779367125527860232,SINK_ONLY,2913,1779367125527860232,,,,
1779367125563816118,SINK_ONLY,2914,1779367125563816118,,,,
1779367125599961645,SINK_ONLY,2915,1779367125599961645,,,,
1779367125635348167,SINK_ONLY,2916,1779367125635348167,,,,
1779367125673063121,SINK_ONLY,2917,1779367125673063121,,,,
1779367125709337402,SINK_ONLY,2918,1779367125709337402,,,,
1779367125745069062,SINK_ONLY,2919,1779367125745069062,,,,
1779367125785423399,SINK_ONLY,2920,1779367125785423399,,,,
1779367125818255819,SINK_ONLY,2921,1779367125818255819,,,,
1779367125852701981,SINK_ONLY,2922,1779367125852701981,,,,
1779367125889548575,SINK_ONLY,2923,1779367125889548575,,,,
1779367125924956041,SINK_ONLY,2924,1779367125924956041,,,,
1779367125960263381,SINK_ONLY,2925,1779367125960263381,,,,
1779367125997141833,SINK_ONLY,2926,1779367125997141833,,,,
1779367126033160993,SINK_ONLY,2927,1779367126033160993,,,,
1779367126068616707,SINK_ONLY,2928,1779367126068616707,,,,
1779367126107778733,SINK_ONLY,2929,1779367126107778733,,,,
1779367126141493575,SINK_ONLY,2930,1779367126141493575,,,,
1779367126176857167,SINK_ONLY,2931,1779367126176857167,,,,
1779367126213676738,SINK_ONLY,2932,1779367126213676738,,,,
1779367126249764067,SINK_ONLY,2933,1779367126249764067,,,,
1779367126285159256,SINK_ONLY,2934,1779367126285159256,,,,
1779367126323874915,SINK_ONLY,2935,1779367126323874915,,,,
1779367126358012732,SINK_ONLY,2936,1779367126358012732,,,,
1779367126393389745,SINK_ONLY,2937,1779367126393389745,,,,
1779367126430256020,SINK_ONLY,2938,1779367126430256020,,,,
1779367126465578265,SINK_ONLY,2939,1779367126465578265,,,,
1779367126508370971,SINK_ONLY,2940,1779367126508370971,,,,
1779367126557597242,SINK_ONLY,2941,1779367126557597242,,,,
1779367126594041745,SINK_ONLY,2942,1779367126594041745,,,,
1779367126628527167,SINK_ONLY,2943,1779367126628527167,,,,
1779367126664971910,SINK_ONLY,2944,1779367126664971910,,,,
1779367126700942301,SINK_ONLY,2945,1779367126700942301,,,,
1779367126736859549,SINK_ONLY,2946,1779367126736859549,,,,
1779367126773097278,SINK_ONLY,2947,1779367126773097278,,,,
1779367126809168758,SINK_ONLY,2948,1779367126809168758,,,,
1779367126846191953,SINK_ONLY,2949,1779367126846191953,,,,
1779367126882349517,SINK_ONLY,2950,1779367126882349517,,,,
1779367126918784611,SINK_ONLY,2951,1779367126918784611,,,,
1779367126954504996,SINK_ONLY,2952,1779367126954504996,,,,
1779367126990414179,SINK_ONLY,2953,1779367126990414179,,,,
1779367127026830074,SINK_ONLY,2954,1779367127026830074,,,,
1779367127062772900,SINK_ONLY,2955,1779367127062772900,,,,
1779367127098902899,SINK_ONLY,2956,1779367127098902899,,,,
1779367127135173650,SINK_ONLY,2957,1779367127135173650,,,,
1779367127171294140,SINK_ONLY,2958,1779367127171294140,,,,
1779367127207186672,SINK_ONLY,2959,1779367127207186672,,,,
1779367127244257553,SINK_ONLY,2960,1779367127244257553,,,,
1779367127280531453,SINK_ONLY,2961,1779367127280531453,,,,
1779367127316502546,SINK_ONLY,2962,1779367127316502546,,,,
1779367127354291787,SINK_ONLY,2963,1779367127354291787,,,,
1779367127388925784,SINK_ONLY,2964,1779367127388925784,,,,
1779367127424286307,SINK_ONLY,2965,1779367127424286307,,,,
1779367127459899162,SINK_ONLY,2966,1779367127459899162,,,,
1779367127496927493,SINK_ONLY,2967,1779367127496927493,,,,
1779367127531948195,SINK_ONLY,2968,1779367127531948195,,,,
1779367127569161753,SINK_ONLY,2969,1779367127569161753,,,,
1779367127605455594,SINK_ONLY,2970,1779367127605455594,,,,
1779367127640460287,SINK_ONLY,2971,1779367127640460287,,,,
1779367127678434575,SINK_ONLY,2972,1779367127678434575,,,,
1779367127714158952,SINK_ONLY,2973,1779367127714158952,,,,
1779367127748647604,SINK_ONLY,2974,1779367127748647604,,,,
1779367127786980651,SINK_ONLY,2975,1779367127786980651,,,,
1779367127822151834,SINK_ONLY,2976,1779367127822151834,,,,
1779367127856824289,SINK_ONLY,2977,1779367127856824289,,,,
1779367127894079896,SINK_ONLY,2978,1779367127894079896,,,,
1779367127928965424,SINK_ONLY,2979,1779367127928965424,,,,
1779367127966514048,SINK_ONLY,2980,1779367127966514048,,,,
1779367128001583078,SINK_ONLY,2981,1779367128001583078,,,,
1779367128038634540,SINK_ONLY,2982,1779367128038634540,,,,
1779367128074603566,SINK_ONLY,2983,1779367128074603566,,,,
1779367128109521934,SINK_ONLY,2984,1779367128109521934,,,,
1779367128146630511,SINK_ONLY,2985,1779367128146630511,,,,
1779367128182908704,SINK_ONLY,2986,1779367128182908704,,,,
1779367128218347246,SINK_ONLY,2987,1779367128218347246,,,,
1779367128255774699,SINK_ONLY,2988,1779367128255774699,,,,
1779367128288293999,SINK_ONLY,2989,1779367128288293999,,,,
1779367128317385963,SINK_ONLY,2990,1779367128317385963,,,,
1779367128353696194,SINK_ONLY,2991,1779367128353696194,,,,
1779367128387233854,SINK_ONLY,2992,1779367128387233854,,,,
1779367128415473045,SINK_ONLY,2993,1779367128415473045,,,,
1779367128451569341,SINK_ONLY,2994,1779367128451569341,,,,
1779367128486998213,SINK_ONLY,2995,1779367128486998213,,,,
1779367128523721349,SINK_ONLY,2996,1779367128523721349,,,,
1779367128560008871,SINK_ONLY,2997,1779367128560008871,,,,
1779367128595822963,SINK_ONLY,2998,1779367128595822963,,,,
1779367128631380729,SINK_ONLY,2999,1779367128631380729,,,,
1779367128676918262,SINK_ONLY,3000,1779367128676918262,,,,
1779367128705282818,SINK_ONLY,3001,1779367128705282818,,,,
1779367128739831233,SINK_ONLY,3002,1779367128739831233,,,,
1779367128775018545,SINK_ONLY,3003,1779367128775018545,,,,
1779367128811118833,SINK_ONLY,3004,1779367128811118833,,,,
1779367128847462347,SINK_ONLY,3005,1779367128847462347,,,,
1779367128884068966,SINK_ONLY,3006,1779367128884068966,,,,
1779367128919757954,SINK_ONLY,3007,1779367128919757954,,,,
1779367128955823998,SINK_ONLY,3008,1779367128955823998,,,,
1779367128994097964,SINK_ONLY,3009,1779367128994097964,,,,
1779367129028434691,SINK_ONLY,3010,1779367129028434691,,,,
1779367129064580819,SINK_ONLY,3011,1779367129064580819,,,,
1779367129100720468,SINK_ONLY,3012,1779367129100720468,,,,
1779367129136912739,SINK_ONLY,3013,1779367129136912739,,,,
1779367129173419351,SINK_ONLY,3014,1779367129173419351,,,,
1779367129210240788,SINK_ONLY,3015,1779367129210240788,,,,
1779367129246120943,SINK_ONLY,3016,1779367129246120943,,,,
1779367129281619267,SINK_ONLY,3017,1779367129281619267,,,,
1779367129317247570,SINK_ONLY,3018,1779367129317247570,,,,
1779367129353382043,SINK_ONLY,3019,1779367129353382043,,,,
1779367129389507669,SINK_ONLY,3020,1779367129389507669,,,,
1779367129425568296,SINK_ONLY,3021,1779367129425568296,,,,
1779367129461679698,SINK_ONLY,3022,1779367129461679698,,,,
1779367129497737938,SINK_ONLY,3023,1779367129497737938,,,,
1779367129534331979,SINK_ONLY,3024,1779367129534331979,,,,
1779367129570198491,SINK_ONLY,3025,1779367129570198491,,,,
1779367129606014729,SINK_ONLY,3026,1779367129606014729,,,,
1779367129642144949,SINK_ONLY,3027,1779367129642144949,,,,
1779367129678668494,SINK_ONLY,3028,1779367129678668494,,,,
1779367129715526443,SINK_ONLY,3029,1779367129715526443,,,,
1779367129751167405,SINK_ONLY,3030,1779367129751167405,,,,
1779367129787382043,SINK_ONLY,3031,1779367129787382043,,,,
1779367129825549784,SINK_ONLY,3032,1779367129825549784,,,,
1779367129863251036,SINK_ONLY,3033,1779367129863251036,,,,
1779367129895648222,SINK_ONLY,3034,1779367129895648222,,,,
1779367129932672280,SINK_ONLY,3035,1779367129932672280,,,,
1779367129974442193,SINK_ONLY,3036,1779367129974442193,,,,
1779367130011567441,SINK_ONLY,3037,1779367130011567441,,,,
1779367130047008330,SINK_ONLY,3038,1779367130047008330,,,,
1779367130082559576,SINK_ONLY,3039,1779367130082559576,,,,
1779367130118856407,SINK_ONLY,3040,1779367130118856407,,,,
1779367130158297588,SINK_ONLY,3041,1779367130158297588,,,,
1779367130202623931,SINK_ONLY,3042,1779367130202623931,,,,
1779367130232128317,SINK_ONLY,3043,1779367130232128317,,,,
1779367130263727199,SINK_ONLY,3044,1779367130263727199,,,,
1779367130297498634,SINK_ONLY,3045,1779367130297498634,,,,
1779367130332922852,SINK_ONLY,3046,1779367130332922852,,,,
1779367130368713211,SINK_ONLY,3047,1779367130368713211,,,,
1779367130403934607,SINK_ONLY,3048,1779367130403934607,,,,
1779367130442596963,SINK_ONLY,3049,1779367130442596963,,,,
1779367130475879641,SINK_ONLY,3050,1779367130475879641,,,,
1779367130512748062,SINK_ONLY,3051,1779367130512748062,,,,
1779367130548340034,SINK_ONLY,3052,1779367130548340034,,,,
1779367130585403191,SINK_ONLY,3053,1779367130585403191,,,,
1779367130619940894,SINK_ONLY,3054,1779367130619940894,,,,
1779367130660630960,SINK_ONLY,3055,1779367130660630960,,,,
1779367130693983131,SINK_ONLY,3056,1779367130693983131,,,,
1779367130729103558,SINK_ONLY,3057,1779367130729103558,,,,
1779367130765614244,SINK_ONLY,3058,1779367130765614244,,,,
1779367130801361190,SINK_ONLY,3059,1779367130801361190,,,,
1779367130842353642,SINK_ONLY,3060,1779367130842353642,,,,
1779367130871819912,SINK_ONLY,3061,1779367130871819912,,,,
1779367130906247838,SINK_ONLY,3062,1779367130906247838,,,,
1779367130941037753,SINK_ONLY,3063,1779367130941037753,,,,
1779367130977324131,SINK_ONLY,3064,1779367130977324131,,,,
1779367131013029811,SINK_ONLY,3065,1779367131013029811,,,,
1779367131049034045,SINK_ONLY,3066,1779367131049034045,,,,
1779367131085143542,SINK_ONLY,3067,1779367131085143542,,,,
1779367131121572216,SINK_ONLY,3068,1779367131121572216,,,,
1779367131157481941,SINK_ONLY,3069,1779367131157481941,,,,
1779367131195636120,SINK_ONLY,3070,1779367131195636120,,,,
1779367131230186982,SINK_ONLY,3071,1779367131230186982,,,,
1779367131266236555,SINK_ONLY,3072,1779367131266236555,,,,
1779367131302252827,SINK_ONLY,3073,1779367131302252827,,,,
1779367131338372414,SINK_ONLY,3074,1779367131338372414,,,,
1779367131374930785,SINK_ONLY,3075,1779367131374930785,,,,
1779367131410676708,SINK_ONLY,3076,1779367131410676708,,,,
1779367131446705237,SINK_ONLY,3077,1779367131446705237,,,,
1779367131482641563,SINK_ONLY,3078,1779367131482641563,,,,
1779367131520554263,SINK_ONLY,3079,1779367131520554263,,,,
1779367131556782142,SINK_ONLY,3080,1779367131556782142,,,,
1779367131591839576,SINK_ONLY,3081,1779367131591839576,,,,
1779367131627449824,SINK_ONLY,3082,1779367131627449824,,,,
1779367131664758353,SINK_ONLY,3083,1779367131664758353,,,,
1779367131700160984,SINK_ONLY,3084,1779367131700160984,,,,
1779367131736299490,SINK_ONLY,3085,1779367131736299490,,,,
1779367131771649981,SINK_ONLY,3086,1779367131771649981,,,,
1779367131808485823,SINK_ONLY,3087,1779367131808485823,,,,
1779367131844064052,SINK_ONLY,3088,1779367131844064052,,,,
1779367131879885306,SINK_ONLY,3089,1779367131879885306,,,,
1779367131916051556,SINK_ONLY,3090,1779367131916051556,,,,
1779367131952893416,SINK_ONLY,3091,1779367131952893416,,,,
1779367131989542686,SINK_ONLY,3092,1779367131989542686,,,,
1779367132024372984,SINK_ONLY,3093,1779367132024372984,,,,
1779367132061307909,SINK_ONLY,3094,1779367132061307909,,,,
1779367132098734118,SINK_ONLY,3095,1779367132098734118,,,,
1779367132133220002,SINK_ONLY,3096,1779367132133220002,,,,
1779367132169462947,SINK_ONLY,3097,1779367132169462947,,,,
1779367132204815024,SINK_ONLY,3098,1779367132204815024,,,,
1779367132241000233,SINK_ONLY,3099,1779367132241000233,,,,
1779367132278039557,SINK_ONLY,3100,1779367132278039557,,,,
1779367132313637507,SINK_ONLY,3101,1779367132313637507,,,,
1779367132349276843,SINK_ONLY,3102,1779367132349276843,,,,
1779367132385256101,SINK_ONLY,3103,1779367132385256101,,,,
1779367132422916006,SINK_ONLY,3104,1779367132422916006,,,,
1779367132457479789,SINK_ONLY,3105,1779367132457479789,,,,
1779367132494189845,SINK_ONLY,3106,1779367132494189845,,,,
1779367132529569566,SINK_ONLY,3107,1779367132529569566,,,,
1779367132566834742,SINK_ONLY,3108,1779367132566834742,,,,
1779367132602239821,SINK_ONLY,3109,1779367132602239821,,,,
1779367132639348699,SINK_ONLY,3110,1779367132639348699,,,,
1779367132675055823,SINK_ONLY,3111,1779367132675055823,,,,
1779367132710726857,SINK_ONLY,3112,1779367132710726857,,,,
1779367132747929622,SINK_ONLY,3113,1779367132747929622,,,,
1779367132784491865,SINK_ONLY,3114,1779367132784491865,,,,
1779367132820797863,SINK_ONLY,3115,1779367132820797863,,,,
1779367132855876001,SINK_ONLY,3116,1779367132855876001,,,,
1779367132891452886,SINK_ONLY,3117,1779367132891452886,,,,
1779367132929462944,SINK_ONLY,3118,1779367132929462944,,,,
1779367132968544082,SINK_ONLY,3119,1779367132968544082,,,,
1779367133006565153,SINK_ONLY,3120,1779367133006565153,,,,
1779367133037224377,SINK_ONLY,3121,1779367133037224377,,,,
1779367133071691664,SINK_ONLY,3122,1779367133071691664,,,,
1779367133107530471,SINK_ONLY,3123,1779367133107530471,,,,
1779367133144856634,SINK_ONLY,3124,1779367133144856634,,,,
1779367133181856959,SINK_ONLY,3125,1779367133181856959,,,,
1779367133214884195,SINK_ONLY,3126,1779367133214884195,,,,
1779367133251330865,SINK_ONLY,3127,1779367133251330865,,,,
1779367133288795893,SINK_ONLY,3128,1779367133288795893,,,,
1779367133323364289,SINK_ONLY,3129,1779367133323364289,,,,
1779367133359377652,SINK_ONLY,3130,1779367133359377652,,,,
1779367133395430775,SINK_ONLY,3131,1779367133395430775,,,,
1779367133431552329,SINK_ONLY,3132,1779367133431552329,,,,
1779367133468015750,SINK_ONLY,3133,1779367133468015750,,,,
1779367133504262145,SINK_ONLY,3134,1779367133504262145,,,,
1779367133540363958,SINK_ONLY,3135,1779367133540363958,,,,
1779367133576449482,SINK_ONLY,3136,1779367133576449482,,,,
1779367133612537051,SINK_ONLY,3137,1779367133612537051,,,,
1779367133648679669,SINK_ONLY,3138,1779367133648679669,,,,
1779367133684683502,SINK_ONLY,3139,1779367133684683502,,,,
1779367133720829932,SINK_ONLY,3140,1779367133720829932,,,,
1779367133758672436,SINK_ONLY,3141,1779367133758672436,,,,
1779367133795510324,SINK_ONLY,3142,1779367133795510324,,,,
1779367133846128498,SINK_ONLY,3143,1779367133846128498,,,,
1779367133884649801,SINK_ONLY,3144,1779367133884649801,,,,
1779367133920281915,SINK_ONLY,3145,1779367133920281915,,,,
1779367133960789161,SINK_ONLY,3146,1779367133960789161,,,,
1779367133995894583,SINK_ONLY,3147,1779367133995894583,,,,
1779367134031931918,SINK_ONLY,3148,1779367134031931918,,,,
1779367134069458094,SINK_ONLY,3149,1779367134069458094,,,,
1779367134104768964,SINK_ONLY,3150,1779367134104768964,,,,
1779367134139663420,SINK_ONLY,3151,1779367134139663420,,,,
1779367134176224379,SINK_ONLY,3152,1779367134176224379,,,,
1779367134212568474,SINK_ONLY,3153,1779367134212568474,,,,
1779367134247382082,SINK_ONLY,3154,1779367134247382082,,,,
1779367134285121691,SINK_ONLY,3155,1779367134285121691,,,,
1779367134321509119,SINK_ONLY,3156,1779367134321509119,,,,
1779367134353560045,SINK_ONLY,3157,1779367134353560045,,,,
1779367134377251708,SINK_ONLY,3158,1779367134377251708,,,,
1779367134407577650,SINK_ONLY,3159,1779367134407577650,,,,
1779367134446126177,SINK_ONLY,3160,1779367134446126177,,,,
1779367134479543689,SINK_ONLY,3161,1779367134479543689,,,,
1779367134516024723,SINK_ONLY,3162,1779367134516024723,,,,
1779367134551111688,SINK_ONLY,3163,1779367134551111688,,,,
1779367134587878036,SINK_ONLY,3164,1779367134587878036,,,,
1779367134623572221,SINK_ONLY,3165,1779367134623572221,,,,
1779367134659428883,SINK_ONLY,3166,1779367134659428883,,,,
1779367134695499781,SINK_ONLY,3167,1779367134695499781,,,,
1779367134732216337,SINK_ONLY,3168,1779367134732216337,,,,
1779367134768404234,SINK_ONLY,3169,1779367134768404234,,,,
1779367134804034423,SINK_ONLY,3170,1779367134804034423,,,,
1779367134842891173,SINK_ONLY,3171,1779367134842891173,,,,
1779367134876895462,SINK_ONLY,3172,1779367134876895462,,,,
1779367134912357235,SINK_ONLY,3173,1779367134912357235,,,,
1779367134948677918,SINK_ONLY,3174,1779367134948677918,,,,
1779367134985228145,SINK_ONLY,3175,1779367134985228145,,,,
1779367135020344399,SINK_ONLY,3176,1779367135020344399,,,,
1779367135056308430,SINK_ONLY,3177,1779367135056308430,,,,
1779367135093154162,SINK_ONLY,3178,1779367135093154162,,,,
1779367135128552159,SINK_ONLY,3179,1779367135128552159,,,,
1779367135171401699,SINK_ONLY,3180,1779367135171401699,,,,
1779367135202606975,SINK_ONLY,3181,1779367135202606975,,,,
1779367135236842973,SINK_ONLY,3182,1779367135236842973,,,,
1779367135272366576,SINK_ONLY,3183,1779367135272366576,,,,
1779367135310455134,SINK_ONLY,3184,1779367135310455134,,,,
1779367135344367882,SINK_ONLY,3185,1779367135344367882,,,,
1779367135380373621,SINK_ONLY,3186,1779367135380373621,,,,
1779367135416865950,SINK_ONLY,3187,1779367135416865950,,,,
1779367135452884388,SINK_ONLY,3188,1779367135452884388,,,,
1779367135488810743,SINK_ONLY,3189,1779367135488810743,,,,
1779367135525376317,SINK_ONLY,3190,1779367135525376317,,,,
1779367135561376659,SINK_ONLY,3191,1779367135561376659,,,,
1779367135597592441,SINK_ONLY,3192,1779367135597592441,,,,
1779367135635705113,SINK_ONLY,3193,1779367135635705113,,,,
1779367135669986129,SINK_ONLY,3194,1779367135669986129,,,,
1779367135706691471,SINK_ONLY,3195,1779367135706691471,,,,
1779367135744323270,SINK_ONLY,3196,1779367135744323270,,,,
1779367135778626474,SINK_ONLY,3197,1779367135778626474,,,,
1779367135814224685,SINK_ONLY,3198,1779367135814224685,,,,
1779367135851491426,SINK_ONLY,3199,1779367135851491426,,,,
1779367135887118906,SINK_ONLY,3200,1779367135887118906,,,,
1779367135923121656,SINK_ONLY,3201,1779367135923121656,,,,
1779367135959207540,SINK_ONLY,3202,1779367135959207540,,,,
1779367135994592116,SINK_ONLY,3203,1779367135994592116,,,,
1779367136031737225,SINK_ONLY,3204,1779367136031737225,,,,
1779367136067261830,SINK_ONLY,3205,1779367136067261830,,,,
1779367136103042439,SINK_ONLY,3206,1779367136103042439,,,,
1779367136140508290,SINK_ONLY,3207,1779367136140508290,,,,
1779367136175831679,SINK_ONLY,3208,1779367136175831679,,,,
1779367136211217338,SINK_ONLY,3209,1779367136211217338,,,,
1779367136247973074,SINK_ONLY,3210,1779367136247973074,,,,
1779367136284588580,SINK_ONLY,3211,1779367136284588580,,,,
1779367136322508803,SINK_ONLY,3212,1779367136322508803,,,,
1779367136356984656,SINK_ONLY,3213,1779367136356984656,,,,
1779367136393322271,SINK_ONLY,3214,1779367136393322271,,,,
1779367136429141238,SINK_ONLY,3215,1779367136429141238,,,,
1779367136467597703,SINK_ONLY,3216,1779367136467597703,,,,
1779367136502643582,SINK_ONLY,3217,1779367136502643582,,,,
1779367136536724345,SINK_ONLY,3218,1779367136536724345,,,,
1779367136572129303,SINK_ONLY,3219,1779367136572129303,,,,
1779367136609155548,SINK_ONLY,3220,1779367136609155548,,,,
1779367136644985528,SINK_ONLY,3221,1779367136644985528,,,,
1779367136681149973,SINK_ONLY,3222,1779367136681149973,,,,
1779367136717164519,SINK_ONLY,3223,1779367136717164519,,,,
1779367136753457538,SINK_ONLY,3224,1779367136753457538,,,,
1779367136790040223,SINK_ONLY,3225,1779367136790040223,,,,
1779367136825398981,SINK_ONLY,3226,1779367136825398981,,,,
1779367136861876284,SINK_ONLY,3227,1779367136861876284,,,,
1779367136897621986,SINK_ONLY,3228,1779367136897621986,,,,
1779367136933669633,SINK_ONLY,3229,1779367136933669633,,,,
1779367136970627869,SINK_ONLY,3230,1779367136970627869,,,,
1779367137005802422,SINK_ONLY,3231,1779367137005802422,,,,
1779367137041933866,SINK_ONLY,3232,1779367137041933866,,,,
1779367137080199306,SINK_ONLY,3233,1779367137080199306,,,,
1779367137113763928,SINK_ONLY,3234,1779367137113763928,,,,
1779367137150172561,SINK_ONLY,3235,1779367137150172561,,,,
1779367137186260612,SINK_ONLY,3236,1779367137186260612,,,,
1779367137222382326,SINK_ONLY,3237,1779367137222382326,,,,
1779367137257904524,SINK_ONLY,3238,1779367137257904524,,,,
1779367137294833610,SINK_ONLY,3239,1779367137294833610,,,,
1779367137336781689,SINK_ONLY,3240,1779367137336781689,,,,
1779367137368271998,SINK_ONLY,3241,1779367137368271998,,,,
1779367137403914063,SINK_ONLY,3242,1779367137403914063,,,,
1779367137437548499,SINK_ONLY,3243,1779367137437548499,,,,
1779367137474201179,SINK_ONLY,3244,1779367137474201179,,,,
1779367137510077281,SINK_ONLY,3245,1779367137510077281,,,,
1779367137546133555,SINK_ONLY,3246,1779367137546133555,,,,
1779367137582702418,SINK_ONLY,3247,1779367137582702418,,,,
1779367137618892562,SINK_ONLY,3248,1779367137618892562,,,,
1779367137655523616,SINK_ONLY,3249,1779367137655523616,,,,
1779367137691655641,SINK_ONLY,3250,1779367137691655641,,,,
1779367137727655001,SINK_ONLY,3251,1779367137727655001,,,,
1779367137763838785,SINK_ONLY,3252,1779367137763838785,,,,
1779367137799865006,SINK_ONLY,3253,1779367137799865006,,,,
1779367137835365758,SINK_ONLY,3254,1779367137835365758,,,,
1779367137872056816,SINK_ONLY,3255,1779367137872056816,,,,
1779367137908226276,SINK_ONLY,3256,1779367137908226276,,,,
1779367137944350137,SINK_ONLY,3257,1779367137944350137,,,,
1779367137980308872,SINK_ONLY,3258,1779367137980308872,,,,
1779367138016507381,SINK_ONLY,3259,1779367138016507381,,,,
1779367138052580346,SINK_ONLY,3260,1779367138052580346,,,,
1779367138088711850,SINK_ONLY,3261,1779367138088711850,,,,
1779367138124813622,SINK_ONLY,3262,1779367138124813622,,,,
1779367138161274917,SINK_ONLY,3263,1779367138161274917,,,,
1779367138196925969,SINK_ONLY,3264,1779367138196925969,,,,
1779367138233430455,SINK_ONLY,3265,1779367138233430455,,,,
1779367138269225709,SINK_ONLY,3266,1779367138269225709,,,,
1779367138305231288,SINK_ONLY,3267,1779367138305231288,,,,
1779367138341545130,SINK_ONLY,3268,1779367138341545130,,,,
1779367138377415876,SINK_ONLY,3269,1779367138377415876,,,,
1779367138413556648,SINK_ONLY,3270,1779367138413556648,,,,
1779367138449517429,SINK_ONLY,3271,1779367138449517429,,,,
1779367138486183049,SINK_ONLY,3272,1779367138486183049,,,,
1779367138522852561,SINK_ONLY,3273,1779367138522852561,,,,
1779367138559828531,SINK_ONLY,3274,1779367138559828531,,,,
1779367138594917041,SINK_ONLY,3275,1779367138594917041,,,,
1779367138632354183,SINK_ONLY,3276,1779367138632354183,,,,
1779367138666713259,SINK_ONLY,3277,1779367138666713259,,,,
1779367138703178886,SINK_ONLY,3278,1779367138703178886,,,,
1779367138740602768,SINK_ONLY,3279,1779367138740602768,,,,
1779367138774626637,SINK_ONLY,3280,1779367138774626637,,,,
1779367138810025136,SINK_ONLY,3281,1779367138810025136,,,,
1779367138846766508,SINK_ONLY,3282,1779367138846766508,,,,
1779367138882831167,SINK_ONLY,3283,1779367138882831167,,,,
1779367138918341208,SINK_ONLY,3284,1779367138918341208,,,,
1779367138955020128,SINK_ONLY,3285,1779367138955020128,,,,
1779367138991248870,SINK_ONLY,3286,1779367138991248870,,,,
1779367139027860404,SINK_ONLY,3287,1779367139027860404,,,,
1779367139065172685,SINK_ONLY,3288,1779367139065172685,,,,
1779367139099913148,SINK_ONLY,3289,1779367139099913148,,,,
1779367139134933389,SINK_ONLY,3290,1779367139134933389,,,,
1779367139171567673,SINK_ONLY,3291,1779367139171567673,,,,
1779367139208043672,SINK_ONLY,3292,1779367139208043672,,,,
1779367139243094887,SINK_ONLY,3293,1779367139243094887,,,,
1779367139280555682,SINK_ONLY,3294,1779367139280555682,,,,
1779367139316032401,SINK_ONLY,3295,1779367139316032401,,,,
1779367139351573496,SINK_ONLY,3296,1779367139351573496,,,,
1779367139388248385,SINK_ONLY,3297,1779367139388248385,,,,
1779367139423636732,SINK_ONLY,3298,1779367139423636732,,,,
1779367139460317699,SINK_ONLY,3299,1779367139460317699,,,,
1779367139503918701,SINK_ONLY,3300,1779367139503918701,,,,
1779367139534618910,SINK_ONLY,3301,1779367139534618910,,,,
1779367139568846964,SINK_ONLY,3302,1779367139568846964,,,,
1779367139603788905,SINK_ONLY,3303,1779367139603788905,,,,
1779367139640103610,SINK_ONLY,3304,1779367139640103610,,,,
1779367139675621916,SINK_ONLY,3305,1779367139675621916,,,,
1779367139711670927,SINK_ONLY,3306,1779367139711670927,,,,
1779367139747727943,SINK_ONLY,3307,1779367139747727943,,,,
1779367139795932604,SINK_ONLY,3308,1779367139795932604,,,,
1779367139836438486,SINK_ONLY,3309,1779367139836438486,,,,
1779367139872982915,SINK_ONLY,3310,1779367139872982915,,,,
1779367139911477878,SINK_ONLY,3311,1779367139911477878,,,,
1779367139949375993,SINK_ONLY,3312,1779367139949375993,,,,
1779367139987792495,SINK_ONLY,3313,1779367139987792495,,,,
1779367140007388394,SINK_ONLY,3314,1779367140007388394,,,,
1779367140037922113,SINK_ONLY,3315,1779367140037922113,,,,
1779367140074120983,SINK_ONLY,3316,1779367140074120983,,,,
1779367140109225040,SINK_ONLY,3317,1779367140109225040,,,,
1779367140145674237,SINK_ONLY,3318,1779367140145674237,,,,
1779367140181554090,SINK_ONLY,3319,1779367140181554090,,,,
1779367140220233659,SINK_ONLY,3320,1779367140220233659,,,,
1779367140254450879,SINK_ONLY,3321,1779367140254450879,,,,
1779367140292189004,SINK_ONLY,3322,1779367140292189004,,,,
1779367140327490265,SINK_ONLY,3323,1779367140327490265,,,,
1779367140362136580,SINK_ONLY,3324,1779367140362136580,,,,
1779367140401580670,SINK_ONLY,3325,1779367140401580670,,,,
1779367140437260471,SINK_ONLY,3326,1779367140437260471,,,,
1779367140475138404,SINK_ONLY,3327,1779367140475138404,,,,
1779367140513380893,SINK_ONLY,3328,1779367140513380893,,,,
1779367140545221154,SINK_ONLY,3329,1779367140545221154,,,,
1779367140579643684,SINK_ONLY,3330,1779367140579643684,,,,
1779367140616726682,SINK_ONLY,3331,1779367140616726682,,,,
1779367140658585688,SINK_ONLY,3332,1779367140658585688,,,,
1779367140692405050,SINK_ONLY,3333,1779367140692405050,,,,
1779367140730037451,SINK_ONLY,3334,1779367140730037451,,,,
1779367140764698692,SINK_ONLY,3335,1779367140764698692,,,,
1779367140800160966,SINK_ONLY,3336,1779367140800160966,,,,
1779367140836264465,SINK_ONLY,3337,1779367140836264465,,,,
1779367140873647662,SINK_ONLY,3338,1779367140873647662,,,,
1779367140905181264,SINK_ONLY,3339,1779367140905181264,,,,
1779367140944406403,SINK_ONLY,3340,1779367140944406403,,,,
1779367140980957612,SINK_ONLY,3341,1779367140980957612,,,,
1779367141013473222,SINK_ONLY,3342,1779367141013473222,,,,
1779367141048941153,SINK_ONLY,3343,1779367141048941153,,,,
1779367141084442266,SINK_ONLY,3344,1779367141084442266,,,,
1779367141121235537,SINK_ONLY,3345,1779367141121235537,,,,
1779367141157342967,SINK_ONLY,3346,1779367141157342967,,,,
1779367141193495897,SINK_ONLY,3347,1779367141193495897,,,,
1779367141230066365,SINK_ONLY,3348,1779367141230066365,,,,
1779367141265126648,SINK_ONLY,3349,1779367141265126648,,,,
1779367141301290351,SINK_ONLY,3350,1779367141301290351,,,,
1779367141336533394,SINK_ONLY,3351,1779367141336533394,,,,
1779367141373468018,SINK_ONLY,3352,1779367141373468018,,,,
1779367141409527060,SINK_ONLY,3353,1779367141409527060,,,,
1779367141445594648,SINK_ONLY,3354,1779367141445594648,,,,
1779367141481489708,SINK_ONLY,3355,1779367141481489708,,,,
1779367141517711749,SINK_ONLY,3356,1779367141517711749,,,,
1779367141553138976,SINK_ONLY,3357,1779367141553138976,,,,
1779367141592002006,SINK_ONLY,3358,1779367141592002006,,,,
1779367141625338369,SINK_ONLY,3359,1779367141625338369,,,,
1779367141668062184,SINK_ONLY,3360,1779367141668062184,,,,
1779367141699290410,SINK_ONLY,3361,1779367141699290410,,,,
1779367141733883422,SINK_ONLY,3362,1779367141733883422,,,,
1779367141769069751,SINK_ONLY,3363,1779367141769069751,,,,
1779367141805223062,SINK_ONLY,3364,1779367141805223062,,,,
1779367141841514656,SINK_ONLY,3365,1779367141841514656,,,,
1779367141877529282,SINK_ONLY,3366,1779367141877529282,,,,
1779367141913613501,SINK_ONLY,3367,1779367141913613501,,,,
1779367141950198053,SINK_ONLY,3368,1779367141950198053,,,,
1779367141986317781,SINK_ONLY,3369,1779367141986317781,,,,
1779367142022364124,SINK_ONLY,3370,1779367142022364124,,,,
1779367142060558988,SINK_ONLY,3371,1779367142060558988,,,,
