EventWall_ns,RowType,Source_Index,Source_WallClock_ns,HQ_Index,HQ_WallClock_ns,WallTimeDifference_ns,WallTimeDifference_ms
1779380457044198526,MATCHED,0,1779380457044198526,19,1779380457057827548,-13629022,-13.629022
1779380457074643043,MATCHED,1,1779380457074643043,19,1779380457057827548,16815495,16.815495
1779380457108318156,MATCHED,2,1779380457108318156,20,1779380457093304108,15014048,15.014048
1779380457142087286,MATCHED,3,1779380457142087286,22,1779380457158836523,-16749237,-16.749237
1779380457175611086,MATCHED,4,1779380457175611086,23,1779380457190972042,-15360956,-15.360956
1779380457209176830,MATCHED,5,1779380457209176830,24,1779380457224292568,-15115738,-15.115738
1779380457243303753,MATCHED,6,1779380457243303753,25,1779380457258547437,-15243684,-15.243684
1779380457276564703,MATCHED,7,1779380457276564703,26,1779380457292119942,-15555239,-15.555239
1779380457309790265,MATCHED,8,1779380457309790265,27,1779380457326166386,-16376121,-16.376121
1779380457342264409,MATCHED,9,1779380457342264409,27,1779380457326166386,16098023,16.098023
1779380457375812005,MATCHED,10,1779380457375812005,29,1779380457393016084,-17204079,-17.204079
1779380457410758846,MATCHED,11,1779380457410758846,30,1779380457425035549,-14276703,-14.276703
1779380457442116446,MATCHED,12,1779380457442116446,31,1779380457458517462,-16401016,-16.401016
1779380457475461692,MATCHED,13,1779380457475461692,32,1779380457491797933,-16336241,-16.336241
1779380457508825252,MATCHED,14,1779380457508825252,33,1779380457525268439,-16443187,-16.443187
1779380457542095832,MATCHED,15,1779380457542095832,34,1779380457557759955,-15664123,-15.664123
1779380457575499652,MATCHED,16,1779380457575499652,35,1779380457592072749,-16573097,-16.573097
1779380457608667566,MATCHED,17,1779380457608667566,36,1779380457624020732,-15353166,-15.353166
1779380457642262291,MATCHED,18,1779380457642262291,37,1779380457657254926,-14992635,-14.992635
1779380457675400150,MATCHED,19,1779380457675400150,37,1779380457657254926,18145224,18.145224
1779380457710274140,MATCHED,20,1779380457710274140,39,1779380457723816534,-13542394,-13.542394
1779380457741968366,MATCHED,21,1779380457741968366,40,1779380457758299364,-16330998,-16.330998
1779380457775329834,MATCHED,22,1779380457775329834,41,1779380457790870638,-15540804,-15.540804
1779380457811006148,MATCHED,23,1779380457811006148,42,1779380457823940648,-12934500,-12.934500
1779380457841865865,MATCHED,24,1779380457841865865,43,1779380457858164331,-16298466,-16.298466
1779380457875142871,MATCHED,25,1779380457875142871,44,1779380457891626911,-16484040,-16.484040
1779380457909426329,MATCHED,26,1779380457909426329,45,1779380457924097501,-14671172,-14.671172
1779380457943801638,MATCHED,27,1779380457943801638,46,1779380457957317973,-13516335,-13.516335
1779380457975121442,MATCHED,28,1779380457975121442,47,1779380457991852709,-16731267,-16.731267
1779380458008459763,MATCHED,29,1779380458008459763,48,1779380458023703638,-15243875,-15.243875
1779380458043057255,MATCHED,30,1779380458043057255,49,1779380458057872174,-14814919,-14.814919
1779380458075120181,MATCHED,31,1779380458075120181,50,1779380458090982239,-15862058,-15.862058
1779380458108320021,MATCHED,32,1779380458108320021,51,1779380458125109295,-16789274,-16.789274
1779380458141858024,MATCHED,33,1779380458141858024,52,1779380458157318331,-15460307,-15.460307
1779380458175304825,MATCHED,34,1779380458175304825,53,1779380458192088862,-16784037,-16.784037
1779380458208400221,MATCHED,35,1779380458208400221,53,1779380458192088862,16311359,16.311359
1779380458241603265,MATCHED,36,1779380458241603265,55,1779380458257528055,-15924790,-15.924790
1779380458274899826,MATCHED,37,1779380458274899826,56,1779380458291621722,-16721896,-16.721896
1779380458308234850,MATCHED,38,1779380458308234850,57,1779380458324152644,-15917794,-15.917794
1779380458341493431,MATCHED,39,1779380458341493431,58,1779380458356952879,-15459448,-15.459448
1779380458374979657,MATCHED,40,1779380458374979657,59,1779380458391130804,-16151147,-16.151147
1779380458423571429,MATCHED,41,1779380458423571429,60,1779380458435052726,-11481297,-11.481297
1779380458457141988,MATCHED,42,1779380458457141988,61,1779380458459121917,-1979929,-1.979929
1779380458490283125,MATCHED,43,1779380458490283125,62,1779380458490241483,41642,0.041642
1779380458523661333,MATCHED,44,1779380458523661333,63,1779380458522306262,1355071,1.355071
1779380458556890747,MATCHED,45,1779380458556890747,64,1779380458555138718,1752029,1.752029
1779380458591056688,MATCHED,46,1779380458591056688,65,1779380458588555651,2501037,2.501037
1779380458628280839,MATCHED,47,1779380458628280839,66,1779380458624228635,4052204,4.052204
1779380458661786638,MATCHED,48,1779380458661786638,67,1779380458655810808,5975830,5.975830
1779380458695320494,MATCHED,49,1779380458695320494,68,1779380458688927947,6392547,6.392547
1779380458728498519,MATCHED,50,1779380458728498519,69,1779380458723123853,5374666,5.374666
1779380458761701137,MATCHED,51,1779380458761701137,70,1779380458756288547,5412590,5.412590
1779380458794590425,MATCHED,52,1779380458794590425,71,1779380458804827221,-10236796,-10.236796
1779380458828707700,MATCHED,53,1779380458828707700,72,1779380458850279461,-21571761,-21.571761
1779380458860425851,MATCHED,54,1779380458860425851,72,1779380458850279461,10146390,10.146390
1779380458892553147,MATCHED,55,1779380458892553147,73,1779380458879771969,12781178,12.781178
1779380458926537424,MATCHED,56,1779380458926537424,74,1779380458919670857,6866567,6.866567
1779380458962211571,MATCHED,57,1779380458962211571,75,1779380458952603127,9608444,9.608444
1779380458992914011,MATCHED,58,1779380458992914011,76,1779380458985184068,7729943,7.729943
1779380459025998149,MATCHED,59,1779380459025998149,77,1779380459018554686,7443463,7.443463
1779380459072462110,MATCHED,60,1779380459072462110,79,1779380459085857880,-13395770,-13.395770
1779380459095239596,MATCHED,61,1779380459095239596,79,1779380459085857880,9381716,9.381716
1779380459128439695,MATCHED,62,1779380459128439695,80,1779380459120460912,7978783,7.978783
1779380459159532483,MATCHED,63,1779380459159532483,81,1779380459151735661,7796822,7.796822
1779380459192561807,MATCHED,64,1779380459192561807,82,1779380459184116956,8444851,8.444851
1779380459224082942,MATCHED,65,1779380459224082942,83,1779380459218822264,5260678,5.260678
1779380459255978666,MATCHED,66,1779380459255978666,84,1779380459250230365,5748301,5.748301
1779380459287192990,MATCHED,67,1779380459287192990,85,1779380459285054542,2138448,2.138448
1779380459322010776,MATCHED,68,1779380459322010776,86,1779380459318581029,3429747,3.429747
1779380459355761444,MATCHED,69,1779380459355761444,87,1779380459351988351,3773093,3.773093
1779380459390742339,MATCHED,70,1779380459390742339,88,1779380459385251303,5491036,5.491036
1779380459427623752,MATCHED,71,1779380459427623752,89,1779380459418457775,9165977,9.165977
1779380459459396903,MATCHED,72,1779380459459396903,90,1779380459451843115,7553788,7.553788
1779380459492743890,MATCHED,73,1779380459492743890,91,1779380459485166733,7577157,7.577157
1779380459527535954,MATCHED,74,1779380459527535954,92,1779380459520276390,7259564,7.259564
1779380459559314069,MATCHED,75,1779380459559314069,93,1779380459552037561,7276508,7.276508
1779380459590926629,MATCHED,76,1779380459590926629,94,1779380459585087886,5838743,5.838743
1779380459613516301,MATCHED,77,1779380459613516301,95,1779380459618441134,-4924833,-4.924833
1779380459642726683,MATCHED,78,1779380459642726683,96,1779380459651667605,-8940922,-8.940922
1779380459679394654,MATCHED,79,1779380459679394654,97,1779380459684863725,-5469071,-5.469071
1779380459708429296,MATCHED,80,1779380459708429296,98,1779380459718248139,-9818843,-9.818843
1779380459740795793,MATCHED,81,1779380459740795793,99,1779380459751762515,-10966722,-10.966722
1779380459774259464,MATCHED,82,1779380459774259464,100,1779380459784795692,-10536228,-10.536228
1779380459807477396,MATCHED,83,1779380459807477396,101,1779380459817972590,-10495194,-10.495194
1779380459843518263,MATCHED,84,1779380459843518263,102,1779380459852583695,-9065432,-9.065432
1779380459874210536,MATCHED,85,1779380459874210536,103,1779380459884877694,-10667158,-10.667158
1779380459907430432,MATCHED,86,1779380459907430432,104,1779380459917976389,-10545957,-10.545957
1779380459940896658,MATCHED,87,1779380459940896658,105,1779380459953690633,-12793975,-12.793975
1779380459974265718,MATCHED,88,1779380459974265718,106,1779380459990033110,-15767392,-15.767392
1779380460007492929,MATCHED,89,1779380460007492929,107,1779380460018797625,-11304696,-11.304696
1779380460040869359,MATCHED,90,1779380460040869359,108,1779380460051321937,-10452578,-10.452578
1779380460074442251,MATCHED,91,1779380460074442251,109,1779380460084804832,-10362581,-10.362581
1779380460108540600,MATCHED,92,1779380460108540600,110,1779380460117958822,-9418222,-9.418222
1779380460140919264,MATCHED,93,1779380460140919264,111,1779380460151275478,-10356214,-10.356214
1779380460175075242,MATCHED,94,1779380460175075242,112,1779380460184933667,-9858425,-9.858425
1779380460207288222,MATCHED,95,1779380460207288222,113,1779380460218109898,-10821676,-10.821676
1779380460240965872,MATCHED,96,1779380460240965872,114,1779380460251201001,-10235129,-10.235129
1779380460274082158,MATCHED,97,1779380460274082158,115,1779380460284535045,-10452887,-10.452887
1779380460307376793,MATCHED,98,1779380460307376793,116,1779380460317912644,-10535851,-10.535851
1779380460651933378,MATCHED,99,1779380460651933378,126,1779380460651144830,788548,0.788548
1779380460652302393,MATCHED,100,1779380460652302393,126,1779380460651144830,1157563,1.157563
1779380460652518909,MATCHED,101,1779380460652518909,126,1779380460651144830,1374079,1.374079
1779380460652759536,MATCHED,102,1779380460652759536,126,1779380460651144830,1614706,1.614706
1779380460652978312,MATCHED,103,1779380460652978312,126,1779380460651144830,1833482,1.833482
1779380460653200087,MATCHED,104,1779380460653200087,126,1779380460651144830,2055257,2.055257
1779380460653431474,MATCHED,105,1779380460653431474,126,1779380460651144830,2286644,2.286644
1779380460653691897,MATCHED,106,1779380460653691897,126,1779380460651144830,2547067,2.547067
1779380460654106448,MATCHED,107,1779380460654106448,126,1779380460651144830,2961618,2.961618
1779380460654440185,MATCHED,108,1779380460654440185,126,1779380460651144830,3295355,3.295355
1779380460673700522,MATCHED,109,1779380460673700522,127,1779380460684315505,-10614983,-10.614983
1779380460707208044,MATCHED,110,1779380460707208044,128,1779380460711931124,-4723080,-4.723080
1779380460740355959,MATCHED,111,1779380460740355959,129,1779380460753745382,-13389423,-13.389423
1779380460774018202,MATCHED,112,1779380460774018202,130,1779380460785466386,-11448184,-11.448184
1779380460806691381,MATCHED,113,1779380460806691381,131,1779380460820844577,-14153196,-14.153196
1779380460840353068,MATCHED,114,1779380460840353068,132,1779380460851464796,-11111728,-11.111728
1779380460873851609,MATCHED,115,1779380460873851609,133,1779380460884561158,-10709549,-10.709549
1779380460906571787,MATCHED,116,1779380460906571787,134,1779380460917573150,-11001363,-11.001363
1779380460940350066,MATCHED,117,1779380460940350066,135,1779380460950939583,-10589517,-10.589517
1779380460974064345,MATCHED,118,1779380460974064345,136,1779380460984334571,-10270226,-10.270226
1779380461006496119,MATCHED,119,1779380461006496119,137,1779380461017878947,-11382828,-11.382828
1779380461045080625,MATCHED,120,1779380461045080625,138,1779380461050947012,-5866387,-5.866387
1779380461075412088,MATCHED,121,1779380461075412088,139,1779380461085380268,-9968180,-9.968180
1779380461107059555,MATCHED,122,1779380461107059555,140,1779380461117770859,-10711304,-10.711304
1779380461139319831,MATCHED,123,1779380461139319831,141,1779380461150879257,-11559426,-11.559426
1779380461172528893,MATCHED,124,1779380461172528893,142,1779380461178748021,-6219128,-6.219128
1779380461206119692,MATCHED,125,1779380461206119692,143,1779380461217689955,-11570263,-11.570263
1779380461239356513,MATCHED,126,1779380461239356513,144,1779380461250907093,-11550580,-11.550580
1779380461272727055,MATCHED,127,1779380461272727055,145,1779380461284429414,-11702359,-11.702359
1779380461306492593,MATCHED,128,1779380461306492593,146,1779380461317664885,-11172292,-11.172292
1779380461339612249,MATCHED,129,1779380461339612249,147,1779380461350920634,-11308385,-11.308385
1779380461373008531,MATCHED,130,1779380461373008531,148,1779380461384146661,-11138130,-11.138130
1779380461406437999,MATCHED,131,1779380461406437999,149,1779380461417508408,-11070409,-11.070409
1779380461439595710,MATCHED,132,1779380461439595710,150,1779380461450962081,-11366371,-11.366371
1779380461472783920,MATCHED,133,1779380461472783920,151,1779380461484208256,-11424336,-11.424336
1779380461506632105,MATCHED,134,1779380461506632105,152,1779380461517494745,-10862640,-10.862640
1779380461540132072,MATCHED,135,1779380461540132072,153,1779380461550826790,-10694718,-10.694718
1779380461573486151,MATCHED,136,1779380461573486151,154,1779380461587415228,-13929077,-13.929077
1779380461606227348,MATCHED,137,1779380461606227348,155,1779380461618547127,-12319779,-12.319779
1779380461640150125,MATCHED,138,1779380461640150125,156,1779380461648019043,-7868918,-7.868918
1779380461673467575,MATCHED,139,1779380461673467575,157,1779380461673051965,415610,0.415610
1779380461707339964,MATCHED,140,1779380461707339964,158,1779380461716615409,-9275445,-9.275445
1779380461740051087,MATCHED,141,1779380461740051087,159,1779380461750750334,-10699247,-10.699247
1779380461773449388,MATCHED,142,1779380461773449388,160,1779380461784311673,-10862285,-10.862285
1779380461808131971,MATCHED,143,1779380461808131971,161,1779380461817570773,-9438802,-9.438802
1779380461839985122,MATCHED,144,1779380461839985122,162,1779380461850782208,-10797086,-10.797086
1779380461873372756,MATCHED,145,1779380461873372756,163,1779380461884196659,-10823903,-10.823903
1779380461906622596,MATCHED,146,1779380461906622596,164,1779380461917643980,-11021384,-11.021384
1779380461939480588,MATCHED,147,1779380461939480588,165,1779380461951003950,-11523362,-11.523362
1779380461973264996,MATCHED,148,1779380461973264996,166,1779380461987446538,-14181542,-14.181542
1779380462006914702,MATCHED,149,1779380462006914702,167,1779380462020621862,-13707160,-13.707160
1779380462041922245,MATCHED,150,1779380462041922245,168,1779380462048672976,-6750731,-6.750731
1779380462072794406,MATCHED,151,1779380462072794406,169,1779380462075659360,-2864954,-2.864954
1779380462108461053,MATCHED,152,1779380462108461053,170,1779380462115436990,-6975937,-6.975937
1779380462139790172,MATCHED,153,1779380462139790172,171,1779380462130568546,9221626,9.221626
1779380462173275713,MATCHED,154,1779380462173275713,172,1779380462158516198,14759515,14.759515
1779380462206521238,MATCHED,155,1779380462206521238,173,1779380462190655865,15865373,15.865373
1779380462239271842,MATCHED,156,1779380462239271842,174,1779380462223061326,16210516,16.210516
1779380462273707003,MATCHED,157,1779380462273707003,176,1779380462289047107,-15340104,-15.340104
1779380462308345346,MATCHED,158,1779380462308345346,177,1779380462322563871,-14218525,-14.218525
1779380462339821760,MATCHED,159,1779380462339821760,178,1779380462355586771,-15765011,-15.765011
1779380462374512677,MATCHED,160,1779380462374512677,179,1779380462390092137,-15579460,-15.579460
1779380462406443586,MATCHED,161,1779380462406443586,179,1779380462390092137,16351449,16.351449
1779380462439661315,MATCHED,162,1779380462439661315,180,1779380462439833687,-172372,-0.172372
1779380462473092986,MATCHED,163,1779380462473092986,181,1779380462458121601,14971385,14.971385
1779380462506564841,MATCHED,164,1779380462506564841,183,1779380462520818321,-14253480,-14.253480
1779380462539944180,MATCHED,165,1779380462539944180,184,1779380462554989395,-15045215,-15.045215
1779380462572517452,MATCHED,166,1779380462572517452,185,1779380462588141867,-15624415,-15.624415
1779380462606314490,MATCHED,167,1779380462606314490,186,1779380462621055174,-14740684,-14.740684
1779380462639525274,MATCHED,168,1779380462639525274,187,1779380462654003130,-14477856,-14.477856
1779380462673129610,MATCHED,169,1779380462673129610,188,1779380462688187407,-15057797,-15.057797
1779380462706359117,MATCHED,170,1779380462706359117,189,1779380462723393710,-17034593,-17.034593
1779380462739014648,MATCHED,171,1779380462739014648,189,1779380462723393710,15620938,15.620938
1779380462772830481,SOURCE_ONLY,172,1779380462772830481,,,,
1779380462806471483,SOURCE_ONLY,173,1779380462806471483,,,,
1779380462839432289,SOURCE_ONLY,174,1779380462839432289,,,,
1779380462872251374,SOURCE_ONLY,175,1779380462872251374,,,,
1779380462906277261,MATCHED,176,1779380462906277261,190,1779380462910686971,-4409710,-4.409710
1779380462939536971,MATCHED,177,1779380462939536971,196,1779380462955155018,-15618047,-15.618047
1779380462972268056,MATCHED,178,1779380462972268056,197,1779380462988613709,-16345653,-16.345653
1779380463005508377,MATCHED,179,1779380463005508377,197,1779380462988613709,16894668,16.894668
1779380463044559879,MATCHED,180,1779380463044559879,199,1779380463055966624,-11406745,-11.406745
1779380463074493827,MATCHED,181,1779380463074493827,200,1779380463088970191,-14476364,-14.476364
1779380463106267978,MATCHED,182,1779380463106267978,201,1779380463123166412,-16898434,-16.898434
1779380463138537273,MATCHED,183,1779380463138537273,201,1779380463123166412,15370861,15.370861
1779380463171773964,MATCHED,184,1779380463171773964,202,1779380463156196107,15577857,15.577857
1779380463205087618,MATCHED,185,1779380463205087618,203,1779380463188612809,16474809,16.474809
1779380463238438808,MATCHED,186,1779380463238438808,204,1779380463222856474,15582334,15.582334
1779380463271649037,MATCHED,187,1779380463271649037,205,1779380463255342249,16306788,16.306788
1779380463305490500,MATCHED,188,1779380463305490500,206,1779380463289521229,15969271,15.969271
1779380463340632394,MATCHED,189,1779380463340632394,208,1779380463356278502,-15646108,-15.646108
1779380463371941606,MATCHED,190,1779380463371941606,208,1779380463356278502,15663104,15.663104
1779380463405288611,MATCHED,191,1779380463405288611,209,1779380463390198152,15090459,15.090459
1779380463438680116,MATCHED,192,1779380463438680116,210,1779380463423986044,14694072,14.694072
1779380463471931826,MATCHED,193,1779380463471931826,211,1779380463455643012,16288814,16.288814
1779380463506011620,MATCHED,194,1779380463506011620,213,1779380463521814013,-15802393,-15.802393
1779380463539217848,MATCHED,195,1779380463539217848,214,1779380463555799643,-16581795,-16.581795
1779380463572686130,MATCHED,196,1779380463572686130,215,1779380463589145021,-16458891,-16.458891
1779380463605780305,MATCHED,197,1779380463605780305,216,1779380463621580778,-15800473,-15.800473
1779380463640421871,MATCHED,198,1779380463640421871,217,1779380463655944201,-15522330,-15.522330
1779380463672440556,MATCHED,199,1779380463672440556,218,1779380463688727825,-16287269,-16.287269
1779380463707386860,MATCHED,200,1779380463707386860,219,1779380463722809139,-15422279,-15.422279
1779380463741028899,MATCHED,201,1779380463741028899,220,1779380463754998936,-13970037,-13.970037
1779380463773988890,MATCHED,202,1779380463773988890,221,1779380463788975511,-14986621,-14.986621
1779380463807077027,MATCHED,203,1779380463807077027,222,1779380463823848799,-16771772,-16.771772
1779380463841120229,MATCHED,204,1779380463841120229,223,1779380463854719109,-13598880,-13.598880
1779380463877194539,MATCHED,205,1779380463877194539,224,1779380463889237919,-12043380,-12.043380
1779380463906132405,MATCHED,206,1779380463906132405,224,1779380463889237919,16894486,16.894486
1779380463939104136,MATCHED,207,1779380463939104136,225,1779380463923313641,15790495,15.790495
1779380463972394809,MATCHED,208,1779380463972394809,226,1779380463957603584,14791225,14.791225
1779380464005813332,MATCHED,209,1779380464005813332,227,1779380463989137424,16675908,16.675908
1779380464039092116,MATCHED,210,1779380464039092116,228,1779380464022661707,16430409,16.430409
1779380464072980912,MATCHED,211,1779380464072980912,229,1779380464057740030,15240882,15.240882
1779380464105759700,MATCHED,212,1779380464105759700,231,1779380464121988458,-16228758,-16.228758
1779380464138999244,MATCHED,213,1779380464138999244,232,1779380464155947070,-16947826,-16.947826
1779380464172414785,MATCHED,214,1779380464172414785,232,1779380464155947070,16467715,16.467715
1779380464205638699,MATCHED,215,1779380464205638699,233,1779380464189517519,16121180,16.121180
1779380464238437229,MATCHED,216,1779380464238437229,234,1779380464221969628,16467601,16.467601
1779380464272221655,MATCHED,217,1779380464272221655,235,1779380464255688002,16533653,16.533653
1779380464305591438,MATCHED,218,1779380464305591438,237,1779380464321220213,-15628775,-15.628775
1779380464338976369,MATCHED,219,1779380464338976369,237,1779380464321220213,17756156,17.756156
1779380464372295949,MATCHED,220,1779380464372295949,238,1779380464358224443,14071506,14.071506
1779380464405451363,MATCHED,221,1779380464405451363,239,1779380464387744970,17706393,17.706393
1779380464440487703,MATCHED,222,1779380464440487703,240,1779380464433444504,7043199,7.043199
1779380464472140374,MATCHED,223,1779380464472140374,241,1779380464457182772,14957602,14.957602
1779380464505550082,MATCHED,224,1779380464505550082,243,1779380464519864251,-14314169,-14.314169
1779380464538800033,MATCHED,225,1779380464538800033,244,1779380464552800651,-14000618,-14.000618
1779380464572452942,MATCHED,226,1779380464572452942,245,1779380464586352009,-13899067,-13.899067
1779380464623097545,MATCHED,227,1779380464623097545,246,1779380464619701571,3395974,3.395974
1779380464658958673,MATCHED,228,1779380464658958673,247,1779380464653861385,5097288,5.097288
1779380464692507120,MATCHED,229,1779380464692507120,248,1779380464687010802,5496318,5.496318
1779380464723623926,MATCHED,230,1779380464723623926,249,1779380464720343254,3280672,3.280672
1779380464755740537,MATCHED,231,1779380464755740537,250,1779380464753708687,2031850,2.031850
1779380464789675147,MATCHED,232,1779380464789675147,251,1779380464786863010,2812137,2.812137
1779380464822927931,MATCHED,233,1779380464822927931,252,1779380464820803771,2124160,2.124160
1779380464856390009,MATCHED,234,1779380464856390009,253,1779380464854210093,2179916,2.179916
1779380464891240980,MATCHED,235,1779380464891240980,254,1779380464887646636,3594344,3.594344
1779380464924612837,MATCHED,236,1779380464924612837,255,1779380464920894977,3717860,3.717860
1779380464958478781,MATCHED,237,1779380464958478781,256,1779380464954196318,4282463,4.282463
1779380464994803663,MATCHED,238,1779380464994803663,257,1779380464987533048,7270615,7.270615
1779380465024289727,MATCHED,239,1779380465024289727,258,1779380465020890740,3398987,3.398987
1779380465069657848,MATCHED,240,1779380465069657848,259,1779380465054165100,15492748,15.492748
1779380465094671773,MATCHED,241,1779380465094671773,260,1779380465087470941,7200832,7.200832
1779380465120839538,MATCHED,242,1779380465120839538,261,1779380465121638884,-799346,-0.799346
1779380465150963947,MATCHED,243,1779380465150963947,262,1779380465155274870,-4310923,-4.310923
1779380465184819207,MATCHED,244,1779380465184819207,263,1779380465188568637,-3749430,-3.749430
1779380465220777592,MATCHED,245,1779380465220777592,264,1779380465221893663,-1116071,-1.116071
1779380465255203105,MATCHED,246,1779380465255203105,265,1779380465254324994,878111,0.878111
1779380465290194019,MATCHED,247,1779380465290194019,266,1779380465288431883,1762136,1.762136
1779380465322841791,MATCHED,248,1779380465322841791,267,1779380465320816529,2025262,2.025262
1779380465355649375,MATCHED,249,1779380465355649375,268,1779380465355108638,540737,0.540737
1779380465390924472,MATCHED,250,1779380465390924472,269,1779380465388925511,1998961,1.998961
1779380465422063667,MATCHED,251,1779380465422063667,270,1779380465422076279,-12612,-0.012612
1779380465455569485,MATCHED,252,1779380465455569485,271,1779380465457278972,-1709487,-1.709487
1779380465488460939,MATCHED,253,1779380465488460939,272,1779380465489936097,-1475158,-1.475158
1779380465522726639,MATCHED,254,1779380465522726639,273,1779380465521386808,1339831,1.339831
1779380465556378807,MATCHED,255,1779380465556378807,274,1779380465555183052,1195755,1.195755
1779380465591437258,MATCHED,256,1779380465591437258,275,1779380465590386300,1050958,1.050958
1779380465626226581,MATCHED,257,1779380465626226581,276,1779380465621947250,4279331,4.279331
1779380465659272664,MATCHED,258,1779380465659272664,277,1779380465654371230,4901434,4.901434
1779380465691821066,MATCHED,259,1779380465691821066,278,1779380465687417980,4403086,4.403086
1779380465724002584,MATCHED,260,1779380465724002584,279,1779380465721456592,2545992,2.545992
1779380465756051917,MATCHED,261,1779380465756051917,280,1779380465754791062,1260855,1.260855
1779380465789597124,MATCHED,262,1779380465789597124,281,1779380465788342827,1254297,1.254297
1779380465822449264,MATCHED,263,1779380465822449264,282,1779380465820766361,1682903,1.682903
1779380465855929212,MATCHED,264,1779380465855929212,283,1779380465854668363,1260849,1.260849
1779380465889180108,MATCHED,265,1779380465889180108,284,1779380465889795242,-615134,-0.615134
1779380465924357075,MATCHED,266,1779380465924357075,285,1779380465922327090,2029985,2.029985
1779380465958085206,MATCHED,267,1779380465958085206,286,1779380465955722171,2363035,2.363035
1779380465991647172,MATCHED,268,1779380465991647172,287,1779380465989133456,2513716,2.513716
1779380466024586219,MATCHED,269,1779380466024586219,288,1779380466022045337,2540882,2.540882
1779380466058479274,MATCHED,270,1779380466058479274,289,1779380466054242911,4236363,4.236363
1779380466091916278,MATCHED,271,1779380466091916278,290,1779380466088243190,3673088,3.673088
1779380466124235331,MATCHED,272,1779380466124235331,291,1779380466120622521,3612810,3.612810
1779380466156024871,MATCHED,273,1779380466156024871,292,1779380466154606504,1418367,1.418367
1779380466189011398,MATCHED,274,1779380466189011398,293,1779380466189315720,-304322,-0.304322
1779380466224900025,MATCHED,275,1779380466224900025,294,1779380466220745357,4154668,4.154668
1779380466255837185,MATCHED,276,1779380466255837185,295,1779380466253939292,1897893,1.897893
1779380466289526631,MATCHED,277,1779380466289526631,296,1779380466287282391,2244240,2.244240
1779380466322662102,MATCHED,278,1779380466322662102,297,1779380466321360706,1301396,1.301396
1779380466355927126,MATCHED,279,1779380466355927126,298,1779380466353808019,2119107,2.119107
1779380466388983912,MATCHED,280,1779380466388983912,299,1779380466388223756,760156,0.760156
1779380466422231363,MATCHED,281,1779380466422231363,300,1779380466438582782,-16351419,-16.351419
1779380466455626386,MATCHED,282,1779380466455626386,301,1779380466459029823,-3403437,-3.403437
1779380466492587354,MATCHED,283,1779380466492587354,302,1779380466489437044,3150310,3.150310
1779380466524833741,MATCHED,284,1779380466524833741,303,1779380466522046688,2787053,2.787053
1779380466555683587,MATCHED,285,1779380466555683587,304,1779380466553039533,2644054,2.644054
1779380466588899038,MATCHED,286,1779380466588899038,305,1779380466585753250,3145788,3.145788
1779380466624365299,MATCHED,287,1779380466624365299,306,1779380466619119720,5245579,5.245579
1779380466655632178,MATCHED,288,1779380466655632178,307,1779380466652410783,3221395,3.221395
1779380466689385105,MATCHED,289,1779380466689385105,308,1779380466686537412,2847693,2.847693
1779380466724585961,MATCHED,290,1779380466724585961,309,1779380466719784995,4800966,4.800966
1779380466751011168,MATCHED,291,1779380466751011168,310,1779380466752991929,-1980761,-1.980761
1779380466783936363,MATCHED,292,1779380466783936363,311,1779380466786322344,-2385981,-2.385981
1779380466823009216,MATCHED,293,1779380466823009216,312,1779380466820207142,2802074,2.802074
1779380466857754966,MATCHED,294,1779380466857754966,313,1779380466853541761,4213205,4.213205
1779380466890303220,MATCHED,295,1779380466890303220,314,1779380466887147747,3155473,3.155473
1779380466922873659,MATCHED,296,1779380466922873659,315,1779380466920267552,2606107,2.606107
1779380466955995167,MATCHED,297,1779380466955995167,316,1779380466953770521,2224646,2.224646
1779380466989363024,MATCHED,298,1779380466989363024,317,1779380466986841179,2521845,2.521845
1779380467022687307,MATCHED,299,1779380467022687307,318,1779380467020162057,2525250,2.525250
1779380467068911475,MATCHED,300,1779380467068911475,319,1779380467053500231,15411244,15.411244
1779380467091438389,MATCHED,301,1779380467091438389,320,1779380467086663943,4774446,4.774446
1779380467123060801,MATCHED,302,1779380467123060801,321,1779380467140704767,-17643966,-17.643966
1779380467153937128,MATCHED,303,1779380467153937128,321,1779380467140704767,13232361,13.232361
1779380467188466195,MATCHED,304,1779380467188466195,322,1779380467183017094,5449101,5.449101
1779380467218882490,MATCHED,305,1779380467218882490,323,1779380467218940965,-58475,-0.058475
1779380467247300713,MATCHED,306,1779380467247300713,324,1779380467250350491,-3049778,-3.049778
1779380467281422729,MATCHED,307,1779380467281422729,325,1779380467283025153,-1602424,-1.602424
1779380467320322862,MATCHED,308,1779380467320322862,326,1779380467318804284,1518578,1.518578
1779380467361205400,MATCHED,309,1779380467361205400,327,1779380467348831491,12373909,12.373909
1779380467389971175,MATCHED,310,1779380467389971175,328,1779380467382125480,7845695,7.845695
1779380467423267514,MATCHED,311,1779380467423267514,329,1779380467415441283,7826231,7.826231
1779380467457222346,MATCHED,312,1779380467457222346,330,1779380467448628700,8593646,8.593646
1779380467488615797,MATCHED,313,1779380467488615797,331,1779380467482052947,6562850,6.562850
1779380467522341873,MATCHED,314,1779380467522341873,332,1779380467515450213,6891660,6.891660
1779380467555199883,MATCHED,315,1779380467555199883,333,1779380467548700813,6499070,6.499070
1779380467588699831,MATCHED,316,1779380467588699831,334,1779380467581960118,6739713,6.739713
1779380467622117113,MATCHED,317,1779380467622117113,335,1779380467616945202,5171911,5.171911
1779380467657805891,MATCHED,318,1779380467657805891,336,1779380467648698743,9107148,9.107148
1779380467688574663,MATCHED,319,1779380467688574663,337,1779380467682063213,6511450,6.511450
1779380467722073500,MATCHED,320,1779380467722073500,338,1779380467717189036,4884464,4.884464
1779380467757317967,MATCHED,321,1779380467757317967,339,1779380467748905541,8412426,8.412426
1779380467788459459,MATCHED,322,1779380467788459459,340,1779380467782028328,6431131,6.431131
1779380467821537355,MATCHED,323,1779380467821537355,341,1779380467815132930,6404425,6.404425
1779380467856669101,MATCHED,324,1779380467856669101,342,1779380467848624973,8044128,8.044128
1779380467889446705,MATCHED,325,1779380467889446705,343,1779380467882429994,7016711,7.016711
1779380467923192410,MATCHED,326,1779380467923192410,344,1779380467915276599,7915811,7.915811
1779380467957692422,MATCHED,327,1779380467957692422,345,1779380467949409950,8282472,8.282472
1779380467987307855,MATCHED,328,1779380467987307855,346,1779380467983160620,4147235,4.147235
1779380468019851239,MATCHED,329,1779380468019851239,347,1779380468017690801,2160438,2.160438
1779380468043347605,MATCHED,330,1779380468043347605,348,1779380468048499629,-5152024,-5.152024
1779380468071857383,MATCHED,331,1779380468071857383,349,1779380468082140967,-10283584,-10.283584
1779380468107637567,MATCHED,332,1779380468107637567,350,1779380468115298383,-7660816,-7.660816
1779380468137309610,MATCHED,333,1779380468137309610,351,1779380468149429420,-12119810,-12.119810
1779380468170638486,MATCHED,334,1779380468170638486,352,1779380468183131164,-12492678,-12.492678
1779380468203820363,MATCHED,335,1779380468203820363,353,1779380468216374487,-12554124,-12.554124
1779380468237127091,MATCHED,336,1779380468237127091,354,1779380468248668893,-11541802,-11.541802
1779380468270413356,MATCHED,337,1779380468270413356,355,1779380468282103178,-11689822,-11.689822
1779380468303921878,MATCHED,338,1779380468303921878,356,1779380468315198761,-11276883,-11.276883
1779380468337476641,MATCHED,339,1779380468337476641,357,1779380468350216011,-12739370,-12.739370
1779380468371005626,MATCHED,340,1779380468371005626,358,1779380468381901572,-10895946,-10.895946
1779380468403575806,MATCHED,341,1779380468403575806,359,1779380468415201561,-11625755,-11.625755
1779380468436903478,MATCHED,342,1779380468436903478,359,1779380468415201561,21701917,21.701917
1779380468470202983,MATCHED,343,1779380468470202983,360,1779380468467699140,2503843,2.503843
1779380468503748783,MATCHED,344,1779380468503748783,362,1779380468516466404,-12717621,-12.717621
1779380468537249194,MATCHED,345,1779380468537249194,363,1779380468548259797,-11010603,-11.010603
1779380468572127535,MATCHED,346,1779380468572127535,364,1779380468573648845,-1521310,-1.521310
1779380468603567486,MATCHED,347,1779380468603567486,365,1779380468615021440,-11453954,-11.453954
1779380468636780808,MATCHED,348,1779380468636780808,366,1779380468642470042,-5689234,-5.689234
1779380468670263885,MATCHED,349,1779380468670263885,367,1779380468682422503,-12158618,-12.158618
1779380468703481762,MATCHED,350,1779380468703481762,368,1779380468715764992,-12283230,-12.283230
1779380468737264911,MATCHED,351,1779380468737264911,369,1779380468750486467,-13221556,-13.221556
1779380468770240309,MATCHED,352,1779380468770240309,370,1779380468781549737,-11309428,-11.309428
1779380468803378354,MATCHED,353,1779380468803378354,371,1779380468815013521,-11635167,-11.635167
1779380468836929560,MATCHED,354,1779380468836929560,372,1779380468848544452,-11614892,-11.614892
1779380468871390276,MATCHED,355,1779380468871390276,373,1779380468881633610,-10243334,-10.243334
1779380468903761495,MATCHED,356,1779380468903761495,374,1779380468914875822,-11114327,-11.114327
1779380468936900558,MATCHED,357,1779380468936900558,375,1779380468951105875,-14205317,-14.205317
1779380468971832695,MATCHED,358,1779380468971832695,376,1779380468981655373,-9822678,-9.822678
1779380469003632494,MATCHED,359,1779380469003632494,377,1779380469015174360,-11541866,-11.541866
1779380469041495342,MATCHED,360,1779380469041495342,378,1779380469048102704,-6607362,-6.607362
1779380469071816452,MATCHED,361,1779380469071816452,379,1779380469081516618,-9700166,-9.700166
1779380469103297810,MATCHED,362,1779380469103297810,380,1779380469114677220,-11379410,-11.379410
1779380469135836639,MATCHED,363,1779380469135836639,381,1779380469151573377,-15736738,-15.736738
1779380469169035516,MATCHED,364,1779380469169035516,382,1779380469182431335,-13395819,-13.395819
1779380469202562260,MATCHED,365,1779380469202562260,383,1779380469215848675,-13286415,-13.286415
1779380469235716915,MATCHED,366,1779380469235716915,384,1779380469251292143,-15575228,-15.575228
1779380469269282844,MATCHED,367,1779380469269282844,385,1779380469281953862,-12671018,-12.671018
1779380469302671053,MATCHED,368,1779380469302671053,386,1779380469314846892,-12175839,-12.175839
1779380469335967540,MATCHED,369,1779380469335967540,387,1779380469348387138,-12419598,-12.419598
1779380469369605913,MATCHED,370,1779380469369605913,388,1779380469381864496,-12258583,-12.258583
1779380469403148731,MATCHED,371,1779380469403148731,389,1779380469414798747,-11650016,-11.650016
1779380469436372274,MATCHED,372,1779380469436372274,390,1779380469448253013,-11880739,-11.880739
1779380469469648817,MATCHED,373,1779380469469648817,391,1779380469481609946,-11961129,-11.961129
1779380469503048433,MATCHED,374,1779380469503048433,392,1779380469514738585,-11690152,-11.690152
1779380469536372031,MATCHED,375,1779380469536372031,393,1779380469548100333,-11728302,-11.728302
1779380469569968941,MATCHED,376,1779380469569968941,394,1779380469583191397,-13222456,-13.222456
1779380469603063745,MATCHED,377,1779380469603063745,395,1779380469614880087,-11816342,-11.816342
1779380469636408473,MATCHED,378,1779380469636408473,396,1779380469647982485,-11574012,-11.574012
1779380469671528089,MATCHED,379,1779380469671528089,397,1779380469681315400,-9787311,-9.787311
1779380469703023743,MATCHED,380,1779380469703023743,398,1779380469714819109,-11795366,-11.795366
1779380469736235842,MATCHED,381,1779380469736235842,399,1779380469748249782,-12013940,-12.013940
1779380469769699995,MATCHED,382,1779380469769699995,400,1779380469781363848,-11663853,-11.663853
1779380469802976223,MATCHED,383,1779380469802976223,401,1779380469814685410,-11709187,-11.709187
1779380469836268210,MATCHED,384,1779380469836268210,402,1779380469847922530,-11654320,-11.654320
1779380469869751621,MATCHED,385,1779380469869751621,403,1779380469881280444,-11528823,-11.528823
1779380469904121912,MATCHED,386,1779380469904121912,404,1779380469914668414,-10546502,-10.546502
1779380469936181283,MATCHED,387,1779380469936181283,405,1779380469947866219,-11684936,-11.684936
1779380469969889580,MATCHED,388,1779380469969889580,406,1779380469982317697,-12428117,-12.428117
1779380470002891960,MATCHED,389,1779380470002891960,407,1779380470014648344,-11756384,-11.756384
1779380470036186558,MATCHED,390,1779380470036186558,408,1779380470047813538,-11626980,-11.626980
1779380470069512545,MATCHED,391,1779380470069512545,409,1779380470081281248,-11768703,-11.768703
1779380470103281750,MATCHED,392,1779380470103281750,410,1779380470114543126,-11261376,-11.261376
1779380470136144667,MATCHED,393,1779380470136144667,411,1779380470147882633,-11737966,-11.737966
1779380470169513357,MATCHED,394,1779380470169513357,412,1779380470181267529,-11754172,-11.754172
1779380470204704103,MATCHED,395,1779380470204704103,413,1779380470214431223,-9727120,-9.727120
1779380470236388810,MATCHED,396,1779380470236388810,414,1779380470247697009,-11308199,-11.308199
1779380470269414041,MATCHED,397,1779380470269414041,415,1779380470280954239,-11540198,-11.540198
1779380470302786342,MATCHED,398,1779380470302786342,416,1779380470314385394,-11599052,-11.599052
1779380470336095533,MATCHED,399,1779380470336095533,417,1779380470347920493,-11824960,-11.824960
1779380470370231456,MATCHED,400,1779380470370231456,418,1779380470381586443,-11354987,-11.354987
1779380470402699637,MATCHED,401,1779380470402699637,419,1779380470414334847,-11635210,-11.635210
1779380470435999828,MATCHED,402,1779380470435999828,419,1779380470414334847,21664981,21.664981
1779380470469288704,MATCHED,403,1779380470469288704,420,1779380470463422019,5866685,5.866685
1779380470503941529,MATCHED,404,1779380470503941529,422,1779380470516008619,-12067090,-12.067090
1779380470536179176,MATCHED,405,1779380470536179176,423,1779380470547941549,-11762373,-11.762373
1779380470569298702,MATCHED,406,1779380470569298702,424,1779380470580840452,-11541750,-11.541750
1779380470602659392,MATCHED,407,1779380470602659392,425,1779380470614246979,-11587587,-11.587587
1779380470636442523,MATCHED,408,1779380470636442523,426,1779380470647496323,-11053800,-11.053800
1779380470669233256,MATCHED,409,1779380470669233256,427,1779380470680739574,-11506318,-11.506318
1779380470703544658,MATCHED,410,1779380470703544658,428,1779380470714283433,-10738775,-10.738775
1779380470735807601,MATCHED,411,1779380470735807601,429,1779380470748787043,-12979442,-12.979442
1779380470769534361,MATCHED,412,1779380470769534361,430,1779380470781730037,-12195676,-12.195676
1779380470802580222,MATCHED,413,1779380470802580222,431,1779380470817566430,-14986208,-14.986208
1779380470835766173,MATCHED,414,1779380470835766173,432,1779380470848282020,-12515847,-12.515847
1779380470869773542,MATCHED,415,1779380470869773542,433,1779380470880974647,-11201105,-11.201105
1779380470902587126,MATCHED,416,1779380470902587126,434,1779380470914208380,-11621254,-11.621254
1779380470936081575,MATCHED,417,1779380470936081575,435,1779380470948880451,-12798876,-12.798876
1779380470969066324,MATCHED,418,1779380470969066324,436,1779380470981766557,-12700233,-12.700233
1779380471002938046,MATCHED,419,1779380471002938046,437,1779380471014989790,-12051744,-12.051744
1779380471040503230,MATCHED,420,1779380471040503230,438,1779380471048108394,-7605164,-7.605164
1779380471070661213,MATCHED,421,1779380471070661213,439,1779380471080878853,-10217640,-10.217640
1779380471102589974,MATCHED,422,1779380471102589974,440,1779380471114237326,-11647352,-11.647352
1779380471134848249,MATCHED,423,1779380471134848249,441,1779380471147202339,-12354090,-12.354090
1779380471168168755,MATCHED,424,1779380471168168755,442,1779380471180641069,-12472314,-12.472314
1779380471202646285,MATCHED,425,1779380471202646285,443,1779380471215874764,-13228479,-13.228479
1779380471235030115,MATCHED,426,1779380471235030115,444,1779380471248013489,-12983374,-12.983374
1779380471268300770,MATCHED,427,1779380471268300770,445,1779380471281767809,-13467039,-13.467039
1779380471301741589,MATCHED,428,1779380471301741589,446,1779380471315079652,-13338063,-13.338063
1779380471335174741,MATCHED,429,1779380471335174741,447,1779380471347967610,-12792869,-12.792869
1779380471368430451,MATCHED,430,1779380471368430451,448,1779380471379408453,-10978002,-10.978002
1779380471402704650,MATCHED,431,1779380471402704650,449,1779380471412664260,-9959610,-9.959610
1779380471435832491,MATCHED,432,1779380471435832491,450,1779380471448507004,-12674513,-12.674513
1779380471468939147,MATCHED,433,1779380471468939147,451,1779380471480788376,-11849229,-11.849229
1779380471502140395,MATCHED,434,1779380471502140395,452,1779380471514147885,-12007490,-12.007490
1779380471535504807,MATCHED,435,1779380471535504807,453,1779380471547464672,-11959865,-11.959865
1779380471568871905,MATCHED,436,1779380471568871905,454,1779380471580636202,-11764297,-11.764297
1779380471602335038,MATCHED,437,1779380471602335038,455,1779380471614384004,-12048966,-12.048966
1779380471635477990,MATCHED,438,1779380471635477990,456,1779380471647365868,-11887878,-11.887878
1779380471669036512,MATCHED,439,1779380471669036512,457,1779380471680703230,-11666718,-11.666718
1779380471702115631,MATCHED,440,1779380471702115631,458,1779380471714064257,-11948626,-11.948626
1779380471737277839,MATCHED,441,1779380471737277839,459,1779380471747251639,-9973800,-9.973800
1779380471768776938,MATCHED,442,1779380471768776938,460,1779380471780629537,-11852599,-11.852599
1779380471802387348,MATCHED,443,1779380471802387348,461,1779380471813945361,-11558013,-11.558013
1779380471835487782,MATCHED,444,1779380471835487782,462,1779380471847124335,-11636553,-11.636553
1779380471868837324,MATCHED,445,1779380471868837324,463,1779380471880620639,-11783315,-11.783315
1779380471902566621,MATCHED,446,1779380471902566621,464,1779380471913932297,-11365676,-11.365676
1779380471935357114,MATCHED,447,1779380471935357114,465,1779380471946983087,-11625973,-11.625973
1779380471968706156,MATCHED,448,1779380471968706156,466,1779380471981551714,-12845558,-12.845558
1779380472002107531,MATCHED,449,1779380472002107531,467,1779380472014205453,-12097922,-12.097922
1779380472036653042,MATCHED,450,1779380472036653042,468,1779380472041645131,-4992089,-4.992089
1779380472069283148,MATCHED,451,1779380472069283148,469,1779380472079199877,-9916729,-9.916729
1779380472102291286,MATCHED,452,1779380472102291286,470,1779380472112424887,-10133601,-10.133601
1779380472137289996,MATCHED,453,1779380472137289996,471,1779380472145625361,-8335365,-8.335365
1779380472169442366,MATCHED,454,1779380472169442366,472,1779380472180480115,-11037749,-11.037749
1779380472202702631,MATCHED,455,1779380472202702631,473,1779380472213842569,-11139938,-11.139938
1779380472236201857,MATCHED,456,1779380472236201857,474,1779380472247131134,-10929277,-10.929277
1779380472276722084,MATCHED,457,1779380472276722084,475,1779380472280435607,-3713523,-3.713523
1779380472302604463,MATCHED,458,1779380472302604463,476,1779380472313652673,-11048210,-11.048210
1779380472335732174,MATCHED,459,1779380472335732174,477,1779380472346912535,-11180361,-11.180361
1779380472370684478,MATCHED,460,1779380472370684478,478,1779380472381041037,-10356559,-10.356559
1779380472402155799,MATCHED,461,1779380472402155799,479,1779380472414459286,-12303487,-12.303487
1779380472435816190,MATCHED,462,1779380472435816190,479,1779380472414459286,21356904,21.356904
1779380472468905272,MATCHED,463,1779380472468905272,480,1779380472467321717,1583555,1.583555
1779380472501860281,MATCHED,464,1779380472501860281,481,1779380472490347623,11512658,11.512658
1779380472535124898,MATCHED,465,1779380472535124898,483,1779380472547761084,-12636186,-12.636186
1779380472568863011,MATCHED,466,1779380472568863011,484,1779380472572637565,-3774554,-3.774554
1779380472601786409,MATCHED,467,1779380472601786409,485,1779380472612348457,-10562048,-10.562048
1779380472635292264,MATCHED,468,1779380472635292264,486,1779380472637591656,-2299392,-2.299392
1779380472669223560,MATCHED,469,1779380472669223560,487,1779380472682803587,-13580027,-13.580027
1779380472701768536,MATCHED,470,1779380472701768536,488,1779380472713519696,-11751160,-11.751160
1779380472735344262,MATCHED,471,1779380472735344262,489,1779380472746595856,-11251594,-11.251594
1779380472768451936,MATCHED,472,1779380472768451936,490,1779380472783303722,-14851786,-14.851786
1779380472801635906,MATCHED,473,1779380472801635906,491,1779380472814343735,-12707829,-12.707829
1779380472836719097,MATCHED,474,1779380472836719097,492,1779380472848491422,-11772325,-11.772325
1779380472868319972,MATCHED,475,1779380472868319972,493,1779380472883710524,-15390552,-15.390552
1779380472901650107,MATCHED,476,1779380472901650107,494,1779380472914049877,-12399770,-12.399770
1779380472935600310,MATCHED,477,1779380472935600310,495,1779380472947060353,-11460043,-11.460043
1779380472968257841,MATCHED,478,1779380472968257841,496,1779380472980387696,-12129855,-12.129855
1779380473001872232,MATCHED,479,1779380473001872232,497,1779380473013638891,-11766659,-11.766659
1779380473059031082,MATCHED,480,1779380473059031082,498,1779380473047125344,11905738,11.905738
1779380473091449930,MATCHED,481,1779380473091449930,499,1779380473080602981,10846949,10.846949
1779380473122484423,MATCHED,482,1779380473122484423,500,1779380473113754345,8730078,8.730078
1779380473152981328,MATCHED,483,1779380473152981328,501,1779380473146964392,6016936,6.016936
1779380473185122938,MATCHED,484,1779380473185122938,502,1779380473180339216,4783722,4.783722
1779380473217982597,MATCHED,485,1779380473217982597,503,1779380473213541357,4441240,4.441240
1779380473251593210,MATCHED,486,1779380473251593210,504,1779380473268927874,-17334664,-17.334664
1779380473286920713,MATCHED,487,1779380473286920713,505,1779380473283964506,2956207,2.956207
1779380473318409460,MATCHED,488,1779380473318409460,506,1779380473313917104,4492356,4.492356
1779380473356647507,MATCHED,489,1779380473356647507,507,1779380473346900802,9746705,9.746705
1779380473391081946,MATCHED,490,1779380473391081946,508,1779380473379920018,11161928,11.161928
1779380473421700016,MATCHED,491,1779380473421700016,509,1779380473413084196,8615820,8.615820
1779380473455843958,MATCHED,492,1779380473455843958,510,1779380473446563445,9280513,9.280513
1779380473486098162,MATCHED,493,1779380473486098162,511,1779380473479881251,6216911,6.216911
1779380473519249058,MATCHED,494,1779380473519249058,512,1779380473513204038,6045020,6.045020
1779380473557221645,MATCHED,495,1779380473557221645,513,1779380473546612343,10609302,10.609302
1779380473588495505,MATCHED,496,1779380473588495505,514,1779380473579845539,8649966,8.649966
1779380473621335682,MATCHED,497,1779380473621335682,515,1779380473613374917,7960765,7.960765
1779380473652904965,MATCHED,498,1779380473652904965,516,1779380473646488688,6416277,6.416277
1779380473688112562,MATCHED,499,1779380473688112562,517,1779380473680790447,7322115,7.322115
1779380473719944361,MATCHED,500,1779380473719944361,518,1779380473713351501,6592860,6.592860
1779380473752405801,MATCHED,501,1779380473752405801,519,1779380473746639289,5766512,5.766512
1779380473787867692,MATCHED,502,1779380473787867692,520,1779380473779338415,8529277,8.529277
1779380473819101478,MATCHED,503,1779380473819101478,521,1779380473811950339,7151139,7.151139
1779380473852450798,MATCHED,504,1779380473852450798,522,1779380473845163535,7287263,7.287263
1779380473885581713,MATCHED,505,1779380473885581713,523,1779380473878507063,7074650,7.074650
1779380473918968385,MATCHED,506,1779380473918968385,524,1779380473911777907,7190478,7.190478
1779380473952521943,MATCHED,507,1779380473952521943,525,1779380473945149749,7372194,7.372194
1779380473987176268,MATCHED,508,1779380473987176268,526,1779380473978410593,8765675,8.765675
1779380474018951586,MATCHED,509,1779380474018951586,527,1779380474011854508,7097078,7.097078
1779380474052232129,MATCHED,510,1779380474052232129,528,1779380474045116463,7115666,7.115666
1779380474086178906,MATCHED,511,1779380474086178906,529,1779380474080000513,6178393,6.178393
1779380474119064249,MATCHED,512,1779380474119064249,530,1779380474111814000,7250249,7.250249
1779380474152329792,MATCHED,513,1779380474152329792,531,1779380474145024178,7305614,7.305614
1779380474185593780,MATCHED,514,1779380474185593780,532,1779380474178271558,7322222,7.322222
1779380474219316948,MATCHED,515,1779380474219316948,533,1779380474204163862,15153086,15.153086
1779380474252167514,MATCHED,516,1779380474252167514,534,1779380474244861485,7306029,7.306029
1779380474285545019,MATCHED,517,1779380474285545019,535,1779380474270807844,14737175,14.737175
1779380474318823802,MATCHED,518,1779380474318823802,536,1779380474311758169,7065633,7.065633
1779380474352138567,MATCHED,519,1779380474352138567,537,1779380474345086790,7051777,7.051777
1779380474385960512,MATCHED,520,1779380474385960512,538,1779380474378223301,7737211,7.737211
1779380474419250888,MATCHED,521,1779380474419250888,539,1779380474411902048,7348840,7.348840
1779380474452183750,MATCHED,522,1779380474452183750,540,1779380474458553002,-6369252,-6.369252
1779380474485386219,MATCHED,523,1779380474485386219,541,1779380474481150227,4235992,4.235992
1779380474520827592,MATCHED,524,1779380474520827592,542,1779380474505072754,15754838,15.754838
1779380474553038164,MATCHED,525,1779380474553038164,543,1779380474545157901,7880263,7.880263
1779380474587923116,MATCHED,526,1779380474587923116,544,1779380474569596182,18326934,18.326934
1779380474621727673,MATCHED,527,1779380474621727673,545,1779380474612811318,8916355,8.916355
1779380474653940856,MATCHED,528,1779380474653940856,546,1779380474646179068,7761788,7.761788
1779380474686677775,MATCHED,529,1779380474686677775,547,1779380474679453430,7224345,7.224345
1779380474722049667,MATCHED,530,1779380474722049667,548,1779380474712803439,9246228,9.246228
1779380474752202927,MATCHED,531,1779380474752202927,549,1779380474746181430,6021497,6.021497
1779380474785137455,MATCHED,532,1779380474785137455,550,1779380474779503495,5633960,5.633960
1779380474819091769,MATCHED,533,1779380474819091769,551,1779380474812863078,6228691,6.228691
1779380474852619421,MATCHED,534,1779380474852619421,552,1779380474846120329,6499092,6.499092
1779380474887211691,MATCHED,535,1779380474887211691,553,1779380474879689651,7522040,7.522040
1779380474923760403,MATCHED,536,1779380474923760403,554,1779380474914804514,8955889,8.955889
1779380474953442002,MATCHED,537,1779380474953442002,555,1779380474946212875,7229127,7.229127
1779380474986177607,MATCHED,538,1779380474986177607,556,1779380474979572959,6604648,6.604648
1779380475020414325,MATCHED,539,1779380475020414325,557,1779380475013722164,6692161,6.692161
1779380475065027768,MATCHED,540,1779380475065027768,559,1779380475079466988,-14439220,-14.439220
1779380475088223120,MATCHED,541,1779380475088223120,559,1779380475079466988,8756132,8.756132
1779380475120097122,MATCHED,542,1779380475120097122,560,1779380475112856238,7240884,7.240884
1779380475150208661,MATCHED,543,1779380475150208661,561,1779380475146053434,4155227,4.155227
1779380475184198233,MATCHED,544,1779380475184198233,562,1779380475179452739,4745494,4.745494
1779380475216868116,MATCHED,545,1779380475216868116,563,1779380475212875248,3992868,3.992868
1779380475249056744,MATCHED,546,1779380475249056744,564,1779380475246122758,2933986,2.933986
1779380475285582402,MATCHED,547,1779380475285582402,565,1779380475279565563,6016839,6.016839
1779380475317294665,MATCHED,548,1779380475317294665,566,1779380475313885322,3409343,3.409343
1779380475350853649,MATCHED,549,1779380475350853649,567,1779380475346088880,4764769,4.764769
1779380475384964591,MATCHED,550,1779380475384964591,568,1779380475379369075,5595516,5.595516
1779380475418503687,MATCHED,551,1779380475418503687,569,1779380475412717380,5786307,5.786307
1779380475451916321,MATCHED,552,1779380475451916321,570,1779380475445984909,5931412,5.931412
1779380475486614053,MATCHED,553,1779380475486614053,571,1779380475479337085,7276968,7.276968
1779380475516705425,MATCHED,554,1779380475516705425,572,1779380475512689002,4016423,4.016423
1779380475552394869,MATCHED,555,1779380475552394869,573,1779380475546042826,6352043,6.352043
1779380475575913810,MATCHED,556,1779380475575913810,574,1779380475579340095,-3426285,-3.426285
1779380475605692019,MATCHED,557,1779380475605692019,575,1779380475612810899,-7118880,-7.118880
1779380475636817492,MATCHED,558,1779380475636817492,576,1779380475645928911,-9111419,-9.111419
1779380475671706944,MATCHED,559,1779380475671706944,577,1779380475679203088,-7496144,-7.496144
1779380475706273029,MATCHED,560,1779380475706273029,578,1779380475712418710,-6145681,-6.145681
1779380475740693005,MATCHED,561,1779380475740693005,579,1779380475748417008,-7724003,-7.724003
1779380475769945293,MATCHED,562,1779380475769945293,580,1779380475779494910,-9549617,-9.549617
1779380475804370713,MATCHED,563,1779380475804370713,581,1779380475812577533,-8206820,-8.206820
1779380475836708488,MATCHED,564,1779380475836708488,582,1779380475845802821,-9094333,-9.094333
1779380475867999774,MATCHED,565,1779380475867999774,583,1779380475879240830,-11241056,-11.241056
1779380475901176837,MATCHED,566,1779380475901176837,584,1779380475912526358,-11349521,-11.349521
1779380475935024596,MATCHED,567,1779380475935024596,585,1779380475945813257,-10788661,-10.788661
1779380475967587757,MATCHED,568,1779380475967587757,586,1779380475982132293,-14544536,-14.544536
1779380475999342927,MATCHED,569,1779380475999342927,587,1779380476012602775,-13259848,-13.259848
1779380476034488303,MATCHED,570,1779380476034488303,588,1779380476045885433,-11397130,-11.397130
1779380476066882040,MATCHED,571,1779380476066882040,589,1779380476079199831,-12317791,-12.317791
1779380476100150472,MATCHED,572,1779380476100150472,590,1779380476112378398,-12227926,-12.227926
1779380476134918777,MATCHED,573,1779380476134918777,591,1779380476147412854,-12494077,-12.494077
1779380476166863742,MATCHED,574,1779380476166863742,592,1779380476179077546,-12213804,-12.213804
1779380476200280672,MATCHED,575,1779380476200280672,593,1779380476213075031,-12794359,-12.794359
1779380476234286800,MATCHED,576,1779380476234286800,594,1779380476246811629,-12524829,-12.524829
1779380476267415085,MATCHED,577,1779380476267415085,595,1779380476279846178,-12431093,-12.431093
1779380476306112813,MATCHED,578,1779380476306112813,596,1779380476312272771,-6159958,-6.159958
1779380476335600210,MATCHED,579,1779380476335600210,597,1779380476345615706,-10015496,-10.015496
1779380476367703358,MATCHED,580,1779380476367703358,598,1779380476378912735,-11209377,-11.209377
1779380476401787540,MATCHED,581,1779380476401787540,599,1779380476414666406,-12878866,-12.878866
1779380476435348506,MATCHED,582,1779380476435348506,599,1779380476414666406,20682100,20.682100
1779380476467564616,MATCHED,583,1779380476467564616,600,1779380476467438949,125667,0.125667
1779380476500202166,MATCHED,584,1779380476500202166,602,1779380476508592493,-8390327,-8.390327
1779380476533298136,MATCHED,585,1779380476533298136,603,1779380476546610754,-13312618,-13.312618
1779380476567331079,MATCHED,586,1779380476567331079,604,1779380476578947884,-11616805,-11.616805
1779380476600015980,MATCHED,587,1779380476600015980,605,1779380476612219949,-12203969,-12.203969
1779380476633664501,MATCHED,588,1779380476633664501,606,1779380476645413627,-11749126,-11.749126
1779380476666571788,MATCHED,589,1779380476666571788,607,1779380476678696193,-12124405,-12.124405
1779380476699844720,MATCHED,590,1779380476699844720,608,1779380476712274607,-12429887,-12.429887
1779380476733547314,MATCHED,591,1779380476733547314,609,1779380476745418804,-11871490,-11.871490
1779380476766780265,MATCHED,592,1779380476766780265,610,1779380476779148587,-12368322,-12.368322
1779380476800059549,MATCHED,593,1779380476800059549,611,1779380476812120785,-12061236,-12.061236
1779380476834688319,MATCHED,594,1779380476834688319,612,1779380476845409240,-10720921,-10.720921
1779380476866959816,MATCHED,595,1779380476866959816,613,1779380476878859952,-11900136,-11.900136
1779380476899775161,MATCHED,596,1779380476899775161,614,1779380476912018629,-12243468,-12.243468
1779380476933030296,MATCHED,597,1779380476933030296,615,1779380476945326158,-12295862,-12.295862
1779380476966672002,MATCHED,598,1779380476966672002,616,1779380476981247772,-14575770,-14.575770
1779380476999698974,MATCHED,599,1779380476999698974,617,1779380477011967640,-12268666,-12.268666
1779380477038932918,MATCHED,600,1779380477038932918,618,1779380477045321205,-6388287,-6.388287
1779380477069988984,MATCHED,601,1779380477069988984,619,1779380477078541901,-8552917,-8.552917
1779380477100331909,MATCHED,602,1779380477100331909,620,1779380477111923984,-11592075,-11.592075
1779380477132668869,MATCHED,603,1779380477132668869,621,1779380477145312993,-12644124,-12.644124
1779380477166155095,MATCHED,604,1779380477166155095,622,1779380477178598892,-12443797,-12.443797
1779380477198833404,MATCHED,605,1779380477198833404,623,1779380477211885735,-13052331,-13.052331
1779380477232408259,MATCHED,606,1779380477232408259,624,1779380477245100023,-12691764,-12.691764
1779380477265823985,MATCHED,607,1779380477265823985,625,1779380477278662586,-12838601,-12.838601
1779380477299528394,MATCHED,608,1779380477299528394,626,1779380477311843023,-12314629,-12.314629
1779380477332444774,MATCHED,609,1779380477332444774,627,1779380477345141496,-12696722,-12.696722
1779380477367813666,MATCHED,610,1779380477367813666,628,1779380477380081082,-12267416,-12.267416
1779380477399872314,MATCHED,611,1779380477399872314,629,1779380477411875588,-12003274,-12.003274
1779380477432940582,MATCHED,612,1779380477432940582,630,1779380477444955267,-12014685,-12.014685
1779380477466314883,MATCHED,613,1779380477466314883,631,1779380477479365821,-13050938,-13.050938
1779380477499546149,MATCHED,614,1779380477499546149,632,1779380477511763877,-12217728,-12.217728
1779380477532852580,MATCHED,615,1779380477532852580,633,1779380477545153145,-12300565,-12.300565
1779380477566130179,MATCHED,616,1779380477566130179,634,1779380477578420989,-12290810,-12.290810
1779380477599514498,MATCHED,617,1779380477599514498,635,1779380477611647907,-12133409,-12.133409
1779380477632909818,MATCHED,618,1779380477632909818,636,1779380477645079452,-12169634,-12.169634
1779380477667042834,MATCHED,619,1779380477667042834,637,1779380477678423184,-11380350,-11.380350
1779380477699495348,MATCHED,620,1779380477699495348,638,1779380477711795934,-12300586,-12.300586
1779380477732730317,MATCHED,621,1779380477732730317,639,1779380477744963648,-12233331,-12.233331
1779380477766096619,MATCHED,622,1779380477766096619,640,1779380477779442943,-13346324,-13.346324
1779380477800795166,MATCHED,623,1779380477800795166,641,1779380477811751500,-10956334,-10.956334
1779380477836366074,MATCHED,624,1779380477836366074,642,1779380477844988214,-8622140,-8.622140
1779380477867837913,MATCHED,625,1779380477867837913,643,1779380477878326631,-10488718,-10.488718
1779380477902149390,MATCHED,626,1779380477902149390,644,1779380477911639233,-9489843,-9.489843
1779380477933933282,MATCHED,627,1779380477933933282,645,1779380477944939446,-11006164,-11.006164
1779380477968028335,MATCHED,628,1779380477968028335,646,1779380477978258586,-10230251,-10.230251
1779380478004958988,MATCHED,629,1779380478004958988,647,1779380478011881722,-6922734,-6.922734
1779380478035327339,MATCHED,630,1779380478035327339,648,1779380478044996252,-9668913,-9.668913
1779380478066089371,MATCHED,631,1779380478066089371,649,1779380478078276836,-12187465,-12.187465
1779380478099386303,MATCHED,632,1779380478099386303,650,1779380478112238821,-12852518,-12.852518
1779380478132602087,MATCHED,633,1779380478132602087,651,1779380478144855652,-12253565,-12.253565
1779380478166007351,MATCHED,634,1779380478166007351,652,1779380478178226069,-12218718,-12.218718
1779380478199331097,MATCHED,635,1779380478199331097,653,1779380478214097702,-14766605,-14.766605
1779380478232596066,MATCHED,636,1779380478232596066,654,1779380478244786793,-12190727,-12.190727
1779380478266521936,MATCHED,637,1779380478266521936,655,1779380478278260338,-11738402,-11.738402
1779380478299879978,MATCHED,638,1779380478299879978,656,1779380478311626810,-11746832,-11.746832
1779380478333421370,MATCHED,639,1779380478333421370,657,1779380478344639693,-11218323,-11.218323
1779380478366434842,MATCHED,640,1779380478366434842,658,1779380478378099738,-11664896,-11.664896
1779380478399548960,MATCHED,641,1779380478399548960,659,1779380478411862558,-12313598,-12.313598
1779380478432493488,MATCHED,642,1779380478432493488,659,1779380478411862558,20630930,20.630930
1779380478467793973,MATCHED,643,1779380478467793973,660,1779380478464629657,3164316,3.164316
1779380478499224350,MATCHED,644,1779380478499224350,661,1779380478486381853,12842497,12.842497
1779380478532803094,MATCHED,645,1779380478532803094,663,1779380478544843137,-12040043,-12.040043
1779380478565806066,MATCHED,646,1779380478565806066,664,1779380478578056425,-12250359,-12.250359
1779380478599431290,MATCHED,647,1779380478599431290,665,1779380478603627177,-4195887,-4.195887
1779380478632459465,MATCHED,648,1779380478632459465,666,1779380478644488021,-12028556,-12.028556
1779380478666104153,MATCHED,649,1779380478666104153,667,1779380478678004936,-11900783,-11.900783
1779380478699108236,MATCHED,650,1779380478699108236,668,1779380478712251899,-13143663,-13.143663
1779380478732656535,MATCHED,651,1779380478732656535,669,1779380478745589316,-12932781,-12.932781
1779380478765603415,MATCHED,652,1779380478765603415,670,1779380478778774198,-13170783,-13.170783
1779380478798924272,MATCHED,653,1779380478798924272,671,1779380478812161262,-13236990,-13.236990
1779380478832766328,MATCHED,654,1779380478832766328,672,1779380478844613225,-11846897,-11.846897
1779380478865989168,MATCHED,655,1779380478865989168,673,1779380478878086603,-12097435,-12.097435
1779380478900428254,MATCHED,656,1779380478900428254,674,1779380478911357650,-10929396,-10.929396
1779380478932447681,MATCHED,657,1779380478932447681,675,1779380478944679808,-12232127,-12.232127
1779380478965468560,MATCHED,658,1779380478965468560,676,1779380478977906411,-12437851,-12.437851
1779380479000842229,MATCHED,659,1779380479000842229,677,1779380479013258234,-12416005,-12.416005
1779380479036966539,MATCHED,660,1779380479036966539,678,1779380479044793169,-7826630,-7.826630
1779380479067239761,MATCHED,661,1779380479067239761,679,1779380479077774533,-10534772,-10.534772
1779380479099657906,MATCHED,662,1779380479099657906,680,1779380479111108562,-11450656,-11.450656
1779380479131730757,MATCHED,663,1779380479131730757,681,1779380479144578366,-12847609,-12.847609
1779380479165132188,MATCHED,664,1779380479165132188,682,1779380479177823321,-12691133,-12.691133
1779380479198958429,MATCHED,665,1779380479198958429,683,1779380479211163756,-12205327,-12.205327
1779380479231528220,MATCHED,666,1779380479231528220,684,1779380479244615042,-13086822,-13.086822
1779380479264882966,MATCHED,667,1779380479264882966,685,1779380479277800349,-12917383,-12.917383
1779380479299638549,MATCHED,668,1779380479299638549,686,1779380479311037471,-11398922,-11.398922
1779380479331438107,MATCHED,669,1779380479331438107,687,1779380479345301897,-13863790,-13.863790
1779380479365874509,MATCHED,670,1779380479365874509,688,1779380479377808804,-11934295,-11.934295
1779380479398880369,MATCHED,671,1779380479398880369,689,1779380479411063740,-12183371,-12.183371
1779380479432070339,MATCHED,672,1779380479432070339,690,1779380479447011687,-14941348,-14.941348
1779380479465242420,MATCHED,673,1779380479465242420,691,1779380479477732278,-12489858,-12.489858
1779380479500583609,MATCHED,674,1779380479500583609,692,1779380479511122416,-10538807,-10.538807
1779380479531984708,MATCHED,675,1779380479531984708,693,1779380479544386297,-12401589,-12.401589
1779380479565195956,MATCHED,676,1779380479565195956,694,1779380479577870675,-12674719,-12.674719
1779380479598632608,MATCHED,677,1779380479598632608,695,1779380479611025927,-12393319,-12.393319
1779380479631886114,MATCHED,678,1779380479631886114,696,1779380479644330326,-12444212,-12.444212
1779380479665187879,MATCHED,679,1779380479665187879,697,1779380479677674280,-12486401,-12.486401
1779380479699562781,MATCHED,680,1779380479699562781,698,1779380479711113307,-11550526,-11.550526
1779380479731831557,MATCHED,681,1779380479731831557,699,1779380479744405242,-12573685,-12.573685
1779380479765065711,MATCHED,682,1779380479765065711,700,1779380479777730067,-12664356,-12.664356
1779380479798584344,MATCHED,683,1779380479798584344,701,1779380479810926152,-12341808,-12.341808
1779380479831712130,MATCHED,684,1779380479831712130,702,1779380479845706777,-13994647,-13.994647
1779380479866090013,MATCHED,685,1779380479866090013,703,1779380479877739262,-11649249,-11.649249
1779380479898454214,MATCHED,686,1779380479898454214,704,1779380479910879773,-12425559,-12.425559
1779380479931715072,MATCHED,687,1779380479931715072,705,1779380479944848962,-13133890,-13.133890
1779380479965114965,MATCHED,688,1779380479965114965,706,1779380479977540718,-12425753,-12.425753
1779380479999861771,MATCHED,689,1779380479999861771,707,1779380480011469592,-11607821,-11.607821
1779380480031676125,MATCHED,690,1779380480031676125,708,1779380480044364995,-12688870,-12.688870
1779380480064945687,MATCHED,691,1779380480064945687,709,1779380480077579820,-12634133,-12.634133
1779380480098502708,MATCHED,692,1779380480098502708,710,1779380480110875534,-12372826,-12.372826
1779380480130704540,MATCHED,693,1779380480130704540,711,1779380480144250099,-13545559,-13.545559
1779380480164913889,MATCHED,694,1779380480164913889,712,1779380480177428313,-12514424,-12.514424
1779380480198211839,MATCHED,695,1779380480198211839,713,1779380480210785989,-12574150,-12.574150
1779380480231594621,MATCHED,696,1779380480231594621,714,1779380480246042573,-14447952,-14.447952
1779380480265347919,MATCHED,697,1779380480265347919,715,1779380480277732505,-12384586,-12.384586
1779380480298638054,MATCHED,698,1779380480298638054,716,1779380480310781647,-12143593,-12.143593
1779380480331906708,MATCHED,699,1779380480331906708,717,1779380480344109935,-12203227,-12.203227
1779380480365571470,MATCHED,700,1779380480365571470,718,1779380480377396445,-11824975,-11.824975
1779380480398289500,MATCHED,701,1779380480398289500,719,1779380480410714288,-12424788,-12.424788
1779380480432088593,MATCHED,702,1779380480432088593,719,1779380480410714288,21374305,21.374305
1779380480468543344,MATCHED,703,1779380480468543344,720,1779380480460820468,7722876,7.722876
1779380480499018879,MATCHED,704,1779380480499018879,722,1779380480512309227,-13290348,-13.290348
1779380480534561528,MATCHED,705,1779380480534561528,723,1779380480544168547,-9607019,-9.607019
1779380480579263008,MATCHED,706,1779380480579263008,724,1779380480569327469,9935539,9.935539
1779380480614627622,MATCHED,707,1779380480614627622,725,1779380480610747233,3880389,3.880389
1779380480650917207,MATCHED,708,1779380480650917207,726,1779380480644664644,6252563,6.252563
1779380480668987131,MATCHED,709,1779380480668987131,727,1779380480680590444,-11603313,-11.603313
1779380480698126735,MATCHED,710,1779380480698126735,728,1779380480711587753,-13461018,-13.461018
1779380480732766245,MATCHED,711,1779380480732766245,729,1779380480744029846,-11263601,-11.263601
1779380480764724376,MATCHED,712,1779380480764724376,730,1779380480777197023,-12472647,-12.472647
1779380480798068048,MATCHED,713,1779380480798068048,731,1779380480810510181,-12442133,-12.442133
1779380480832920371,MATCHED,714,1779380480832920371,732,1779380480844582369,-11661998,-11.661998
1779380480865139907,MATCHED,715,1779380480865139907,733,1779380480878798814,-13658907,-13.658907
1779380480899071980,MATCHED,716,1779380480899071980,734,1779380480911591125,-12519145,-12.519145
1779380480931330330,MATCHED,717,1779380480931330330,735,1779380480944258271,-12927941,-12.927941
1779380480965341495,MATCHED,718,1779380480965341495,736,1779380480977408801,-12067306,-12.067306
1779380480998011840,MATCHED,719,1779380480998011840,737,1779380481010673811,-12661971,-12.661971
1779380481036067611,MATCHED,720,1779380481036067611,738,1779380481044945552,-8877941,-8.877941
1779380481066227816,MATCHED,721,1779380481066227816,739,1779380481080292727,-14064911,-14.064911
1779380481098154151,MATCHED,722,1779380481098154151,740,1779380481111371944,-13217793,-13.217793
1779380481130438704,MATCHED,723,1779380481130438704,741,1779380481144243661,-13804957,-13.804957
1779380481163645896,MATCHED,724,1779380481163645896,742,1779380481178543939,-14898043,-14.898043
1779380481197045290,MATCHED,725,1779380481197045290,743,1779380481210682997,-13637707,-13.637707
1779380481230591552,MATCHED,726,1779380481230591552,744,1779380481244843499,-14251947,-14.251947
1779380481264006483,MATCHED,727,1779380481264006483,745,1779380481278328970,-14322487,-14.322487
1779380481297364692,MATCHED,728,1779380481297364692,746,1779380481311363927,-13999235,-13.999235
1779380481330596661,MATCHED,729,1779380481330596661,747,1779380481344255477,-13658816,-13.658816
1779380481364466846,MATCHED,730,1779380481364466846,748,1779380481377119029,-12652183,-12.652183
1779380481397699149,MATCHED,731,1779380481397699149,749,1779380481410599166,-12900017,-12.900017
1779380481431780591,MATCHED,732,1779380481431780591,750,1779380481444908814,-13128223,-13.128223
1779380481464946320,MATCHED,733,1779380481464946320,751,1779380481478999687,-14053367,-14.053367
1779380481497892607,MATCHED,734,1779380481497892607,752,1779380481511416520,-13523913,-13.523913
1779380481531730126,MATCHED,735,1779380481531730126,753,1779380481544232683,-12502557,-12.502557
1779380481564627321,MATCHED,736,1779380481564627321,754,1779380481576987365,-12360044,-12.360044
1779380481597824532,MATCHED,737,1779380481597824532,755,1779380481610556983,-12732451,-12.732451
1779380481631065075,MATCHED,738,1779380481631065075,756,1779380481644949908,-13884833,-13.884833
1779380481664421710,MATCHED,739,1779380481664421710,757,1779380481677852996,-13431286,-13.431286
1779380481698107323,MATCHED,740,1779380481698107323,758,1779380481711323097,-13215774,-13.215774
1779380481731861157,MATCHED,741,1779380481731861157,759,1779380481744211147,-12349990,-12.349990
1779380481768287760,MATCHED,742,1779380481768287760,760,1779380481777062310,-8774550,-8.774550
1779380481798611778,MATCHED,743,1779380481798611778,761,1779380481810666705,-12054927,-12.054927
1779380481832170522,MATCHED,744,1779380481832170522,762,1779380481844945743,-12775221,-12.775221
1779380481866065540,MATCHED,745,1779380481866065540,763,1779380481877842516,-11776976,-11.776976
1779380481898400444,MATCHED,746,1779380481898400444,764,1779380481913710260,-15309816,-15.309816
1779380481931270584,MATCHED,747,1779380481931270584,765,1779380481944253630,-12983046,-12.983046
1779380481964420740,MATCHED,748,1779380481964420740,766,1779380481976939053,-12518313,-12.518313
1779380481996816958,MATCHED,749,1779380481996816958,767,1779380482010708577,-13891619,-13.891619
1779380482031053936,MATCHED,750,1779380482031053936,768,1779380482043653646,-12599710,-12.599710
1779380482066233033,MATCHED,751,1779380482066233033,769,1779380482076841564,-10608531,-10.608531
1779380482097684003,MATCHED,752,1779380482097684003,770,1779380482110278758,-12594755,-12.594755
1779380482130989804,MATCHED,753,1779380482130989804,771,1779380482143488342,-12498538,-12.498538
1779380482164717158,MATCHED,754,1779380482164717158,772,1779380482176840444,-12123286,-12.123286
1779380482198324753,MATCHED,755,1779380482198324753,773,1779380482210115288,-11790535,-11.790535
1779380482231614166,MATCHED,756,1779380482231614166,774,1779380482244984245,-13370079,-13.370079
1779380482264822654,MATCHED,757,1779380482264822654,775,1779380482277564818,-12742164,-12.742164
1779380482297525222,MATCHED,758,1779380482297525222,776,1779380482313201379,-15676157,-15.676157
1779380482330849968,MATCHED,759,1779380482330849968,777,1779380482344378854,-13528886,-13.528886
1779380482366026399,MATCHED,760,1779380482366026399,778,1779380482376816242,-10789843,-10.789843
1779380482397949530,MATCHED,761,1779380482397949530,779,1779380482411250278,-13300748,-13.300748
1779380482430790170,MATCHED,762,1779380482430790170,779,1779380482411250278,19539892,19.539892
1779380482466530965,MATCHED,763,1779380482466530965,780,1779380482461149442,5381523,5.381523
1779380482497564309,MATCHED,764,1779380482497564309,781,1779380482483935868,13628441,13.628441
1779380482531257625,MATCHED,765,1779380482531257625,783,1779380482543655214,-12397589,-12.397589
1779380482564074247,MATCHED,766,1779380482564074247,784,1779380482576586079,-12511832,-12.511832
1779380482597433623,MATCHED,767,1779380482597433623,785,1779380482609942274,-12508651,-12.508651
1779380482630685370,MATCHED,768,1779380482630685370,786,1779380482636727310,-6041940,-6.041940
1779380482664559036,MATCHED,769,1779380482664559036,787,1779380482677429026,-12869990,-12.869990
1779380482697330714,MATCHED,770,1779380482697330714,788,1779380482711612138,-14281424,-14.281424
1779380482734826102,MATCHED,771,1779380482734826102,789,1779380482744108044,-9281942,-9.281942
1779380482766380274,MATCHED,772,1779380482766380274,790,1779380482777373814,-10993540,-10.993540
1779380482797373193,MATCHED,773,1779380482797373193,791,1779380482810726934,-13353741,-13.353741
1779380482830773771,MATCHED,774,1779380482830773771,792,1779380482843916334,-13142563,-13.142563
1779380482864103610,MATCHED,775,1779380482864103610,793,1779380482877510415,-13406805,-13.406805
1779380482898126664,MATCHED,776,1779380482898126664,794,1779380482910563576,-12436912,-12.436912
1779380482932370882,MATCHED,777,1779380482932370882,795,1779380482944200841,-11829959,-11.829959
1779380482965508260,MATCHED,778,1779380482965508260,796,1779380482976442750,-10934490,-10.934490
1779380482998502065,MATCHED,779,1779380482998502065,797,1779380483009845667,-11343602,-11.343602
1779380483037080090,MATCHED,780,1779380483037080090,798,1779380483045233712,-8153622,-8.153622
1779380483067143037,MATCHED,781,1779380483067143037,799,1779380483077460917,-10317880,-10.317880
1779380483099270944,MATCHED,782,1779380483099270944,800,1779380483110763668,-11492724,-11.492724
1779380483135260440,MATCHED,783,1779380483135260440,801,1779380483145836253,-10575813,-10.575813
1779380483166415116,MATCHED,784,1779380483166415116,802,1779380483176621731,-10206615,-10.206615
1779380483202327928,MATCHED,785,1779380483202327928,803,1779380483209892482,-7564554,-7.564554
1779380483234146282,MATCHED,786,1779380483234146282,804,1779380483244913864,-10767582,-10.767582
1779380483268756275,MATCHED,787,1779380483268756275,805,1779380483277432382,-8676107,-8.676107
1779380483301138864,MATCHED,788,1779380483301138864,806,1779380483310628763,-9489899,-9.489899
1779380483334872458,MATCHED,789,1779380483334872458,807,1779380483344206937,-9334479,-9.334479
1779380483367906688,MATCHED,790,1779380483367906688,808,1779380483376477938,-8571250,-8.571250
1779380483403274950,MATCHED,791,1779380483403274950,809,1779380483409740633,-6465683,-6.465683
1779380483435008584,MATCHED,792,1779380483435008584,810,1779380483443507046,-8498462,-8.498462
1779380483466108223,MATCHED,793,1779380483466108223,811,1779380483477237107,-11128884,-11.128884
1779380483497778190,MATCHED,794,1779380483497778190,812,1779380483510657171,-12878981,-12.878981
1779380483531597357,MATCHED,795,1779380483531597357,813,1779380483545274261,-13676904,-13.676904
1779380483568779267,MATCHED,796,1779380483568779267,814,1779380483576266182,-7486915,-7.486915
1779380483599885888,MATCHED,797,1779380483599885888,815,1779380483609646080,-9760192,-9.760192
1779380483634141328,MATCHED,798,1779380483634141328,816,1779380483643886544,-9745216,-9.745216
1779380483672587707,MATCHED,799,1779380483672587707,817,1779380483676484172,-3896465,-3.896465
1779380483700941227,MATCHED,800,1779380483700941227,818,1779380483709886199,-8944972,-8.944972
1779380483738956295,MATCHED,801,1779380483738956295,819,1779380483748723340,-9767045,-9.767045
1779380483768518284,MATCHED,802,1779380483768518284,820,1779380483779156841,-10638557,-10.638557
1779380483802790705,MATCHED,803,1779380483802790705,821,1779380483810563721,-7773016,-7.773016
1779380483833808698,MATCHED,804,1779380483833808698,822,1779380483846562538,-12753840,-12.753840
1779380483866264194,MATCHED,805,1779380483866264194,823,1779380483876565728,-10301534,-10.301534
1779380483900086379,MATCHED,806,1779380483900086379,824,1779380483909756442,-9670063,-9.670063
1779380483934703612,MATCHED,807,1779380483934703612,825,1779380483943028212,-8324600,-8.324600
1779380483968086487,MATCHED,808,1779380483968086487,826,1779380483976298166,-8211679,-8.211679
1779380484001295771,MATCHED,809,1779380484001295771,827,1779380484010184189,-8888418,-8.888418
1779380484032493669,MATCHED,810,1779380484032493669,828,1779380484043426699,-10933030,-10.933030
1779380484068324519,MATCHED,811,1779380484068324519,829,1779380484076515304,-8190785,-8.190785
1779380484098850776,MATCHED,812,1779380484098850776,830,1779380484109730148,-10879372,-10.879372
1779380484130776018,MATCHED,813,1779380484130776018,831,1779380484143173527,-12397509,-12.397509
1779380484164440298,MATCHED,814,1779380484164440298,832,1779380484176361186,-11920888,-11.920888
1779380484199104771,MATCHED,815,1779380484199104771,833,1779380484209546252,-10441481,-10.441481
1779380484233384322,MATCHED,816,1779380484233384322,834,1779380484242812114,-9427792,-9.427792
1779380484263966171,MATCHED,817,1779380484263966171,835,1779380484278577100,-14610929,-14.610929
1779380484297371546,MATCHED,818,1779380484297371546,836,1779380484309455096,-12083550,-12.083550
1779380484330724107,MATCHED,819,1779380484330724107,837,1779380484342834642,-12110535,-12.110535
1779380484363994150,MATCHED,820,1779380484363994150,838,1779380484376214577,-12220427,-12.220427
1779380484396907178,MATCHED,821,1779380484396907178,839,1779380484409494995,-12587817,-12.587817
1779380484430143869,MATCHED,822,1779380484430143869,839,1779380484409494995,20648874,20.648874
1779380484463806483,MATCHED,823,1779380484463806483,840,1779380484461860597,1945886,1.945886
1779380484496886231,MATCHED,824,1779380484496886231,841,1779380484483772995,13113236,13.113236
1779380484531622278,MATCHED,825,1779380484531622278,843,1779380484542824811,-11202533,-11.202533
1779380484564201606,MATCHED,826,1779380484564201606,844,1779380484569107926,-4906320,-4.906320
1779380484598588267,MATCHED,827,1779380484598588267,845,1779380484608132639,-9544372,-9.544372
1779380484634407543,MATCHED,828,1779380484634407543,846,1779380484633346394,1061149,1.061149
1779380484666307730,MATCHED,829,1779380484666307730,847,1779380484667750893,-1443163,-1.443163
1779380484697215723,MATCHED,830,1779380484697215723,848,1779380484708813457,-11597734,-11.597734
1779380484731106741,MATCHED,831,1779380484731106741,849,1779380484741428733,-10321992,-10.321992
1779380484765249164,MATCHED,832,1779380484765249164,850,1779380484764326307,922857,0.922857
1779380484796942446,MATCHED,833,1779380484796942446,851,1779380484797350282,-407836,-0.407836
1779380484829704531,MATCHED,834,1779380484829704531,852,1779380484825804654,3899877,3.899877
1779380484862985019,MATCHED,835,1779380484862985019,853,1779380484861065904,1919115,1.919115
1779380484896813797,MATCHED,836,1779380484896813797,854,1779380484901225903,-4412106,-4.412106
1779380484929595715,MATCHED,837,1779380484929595715,855,1779380484943559732,-13964017,-13.964017
1779380484962961072,MATCHED,838,1779380484962961072,856,1779380484964419567,-1458495,-1.458495
1779380484996672962,MATCHED,839,1779380484996672962,857,1779380484989587637,7085325,7.085325
1779380485034422922,MATCHED,840,1779380485034422922,859,1779380485047833071,-13410149,-13.410149
1779380485064690737,MATCHED,841,1779380485064690737,859,1779380485047833071,16857666,16.857666
1779380485096434166,MATCHED,842,1779380485096434166,860,1779380485082337680,14096486,14.096486
1779380485129017994,MATCHED,843,1779380485129017994,861,1779380485120532624,8485370,8.485370
1779380485161980244,MATCHED,844,1779380485161980244,862,1779380485152874569,9105675,9.105675
1779380485195530118,MATCHED,845,1779380485195530118,863,1779380485187026867,8503251,8.503251
1779380485230440699,MATCHED,846,1779380485230440699,864,1779380485218349507,12091192,12.091192
1779380485262493607,MATCHED,847,1779380485262493607,865,1779380485253654479,8839128,8.839128
1779380485295491949,MATCHED,848,1779380485295491949,866,1779380485285088970,10402979,10.402979
1779380485328949342,MATCHED,849,1779380485328949342,867,1779380485319941890,9007452,9.007452
1779380485362232292,MATCHED,850,1779380485362232292,868,1779380485351455973,10776319,10.776319
1779380485395617982,MATCHED,851,1779380485395617982,869,1779380485385457013,10160969,10.160969
1779380485429851978,MATCHED,852,1779380485429851978,870,1779380485414380084,15471894,15.471894
1779380485463222687,MATCHED,853,1779380485463222687,871,1779380485449385281,13837406,13.837406
1779380485496466638,MATCHED,854,1779380485496466638,872,1779380485482943066,13523572,13.523572
1779380485531056037,MATCHED,855,1779380485531056037,873,1779380485514717869,16338168,16.338168
1779380485563013594,MATCHED,856,1779380485563013594,874,1779380485549651196,13362398,13.362398
1779380485595995085,MATCHED,857,1779380485595995085,875,1779380485581321259,14673826,14.673826
1779380485629293757,MATCHED,858,1779380485629293757,876,1779380485616720915,12572842,12.572842
1779380485675398019,MATCHED,859,1779380485675398019,878,1779380485681104363,-5706344,-5.706344
1779380485710904927,MATCHED,860,1779380485710904927,879,1779380485717834895,-6929968,-6.929968
1779380485747221272,MATCHED,861,1779380485747221272,880,1779380485747713457,-492185,-0.492185
1779380485783158713,MATCHED,862,1779380485783158713,881,1779380485783364629,-205916,-0.205916
1779380485816249851,MATCHED,863,1779380485816249851,882,1779380485815054710,1195141,1.195141
1779380485851409078,MATCHED,864,1779380485851409078,883,1779380485849729558,1679520,1.679520
1779380485883345857,MATCHED,865,1779380485883345857,884,1779380485881425713,1920144,1.920144
1779380485913742356,MATCHED,866,1779380485913742356,885,1779380485917201014,-3458658,-3.458658
1779380485947067972,MATCHED,867,1779380485947067972,886,1779380485949040038,-1972066,-1.972066
1779380485980411478,MATCHED,868,1779380485980411478,887,1779380485982117383,-1705905,-1.705905
1779380486013756724,MATCHED,869,1779380486013756724,888,1779380486017818055,-4061331,-4.061331
1779380486048881822,MATCHED,870,1779380486048881822,889,1779380486048109372,772450,0.772450
1779380486079443430,MATCHED,871,1779380486079443430,890,1779380486082839590,-3396160,-3.396160
1779380486114093718,MATCHED,872,1779380486114093718,891,1779380486115923398,-1829680,-1.829680
1779380486147063283,MATCHED,873,1779380486147063283,892,1779380486148140548,-1077265,-1.077265
1779380486180446306,MATCHED,874,1779380486180446306,893,1779380486182849211,-2402905,-2.402905
1779380486213978643,MATCHED,875,1779380486213978643,894,1779380486214689772,-711129,-0.711129
1779380486247506276,MATCHED,876,1779380486247506276,895,1779380486248337408,-831132,-0.831132
1779380486279311445,MATCHED,877,1779380486279311445,896,1779380486283112533,-3801088,-3.801088
1779380486311329427,MATCHED,878,1779380486311329427,897,1779380486315636939,-4307512,-4.307512
1779380486344530767,MATCHED,879,1779380486344530767,898,1779380486348247326,-3716559,-3.716559
1779380486378367415,MATCHED,880,1779380486378367415,899,1779380486381919944,-3552529,-3.552529
1779380486411633236,MATCHED,881,1779380486411633236,900,1779380486432770431,-21137195,-21.137195
1779380486444638782,MATCHED,882,1779380486444638782,901,1779380486454292426,-9653644,-9.653644
1779380486479546512,MATCHED,883,1779380486479546512,902,1779380486482087878,-2541366,-2.541366
1779380486514046838,MATCHED,884,1779380486514046838,903,1779380486514440156,-393318,-0.393318
1779380486547724822,MATCHED,885,1779380486547724822,904,1779380486546273995,1450827,1.450827
1779380486582161001,MATCHED,886,1779380486582161001,905,1779380486579966094,2194907,2.194907
1779380486613885782,MATCHED,887,1779380486613885782,906,1779380486613081142,804640,0.804640
1779380486647489155,MATCHED,888,1779380486647489155,907,1779380486646217376,1271779,1.271779
1779380486683729556,MATCHED,889,1779380486683729556,908,1779380486680371878,3357678,3.357678
1779380486715496004,MATCHED,890,1779380486715496004,909,1779380486714268048,1227956,1.227956
1779380486748149090,MATCHED,891,1779380486748149090,910,1779380486747529855,619235,0.619235
1779380486774143968,MATCHED,892,1779380486774143968,911,1779380486780710051,-6566083,-6.566083
1779380486796697326,MATCHED,893,1779380486796697326,911,1779380486780710051,15987275,15.987275
1779380486829464523,MATCHED,894,1779380486829464523,912,1779380486814084893,15379630,15.379630
1779380486864847933,MATCHED,895,1779380486864847933,914,1779380486880654913,-15806980,-15.806980
1779380486896052627,MATCHED,896,1779380486896052627,914,1779380486880654913,15397714,15.397714
1779380486929911664,MATCHED,897,1779380486929911664,915,1779380486915662888,14248776,14.248776
1779380486963037579,MATCHED,898,1779380486963037579,916,1779380486947742465,15295114,15.295114
1779380486995813016,MATCHED,899,1779380486995813016,917,1779380486980868014,14945002,14.945002
1779380487033576790,MATCHED,900,1779380487033576790,919,1779380487047610458,-14033668,-14.033668
1779380487063744106,MATCHED,901,1779380487063744106,919,1779380487047610458,16133648,16.133648
1779380487095523702,MATCHED,902,1779380487095523702,920,1779380487080539712,14983990,14.983990
1779380487128169696,MATCHED,903,1779380487128169696,921,1779380487115771018,12398678,12.398678
1779380487161115002,MATCHED,904,1779380487161115002,922,1779380487148014927,13100075,13.100075
1779380487195235036,MATCHED,905,1779380487195235036,923,1779380487180564537,14670499,14.670499
1779380487228429080,MATCHED,906,1779380487228429080,924,1779380487214945073,13484007,13.484007
1779380487262246561,MATCHED,907,1779380487262246561,925,1779380487249387905,12858656,12.858656
1779380487295299107,MATCHED,908,1779380487295299107,926,1779380487281993514,13305593,13.305593
1779380487328021563,MATCHED,909,1779380487328021563,927,1779380487314564587,13456976,13.456976
1779380487361422327,MATCHED,910,1779380487361422327,928,1779380487348647959,12774368,12.774368
1779380487394819813,MATCHED,911,1779380487394819813,929,1779380487380724388,14095425,14.095425
1779380487428479019,MATCHED,912,1779380487428479019,930,1779380487414920093,13558926,13.558926
1779380487461940726,MATCHED,913,1779380487461940726,931,1779380487448451508,13489218,13.489218
1779380487495293046,MATCHED,914,1779380487495293046,932,1779380487480679621,14613425,14.613425
1779380487528798291,MATCHED,915,1779380487528798291,933,1779380487515385358,13412933,13.412933
1779380487563307673,MATCHED,916,1779380487563307673,934,1779380487548264520,15043153,15.043153
1779380487595273563,MATCHED,917,1779380487595273563,935,1779380487580397930,14875633,14.875633
1779380487628518680,MATCHED,918,1779380487628518680,936,1779380487615867123,12651557,12.651557
1779380487662149294,MATCHED,919,1779380487662149294,937,1779380487648167346,13981948,13.981948
1779380487695214043,MATCHED,920,1779380487695214043,938,1779380487681811445,13402598,13.402598
1779380487728338735,MATCHED,921,1779380487728338735,939,1779380487713874170,14464565,14.464565
1779380487761990774,MATCHED,922,1779380487761990774,940,1779380487747929562,14061212,14.061212
1779380487795194837,MATCHED,923,1779380487795194837,941,1779380487782210858,12983979,12.983979
1779380487828356418,MATCHED,924,1779380487828356418,942,1779380487814917855,13438563,13.438563
1779380487861565536,MATCHED,925,1779380487861565536,943,1779380487847681352,13884184,13.884184
1779380487895017855,MATCHED,926,1779380487895017855,944,1779380487880948695,14069160,14.069160
1779380487928417507,MATCHED,927,1779380487928417507,945,1779380487914880273,13537234,13.537234
1779380487961579552,MATCHED,928,1779380487961579552,946,1779380487947011183,14568369,14.568369
1779380487995920213,MATCHED,929,1779380487995920213,947,1779380487981845104,14075109,14.075109
1779380488028728391,MATCHED,930,1779380488028728391,948,1779380488013714369,15014022,15.014022
1779380488061550827,MATCHED,931,1779380488061550827,949,1779380488047172543,14378284,14.378284
1779380488097545879,MATCHED,932,1779380488097545879,950,1779380488083661430,13884449,13.884449
1779380488128772129,MATCHED,933,1779380488128772129,951,1779380488114998255,13773874,13.773874
1779380488161492455,MATCHED,934,1779380488161492455,952,1779380488146543541,14948914,14.948914
1779380488195112976,MATCHED,935,1779380488195112976,953,1779380488180686765,14426211,14.426211
1779380488228348353,MATCHED,936,1779380488228348353,954,1779380488213038969,15309384,15.309384
1779380488261449638,MATCHED,937,1779380488261449638,955,1779380488247354932,14094706,14.094706
1779380488295191158,MATCHED,938,1779380488295191158,956,1779380488279826098,15365060,15.365060
1779380488328063205,MATCHED,939,1779380488328063205,957,1779380488314316448,13746757,13.746757
1779380488361725263,MATCHED,940,1779380488361725263,958,1779380488346154861,15570402,15.570402
1779380488395753020,MATCHED,941,1779380488395753020,959,1779380488380843543,14909477,14.909477
1779380488427996648,MATCHED,942,1779380488427996648,960,1779380488425295444,2701204,2.701204
1779380488461458782,MATCHED,943,1779380488461458782,961,1779380488449071509,12387273,12.387273
1779380488494888138,MATCHED,944,1779380488494888138,962,1779380488480286947,14601191,14.601191
1779380488527880721,MATCHED,945,1779380488527880721,963,1779380488511659475,16221246,16.221246
1779380488561209152,MATCHED,946,1779380488561209152,964,1779380488545849477,15359675,15.359675
1779380488596136623,MATCHED,947,1779380488596136623,966,1779380488611393025,-15256402,-15.256402
1779380488629171798,MATCHED,948,1779380488629171798,967,1779380488644773349,-15601551,-15.601551
1779380488661177632,MATCHED,949,1779380488661177632,967,1779380488644773349,16404283,16.404283
1779380488695052169,MATCHED,950,1779380488695052169,968,1779380488678048600,17003569,17.003569
1779380488728314878,MATCHED,951,1779380488728314878,969,1779380488712295026,16019852,16.019852
1779380488761305035,MATCHED,952,1779380488761305035,970,1779380488745571055,15733980,15.733980
1779380488795484143,MATCHED,953,1779380488795484143,971,1779380488780151460,15332683,15.332683
1779380488829553345,MATCHED,954,1779380488829553345,973,1779380488845461492,-15908147,-15.908147
1779380488862127062,MATCHED,955,1779380488862127062,974,1779380488878789724,-16662662,-16.662662
1779380488895415067,MATCHED,956,1779380488895415067,974,1779380488878789724,16625343,16.625343
1779380488936331994,MATCHED,957,1779380488936331994,976,1779380488946291938,-9959944,-9.959944
1779380488962359075,MATCHED,958,1779380488962359075,976,1779380488946291938,16067137,16.067137
1779380488995077846,MATCHED,959,1779380488995077846,977,1779380488980368237,14709609,14.709609
1779380489032742658,MATCHED,960,1779380489032742658,979,1779380489046435039,-13692381,-13.692381
1779380489062954196,MATCHED,961,1779380489062954196,979,1779380489046435039,16519157,16.519157
1779380489095530432,MATCHED,962,1779380489095530432,980,1779380489079975973,15554459,15.554459
1779380489127272343,MATCHED,963,1779380489127272343,981,1779380489112670711,14601632,14.601632
1779380489160159334,MATCHED,964,1779380489160159334,982,1779380489146119423,14039911,14.039911
1779380489194024001,MATCHED,965,1779380489194024001,983,1779380489181150286,12873715,12.873715
1779380489227389135,MATCHED,966,1779380489227389135,984,1779380489212517333,14871802,14.871802
1779380489260619438,MATCHED,967,1779380489260619438,985,1779380489246433337,14186101,14.186101
1779380489293983406,MATCHED,968,1779380489293983406,986,1779380489279294222,14689184,14.689184
1779380489327249264,MATCHED,969,1779380489327249264,987,1779380489312557065,14692199,14.692199
1779380489360572788,MATCHED,970,1779380489360572788,988,1779380489345805872,14766916,14.766916
1779380489393947034,MATCHED,971,1779380489393947034,989,1779380489379573192,14373842,14.373842
1779380489427608499,MATCHED,972,1779380489427608499,990,1779380489412488428,15120071,15.120071
1779380489460905671,MATCHED,973,1779380489460905671,991,1779380489446614559,14291112,14.291112
1779380489494467063,MATCHED,974,1779380489494467063,992,1779380489479024392,15442671,15.442671
1779380489527640755,MATCHED,975,1779380489527640755,993,1779380489512555770,15084985,15.084985
1779380489561236591,MATCHED,976,1779380489561236591,994,1779380489546028241,15208350,15.208350
1779380489594279988,MATCHED,977,1779380489594279988,995,1779380489579402250,14877738,14.877738
1779380489629096256,MATCHED,978,1779380489629096256,996,1779380489613546659,15549597,15.549597
1779380489660766797,MATCHED,979,1779380489660766797,997,1779380489645695773,15071024,15.071024
1779380489694316078,MATCHED,980,1779380489694316078,998,1779380489679249651,15066427,15.066427
1779380489729791524,MATCHED,981,1779380489729791524,999,1779380489712727048,17064476,17.064476
1779380489760767813,MATCHED,982,1779380489760767813,1000,1779380489747154713,13613100,13.613100
1779380489794072634,MATCHED,983,1779380489794072634,1001,1779380489779019015,15053619,15.053619
1779380489827300622,MATCHED,984,1779380489827300622,1002,1779380489813550679,13749943,13.749943
1779380489860542647,MATCHED,985,1779380489860542647,1003,1779380489845816681,14725966,14.725966
1779380489893963429,MATCHED,986,1779380489893963429,1004,1779380489880235569,13727860,13.727860
1779380489929246840,MATCHED,987,1779380489929246840,1006,1779380489945701821,-16454981,-16.454981
1779380489960573477,MATCHED,988,1779380489960573477,1006,1779380489945701821,14871656,14.871656
1779380489993915834,MATCHED,989,1779380489993915834,1007,1779380490006942689,-13026855,-13.026855
1779380490027243895,MATCHED,990,1779380490027243895,1008,1779380490041150987,-13907092,-13.907092
1779380490059682095,MATCHED,991,1779380490059682095,1009,1779380490074527088,-14844993,-14.844993
1779380490094153830,MATCHED,992,1779380490094153830,1010,1779380490107583175,-13429345,-13.429345
1779380490128185883,MATCHED,993,1779380490128185883,1011,1779380490140853370,-12667487,-12.667487
1779380490160585306,MATCHED,994,1779380490160585306,1012,1779380490174148435,-13563129,-13.563129
1779380490193925144,MATCHED,995,1779380490193925144,1013,1779380490207511667,-13586523,-13.586523
1779380490227263687,MATCHED,996,1779380490227263687,1014,1779380490240847787,-13584100,-13.584100
1779380490261806457,MATCHED,997,1779380490261806457,1015,1779380490274117057,-12310600,-12.310600
1779380490294240491,MATCHED,998,1779380490294240491,1016,1779380490310017338,-15776847,-15.776847
1779380490327237925,MATCHED,999,1779380490327237925,1017,1779380490340793316,-13555391,-13.555391
1779380490363017035,MATCHED,1000,1779380490363017035,1018,1779380490374192603,-11175568,-11.175568
1779380490394290988,MATCHED,1001,1779380490394290988,1019,1779380490407444650,-13153662,-13.153662
1779380490428659945,MATCHED,1002,1779380490428659945,1019,1779380490407444650,21215295,21.215295
1779380490462053228,MATCHED,1003,1779380490462053228,1020,1779380490457289259,4763969,4.763969
1779380490496166410,MATCHED,1004,1779380490496166410,1022,1779380490508273523,-12107113,-12.107113
1779380490528546981,MATCHED,1005,1779380490528546981,1023,1779380490540738596,-12191615,-12.191615
1779380490560874960,MATCHED,1006,1779380490560874960,1024,1779380490565401319,-4526359,-4.526359
1779380490595753949,MATCHED,1007,1779380490595753949,1025,1779380490596935643,-1181694,-1.181694
1779380490627682802,MATCHED,1008,1779380490627682802,1026,1779380490631027719,-3344917,-3.344917
1779380490660503017,MATCHED,1009,1779380490660503017,1027,1779380490665455792,-4952775,-4.952775
1779380490694381831,MATCHED,1010,1779380490694381831,1028,1779380490708024897,-13643066,-13.643066
1779380490728943139,MATCHED,1011,1779380490728943139,1029,1779380490740491118,-11547979,-11.547979
1779380490761501208,MATCHED,1012,1779380490761501208,1030,1779380490773895053,-12393845,-12.393845
1779380490797157874,MATCHED,1013,1779380490797157874,1031,1779380490807107156,-9949282,-9.949282
1779380490828890248,MATCHED,1014,1779380490828890248,1032,1779380490840489832,-11599584,-11.599584
1779380490862090996,MATCHED,1015,1779380490862090996,1033,1779380490873999118,-11908122,-11.908122
1779380490893788185,MATCHED,1016,1779380490893788185,1034,1779380490909564365,-15776180,-15.776180
1779380490927936607,MATCHED,1017,1779380490927936607,1035,1779380490940636748,-12700141,-12.700141
1779380490961166114,MATCHED,1018,1779380490961166114,1036,1779380490973846722,-12680608,-12.680608
1779380490994062865,MATCHED,1019,1779380490994062865,1037,1779380491007175102,-13112237,-13.112237
1779380491032256060,MATCHED,1020,1779380491032256060,1038,1779380491040511074,-8255014,-8.255014
1779380491062156064,MATCHED,1021,1779380491062156064,1039,1779380491073766121,-11610057,-11.610057
1779380491094304600,MATCHED,1022,1779380491094304600,1040,1779380491107143279,-12838679,-12.838679
1779380491127872233,MATCHED,1023,1779380491127872233,1041,1779380491140412881,-12540648,-12.540648
1779380491161607605,MATCHED,1024,1779380491161607605,1042,1779380491173761983,-12154378,-12.154378
1779380491194620280,MATCHED,1025,1779380491194620280,1043,1779380491207037882,-12417602,-12.417602
1779380491227287033,MATCHED,1026,1779380491227287033,1044,1779380491240455224,-13168191,-13.168191
1779380491261546418,MATCHED,1027,1779380491261546418,1045,1779380491273662865,-12116447,-12.116447
1779380491294645259,MATCHED,1028,1779380491294645259,1046,1779380491306866653,-12221394,-12.221394
1779380491326636334,MATCHED,1029,1779380491326636334,1047,1779380491341521335,-14885001,-14.885001
1779380491361570156,MATCHED,1030,1779380491361570156,1048,1779380491372660477,-11090321,-11.090321
1779380491393094217,MATCHED,1031,1779380491393094217,1049,1779380491402820943,-9726726,-9.726726
1779380491426448055,MATCHED,1032,1779380491426448055,1050,1779380491426058384,389671,0.389671
1779380491460236741,MATCHED,1033,1779380491460236741,1051,1779380491460486809,-250068,-0.250068
1779380491492927105,MATCHED,1034,1779380491492927105,1052,1779380491506364159,-13437054,-13.437054
1779380491526815716,MATCHED,1035,1779380491526815716,1053,1779380491533691561,-6875845,-6.875845
1779380491561301117,MATCHED,1036,1779380491561301117,1054,1779380491576032131,-14731014,-14.731014
1779380491593030528,MATCHED,1037,1779380491593030528,1055,1779380491605979469,-12948941,-12.948941
1779380491626325163,MATCHED,1038,1779380491626325163,1056,1779380491631639239,-5314076,-5.314076
1779380491660186941,MATCHED,1039,1779380491660186941,1057,1779380491673401296,-13214355,-13.214355
1779380491694710045,MATCHED,1040,1779380491694710045,1058,1779380491690204096,4505949,4.505949
1779380491726876970,MATCHED,1041,1779380491726876970,1059,1779380491714007605,12869365,12.869365
1779380491761127243,MATCHED,1042,1779380491761127243,1060,1779380491747108784,14018459,14.018459
1779380491811058595,MATCHED,1043,1779380491811058595,1062,1779380491812402409,-1343814,-1.343814
1779380491844725930,MATCHED,1044,1779380491844725930,1063,1779380491847523845,-2797915,-2.797915
1779380491880340634,MATCHED,1045,1779380491880340634,1064,1779380491880365119,-24485,-0.024485
1779380491915895487,MATCHED,1046,1779380491915895487,1065,1779380491913119171,2776316,2.776316
1779380491948811885,MATCHED,1047,1779380491948811885,1066,1779380491947938110,873775,0.873775
1779380491979875247,MATCHED,1048,1779380491979875247,1067,1779380491980866346,-991099,-0.991099
1779380492013341714,MATCHED,1049,1779380492013341714,1068,1779380492013887303,-545589,-0.545589
1779380492045273438,MATCHED,1050,1779380492045273438,1069,1779380492047756492,-2483054,-2.483054
1779380492080022540,MATCHED,1051,1779380492080022540,1070,1779380492078765987,1256553,1.256553
1779380492111744080,MATCHED,1052,1779380492111744080,1071,1779380492113234727,-1490647,-1.490647
1779380492143860673,MATCHED,1053,1779380492143860673,1072,1779380492147750132,-3889459,-3.889459
1779380492177977040,MATCHED,1054,1779380492177977040,1073,1779380492180621442,-2644402,-2.644402
1779380492210225001,MATCHED,1055,1779380492210225001,1074,1779380492212002637,-1777636,-1.777636
1779380492244630310,MATCHED,1056,1779380492244630310,1075,1779380492246698986,-2068676,-2.068676
1779380492277909853,MATCHED,1057,1779380492277909853,1076,1779380492278628435,-718582,-0.718582
1779380492311455134,MATCHED,1058,1779380492311455134,1077,1779380492313631224,-2176090,-2.176090
1779380492344713937,MATCHED,1059,1779380492344713937,1078,1779380492345798523,-1084586,-1.084586
1779380492376967675,MATCHED,1060,1779380492376967675,1079,1779380492380449371,-3481696,-3.481696
1779380492410973915,MATCHED,1061,1779380492410973915,1080,1779380492430143907,-19169992,-19.169992
1779380492444500270,MATCHED,1062,1779380492444500270,1081,1779380492451278146,-6777876,-6.777876
1779380492477781924,MATCHED,1063,1779380492477781924,1082,1779380492479486187,-1704263,-1.704263
1779380492511147410,MATCHED,1064,1779380492511147410,1083,1779380492511605819,-458409,-0.458409
1779380492544496527,MATCHED,1065,1779380492544496527,1084,1779380492543327141,1169386,1.169386
1779380492578120640,MATCHED,1066,1779380492578120640,1085,1779380492576452801,1667839,1.667839
1779380492616371280,MATCHED,1067,1779380492616371280,1086,1779380492609768347,6602933,6.602933
1779380492647139312,MATCHED,1068,1779380492647139312,1087,1779380492643371650,3767662,3.767662
1779380492679457217,MATCHED,1069,1779380492679457217,1088,1779380492676696567,2760650,2.760650
1779380492715678747,MATCHED,1070,1779380492715678747,1089,1779380492710917865,4760882,4.760882
1779380492744378245,MATCHED,1071,1779380492744378245,1090,1779380492744331410,46835,0.046835
1779380492779974079,MATCHED,1072,1779380492779974079,1091,1779380492777573124,2400955,2.400955
1779380492811484252,MATCHED,1073,1779380492811484252,1092,1779380492810951078,533174,0.533174
1779380492845041699,MATCHED,1074,1779380492845041699,1093,1779380492845330207,-288508,-0.288508
1779380492876548353,MATCHED,1075,1779380492876548353,1094,1779380492877732411,-1184058,-1.184058
1779380492912025484,MATCHED,1076,1779380492912025484,1095,1779380492910946921,1078563,1.078563
1779380492943625174,MATCHED,1077,1779380492943625174,1096,1779380492944270190,-645016,-0.645016
1779380492978916956,MATCHED,1078,1779380492978916956,1097,1779380492978020677,896279,0.896279
1779380493016411659,MATCHED,1079,1779380493016411659,1098,1779380493011063226,5348433,5.348433
1779380493051656440,MATCHED,1080,1779380493051656440,1099,1779380493044231238,7425202,7.425202
1779380493079223487,MATCHED,1081,1779380493079223487,1100,1779380493080269462,-1045975,-1.045975
1779380493099456925,MATCHED,1082,1779380493099456925,1101,1779380493111596713,-12139788,-12.139788
1779380493127048786,MATCHED,1083,1779380493127048786,1101,1779380493111596713,15452073,15.452073
1779380493159781279,MATCHED,1084,1779380493159781279,1102,1779380493144693539,15087740,15.087740
1779380493192263812,MATCHED,1085,1779380493192263812,1103,1779380493178357434,13906378,13.906378
1779380493225310117,MATCHED,1086,1779380493225310117,1104,1779380493211470131,13839986,13.839986
1779380493258637196,MATCHED,1087,1779380493258637196,1105,1779380493245709076,12928120,12.928120
1779380493291965165,MATCHED,1088,1779380493291965165,1106,1779380493278163206,13801959,13.801959
1779380493326336493,MATCHED,1089,1779380493326336493,1107,1779380493310818407,15518086,15.518086
1779380493359043819,MATCHED,1090,1779380493359043819,1108,1779380493344698911,14344908,14.344908
1779380493393320685,MATCHED,1091,1779380493393320685,1109,1779380493379980828,13339857,13.339857
1779380493425775367,MATCHED,1092,1779380493425775367,1110,1779380493411319431,14455936,14.455936
1779380493458849282,MATCHED,1093,1779380493458849282,1111,1779380493444968826,13880456,13.880456
1779380493492275416,MATCHED,1094,1779380493492275416,1112,1779380493479973356,12302060,12.302060
1779380493525447386,MATCHED,1095,1779380493525447386,1113,1779380493511398310,14049076,14.049076
1779380493558855057,MATCHED,1096,1779380493558855057,1114,1779380493544948558,13906499,13.906499
1779380493592666669,MATCHED,1097,1779380493592666669,1115,1779380493578049070,14617599,14.617599
1779380493626030341,MATCHED,1098,1779380493626030341,1116,1779380493611362450,14667891,14.667891
1779380493659295736,MATCHED,1099,1779380493659295736,1117,1779380493644541943,14753793,14.753793
1779380493692717259,MATCHED,1100,1779380493692717259,1118,1779380493679284105,13433154,13.433154
1779380493725866710,MATCHED,1101,1779380493725866710,1119,1779380493711166555,14700155,14.700155
1779380493759254919,MATCHED,1102,1779380493759254919,1120,1779380493745383555,13871364,13.871364
1779380493792442240,MATCHED,1103,1779380493792442240,1121,1779380493778104867,14337373,14.337373
1779380493826109465,MATCHED,1104,1779380493826109465,1122,1779380493811587227,14522238,14.522238
1779380493859137603,MATCHED,1105,1779380493859137603,1123,1779380493844518185,14619418,14.619418
1779380493892375146,MATCHED,1106,1779380493892375146,1124,1779380493878091877,14283269,14.283269
1779380493926989120,MATCHED,1107,1779380493926989120,1125,1779380493911593626,15395494,15.395494
1779380493958556551,MATCHED,1108,1779380493958556551,1126,1779380493944594176,13962375,13.962375
1779380493992302589,MATCHED,1109,1779380493992302589,1127,1779380493980195237,12107352,12.107352
1779380494025648705,MATCHED,1110,1779380494025648705,1128,1779380494011092807,14555898,14.555898
1779380494058921267,MATCHED,1111,1779380494058921267,1129,1779380494044304744,14616523,14.616523
1779380494092297235,MATCHED,1112,1779380494092297235,1130,1779380494077826029,14471206,14.471206
1779380494125626666,MATCHED,1113,1779380494125626666,1131,1779380494111429684,14196982,14.196982
1779380494159105540,MATCHED,1114,1779380494159105540,1132,1779380494144624603,14480937,14.480937
1779380494192274862,MATCHED,1115,1779380494192274862,1133,1779380494178075018,14199844,14.199844
1779380494227227258,MATCHED,1116,1779380494227227258,1134,1779380494211421695,15805563,15.805563
1779380494258910355,MATCHED,1117,1779380494258910355,1135,1779380494244348152,14562203,14.562203
1779380494292154954,MATCHED,1118,1779380494292154954,1136,1779380494277956270,14198684,14.198684
1779380494325638569,MATCHED,1119,1779380494325638569,1137,1779380494311407094,14231475,14.231475
1779380494358903890,MATCHED,1120,1779380494358903890,1138,1779380494343722113,15181777,15.181777
1779380494392158174,MATCHED,1121,1779380494392158174,1139,1779380494377532599,14625575,14.625575
1779380494426319707,MATCHED,1122,1779380494426319707,1140,1779380494428543548,-2223841,-2.223841
1779380494458730296,MATCHED,1123,1779380494458730296,1141,1779380494449049941,9680355,9.680355
1779380494492205578,MATCHED,1124,1779380494492205578,1142,1779380494479649718,12555860,12.555860
1779380494525360567,MATCHED,1125,1779380494525360567,1143,1779380494509515632,15844935,15.844935
1779380494558848922,MATCHED,1126,1779380494558848922,1145,1779380494575724229,-16875307,-16.875307
1779380494592076466,MATCHED,1127,1779380494592076466,1145,1779380494575724229,16352237,16.352237
1779380494624864533,MATCHED,1128,1779380494624864533,1146,1779380494610776037,14088496,14.088496
1779380494658685551,MATCHED,1129,1779380494658685551,1147,1779380494642733338,15952213,15.952213
1779380494691977076,MATCHED,1130,1779380494691977076,1148,1779380494675964052,16013024,16.013024
1779380494725292618,MATCHED,1131,1779380494725292618,1149,1779380494709283747,16008871,16.008871
1779380494758695197,MATCHED,1132,1779380494758695197,1150,1779380494743501951,15193246,15.193246
1779380494791895204,MATCHED,1133,1779380494791895204,1151,1779380494776744128,15151076,15.151076
1779380494825312412,MATCHED,1134,1779380494825312412,1152,1779380494810068360,15244052,15.244052
1779380494858976136,MATCHED,1135,1779380494858976136,1153,1779380494843395203,15580933,15.580933
1779380494891392392,MATCHED,1136,1779380494891392392,1154,1779380494876754583,14637809,14.637809
1779380494925200818,MATCHED,1137,1779380494925200818,1155,1779380494910178480,15022338,15.022338
1779380494958060588,MATCHED,1138,1779380494958060588,1156,1779380494943393935,14666653,14.666653
1779380494991769274,MATCHED,1139,1779380494991769274,1157,1779380494976586131,15183143,15.183143
1779380495030208745,MATCHED,1140,1779380495030208745,1159,1779380495044038439,-13829694,-13.829694
1779380495060169156,MATCHED,1141,1779380495060169156,1159,1779380495044038439,16130717,16.130717
1779380495092088528,MATCHED,1142,1779380495092088528,1160,1779380495077383652,14704876,14.704876
1779380495124356526,MATCHED,1143,1779380495124356526,1161,1779380495110674884,13681642,13.681642
1779380495157381349,MATCHED,1144,1779380495157381349,1162,1779380495144019875,13361474,13.361474
1779380495190936019,MATCHED,1145,1779380495190936019,1163,1779380495177182034,13753985,13.753985
1779380495224296969,MATCHED,1146,1779380495224296969,1164,1779380495210913188,13383781,13.383781
1779380495257548086,MATCHED,1147,1779380495257548086,1165,1779380495244172587,13375499,13.375499
1779380495291214680,MATCHED,1148,1779380495291214680,1166,1779380495277376654,13838026,13.838026
1779380495324454687,MATCHED,1149,1779380495324454687,1167,1779380495312278277,12176410,12.176410
1779380495357894765,MATCHED,1150,1779380495357894765,1168,1779380495343815082,14079683,14.079683
1779380495391485620,MATCHED,1151,1779380495391485620,1169,1779380495377342275,14143345,14.143345
1779380495424428796,MATCHED,1152,1779380495424428796,1170,1779380495410661433,13767363,13.767363
1779380495458703402,MATCHED,1153,1779380495458703402,1171,1779380495443815314,14888088,14.888088
1779380495491147436,MATCHED,1154,1779380495491147436,1172,1779380495477443932,13703504,13.703504
1779380495524989602,MATCHED,1155,1779380495524989602,1173,1779380495510616591,14373011,14.373011
1779380495560347050,MATCHED,1156,1779380495560347050,1174,1779380495544140432,16206618,16.206618
1779380495591924518,MATCHED,1157,1779380495591924518,1175,1779380495577510182,14414336,14.414336
1779380495626087163,MATCHED,1158,1779380495626087163,1176,1779380495610859321,15227842,15.227842
1779380495658338290,MATCHED,1159,1779380495658338290,1177,1779380495645069452,13268838,13.268838
1779380495691702795,MATCHED,1160,1779380495691702795,1178,1779380495677392730,14310065,14.310065
1779380495724975153,MATCHED,1161,1779380495724975153,1179,1779380495710712221,14262932,14.262932
1779380495758509749,MATCHED,1162,1779380495758509749,1180,1779380495744131767,14377982,14.377982
1779380495791395389,MATCHED,1163,1779380495791395389,1181,1779380495778221436,13173953,13.173953
1779380495824931374,MATCHED,1164,1779380495824931374,1182,1779380495810603325,14328049,14.328049
1779380495860116323,MATCHED,1165,1779380495860116323,1183,1779380495843896298,16220025,16.220025
1779380495891774401,MATCHED,1166,1779380495891774401,1184,1779380495878136632,13637769,13.637769
1779380495924801613,MATCHED,1167,1779380495924801613,1185,1779380495910578261,14223352,14.223352
1779380495958136470,MATCHED,1168,1779380495958136470,1186,1779380495944693245,13443225,13.443225
1779380495991344903,MATCHED,1169,1779380495991344903,1187,1779380495977116837,14228066,14.228066
1779380496024899147,MATCHED,1170,1779380496024899147,1188,1779380496011462466,13436681,13.436681
1779380496058203708,MATCHED,1171,1779380496058203708,1189,1779380496043866948,14336760,14.336760
1779380496091764322,MATCHED,1172,1779380496091764322,1190,1779380496078162244,13602078,13.602078
1779380496124787683,MATCHED,1173,1779380496124787683,1191,1779380496109920102,14867581,14.867581
1779380496158067466,MATCHED,1174,1779380496158067466,1192,1779380496144421101,13646365,13.646365
1779380496191372565,MATCHED,1175,1779380496191372565,1193,1779380496176796749,14575816,14.575816
1779380496224850106,MATCHED,1176,1779380496224850106,1194,1779380496210992435,13857671,13.857671
1779380496257547544,MATCHED,1177,1779380496257547544,1195,1779380496245580210,11967334,11.967334
1779380496291216582,MATCHED,1178,1779380496291216582,1196,1779380496277388716,13827866,13.827866
1779380496324725179,MATCHED,1179,1779380496324725179,1197,1779380496310002862,14722317,14.722317
1779380496358013129,MATCHED,1180,1779380496358013129,1198,1779380496344094827,13918302,13.918302
1779380496391484985,MATCHED,1181,1779380496391484985,1199,1779380496376674770,14810215,14.810215
1779380496425164875,MATCHED,1182,1779380496425164875,1200,1779380496427773533,-2608658,-2.608658
1779380496457946442,MATCHED,1183,1779380496457946442,1201,1779380496448281630,9664812,9.664812
1779380496491234874,MATCHED,1184,1779380496491234874,1202,1779380496476936389,14298485,14.298485
1779380496524528620,MATCHED,1185,1779380496524528620,1203,1779380496508935078,15593542,15.593542
1779380496558577692,MATCHED,1186,1779380496558577692,1204,1779380496543229374,15348318,15.348318
1779380496590562175,MATCHED,1187,1779380496590562175,1205,1779380496574903011,15659164,15.659164
1779380496624518062,MATCHED,1188,1779380496624518062,1206,1779380496608491870,16026192,16.026192
1779380496657853123,MATCHED,1189,1779380496657853123,1207,1779380496643755268,14097855,14.097855
1779380496691146111,MATCHED,1190,1779380496691146111,1208,1779380496676241434,14904677,14.904677
1779380496724466005,MATCHED,1191,1779380496724466005,1209,1779380496739862946,-15396941,-15.396941
1779380496757766289,MATCHED,1192,1779380496757766289,1210,1779380496772436574,-14670285,-14.670285
1779380496791096294,MATCHED,1193,1779380496791096294,1211,1779380496806578983,-15482689,-15.482689
1779380496824398800,MATCHED,1194,1779380496824398800,1212,1779380496838250860,-13852060,-13.852060
1779380496857764434,MATCHED,1195,1779380496857764434,1213,1779380496871471871,-13707437,-13.707437
1779380496890527131,MATCHED,1196,1779380496890527131,1214,1779380496904866565,-14339434,-14.339434
1779380496924737979,MATCHED,1197,1779380496924737979,1215,1779380496938171741,-13433762,-13.433762
1779380496957765821,MATCHED,1198,1779380496957765821,1216,1779380496971597028,-13831207,-13.831207
1779380496990510777,MATCHED,1199,1779380496990510777,1217,1779380497004922241,-14411464,-14.411464
1779380497029436798,MATCHED,1200,1779380497029436798,1218,1779380497038139955,-8703157,-8.703157
1779380497059372468,MATCHED,1201,1779380497059372468,1219,1779380497071454854,-12082386,-12.082386
1779380497093069137,MATCHED,1202,1779380497093069137,1220,1779380497104782123,-11712986,-11.712986
1779380497123358340,MATCHED,1203,1779380497123358340,1221,1779380497138669997,-15311657,-15.311657
1779380497157147415,MATCHED,1204,1779380497157147415,1222,1779380497171371605,-14224190,-14.224190
1779380497194175401,MATCHED,1205,1779380497194175401,1223,1779380497204876261,-10700860,-10.700860
1779380497224364235,MATCHED,1206,1779380497224364235,1224,1779380497238098364,-13734129,-13.734129
1779380497257754017,MATCHED,1207,1779380497257754017,1225,1779380497271473836,-13719819,-13.719819
1779380497296565225,MATCHED,1208,1779380497296565225,1226,1779380497304741013,-8175788,-8.175788
1779380497324352473,MATCHED,1209,1779380497324352473,1227,1779380497337924635,-13572162,-13.572162
1779380497357075763,MATCHED,1210,1779380497357075763,1228,1779380497371286904,-14211141,-14.211141
1779380497392033103,MATCHED,1211,1779380497392033103,1229,1779380497404664672,-12631569,-12.631569
1779380497423840143,MATCHED,1212,1779380497423840143,1230,1779380497438186976,-14346833,-14.346833
1779380497457041761,MATCHED,1213,1779380497457041761,1231,1779380497471612633,-14570872,-14.570872
1779380497490831650,MATCHED,1214,1779380497490831650,1232,1779380497504627997,-13796347,-13.796347
1779380497524052083,MATCHED,1215,1779380497524052083,1233,1779380497538162894,-14110811,-14.110811
1779380497557413792,MATCHED,1216,1779380497557413792,1234,1779380497573885010,-16471218,-16.471218
1779380497591568011,MATCHED,1217,1779380497591568011,1235,1779380497604716192,-13148181,-13.148181
1779380497624145561,MATCHED,1218,1779380497624145561,1236,1779380497638025572,-13880011,-13.880011
1779380497657414511,MATCHED,1219,1779380497657414511,1237,1779380497671508950,-14094439,-14.094439
1779380497691012533,MATCHED,1220,1779380497691012533,1238,1779380497704634406,-13621873,-13.621873
1779380497724466759,MATCHED,1221,1779380497724466759,1239,1779380497737879046,-13412287,-13.412287
1779380497758894308,MATCHED,1222,1779380497758894308,1240,1779380497771173408,-12279100,-12.279100
1779380497790922976,MATCHED,1223,1779380497790922976,1241,1779380497804582250,-13659274,-13.659274
1779380497824311647,MATCHED,1224,1779380497824311647,1242,1779380497837882389,-13570742,-13.570742
1779380497858153555,MATCHED,1225,1779380497858153555,1243,1779380497871351768,-13198213,-13.198213
1779380497891650706,MATCHED,1226,1779380497891650706,1244,1779380497904596704,-12945998,-12.945998
1779380497925750759,MATCHED,1227,1779380497925750759,1245,1779380497937917232,-12166473,-12.166473
1779380497959136542,MATCHED,1228,1779380497959136542,1246,1779380497972148789,-13012247,-13.012247
1779380497991831295,MATCHED,1229,1779380497991831295,1247,1779380498004567233,-12735938,-12.735938
1779380498024271032,MATCHED,1230,1779380498024271032,1248,1779380498038248980,-13977948,-13.977948
1779380498058328344,MATCHED,1231,1779380498058328344,1249,1779380498071534138,-13205794,-13.205794
1779380498108130586,MATCHED,1232,1779380498108130586,1250,1779380498104773463,3357123,3.357123
1779380498146823850,MATCHED,1233,1779380498146823850,1251,1779380498138080843,8743007,8.743007
1779380498182873327,MATCHED,1234,1779380498182873327,1252,1779380498173953217,8920110,8.920110
1779380498200126037,MATCHED,1235,1779380498200126037,1253,1779380498204693511,-4567474,-4.567474
1779380498227872434,MATCHED,1236,1779380498227872434,1254,1779380498237932429,-10059995,-10.059995
1779380498260480632,MATCHED,1237,1779380498260480632,1255,1779380498271270105,-10789473,-10.789473
1779380498293593732,MATCHED,1238,1779380498293593732,1256,1779380498304560837,-10967105,-10.967105
1779380498327760414,MATCHED,1239,1779380498327760414,1257,1779380498337741163,-9980749,-9.980749
1779380498360641869,MATCHED,1240,1779380498360641869,1258,1779380498371544520,-10902651,-10.902651
1779380498393163068,MATCHED,1241,1779380498393163068,1259,1779380498404373775,-11210707,-11.210707
1779380498427054752,MATCHED,1242,1779380498427054752,1259,1779380498404373775,22680977,22.680977
1779380498459740690,MATCHED,1243,1779380498459740690,1260,1779380498453912571,5828119,5.828119
1779380498493774929,MATCHED,1244,1779380498493774929,1262,1779380498505537070,-11762141,-11.762141
1779380498527196748,MATCHED,1245,1779380498527196748,1263,1779380498537678924,-10482176,-10.482176
1779380498560373126,MATCHED,1246,1779380498560373126,1264,1779380498570982304,-10609178,-10.609178
1779380498591795244,MATCHED,1247,1779380498591795244,1265,1779380498604194019,-12398775,-12.398775
1779380498625774872,MATCHED,1248,1779380498625774872,1266,1779380498637537047,-11762175,-11.762175
1779380498657359525,MATCHED,1249,1779380498657359525,1267,1779380498670848630,-13489105,-13.489105
1779380498690387497,MATCHED,1250,1779380498690387497,1268,1779380498704522859,-14135362,-14.135362
1779380498725937386,MATCHED,1251,1779380498725937386,1269,1779380498737506520,-11569134,-11.569134
1779380498757229450,MATCHED,1252,1779380498757229450,1270,1779380498770922584,-13693134,-13.693134
1779380498790551715,MATCHED,1253,1779380498790551715,1271,1779380498798743629,-8191914,-8.191914
1779380498823895183,MATCHED,1254,1779380498823895183,1272,1779380498837504456,-13609273,-13.609273
1779380498856545177,MATCHED,1255,1779380498856545177,1273,1779380498870915483,-14370306,-14.370306
1779380498890950134,MATCHED,1256,1779380498890950134,1274,1779380498904134623,-13184489,-13.184489
1779380498923920847,MATCHED,1257,1779380498923920847,1275,1779380498938368087,-14447240,-14.447240
1779380498957367962,MATCHED,1258,1779380498957367962,1276,1779380498971615357,-14247395,-14.247395
1779380498989739274,MATCHED,1259,1779380498989739274,1277,1779380499004178096,-14438822,-14.438822
1779380499029971634,MATCHED,1260,1779380499029971634,1278,1779380499021981497,7990137,7.990137
1779380499058680020,MATCHED,1261,1779380499058680020,1279,1779380499044627999,14052021,14.052021
1779380499090175860,MATCHED,1262,1779380499090175860,1280,1779380499076056786,14119074,14.119074
1779380499123201202,MATCHED,1263,1779380499123201202,1281,1779380499111298259,11902943,11.902943
1779380499155590846,MATCHED,1264,1779380499155590846,1282,1779380499144783859,10806987,10.806987
1779380499189265589,MATCHED,1265,1779380499189265589,1283,1779380499177892371,11373218,11.373218
1779380499223163644,MATCHED,1266,1779380499223163644,1284,1779380499214147889,9015755,9.015755
1779380499255795620,MATCHED,1267,1779380499255795620,1285,1779380499244018877,11776743,11.776743
1779380499289463492,MATCHED,1268,1779380499289463492,1286,1779380499276816391,12647101,12.647101
1779380499322880941,MATCHED,1269,1779380499322880941,1287,1779380499311174280,11706661,11.706661
1779380499356051133,MATCHED,1270,1779380499356051133,1288,1779380499346803730,9247403,9.247403
1779380499389249325,MATCHED,1271,1779380499389249325,1289,1779380499382846584,6402741,6.402741
1779380499422953419,MATCHED,1272,1779380499422953419,1290,1779380499413015494,9937925,9.937925
1779380499455914447,MATCHED,1273,1779380499455914447,1291,1779380499446076562,9837885,9.837885
1779380499489875038,MATCHED,1274,1779380499489875038,1292,1779380499479809179,10065859,10.065859
1779380499523212433,MATCHED,1275,1779380499523212433,1293,1779380499512712452,10499981,10.499981
1779380499556642289,MATCHED,1276,1779380499556642289,1294,1779380499545766408,10875881,10.875881
1779380499589821629,MATCHED,1277,1779380499589821629,1295,1779380499581659004,8162625,8.162625
1779380499623144116,MATCHED,1278,1779380499623144116,1296,1779380499611579769,11564347,11.564347
1779380499656430881,MATCHED,1279,1779380499656430881,1297,1779380499643841881,12589000,12.589000
1779380499689900774,MATCHED,1280,1779380499689900774,1298,1779380499679715477,10185297,10.185297
1779380499724505266,MATCHED,1281,1779380499724505266,1299,1779380499712650528,11854738,11.854738
1779380499756606229,MATCHED,1282,1779380499756606229,1300,1779380499746261775,10344454,10.344454
1779380499789799569,MATCHED,1283,1779380499789799569,1301,1779380499776823552,12976017,12.976017
1779380499823030853,MATCHED,1284,1779380499823030853,1302,1779380499810889296,12141557,12.141557
1779380499856310581,MATCHED,1285,1779380499856310581,1303,1779380499843094205,13216376,13.216376
1779380499889711160,MATCHED,1286,1779380499889711160,1304,1779380499876244605,13466555,13.466555
1779380499922989537,MATCHED,1287,1779380499922989537,1305,1779380499909975314,13014223,13.014223
1779380499956341245,MATCHED,1288,1779380499956341245,1306,1779380499943480563,12860682,12.860682
1779380499990039395,MATCHED,1289,1779380499990039395,1307,1779380499976588778,13450617,13.450617
1779380500023027534,MATCHED,1290,1779380500023027534,1308,1779380500009825048,13202486,13.202486
1779380500056260670,MATCHED,1291,1779380500056260670,1309,1779380500042948819,13311851,13.311851
1779380500089674174,MATCHED,1292,1779380500089674174,1310,1779380500076657806,13016368,13.016368
1779380500122448315,MATCHED,1293,1779380500122448315,1311,1779380500110406830,12041485,12.041485
1779380500157254305,MATCHED,1294,1779380500157254305,1312,1779380500142611073,14643232,14.643232
1779380500189546803,MATCHED,1295,1779380500189546803,1313,1779380500176556336,12990467,12.990467
1779380500222981566,MATCHED,1296,1779380500222981566,1314,1779380500212362043,10619523,10.619523
1779380500258300922,MATCHED,1297,1779380500258300922,1315,1779380500243712868,14588054,14.588054
1779380500289604504,MATCHED,1298,1779380500289604504,1316,1779380500277665742,11938762,11.938762
1779380500322341793,MATCHED,1299,1779380500322341793,1317,1779380500310657570,11684223,11.684223
1779380500356210219,MATCHED,1300,1779380500356210219,1318,1779380500346312575,9897644,9.897644
1779380500389455632,MATCHED,1301,1779380500389455632,1319,1779380500376061897,13393735,13.393735
1779380500422832693,MATCHED,1302,1779380500422832693,1320,1779380500426506074,-3673381,-3.673381
1779380500456488102,MATCHED,1303,1779380500456488102,1321,1779380500447523148,8964954,8.964954
1779380500489798867,MATCHED,1304,1779380500489798867,1322,1779380500477625151,12173716,12.173716
1779380500522886320,MATCHED,1305,1779380500522886320,1323,1779380500509246696,13639624,13.639624
1779380500556960076,MATCHED,1306,1779380500556960076,1324,1779380500541302403,15657673,15.657673
1779380500589247722,MATCHED,1307,1779380500589247722,1325,1779380500573912679,15335043,15.335043
1779380500623021964,MATCHED,1308,1779380500623021964,1326,1779380500607599333,15422631,15.422631
1779380500655978529,MATCHED,1309,1779380500655978529,1327,1779380500641342561,14635968,14.635968
1779380500690473466,MATCHED,1310,1779380500690473466,1328,1779380500674837013,15636453,15.636453
1779380500722659984,MATCHED,1311,1779380500722659984,1329,1779380500708292799,14367185,14.367185
1779380500757400826,MATCHED,1312,1779380500757400826,1330,1779380500742212840,15187986,15.187986
1779380500789326513,MATCHED,1313,1779380500789326513,1331,1779380500775770107,13556406,13.556406
1779380500822044562,MATCHED,1314,1779380500822044562,1332,1779380500807947498,14097064,14.097064
1779380500855851655,MATCHED,1315,1779380500855851655,1333,1779380500841283063,14568592,14.568592
1779380500889288270,MATCHED,1316,1779380500889288270,1334,1779380500875119716,14168554,14.168554
1779380500921944598,MATCHED,1317,1779380500921944598,1335,1779380500908587335,13357263,13.357263
1779380500955781357,MATCHED,1318,1779380500955781357,1336,1779380500943814437,11966920,11.966920
1779380500988651960,MATCHED,1319,1779380500988651960,1337,1779380500974994079,13657881,13.657881
1779380501027934922,MATCHED,1320,1779380501027934922,1339,1779380501041811393,-13876471,-13.876471
1779380501057554910,MATCHED,1321,1779380501057554910,1339,1779380501041811393,15743517,15.743517
1779380501089291062,MATCHED,1322,1779380501089291062,1340,1779380501075194402,14096660,14.096660
1779380501121594300,MATCHED,1323,1779380501121594300,1341,1779380501108498615,13095685,13.095685
1779380501154743381,MATCHED,1324,1779380501154743381,1342,1779380501141783921,12959460,12.959460
1779380501188107405,MATCHED,1325,1779380501188107405,1343,1779380501175066191,13041214,13.041214
1779380501221447021,MATCHED,1326,1779380501221447021,1344,1779380501208441848,13005173,13.005173
1779380501256582712,MATCHED,1327,1779380501256582712,1345,1779380501242231020,14351692,14.351692
1779380501288536657,MATCHED,1328,1779380501288536657,1346,1779380501274958942,13577715,13.577715
1779380501322514564,MATCHED,1329,1779380501322514564,1347,1779380501309207758,13306806,13.306806
1779380501356635524,MATCHED,1330,1779380501356635524,1348,1779380501341509518,15126006,15.126006
1779380501389280740,MATCHED,1331,1779380501389280740,1349,1779380501374835157,14445583,14.445583
1779380501422759299,MATCHED,1332,1779380501422759299,1350,1779380501408381887,14377412,14.377412
1779380501457377773,MATCHED,1333,1779380501457377773,1351,1779380501442464611,14913162,14.913162
1779380501489605586,MATCHED,1334,1779380501489605586,1352,1779380501474850389,14755197,14.755197
1779380501522669057,MATCHED,1335,1779380501522669057,1353,1779380501508804411,13864646,13.864646
1779380501555745362,MATCHED,1336,1779380501555745362,1354,1779380501541536279,14209083,14.209083
1779380501588902943,MATCHED,1337,1779380501588902943,1355,1779380501576005481,12897462,12.897462
1779380501621873378,MATCHED,1338,1779380501621873378,1356,1779380501608236797,13636581,13.636581
1779380501655720026,MATCHED,1339,1779380501655720026,1357,1779380501642354558,13365468,13.365468
1779380501688908885,MATCHED,1340,1779380501688908885,1358,1779380501674968167,13940718,13.940718
1779380501722253038,MATCHED,1341,1779380501722253038,1359,1779380501708042420,14210618,14.210618
1779380501755468730,MATCHED,1342,1779380501755468730,1360,1779380501742228366,13240364,13.240364
1779380501790090574,MATCHED,1343,1779380501790090574,1361,1779380501775475247,14615327,14.615327
1779380501822223147,MATCHED,1344,1779380501822223147,1362,1779380501808129448,14093699,14.093699
1779380501855503616,MATCHED,1345,1779380501855503616,1363,1779380501841304366,14199250,14.199250
1779380501891453613,MATCHED,1346,1779380501891453613,1364,1779380501878207563,13246050,13.246050
1779380501922327273,MATCHED,1347,1779380501922327273,1365,1779380501907865646,14461627,14.461627
1779380501955578020,MATCHED,1348,1779380501955578020,1366,1779380501942284033,13293987,13.293987
1779380501989106005,MATCHED,1349,1779380501989106005,1367,1779380501974785162,14320843,14.320843
1779380502022285605,MATCHED,1350,1779380502022285605,1368,1779380502008683185,13602420,13.602420
1779380502055674276,MATCHED,1351,1779380502055674276,1369,1779380502042387728,13286548,13.286548
1779380502090870799,MATCHED,1352,1779380502090870799,1370,1779380502074884875,15985924,15.985924
1779380502123858475,MATCHED,1353,1779380502123858475,1371,1779380502108160089,15698386,15.698386
1779380502156581116,MATCHED,1354,1779380502156581116,1372,1779380502141267267,15313849,15.313849
1779380502188625598,MATCHED,1355,1779380502188625598,1373,1779380502176412500,12213098,12.213098
1779380502223391940,MATCHED,1356,1779380502223391940,1374,1779380502207834342,15557598,15.557598
1779380502255831344,MATCHED,1357,1779380502255831344,1375,1779380502242060640,13770704,13.770704
1779380502289560864,MATCHED,1358,1779380502289560864,1376,1779380502275644776,13916088,13.916088
1779380502322241005,MATCHED,1359,1779380502322241005,1377,1779380502308881453,13359552,13.359552
1779380502356014395,MATCHED,1360,1779380502356014395,1378,1779380502341127622,14886773,14.886773
1779380502388827832,MATCHED,1361,1779380502388827832,1379,1779380502375348326,13479506,13.479506
1779380502423916856,MATCHED,1362,1779380502423916856,1380,1779380502420184002,3732854,3.732854
1779380502456548535,MATCHED,1363,1779380502456548535,1381,1779380502444041585,12506950,12.506950
1779380502490693717,MATCHED,1364,1779380502490693717,1382,1779380502475062598,15631119,15.631119
1779380502522524276,MATCHED,1365,1779380502522524276,1383,1779380502506665050,15859226,15.859226
1779380502557117657,MATCHED,1366,1779380502557117657,1384,1779380502539411232,17706425,17.706425
1779380502588600941,MATCHED,1367,1779380502588600941,1385,1779380502576956645,11644296,11.644296
1779380502621917835,MATCHED,1368,1779380502621917835,1386,1779380502607116723,14801112,14.801112
1779380502655288062,MATCHED,1369,1779380502655288062,1387,1779380502639917811,15370251,15.370251
1779380502690253828,MATCHED,1370,1779380502690253828,1388,1779380502673263136,16990692,16.990692
1779380502721173988,MATCHED,1371,1779380502721173988,1389,1779380502707674153,13499835,13.499835
1779380502755036396,MATCHED,1372,1779380502755036396,1390,1779380502741299567,13736829,13.736829
1779380502788429734,MATCHED,1373,1779380502788429734,1391,1779380502776153006,12276728,12.276728
1779380502821706406,MATCHED,1374,1779380502821706406,1392,1779380502809961289,11745117,11.745117
1779380502854453492,MATCHED,1375,1779380502854453492,1393,1779380502843997755,10455737,10.455737
1779380502889700626,MATCHED,1376,1779380502889700626,1394,1779380502874696753,15003873,15.003873
1779380502921609183,MATCHED,1377,1779380502921609183,1395,1779380502909282417,12326766,12.326766
1779380502954441212,MATCHED,1378,1779380502954441212,1396,1779380502941667861,12773351,12.773351
1779380502988208565,MATCHED,1379,1779380502988208565,1397,1779380502974723337,13485228,13.485228
1779380503028120372,MATCHED,1380,1779380503028120372,1399,1779380503041456744,-13336372,-13.336372
1779380503057419623,MATCHED,1381,1779380503057419623,1399,1779380503041456744,15962879,15.962879
1779380503088375801,MATCHED,1382,1779380503088375801,1400,1779380503075693319,12682482,12.682482
1779380503120828205,MATCHED,1383,1779380503120828205,1401,1779380503108572777,12255428,12.255428
1779380503153716030,MATCHED,1384,1779380503153716030,1402,1779380503143887064,9828966,9.828966
1779380503194254756,MATCHED,1385,1779380503194254756,1404,1779380503209912015,-15657259,-15.657259
1779380503237257235,MATCHED,1386,1779380503237257235,1405,1779380503240852159,-3594924,-3.594924
1779380503270937274,MATCHED,1387,1779380503270937274,1406,1779380503276061150,-5123876,-5.123876
1779380503307601949,MATCHED,1388,1779380503307601949,1407,1779380503308363817,-761868,-0.761868
1779380503342145349,MATCHED,1389,1779380503342145349,1408,1779380503341702290,443059,0.443059
1779380503374588512,MATCHED,1390,1779380503374588512,1409,1779380503374154419,434093,0.434093
1779380503406162406,MATCHED,1391,1779380503406162406,1410,1779380503408397975,-2235569,-2.235569
1779380503440914470,MATCHED,1392,1779380503440914470,1411,1779380503440796661,117809,0.117809
1779380503471610133,MATCHED,1393,1779380503471610133,1412,1779380503475693859,-4083726,-4.083726
1779380503506299420,MATCHED,1394,1779380503506299420,1413,1779380503511117459,-4818039,-4.818039
1779380503539347280,MATCHED,1395,1779380503539347280,1414,1779380503540681375,-1334095,-1.334095
1779380503572682934,MATCHED,1396,1779380503572682934,1415,1779380503575302928,-2619994,-2.619994
1779380503609260924,MATCHED,1397,1779380503609260924,1416,1779380503607474134,1786790,1.786790
1779380503642210656,MATCHED,1398,1779380503642210656,1417,1779380503641697505,513151,0.513151
1779380503675044870,MATCHED,1399,1779380503675044870,1418,1779380503674326762,718108,0.718108
1779380503707828659,MATCHED,1400,1779380503707828659,1419,1779380503708602503,-773844,-0.773844
1779380503742866295,MATCHED,1401,1779380503742866295,1420,1779380503740899004,1967291,1.967291
1779380503775006609,MATCHED,1402,1779380503775006609,1421,1779380503775035654,-29045,-0.029045
1779380503807241255,MATCHED,1403,1779380503807241255,1422,1779380503810910880,-3669625,-3.669625
1779380503840526465,MATCHED,1404,1779380503840526465,1423,1779380503840467759,58706,0.058706
1779380503872638316,MATCHED,1405,1779380503872638316,1424,1779380503874851573,-2213257,-2.213257
1779380503905784509,MATCHED,1406,1779380503905784509,1425,1779380503907256277,-1471768,-1.471768
1779380503939141292,MATCHED,1407,1779380503939141292,1426,1779380503941415204,-2273912,-2.273912
1779380503972426205,MATCHED,1408,1779380503972426205,1427,1779380503974031591,-1605386,-1.605386
1779380504005696785,MATCHED,1409,1779380504005696785,1428,1779380504008187148,-2490363,-2.490363
1779380504039822319,MATCHED,1410,1779380504039822319,1429,1779380504069566552,-29744233,-29.744233
1779380504072758699,MATCHED,1411,1779380504072758699,1429,1779380504069566552,3192147,3.192147
1779380504106776253,MATCHED,1412,1779380504106776253,1430,1779380504102489251,4287002,4.287002
1779380504139137546,MATCHED,1413,1779380504139137546,1431,1779380504138566252,571294,0.571294
1779380504171693282,MATCHED,1414,1779380504171693282,1432,1779380504170393239,1300043,1.300043
1779380504205794020,MATCHED,1415,1779380504205794020,1433,1779380504205303363,490657,0.490657
1779380504239163858,MATCHED,1416,1779380504239163858,1434,1779380504238620113,543745,0.543745
1779380504272503734,MATCHED,1417,1779380504272503734,1435,1779380504269334093,3169641,3.169641
1779380504305776333,MATCHED,1418,1779380504305776333,1436,1779380504302482271,3294062,3.294062
1779380504339055505,MATCHED,1419,1779380504339055505,1437,1779380504335739540,3315965,3.315965
1779380504372530194,MATCHED,1420,1779380504372530194,1438,1779380504369023624,3506570,3.506570
1779380504405491537,MATCHED,1421,1779380504405491537,1439,1779380504402521503,2970034,2.970034
1779380504438973411,MATCHED,1422,1779380504438973411,1440,1779380504452293575,-13320164,-13.320164
1779380504472452637,MATCHED,1423,1779380504472452637,1441,1779380504473863032,-1410395,-1.410395
1779380504505725310,MATCHED,1424,1779380504505725310,1442,1779380504505131709,593601,0.593601
1779380504538893206,MATCHED,1425,1779380504538893206,1443,1779380504535952151,2941055,2.941055
1779380504573910823,MATCHED,1426,1779380504573910823,1444,1779380504568839183,5071640,5.071640
1779380504605733307,MATCHED,1427,1779380504605733307,1445,1779380504602410024,3323283,3.323283
1779380504640136876,MATCHED,1428,1779380504640136876,1446,1779380504635582831,4554045,4.554045
1779380504675170604,MATCHED,1429,1779380504675170604,1447,1779380504668813582,6357022,6.357022
1779380504705993191,MATCHED,1430,1779380504705993191,1448,1779380504701996297,3996894,3.996894
1779380504738981441,MATCHED,1431,1779380504738981441,1449,1779380504735480342,3501099,3.501099
1779380504772154429,MATCHED,1432,1779380504772154429,1450,1779380504768948072,3206357,3.206357
1779380504805346807,MATCHED,1433,1779380504805346807,1451,1779380504802156916,3189891,3.189891
1779380504838693682,MATCHED,1434,1779380504838693682,1452,1779380504838026401,667281,0.667281
1779380504871233548,MATCHED,1435,1779380504871233548,1453,1779380504869004822,2228726,2.228726
1779380504905216768,MATCHED,1436,1779380504905216768,1454,1779380504902241944,2974824,2.974824
1779380504938654402,MATCHED,1437,1779380504938654402,1455,1779380504935283604,3370798,3.370798
1779380504972500754,MATCHED,1438,1779380504972500754,1456,1779380504968938203,3562551,3.562551
1779380505005270247,MATCHED,1439,1779380505005270247,1457,1779380505002146936,3123311,3.123311
1779380505053473098,MATCHED,1440,1779380505053473098,1459,1779380505068810881,-15337783,-15.337783
1779380505076077474,MATCHED,1441,1779380505076077474,1459,1779380505068810881,7266593,7.266593
1779380505107851644,MATCHED,1442,1779380505107851644,1460,1779380505102140298,5711346,5.711346
1779380505137676111,MATCHED,1443,1779380505137676111,1461,1779380505135401753,2274358,2.274358
1779380505169751852,MATCHED,1444,1779380505169751852,1462,1779380505168608356,1143496,1.143496
1779380505203503094,MATCHED,1445,1779380505203503094,1463,1779380505202067476,1435618,1.435618
1779380505237018060,MATCHED,1446,1779380505237018060,1464,1779380505236096164,921896,0.921896
1779380505271836143,MATCHED,1447,1779380505271836143,1465,1779380505268856512,2979631,2.979631
1779380505304232991,MATCHED,1448,1779380505304232991,1466,1779380505301983820,2249171,2.249171
1779380505337379258,MATCHED,1449,1779380505337379258,1467,1779380505335355829,2023429,2.023429
1779380505371042445,MATCHED,1450,1779380505371042445,1468,1779380505368684894,2357551,2.357551
1779380505404079176,MATCHED,1451,1779380505404079176,1469,1779380505401974219,2104957,2.104957
1779380505437289331,MATCHED,1452,1779380505437289331,1470,1779380505437727445,-438114,-0.438114
1779380505470891889,MATCHED,1453,1779380505470891889,1471,1779380505468689571,2202318,2.202318
1779380505504856091,MATCHED,1454,1779380505504856091,1472,1779380505501959692,2896399,2.896399
1779380505541344508,MATCHED,1455,1779380505541344508,1473,1779380505535418848,5925660,5.925660
1779380505573334157,MATCHED,1456,1779380505573334157,1474,1779380505568688062,4646095,4.646095
1779380505604398057,MATCHED,1457,1779380505604398057,1475,1779380505601878647,2519410,2.519410
1779380505625233284,MATCHED,1458,1779380505625233284,1476,1779380505636169147,-10935863,-10.935863
1779380505654652738,MATCHED,1459,1779380505654652738,1477,1779380505668698627,-14045889,-14.045889
1779380505693148560,MATCHED,1460,1779380505693148560,1478,1779380505701892564,-8744004,-8.744004
1779380505721152769,MATCHED,1461,1779380505721152769,1479,1779380505735194444,-14041675,-14.041675
1779380505753762060,MATCHED,1462,1779380505753762060,1480,1779380505768536639,-14774579,-14.774579
1779380505787654652,MATCHED,1463,1779380505787654652,1481,1779380505801874408,-14219756,-14.219756
1779380505820403959,MATCHED,1464,1779380505820403959,1482,1779380505835253102,-14849143,-14.849143
1779380505853703706,MATCHED,1465,1779380505853703706,1483,1779380505868588630,-14884924,-14.884924
1779380505889045505,MATCHED,1466,1779380505889045505,1484,1779380505901784252,-12738747,-12.738747
1779380505920257940,MATCHED,1467,1779380505920257940,1485,1779380505935121780,-14863840,-14.863840
1779380505953588945,MATCHED,1468,1779380505953588945,1486,1779380505968837138,-15248193,-15.248193
1779380505987038339,MATCHED,1469,1779380505987038339,1487,1779380506002112666,-15074327,-15.074327
1779380506020325807,MATCHED,1470,1779380506020325807,1488,1779380506035479990,-15154183,-15.154183
1779380506053089300,MATCHED,1471,1779380506053089300,1489,1779380506070055580,-16966280,-16.966280
1779380506087013781,MATCHED,1472,1779380506087013781,1490,1779380506100911891,-13898110,-13.898110
1779380506120928151,MATCHED,1473,1779380506120928151,1491,1779380506133936534,-13008383,-13.008383
1779380506153540830,MATCHED,1474,1779380506153540830,1492,1779380506168098424,-14557594,-14.557594
1779380506188928555,MATCHED,1475,1779380506188928555,1493,1779380506200094261,-11165706,-11.165706
1779380506220161471,MATCHED,1476,1779380506220161471,1494,1779380506234311966,-14150495,-14.150495
1779380506253493125,MATCHED,1477,1779380506253493125,1495,1779380506268244433,-14751308,-14.751308
1779380506286852833,MATCHED,1478,1779380506286852833,1496,1779380506301769662,-14916829,-14.916829
1779380506320140228,MATCHED,1479,1779380506320140228,1497,1779380506335134838,-14994610,-14.994610
1779380506352869480,MATCHED,1480,1779380506352869480,1498,1779380506368625420,-15755940,-15.755940
1779380506388799107,MATCHED,1481,1779380506388799107,1499,1779380506401556397,-12757290,-12.757290
1779380506420051190,MATCHED,1482,1779380506420051190,1499,1779380506401556397,18494793,18.494793
1779380506453332270,MATCHED,1483,1779380506453332270,1500,1779380506451128934,2203336,2.203336
1779380506486862736,MATCHED,1484,1779380506486862736,1501,1779380506473023795,13838941,13.838941
1779380506520065854,MATCHED,1485,1779380506520065854,1503,1779380506534788269,-14722415,-14.722415
1779380506553325952,MATCHED,1486,1779380506553325952,1504,1779380506560550815,-7224863,-7.224863
1779380506586210444,MATCHED,1487,1779380506586210444,1505,1779380506601748396,-15537952,-15.537952
1779380506620251127,MATCHED,1488,1779380506620251127,1506,1779380506635363384,-15112257,-15.112257
1779380506653567318,MATCHED,1489,1779380506653567318,1507,1779380506671694513,-18127195,-18.127195
1779380506686659511,MATCHED,1490,1779380506686659511,1507,1779380506671694513,14964998,14.964998
1779380506720262458,MATCHED,1491,1779380506720262458,1509,1779380506735398209,-15135751,-15.135751
1779380506754720359,MATCHED,1492,1779380506754720359,1510,1779380506768213575,-13493216,-13.493216
1779380506786623509,MATCHED,1493,1779380506786623509,1511,1779380506801551474,-14927965,-14.927965
1779380506819984273,MATCHED,1494,1779380506819984273,1512,1779380506834785947,-14801674,-14.801674
1779380506852789377,MATCHED,1495,1779380506852789377,1513,1779380506868895782,-16106405,-16.106405
1779380506887044447,MATCHED,1496,1779380506887044447,1514,1779380506901557761,-14513314,-14.513314
1779380506919403388,MATCHED,1497,1779380506919403388,1515,1779380506934862253,-15458865,-15.458865
1779380506953290832,MATCHED,1498,1779380506953290832,1516,1779380506968054208,-14763376,-14.763376
1779380506986086991,MATCHED,1499,1779380506986086991,1517,1779380507001224089,-15137098,-15.137098
1779380507027012658,MATCHED,1500,1779380507027012658,1518,1779380507034769838,-7757180,-7.757180
1779380507055181088,MATCHED,1501,1779380507055181088,1519,1779380507068166772,-12985684,-12.985684
1779380507086730890,MATCHED,1502,1779380507086730890,1520,1779380507101413042,-14682152,-14.682152
1779380507119472142,MATCHED,1503,1779380507119472142,1520,1779380507101413042,18059100,18.059100
1779380507152273931,MATCHED,1504,1779380507152273931,1521,1779380507137893613,14380318,14.380318
1779380507185504067,MATCHED,1505,1779380507185504067,1522,1779380507168795276,16708791,16.708791
1779380507218946960,MATCHED,1506,1779380507218946960,1524,1779380507235353093,-16406133,-16.406133
1779380507252243021,MATCHED,1507,1779380507252243021,1525,1779380507268167515,-15924494,-15.924494
1779380507285597248,MATCHED,1508,1779380507285597248,1525,1779380507268167515,17429733,17.429733
1779380507318882365,MATCHED,1509,1779380507318882365,1526,1779380507303335080,15547285,15.547285
1779380507354446274,MATCHED,1510,1779380507354446274,1528,1779380507368808111,-14361837,-14.361837
1779380507385814670,MATCHED,1511,1779380507385814670,1529,1779380507402061825,-16247155,-16.247155
1779380507421296912,MATCHED,1512,1779380507421296912,1530,1779380507435339205,-14042293,-14.042293
1779380507452499810,MATCHED,1513,1779380507452499810,1531,1779380507467907944,-15408134,-15.408134
1779380507485856463,MATCHED,1514,1779380507485856463,1532,1779380507501290972,-15434509,-15.434509
1779380507519144080,MATCHED,1515,1779380507519144080,1533,1779380507534451946,-15307866,-15.307866
1779380507552476567,MATCHED,1516,1779380507552476567,1534,1779380507567866566,-15389999,-15.389999
1779380507585885553,MATCHED,1517,1779380507585885553,1535,1779380507601184520,-15298967,-15.298967
1779380507619250595,MATCHED,1518,1779380507619250595,1536,1779380507634598918,-15348323,-15.348323
1779380507653395037,MATCHED,1519,1779380507653395037,1537,1779380507669272321,-15877284,-15.877284
1779380507686328787,MATCHED,1520,1779380507686328787,1537,1779380507669272321,17056466,17.056466
1779380507721256665,MATCHED,1521,1779380507721256665,1539,1779380507735766379,-14509714,-14.509714
1779380507753227369,MATCHED,1522,1779380507753227369,1540,1779380507766446359,-13218990,-13.218990
1779380507785984381,MATCHED,1523,1779380507785984381,1541,1779380507800955950,-14971569,-14.971569
1779380507819788085,MATCHED,1524,1779380507819788085,1542,1779380507832918509,-13130424,-13.130424
1779380507852473541,MATCHED,1525,1779380507852473541,1543,1779380507862272335,-9798794,-9.798794
1779380507885863305,MATCHED,1526,1779380507885863305,1544,1779380507904464203,-18600898,-18.600898
1779380507920432076,MATCHED,1527,1779380507920432076,1544,1779380507904464203,15967873,15.967873
1779380507952510261,MATCHED,1528,1779380507952510261,1545,1779380507936739816,15770445,15.770445
1779380507986463945,MATCHED,1529,1779380507986463945,1547,1779380508001017154,-14553209,-14.553209
1779380508019819172,MATCHED,1530,1779380508019819172,1548,1779380508034368238,-14549066,-14.549066
1779380508054875512,MATCHED,1531,1779380508054875512,1549,1779380508068385148,-13509636,-13.509636
1779380508085824301,MATCHED,1532,1779380508085824301,1549,1779380508068385148,17439153,17.439153
1779380508120255276,MATCHED,1533,1779380508120255276,1550,1779380508114159981,6095295,6.095295
1779380508154653752,MATCHED,1534,1779380508154653752,1551,1779380508144983255,9670497,9.670497
1779380508187693150,MATCHED,1535,1779380508187693150,1553,1779380508183888100,3805050,3.805050
1779380508221510872,MATCHED,1536,1779380508221510872,1554,1779380508213359350,8151522,8.151522
1779380508254335105,MATCHED,1537,1779380508254335105,1555,1779380508244592843,9742262,9.742262
1779380508286243533,MATCHED,1538,1779380508286243533,1556,1779380508278513736,7729797,7.729797
1779380508319950053,MATCHED,1539,1779380508319950053,1557,1779380508309606878,10343175,10.343175
1779380508355145298,MATCHED,1540,1779380508355145298,1558,1779380508344418929,10726369,10.726369
1779380508388516303,MATCHED,1541,1779380508388516303,1559,1779380508377119463,11396840,11.396840
1779380508422834446,MATCHED,1542,1779380508422834446,1560,1779380508418263101,4571345,4.571345
1779380508455944769,MATCHED,1543,1779380508455944769,1561,1779380508442151424,13793345,13.793345
1779380508489485179,MATCHED,1544,1779380508489485179,1563,1779380508504584817,-15099638,-15.099638
1779380508521972582,MATCHED,1545,1779380508521972582,1564,1779380508537520146,-15547564,-15.547564
1779380508556536760,MATCHED,1546,1779380508556536760,1565,1779380508570735249,-14198489,-14.198489
1779380508588622130,MATCHED,1547,1779380508588622130,1566,1779380508604063907,-15441777,-15.441777
1779380508622287947,MATCHED,1548,1779380508622287947,1567,1779380508639736838,-17448891,-17.448891
1779380508653648973,MATCHED,1549,1779380508653648973,1567,1779380508639736838,13912135,13.912135
1779380508687381567,MATCHED,1550,1779380508687381567,1568,1779380508671254921,16126646,16.126646
1779380508722090465,MATCHED,1551,1779380508722090465,1570,1779380508738656377,-16565912,-16.565912
1779380508755868836,MATCHED,1552,1779380508755868836,1571,1779380508771850980,-15982144,-15.982144
1779380508789088473,MATCHED,1553,1779380508789088473,1572,1779380508805072306,-15983833,-15.983833
1779380508820108039,MATCHED,1554,1779380508820108039,1572,1779380508805072306,15035733,15.035733
1779380508852556146,MATCHED,1555,1779380508852556146,1573,1779380508838402037,14154109,14.154109
1779380508886460757,MATCHED,1556,1779380508886460757,1574,1779380508871719362,14741395,14.741395
1779380508919228453,MATCHED,1557,1779380508919228453,1575,1779380508904989502,14238951,14.238951
1779380508953749946,MATCHED,1558,1779380508953749946,1576,1779380508940667099,13082847,13.082847
1779380508986450606,MATCHED,1559,1779380508986450606,1577,1779380508973413781,13036825,13.036825
1779380509023592702,MATCHED,1560,1779380509023592702,1578,1779380509007541802,16050900,16.050900
1779380509055611480,MATCHED,1561,1779380509055611480,1579,1779380509040836849,14774631,14.774631
1779380509085436374,MATCHED,1562,1779380509085436374,1580,1779380509073842306,11594068,11.594068
1779380509118136626,MATCHED,1563,1779380509118136626,1581,1779380509107012354,11124272,11.124272
1779380509152195106,MATCHED,1564,1779380509152195106,1582,1779380509140422288,11772818,11.772818
1779380509184987950,MATCHED,1565,1779380509184987950,1583,1779380509174976953,10010997,10.010997
1779380509218366696,MATCHED,1566,1779380509218366696,1584,1779380509213142952,5223744,5.223744
1779380509251907180,MATCHED,1567,1779380509251907180,1585,1779380509242224077,9683103,9.683103
1779380509285348296,MATCHED,1568,1779380509285348296,1586,1779380509277301088,8047208,8.047208
1779380509318697301,MATCHED,1569,1779380509318697301,1587,1779380509307149835,11547466,11.547466
1779380509353681011,MATCHED,1570,1779380509353681011,1588,1779380509343426483,10254528,10.254528
1779380509385211369,MATCHED,1571,1779380509385211369,1589,1779380509374697549,10513820,10.513820
1779380509418671854,MATCHED,1572,1779380509418671854,1590,1779380509412682625,5989229,5.989229
1779380509452124747,MATCHED,1573,1779380509452124747,1591,1779380509443204995,8919752,8.919752
1779380509485184200,MATCHED,1574,1779380509485184200,1592,1779380509476209397,8974803,8.974803
1779380509518511354,MATCHED,1575,1779380509518511354,1593,1779380509510190437,8320917,8.320917
1779380509551698842,MATCHED,1576,1779380509551698842,1594,1779380509542972063,8726779,8.726779
1779380509585012477,MATCHED,1577,1779380509585012477,1595,1779380509578946380,6066097,6.066097
1779380509618642146,MATCHED,1578,1779380509618642146,1596,1779380509610178706,8463440,8.463440
1779380509652302815,MATCHED,1579,1779380509652302815,1597,1779380509642358745,9944070,9.944070
1779380509685944243,MATCHED,1580,1779380509685944243,1598,1779380509678241064,7703179,7.703179
1779380509720328312,MATCHED,1581,1779380509720328312,1599,1779380509709523778,10804534,10.804534
1779380509752768919,MATCHED,1582,1779380509752768919,1600,1779380509743886407,8882512,8.882512
1779380509786630604,MATCHED,1583,1779380509786630604,1601,1779380509772610221,14020383,14.020383
1779380509819301838,MATCHED,1584,1779380509819301838,1602,1779380509808884461,10417377,10.417377
1779380509854680063,MATCHED,1585,1779380509854680063,1603,1779380509842156267,12523796,12.523796
1779380509886550713,MATCHED,1586,1779380509886550713,1604,1779380509873877663,12673050,12.673050
1779380509918473270,MATCHED,1587,1779380509918473270,1605,1779380509906076924,12396346,12.396346
1779380509952354252,MATCHED,1588,1779380509952354252,1606,1779380509939588025,12766227,12.766227
1779380509985022616,MATCHED,1589,1779380509985022616,1607,1779380509973512639,11509977,11.509977
1779380510019007040,MATCHED,1590,1779380510019007040,1608,1779380510007137294,11869746,11.869746
1779380510052684783,MATCHED,1591,1779380510052684783,1609,1779380510040924892,11759891,11.759891
1779380510085321407,MATCHED,1592,1779380510085321407,1610,1779380510072660028,12661379,12.661379
1779380510119184573,MATCHED,1593,1779380510119184573,1611,1779380510108408255,10776318,10.776318
1779380510151591255,MATCHED,1594,1779380510151591255,1612,1779380510139140790,12450465,12.450465
1779380510185846639,MATCHED,1595,1779380510185846639,1613,1779380510174013062,11833577,11.833577
1779380510218367246,MATCHED,1596,1779380510218367246,1614,1779380510207332905,11034341,11.034341
1779380510252297875,MATCHED,1597,1779380510252297875,1615,1779380510239086893,13210982,13.210982
1779380510284955961,MATCHED,1598,1779380510284955961,1616,1779380510275612130,9343831,9.343831
1779380510318192690,MATCHED,1599,1779380510318192690,1617,1779380510305315712,12876978,12.876978
1779380510352289872,MATCHED,1600,1779380510352289872,1618,1779380510340464704,11825168,11.825168
1779380510384816219,MATCHED,1601,1779380510384816219,1619,1779380510374067692,10748527,10.748527
1779380510418719293,MATCHED,1602,1779380510418719293,1620,1779380510417501974,1217319,1.217319
1779380510451518304,MATCHED,1603,1779380510451518304,1621,1779380510441412538,10105766,10.105766
1779380510485614598,MATCHED,1604,1779380510485614598,1622,1779380510472300720,13313878,13.313878
1779380510518294239,MATCHED,1605,1779380510518294239,1623,1779380510504016208,14278031,14.278031
1779380510551903631,MATCHED,1606,1779380510551903631,1624,1779380510536510725,15392906,15.392906
1779380510586726732,MATCHED,1607,1779380510586726732,1625,1779380510571975251,14751481,14.751481
1779380510632674495,MATCHED,1608,1779380510632674495,1627,1779380510636880084,-4205589,-4.205589
1779380510668781009,MATCHED,1609,1779380510668781009,1628,1779380510670223149,-1442140,-1.442140
1779380510706825187,MATCHED,1610,1779380510706825187,1629,1779380510704456612,2368575,2.368575
1779380510736443268,MATCHED,1611,1779380510736443268,1630,1779380510737737363,-1294095,-1.294095
1779380510770024234,MATCHED,1612,1779380510770024234,1631,1779380510771656811,-1632577,-1.632577
1779380510802169900,MATCHED,1613,1779380510802169900,1632,1779380510804327549,-2157649,-2.157649
1779380510836429970,MATCHED,1614,1779380510836429970,1633,1779380510837492487,-1062517,-1.062517
1779380510868808059,MATCHED,1615,1779380510868808059,1634,1779380510870883181,-2075122,-2.075122
1779380510902105046,MATCHED,1616,1779380510902105046,1635,1779380510905099978,-2994932,-2.994932
1779380510936570651,MATCHED,1617,1779380510936570651,1636,1779380510938366266,-1795615,-1.795615
1779380510968841816,MATCHED,1618,1779380510968841816,1637,1779380510971509907,-2668091,-2.668091
1779380511004954385,MATCHED,1619,1779380511004954385,1638,1779380511004903971,50414,0.050414
1779380511049717327,MATCHED,1620,1779380511049717327,1639,1779380511038250018,11467309,11.467309
1779380511072997066,MATCHED,1621,1779380511072997066,1640,1779380511071685693,1311373,1.311373
1779380511108452753,MATCHED,1622,1779380511108452753,1641,1779380511104878519,3574234,3.574234
1779380511137389230,MATCHED,1623,1779380511137389230,1642,1779380511138290212,-900982,-0.900982
1779380511167401863,MATCHED,1624,1779380511167401863,1643,1779380511171691314,-4289451,-4.289451
1779380511202269352,MATCHED,1625,1779380511202269352,1644,1779380511205100749,-2831397,-2.831397
1779380511238532105,MATCHED,1626,1779380511238532105,1645,1779380511238392518,139587,0.139587
1779380511268034595,MATCHED,1627,1779380511268034595,1646,1779380511271671620,-3637025,-3.637025
1779380511303176044,MATCHED,1628,1779380511303176044,1647,1779380511304972019,-1795975,-1.795975
1779380511333309620,MATCHED,1629,1779380511333309620,1648,1779380511340310213,-7000593,-7.000593
1779380511367382488,MATCHED,1630,1779380511367382488,1649,1779380511371340189,-3957701,-3.957701
1779380511397266159,MATCHED,1631,1779380511397266159,1650,1779380511405850391,-8584232,-8.584232
1779380511430648793,MATCHED,1632,1779380511430648793,1651,1779380511438174984,-7526191,-7.526191
1779380511463552248,MATCHED,1633,1779380511463552248,1652,1779380511471863583,-8311335,-8.311335
1779380511498782122,MATCHED,1634,1779380511498782122,1653,1779380511505052483,-6270361,-6.270361
1779380511532337088,MATCHED,1635,1779380511532337088,1654,1779380511538521954,-6184866,-6.184866
1779380511564713196,MATCHED,1636,1779380511564713196,1655,1779380511571892204,-7179008,-7.179008
1779380511595959353,MATCHED,1637,1779380511595959353,1656,1779380511604930512,-8971159,-8.971159
1779380511627215935,MATCHED,1638,1779380511627215935,1657,1779380511638483760,-11267825,-11.267825
1779380511652287360,MATCHED,1639,1779380511652287360,1657,1779380511638483760,13803600,13.803600
1779380511686629003,MATCHED,1640,1779380511686629003,1658,1779380511673788992,12840011,12.840011
1779380511718840372,MATCHED,1641,1779380511718840372,1659,1779380511705167853,13672519,13.672519
1779380511751241109,MATCHED,1642,1779380511751241109,1660,1779380511738591510,12649599,12.649599
1779380511785538327,MATCHED,1643,1779380511785538327,1661,1779380511771531375,14006952,14.006952
1779380511819178792,MATCHED,1644,1779380511819178792,1662,1779380511807056438,12122354,12.122354
1779380511851410827,MATCHED,1645,1779380511851410827,1663,1779380511838209302,13201525,13.201525
1779380511886931421,MATCHED,1646,1779380511886931421,1664,1779380511871898382,15033039,15.033039
1779380511922223499,MATCHED,1647,1779380511922223499,1666,1779380511938397699,-16174200,-16.174200
1779380511952215428,MATCHED,1648,1779380511952215428,1666,1779380511938397699,13817729,13.817729
1779380511984497981,MATCHED,1649,1779380511984497981,1667,1779380511971856022,12641959,12.641959
1779380512018814328,MATCHED,1650,1779380512018814328,1668,1779380512004857757,13956571,13.956571
1779380512050776755,MATCHED,1651,1779380512050776755,1669,1779380512040900814,9875941,9.875941
1779380512084686773,MATCHED,1652,1779380512084686773,1670,1779380512074969335,9717438,9.717438
1779380512117698707,MATCHED,1653,1779380512117698707,1671,1779380512106625638,11073069,11.073069
1779380512151341173,MATCHED,1654,1779380512151341173,1672,1779380512138279997,13061176,13.061176
1779380512183900593,MATCHED,1655,1779380512183900593,1673,1779380512173473989,10426604,10.426604
1779380512218721657,MATCHED,1656,1779380512218721657,1674,1779380512207417381,11304276,11.304276
1779380512250957045,MATCHED,1657,1779380512250957045,1675,1779380512241073425,9883620,9.883620
1779380512284450641,MATCHED,1658,1779380512284450641,1676,1779380512275539182,8911459,8.911459
1779380512317623129,MATCHED,1659,1779380512317623129,1677,1779380512304883323,12739806,12.739806
1779380512350555620,MATCHED,1660,1779380512350555620,1678,1779380512339789503,10766117,10.766117
1779380512384305529,MATCHED,1661,1779380512384305529,1679,1779380512373212863,11092666,11.092666
1779380512417122873,MATCHED,1662,1779380512417122873,1680,1779380512422430348,-5307475,-5.307475
1779380512451031132,MATCHED,1663,1779380512451031132,1681,1779380512442932686,8098446,8.098446
1779380512483746680,MATCHED,1664,1779380512483746680,1682,1779380512471972459,11774221,11.774221
1779380512517647050,MATCHED,1665,1779380512517647050,1683,1779380512503561782,14085268,14.085268
1779380512550346470,MATCHED,1666,1779380512550346470,1684,1779380512536522277,13824193,13.824193
1779380512584288913,MATCHED,1667,1779380512584288913,1685,1779380512575577731,8711182,8.711182
1779380512617027036,MATCHED,1668,1779380512617027036,1686,1779380512604422210,12604826,12.604826
1779380512651176348,MATCHED,1669,1779380512651176348,1687,1779380512638153882,13022466,13.022466
1779380512684280096,MATCHED,1670,1779380512684280096,1688,1779380512670077479,14202617,14.202617
1779380512717217143,MATCHED,1671,1779380512717217143,1689,1779380512703738041,13479102,13.479102
1779380512751634822,MATCHED,1672,1779380512751634822,1690,1779380512737323085,14311737,14.311737
1779380512783540731,MATCHED,1673,1779380512783540731,1691,1779380512770797075,12743656,12.743656
1779380512817468452,MATCHED,1674,1779380512817468452,1692,1779380512803998715,13469737,13.469737
1779380512850247612,MATCHED,1675,1779380512850247612,1693,1779380512837226800,13020812,13.020812
1779380512884242444,MATCHED,1676,1779380512884242444,1694,1779380512870620994,13621450,13.621450
1779380512918101351,MATCHED,1677,1779380512918101351,1695,1779380512903867134,14234217,14.234217
1779380512950731364,MATCHED,1678,1779380512950731364,1696,1779380512937359086,13372278,13.372278
1779380512983431246,MATCHED,1679,1779380512983431246,1697,1779380512970535282,12895964,12.895964
1779380513021581701,MATCHED,1680,1779380513021581701,1699,1779380513037181653,-15599952,-15.599952
1779380513051533205,MATCHED,1681,1779380513051533205,1699,1779380513037181653,14351552,14.351552
1779380513083603927,MATCHED,1682,1779380513083603927,1700,1779380513070980899,12623028,12.623028
1779380513116408197,MATCHED,1683,1779380513116408197,1701,1779380513104865940,11542257,11.542257
1779380513149683092,MATCHED,1684,1779380513149683092,1702,1779380513137851231,11831861,11.831861
1779380513182990653,MATCHED,1685,1779380513182990653,1703,1779380513190315888,-7325235,-7.325235
1779380513216251326,MATCHED,1686,1779380513216251326,1704,1779380513232901993,-16650667,-16.650667
1779380513249608461,MATCHED,1687,1779380513249608461,1705,1779380513266300261,-16691800,-16.691800
1779380513284215342,MATCHED,1688,1779380513284215342,1706,1779380513299420124,-15204782,-15.204782
1779380513316755503,MATCHED,1689,1779380513316755503,1706,1779380513299420124,17335379,17.335379
1779380513350131527,MATCHED,1690,1779380513350131527,1707,1779380513334637949,15493578,15.493578
1779380513383335756,MATCHED,1691,1779380513383335756,1709,1779380513399429838,-16094082,-16.094082
1779380513416576133,MATCHED,1692,1779380513416576133,1710,1779380513432713681,-16137548,-16.137548
1779380513452001968,MATCHED,1693,1779380513452001968,1711,1779380513465998284,-13996316,-13.996316
1779380513483233717,MATCHED,1694,1779380513483233717,1712,1779380513499421978,-16188261,-16.188261
1779380513516657259,MATCHED,1695,1779380513516657259,1713,1779380513532793802,-16136543,-16.136543
1779380513549954598,MATCHED,1696,1779380513549954598,1714,1779380513565945813,-15991215,-15.991215
1779380513583251900,MATCHED,1697,1779380513583251900,1715,1779380513599341025,-16089125,-16.089125
1779380513616528221,MATCHED,1698,1779380513616528221,1716,1779380513632570388,-16042167,-16.042167
1779380513649879930,MATCHED,1699,1779380513649879930,1717,1779380513666035655,-16155725,-16.155725
1779380513683261453,MATCHED,1700,1779380513683261453,1718,1779380513699419479,-16158026,-16.158026
1779380513717488690,MATCHED,1701,1779380513717488690,1719,1779380513732880636,-15391946,-15.391946
1779380513751918221,MATCHED,1702,1779380513751918221,1720,1779380513765802593,-13884372,-13.884372
1779380513783784519,MATCHED,1703,1779380513783784519,1721,1779380513799063844,-15279325,-15.279325
1779380513817070173,MATCHED,1704,1779380513817070173,1722,1779380513832591852,-15521679,-15.521679
1779380513849799018,MATCHED,1705,1779380513849799018,1723,1779380513865747993,-15948975,-15.948975
1779380513884625564,MATCHED,1706,1779380513884625564,1724,1779380513899119650,-14494086,-14.494086
1779380513918018643,MATCHED,1707,1779380513918018643,1725,1779380513932370920,-14352277,-14.352277
1779380513950946578,MATCHED,1708,1779380513950946578,1726,1779380513965670430,-14723852,-14.723852
1779380513983748367,MATCHED,1709,1779380513983748367,1727,1779380513999022439,-15274072,-15.274072
1779380514020139396,MATCHED,1710,1779380514020139396,1728,1779380514032324338,-12184942,-12.184942
1779380514050444099,MATCHED,1711,1779380514050444099,1729,1779380514065792327,-15348228,-15.348228
1779380514083837789,MATCHED,1712,1779380514083837789,1730,1779380514098962468,-15124679,-15.124679
1779380514116482839,MATCHED,1713,1779380514116482839,1731,1779380514132924416,-16441577,-16.441577
1779380514149770678,MATCHED,1714,1779380514149770678,1732,1779380514165591950,-15821272,-15.821272
1779380514183869824,MATCHED,1715,1779380514183869824,1733,1779380514199012718,-15142894,-15.142894
1779380514216460263,MATCHED,1716,1779380514216460263,1734,1779380514232273414,-15813151,-15.813151
1779380514250379040,MATCHED,1717,1779380514250379040,1735,1779380514265460128,-15081088,-15.081088
1779380514283445141,MATCHED,1718,1779380514283445141,1736,1779380514298828193,-15383052,-15.383052
1779380514316423353,MATCHED,1719,1779380514316423353,1737,1779380514332211017,-15787664,-15.787664
1779380514349847154,MATCHED,1720,1779380514349847154,1738,1779380514365808061,-15960907,-15.960907
1779380514383625821,MATCHED,1721,1779380514383625821,1739,1779380514398989683,-15363862,-15.363862
1779380514416335741,MATCHED,1722,1779380514416335741,1739,1779380514398989683,17346058,17.346058
1779380514450185093,MATCHED,1723,1779380514450185093,1740,1779380514448776681,1408412,1.408412
1779380514483665226,MATCHED,1724,1779380514483665226,1741,1779380514471764013,11901213,11.901213
1779380514516295683,MATCHED,1725,1779380514516295683,1742,1779380514500691713,15603970,15.603970
1779380514549615911,MATCHED,1726,1779380514549615911,1744,1779380514559356699,-9740788,-9.740788
1779380514582922768,MATCHED,1727,1779380514582922768,1745,1779380514597576791,-14654023,-14.654023
1779380514616863897,MATCHED,1728,1779380514616863897,1746,1779380514621465540,-4601643,-4.601643
1779380514649941516,MATCHED,1729,1779380514649941516,1747,1779380514655508672,-5567156,-5.567156
1779380514683051450,MATCHED,1730,1779380514683051450,1748,1779380514689519897,-6468447,-6.468447
1779380514716073014,MATCHED,1731,1779380514716073014,1749,1779380514730663942,-14590928,-14.590928
1779380514750084864,MATCHED,1732,1779380514750084864,1750,1779380514756263990,-6179126,-6.179126
1779380514782808876,MATCHED,1733,1779380514782808876,1751,1779380514798806187,-15997311,-15.997311
1779380514816660654,MATCHED,1734,1779380514816660654,1752,1779380514831979550,-15318896,-15.318896
1779380514850000363,MATCHED,1735,1779380514850000363,1753,1779380514865372837,-15372474,-15.372474
1779380514882667116,MATCHED,1736,1779380514882667116,1754,1779380514898676847,-16009731,-16.009731
1779380514916575578,MATCHED,1737,1779380514916575578,1755,1779380514932201669,-15626091,-15.626091
1779380514949315016,MATCHED,1738,1779380514949315016,1755,1779380514932201669,17113347,17.113347
1779380514984221542,MATCHED,1739,1779380514984221542,1757,1779380514998738227,-14516685,-14.516685
1779380515020543460,MATCHED,1740,1779380515020543460,1758,1779380515031967607,-11424147,-11.424147
1779380515050786091,MATCHED,1741,1779380515050786091,1759,1779380515065630577,-14844486,-14.844486
1779380515084805126,MATCHED,1742,1779380515084805126,1760,1779380515098663219,-13858093,-13.858093
1779380515115512362,MATCHED,1743,1779380515115512362,1761,1779380515131991525,-16479163,-16.479163
1779380515148650184,MATCHED,1744,1779380515148650184,1762,1779380515165032167,-16381983,-16.381983
1779380515182506888,MATCHED,1745,1779380515182506888,1763,1779380515199380037,-16873149,-16.873149
1779380515215489582,MATCHED,1746,1779380515215489582,1763,1779380515199380037,16109545,16.109545
1779380515248814643,MATCHED,1747,1779380515248814643,1764,1779380515232581714,16232929,16.232929
1779380515282715476,MATCHED,1748,1779380515282715476,1766,1779380515298676442,-15960966,-15.960966
1779380515315905983,MATCHED,1749,1779380515315905983,1767,1779380515331628678,-15722695,-15.722695
1779380515349634058,MATCHED,1750,1779380515349634058,1768,1779380515365686828,-16052770,-16.052770
1779380515384558177,MATCHED,1751,1779380515384558177,1769,1779380515399119689,-14561512,-14.561512
1779380515415745056,MATCHED,1752,1779380515415745056,1770,1779380515432366458,-16621402,-16.621402
1779380515449174801,MATCHED,1753,1779380515449174801,1771,1779380515465840300,-16665499,-16.665499
1779380515482753304,MATCHED,1754,1779380515482753304,1772,1779380515499252438,-16499134,-16.499134
1779380515515763091,MATCHED,1755,1779380515515763091,1772,1779380515499252438,16510653,16.510653
1779380515548992042,MATCHED,1756,1779380515548992042,1773,1779380515532486263,16505779,16.505779
1779380515582338288,MATCHED,1757,1779380515582338288,1775,1779380515598050515,-15712227,-15.712227
1779380515615820754,MATCHED,1758,1779380515615820754,1776,1779380515631622597,-15801843,-15.801843
1779380515649049094,MATCHED,1759,1779380515649049094,1777,1779380515664868625,-15819531,-15.819531
1779380515683019482,MATCHED,1760,1779380515683019482,1778,1779380515698231246,-15211764,-15.211764
1779380515716268821,MATCHED,1761,1779380515716268821,1779,1779380515731574533,-15305712,-15.305712
1779380515749022166,MATCHED,1762,1779380515749022166,1780,1779380515764767914,-15745748,-15.745748
1779380515782918758,MATCHED,1763,1779380515782918758,1780,1779380515764767914,18150844,18.150844
1779380515815628937,MATCHED,1764,1779380515815628937,1781,1779380515801357707,14271230,14.271230
1779380515849699972,MATCHED,1765,1779380515849699972,1783,1779380515865690193,-15990221,-15.990221
1779380515882908775,MATCHED,1766,1779380515882908775,1784,1779380515896949167,-14040392,-14.040392
1779380515915606712,MATCHED,1767,1779380515915606712,1785,1779380515929728960,-14122248,-14.122248
1779380515949579896,MATCHED,1768,1779380515949579896,1786,1779380515963374985,-13795089,-13.795089
1779380515982238927,MATCHED,1769,1779380515982238927,1787,1779380515999644169,-17405242,-17.405242
1779380516016158093,MATCHED,1770,1779380516016158093,1788,1779380516031455694,-15297601,-15.297601
1779380516048992196,MATCHED,1771,1779380516048992196,1789,1779380516064834369,-15842173,-15.842173
1779380516083327988,MATCHED,1772,1779380516083327988,1790,1779380516098266396,-14938408,-14.938408
1779380516115624485,MATCHED,1773,1779380516115624485,1791,1779380516131468629,-15844144,-15.844144
1779380516149490318,MATCHED,1774,1779380516149490318,1792,1779380516164851657,-15361339,-15.361339
1779380516182166220,MATCHED,1775,1779380516182166220,1792,1779380516164851657,17314563,17.314563
1779380516216129367,MATCHED,1776,1779380516216129367,1794,1779380516231482954,-15353587,-15.353587
1779380516248906989,MATCHED,1777,1779380516248906989,1795,1779380516264894463,-15987474,-15.987474
1779380516282233494,MATCHED,1778,1779380516282233494,1796,1779380516298676357,-16442863,-16.442863
1779380516316148197,MATCHED,1779,1779380516316148197,1797,1779380516331464538,-15316341,-15.316341
1779380516349584979,MATCHED,1780,1779380516349584979,1798,1779380516364750715,-15165736,-15.165736
1779380516382152382,MATCHED,1781,1779380516382152382,1799,1779380516398364148,-16211766,-16.211766
1779380516416051937,MATCHED,1782,1779380516416051937,1799,1779380516398364148,17687789,17.687789
1779380516448677412,MATCHED,1783,1779380516448677412,1800,1779380516447605169,1072243,1.072243
1779380516482918427,MATCHED,1784,1779380516482918427,1801,1779380516469002776,13915651,13.915651
1779380516515697771,MATCHED,1785,1779380516515697771,1802,1779380516500530303,15167468,15.167468
1779380516549362458,MATCHED,1786,1779380516549362458,1804,1779380516564720754,-15358296,-15.358296
1779380516582040693,MATCHED,1787,1779380516582040693,1805,1779380516598720720,-16680027,-16.680027
1779380516625416390,MATCHED,1788,1779380516625416390,1806,1779380516631249422,-5833032,-5.833032
1779380516670170517,MATCHED,1789,1779380516670170517,1807,1779380516664726504,5444013,5.444013
1779380516702229388,MATCHED,1790,1779380516702229388,1808,1779380516698480510,3748878,3.748878
1779380516739837182,MATCHED,1791,1779380516739837182,1809,1779380516731588410,8248772,8.248772
1779380516768074722,MATCHED,1792,1779380516768074722,1810,1779380516764965956,3108766,3.108766
1779380516800544570,MATCHED,1793,1779380516800544570,1811,1779380516798499279,2045291,2.045291
1779380516833755836,MATCHED,1794,1779380516833755836,1812,1779380516831437051,2318785,2.318785
1779380516867147377,MATCHED,1795,1779380516867147377,1813,1779380516864864579,2282798,2.282798
1779380516903191206,MATCHED,1796,1779380516903191206,1814,1779380516897981368,5209838,5.209838
1779380516933792962,MATCHED,1797,1779380516933792962,1815,1779380516931753892,2039070,2.039070
1779380516967004802,MATCHED,1798,1779380516967004802,1816,1779380516964447167,2557635,2.557635
1779380516999151691,MATCHED,1799,1779380516999151691,1817,1779380516997771435,1380256,1.380256
1779380517046549753,MATCHED,1800,1779380517046549753,1819,1779380517064500509,-17950756,-17.950756
1779380517068003679,MATCHED,1801,1779380517068003679,1819,1779380517064500509,3503170,3.503170
1779380517100154104,MATCHED,1802,1779380517100154104,1820,1779380517097683391,2470713,2.470713
1779380517133327407,MATCHED,1803,1779380517133327407,1821,1779380517131135158,2192249,2.192249
1779380517165446999,MATCHED,1804,1779380517165446999,1822,1779380517164415872,1031127,1.031127
1779380517198501470,MATCHED,1805,1779380517198501470,1823,1779380517197743122,758348,0.758348
1779380517232456062,MATCHED,1806,1779380517232456062,1824,1779380517231133076,1322986,1.322986
1779380517265782141,MATCHED,1807,1779380517265782141,1825,1779380517264520270,1261871,1.261871
1779380517299460476,MATCHED,1808,1779380517299460476,1826,1779380517297669485,1790991,1.790991
1779380517332682872,MATCHED,1809,1779380517332682872,1827,1779380517330898662,1784210,1.784210
1779380517365709880,MATCHED,1810,1779380517365709880,1828,1779380517364394244,1315636,1.315636
1779380517399218069,MATCHED,1811,1779380517399218069,1829,1779380517397593255,1624814,1.624814
1779380517433460473,MATCHED,1812,1779380517433460473,1830,1779380517432278659,1181814,1.181814
1779380517466803404,MATCHED,1813,1779380517466803404,1831,1779380517464366588,2436816,2.436816
1779380517499649581,MATCHED,1814,1779380517499649581,1832,1779380517497579450,2070131,2.070131
1779380517529275699,MATCHED,1815,1779380517529275699,1833,1779380517531452769,-2177070,-2.177070
1779380517549322713,MATCHED,1816,1779380517549322713,1834,1779380517564333579,-15010866,-15.010866
1779380517582108279,MATCHED,1817,1779380517582108279,1835,1779380517597544423,-15436144,-15.436144
1779380517615217768,MATCHED,1818,1779380517615217768,1836,1779380517630868063,-15650295,-15.650295
1779380517648726716,MATCHED,1819,1779380517648726716,1837,1779380517664419644,-15692928,-15.692928
1779380517684917229,MATCHED,1820,1779380517684917229,1838,1779380517697444046,-12526817,-12.526817
1779380517716350847,MATCHED,1821,1779380517716350847,1839,1779380517730815481,-14464634,-14.464634
1779380517750669564,MATCHED,1822,1779380517750669564,1840,1779380517764219286,-13549722,-13.549722
1779380517781365690,MATCHED,1823,1779380517781365690,1841,1779380517797379093,-16013403,-16.013403
1779380517816060459,MATCHED,1824,1779380517816060459,1842,1779380517831524650,-15464191,-15.464191
1779380517851649533,MATCHED,1825,1779380517851649533,1843,1779380517864215129,-12565596,-12.565596
1779380517888280949,MATCHED,1826,1779380517888280949,1844,1779380517897440491,-9159542,-9.159542
1779380517920046433,MATCHED,1827,1779380517920046433,1845,1779380517930746909,-10700476,-10.700476
1779380517955137587,MATCHED,1828,1779380517955137587,1846,1779380517964039937,-8902350,-8.902350
1779380517987204624,MATCHED,1829,1779380517987204624,1847,1779380517997455779,-10251155,-10.251155
1779380518019903766,MATCHED,1830,1779380518019903766,1848,1779380518030933472,-11029706,-11.029706
1779380518060289031,MATCHED,1831,1779380518060289031,1849,1779380518064220964,-3931933,-3.931933
1779380518092627010,MATCHED,1832,1779380518092627010,1850,1779380518097484918,-4857908,-4.857908
1779380518124481568,MATCHED,1833,1779380518124481568,1851,1779380518130719133,-6237565,-6.237565
1779380518158312235,MATCHED,1834,1779380518158312235,1852,1779380518164617711,-6305476,-6.305476
1779380518183013848,MATCHED,1835,1779380518183013848,1853,1779380518197650575,-14636727,-14.636727
1779380518217650747,MATCHED,1836,1779380518217650747,1854,1779380518230617810,-12967063,-12.967063
1779380518257256465,MATCHED,1837,1779380518257256465,1855,1779380518266512776,-9256311,-9.256311
1779380518284015650,MATCHED,1838,1779380518284015650,1856,1779380518298428485,-14412835,-14.412835
1779380518314961903,MATCHED,1839,1779380518314961903,1856,1779380518298428485,16533418,16.533418
1779380518348480517,MATCHED,1840,1779380518348480517,1857,1779380518331519089,16961428,16.961428
1779380518381101474,MATCHED,1841,1779380518381101474,1858,1779380518365982310,15119164,15.119164
1779380518415199750,MATCHED,1842,1779380518415199750,1859,1779380518397803890,17395860,17.395860
1779380518449233377,MATCHED,1843,1779380518449233377,1860,1779380518438879805,10353572,10.353572
1779380518480992806,MATCHED,1844,1779380518480992806,1862,1779380518485715850,-4723044,-4.723044
1779380518514374793,MATCHED,1845,1779380518514374793,1863,1779380518519978740,-5603947,-5.603947
1779380518548172738,MATCHED,1846,1779380518548172738,1864,1779380518551464138,-3291400,-3.291400
1779380518581492799,MATCHED,1847,1779380518581492799,1865,1779380518585372049,-3879250,-3.879250
1779380518614376235,MATCHED,1848,1779380518614376235,1866,1779380518621615975,-7239740,-7.239740
1779380518648186754,MATCHED,1849,1779380518648186754,1867,1779380518654583932,-6397178,-6.397178
1779380518680931580,MATCHED,1850,1779380518680931580,1868,1779380518696338563,-15406983,-15.406983
1779380518714853487,MATCHED,1851,1779380518714853487,1869,1779380518711759599,3093888,3.093888
1779380518747465963,MATCHED,1852,1779380518747465963,1870,1779380518736322379,11143584,11.143584
1779380518781383573,MATCHED,1853,1779380518781383573,1871,1779380518770345122,11038451,11.038451
1779380518814172399,MATCHED,1854,1779380518814172399,1872,1779380518801850427,12321972,12.321972
1779380518848014436,MATCHED,1855,1779380518848014436,1873,1779380518838948604,9065832,9.065832
1779380518880784095,MATCHED,1856,1779380518880784095,1874,1779380518875979411,4804684,4.804684
1779380518914709335,MATCHED,1857,1779380518914709335,1875,1779380518909020108,5689227,5.689227
1779380518948319671,MATCHED,1858,1779380518948319671,1876,1779380518940248879,8070792,8.070792
1779380518981361939,MATCHED,1859,1779380518981361939,1877,1779380518975006560,6355379,6.355379
1779380519018843605,MATCHED,1860,1779380519018843605,1878,1779380519006444514,12399091,12.399091
1779380519050261463,MATCHED,1861,1779380519050261463,1879,1779380519041876966,8384497,8.384497
1779380519080808590,MATCHED,1862,1779380519080808590,1880,1779380519072832647,7975943,7.975943
1779380519113935913,MATCHED,1863,1779380519113935913,1881,1779380519107944361,5991552,5.991552
1779380519146933088,MATCHED,1864,1779380519146933088,1882,1779380519139581257,7351831,7.351831
1779380519180462684,MATCHED,1865,1779380519180462684,1883,1779380519174674639,5788045,5.788045
1779380519214213018,MATCHED,1866,1779380519214213018,1884,1779380519202294611,11918407,11.918407
1779380519247383618,MATCHED,1867,1779380519247383618,1885,1779380519237811673,9571945,9.571945
1779380519280655309,MATCHED,1868,1779380519280655309,1886,1779380519274112413,6542896,6.542896
1779380519313976370,MATCHED,1869,1779380519313976370,1887,1779380519303235927,10740443,10.740443
1779380519347170433,MATCHED,1870,1779380519347170433,1888,1779380519337109579,10060854,10.060854
1779380519380502642,MATCHED,1871,1779380519380502642,1889,1779380519370400330,10102312,10.102312
1779380519413908406,MATCHED,1872,1779380519413908406,1890,1779380519404234575,9673831,9.673831
1779380519447146338,MATCHED,1873,1779380519447146338,1891,1779380519436517076,10629262,10.629262
1779380519481800811,MATCHED,1874,1779380519481800811,1892,1779380519470456321,11344490,11.344490
1779380519513897774,MATCHED,1875,1779380519513897774,1893,1779380519502707507,11190267,11.190267
1779380519547137095,MATCHED,1876,1779380519547137095,1894,1779380519536722566,10414529,10.414529
1779380519581307518,MATCHED,1877,1779380519581307518,1895,1779380519569055566,12251952,12.251952
1779380519613955660,MATCHED,1878,1779380519613955660,1896,1779380519603484750,10470910,10.470910
1779380519647717438,MATCHED,1879,1779380519647717438,1897,1779380519636054119,11663319,11.663319
1779380519680456672,MATCHED,1880,1779380519680456672,1898,1779380519669822810,10633862,10.633862
1779380519714349672,MATCHED,1881,1779380519714349672,1899,1779380519704552491,9797181,9.797181
1779380519747720473,MATCHED,1882,1779380519747720473,1900,1779380519737258062,10462411,10.462411
1779380519782064079,MATCHED,1883,1779380519782064079,1901,1779380519770549072,11515007,11.515007
1779380519814283152,MATCHED,1884,1779380519814283152,1902,1779380519802836906,11446246,11.446246
1779380519847558046,MATCHED,1885,1779380519847558046,1903,1779380519837690679,9867367,9.867367
1779380519882294500,MATCHED,1886,1779380519882294500,1904,1779380519870241252,12053248,12.053248
1779380519914281094,MATCHED,1887,1779380519914281094,1905,1779380519903289819,10991275,10.991275
1779380519947540766,MATCHED,1888,1779380519947540766,1906,1779380519935711023,11829743,11.829743
1779380519980807032,MATCHED,1889,1779380519980807032,1907,1779380519969132532,11674500,11.674500
1779380520014229332,MATCHED,1890,1779380520014229332,1908,1779380520003822343,10406989,10.406989
1779380520047513801,MATCHED,1891,1779380520047513801,1909,1779380520036042974,11470827,11.470827
1779380520080308590,MATCHED,1892,1779380520080308590,1910,1779380520068470974,11837616,11.837616
1779380520114573475,MATCHED,1893,1779380520114573475,1911,1779380520105136877,9436598,9.436598
1779380520147498540,MATCHED,1894,1779380520147498540,1912,1779380520135425953,12072587,12.072587
1779380520180154349,MATCHED,1895,1779380520180154349,1913,1779380520168676649,11477700,11.477700
1779380520214038033,MATCHED,1896,1779380520214038033,1914,1779380520202787447,11250586,11.250586
1779380520247463816,MATCHED,1897,1779380520247463816,1915,1779380520235012782,12451034,12.451034
1779380520280699674,MATCHED,1898,1779380520280699674,1916,1779380520269403651,11296023,11.296023
1779380520313339501,MATCHED,1899,1779380520313339501,1917,1779380520303802762,9536739,9.536739
1779380520347455647,MATCHED,1900,1779380520347455647,1918,1779380520334677406,12778241,12.778241
1779380520380156251,MATCHED,1901,1779380520380156251,1919,1779380520368913129,11243122,11.243122
1779380520414010010,MATCHED,1902,1779380520414010010,1920,1779380520413822526,187484,0.187484
1779380520446781873,MATCHED,1903,1779380520446781873,1921,1779380520437546814,9235059,9.235059
1779380520480653392,MATCHED,1904,1779380520480653392,1922,1779380520468586383,12067009,12.067009
1779380520514384541,MATCHED,1905,1779380520514384541,1923,1779380520500248742,14135799,14.135799
1779380520546788927,MATCHED,1906,1779380520546788927,1924,1779380520533100682,13688245,13.688245
1779380520582371353,MATCHED,1907,1779380520582371353,1925,1779380520566339396,16031957,16.031957
1779380520613333142,MATCHED,1908,1779380520613333142,1926,1779380520599946940,13386202,13.386202
1779380520647955338,MATCHED,1909,1779380520647955338,1927,1779380520633216580,14738758,14.738758
1779380520680490074,MATCHED,1910,1779380520680490074,1928,1779380520667414766,13075308,13.075308
1779380520713239678,MATCHED,1911,1779380520713239678,1929,1779380520700637647,12602031,12.602031
1779380520747595339,MATCHED,1912,1779380520747595339,1930,1779380520733948398,13646941,13.646941
1779380520781221379,MATCHED,1913,1779380520781221379,1931,1779380520767316018,13905361,13.905361
1779380520813586672,MATCHED,1914,1779380520813586672,1932,1779380520800540491,13046181,13.046181
1779380520847567448,MATCHED,1915,1779380520847567448,1933,1779380520833845149,13722299,13.722299
1779380520880437496,MATCHED,1916,1779380520880437496,1934,1779380520867910633,12526863,12.526863
1779380520914220885,MATCHED,1917,1779380520914220885,1935,1779380520901238643,12982242,12.982242
1779380520948369141,MATCHED,1918,1779380520948369141,1936,1779380520934540819,13828322,13.828322
1779380520982315214,MATCHED,1919,1779380520982315214,1937,1779380520968268158,14047056,14.047056
1779380521019893509,MATCHED,1920,1779380521019893509,1939,1779380521034710883,-14817374,-14.817374
1779380521048174085,MATCHED,1921,1779380521048174085,1939,1779380521034710883,13463202,13.463202
1779380521081612016,MATCHED,1922,1779380521081612016,1940,1779380521067974282,13637734,13.637734
1779380521117994952,MATCHED,1923,1779380521117994952,1942,1779380521134487618,-16492666,-16.492666
1779380521146408657,MATCHED,1924,1779380521146408657,1942,1779380521134487618,11921039,11.921039
1779380521179337648,MATCHED,1925,1779380521179337648,1943,1779380521167753498,11584150,11.584150
1779380521213380739,MATCHED,1926,1779380521213380739,1944,1779380521201181433,12199306,12.199306
1779380521247048518,MATCHED,1927,1779380521247048518,1945,1779380521238126148,8922370,8.922370
1779380521281264551,MATCHED,1928,1779380521281264551,1946,1779380521267649842,13614709,13.614709
1779380521314869721,MATCHED,1929,1779380521314869721,1947,1779380521301950046,12919675,12.919675
1779380521348787664,MATCHED,1930,1779380521348787664,1948,1779380521334522137,14265527,14.265527
1779380521379888174,MATCHED,1931,1779380521379888174,1949,1779380521368822637,11065537,11.065537
1779380521416731606,MATCHED,1932,1779380521416731606,1950,1779380521401438283,15293323,15.293323
1779380521446541537,MATCHED,1933,1779380521446541537,1951,1779380521436675997,9865540,9.865540
1779380521479612008,MATCHED,1934,1779380521479612008,1952,1779380521469331420,10280588,10.280588
1779380521513147123,MATCHED,1935,1779380521513147123,1953,1779380521501991918,11155205,11.155205
1779380521546323037,MATCHED,1936,1779380521546323037,1954,1779380521535121799,11201238,11.201238
1779380521580191148,MATCHED,1937,1779380521580191148,1955,1779380521568126423,12064725,12.064725
1779380521613470117,MATCHED,1938,1779380521613470117,1956,1779380521602982566,10487551,10.487551
1779380521646229036,MATCHED,1939,1779380521646229036,1957,1779380521636835145,9393891,9.393891
1779380521681856165,MATCHED,1940,1779380521681856165,1958,1779380521669533938,12322227,12.322227
1779380521713463633,MATCHED,1941,1779380521713463633,1959,1779380521703262629,10201004,10.201004
1779380521746184719,MATCHED,1942,1779380521746184719,1960,1779380521738041254,8143465,8.143465
1779380521780189828,MATCHED,1943,1779380521780189828,1961,1779380521768441403,11748425,11.748425
1779380521812783471,MATCHED,1944,1779380521812783471,1962,1779380521804067798,8715673,8.715673
1779380521846747655,MATCHED,1945,1779380521846747655,1963,1779380521834644315,12103340,12.103340
1779380521879346279,MATCHED,1946,1779380521879346279,1964,1779380521868820520,10525759,10.525759
1779380521913371389,MATCHED,1947,1779380521913371389,1965,1779380521901605591,11765798,11.765798
1779380521946694727,MATCHED,1948,1779380521946694727,1966,1779380521936078645,10616082,10.616082
1779380521979469609,MATCHED,1949,1779380521979469609,1967,1779380521969089120,10380489,10.380489
1779380522015181960,MATCHED,1950,1779380522015181960,1968,1779380522010029241,5152719,5.152719
1779380522046332358,MATCHED,1951,1779380522046332358,1969,1779380522038264282,8068076,8.068076
1779380522079954139,MATCHED,1952,1779380522079954139,1970,1779380522069220092,10734047,10.734047
1779380522113433254,MATCHED,1953,1779380522113433254,1971,1779380522101476556,11956698,11.956698
1779380522146595390,MATCHED,1954,1779380522146595390,1972,1779380522138048460,8546930,8.546930
1779380522179126793,MATCHED,1955,1779380522179126793,1973,1779380522167676950,11449843,11.449843
1779380522213219346,MATCHED,1956,1779380522213219346,1974,1779380522201998858,11220488,11.220488
1779380522245754823,MATCHED,1957,1779380522245754823,1975,1779380522236496486,9258337,9.258337
1779380522282837548,MATCHED,1958,1779380522282837548,1976,1779380522267825477,15012071,15.012071
1779380522314202722,MATCHED,1959,1779380522314202722,1977,1779380522300962989,13239733,13.239733
1779380522346845587,MATCHED,1960,1779380522346845587,1978,1779380522335064232,11781355,11.781355
1779380522383264504,MATCHED,1961,1779380522383264504,1979,1779380522368419741,14844763,14.844763
1779380522416861655,MATCHED,1962,1779380522416861655,1980,1779380522413474396,3387259,3.387259
1779380522446069759,MATCHED,1963,1779380522446069759,1981,1779380522437162166,8907593,8.907593
1779380522479906630,MATCHED,1964,1779380522479906630,1982,1779380522468329400,11577230,11.577230
1779380522513153821,MATCHED,1965,1779380522513153821,1983,1779380522499407320,13746501,13.746501
1779380522565621961,MATCHED,1966,1779380522565621961,1985,1779380522565711102,-89141,-0.089141
1779380522598972688,MATCHED,1967,1779380522598972688,1986,1779380522599068704,-96016,-0.096016
1779380522631755107,MATCHED,1968,1779380522631755107,1987,1779380522632427843,-672736,-0.672736
1779380522665865123,MATCHED,1969,1779380522665865123,1988,1779380522666586678,-721555,-0.721555
1779380522698356155,MATCHED,1970,1779380522698356155,1989,1779380522699872280,-1516125,-1.516125
1779380522731178962,MATCHED,1971,1779380522731178962,1990,1779380522733129753,-1950791,-1.950791
1779380522767052812,MATCHED,1972,1779380522767052812,1991,1779380522766965443,87369,0.087369
1779380522795511145,MATCHED,1973,1779380522795511145,1992,1779380522800517821,-5006676,-5.006676
1779380522828818484,MATCHED,1974,1779380522828818484,1993,1779380522833862812,-5044328,-5.044328
1779380522868887346,MATCHED,1975,1779380522868887346,1994,1779380522869475984,-588638,-0.588638
1779380522898895015,MATCHED,1976,1779380522898895015,1995,1779380522900479776,-1584761,-1.584761
1779380522934622922,MATCHED,1977,1779380522934622922,1996,1779380522933783563,839359,0.839359
1779380522967328174,MATCHED,1978,1779380522967328174,1997,1779380522967192016,136158,0.136158
1779380522996835627,MATCHED,1979,1779380522996835627,1998,1779380523000567470,-3731843,-3.731843
1779380523038023513,MATCHED,1980,1779380523038023513,1999,1779380523033979349,4044164,4.044164
1779380523067965295,MATCHED,1981,1779380523067965295,2000,1779380523067774706,190589,0.190589
1779380523097521080,MATCHED,1982,1779380523097521080,2001,1779380523100786996,-3265916,-3.265916
1779380523129404082,MATCHED,1983,1779380523129404082,2002,1779380523133901063,-4496981,-4.496981
1779380523164663160,MATCHED,1984,1779380523164663160,2003,1779380523169008333,-4345173,-4.345173
1779380523195877188,MATCHED,1985,1779380523195877188,2004,1779380523202386861,-6509673,-6.509673
1779380523229275137,MATCHED,1986,1779380523229275137,2005,1779380523234589882,-5314745,-5.314745
1779380523263526873,MATCHED,1987,1779380523263526873,2006,1779380523270703179,-7176306,-7.176306
1779380523296759028,MATCHED,1988,1779380523296759028,2007,1779380523300919645,-4160617,-4.160617
1779380523330470733,MATCHED,1989,1779380523330470733,2008,1779380523334919518,-4448785,-4.448785
1779380523367973380,MATCHED,1990,1779380523367973380,2009,1779380523367345277,628103,0.628103
1779380523399050705,MATCHED,1991,1779380523399050705,2010,1779380523400441918,-1391213,-1.391213
1779380523431804420,MATCHED,1992,1779380523431804420,2011,1779380523434357996,-2553576,-2.553576
1779380523467539012,MATCHED,1993,1779380523467539012,2012,1779380523468278333,-739321,-0.739321
1779380523496739542,MATCHED,1994,1779380523496739542,2013,1779380523501544862,-4805320,-4.805320
1779380523530439580,MATCHED,1995,1779380523530439580,2014,1779380523533938621,-3499041,-3.499041
1779380523563938325,MATCHED,1996,1779380523563938325,2015,1779380523567933013,-3994688,-3.994688
1779380523597385107,MATCHED,1997,1779380523597385107,2016,1779380523601211357,-3826250,-3.826250
1779380523630989609,MATCHED,1998,1779380523630989609,2017,1779380523634433738,-3444129,-3.444129
1779380523665014645,MATCHED,1999,1779380523665014645,2018,1779380523666860293,-1845648,-1.845648
1779380523699158604,MATCHED,2000,1779380523699158604,2019,1779380523700935499,-1776895,-1.776895
1779380523733500284,MATCHED,2001,1779380523733500284,2020,1779380523761693446,-28193162,-28.193162
1779380523764805496,MATCHED,2002,1779380523764805496,2020,1779380523761693446,3112050,3.112050
1779380523796504944,MATCHED,2003,1779380523796504944,2021,1779380523795257064,1247880,1.247880
1779380523830735866,MATCHED,2004,1779380523830735866,2022,1779380523828637277,2098589,2.098589
1779380523863987076,MATCHED,2005,1779380523863987076,2023,1779380523862624262,1362814,1.362814
1779380523898613476,MATCHED,2006,1779380523898613476,2024,1779380523895295481,3317995,3.317995
1779380523930814993,MATCHED,2007,1779380523930814993,2025,1779380523928505862,2309131,2.309131
1779380523961959947,MATCHED,2008,1779380523961959947,2026,1779380523961803594,156353,0.156353
1779380523996811548,MATCHED,2009,1779380523996811548,2027,1779380523995366102,1445446,1.445446
1779380524028198666,MATCHED,2010,1779380524028198666,2028,1779380524028570872,-372206,-0.372206
1779380524064620769,MATCHED,2011,1779380524064620769,2029,1779380524061840808,2779961,2.779961
1779380524097574259,MATCHED,2012,1779380524097574259,2030,1779380524095277390,2296869,2.296869
1779380524129641611,MATCHED,2013,1779380524129641611,2031,1779380524128519178,1122433,1.122433
1779380524162210125,MATCHED,2014,1779380524162210125,2032,1779380524161758726,451399,0.451399
1779380524194921840,MATCHED,2015,1779380524194921840,2033,1779380524195718637,-796797,-0.796797
1779380524227086802,MATCHED,2016,1779380524227086802,2034,1779380524228525392,-1438590,-1.438590
1779380524263807420,MATCHED,2017,1779380524263807420,2035,1779380524261850291,1957129,1.957129
1779380524298230526,MATCHED,2018,1779380524298230526,2036,1779380524289616521,8614005,8.614005
1779380524330170953,MATCHED,2019,1779380524330170953,2037,1779380524328434292,1736661,1.736661
1779380524362635801,MATCHED,2020,1779380524362635801,2038,1779380524361687654,948147,0.948147
1779380524398924294,MATCHED,2021,1779380524398924294,2039,1779380524395665602,3258692,3.258692
1779380524429519439,MATCHED,2022,1779380524429519439,2040,1779380524444726125,-15206686,-15.206686
1779380524465728155,MATCHED,2023,1779380524465728155,2041,1779380524467737198,-2009043,-2.009043
1779380524498666850,MATCHED,2024,1779380524498666850,2042,1779380524490008648,8658202,8.658202
1779380524532533442,MATCHED,2025,1779380524532533442,2043,1779380524528379127,4154315,4.154315
1779380524564289501,MATCHED,2026,1779380524564289501,2044,1779380524553630215,10659286,10.659286
1779380524597222047,MATCHED,2027,1779380524597222047,2045,1779380524595011850,2210197,2.210197
1779380524629275362,MATCHED,2028,1779380524629275362,2046,1779380524628192954,1082408,1.082408
1779380524663617135,MATCHED,2029,1779380524663617135,2047,1779380524661511037,2106098,2.106098
1779380524697608356,MATCHED,2030,1779380524697608356,2048,1779380524696117942,1490414,1.490414
1779380524730155629,MATCHED,2031,1779380524730155629,2049,1779380524728273667,1881962,1.881962
1779380524762418071,MATCHED,2032,1779380524762418071,2050,1779380524761532584,885487,0.885487
1779380524796588271,MATCHED,2033,1779380524796588271,2051,1779380524795194757,1393514,1.393514
1779380524829046101,MATCHED,2034,1779380524829046101,2052,1779380524828172955,873146,0.873146
1779380524865152429,MATCHED,2035,1779380524865152429,2053,1779380524861697759,3454670,3.454670
1779380524900023900,MATCHED,2036,1779380524900023900,2054,1779380524895011250,5012650,5.012650
1779380524931785366,MATCHED,2037,1779380524931785366,2055,1779380524928225483,3559883,3.559883
1779380524963261798,MATCHED,2038,1779380524963261798,2056,1779380524961513197,1748601,1.748601
1779380524996752765,MATCHED,2039,1779380524996752765,2057,1779380524994839262,1913503,1.913503
1779380525042897100,MATCHED,2040,1779380525042897100,2058,1779380525028170012,14727088,14.727088
1779380525064347470,MATCHED,2041,1779380525064347470,2059,1779380525061477689,2869781,2.869781
1779380525096708208,MATCHED,2042,1779380525096708208,2060,1779380525096491163,217045,0.217045
1779380525130796372,MATCHED,2043,1779380525130796372,2061,1779380525128194948,2601424,2.601424
1779380525161860882,MATCHED,2044,1779380525161860882,2062,1779380525161384681,476201,0.476201
1779380525195100907,MATCHED,2045,1779380525195100907,2063,1779380525194833597,267310,0.267310
1779380525231704101,MATCHED,2046,1779380525231704101,2064,1779380525228095459,3608642,3.608642
1779380525262810629,MATCHED,2047,1779380525262810629,2065,1779380525261538634,1271995,1.271995
1779380525297009663,MATCHED,2048,1779380525297009663,2066,1779380525294733312,2276351,2.276351
1779380525328830665,MATCHED,2049,1779380525328830665,2067,1779380525328071506,759159,0.759159
1779380525362434112,MATCHED,2050,1779380525362434112,2068,1779380525361403460,1030652,1.030652
1779380525395567379,MATCHED,2051,1779380525395567379,2069,1779380525394677822,889557,0.889557
1779380525428701738,MATCHED,2052,1779380525428701738,2070,1779380525428278422,423316,0.423316
1779380525463224861,MATCHED,2053,1779380525463224861,2071,1779380525461416526,1808335,1.808335
1779380525497693521,MATCHED,2054,1779380525497693521,2072,1779380525494633314,3060207,3.060207
1779380525533183560,MATCHED,2055,1779380525533183560,2073,1779380525530625112,2558448,2.558448
1779380525564217348,MATCHED,2056,1779380525564217348,2074,1779380525561420665,2796683,2.796683
1779380525595607466,MATCHED,2057,1779380525595607466,2075,1779380525594720582,886884,0.886884
1779380525631577370,MATCHED,2058,1779380525631577370,2076,1779380525628032685,3544685,3.544685
1779380525662454494,MATCHED,2059,1779380525662454494,2077,1779380525661410490,1044004,1.044004
1779380525696572102,MATCHED,2060,1779380525696572102,2078,1779380525694642519,1929583,1.929583
1779380525728742657,MATCHED,2061,1779380525728742657,2079,1779380525727838326,904331,0.904331
1779380525763618738,MATCHED,2062,1779380525763618738,2080,1779380525761296223,2322515,2.322515
1779380525795385890,MATCHED,2063,1779380525795385890,2081,1779380525794691899,693991,0.693991
1779380525831923917,MATCHED,2064,1779380525831923917,2082,1779380525827912243,4011674,4.011674
1779380525862963576,MATCHED,2065,1779380525862963576,2083,1779380525861302400,1661176,1.661176
1779380525895601552,MATCHED,2066,1779380525895601552,2084,1779380525894522892,1078660,1.078660
1779380525929466978,MATCHED,2067,1779380525929466978,2085,1779380525928909002,557976,0.557976
1779380525961902492,MATCHED,2068,1779380525961902492,2086,1779380525961300873,601619,0.601619
1779380525996232913,MATCHED,2069,1779380525996232913,2087,1779380525994584290,1648623,1.648623
1779380526028930425,MATCHED,2070,1779380526028930425,2088,1779380526028037262,893163,0.893163
1779380526062928516,MATCHED,2071,1779380526062928516,2089,1779380526061300587,1627929,1.627929
1779380526098785477,MATCHED,2072,1779380526098785477,2090,1779380526094562282,4223195,4.223195
1779380526131933966,MATCHED,2073,1779380526131933966,2091,1779380526127881773,4052193,4.052193
1779380526164104094,MATCHED,2074,1779380526164104094,2092,1779380526161114154,2989940,2.989940
1779380526196430295,MATCHED,2075,1779380526196430295,2093,1779380526194508089,1922206,1.922206
1779380526228773996,MATCHED,2076,1779380526228773996,2094,1779380526227695340,1078656,1.078656
1779380526265528170,MATCHED,2077,1779380526265528170,2095,1779380526260986424,4541746,4.541746
1779380526296305368,MATCHED,2078,1779380526296305368,2096,1779380526294398007,1907361,1.907361
1779380526328721494,MATCHED,2079,1779380526328721494,2097,1779380526329216539,-495045,-0.495045
1779380526364919840,MATCHED,2080,1779380526364919840,2098,1779380526361122581,3797259,3.797259
1779380526395331172,MATCHED,2081,1779380526395331172,2099,1779380526394535553,795619,0.795619
1779380526430546195,MATCHED,2082,1779380526430546195,2100,1779380526444145052,-13598857,-13.598857
1779380526466307083,MATCHED,2083,1779380526466307083,2101,1779380526465642714,664369,0.664369
1779380526495021358,MATCHED,2084,1779380526495021358,2102,1779380526496138251,-1116893,-1.116893
1779380526526333403,MATCHED,2085,1779380526526333403,2103,1779380526530221624,-3888221,-3.888221
1779380526557744743,MATCHED,2086,1779380526557744743,2104,1779380526559536950,-1792207,-1.792207
1779380526582984962,MATCHED,2087,1779380526582984962,2105,1779380526585145979,-2161017,-2.161017
1779380526613015354,MATCHED,2088,1779380526613015354,2106,1779380526617024447,-4009093,-4.009093
1779380526649360513,MATCHED,2089,1779380526649360513,2107,1779380526652725545,-3365032,-3.365032
1779380526679881807,MATCHED,2090,1779380526679881807,2108,1779380526694285215,-14403408,-14.403408
1779380526710962521,MATCHED,2091,1779380526710962521,2108,1779380526694285215,16677306,16.677306
1779380526746052693,MATCHED,2092,1779380526746052693,2110,1779380526756251631,-10198938,-10.198938
1779380526777540699,MATCHED,2093,1779380526777540699,2111,1779380526796875977,-19335278,-19.335278
1779380526811429440,MATCHED,2094,1779380526811429440,2111,1779380526796875977,14553463,14.553463
1779380526844109841,MATCHED,2095,1779380526844109841,2112,1779380526828440226,15669615,15.669615
1779380526878076377,MATCHED,2096,1779380526878076377,2114,1779380526894192921,-16116544,-16.116544
1779380526910695630,MATCHED,2097,1779380526910695630,2114,1779380526894192921,16502709,16.502709
1779380526944053117,MATCHED,2098,1779380526944053117,2115,1779380526927664318,16388799,16.388799
1779380526978152577,MATCHED,2099,1779380526978152577,2117,1779380526994209449,-16056872,-16.056872
1779380527015555614,MATCHED,2100,1779380527015555614,2118,1779380527027488700,-11933086,-11.933086
1779380527045420637,MATCHED,2101,1779380527045420637,2119,1779380527060790025,-15369388,-15.369388
1779380527077556711,MATCHED,2102,1779380527077556711,2120,1779380527094303588,-16746877,-16.746877
1779380527110028077,MATCHED,2103,1779380527110028077,2120,1779380527094303588,15724489,15.724489
1779380527143677023,MATCHED,2104,1779380527143677023,2121,1779380527127502191,16174832,16.174832
1779380527176630477,MATCHED,2105,1779380527176630477,2122,1779380527162617628,14012849,14.012849
1779380527210227628,MATCHED,2106,1779380527210227628,2123,1779380527194237024,15990604,15.990604
1779380527243731224,MATCHED,2107,1779380527243731224,2124,1779380527227553645,16177579,16.177579
1779380527278007368,MATCHED,2108,1779380527278007368,2126,1779380527294219164,-16211796,-16.211796
1779380527310762101,MATCHED,2109,1779380527310762101,2126,1779380527294219164,16542937,16.542937
1779380527350756593,MATCHED,2110,1779380527350756593,2128,1779380527360724037,-9967444,-9.967444
1779380527377603684,MATCHED,2111,1779380527377603684,2129,1779380527394079120,-16475436,-16.475436
1779380527410662026,MATCHED,2112,1779380527410662026,2129,1779380527394079120,16582906,16.582906
1779380527444463156,MATCHED,2113,1779380527444463156,2131,1779380527460755028,-16291872,-16.291872
1779380527477572923,MATCHED,2114,1779380527477572923,2132,1779380527494020316,-16447393,-16.447393
1779380527512312618,MATCHED,2115,1779380527512312618,2133,1779380527527314437,-15001819,-15.001819
1779380527545753714,MATCHED,2116,1779380527545753714,2134,1779380527561712380,-15958666,-15.958666
1779380527578361801,MATCHED,2117,1779380527578361801,2135,1779380527594123899,-15762098,-15.762098
1779380527610813501,MATCHED,2118,1779380527610813501,2136,1779380527627195226,-16381725,-16.381725
1779380527646661721,MATCHED,2119,1779380527646661721,2137,1779380527660702919,-14041198,-14.041198
1779380527681289139,MATCHED,2120,1779380527681289139,2138,1779380527693925485,-12636346,-12.636346
1779380527715753207,MATCHED,2121,1779380527715753207,2139,1779380527727306216,-11553009,-11.553009
1779380527749294432,MATCHED,2122,1779380527749294432,2140,1779380527760602670,-11308238,-11.308238
1779380527782109443,MATCHED,2123,1779380527782109443,2141,1779380527793888365,-11778922,-11.778922
1779380527814420940,MATCHED,2124,1779380527814420940,2142,1779380527827095413,-12674473,-12.674473
1779380527848183312,MATCHED,2125,1779380527848183312,2143,1779380527860587588,-12404276,-12.404276
1779380527882816878,MATCHED,2126,1779380527882816878,2144,1779380527893944819,-11127941,-11.127941
1779380527915524426,MATCHED,2127,1779380527915524426,2145,1779380527927108905,-11584479,-11.584479
1779380527944361571,MATCHED,2128,1779380527944361571,2146,1779380527960613005,-16251434,-16.251434
1779380527979243412,MATCHED,2129,1779380527979243412,2147,1779380527996335195,-17091783,-17.091783
1779380528013599055,MATCHED,2130,1779380528013599055,2148,1779380528027126229,-13527174,-13.527174
1779380528045037654,MATCHED,2131,1779380528045037654,2149,1779380528060455165,-15417511,-15.417511
1779380528078146273,MATCHED,2132,1779380528078146273,2150,1779380528093925228,-15778955,-15.778955
1779380528111038598,MATCHED,2133,1779380528111038598,2151,1779380528127270127,-16231529,-16.231529
1779380528144617045,MATCHED,2134,1779380528144617045,2152,1779380528160477971,-15860926,-15.860926
1779380528178277992,MATCHED,2135,1779380528178277992,2153,1779380528193726981,-15448989,-15.448989
1779380528211755940,MATCHED,2136,1779380528211755940,2154,1779380528229526152,-17770212,-17.770212
1779380528243598628,MATCHED,2137,1779380528243598628,2155,1779380528254279541,-10680913,-10.680913
1779380528277672459,MATCHED,2138,1779380528277672459,2156,1779380528293524011,-15851552,-15.851552
1779380528310411100,MATCHED,2139,1779380528310411100,2157,1779380528326007770,-15596670,-15.596670
1779380528343930974,MATCHED,2140,1779380528343930974,2158,1779380528349594615,-5663641,-5.663641
1779380528378418837,MATCHED,2141,1779380528378418837,2159,1779380528389358025,-10939188,-10.939188
1779380528410609484,MATCHED,2142,1779380528410609484,2160,1779380528428582625,-17973141,-17.973141
1779380528443315052,MATCHED,2143,1779380528443315052,2161,1779380528450682725,-7367673,-7.367673
1779380528477443382,MATCHED,2144,1779380528477443382,2162,1779380528495081257,-17637875,-17.637875
1779380528510209727,MATCHED,2145,1779380528510209727,2163,1779380528519325484,-9115757,-9.115757
1779380528543812118,MATCHED,2146,1779380528543812118,2164,1779380528548488646,-4676528,-4.676528
1779380528576606907,MATCHED,2147,1779380528576606907,2165,1779380528572678188,3928719,3.928719
1779380528610435277,MATCHED,2148,1779380528610435277,2166,1779380528600126218,10309059,10.309059
1779380528643128975,MATCHED,2149,1779380528643128975,2167,1779380528631507135,11621840,11.621840
1779380528677262472,MATCHED,2150,1779380528677262472,2168,1779380528665056161,12206311,12.206311
1779380528709796782,MATCHED,2151,1779380528709796782,2169,1779380528702195819,7600963,7.600963
1779380528743742614,MATCHED,2152,1779380528743742614,2170,1779380528738465189,5277425,5.277425
1779380528776455607,MATCHED,2153,1779380528776455607,2171,1779380528770095659,6359948,6.359948
1779380528810305867,MATCHED,2154,1779380528810305867,2172,1779380528804014534,6291333,6.291333
1779380528844117626,MATCHED,2155,1779380528844117626,2173,1779380528836734401,7383225,7.383225
1779380528878039644,MATCHED,2156,1779380528878039644,2174,1779380528869976504,8063140,8.063140
1779380528909904165,MATCHED,2157,1779380528909904165,2175,1779380528903271514,6632651,6.632651
1779380528943769739,MATCHED,2158,1779380528943769739,2176,1779380528937630106,6139633,6.139633
1779380528976462677,MATCHED,2159,1779380528976462677,2177,1779380528969308668,7154009,7.154009
1779380529015437605,MATCHED,2160,1779380529015437605,2178,1779380528999962704,15474901,15.474901
1779380529044470766,MATCHED,2161,1779380529044470766,2179,1779380529036199148,8271618,8.271618
1779380529076524507,MATCHED,2162,1779380529076524507,2180,1779380529069666897,6857610,6.857610
1779380529109078465,MATCHED,2163,1779380529109078465,2181,1779380529099186203,9892262,9.892262
1779380529142643449,MATCHED,2164,1779380529142643449,2182,1779380529132716748,9926701,9.926701
1779380529176070657,MATCHED,2165,1779380529176070657,2183,1779380529168231995,7838662,7.838662
1779380529209148665,MATCHED,2166,1779380529209148665,2184,1779380529203960870,5187795,5.187795
1779380529242643336,MATCHED,2167,1779380529242643336,2185,1779380529234174614,8468722,8.468722
1779380529276595427,MATCHED,2168,1779380529276595427,2186,1779380529266470207,10125220,10.125220
1779380529309594158,MATCHED,2169,1779380529309594158,2187,1779380529299318036,10276122,10.276122
1779380529342853313,MATCHED,2170,1779380529342853313,2188,1779380529336242956,6610357,6.610357
1779380529376452945,MATCHED,2171,1779380529376452945,2189,1779380529366159683,10293262,10.293262
1779380529411062067,MATCHED,2172,1779380529411062067,2190,1779380529399418879,11643188,11.643188
1779380529442749256,MATCHED,2173,1779380529442749256,2191,1779380529432867943,9881313,9.881313
1779380529476106150,MATCHED,2174,1779380529476106150,2192,1779380529467083333,9022817,9.022817
1779380529509412100,MATCHED,2175,1779380529509412100,2193,1779380529498835117,10576983,10.576983
1779380529542776309,MATCHED,2176,1779380529542776309,2194,1779380529532401920,10374389,10.374389
1779380529576820122,MATCHED,2177,1779380529576820122,2195,1779380529565475321,11344801,11.344801
1779380529609400764,MATCHED,2178,1779380529609400764,2196,1779380529598979310,10421454,10.421454
1779380529643439244,MATCHED,2179,1779380529643439244,2197,1779380529633841046,9598198,9.598198
1779380529676277069,MATCHED,2180,1779380529676277069,2198,1779380529666059085,10217984,10.217984
1779380529711195280,MATCHED,2181,1779380529711195280,2199,1779380529698613065,12582215,12.582215
1779380529742760711,MATCHED,2182,1779380529742760711,2200,1779380529733634854,9125857,9.125857
1779380529776617378,MATCHED,2183,1779380529776617378,2201,1779380529764937013,11680365,11.680365
1779380529809292761,MATCHED,2184,1779380529809292761,2202,1779380529798380466,10912295,10.912295
1779380529843179760,MATCHED,2185,1779380529843179760,2203,1779380529834984629,8195131,8.195131
1779380529876872595,MATCHED,2186,1779380529876872595,2204,1779380529864752858,12119737,12.119737
1779380529910436672,MATCHED,2187,1779380529910436672,2205,1779380529899294004,11142668,11.142668
1779380529943177943,MATCHED,2188,1779380529943177943,2206,1779380529931581598,11596345,11.596345
1779380529975767586,MATCHED,2189,1779380529975767586,2207,1779380529964839386,10928200,10.928200
1779380530009768325,MATCHED,2190,1779380530009768325,2208,1779380529998237635,11530690,11.530690
1779380530042594947,MATCHED,2191,1779380530042594947,2209,1779380530033790271,8804676,8.804676
1779380530076630223,MATCHED,2192,1779380530076630223,2210,1779380530064885710,11744513,11.744513
1779380530110162170,MATCHED,2193,1779380530110162170,2211,1779380530099175544,10986626,10.986626
1779380530142760387,MATCHED,2194,1779380530142760387,2212,1779380530131450230,11310157,11.310157
1779380530176456685,MATCHED,2195,1779380530176456685,2213,1779380530165702138,10754547,10.754547
1779380530209141475,MATCHED,2196,1779380530209141475,2214,1779380530198230507,10910968,10.910968
1779380530242515517,MATCHED,2197,1779380530242515517,2215,1779380530231616646,10898871,10.898871
1779380530276667384,MATCHED,2198,1779380530276667384,2216,1779380530266036441,10630943,10.630943
1779380530309685041,MATCHED,2199,1779380530309685041,2217,1779380530297889039,11796002,11.796002
1779380530342583736,MATCHED,2200,1779380530342583736,2218,1779380530332313482,10270254,10.270254
1779380530376603456,MATCHED,2201,1779380530376603456,2219,1779380530365666269,10937187,10.937187
1779380530409057415,MATCHED,2202,1779380530409057415,2220,1779380530416047576,-6990161,-6.990161
1779380530442986711,MATCHED,2203,1779380530442986711,2221,1779380530436559136,6427575,6.427575
1779380530476443030,MATCHED,2204,1779380530476443030,2222,1779380530465108933,11334097,11.334097
1779380530508910674,MATCHED,2205,1779380530508910674,2223,1779380530496658608,12252066,12.252066
1779380530543063541,MATCHED,2206,1779380530543063541,2224,1779380530529399068,13664473,13.664473
1779380530575636943,MATCHED,2207,1779380530575636943,2225,1779380530562693485,12943458,12.943458
1779380530610890632,MATCHED,2208,1779380530610890632,2226,1779380530596356176,14534456,14.534456
1779380530645733474,MATCHED,2209,1779380530645733474,2227,1779380530629727352,16006122,16.006122
1779380530679290644,MATCHED,2210,1779380530679290644,2228,1779380530663037492,16253152,16.253152
1779380530710631596,MATCHED,2211,1779380530710631596,2229,1779380530697266326,13365270,13.365270
1779380530748712033,MATCHED,2212,1779380530748712033,2231,1779380530764033918,-15321885,-15.321885
1779380530779675082,MATCHED,2213,1779380530779675082,2231,1779380530764033918,15641164,15.641164
1779380530813865967,MATCHED,2214,1779380530813865967,2233,1779380530830436717,-16570750,-16.570750
1779380530846479035,MATCHED,2215,1779380530846479035,2233,1779380530830436717,16042318,16.042318
1779380530877548213,MATCHED,2216,1779380530877548213,2234,1779380530863768541,13779672,13.779672
1779380530909428307,MATCHED,2217,1779380530909428307,2235,1779380530897619824,11808483,11.808483
1779380530946243350,MATCHED,2218,1779380530946243350,2236,1779380530931391403,14851947,14.851947
1779380530976630720,MATCHED,2219,1779380530976630720,2237,1779380530966265472,10365248,10.365248
1779380531015357132,MATCHED,2220,1779380531015357132,2239,1779380531031073601,-15716469,-15.716469
1779380531045749575,MATCHED,2221,1779380531045749575,2239,1779380531031073601,14675974,14.675974
1779380531076187222,MATCHED,2222,1779380531076187222,2240,1779380531064621831,11565391,11.565391
1779380531108897234,MATCHED,2223,1779380531108897234,2241,1779380531097751454,11145780,11.145780
1779380531143539874,MATCHED,2224,1779380531143539874,2242,1779380531131267387,12272487,12.272487
1779380531176935619,MATCHED,2225,1779380531176935619,2243,1779380531164329325,12606294,12.606294
1779380531208745400,MATCHED,2226,1779380531208745400,2244,1779380531198235977,10509423,10.509423
1779380531243312411,MATCHED,2227,1779380531243312411,2245,1779380531230999159,12313252,12.313252
1779380531276355993,MATCHED,2228,1779380531276355993,2246,1779380531266094929,10261064,10.261064
1779380531308591806,MATCHED,2229,1779380531308591806,2247,1779380531298438689,10153117,10.153117
1779380531343236965,MATCHED,2230,1779380531343236965,2248,1779380531332632079,10604886,10.604886
1779380531375149225,MATCHED,2231,1779380531375149225,2249,1779380531365759479,9389746,9.389746
1779380531409769699,MATCHED,2232,1779380531409769699,2250,1779380531397993796,11775903,11.775903
1779380531442019623,MATCHED,2233,1779380531442019623,2251,1779380531432543238,9476385,9.476385
1779380531475395646,MATCHED,2234,1779380531475395646,2252,1779380531465654935,9740711,9.740711
1779380531508666856,MATCHED,2235,1779380531508666856,2253,1779380531499825566,8841290,8.841290
1779380531543544901,MATCHED,2236,1779380531543544901,2254,1779380531534211306,9333595,9.333595
1779380531590210546,MATCHED,2237,1779380531590210546,2256,1779380531600159091,-9948545,-9.948545
1779380531625933563,MATCHED,2238,1779380531625933563,2257,1779380531632566776,-6633213,-6.633213
1779380531662718811,MATCHED,2239,1779380531662718811,2258,1779380531664737167,-2018356,-2.018356
1779380531694392703,MATCHED,2240,1779380531694392703,2259,1779380531697946086,-3553383,-3.553383
1779380531726127077,MATCHED,2241,1779380531726127077,2260,1779380531732165216,-6038139,-6.038139
1779380531760717903,MATCHED,2242,1779380531760717903,2261,1779380531764998823,-4280920,-4.280920
1779380531792690034,MATCHED,2243,1779380531792690034,2262,1779380531799993261,-7303227,-7.303227
1779380531826972085,MATCHED,2244,1779380531826972085,2263,1779380531834597295,-7625210,-7.625210
1779380531861886796,MATCHED,2245,1779380531861886796,2264,1779380531867395588,-5508792,-5.508792
1779380531893824112,MATCHED,2246,1779380531893824112,2265,1779380531899805921,-5981809,-5.981809
1779380531927554854,MATCHED,2247,1779380531927554854,2266,1779380531932648509,-5093655,-5.093655
1779380531959670428,MATCHED,2248,1779380531959670428,2267,1779380531965867668,-6197240,-6.197240
1779380531993626464,MATCHED,2249,1779380531993626464,2268,1779380531997499138,-3872674,-3.872674
1779380532027324910,MATCHED,2250,1779380532027324910,2269,1779380532031937822,-4612912,-4.612912
1779380532059563908,MATCHED,2251,1779380532059563908,2270,1779380532064167639,-4603731,-4.603731
1779380532093813015,MATCHED,2252,1779380532093813015,2271,1779380532097645388,-3832373,-3.832373
1779380532126170327,MATCHED,2253,1779380532126170327,2272,1779380532132023072,-5852745,-5.852745
1779380532160301713,MATCHED,2254,1779380532160301713,2273,1779380532164588237,-4286524,-4.286524
1779380532192582784,MATCHED,2255,1779380532192582784,2274,1779380532198472353,-5889569,-5.889569
1779380532227078426,MATCHED,2256,1779380532227078426,2275,1779380532230774428,-3696002,-3.696002
1779380532259434201,MATCHED,2257,1779380532259434201,2276,1779380532265248741,-5814540,-5.814540
1779380532293659789,MATCHED,2258,1779380532293659789,2277,1779380532297280541,-3620752,-3.620752
1779380532326816908,MATCHED,2259,1779380532326816908,2278,1779380532331774002,-4957094,-4.957094
1779380532359503475,MATCHED,2260,1779380532359503475,2279,1779380532365787060,-6283585,-6.283585
1779380532395729969,MATCHED,2261,1779380532395729969,2280,1779380532409472284,-13742315,-13.742315
1779380532426731295,MATCHED,2262,1779380532426731295,2281,1779380532433455959,-6724664,-6.724664
1779380532460581314,MATCHED,2263,1779380532460581314,2282,1779380532464647952,-4066638,-4.066638
1779380532495490691,MATCHED,2264,1779380532495490691,2283,1779380532497237580,-1746889,-1.746889
1779380532527271620,MATCHED,2265,1779380532527271620,2284,1779380532528441239,-1169619,-1.169619
1779380532560605255,MATCHED,2266,1779380532560605255,2285,1779380532562148616,-1543361,-1.543361
1779380532592548572,MATCHED,2267,1779380532592548572,2286,1779380532595352182,-2803610,-2.803610
1779380532626751846,MATCHED,2268,1779380532626751846,2287,1779380532629073391,-2321545,-2.321545
1779380532660475273,MATCHED,2269,1779380532660475273,2288,1779380532662411160,-1935887,-1.935887
1779380532693061453,MATCHED,2270,1779380532693061453,2289,1779380532696553273,-3491820,-3.491820
1779380532726800769,MATCHED,2271,1779380532726800769,2290,1779380532729800968,-3000199,-3.000199
1779380532759182932,MATCHED,2272,1779380532759182932,2291,1779380532763103034,-3920102,-3.920102
1779380532795539962,MATCHED,2273,1779380532795539962,2292,1779380532796347137,-807175,-0.807175
1779380532825717222,MATCHED,2274,1779380532825717222,2293,1779380532829635591,-3918369,-3.918369
1779380532859867515,MATCHED,2275,1779380532859867515,2294,1779380532863074063,-3206548,-3.206548
1779380532896946704,MATCHED,2276,1779380532896946704,2295,1779380532898834771,-1888067,-1.888067
1779380532929345293,MATCHED,2277,1779380532929345293,2296,1779380532930309021,-963728,-0.963728
1779380532961814011,MATCHED,2278,1779380532961814011,2297,1779380532963939305,-2125294,-2.125294
1779380532995672789,MATCHED,2279,1779380532995672789,2298,1779380532999000668,-3327879,-3.327879
1779380533039308520,MATCHED,2280,1779380533039308520,2299,1779380533030312049,8996471,8.996471
1779380533060867463,MATCHED,2281,1779380533060867463,2300,1779380533063949148,-3081685,-3.081685
1779380533094595742,MATCHED,2282,1779380533094595742,2301,1779380533097296954,-2701212,-2.701212
1779380533124402784,MATCHED,2283,1779380533124402784,2302,1779380533130667463,-6264679,-6.264679
1779380533157752882,MATCHED,2284,1779380533157752882,2303,1779380533163979936,-6227054,-6.227054
1779380533191496272,MATCHED,2285,1779380533191496272,2304,1779380533198389749,-6893477,-6.893477
1779380533225006275,MATCHED,2286,1779380533225006275,2305,1779380533230485141,-5478866,-5.478866
1779380533258241115,MATCHED,2287,1779380533258241115,2306,1779380533264039723,-5798608,-5.798608
1779380533291533639,MATCHED,2288,1779380533291533639,2307,1779380533297210030,-5676391,-5.676391
1779380533325337362,MATCHED,2289,1779380533325337362,2308,1779380533330551503,-5214141,-5.214141
1779380533358862995,MATCHED,2290,1779380533358862995,2309,1779380533363678884,-4815889,-4.815889
1779380533392104909,MATCHED,2291,1779380533392104909,2310,1779380533396909876,-4804967,-4.804967
1779380533425281657,MATCHED,2292,1779380533425281657,2311,1779380533430251904,-4970247,-4.970247
1779380533458803216,MATCHED,2293,1779380533458803216,2312,1779380533463440045,-4636829,-4.636829
1779380533492188220,MATCHED,2294,1779380533492188220,2313,1779380533497018033,-4829813,-4.829813
1779380533525551059,MATCHED,2295,1779380533525551059,2314,1779380533532255987,-6704928,-6.704928
1779380533558742566,MATCHED,2296,1779380533558742566,2314,1779380533532255987,26486579,26.486579
1779380533591951776,MATCHED,2297,1779380533591951776,2315,1779380533592768233,-816457,-0.816457
1779380533627151595,MATCHED,2298,1779380533627151595,2316,1779380533625343731,1807864,1.807864
1779380533658690268,MATCHED,2299,1779380533658690268,2317,1779380533659382401,-692133,-0.692133
1779380533695288406,MATCHED,2300,1779380533695288406,2318,1779380533692714743,2573663,2.573663
1779380533731709379,MATCHED,2301,1779380533731709379,2319,1779380533726282269,5427110,5.427110
1779380533761067907,MATCHED,2302,1779380533761067907,2320,1779380533758854879,2213028,2.213028
1779380533795367514,MATCHED,2303,1779380533795367514,2321,1779380533791850132,3517382,3.517382
1779380533826368302,MATCHED,2304,1779380533826368302,2322,1779380533825177790,1190512,1.190512
1779380533858590190,MATCHED,2305,1779380533858590190,2323,1779380533858483633,106557,0.106557
1779380533897044401,MATCHED,2306,1779380533897044401,2324,1779380533891798143,5246258,5.246258
1779380533929404454,MATCHED,2307,1779380533929404454,2325,1779380533925153893,4250561,4.250561
1779380533961006662,MATCHED,2308,1779380533961006662,2326,1779380533959245580,1761082,1.761082
1779380533995549229,MATCHED,2309,1779380533995549229,2327,1779380533992802606,2746623,2.746623
1779380534029542561,MATCHED,2310,1779380534029542561,2328,1779380534028119374,1423187,1.423187
1779380534059049217,MATCHED,2311,1779380534059049217,2329,1779380534059200757,-151540,-0.151540
1779380534093283343,MATCHED,2312,1779380534093283343,2330,1779380534091966772,1316571,1.316571
1779380534127741503,MATCHED,2313,1779380534127741503,2331,1779380534125064191,2677312,2.677312
1779380534159539025,MATCHED,2314,1779380534159539025,2332,1779380534158532144,1006881,1.006881
1779380534192922141,MATCHED,2315,1779380534192922141,2333,1779380534192014022,908119,0.908119
1779380534225160491,MATCHED,2316,1779380534225160491,2334,1779380534225045701,114790,0.114790
1779380534258669439,MATCHED,2317,1779380534258669439,2335,1779380534258462821,206618,0.206618
1779380534292967897,MATCHED,2318,1779380534292967897,2336,1779380534291838127,1129770,1.129770
1779380534327117875,MATCHED,2319,1779380534327117875,2337,1779380534325135359,1982516,1.982516
1779380534358481346,MATCHED,2320,1779380534358481346,2338,1779380534359299230,-817884,-0.817884
1779380534392834211,MATCHED,2321,1779380534392834211,2339,1779380534390185412,2648799,2.648799
1779380534425092153,MATCHED,2322,1779380534425092153,2340,1779380534437754246,-12662093,-12.662093
1779380534458518547,MATCHED,2323,1779380534458518547,2341,1779380534460137584,-1619037,-1.619037
1779380534492840764,MATCHED,2324,1779380534492840764,2342,1779380534491156931,1683833,1.683833
1779380534525041688,MATCHED,2325,1779380534525041688,2343,1779380534517162215,7879473,7.879473
1779380534559755309,MATCHED,2326,1779380534559755309,2344,1779380534548742020,11013289,11.013289
1779380534591738328,MATCHED,2327,1779380534591738328,2345,1779380534591324587,413741,0.413741
1779380534625030260,MATCHED,2328,1779380534625030260,2346,1779380534624558653,471607,0.471607
1779380534659482235,MATCHED,2329,1779380534659482235,2347,1779380534651014767,8467468,8.467468
1779380534695266345,MATCHED,2330,1779380534695266345,2348,1779380534692209218,3057127,3.057127
1779380534725372199,MATCHED,2331,1779380534725372199,2349,1779380534725496752,-124553,-0.124553
1779380534759589176,MATCHED,2332,1779380534759589176,2350,1779380534760293109,-703933,-0.703933
1779380534791709472,MATCHED,2333,1779380534791709472,2351,1779380534791499295,210177,0.210177
1779380534826461463,MATCHED,2334,1779380534826461463,2352,1779380534825334814,1126649,1.126649
1779380534861436284,MATCHED,2335,1779380534861436284,2353,1779380534861013456,422828,0.422828
1779380534891141753,MATCHED,2336,1779380534891141753,2354,1779380534892283956,-1142203,-1.142203
1779380534923845562,MATCHED,2337,1779380534923845562,2355,1779380534925586371,-1740809,-1.740809
1779380534954104488,MATCHED,2338,1779380534954104488,2356,1779380534960272971,-6168483,-6.168483
1779380534985703215,MATCHED,2339,1779380534985703215,2357,1779380534991418269,-5715054,-5.715054
1779380535014618785,MATCHED,2340,1779380535014618785,2358,1779380535024580483,-9961698,-9.961698
1779380535044442993,MATCHED,2341,1779380535044442993,2359,1779380535053043153,-8600160,-8.600160
1779380535075499078,MATCHED,2342,1779380535075499078,2360,1779380535092672312,-17173234,-17.173234
1779380535106601292,MATCHED,2343,1779380535106601292,2360,1779380535092672312,13928980,13.928980
1779380535141591909,MATCHED,2344,1779380535141591909,2361,1779380535125661306,15930603,15.930603
1779380535173193414,MATCHED,2345,1779380535173193414,2362,1779380535160404405,12789009,12.789009
1779380535207965164,MATCHED,2346,1779380535207965164,2363,1779380535191414168,16550996,16.550996
1779380535240174348,MATCHED,2347,1779380535240174348,2364,1779380535224954154,15220194,15.220194
1779380535273257133,MATCHED,2348,1779380535273257133,2365,1779380535261051160,12205973,12.205973
1779380535307003523,MATCHED,2349,1779380535307003523,2366,1779380535292529842,14473681,14.473681
1779380535340252585,MATCHED,2350,1779380535340252585,2367,1779380535325681037,14571548,14.571548
1779380535373498480,MATCHED,2351,1779380535373498480,2368,1779380535360243380,13255100,13.255100
1779380535406800542,MATCHED,2352,1779380535406800542,2369,1779380535391435066,15365476,15.365476
1779380535440135492,MATCHED,2353,1779380535440135492,2370,1779380535424713871,15421621,15.421621
1779380535473455182,MATCHED,2354,1779380535473455182,2371,1779380535457957287,15497895,15.497895
1779380535506916205,MATCHED,2355,1779380535506916205,2372,1779380535491366905,15549300,15.549300
1779380535540537003,MATCHED,2356,1779380535540537003,2373,1779380535524722802,15814201,15.814201
1779380535574759796,MATCHED,2357,1779380535574759796,2375,1779380535591358873,-16599077,-16.599077
1779380535606826444,MATCHED,2358,1779380535606826444,2375,1779380535591358873,15467571,15.467571
1779380535640773591,MATCHED,2359,1779380535640773591,2376,1779380535624619623,16153968,16.153968
1779380535674310039,MATCHED,2360,1779380535674310039,2377,1779380535659290111,15019928,15.019928
1779380535707329899,MATCHED,2361,1779380535707329899,2378,1779380535691393285,15936614,15.936614
1779380535740000245,MATCHED,2362,1779380535740000245,2379,1779380535724761366,15238879,15.238879
1779380535773353972,MATCHED,2363,1779380535773353972,2380,1779380535758032430,15321542,15.321542
1779380535807274953,MATCHED,2364,1779380535807274953,2381,1779380535791307921,15967032,15.967032
1779380535841199267,MATCHED,2365,1779380535841199267,2383,1779380535857687866,-16488599,-16.488599
1779380535874135758,MATCHED,2366,1779380535874135758,2383,1779380535857687866,16447892,16.447892
1779380535906681883,MATCHED,2367,1779380535906681883,2384,1779380535891307240,15374643,15.374643
1779380535940455384,MATCHED,2368,1779380535940455384,2385,1779380535924317845,16137539,16.137539
1779380535973180284,MATCHED,2369,1779380535973180284,2386,1779380535957611650,15568634,15.568634
1779380536007142561,MATCHED,2370,1779380536007142561,2387,1779380535991031323,16111238,16.111238
1779380536040384623,MATCHED,2371,1779380536040384623,2388,1779380536024320035,16064588,16.064588
1779380536073847182,MATCHED,2372,1779380536073847182,2389,1779380536058516734,15330448,15.330448
1779380536107080078,MATCHED,2373,1779380536107080078,2390,1779380536091963074,15117004,15.117004
1779380536139772479,MATCHED,2374,1779380536139772479,2391,1779380536125160510,14611969,14.611969
1779380536173677756,MATCHED,2375,1779380536173677756,2392,1779380536158096708,15581048,15.581048
1779380536207008983,MATCHED,2376,1779380536207008983,2393,1779380536191020888,15988095,15.988095
1779380536239683996,MATCHED,2377,1779380536239683996,2394,1779380536224194269,15489727,15.489727
1779380536274162471,MATCHED,2378,1779380536274162471,2395,1779380536257564684,16597787,16.597787
1779380536306350969,MATCHED,2379,1779380536306350969,2396,1779380536290941450,15409519,15.409519
1779380536340328524,MATCHED,2380,1779380536340328524,2397,1779380536324195477,16133047,16.133047
1779380536375634620,MATCHED,2381,1779380536375634620,2399,1779380536391543372,-15908752,-15.908752
1779380536406486984,MATCHED,2382,1779380536406486984,2399,1779380536391543372,14943612,14.943612
1779380536440188708,MATCHED,2383,1779380536440188708,2400,1779380536439611356,577352,0.577352
1779380536473091514,MATCHED,2384,1779380536473091514,2401,1779380536462462476,10629038,10.629038
1779380536506896811,MATCHED,2385,1779380536506896811,2402,1779380536493819215,13077596,13.077596
1779380536539617508,MATCHED,2386,1779380536539617508,2403,1779380536524440984,15176524,15.176524
1779380536573538396,MATCHED,2387,1779380536573538396,2404,1779380536557337275,16201121,16.201121
1779380536606825772,MATCHED,2388,1779380536606825772,2405,1779380536590844725,15981047,15.981047
1779380536640189277,MATCHED,2389,1779380536640189277,2406,1779380536624179937,16009340,16.009340
1779380536675075563,MATCHED,2390,1779380536675075563,2408,1779380536691576183,-16500620,-16.500620
1779380536707336042,MATCHED,2391,1779380536707336042,2408,1779380536691576183,15759859,15.759859
1779380536740238385,MATCHED,2392,1779380536740238385,2409,1779380536724876228,15362157,15.362157
1779380536772878583,MATCHED,2393,1779380536772878583,2410,1779380536758097015,14781568,14.781568
1779380536808867783,MATCHED,2394,1779380536808867783,2412,1779380536824135540,-15267757,-15.267757
1779380536839760555,MATCHED,2395,1779380536839760555,2412,1779380536824135540,15625015,15.625015
1779380536875332185,MATCHED,2396,1779380536875332185,2414,1779380536890903998,-15571813,-15.571813
1779380536909040705,MATCHED,2397,1779380536909040705,2415,1779380536922596751,-13556046,-13.556046
1779380536940882503,MATCHED,2398,1779380536940882503,2416,1779380536955854983,-14972480,-14.972480
1779380536973555701,MATCHED,2399,1779380536973555701,2417,1779380536983859622,-10303921,-10.303921
1779380537012708109,MATCHED,2400,1779380537012708109,2418,1779380537024312380,-11604271,-11.604271
1779380537043693324,MATCHED,2401,1779380537043693324,2419,1779380537057698628,-14005304,-14.005304
1779380537079956650,MATCHED,2402,1779380537079956650,2420,1779380537093535007,-13578357,-13.578357
1779380537109529806,MATCHED,2403,1779380537109529806,2421,1779380537124378662,-14848856,-14.848856
1779380537142089949,MATCHED,2404,1779380537142089949,2422,1779380537157560246,-15470297,-15.470297
1779380537175779321,MATCHED,2405,1779380537175779321,2423,1779380537191003233,-15223912,-15.223912
1779380537209156808,MATCHED,2406,1779380537209156808,2424,1779380537224356222,-15199414,-15.199414
1779380537243962501,MATCHED,2407,1779380537243962501,2425,1779380537258138705,-14176204,-14.176204
1779380537275203269,MATCHED,2408,1779380537275203269,2426,1779380537291034423,-15831154,-15.831154
1779380537309728984,MATCHED,2409,1779380537309728984,2427,1779380537324128619,-14399635,-14.399635
1779380537339929004,MATCHED,2410,1779380537339929004,2427,1779380537324128619,15800385,15.800385
1779380537373346138,MATCHED,2411,1779380537373346138,2428,1779380537357337610,16008528,16.008528
1779380537406335202,MATCHED,2412,1779380537406335202,2429,1779380537390767469,15567733,15.567733
1779380537439526024,MATCHED,2413,1779380537439526024,2430,1779380537424022941,15503083,15.503083
1779380537472738864,MATCHED,2414,1779380537472738864,2431,1779380537457277875,15460989,15.460989
1779380537506775695,MATCHED,2415,1779380537506775695,2432,1779380537490633142,16142553,16.142553
1779380537539158081,MATCHED,2416,1779380537539158081,2433,1779380537524062686,15095395,15.095395
1779380537573171320,MATCHED,2417,1779380537573171320,2434,1779380537557295917,15875403,15.875403
1779380537605870128,MATCHED,2418,1779380537605870128,2435,1779380537590599018,15271110,15.271110
1779380537640343511,MATCHED,2419,1779380537640343511,2436,1779380537624189485,16154026,16.154026
1779380537672862969,MATCHED,2420,1779380537672862969,2437,1779380537657739193,15123776,15.123776
1779380537707494794,MATCHED,2421,1779380537707494794,2438,1779380537690607986,16886808,16.886808
1779380537740460878,MATCHED,2422,1779380537740460878,2439,1779380537726527420,13933458,13.933458
1779380537772488285,MATCHED,2423,1779380537772488285,2440,1779380537757972399,14515886,14.515886
1779380537806343822,MATCHED,2424,1779380537806343822,2441,1779380537792530796,13813026,13.813026
1779380537839617902,MATCHED,2425,1779380537839617902,2443,1779380537855891600,-16273698,-16.273698
1779380537872468728,MATCHED,2426,1779380537872468728,2444,1779380537887720759,-15252031,-15.252031
1779380537907184219,MATCHED,2427,1779380537907184219,2445,1779380537912890642,-5706423,-5.706423
1779380537939935841,MATCHED,2428,1779380537939935841,2446,1779380537947016934,-7081093,-7.081093
1779380537972322653,MATCHED,2429,1779380537972322653,2447,1779380537982449912,-10127259,-10.127259
1779380538006290503,MATCHED,2430,1779380538006290503,2448,1779380538017030625,-10740122,-10.740122
1779380538039511621,MATCHED,2431,1779380538039511621,2449,1779380538059800017,-20288396,-20.288396
1779380538073142920,MATCHED,2432,1779380538073142920,2450,1779380538084728292,-11585372,-11.585372
1779380538105568934,MATCHED,2433,1779380538105568934,2451,1779380538100745824,4823110,4.823110
1779380538139787282,MATCHED,2434,1779380538139787282,2452,1779380538130089796,9697486,9.697486
1779380538172494980,MATCHED,2435,1779380538172494980,2453,1779380538163382971,9112009,9.112009
1779380538207558041,MATCHED,2436,1779380538207558041,2454,1779380538197227934,10330107,10.330107
1779380538239471969,MATCHED,2437,1779380538239471969,2455,1779380538232658560,6813409,6.813409
1779380538272187703,MATCHED,2438,1779380538272187703,2456,1779380538269920457,2267246,2.267246
1779380538307919368,MATCHED,2439,1779380538307919368,2457,1779380538302077296,5842072,5.842072
1779380538339457022,MATCHED,2440,1779380538339457022,2458,1779380538334809850,4647172,4.647172
1779380538372208774,MATCHED,2441,1779380538372208774,2459,1779380538368101376,4107398,4.107398
1779380538406360234,MATCHED,2442,1779380538406360234,2460,1779380538411180542,-4820308,-4.820308
1779380538439391779,MATCHED,2443,1779380538439391779,2461,1779380538438569523,822256,0.822256
1779380538472280438,MATCHED,2444,1779380538472280438,2462,1779380538472026177,254261,0.254261
1779380538506124789,MATCHED,2445,1779380538506124789,2463,1779380538499100663,7024126,7.024126
1779380538539314352,MATCHED,2446,1779380538539314352,2464,1779380538532229285,7085067,7.085067
1779380538572202751,MATCHED,2447,1779380538572202751,2465,1779380538561469925,10732826,10.732826
1779380538605878827,MATCHED,2448,1779380538605878827,2466,1779380538596847459,9031368,9.031368
1779380538639463181,MATCHED,2449,1779380538639463181,2467,1779380538631870813,7592368,7.592368
1779380538672690688,MATCHED,2450,1779380538672690688,2468,1779380538665737573,6953115,6.953115
1779380538705263071,MATCHED,2451,1779380538705263071,2469,1779380538695446243,9816828,9.816828
1779380538739179089,MATCHED,2452,1779380538739179089,2470,1779380538729084876,10094213,10.094213
1779380538772449336,MATCHED,2453,1779380538772449336,2471,1779380538764657889,7791447,7.791447
1779380538805238421,MATCHED,2454,1779380538805238421,2472,1779380538797218612,8019809,8.019809
1779380538839166106,MATCHED,2455,1779380538839166106,2473,1779380538828454427,10711679,10.711679
1779380538872476074,MATCHED,2456,1779380538872476074,2474,1779380538862921234,9554840,9.554840
1779380538905363917,MATCHED,2457,1779380538905363917,2475,1779380538896313000,9050917,9.050917
1779380538939139492,MATCHED,2458,1779380538939139492,2476,1779380538930980674,8158818,8.158818
1779380538971753338,MATCHED,2459,1779380538971753338,2477,1779380538962486948,9266390,9.266390
1779380539009823461,MATCHED,2460,1779380539009823461,2478,1779380538995597126,14226335,14.226335
1779380539039891241,MATCHED,2461,1779380539039891241,2479,1779380539028582953,11308288,11.308288
1779380539073494892,MATCHED,2462,1779380539073494892,2480,1779380539062409213,11085679,11.085679
1779380539106526827,MATCHED,2463,1779380539106526827,2481,1779380539095185118,11341709,11.341709
1779380539138894657,MATCHED,2464,1779380539138894657,2482,1779380539129033174,9861483,9.861483
1779380539172699102,MATCHED,2465,1779380539172699102,2483,1779380539163856253,8842849,8.842849
1779380539206447510,MATCHED,2466,1779380539206447510,2484,1779380539195895094,10552416,10.552416
1779380539239108023,MATCHED,2467,1779380539239108023,2485,1779380539228889144,10218879,10.218879
1779380539271775276,MATCHED,2468,1779380539271775276,2486,1779380539261840824,9934452,9.934452
1779380539305041337,MATCHED,2469,1779380539305041337,2487,1779380539294885799,10155538,10.155538
1779380539338571137,MATCHED,2470,1779380539338571137,2488,1779380539328457192,10113945,10.113945
1779380539371664941,MATCHED,2471,1779380539371664941,2489,1779380539362340636,9324305,9.324305
1779380539405015520,MATCHED,2472,1779380539405015520,2490,1779380539394937710,10077810,10.077810
1779380539439364645,MATCHED,2473,1779380539439364645,2491,1779380539428163645,11201000,11.201000
1779380539472225673,MATCHED,2474,1779380539472225673,2492,1779380539462984169,9241504,9.241504
1779380539504917834,MATCHED,2475,1779380539504917834,2493,1779380539494843735,10074099,10.074099
1779380539540961755,MATCHED,2476,1779380539540961755,2494,1779380539528435702,12526053,12.526053
1779380539571846416,MATCHED,2477,1779380539571846416,2495,1779380539563044710,8801706,8.801706
1779380539605588991,MATCHED,2478,1779380539605588991,2496,1779380539596911247,8677744,8.677744
1779380539639219623,MATCHED,2479,1779380539639219623,2497,1779380539628269635,10949988,10.949988
1779380539672330149,MATCHED,2480,1779380539672330149,2498,1779380539662984586,9345563,9.345563
1779380539705001958,MATCHED,2481,1779380539705001958,2499,1779380539695241183,9760775,9.760775
1779380539738823032,MATCHED,2482,1779380539738823032,2500,1779380539728328454,10494578,10.494578
1779380539772134167,MATCHED,2483,1779380539772134167,2501,1779380539762166825,9967342,9.967342
1779380539804877957,MATCHED,2484,1779380539804877957,2502,1779380539795702663,9175294,9.175294
1779380539840642603,MATCHED,2485,1779380539840642603,2503,1779380539828027074,12615529,12.615529
1779380539872018536,MATCHED,2486,1779380539872018536,2504,1779380539862238699,9779837,9.779837
1779380539904824899,MATCHED,2487,1779380539904824899,2505,1779380539894629054,10195845,10.195845
1779380539938890804,MATCHED,2488,1779380539938890804,2506,1779380539928828864,10061940,10.061940
1779380539971434188,MATCHED,2489,1779380539971434188,2507,1779380539961264551,10169637,10.169637
1779380540027080999,MATCHED,2490,1779380540027080999,2509,1779380540028976848,-1895849,-1.895849
1779380540061328828,MATCHED,2491,1779380540061328828,2510,1779380540061360499,-31671,-0.031671
1779380540091749938,MATCHED,2492,1779380540091749938,2511,1779380540094683581,-2933643,-2.933643
1779380540125548346,MATCHED,2493,1779380540125548346,2512,1779380540128925724,-3377378,-3.377378
1779380540158373449,MATCHED,2494,1779380540158373449,2513,1779380540161225506,-2852057,-2.852057
1779380540189766345,MATCHED,2495,1779380540189766345,2514,1779380540194468441,-4702096,-4.702096
1779380540223135424,MATCHED,2496,1779380540223135424,2515,1779380540229176725,-6041301,-6.041301
1779380540254732836,MATCHED,2497,1779380540254732836,2516,1779380540261177400,-6444564,-6.444564
1779380540287177036,MATCHED,2498,1779380540287177036,2517,1779380540294443909,-7266873,-7.266873
1779380540318097511,MATCHED,2499,1779380540318097511,2518,1779380540328770236,-10672725,-10.672725
1779380540350926781,MATCHED,2500,1779380540350926781,2519,1779380540361101091,-10174310,-10.174310
1779380540385358867,MATCHED,2501,1779380540385358867,2520,1779380540406852126,-21493259,-21.493259
1779380540423720746,MATCHED,2502,1779380540423720746,2521,1779380540431597682,-7876936,-7.876936
1779380540455926060,MATCHED,2503,1779380540455926060,2522,1779380540462033787,-6107727,-6.107727
1779380540488355871,MATCHED,2504,1779380540488355871,2523,1779380540493400656,-5044785,-5.044785
1779380540510900655,MATCHED,2505,1779380540510900655,2524,1779380540525668105,-14767450,-14.767450
1779380540541738316,MATCHED,2506,1779380540541738316,2524,1779380540525668105,16070211,16.070211
1779380540571342249,MATCHED,2507,1779380540571342249,2525,1779380540559859452,11482797,11.482797
1779380540606611049,MATCHED,2508,1779380540606611049,2526,1779380540592844168,13766881,13.766881
1779380540638577624,MATCHED,2509,1779380540638577624,2527,1779380540626102677,12474947,12.474947
1779380540671459505,MATCHED,2510,1779380540671459505,2528,1779380540659703052,11756453,11.756453
1779380540704900898,MATCHED,2511,1779380540704900898,2529,1779380540694424873,10476025,10.476025
1779380540738862360,MATCHED,2512,1779380540738862360,2530,1779380540726408326,12454034,12.454034
1779380540771611001,MATCHED,2513,1779380540771611001,2531,1779380540760551211,11059790,11.059790
1779380540806532286,MATCHED,2514,1779380540806532286,2532,1779380540793856330,12675956,12.675956
1779380540840462692,MATCHED,2515,1779380540840462692,2533,1779380540827028785,13433907,13.433907
1779380540871990513,MATCHED,2516,1779380540871990513,2534,1779380540860486847,11503666,11.503666
1779380540905470350,MATCHED,2517,1779380540905470350,2535,1779380540893722319,11748031,11.748031
1779380540939395257,MATCHED,2518,1779380540939395257,2536,1779380540927366915,12028342,12.028342
1779380540973698530,MATCHED,2519,1779380540973698530,2537,1779380540963259053,10439477,10.439477
1779380541009141180,MATCHED,2520,1779380541009141180,2538,1779380540993994949,15146231,15.146231
1779380541039160405,MATCHED,2521,1779380541039160405,2539,1779380541028405090,10755315,10.755315
1779380541071366200,MATCHED,2522,1779380541071366200,2540,1779380541061237031,10129169,10.129169
1779380541103783678,MATCHED,2523,1779380541103783678,2541,1779380541096675342,7108336,7.108336
1779380541137159368,MATCHED,2524,1779380541137159368,2542,1779380541133605762,3553606,3.553606
1779380541171061182,MATCHED,2525,1779380541171061182,2543,1779380541163661186,7399996,7.399996
1779380541203994469,MATCHED,2526,1779380541203994469,2544,1779380541199421752,4572717,4.572717
1779380541237321530,MATCHED,2527,1779380541237321530,2545,1779380541227900570,9420960,9.420960
1779380541271517156,MATCHED,2528,1779380541271517156,2546,1779380541263480935,8036221,8.036221
1779380541303999948,MATCHED,2529,1779380541303999948,2547,1779380541298546177,5453771,5.453771
1779380541337215362,MATCHED,2530,1779380541337215362,2548,1779380541327768539,9446823,9.446823
1779380541371354045,MATCHED,2531,1779380541371354045,2549,1779380541361676613,9677432,9.677432
1779380541404477052,MATCHED,2532,1779380541404477052,2550,1779380541395486225,8990827,8.990827
1779380541437757336,MATCHED,2533,1779380541437757336,2551,1779380541429021415,8735921,8.735921
1779380541472294921,MATCHED,2534,1779380541472294921,2552,1779380541461425455,10869466,10.869466
1779380541504305144,MATCHED,2535,1779380541504305144,2553,1779380541497013782,7291362,7.291362
1779380541537559113,MATCHED,2536,1779380541537559113,2554,1779380541531746344,5812769,5.812769
1779380541571044191,MATCHED,2537,1779380541571044191,2555,1779380541561955397,9088794,9.088794
1779380541604172439,MATCHED,2538,1779380541604172439,2556,1779380541594466194,9706245,9.706245
1779380541637537852,MATCHED,2539,1779380541637537852,2557,1779380541628778373,8759479,8.759479
1779380541671165076,MATCHED,2540,1779380541671165076,2558,1779380541661558722,9606354,9.606354
1779380541704318287,MATCHED,2541,1779380541704318287,2559,1779380541694327534,9990753,9.990753
1779380541737510905,MATCHED,2542,1779380541737510905,2560,1779380541727264899,10246006,10.246006
1779380541771434108,MATCHED,2543,1779380541771434108,2561,1779380541760676054,10758054,10.758054
1779380541804191323,MATCHED,2544,1779380541804191323,2562,1779380541794764996,9426327,9.426327
1779380541837421848,MATCHED,2545,1779380541837421848,2563,1779380541827352903,10068945,10.068945
1779380541870806168,MATCHED,2546,1779380541870806168,2564,1779380541861292013,9514155,9.514155
1779380541904705260,MATCHED,2547,1779380541904705260,2565,1779380541893951549,10753711,10.753711
1779380541937419920,MATCHED,2548,1779380541937419920,2566,1779380541927229632,10190288,10.190288
1779380541971322012,MATCHED,2549,1779380541971322012,2567,1779380541960429197,10892815,10.892815
1779380542004104079,MATCHED,2550,1779380542004104079,2568,1779380541994676710,9427369,9.427369
1779380542037955208,MATCHED,2551,1779380542037955208,2569,1779380542027430449,10524759,10.524759
1779380542070829181,MATCHED,2552,1779380542070829181,2570,1779380542060904473,9924708,9.924708
1779380542104236297,MATCHED,2553,1779380542104236297,2571,1779380542094830843,9405454,9.405454
1779380542137941484,MATCHED,2554,1779380542137941484,2572,1779380542127192605,10748879,10.748879
1779380542170859697,MATCHED,2555,1779380542170859697,2573,1779380542160578168,10281529,10.281529
1779380542204563643,MATCHED,2556,1779380542204563643,2574,1779380542195912128,8651515,8.651515
1779380542237259285,MATCHED,2557,1779380542237259285,2575,1779380542226836356,10422929,10.422929
1779380542271162969,MATCHED,2558,1779380542271162969,2576,1779380542260409434,10753535,10.753535
1779380542304132108,MATCHED,2559,1779380542304132108,2577,1779380542294823056,9309052,9.309052
1779380542337870721,MATCHED,2560,1779380542337870721,2578,1779380542328849332,9021389,9.021389
1779380542370582955,MATCHED,2561,1779380542370582955,2579,1779380542361128577,9454378,9.454378
1779380542404415381,MATCHED,2562,1779380542404415381,2580,1779380542411403529,-6988148,-6.988148
1779380542437745516,MATCHED,2563,1779380542437745516,2581,1779380542432006847,5738669,5.738669
1779380542470535249,MATCHED,2564,1779380542470535249,2582,1779380542460697940,9837309,9.837309
1779380542505650051,MATCHED,2565,1779380542505650051,2583,1779380542492301065,13348986,13.348986
1779380542536994595,MATCHED,2566,1779380542536994595,2584,1779380542524643290,12351305,12.351305
1779380542570915428,MATCHED,2567,1779380542570915428,2585,1779380542558322645,12592783,12.592783
1779380542605747936,MATCHED,2568,1779380542605747936,2586,1779380542591995240,13752696,13.752696
1779380542637550791,MATCHED,2569,1779380542637550791,2587,1779380542626575175,10975616,10.975616
1779380542670667558,MATCHED,2570,1779380542670667558,2588,1779380542659535114,11132444,11.132444
1779380542704572816,MATCHED,2571,1779380542704572816,2589,1779380542692687495,11885321,11.885321
1779380542736908628,MATCHED,2572,1779380542736908628,2590,1779380542727629683,9278945,9.278945
1779380542770896960,MATCHED,2573,1779380542770896960,2591,1779380542759551063,11345897,11.345897
1779380542804919736,MATCHED,2574,1779380542804919736,2592,1779380542792778146,12141590,12.141590
1779380542836878404,MATCHED,2575,1779380542836878404,2593,1779380542826084303,10794101,10.794101
1779380542870967735,MATCHED,2576,1779380542870967735,2594,1779380542859586271,11381464,11.381464
1779380542904826716,MATCHED,2577,1779380542904826716,2595,1779380542893924654,10902062,10.902062
1779380542937490636,MATCHED,2578,1779380542937490636,2596,1779380542927544991,9945645,9.945645
1779380542970229425,MATCHED,2579,1779380542970229425,2597,1779380542960304821,9924604,9.924604
1779380543008136791,MATCHED,2580,1779380543008136791,2598,1779380542993091392,15045399,15.045399
1779380543038245441,MATCHED,2581,1779380543038245441,2599,1779380543026891875,11353566,11.353566
1779380543070179942,MATCHED,2582,1779380543070179942,2600,1779380543060559286,9620656,9.620656
1779380543103132266,MATCHED,2583,1779380543103132266,2601,1779380543111650319,-8518053,-8.518053
1779380543136434679,MATCHED,2584,1779380543136434679,2602,1779380543155094164,-18659485,-18.659485
1779380543169729222,MATCHED,2585,1779380543169729222,2602,1779380543155094164,14635058,14.635058
1779380543203607703,MATCHED,2586,1779380543203607703,2603,1779380543188576392,15031311,15.031311
1779380543239389794,MATCHED,2587,1779380543239389794,2605,1779380543255702512,-16312718,-16.312718
1779380543271487701,MATCHED,2588,1779380543271487701,2605,1779380543255702512,15785189,15.785189
1779380543304064622,MATCHED,2589,1779380543304064622,2606,1779380543288571082,15493540,15.493540
1779380543339055351,MATCHED,2590,1779380543339055351,2608,1779380543355045656,-15990305,-15.990305
1779380543370654467,MATCHED,2591,1779380543370654467,2608,1779380543355045656,15608811,15.608811
1779380543403296831,MATCHED,2592,1779380543403296831,2609,1779380543388530643,14766188,14.766188
1779380543436616948,MATCHED,2593,1779380543436616948,2610,1779380543421741023,14875925,14.875925
1779380543470054600,MATCHED,2594,1779380543470054600,2611,1779380543455056457,14998143,14.998143
1779380543503329180,MATCHED,2595,1779380543503329180,2612,1779380543488452760,14876420,14.876420
1779380543536651723,MATCHED,2596,1779380543536651723,2613,1779380543521572753,15078970,15.078970
1779380543569754712,MATCHED,2597,1779380543569754712,2614,1779380543555192590,14562122,14.562122
1779380543604725052,MATCHED,2598,1779380543604725052,2615,1779380543588405155,16319897,16.319897
1779380543636385057,MATCHED,2599,1779380543636385057,2616,1779380543621523647,14861410,14.861410
1779380543669993393,MATCHED,2600,1779380543669993393,2617,1779380543655784327,14209066,14.209066
1779380543703898892,MATCHED,2601,1779380543703898892,2618,1779380543689029669,14869223,14.869223
1779380543737026733,MATCHED,2602,1779380543737026733,2619,1779380543722775005,14251728,14.251728
1779380543769868003,MATCHED,2603,1779380543769868003,2620,1779380543758479275,11388728,11.388728
1779380543803657244,MATCHED,2604,1779380543803657244,2621,1779380543791707229,11950015,11.950015
1779380543836313405,MATCHED,2605,1779380543836313405,2622,1779380543821696895,14616510,14.616510
1779380543870234626,MATCHED,2606,1779380543870234626,2623,1779380543854974941,15259685,15.259685
1779380543903550798,MATCHED,2607,1779380543903550798,2624,1779380543888324411,15226387,15.226387
1779380543936262551,MATCHED,2608,1779380543936262551,2625,1779380543921570698,14691853,14.691853
1779380543970458566,MATCHED,2609,1779380543970458566,2626,1779380543954959001,15499565,15.499565
1779380544003024875,MATCHED,2610,1779380544003024875,2627,1779380543988210307,14814568,14.814568
1779380544036850820,MATCHED,2611,1779380544036850820,2628,1779380544021561351,15289469,15.289469
1779380544069526869,MATCHED,2612,1779380544069526869,2629,1779380544054886229,14640640,14.640640
1779380544103467183,MATCHED,2613,1779380544103467183,2630,1779380544088208552,15258631,15.258631
1779380544138860982,MATCHED,2614,1779380544138860982,2631,1779380544121502783,17358199,17.358199
1779380544169595663,MATCHED,2615,1779380544169595663,2632,1779380544156378602,13217061,13.217061
1779380544203487403,MATCHED,2616,1779380544203487403,2633,1779380544188239631,15247772,15.247772
1779380544237011332,MATCHED,2617,1779380544237011332,2634,1779380544221298457,15712875,15.712875
1779380544269567809,MATCHED,2618,1779380544269567809,2635,1779380544255106366,14461443,14.461443
1779380544303441623,MATCHED,2619,1779380544303441623,2636,1779380544288133841,15307782,15.307782
1779380544336923516,MATCHED,2620,1779380544336923516,2637,1779380544321521051,15402465,15.402465
1779380544369367605,MATCHED,2621,1779380544369367605,2638,1779380544354668877,14698728,14.698728
1779380544403267474,MATCHED,2622,1779380544403267474,2639,1779380544388081883,15185591,15.185591
1779380544438580904,MATCHED,2623,1779380544438580904,2640,1779380544438055525,525379,0.525379
1779380544469356676,MATCHED,2624,1779380544469356676,2641,1779380544460547150,8809526,8.809526
1779380544503362101,MATCHED,2625,1779380544503362101,2642,1779380544490049990,13312111,13.312111
1779380544536525275,MATCHED,2626,1779380544536525275,2644,1779380544543539748,-7014473,-7.014473
1779380544569332341,MATCHED,2627,1779380544569332341,2645,1779380544586577914,-17245573,-17.245573
1779380544603218322,MATCHED,2628,1779380544603218322,2646,1779380544612226643,-9008321,-9.008321
1779380544637775685,MATCHED,2629,1779380544637775685,2647,1779380544654434395,-16658710,-16.658710
1779380544669297469,MATCHED,2630,1779380544669297469,2647,1779380544654434395,14863074,14.863074
1779380544703227857,MATCHED,2631,1779380544703227857,2648,1779380544687680422,15547435,15.547435
1779380544736591084,MATCHED,2632,1779380544736591084,2649,1779380544721861159,14729925,14.729925
1779380544769660999,MATCHED,2633,1779380544769660999,2650,1779380544755472811,14188188,14.188188
1779380544803174132,MATCHED,2634,1779380544803174132,2651,1779380544788610080,14564052,14.564052
1779380544835725776,MATCHED,2635,1779380544835725776,2652,1779380544821447040,14278736,14.278736
1779380544869782181,MATCHED,2636,1779380544869782181,2653,1779380544855164024,14618157,14.618157
1779380544902527822,MATCHED,2637,1779380544902527822,2654,1779380544888440588,14087234,14.087234
1779380544936352026,MATCHED,2638,1779380544936352026,2655,1779380544920971070,15380956,15.380956
1779380544969089389,MATCHED,2639,1779380544969089389,2657,1779380544981407378,-12317989,-12.317989
1779380545007145920,MATCHED,2640,1779380545007145920,2658,1779380545023085119,-15939199,-15.939199
1779380545037258310,MATCHED,2641,1779380545037258310,2658,1779380545023085119,14173191,14.173191
1779380545069214793,MATCHED,2642,1779380545069214793,2659,1779380545054861982,14352811,14.352811
1779380545102158247,MATCHED,2643,1779380545102158247,2660,1779380545087854106,14304141,14.304141
1779380545137155587,MATCHED,2644,1779380545137155587,2661,1779380545121056578,16099009,16.099009
1779380545168598519,MATCHED,2645,1779380545168598519,2662,1779380545154301069,14297450,14.297450
1779380545202619666,MATCHED,2646,1779380545202619666,2663,1779380545187769667,14849999,14.849999
1779380545235606804,MATCHED,2647,1779380545235606804,2664,1779380545221079305,14527499,14.527499
1779380545268978328,MATCHED,2648,1779380545268978328,2665,1779380545254443349,14534979,14.534979
1779380545302556127,MATCHED,2649,1779380545302556127,2666,1779380545287682155,14873972,14.873972
1779380545335764930,MATCHED,2650,1779380545335764930,2667,1779380545320923368,14841562,14.841562
1779380545368934307,MATCHED,2651,1779380545368934307,2668,1779380545354256487,14677820,14.677820
1779380545402244369,MATCHED,2652,1779380545402244369,2669,1779380545388605832,13638537,13.638537
1779380545435482171,MATCHED,2653,1779380545435482171,2670,1779380545420859225,14622946,14.622946
1779380545468857639,MATCHED,2654,1779380545468857639,2671,1779380545454135215,14722424,14.722424
1779380545518555900,MATCHED,2655,1779380545518555900,2673,1779380545520964877,-2408977,-2.408977
1779380545556680837,MATCHED,2656,1779380545556680837,2674,1779380545554187238,2493599,2.493599
1779380545588755041,MATCHED,2657,1779380545588755041,2675,1779380545587509413,1245628,1.245628
1779380545621230444,MATCHED,2658,1779380545621230444,2676,1779380545620665293,565151,0.565151
1779380545653110520,MATCHED,2659,1779380545653110520,2677,1779380545654217020,-1106500,-1.106500
1779380545689862398,MATCHED,2660,1779380545689862398,2678,1779380545687620268,2242130,2.242130
1779380545723092385,MATCHED,2661,1779380545723092385,2679,1779380545720788685,2303700,2.303700
1779380545756287059,MATCHED,2662,1779380545756287059,2680,1779380545754282191,2004868,2.004868
1779380545790338909,MATCHED,2663,1779380545790338909,2681,1779380545788880940,1457969,1.457969
1779380545821528844,MATCHED,2664,1779380545821528844,2682,1779380545820814986,713858,0.713858
1779380545854590815,MATCHED,2665,1779380545854590815,2683,1779380545854133161,457654,0.457654
1779380545886278597,MATCHED,2666,1779380545886278597,2684,1779380545887454521,-1175924,-1.175924
1779380545920279817,MATCHED,2667,1779380545920279817,2685,1779380545920712844,-433027,-0.433027
1779380545953734025,MATCHED,2668,1779380545953734025,2686,1779380545954067037,-333012,-0.333012
1779380545987099882,MATCHED,2669,1779380545987099882,2687,1779380545987443914,-344032,-0.344032
1779380546019427046,MATCHED,2670,1779380546019427046,2688,1779380546020702294,-1275248,-1.275248
1779380546053673968,MATCHED,2671,1779380546053673968,2689,1779380546054090171,-416203,-0.416203
1779380546092055902,MATCHED,2672,1779380546092055902,2690,1779380546087387883,4668019,4.668019
1779380546122922304,MATCHED,2673,1779380546122922304,2691,1779380546120834223,2088081,2.088081
1779380546156349438,MATCHED,2674,1779380546156349438,2692,1779380546154004881,2344557,2.344557
1779380546191922475,MATCHED,2675,1779380546191922475,2693,1779380546187486961,4435514,4.435514
1779380546220384828,MATCHED,2676,1779380546220384828,2694,1779380546223345618,-2960790,-2.960790
1779380546253651500,MATCHED,2677,1779380546253651500,2695,1779380546253967849,-316349,-0.316349
1779380546286128959,MATCHED,2678,1779380546286128959,2696,1779380546287368412,-1239453,-1.239453
1779380546323130408,MATCHED,2679,1779380546323130408,2697,1779380546320559532,2570876,2.570876
1779380546356240971,MATCHED,2680,1779380546356240971,2698,1779380546354004113,2236858,2.236858
1779380546391333643,MATCHED,2681,1779380546391333643,2699,1779380546387312380,4021263,4.021263
1779380546416678509,MATCHED,2682,1779380546416678509,2700,1779380546437429501,-20750992,-20.750992
1779380546446023167,MATCHED,2683,1779380546446023167,2700,1779380546437429501,8593666,8.593666
1779380546481471632,MATCHED,2684,1779380546481471632,2702,1779380546489670814,-8199182,-8.199182
1779380546515213578,MATCHED,2685,1779380546515213578,2703,1779380546521070590,-5857012,-5.857012
1779380546551858956,MATCHED,2686,1779380546551858956,2704,1779380546546207974,5650982,5.650982
1779380546585236998,MATCHED,2687,1779380546585236998,2705,1779380546579400410,5836588,5.836588
1779380546620455225,MATCHED,2688,1779380546620455225,2706,1779380546613404315,7050910,7.050910
1779380546650642615,MATCHED,2689,1779380546650642615,2707,1779380546653925258,-3282643,-3.282643
1779380546682862150,MATCHED,2690,1779380546682862150,2708,1779380546687032825,-4170675,-4.170675
1779380546710354401,MATCHED,2691,1779380546710354401,2709,1779380546721483298,-11128897,-11.128897
1779380546735894821,MATCHED,2692,1779380546735894821,2709,1779380546721483298,14411523,14.411523
1779380546768972477,MATCHED,2693,1779380546768972477,2710,1779380546753526361,15446116,15.446116
1779380546804200093,MATCHED,2694,1779380546804200093,2712,1779380546820672537,-16472444,-16.472444
1779380546838513958,MATCHED,2695,1779380546838513958,2713,1779380546854662646,-16148688,-16.148688
1779380546872712140,MATCHED,2696,1779380546872712140,2714,1779380546887906081,-15193941,-15.193941
1779380546905449873,MATCHED,2697,1779380546905449873,2714,1779380546887906081,17543792,17.543792
1779380546938827582,MATCHED,2698,1779380546938827582,2715,1779380546923881811,14945771,14.945771
1779380546971564223,MATCHED,2699,1779380546971564223,2717,1779380546987035654,-15471431,-15.471431
1779380547010793316,MATCHED,2700,1779380547010793316,2718,1779380547020287663,-9494347,-9.494347
1779380547040920169,MATCHED,2701,1779380547040920169,2719,1779380547054461339,-13541170,-13.541170
1779380547071344760,MATCHED,2702,1779380547071344760,2720,1779380547087726203,-16381443,-16.381443
1779380547105285556,MATCHED,2703,1779380547105285556,2721,1779380547121210177,-15924621,-15.924621
1779380547138010197,MATCHED,2704,1779380547138010197,2722,1779380547153560290,-15550093,-15.550093
1779380547170078901,MATCHED,2705,1779380547170078901,2722,1779380547153560290,16518611,16.518611
1779380547203408628,MATCHED,2706,1779380547203408628,2723,1779380547186963376,16445252,16.445252
1779380547235110539,MATCHED,2707,1779380547235110539,2724,1779380547220348220,14762319,14.762319
1779380547268524711,MATCHED,2708,1779380547268524711,2725,1779380547255926247,12598464,12.598464
1779380547303569624,MATCHED,2709,1779380547303569624,2726,1779380547287817421,15752203,15.752203
1779380547336043509,MATCHED,2710,1779380547336043509,2727,1779380547321067804,14975705,14.975705
1779380547368971685,MATCHED,2711,1779380547368971685,2728,1779380547356097281,12874404,12.874404
1779380547402809500,MATCHED,2712,1779380547402809500,2729,1779380547388320655,14488845,14.488845
1779380547435731213,MATCHED,2713,1779380547435731213,2731,1779380547439052222,-3321009,-3.321009
1779380547468980442,MATCHED,2714,1779380547468980442,2732,1779380547462184350,6796092,6.796092
1779380547503697618,MATCHED,2715,1779380547503697618,2733,1779380547492244542,11453076,11.453076
1779380547536010597,MATCHED,2716,1779380547536010597,2734,1779380547525876032,10134565,10.134565
1779380547568129985,MATCHED,2717,1779380547568129985,2735,1779380547560407032,7722953,7.722953
1779380547601959134,MATCHED,2718,1779380547601959134,2736,1779380547594610165,7348969,7.348969
1779380547635287436,MATCHED,2719,1779380547635287436,2737,1779380547628649726,6637710,6.637710
1779380547668086502,MATCHED,2720,1779380547668086502,2738,1779380547665120022,2966480,2.966480
1779380547701943317,MATCHED,2721,1779380547701943317,2739,1779380547694445925,7497392,7.497392
1779380547735132731,MATCHED,2722,1779380547735132731,2740,1779380547725480847,9651884,9.651884
1779380547767841595,MATCHED,2723,1779380547767841595,2741,1779380547760418103,7423492,7.423492
1779380547801699187,MATCHED,2724,1779380547801699187,2742,1779380547796224646,5474541,5.474541
1779380547835117192,MATCHED,2725,1779380547835117192,2743,1779380547832195096,2922096,2.922096
1779380547867791685,MATCHED,2726,1779380547867791685,2744,1779380547862668709,5122976,5.122976
1779380547901707277,MATCHED,2727,1779380547901707277,2745,1779380547895913055,5794222,5.794222
1779380547934872859,MATCHED,2728,1779380547934872859,2746,1779380547928971921,5900938,5.900938
1779380547968284808,MATCHED,2729,1779380547968284808,2747,1779380547963992658,4292150,4.292150
1779380548002658858,MATCHED,2730,1779380548002658858,2748,1779380547996116607,6542251,6.542251
1779380548034504730,MATCHED,2731,1779380548034504730,2749,1779380548029018308,5486422,5.486422
1779380548068289101,MATCHED,2732,1779380548068289101,2750,1779380548062122155,6166946,6.166946
1779380548101677477,MATCHED,2733,1779380548101677477,2751,1779380548096385973,5291504,5.291504
1779380548134975149,MATCHED,2734,1779380548134975149,2752,1779380548128061908,6913241,6.913241
1779380548167705587,MATCHED,2735,1779380548167705587,2753,1779380548161595048,6110539,6.110539
1779380548201766770,MATCHED,2736,1779380548201766770,2754,1779380548191743331,10023439,10.023439
1779380548234945851,MATCHED,2737,1779380548234945851,2755,1779380548226138147,8807704,8.807704
1779380548267672085,MATCHED,2738,1779380548267672085,2756,1779380548258568557,9103528,9.103528
1779380548301510603,MATCHED,2739,1779380548301510603,2757,1779380548292733005,8777598,8.777598
1779380548334925923,MATCHED,2740,1779380548334925923,2758,1779380548326650789,8275134,8.275134
1779380548367568602,MATCHED,2741,1779380548367568602,2759,1779380548358510333,9058269,9.058269
1779380548401431472,MATCHED,2742,1779380548401431472,2760,1779380548403766119,-2334647,-2.334647
1779380548435129844,MATCHED,2743,1779380548435129844,2761,1779380548428758471,6371373,6.371373
1779380548468185111,MATCHED,2744,1779380548468185111,2762,1779380548459010290,9174821,9.174821
1779380548501458099,MATCHED,2745,1779380548501458099,2763,1779380548491656012,9802087,9.802087
1779380548536212867,MATCHED,2746,1779380548536212867,2764,1779380548524391733,11821134,11.821134
1779380548568021185,MATCHED,2747,1779380548568021185,2765,1779380548558319517,9701668,9.701668
1779380548601354209,MATCHED,2748,1779380548601354209,2766,1779380548590624909,10729300,10.729300
1779380548634199293,MATCHED,2749,1779380548634199293,2767,1779380548624069031,10130262,10.130262
1779380548668113830,MATCHED,2750,1779380548668113830,2768,1779380548658183276,9930554,9.930554
1779380548701558538,MATCHED,2751,1779380548701558538,2769,1779380548691837303,9721235,9.721235
1779380548734128458,MATCHED,2752,1779380548734128458,2770,1779380548724965206,9163252,9.163252
1779380548767910607,MATCHED,2753,1779380548767910607,2771,1779380548758123701,9786906,9.786906
1779380548801292779,MATCHED,2754,1779380548801292779,2772,1779380548793201140,8091639,8.091639
1779380548836045047,MATCHED,2755,1779380548836045047,2773,1779380548824693521,11351526,11.351526
1779380548867931105,MATCHED,2756,1779380548867931105,2774,1779380548859763165,8167940,8.167940
1779380548900683209,MATCHED,2757,1779380548900683209,2775,1779380548891500784,9182425,9.182425
1779380548934815483,MATCHED,2758,1779380548934815483,2776,1779380548924787056,10028427,10.028427
1779380548967351219,MATCHED,2759,1779380548967351219,2777,1779380548958384287,8966932,8.966932
1779380549005197807,MATCHED,2760,1779380549005197807,2778,1779380548991499616,13698191,13.698191
1779380549036346373,MATCHED,2761,1779380549036346373,2779,1779380549024692944,11653429,11.653429
1779380549067297236,MATCHED,2762,1779380549067297236,2780,1779380549058141325,9155911,9.155911
1779380549100191339,MATCHED,2763,1779380549100191339,2781,1779380549092101646,8089693,8.089693
1779380549133588510,MATCHED,2764,1779380549133588510,2782,1779380549124783886,8804624,8.804624
1779380549166916719,MATCHED,2765,1779380549166916719,2783,1779380549158092509,8824210,8.824210
1779380549200600332,MATCHED,2766,1779380549200600332,2784,1779380549192250939,8349393,8.349393
1779380549234235408,MATCHED,2767,1779380549234235408,2785,1779380549224777532,9457876,9.457876
1779380549267279657,MATCHED,2768,1779380549267279657,2786,1779380549258218080,9061577,9.061577
1779380549300517904,MATCHED,2769,1779380549300517904,2787,1779380549291419389,9098515,9.098515
1779380549333941039,MATCHED,2770,1779380549333941039,2788,1779380549324642569,9298470,9.298470
1779380549367134805,MATCHED,2771,1779380549367134805,2789,1779380549357989377,9145428,9.145428
1779380549400585809,MATCHED,2772,1779380549400585809,2790,1779380549391554424,9031385,9.031385
1779380549433795927,MATCHED,2773,1779380549433795927,2791,1779380549424578049,9217878,9.217878
1779380549467821628,MATCHED,2774,1779380549467821628,2792,1779380549457953042,9868586,9.868586
1779380549500489770,MATCHED,2775,1779380549500489770,2793,1779380549491271906,9217864,9.217864
1779380549534705600,MATCHED,2776,1779380549534705600,2794,1779380549526791378,7914222,7.914222
1779380549567223447,MATCHED,2777,1779380549567223447,2795,1779380549557938559,9284888,9.284888
1779380549601005337,MATCHED,2778,1779380549601005337,2796,1779380549591283367,9721970,9.721970
1779380549634339046,MATCHED,2779,1779380549634339046,2797,1779380549624498899,9840147,9.840147
1779380549667130464,MATCHED,2780,1779380549667130464,2798,1779380549657927669,9202795,9.202795
1779380549701018834,MATCHED,2781,1779380549701018834,2799,1779380549691157848,9860986,9.860986
1779380549734071768,MATCHED,2782,1779380549734071768,2800,1779380549724448786,9622982,9.622982
1779380549767570550,MATCHED,2783,1779380549767570550,2801,1779380549757856538,9714012,9.714012
1779380549800962684,MATCHED,2784,1779380549800962684,2802,1779380549791033107,9929577,9.929577
1779380549834797110,MATCHED,2785,1779380549834797110,2803,1779380549824497006,10300104,10.300104
1779380549867710083,MATCHED,2786,1779380549867710083,2804,1779380549858713565,8996518,8.996518
1779380549900708055,MATCHED,2787,1779380549900708055,2805,1779380549890796200,9911855,9.911855
1779380549934508944,MATCHED,2788,1779380549934508944,2806,1779380549925104851,9404093,9.404093
1779380549968105965,MATCHED,2789,1779380549968105965,2807,1779380549958405307,9700658,9.700658
1779380550004069647,MATCHED,2790,1779380550004069647,2808,1779380549990863735,13205912,13.205912
1779380550037076841,MATCHED,2791,1779380550037076841,2809,1779380550024751723,12325118,12.325118
1779380550069371339,MATCHED,2792,1779380550069371339,2810,1779380550058692766,10678573,10.678573
1779380550101639300,MATCHED,2793,1779380550101639300,2811,1779380550090884325,10754975,10.754975
1779380550139433407,MATCHED,2794,1779380550139433407,2812,1779380550124955978,14477429,14.477429
1779380550170093718,MATCHED,2795,1779380550170093718,2813,1779380550157348184,12745534,12.745534
1779380550201151173,MATCHED,2796,1779380550201151173,2814,1779380550192094923,9056250,9.056250
1779380550233973350,MATCHED,2797,1779380550233973350,2815,1779380550223970819,10002531,10.002531
1779380550267626908,MATCHED,2798,1779380550267626908,2816,1779380550259262423,8364485,8.364485
1779380550301480574,MATCHED,2799,1779380550301480574,2817,1779380550291555186,9925388,9.925388
1779380550339183608,MATCHED,2800,1779380550339183608,2818,1779380550325077788,14105820,14.105820
1779380550370312174,MATCHED,2801,1779380550370312174,2819,1779380550358168303,12143871,12.143871
1779380550400639303,MATCHED,2802,1779380550400639303,2820,1779380550403186479,-2547176,-2.547176
1779380550433669682,MATCHED,2803,1779380550433669682,2821,1779380550428989194,4680488,4.680488
1779380550469612475,MATCHED,2804,1779380550469612475,2822,1779380550457606288,12006187,12.006187
1779380550500121380,MATCHED,2805,1779380550500121380,2823,1779380550492275027,7846353,7.846353
1779380550534237655,MATCHED,2806,1779380550534237655,2824,1779380550524163275,10074380,10.074380
1779380550567310422,MATCHED,2807,1779380550567310422,2825,1779380550555699101,11611321,11.611321
1779380550600709390,MATCHED,2808,1779380550600709390,2826,1779380550589795364,10914026,10.914026
1779380550633419254,MATCHED,2809,1779380550633419254,2827,1779380550624167737,9251517,9.251517
1779380550669987874,MATCHED,2810,1779380550669987874,2828,1779380550658561905,11425969,11.425969
1779380550700668943,MATCHED,2811,1779380550700668943,2829,1779380550692726427,7942516,7.942516
1779380550733519917,MATCHED,2812,1779380550733519917,2830,1779380550727847181,5672736,5.672736
1779380550767298510,MATCHED,2813,1779380550767298510,2831,1779380550756741550,10556960,10.556960
1779380550800053262,MATCHED,2814,1779380550800053262,2832,1779380550790982701,9070561,9.070561
1779380550833940799,MATCHED,2815,1779380550833940799,2833,1779380550826615413,7325386,7.325386
1779380550866899493,MATCHED,2816,1779380550866899493,2834,1779380550858534346,8365147,8.365147
1779380550900035260,MATCHED,2817,1779380550900035260,2835,1779380550891063662,8971598,8.971598
1779380550933958926,MATCHED,2818,1779380550933958926,2836,1779380550925438830,8520096,8.520096
1779380550966657327,MATCHED,2819,1779380550966657327,2837,1779380550957424244,9233083,9.233083
1779380551005022243,MATCHED,2820,1779380551005022243,2838,1779380550990877088,14145155,14.145155
1779380551034686694,MATCHED,2821,1779380551034686694,2839,1779380551026514800,8171894,8.171894
1779380551066763823,MATCHED,2822,1779380551066763823,2840,1779380551060576675,6187148,6.187148
1779380551099260541,MATCHED,2823,1779380551099260541,2841,1779380551092495904,6764637,6.764637
1779380551132543362,MATCHED,2824,1779380551132543362,2842,1779380551124097766,8445596,8.445596
1779380551167801014,MATCHED,2825,1779380551167801014,2843,1779380551159965420,7835594,7.835594
1779380551199458426,MATCHED,2826,1779380551199458426,2844,1779380551190672901,8785525,8.785525
1779380551232692025,MATCHED,2827,1779380551232692025,2845,1779380551224839424,7852601,7.852601
1779380551266215398,MATCHED,2828,1779380551266215398,2846,1779380551258678449,7536949,7.536949
1779380551299864234,MATCHED,2829,1779380551299864234,2847,1779380551292387920,7476314,7.476314
1779380551333227591,MATCHED,2830,1779380551333227591,2848,1779380551324427593,8799998,8.799998
1779380551366584522,MATCHED,2831,1779380551366584522,2849,1779380551358805502,7779020,7.779020
1779380551399855065,MATCHED,2832,1779380551399855065,2850,1779380551390302439,9552626,9.552626
1779380551433132034,MATCHED,2833,1779380551433132034,2851,1779380551424656848,8475186,8.475186
1779380551466485595,MATCHED,2834,1779380551466485595,2852,1779380551458034156,8451439,8.451439
1779380551500138263,MATCHED,2835,1779380551500138263,2853,1779380551491140281,8997982,8.997982
1779380551534014837,MATCHED,2836,1779380551534014837,2854,1779380551524735142,9279695,9.279695
1779380551567854615,MATCHED,2837,1779380551567854615,2855,1779380551557185329,10669286,10.669286
1779380551601198842,MATCHED,2838,1779380551601198842,2856,1779380551591391832,9807010,9.807010
1779380551634063075,MATCHED,2839,1779380551634063075,2857,1779380551623950907,10112168,10.112168
1779380551670216903,MATCHED,2840,1779380551670216903,2858,1779380551657821636,12395267,12.395267
1779380551709814084,MATCHED,2841,1779380551709814084,2860,1779380551724236791,-14422707,-14.422707
1779380551752133903,MATCHED,2842,1779380551752133903,2861,1779380551757045123,-4911220,-4.911220
1779380551785401669,MATCHED,2843,1779380551785401669,2862,1779380551791114720,-5713051,-5.713051
1779380551820409934,MATCHED,2844,1779380551820409934,2863,1779380551823763757,-3353823,-3.353823
1779380551851435408,MATCHED,2845,1779380551851435408,2864,1779380551858000668,-6565260,-6.565260
1779380551885300945,MATCHED,2846,1779380551885300945,2865,1779380551890631816,-5330871,-5.330871
1779380551917355167,MATCHED,2847,1779380551917355167,2866,1779380551924411620,-7056453,-7.056453
1779380551951840031,MATCHED,2848,1779380551951840031,2867,1779380551959165192,-7325161,-7.325161
1779380551984133788,MATCHED,2849,1779380551984133788,2868,1779380551990187559,-6053771,-6.053771
1779380552017438368,MATCHED,2850,1779380552017438368,2869,1779380552024684393,-7246025,-7.246025
1779380552053140774,MATCHED,2851,1779380552053140774,2870,1779380552058017979,-4877205,-4.877205
1779380552085089183,MATCHED,2852,1779380552085089183,2871,1779380552090535961,-5446778,-5.446778
1779380552117946008,MATCHED,2853,1779380552117946008,2872,1779380552123633550,-5687542,-5.687542
1779380552149235053,MATCHED,2854,1779380552149235053,2873,1779380552157901663,-8666610,-8.666610
1779380552181995917,MATCHED,2855,1779380552181995917,2874,1779380552190421016,-8425099,-8.425099
1779380552219329899,MATCHED,2856,1779380552219329899,2875,1779380552225097756,-5767857,-5.767857
1779380552251649341,MATCHED,2857,1779380552251649341,2876,1779380552258409731,-6760390,-6.760390
1779380552284743812,MATCHED,2858,1779380552284743812,2877,1779380552290025907,-5282095,-5.282095
1779380552318252908,MATCHED,2859,1779380552318252908,2878,1779380552324379020,-6126112,-6.126112
1779380552350795588,MATCHED,2860,1779380552350795588,2879,1779380552357439998,-6644410,-6.644410
1779380552383971780,MATCHED,2861,1779380552383971780,2880,1779380552402506378,-18534598,-18.534598
1779380552420228422,MATCHED,2862,1779380552420228422,2881,1779380552429573543,-9345121,-9.345121
1779380552451877760,MATCHED,2863,1779380552451877760,2881,1779380552429573543,22304217,22.304217
1779380552483506486,MATCHED,2864,1779380552483506486,2882,1779380552484951805,-1445319,-1.445319
1779380552519278781,MATCHED,2865,1779380552519278781,2883,1779380552518453667,825114,0.825114
1779380552554840504,MATCHED,2866,1779380552554840504,2884,1779380552544101475,10739029,10.739029
1779380552586251011,MATCHED,2867,1779380552586251011,2885,1779380552584959451,1291560,1.291560
1779380552618897968,MATCHED,2868,1779380552618897968,2886,1779380552618179483,718485,0.718485
1779380552650336123,MATCHED,2869,1779380552650336123,2887,1779380552645892234,4443889,4.443889
1779380552686158565,MATCHED,2870,1779380552686158565,2888,1779380552685818293,340272,0.340272
1779380552717469388,MATCHED,2871,1779380552717469388,2889,1779380552719084657,-1615269,-1.615269
1779380552750600080,MATCHED,2872,1779380552750600080,2890,1779380552756933755,-6333675,-6.333675
1779380552783520590,MATCHED,2873,1779380552783520590,2891,1779380552785398906,-1878316,-1.878316
1779380552817976436,MATCHED,2874,1779380552817976436,2892,1779380552818328422,-351986,-0.351986
1779380552851626623,MATCHED,2875,1779380552851626623,2893,1779380552851874228,-247605,-0.247605
1779380552884407319,MATCHED,2876,1779380552884407319,2894,1779380552885007483,-600164,-0.600164
1779380552918868424,MATCHED,2877,1779380552918868424,2895,1779380552918291328,577096,0.577096
1779380552954821310,MATCHED,2878,1779380552954821310,2896,1779380552951697469,3123841,3.123841
1779380552987027845,MATCHED,2879,1779380552987027845,2897,1779380552985020055,2007790,2.007790
1779380553030602837,MATCHED,2880,1779380553030602837,2898,1779380553018307567,12295270,12.295270
1779380553051945967,MATCHED,2881,1779380553051945967,2899,1779380553051603135,342832,0.342832
1779380553084201557,MATCHED,2882,1779380553084201557,2900,1779380553084992331,-790774,-0.790774
1779380553115009478,MATCHED,2883,1779380553115009478,2901,1779380553118256547,-3247069,-3.247069
1779380553147239680,MATCHED,2884,1779380553147239680,2902,1779380553151479745,-4240065,-4.240065
1779380553180069505,MATCHED,2885,1779380553180069505,2903,1779380553184928997,-4859492,-4.859492
1779380553214087392,MATCHED,2886,1779380553214087392,2904,1779380553218336286,-4248894,-4.248894
1779380553250887677,MATCHED,2887,1779380553250887677,2905,1779380553251659761,-772084,-0.772084
1779380553283000232,MATCHED,2888,1779380553283000232,2906,1779380553286603479,-3603247,-3.603247
1779380553317293079,MATCHED,2889,1779380553317293079,2907,1779380553318418691,-1125612,-1.125612
1779380553353253742,MATCHED,2890,1779380553353253742,2908,1779380553351668814,1584928,1.584928
1779380553385693849,MATCHED,2891,1779380553385693849,2909,1779380553387363933,-1670084,-1.670084
1779380553418688136,MATCHED,2892,1779380553418688136,2910,1779380553418270913,417223,0.417223
1779380553451906198,MATCHED,2893,1779380553451906198,2911,1779380553451519833,386365,0.386365
1779380553486180972,MATCHED,2894,1779380553486180972,2912,1779380553484802067,1378905,1.378905
1779380553518300323,MATCHED,2895,1779380553518300323,2913,1779380553518354206,-53883,-0.053883
1779380553551827160,MATCHED,2896,1779380553551827160,2914,1779380553551482887,344273,0.344273
1779380553584084973,MATCHED,2897,1779380553584084973,2915,1779380553584746733,-661760,-0.661760
1779380553617627309,MATCHED,2898,1779380553617627309,2916,1779380553618157132,-529823,-0.529823
1779380553650629151,MATCHED,2899,1779380553650629151,2917,1779380553651529107,-899956,-0.899956
1779380553684062359,MATCHED,2900,1779380553684062359,2918,1779380553684766286,-703927,-0.703927
1779380553716771871,MATCHED,2901,1779380553716771871,2919,1779380553718073928,-1302057,-1.302057
1779380553754089465,MATCHED,2902,1779380553754089465,2920,1779380553751487994,2601471,2.601471
1779380553787058826,MATCHED,2903,1779380553787058826,2921,1779380553787434166,-375340,-0.375340
1779380553818259168,MATCHED,2904,1779380553818259168,2922,1779380553818066297,192871,0.192871
1779380553852549460,MATCHED,2905,1779380553852549460,2923,1779380553851409123,1140337,1.140337
1779380553884145502,MATCHED,2906,1779380553884145502,2924,1779380553887081872,-2936370,-2.936370
1779380553916163836,MATCHED,2907,1779380553916163836,2925,1779380553918157516,-1993680,-1.993680
1779380553950421220,MATCHED,2908,1779380553950421220,2926,1779380553951302141,-880921,-0.880921
1779380553982580997,MATCHED,2909,1779380553982580997,2927,1779380553984701911,-2120914,-2.120914
1779380554017151008,MATCHED,2910,1779380554017151008,2928,1779380554018116737,-965729,-0.965729
1779380554050307645,MATCHED,2911,1779380554050307645,2929,1779380554051543822,-1236177,-1.236177
1779380554084055239,MATCHED,2912,1779380554084055239,2930,1779380554084629447,-574208,-0.574208
1779380554116942675,MATCHED,2913,1779380554116942675,2931,1779380554118051014,-1108339,-1.108339
1779380554152474972,MATCHED,2914,1779380554152474972,2932,1779380554153593689,-1118717,-1.118717
1779380554185108781,MATCHED,2915,1779380554185108781,2933,1779380554183382661,1726120,1.726120
1779380554217094874,MATCHED,2916,1779380554217094874,2934,1779380554216489305,605569,0.605569
1779380554250049921,MATCHED,2917,1779380554250049921,2935,1779380554249722021,327900,0.327900
1779380554282397547,MATCHED,2918,1779380554282397547,2936,1779380554284648240,-2250693,-2.250693
1779380554316920800,MATCHED,2919,1779380554316920800,2937,1779380554317804809,-884009,-0.884009
1779380554350175769,MATCHED,2920,1779380554350175769,2938,1779380554351319282,-1143513,-1.143513
1779380554382426989,MATCHED,2921,1779380554382426989,2939,1779380554384492407,-2065418,-2.065418
1779380554416727744,MATCHED,2922,1779380554416727744,2940,1779380554434106132,-17378388,-17.378388
1779380554450023120,MATCHED,2923,1779380554450023120,2941,1779380554456491119,-6467999,-6.467999
1779380554484398300,MATCHED,2924,1779380554484398300,2942,1779380554486471238,-2072938,-2.072938
1779380554516660131,MATCHED,2925,1779380554516660131,2943,1779380554519055645,-2395514,-2.395514
1779380554550076210,MATCHED,2926,1779380554550076210,2944,1779380554551102892,-1026682,-1.026682
1779380554584149911,MATCHED,2927,1779380554584149911,2945,1779380554575033828,9116083,9.116083
1779380554616897404,MATCHED,2928,1779380554616897404,2946,1779380554609162110,7735294,7.735294
1779380554650433981,MATCHED,2929,1779380554650433981,2947,1779380554649448128,985853,0.985853
1779380554682252706,MATCHED,2930,1779380554682252706,2948,1779380554677902835,4349871,4.349871
1779380554716915568,MATCHED,2931,1779380554716915568,2949,1779380554718620628,-1705060,-1.705060
1779380554750129667,MATCHED,2932,1779380554750129667,2950,1779380554751976547,-1846880,-1.846880
1779380554782411369,MATCHED,2933,1779380554782411369,2951,1779380554786524102,-4112733,-4.112733
1779380554816734771,MATCHED,2934,1779380554816734771,2952,1779380554817671265,-936494,-0.936494
1779380554848676976,MATCHED,2935,1779380554848676976,2953,1779380554851058369,-2381393,-2.381393
1779380554883219691,MATCHED,2936,1779380554883219691,2954,1779380554884459232,-1239541,-1.239541
1779380554915718946,MATCHED,2937,1779380554915718946,2955,1779380554918221739,-2502793,-2.502793
1779380554949702500,MATCHED,2938,1779380554949702500,2956,1779380554951096867,-1394367,-1.394367
1779380554982179663,MATCHED,2939,1779380554982179663,2957,1779380554984232714,-2053051,-2.053051
1779380555029272284,MATCHED,2940,1779380555029272284,2958,1779380555012451738,16820546,16.820546
1779380555050808042,MATCHED,2941,1779380555050808042,2959,1779380555051036254,-228212,-0.228212
1779380555083421110,MATCHED,2942,1779380555083421110,2960,1779380555084247582,-826472,-0.826472
1779380555115255187,MATCHED,2943,1779380555115255187,2961,1779380555119773499,-4518312,-4.518312
1779380555149599922,MATCHED,2944,1779380555149599922,2962,1779380555150989809,-1389887,-1.389887
1779380555182363008,MATCHED,2945,1779380555182363008,2963,1779380555184384098,-2021090,-2.021090
1779380555215024020,MATCHED,2946,1779380555215024020,2964,1779380555217552259,-2528239,-2.528239
1779380555248732929,MATCHED,2947,1779380555248732929,2965,1779380555250961826,-2228897,-2.228897
1779380555282174970,MATCHED,2948,1779380555282174970,2966,1779380555284335541,-2160571,-2.160571
1779380555316471595,MATCHED,2949,1779380555316471595,2967,1779380555317507017,-1035422,-1.035422
1779380555348825778,MATCHED,2950,1779380555348825778,2968,1779380555350891565,-2065787,-2.065787
1779380555382108876,MATCHED,2951,1779380555382108876,2969,1779380555384060875,-1951999,-1.951999
1779380555418342370,MATCHED,2952,1779380555418342370,2970,1779380555419921548,-1579178,-1.579178
1779380555449211067,MATCHED,2953,1779380555449211067,2971,1779380555450772213,-1561146,-1.561146
1779380555483497026,MATCHED,2954,1779380555483497026,2972,1779380555484196002,-698976,-0.698976
1779380555515765487,MATCHED,2955,1779380555515765487,2973,1779380555517426292,-1660805,-1.660805
1779380555549276046,MATCHED,2956,1779380555549276046,2974,1779380555550593232,-1317186,-1.317186
1779380555582540126,MATCHED,2957,1779380555582540126,2975,1779380555584659329,-2119203,-2.119203
1779380555615676726,MATCHED,2958,1779380555615676726,2976,1779380555618364707,-2687981,-2.687981
1779380555655655255,MATCHED,2959,1779380555655655255,2977,1779380555651865699,3789556,3.789556
1779380555690679428,MATCHED,2960,1779380555690679428,2978,1779380555684317979,6361449,6.361449
1779380555722542634,MATCHED,2961,1779380555722542634,2979,1779380555717600232,4942402,4.942402
1779380555747973758,MATCHED,2962,1779380555747973758,2980,1779380555751996807,-4023049,-4.023049
1779380555777917003,MATCHED,2963,1779380555777917003,2981,1779380555785450670,-7533667,-7.533667
1779380555810832123,MATCHED,2964,1779380555810832123,2982,1779380555817310085,-6477962,-6.477962
1779380555836521542,MATCHED,2965,1779380555836521542,2983,1779380555850852687,-14331145,-14.331145
1779380555866756690,MATCHED,2966,1779380555866756690,2983,1779380555850852687,15904003,15.904003
1779380555904173468,MATCHED,2967,1779380555904173468,2985,1779380555917165177,-12991709,-12.991709
1779380555931517536,MATCHED,2968,1779380555931517536,2985,1779380555917165177,14352359,14.352359
1779380555965066076,MATCHED,2969,1779380555965066076,2986,1779380555950632502,14433574,14.433574
1779380555997891531,MATCHED,2970,1779380555997891531,2987,1779380555984993171,12898360,12.898360
1779380556032442950,MATCHED,2971,1779380556032442950,2988,1779380556017934057,14508893,14.508893
1779380556065206016,MATCHED,2972,1779380556065206016,2989,1779380556051395586,13810430,13.810430
1779380556099852804,MATCHED,2973,1779380556099852804,2990,1779380556084356490,15496314,15.496314
1779380556133592435,MATCHED,2974,1779380556133592435,2991,1779380556117120841,16471594,16.471594
1779380556166807257,MATCHED,2975,1779380556166807257,2992,1779380556150776034,16031223,16.031223
1779380556199020144,MATCHED,2976,1779380556199020144,2993,1779380556183748531,15271613,15.271613
1779380556232617721,MATCHED,2977,1779380556232617721,2995,1779380556244953033,-12335312,-12.335312
1779380556268878344,MATCHED,2978,1779380556268878344,2996,1779380556285889879,-17011535,-17.011535
1779380556301959815,MATCHED,2979,1779380556301959815,2997,1779380556318007773,-16047958,-16.047958
1779380556335061712,MATCHED,2980,1779380556335061712,2997,1779380556318007773,17053939,17.053939
1779380556367685002,MATCHED,2981,1779380556367685002,2998,1779380556352967010,14717992,14.717992
1779380556402490955,MATCHED,2982,1779380556402490955,2999,1779380556385618880,16872075,16.872075
1779380556434807434,MATCHED,2983,1779380556434807434,3000,1779380556434421761,385673,0.385673
1779380556467946738,MATCHED,2984,1779380556467946738,3001,1779380556457769795,10176943,10.176943
1779380556501496370,MATCHED,2985,1779380556501496370,3003,1779380556517069519,-15573149,-15.573149
1779380556534292641,MATCHED,2986,1779380556534292641,3004,1779380556550211274,-15918633,-15.918633
1779380556568473156,MATCHED,2987,1779380556568473156,3005,1779380556583628396,-15155240,-15.155240
1779380556600821153,MATCHED,2988,1779380556600821153,3006,1779380556616772835,-15951682,-15.951682
1779380556633304500,MATCHED,2989,1779380556633304500,3006,1779380556616772835,16531665,16.531665
1779380556664861654,MATCHED,2990,1779380556664861654,3007,1779380556651147522,13714132,13.714132
1779380556698400435,MATCHED,2991,1779380556698400435,3008,1779380556683644950,14755485,14.755485
1779380556733869825,MATCHED,2992,1779380556733869825,3010,1779380556750358936,-16489111,-16.489111
1779380556764267972,MATCHED,2993,1779380556764267972,3010,1779380556750358936,13909036,13.909036
1779380556799006482,MATCHED,2994,1779380556799006482,3011,1779380556783671429,15335053,15.335053
1779380556830652708,MATCHED,2995,1779380556830652708,3012,1779380556817555010,13097698,13.097698
1779380556864026806,MATCHED,2996,1779380556864026806,3013,1779380556851295425,12731381,12.731381
1779380556897671604,MATCHED,2997,1779380556897671604,3015,1779380556901108426,-3436822,-3.436822
1779380556930663354,MATCHED,2998,1779380556930663354,3016,1779380556923744670,6918684,6.918684
1779380556964403226,MATCHED,2999,1779380556964403226,3017,1779380556955932693,8470533,8.470533
1779380557003583652,MATCHED,3000,1779380557003583652,3018,1779380556990742672,12840980,12.840980
1779380557033769208,MATCHED,3001,1779380557033769208,3019,1779380557022085703,11683505,11.683505
1779380557064052356,MATCHED,3002,1779380557064052356,3020,1779380557062704460,1347896,1.347896
1779380557096547130,MATCHED,3003,1779380557096547130,3021,1779380557091649514,4897616,4.897616
1779380557130130910,MATCHED,3004,1779380557130130910,3022,1779380557123870999,6259911,6.259911
1779380557163446045,MATCHED,3005,1779380557163446045,3023,1779380557155490509,7955536,7.955536
1779380557197136103,MATCHED,3006,1779380557197136103,3024,1779380557192021953,5114150,5.114150
1779380557230799457,MATCHED,3007,1779380557230799457,3025,1779380557228497453,2302004,2.302004
1779380557264132980,MATCHED,3008,1779380557264132980,3026,1779380557261643411,2489569,2.489569
1779380557297270080,MATCHED,3009,1779380557297270080,3027,1779380557294865757,2404323,2.404323
1779380557330571160,MATCHED,3010,1779380557330571160,3028,1779380557329286036,1285124,1.285124
1779380557363840611,MATCHED,3011,1779380557363840611,3029,1779380557361660798,2179813,2.179813
1779380557397197597,MATCHED,3012,1779380557397197597,3030,1779380557395590526,1607071,1.607071
1779380557430492881,MATCHED,3013,1779380557430492881,3031,1779380557428026639,2466242,2.466242
1779380557463937867,MATCHED,3014,1779380557463937867,3032,1779380557457921666,6016201,6.016201
1779380557497141947,MATCHED,3015,1779380557497141947,3033,1779380557493569266,3572681,3.572681
1779380557530457860,MATCHED,3016,1779380557530457860,3034,1779380557529032850,1425010,1.425010
1779380557563750699,MATCHED,3017,1779380557563750699,3035,1779380557562993948,756751,0.756751
1779380557597077409,MATCHED,3018,1779380557597077409,3036,1779380557593758577,3318832,3.318832
1779380557630500913,MATCHED,3019,1779380557630500913,3037,1779380557622653947,7846966,7.846966
1779380557663796900,MATCHED,3020,1779380557663796900,3038,1779380557656874265,6922635,6.922635
1779380557697446125,MATCHED,3021,1779380557697446125,3039,1779380557691032621,6413504,6.413504
1779380557730736556,MATCHED,3022,1779380557730736556,3040,1779380557722174005,8562551,8.562551
1779380557763608752,MATCHED,3023,1779380557763608752,3041,1779380557755505943,8102809,8.102809
1779380557797626139,MATCHED,3024,1779380557797626139,3042,1779380557789512115,8114024,8.114024
1779380557830365150,MATCHED,3025,1779380557830365150,3043,1779380557822545241,7819909,7.819909
1779380557863626953,MATCHED,3026,1779380557863626953,3044,1779380557855773661,7853292,7.853292
1779380557896938884,MATCHED,3027,1779380557896938884,3045,1779380557889164154,7774730,7.774730
1779380557930895550,MATCHED,3028,1779380557930895550,3046,1779380557922486536,8409014,8.409014
1779380557963706690,MATCHED,3029,1779380557963706690,3047,1779380557955413311,8293379,8.293379
1779380557997532283,MATCHED,3030,1779380557997532283,3048,1779380557988612935,8919348,8.919348
1779380558030220443,MATCHED,3031,1779380558030220443,3049,1779380558022180000,8040443,8.040443
1779380558064258497,MATCHED,3032,1779380558064258497,3050,1779380558055492031,8766466,8.766466
1779380558096909880,MATCHED,3033,1779380558096909880,3051,1779380558088544212,8365668,8.365668
1779380558130868342,MATCHED,3034,1779380558130868342,3052,1779380558121693022,9175320,9.175320
1779380558164051386,MATCHED,3035,1779380558164051386,3053,1779380558155706638,8344748,8.344748
1779380558197187152,MATCHED,3036,1779380558197187152,3054,1779380558188670172,8516980,8.516980
1779380558230166254,MATCHED,3037,1779380558230166254,3055,1779380558221599076,8567178,8.567178
1779380558264846782,MATCHED,3038,1779380558264846782,3056,1779380558258248612,6598170,6.598170
1779380558296734155,MATCHED,3039,1779380558296734155,3057,1779380558287992140,8742015,8.742015
1779380558330140196,MATCHED,3040,1779380558330140196,3058,1779380558321104542,9035654,9.035654
1779380558366019175,MATCHED,3041,1779380558366019175,3059,1779380558353341898,12677277,12.677277
1779380558396710393,MATCHED,3042,1779380558396710393,3060,1779380558400222779,-3512386,-3.512386
1779380558430637615,MATCHED,3043,1779380558430637615,3061,1779380558424194918,6442697,6.442697
1779380558463631068,MATCHED,3044,1779380558463631068,3062,1779380558455280822,8350246,8.350246
1779380558497344458,MATCHED,3045,1779380558497344458,3063,1779380558486696667,10647791,10.647791
1779380558530020619,MATCHED,3046,1779380558530020619,3064,1779380558520206437,9814182,9.814182
1779380558565034218,MATCHED,3047,1779380558565034218,3065,1779380558552814048,12220170,12.220170
1779380558596625334,MATCHED,3048,1779380558596625334,3066,1779380558586150856,10474478,10.474478
1779380558630474297,MATCHED,3049,1779380558630474297,3067,1779380558621769512,8704785,8.704785
1779380558664897180,MATCHED,3050,1779380558664897180,3068,1779380558653299616,11597564,11.597564
1779380558697186270,MATCHED,3051,1779380558697186270,3069,1779380558687357639,9828631,9.828631
1779380558730885290,MATCHED,3052,1779380558730885290,3070,1779380558720678651,10206639,10.206639
1779380558763316435,MATCHED,3053,1779380558763316435,3071,1779380558753908145,9408290,9.408290
1779380558797053917,MATCHED,3054,1779380558797053917,3072,1779380558787082825,9971092,9.971092
1779380558829709096,MATCHED,3055,1779380558829709096,3073,1779380558820381597,9327499,9.327499
1779380558865340133,MATCHED,3056,1779380558865340133,3074,1779380558853952328,11387805,11.387805
1779380558897040008,MATCHED,3057,1779380558897040008,3075,1779380558887321377,9718631,9.718631
1779380558930437864,MATCHED,3058,1779380558930437864,3076,1779380558922736035,7701829,7.701829
1779380558963104895,MATCHED,3059,1779380558963104895,3077,1779380558953847494,9257401,9.257401
1779380559001188888,MATCHED,3060,1779380559001188888,3078,1779380558987122044,14066844,14.066844
1779380559031124373,MATCHED,3061,1779380559031124373,3079,1779380559020958773,10165600,10.165600
1779380559063173521,MATCHED,3062,1779380559063173521,3080,1779380559054586041,8587480,8.587480
1779380559095705905,MATCHED,3063,1779380559095705905,3081,1779380559088044848,7661057,7.661057
1779380559129433870,MATCHED,3064,1779380559129433870,3082,1779380559121374471,8059399,8.059399
1779380559162909763,MATCHED,3065,1779380559162909763,3083,1779380559154662538,8247225,8.247225
1779380559196460136,MATCHED,3066,1779380559196460136,3084,1779380559188140475,8319661,8.319661
1779380559229894696,MATCHED,3067,1779380559229894696,3085,1779380559222706641,7188055,7.188055
1779380559263669826,MATCHED,3068,1779380559263669826,3086,1779380559254545353,9124473,9.124473
1779380559296929166,MATCHED,3069,1779380559296929166,3087,1779380559287979845,8949321,8.949321
1779380559331432918,MATCHED,3070,1779380559331432918,3088,1779380559321338579,10094339,10.094339
1779380559367991779,MATCHED,3071,1779380559367991779,3089,1779380559354688868,13302911,13.302911
1779380559403258986,MATCHED,3072,1779380559403258986,3090,1779380559388013991,15244995,15.244995
1779380559432357406,MATCHED,3073,1779380559432357406,3091,1779380559421316355,11041051,11.041051
1779380559462706998,MATCHED,3074,1779380559462706998,3092,1779380559454850420,7856578,7.856578
1779380559498141741,MATCHED,3075,1779380559498141741,3093,1779380559487689955,10451786,10.451786
1779380559530820661,MATCHED,3076,1779380559530820661,3094,1779380559521126355,9694306,9.694306
1779380559565590244,MATCHED,3077,1779380559565590244,3095,1779380559554565236,11025008,11.025008
1779380559596628865,MATCHED,3078,1779380559596628865,3096,1779380559587909507,8719358,8.719358
1779380559630016130,MATCHED,3079,1779380559630016130,3097,1779380559621180909,8835221,8.835221
1779380559663084878,MATCHED,3080,1779380559663084878,3098,1779380559656686010,6398868,6.398868
1779380559701474053,MATCHED,3081,1779380559701474053,3099,1779380559687829043,13645010,13.645010
1779380559732424509,MATCHED,3082,1779380559732424509,3100,1779380559721895381,10529128,10.529128
1779380559764941801,MATCHED,3083,1779380559764941801,3101,1779380559754380661,10561140,10.561140
1779380559797575443,MATCHED,3084,1779380559797575443,3102,1779380559787545007,10030436,10.030436
1779380559829752016,MATCHED,3085,1779380559829752016,3103,1779380559821118295,8633721,8.633721
1779380559865082223,MATCHED,3086,1779380559865082223,3104,1779380559854344807,10737416,10.737416
1779380559898919168,MATCHED,3087,1779380559898919168,3105,1779380559890648198,8270970,8.270970
1779380559933823305,MATCHED,3088,1779380559933823305,3106,1779380559921730102,12093203,12.093203
1779380559963413720,MATCHED,3089,1779380559963413720,3107,1779380559954554841,8858879,8.858879
1779380559996715318,MATCHED,3090,1779380559996715318,3108,1779380559987605929,9109389,9.109389
1779380560031804064,MATCHED,3091,1779380560031804064,3109,1779380560023639526,8164538,8.164538
1779380560063272848,MATCHED,3092,1779380560063272848,3110,1779380560057537625,5735223,5.735223
1779380560096733501,MATCHED,3093,1779380560096733501,3111,1779380560090472641,6260860,6.260860
1779380560129147978,MATCHED,3094,1779380560129147978,3112,1779380560123462730,5685248,5.685248
1779380560163129107,MATCHED,3095,1779380560163129107,3113,1779380560157866416,5262691,5.262691
1779380560197440361,MATCHED,3096,1779380560197440361,3114,1779380560187739313,9701048,9.701048
1779380560229613453,MATCHED,3097,1779380560229613453,3115,1779380560222271740,7341713,7.341713
1779380560262689905,MATCHED,3098,1779380560262689905,3116,1779380560257795453,4894452,4.894452
1779380560296343722,MATCHED,3099,1779380560296343722,3117,1779380560289015799,7327923,7.327923
1779380560329087511,MATCHED,3100,1779380560329087511,3118,1779380560321939260,7148251,7.148251
1779380560362980492,MATCHED,3101,1779380560362980492,3119,1779380560355070477,7910015,7.910015
1779380560396411200,MATCHED,3102,1779380560396411200,3120,1779380560405152346,-8741146,-8.741146
1779380560429537393,MATCHED,3103,1779380560429537393,3121,1779380560427967218,1570175,1.570175
1779380560462421644,MATCHED,3104,1779380560462421644,3122,1779380560457412212,5009432,5.009432
1779380560496157330,MATCHED,3105,1779380560496157330,3123,1779380560489909362,6247968,6.247968
1779380560528948989,MATCHED,3106,1779380560528948989,3124,1779380560522426622,6522367,6.522367
1779380560563188689,MATCHED,3107,1779380560563188689,3125,1779380560555257398,7931291,7.931291
1779380560595558408,MATCHED,3108,1779380560595558408,3126,1779380560589543900,6014508,6.014508
1779380560629572869,MATCHED,3109,1779380560629572869,3127,1779380560620327400,9245469,9.245469
1779380560663107373,MATCHED,3110,1779380560663107373,3128,1779380560652388942,10718431,10.718431
1779380560695793422,MATCHED,3111,1779380560695793422,3129,1779380560686680723,9112699,9.112699
1779380560729710440,MATCHED,3112,1779380560729710440,3130,1779380560720203733,9506707,9.506707
1779380560762719893,MATCHED,3113,1779380560762719893,3131,1779380560753349894,9369999,9.369999
1779380560796294618,MATCHED,3114,1779380560796294618,3132,1779380560786532815,9761803,9.761803
1779380560834573294,MATCHED,3115,1779380560834573294,3133,1779380560819947252,14626042,14.626042
1779380560879670418,MATCHED,3116,1779380560879670418,3135,1779380560886470592,-6800174,-6.800174
1779380560914348243,MATCHED,3117,1779380560914348243,3136,1779380560919765659,-5417416,-5.417416
1779380560946518945,MATCHED,3118,1779380560946518945,3137,1779380560953338613,-6819668,-6.819668
1779380560980705294,MATCHED,3119,1779380560980705294,3138,1779380560987417747,-6712453,-6.712453
1779380561026830814,MATCHED,3120,1779380561026830814,3139,1779380561020937331,5893483,5.893483
1779380561048391053,MATCHED,3121,1779380561048391053,3140,1779380561054723709,-6332656,-6.332656
1779380561081576523,MATCHED,3122,1779380561081576523,3141,1779380561087418857,-5842334,-5.842334
1779380561111881430,MATCHED,3123,1779380561111881430,3142,1779380561120609000,-8727570,-8.727570
1779380561145665709,MATCHED,3124,1779380561145665709,3143,1779380561153863494,-8197785,-8.197785
1779380561178888678,MATCHED,3125,1779380561178888678,3144,1779380561187186006,-8297328,-8.297328
1779380561212180203,MATCHED,3126,1779380561212180203,3145,1779380561220579257,-8399054,-8.399054
1779380561245384024,MATCHED,3127,1779380561245384024,3146,1779380561253842307,-8458283,-8.458283
1779380561279854758,MATCHED,3128,1779380561279854758,3147,1779380561287113375,-7258617,-7.258617
1779380561313101135,MATCHED,3129,1779380561313101135,3148,1779380561320487775,-7386640,-7.386640
1779380561347906366,MATCHED,3130,1779380561347906366,3149,1779380561353842102,-5935736,-5.935736
1779380561379983088,MATCHED,3131,1779380561379983088,3150,1779380561387290927,-7307839,-7.307839
1779380561412994967,MATCHED,3132,1779380561412994967,3151,1779380561420531125,-7536158,-7.536158
1779380561448880687,MATCHED,3133,1779380561448880687,3152,1779380561453833100,-4952413,-4.952413
1779380561479742847,MATCHED,3134,1779380561479742847,3153,1779380561487473794,-7730947,-7.730947
1779380561514438765,MATCHED,3135,1779380561514438765,3154,1779380561520624141,-6185376,-6.185376
1779380561546679189,MATCHED,3136,1779380561546679189,3155,1779380561554347741,-7668552,-7.668552
1779380561583533991,MATCHED,3137,1779380561583533991,3156,1779380561587088444,-3554453,-3.554453
1779380561617317010,MATCHED,3138,1779380561617317010,3157,1779380561620492418,-3175408,-3.175408
1779380561648520167,MATCHED,3139,1779380561648520167,3158,1779380561653824393,-5304226,-5.304226
1779380561681822302,MATCHED,3140,1779380561681822302,3159,1779380561687951490,-6129188,-6.129188
1779380561715139530,MATCHED,3141,1779380561715139530,3160,1779380561720705081,-5565551,-5.565551
1779380561751898593,MATCHED,3142,1779380561751898593,3161,1779380561753364747,-1466154,-1.466154
1779380561781987613,MATCHED,3143,1779380561781987613,3162,1779380561789300697,-7313084,-7.313084
1779380561818140015,MATCHED,3144,1779380561818140015,3163,1779380561820501304,-2361289,-2.361289
1779380561850131886,MATCHED,3145,1779380561850131886,3164,1779380561853930518,-3798632,-3.798632
1779380561882568883,MATCHED,3146,1779380561882568883,3165,1779380561894245037,-11676154,-11.676154
1779380561914671882,MATCHED,3147,1779380561914671882,3165,1779380561894245037,20426845,20.426845
1779380561946217017,MATCHED,3148,1779380561946217017,3166,1779380561948212849,-1995832,-1.995832
1779380561979531208,MATCHED,3149,1779380561979531208,3167,1779380561981730156,-2198948,-2.198948
1779380562013798167,MATCHED,3150,1779380562013798167,3168,1779380562015178111,-1379944,-1.379944
1779380562047458020,MATCHED,3151,1779380562047458020,3169,1779380562048547011,-1088991,-1.088991
1779380562079630631,MATCHED,3152,1779380562079630631,3170,1779380562081751543,-2120912,-2.120912
1779380562113545556,MATCHED,3153,1779380562113545556,3171,1779380562115061277,-1515721,-1.515721
1779380562146118384,MATCHED,3154,1779380562146118384,3172,1779380562148340345,-2221961,-2.221961
1779380562180514897,MATCHED,3155,1779380562180514897,3173,1779380562182057853,-1542956,-1.542956
1779380562212522268,MATCHED,3156,1779380562212522268,3174,1779380562215046127,-2523859,-2.523859
1779380562246810985,MATCHED,3157,1779380562246810985,3175,1779380562248387824,-1576839,-1.576839
1779380562280756799,MATCHED,3158,1779380562280756799,3176,1779380562284294607,-3537808,-3.537808
1779380562312678004,MATCHED,3159,1779380562312678004,3177,1779380562314927775,-2249771,-2.249771
1779380562348072637,MATCHED,3160,1779380562348072637,3178,1779380562348257601,-184964,-0.184964
1779380562379442107,MATCHED,3161,1779380562379442107,3179,1779380562383766407,-4324300,-4.324300
1779380562413393346,MATCHED,3162,1779380562413393346,3180,1779380562433663352,-20270006,-20.270006
1779380562446924442,MATCHED,3163,1779380562446924442,3181,1779380562455533344,-8608902,-8.608902
1779380562482346741,MATCHED,3164,1779380562482346741,3182,1779380562482565509,-218768,-0.218768
1779380562516695180,MATCHED,3165,1779380562516695180,3183,1779380562509058402,7636778,7.636778
1779380562548332703,MATCHED,3166,1779380562548332703,3184,1779380562548351560,-18857,-0.018857
1779380562584298403,MATCHED,3167,1779380562584298403,3185,1779380562573593650,10704753,10.704753
1779380562612452722,MATCHED,3168,1779380562612452722,3186,1779380562614922899,-2470177,-2.470177
1779380562647934853,MATCHED,3169,1779380562647934853,3187,1779380562648113653,-178800,-0.178800
1779380562686798134,MATCHED,3170,1779380562686798134,3188,1779380562683794346,3003788,3.003788
1779380562717245262,MATCHED,3171,1779380562717245262,3189,1779380562714815917,2429345,2.429345
1779380562749372206,MATCHED,3172,1779380562749372206,3190,1779380562748095392,1276814,1.276814
1779380562779516856,MATCHED,3173,1779380562779516856,3191,1779380562781515829,-1998973,-1.998973
1779380562813611224,MATCHED,3174,1779380562813611224,3192,1779380562814800212,-1188988,-1.188988
1779380562846427031,MATCHED,3175,1779380562846427031,3193,1779380562848234167,-1807136,-1.807136
1779380562881703127,MATCHED,3176,1779380562881703127,3194,1779380562881413643,289484,0.289484
1779380562912331846,MATCHED,3177,1779380562912331846,3195,1779380562914997431,-2665585,-2.665585
1779380562946573508,MATCHED,3178,1779380562946573508,3196,1779380562948261499,-1687991,-1.687991
1779380562981250851,MATCHED,3179,1779380562981250851,3197,1779380562981369735,-118884,-0.118884
1779380563025915091,MATCHED,3180,1779380563025915091,3198,1779380563016649154,9265937,9.265937
1779380563047423052,MATCHED,3181,1779380563047423052,3199,1779380563048733603,-1310551,-1.310551
1779380563079874511,MATCHED,3182,1779380563079874511,3200,1779380563081312789,-1438278,-1.438278
1779380563111399295,MATCHED,3183,1779380563111399295,3201,1779380563115546107,-4146812,-4.146812
1779380563144759615,MATCHED,3184,1779380563144759615,3202,1779380563148824916,-4065301,-4.065301
1779380563177690921,MATCHED,3185,1779380563177690921,3203,1779380563182217871,-4526950,-4.526950
1779380563209348981,MATCHED,3186,1779380563209348981,3204,1779380563214791039,-5442058,-5.442058
1779380563242253009,MATCHED,3187,1779380563242253009,3205,1779380563248016403,-5763394,-5.763394
1779380563279437789,MATCHED,3188,1779380563279437789,3206,1779380563281338656,-1900867,-1.900867
1779380563312198208,MATCHED,3189,1779380563312198208,3207,1779380563319253623,-7055415,-7.055415
1779380563345154624,MATCHED,3190,1779380563345154624,3208,1779380563349339055,-4184431,-4.184431
1779380563379316714,MATCHED,3191,1779380563379316714,3209,1779380563382385144,-3068430,-3.068430
1779380563411917319,MATCHED,3192,1779380563411917319,3210,1779380563416600703,-4683384,-4.683384
1779380563445084178,MATCHED,3193,1779380563445084178,3211,1779380563447959808,-2875630,-2.875630
1779380563478414091,MATCHED,3194,1779380563478414091,3212,1779380563481175395,-2761304,-2.761304
1779380563512938751,MATCHED,3195,1779380563512938751,3213,1779380563514995939,-2057188,-2.057188
1779380563545405876,MATCHED,3196,1779380563545405876,3214,1779380563547740623,-2334747,-2.334747
1779380563579319635,MATCHED,3197,1779380563579319635,3215,1779380563581098542,-1778907,-1.778907
1779380563611871167,MATCHED,3198,1779380563611871167,3216,1779380563614537867,-2666700,-2.666700
1779380563646064571,MATCHED,3199,1779380563646064571,3217,1779380563647693048,-1628477,-1.628477
1779380563679781276,MATCHED,3200,1779380563679781276,3218,1779380563681102077,-1320801,-1.320801
1779380563714424731,MATCHED,3201,1779380563714424731,3219,1779380563714606328,-181597,-0.181597
1779380563746411639,MATCHED,3202,1779380563746411639,3220,1779380563747697453,-1285814,-1.285814
1779380563778334085,MATCHED,3203,1779380563778334085,3221,1779380563781076576,-2742491,-2.742491
1779380563815332071,MATCHED,3204,1779380563815332071,3222,1779380563815105173,226898,0.226898
1779380563846991908,MATCHED,3205,1779380563846991908,3223,1779380563848108411,-1116503,-1.116503
1779380563879970121,MATCHED,3206,1779380563879970121,3224,1779380563880991260,-1021139,-1.021139
1779380563911603422,MATCHED,3207,1779380563911603422,3225,1779380563914347938,-2744516,-2.744516
1779380563945691253,MATCHED,3208,1779380563945691253,3226,1779380563947629673,-1938420,-1.938420
1779380563979047147,MATCHED,3209,1779380563979047147,3227,1779380563981097961,-2050814,-2.050814
1779380564012375708,MATCHED,3210,1779380564012375708,3228,1779380564014639267,-2263559,-2.263559
1779380564045546881,MATCHED,3211,1779380564045546881,3229,1779380564047780225,-2233344,-2.233344
1779380564083031695,MATCHED,3212,1779380564083031695,3230,1779380564081058478,1973217,1.973217
1779380564115727485,MATCHED,3213,1779380564115727485,3231,1779380564114356120,1371365,1.371365
1779380564149193934,MATCHED,3214,1779380564149193934,3232,1779380564148183516,1010418,1.010418
1779380564169249614,MATCHED,3215,1779380564169249614,3233,1779380564181037773,-11788159,-11.788159
1779380564197707615,MATCHED,3216,1779380564197707615,3234,1779380564214246619,-16539004,-16.539004
1779380564229008160,MATCHED,3217,1779380564229008160,3234,1779380564214246619,14761541,14.761541
1779380564282262606,MATCHED,3218,1779380564282262606,3236,1779380564280702663,1559943,1.559943
1779380564300686526,MATCHED,3219,1779380564300686526,3237,1779380564314262747,-13576221,-13.576221
1779380564329768057,MATCHED,3220,1779380564329768057,3237,1779380564314262747,15505310,15.505310
1779380564365578110,MATCHED,3221,1779380564365578110,3239,1779380564380727291,-15149181,-15.149181
1779380564397064246,MATCHED,3222,1779380564397064246,3239,1779380564380727291,16336955,16.336955
1779380564430078681,MATCHED,3223,1779380564430078681,3240,1779380564428854345,1224336,1.224336
1779380564463777553,MATCHED,3224,1779380564463777553,3241,1779380564450441785,13335768,13.335768
1779380564505532878,MATCHED,3225,1779380564505532878,3243,1779380564507174034,-1641156,-1.641156
1779380564546372842,MATCHED,3226,1779380564546372842,3244,1779380564546029771,343071,0.343071
1779380564575233098,MATCHED,3227,1779380564575233098,3245,1779380564570417869,4815229,4.815229
1779380564595582535,MATCHED,3228,1779380564595582535,3246,1779380564605507864,-9925329,-9.925329
1779380564627554239,MATCHED,3229,1779380564627554239,3246,1779380564605507864,22046375,22.046375
1779380564660299751,MATCHED,3230,1779380564660299751,3247,1779380564649602049,10697702,10.697702
1779380564694173714,MATCHED,3231,1779380564694173714,3248,1779380564681613240,12560474,12.560474
1779380564727881159,MATCHED,3232,1779380564727881159,3249,1779380564716292017,11589142,11.589142
1779380564760827261,MATCHED,3233,1779380564760827261,3250,1779380564747891842,12935419,12.935419
1779380564794164952,MATCHED,3234,1779380564794164952,3251,1779380564780759784,13405168,13.405168
1779380564827502642,MATCHED,3235,1779380564827502642,3252,1779380564814086851,13415791,13.415791
1779380564860359190,MATCHED,3236,1779380564860359190,3253,1779380564847493844,12865346,12.865346
1779380564894445761,MATCHED,3237,1779380564894445761,3254,1779380564880780375,13665386,13.665386
1779380564927493140,MATCHED,3238,1779380564927493140,3255,1779380564914091535,13401605,13.401605
1779380564960185226,MATCHED,3239,1779380564960185226,3256,1779380564947471435,12713791,12.713791
1779380564999091655,MATCHED,3240,1779380564999091655,3258,1779380565014126588,-15034933,-15.034933
1779380565029070640,MATCHED,3241,1779380565029070640,3258,1779380565014126588,14944052,14.944052
1779380565060825051,MATCHED,3242,1779380565060825051,3259,1779380565049016659,11808392,11.808392
1779380565093108567,MATCHED,3243,1779380565093108567,3260,1779380565080763612,12344955,12.344955
1779380565127290434,MATCHED,3244,1779380565127290434,3261,1779380565114132383,13158051,13.158051
1779380565159712300,MATCHED,3245,1779380565159712300,3262,1779380565147426080,12286220,12.286220
1779380565193051398,MATCHED,3246,1779380565193051398,3263,1779380565180752888,12298510,12.298510
1779380565228719028,MATCHED,3247,1779380565228719028,3264,1779380565216877133,11841895,11.841895
1779380565260055980,MATCHED,3248,1779380565260055980,3265,1779380565248825861,11230119,11.230119
1779380565293304134,MATCHED,3249,1779380565293304134,3266,1779380565281446880,11857254,11.857254
1779380565326947173,MATCHED,3250,1779380565326947173,3267,1779380565316120360,10826813,10.826813
1779380565362793634,MATCHED,3251,1779380565362793634,3268,1779380565347243708,15549926,15.549926
1779380565393305724,MATCHED,3252,1779380565393305724,3269,1779380565380953253,12352471,12.352471
1779380565427534461,MATCHED,3253,1779380565427534461,3270,1779380565413803400,13731061,13.731061
1779380565460926355,MATCHED,3254,1779380565460926355,3271,1779380565447270280,13656075,13.656075
1779380565493821124,MATCHED,3255,1779380565493821124,3272,1779380565482849345,10971779,10.971779
1779380565530604723,MATCHED,3256,1779380565530604723,3274,1779380565546959411,-16354688,-16.354688
1779380565562677927,MATCHED,3257,1779380565562677927,3274,1779380565546959411,15718516,15.718516
1779380565594936906,MATCHED,3258,1779380565594936906,3275,1779380565580397478,14539428,14.539428
1779380565627757139,MATCHED,3259,1779380565627757139,3276,1779380565613847303,13909836,13.909836
1779380565662385316,MATCHED,3260,1779380565662385316,3277,1779380565647238648,15146668,15.146668
1779380565699655633,MATCHED,3261,1779380565699655633,3279,1779380565713846598,-14190965,-14.190965
1779380565730799494,MATCHED,3262,1779380565730799494,3280,1779380565747078222,-16278728,-16.278728
1779380565764182888,MATCHED,3263,1779380565764182888,3281,1779380565780394308,-16211420,-16.211420
1779380565797038546,MATCHED,3264,1779380565797038546,3281,1779380565780394308,16644238,16.644238
1779380565830659475,MATCHED,3265,1779380565830659475,3283,1779380565846997295,-16337820,-16.337820
1779380565863990499,MATCHED,3266,1779380565863990499,3283,1779380565846997295,16993204,16.993204
1779380565896872527,MATCHED,3267,1779380565896872527,3284,1779380565881469777,15402750,15.402750
1779380565930707731,MATCHED,3268,1779380565930707731,3286,1779380565946922534,-16214803,-16.214803
1779380565964003422,MATCHED,3269,1779380565964003422,3287,1779380565980636561,-16633139,-16.633139
1779380565996779378,MATCHED,3270,1779380565996779378,3287,1779380565980636561,16142817,16.142817
1779380566030593359,MATCHED,3271,1779380566030593359,3289,1779380566047069513,-16476154,-16.476154
1779380566062078847,MATCHED,3272,1779380566062078847,3289,1779380566047069513,15009334,15.009334
1779380566093895442,MATCHED,3273,1779380566093895442,3290,1779380566080208564,13686878,13.686878
1779380566126739564,MATCHED,3274,1779380566126739564,3291,1779380566113765110,12974454,12.974454
1779380566160756395,MATCHED,3275,1779380566160756395,3292,1779380566146882013,13874382,13.874382
1779380566194037827,MATCHED,3276,1779380566194037827,3293,1779380566180266043,13771784,13.771784
1779380566228159750,MATCHED,3277,1779380566228159750,3294,1779380566213837108,14322642,14.322642
1779380566260894188,MATCHED,3278,1779380566260894188,3295,1779380566247381025,13513163,13.513163
1779380566293744161,MATCHED,3279,1779380566293744161,3296,1779380566281745990,11998171,11.998171
1779380566327149925,MATCHED,3280,1779380566327149925,3298,1779380566330563945,-3414020,-3.414020
1779380566360187508,MATCHED,3281,1779380566360187508,3299,1779380566353224837,6962671,6.962671
1779380566393012092,MATCHED,3282,1779380566393012092,3300,1779380566397577317,-4565225,-4.565225
1779380566426801500,MATCHED,3283,1779380566426801500,3301,1779380566422002340,4799160,4.799160
1779380566459824324,MATCHED,3284,1779380566459824324,3302,1779380566454309936,5514388,5.514388
1779380566493350716,MATCHED,3285,1779380566493350716,3303,1779380566484869401,8481315,8.481315
1779380566526665296,MATCHED,3286,1779380566526665296,3304,1779380566518632168,8033128,8.033128
1779380566560027134,MATCHED,3287,1779380566560027134,3305,1779380566552225788,7801346,7.801346
1779380566592741905,MATCHED,3288,1779380566592741905,3306,1779380566583699244,9042661,9.042661
1779380566626688552,MATCHED,3289,1779380566626688552,3307,1779380566617101532,9587020,9.587020
1779380566660707254,MATCHED,3290,1779380566660707254,3308,1779380566652448617,8258637,8.258637
1779380566692676718,MATCHED,3291,1779380566692676718,3309,1779380566686824138,5852580,5.852580
1779380566726902640,MATCHED,3292,1779380566726902640,3310,1779380566725515338,1387302,1.387302
1779380566761925554,MATCHED,3293,1779380566761925554,3311,1779380566757703158,4222396,4.222396
1779380566793265376,MATCHED,3294,1779380566793265376,3312,1779380566792154399,1110977,1.110977
1779380566825992333,MATCHED,3295,1779380566825992333,3313,1779380566826811750,-819417,-0.819417
1779380566859879591,MATCHED,3296,1779380566859879591,3314,1779380566859075791,803800,0.803800
1779380566892720195,MATCHED,3297,1779380566892720195,3315,1779380566889906049,2814146,2.814146
1779380566926619731,MATCHED,3298,1779380566926619731,3316,1779380566927078579,-458848,-0.458848
1779380566959752572,MATCHED,3299,1779380566959752572,3317,1779380566958976938,775634,0.775634
1779380566998398226,MATCHED,3300,1779380566998398226,3318,1779380566989921547,8476679,8.476679
1779380567028280711,MATCHED,3301,1779380567028280711,3319,1779380567024495954,3784757,3.784757
1779380567061943491,MATCHED,3302,1779380567061943491,3320,1779380567054550646,7392845,7.392845
1779380567092224380,MATCHED,3303,1779380567092224380,3321,1779380567085598995,6625385,6.625385
1779380567125272055,MATCHED,3304,1779380567125272055,3322,1779380567122147123,3124932,3.124932
1779380567158778392,MATCHED,3305,1779380567158778392,3323,1779380567157246118,1532274,1.532274
1779380567192164897,MATCHED,3306,1779380567192164897,3324,1779380567185444661,6720236,6.720236
1779380567225690715,MATCHED,3307,1779380567225690715,3325,1779380567220856393,4834322,4.834322
1779380567259980099,MATCHED,3308,1779380567259980099,3326,1779380567252101222,7878877,7.878877
1779380567292571113,MATCHED,3309,1779380567292571113,3327,1779380567288732683,3838430,3.838430
1779380567325980969,MATCHED,3310,1779380567325980969,3328,1779380567318572932,7408037,7.408037
1779380567359197864,MATCHED,3311,1779380567359197864,3329,1779380567353063063,6134801,6.134801
1779380567392515055,MATCHED,3312,1779380567392515055,3330,1779380567385436806,7078249,7.078249
1779380567425897504,MATCHED,3313,1779380567425897504,3331,1779380567420965630,4931874,4.931874
1779380567459149270,MATCHED,3314,1779380567459149270,3332,1779380567452117626,7031644,7.031644
1779380567492880308,MATCHED,3315,1779380567492880308,3333,1779380567486208000,6672308,6.672308
1779380567525851540,MATCHED,3316,1779380567525851540,3334,1779380567518427597,7423943,7.423943
1779380567559042102,MATCHED,3317,1779380567559042102,3335,1779380567552253956,6788146,6.788146
1779380567593934443,MATCHED,3318,1779380567593934443,3336,1779380567585033528,8900915,8.900915
1779380567626103775,MATCHED,3319,1779380567626103775,3337,1779380567619154847,6948928,6.948928
1779380567660063404,MATCHED,3320,1779380567660063404,3338,1779380567653009799,7053605,7.053605
1779380567693340428,MATCHED,3321,1779380567693340428,3339,1779380567685511430,7828998,7.828998
1779380567726383400,MATCHED,3322,1779380567726383400,3340,1779380567718835201,7548199,7.548199
1779380567760046661,MATCHED,3323,1779380567760046661,3341,1779380567751453219,8593442,8.593442
1779380567792915764,MATCHED,3324,1779380567792915764,3342,1779380567785531446,7384318,7.384318
1779380567826327027,MATCHED,3325,1779380567826327027,3343,1779380567818054521,8272506,8.272506
1779380567858945151,MATCHED,3326,1779380567858945151,3344,1779380567852269136,6676015,6.676015
1779380567892822873,MATCHED,3327,1779380567892822873,3345,1779380567884793692,8029181,8.029181
1779380567926351284,MATCHED,3328,1779380567926351284,3346,1779380567918205259,8146025,8.146025
1779380567958889613,MATCHED,3329,1779380567958889613,3347,1779380567952282078,6607535,6.607535
1779380567993162719,MATCHED,3330,1779380567993162719,3348,1779380567984749469,8413250,8.413250
1779380568025678566,MATCHED,3331,1779380568025678566,3349,1779380568018880973,6797593,6.797593
1779380568059814193,MATCHED,3332,1779380568059814193,3350,1779380568051594213,8219980,8.219980
1779380568092885442,MATCHED,3333,1779380568092885442,3351,1779380568084767523,8117919,8.117919
1779380568125898488,MATCHED,3334,1779380568125898488,3352,1779380568118854990,7043498,7.043498
1779380568159458769,MATCHED,3335,1779380568159458769,3353,1779380568152245927,7212842,7.212842
1779380568192905791,MATCHED,3336,1779380568192905791,3354,1779380568184737910,8167881,8.167881
1779380568225676654,MATCHED,3337,1779380568225676654,3355,1779380568220596712,5079942,5.079942
1779380568259283990,MATCHED,3338,1779380568259283990,3356,1779380568252878660,6405330,6.405330
1779380568298670025,MATCHED,3339,1779380568298670025,3357,1779380568285982359,12687666,12.687666
1779380568326609457,MATCHED,3340,1779380568326609457,3358,1779380568318526064,8083393,8.083393
1779380568360173701,MATCHED,3341,1779380568360173701,3359,1779380568354571883,5601818,5.601818
1779380568395537000,MATCHED,3342,1779380568395537000,3360,1779380568396597681,-1060681,-1.060681
1779380568429394796,MATCHED,3343,1779380568429394796,3361,1779380568420381378,9013418,9.013418
1779380568459175357,MATCHED,3344,1779380568459175357,3362,1779380568452283088,6892269,6.892269
1779380568492902229,MATCHED,3345,1779380568492902229,3363,1779380568483447047,9455182,9.455182
1779380568526019977,MATCHED,3346,1779380568526019977,3364,1779380568515831790,10188187,10.188187
1779380568559331816,MATCHED,3347,1779380568559331816,3365,1779380568549106840,10224976,10.224976
1779380568593794143,MATCHED,3348,1779380568593794143,3366,1779380568582693238,11100905,11.100905
1779380568626131196,MATCHED,3349,1779380568626131196,3367,1779380568616008324,10122872,10.122872
1779380568659572829,MATCHED,3350,1779380568659572829,3368,1779380568651070078,8502751,8.502751
1779380568692594931,MATCHED,3351,1779380568692594931,3369,1779380568683695356,8899575,8.899575
1779380568725571829,MATCHED,3352,1779380568725571829,3370,1779380568716718019,8853810,8.853810
1779380568759942379,MATCHED,3353,1779380568759942379,3371,1779380568751199464,8742915,8.742915
1779380568794177301,MATCHED,3354,1779380568794177301,3372,1779380568783812094,10365207,10.365207
1779380568827191569,MATCHED,3355,1779380568827191569,3373,1779380568816836979,10354590,10.354590
1779380568862853883,MATCHED,3356,1779380568862853883,3374,1779380568850762485,12091398,12.091398
1779380568891704324,MATCHED,3357,1779380568891704324,3375,1779380568884256829,7447495,7.447495
1779380568927850004,MATCHED,3358,1779380568927850004,3376,1779380568917607877,10242127,10.242127
1779380568963808352,MATCHED,3359,1779380568963808352,3377,1779380568951199461,12608891,12.608891
1779380569002347952,MATCHED,3360,1779380569002347952,3379,1779380569017678097,-15330145,-15.330145
1779380569030080738,MATCHED,3361,1779380569030080738,3379,1779380569017678097,12402641,12.402641
1779380569061331079,MATCHED,3362,1779380569061331079,3380,1779380569050991276,10339803,10.339803
1779380569098795783,MATCHED,3363,1779380569098795783,3381,1779380569084273770,14522013,14.522013
1779380569125404210,MATCHED,3364,1779380569125404210,3382,1779380569117857742,7546468,7.546468
1779380569166279266,MATCHED,3365,1779380569166279266,3383,1779380569151546158,14733108,14.733108
1779380569210048848,MATCHED,3366,1779380569210048848,3385,1779380569217832259,-7783411,-7.783411
1779380569242622454,MATCHED,3367,1779380569242622454,3386,1779380569251881449,-9258995,-9.258995
1779380569267911895,MATCHED,3368,1779380569267911895,3386,1779380569251881449,16030446,16.030446
1779380569294272214,MATCHED,3369,1779380569294272214,3387,1779380569284274748,9997466,9.997466
1779380569327085150,MATCHED,3370,1779380569327085150,3388,1779380569317700333,9384817,9.384817
