valid_bounce,flight_id,start_frame,end_frame,origin_track_ids,primary_origin_track_id,crossed_sides,crossed_sides_confidence,likely_net_hit,ended_near_net,counts_as_shot,counts_in_shot_stats,shot_id,dedupe_reason,reason_codes,net_crossing_frame,landing_x,landing_y,landing_confidence,bounce_frame,bounce_x,bounce_y,bounce_z,bounce_score,bounce_mode,bbox_source_x,bbox_source_y,bbox_source_w,bbox_source_h,bbox_sink_x,bbox_sink_y,bbox_sink_w,bbox_sink_h,bounce_sink_frame,bounce_hq_frame,has_direction_change,direction_change_frame,direction_change_x,direction_change_y,direction_change_z,direction_change_mode,direction_change_sink_frame,direction_change_hq_frame,direction_change_bbox_source_x,direction_change_bbox_source_y,direction_change_bbox_source_w,direction_change_bbox_source_h,direction_change_bbox_sink_x,direction_change_bbox_sink_y,direction_change_bbox_sink_w,direction_change_bbox_sink_h,window_frames
1,0,7,31,"0,1,3",1,1,0.8333333333333334,0,0,1,1,0,,,17,,,0.0,27,0.5051936140541419,1.6502027959059506,-0.15649457441555958,0.7258922502914875,valley,627.0,210.0,25.0,26.0,419.0,221.0,25.0,22.0,27,49,0,,,,,,,,,,,,,,,,"7,8,9,10,11,12,13,14,15,16,17,18,19,20,21,22,23,24,25,26,27,28,29,30,31"
0,1,51,58,6,6,1,0.6666666666666666,1,1,1,1,1,,,53,1.3144435987776975,7.3821966311513965,0.9391816183147748,,,,,0.0,,,,,,,,,,,,1,62,1.2123809288469378,6.531032918034705,0.037422041747276924,cross_next_flight,,,604.0,296.0,16.0,22.0,444.0,315.0,19.0,26.0,"51,52,53,54,55,58"
0,2,59,85,"6,4,5",6,1,0.25,1,0,1,1,2,,,60,,,0.0,80,1.162016031541191,5.852853216991075,0.03231122190967517,0.4645199490524671,valley,613.0,277.0,16.0,26.0,444.0,296.0,16.0,26.0,80,103,0,,,,,,,,,,,,,,,,"59,60,61,62,63,64,65,66,67,68,69,70,71,72,73,74,75,76,80,81,82,83,84,85"
1,3,136,181,"7,8,9",8,1,0.09523809523809523,0,0,1,1,3,,,140,,,0.0,160,2.267397690664223,10.507666269586128,0.02895070485237161,0.6694458512320203,valley,618.0,476.0,22.0,30.0,554.0,498.0,22.0,26.0,160,183,1,185,2.838362978703604,13.39115677039467,0.0073992396538972716,end_flight_fallback,,,613.0,705.0,19.0,22.0,669.0,705.0,14.0,18.0,"136,137,140,141,142,143,144,145,146,147,148,149,150,151,152,153,154,155,156,157,158,159,160,161,162,163,164,165,166,167,168,169,170,171,172,173,174,176,177,178,179,180,181"
0,4,240,256,11,11,0,0.0,0,0,0,0,,,low_displacement,,2.18836603064415,13.622815165019786,0.9449069602231379,,,,,0.0,,,,,,,,,,,,0,,,,,,,,,,,,,,,,"240,241,242,243,248,249,250,251,252,253,254,255,256"
1,5,341,383,"13,14,15",14,1,0.95,0,0,1,1,4,,,362,,,0.0,377,4.634389509033056,0.4686521501258625,0.023082766368940355,0.7992380867878955,valley,,,,,,,,,377,400,0,,,,,,,,,,,,,,,,"341,342,343,344,345,346,347,348,349,350,351,352,353,354,355,356,357,358,359,360,361,362,363,364,365,366,367,368,369,370,371,372,376,377,378,379,380,381,382,383"
1,6,392,422,"16,18",18,1,0.8,0,0,1,1,5,,,404,,,0.0,415,2.605441304359607,10.475514609773462,-0.0910715649825935,0.7042847199629478,valley,663.0,491.0,22.0,30.0,604.0,502.0,19.0,26.0,415,437,0,,,,,,,,,,,,,,,,"392,393,394,395,396,397,398,399,400,401,402,403,404,405,406,407,408,409,410,411,412,413,414,415,416,417,418,419,420,421,422"
0,7,423,463,"18,17",18,1,0.15789473684210525,1,1,1,1,6,,,448,,,0.0,452,4.584159796204574,6.722490310438168,-0.026297332342842594,0.3561472016918348,valley,897.0,315.0,16.0,26.0,748.0,296.0,11.0,15.0,452,474,0,,,,,,,,,,,,,,,,"423,424,425,426,427,428,429,430,431,432,433,434,435,436,437,438,439,440,441,442,443,444,445,446,447,448,449,450,451,452,456,457,458,459,460,461,462,463"
0,8,560,565,19,19,0,0.0,0,0,0,0,,,low_displacement;low_peak_z,,,,0.0,,,,,0.0,,,,,,,,,,,,0,,,,,,,,,,,,,,,,"560,561,562,563,564,565"
0,9,600,607,20,20,0,0.0,0,0,0,0,,,low_displacement,,4.066711791607706,10.23390813818259,0.8638822628682074,,,,,0.0,,,,,,,,,,,,0,,,,,,,,,,,,,,,,"600,601,602,603,604,605,606,607"
1,10,624,639,"22,23",23,0,0.0,0,0,1,1,7,,,,4.226617655268638,12.347382197948246,0.811502394403841,629,4.077486209334599,11.665920445975244,-0.05333637499204258,0.5,ground_hit_fallback,877.0,618.0,19.0,22.0,849.0,558.0,19.0,30.0,629,651,0,,,,,,,,,,,,,,,,"624,628,629,630,631,632,633,634,635,636,637,638,639"
0,11,656,661,24,24,0,0.0,0,0,0,0,,,low_displacement,,,,0.0,,,,,0.0,,,,,,,,,,,,0,,,,,,,,,,,,,,,,"656,657,658,659,660,661"
0,12,704,711,28,28,0,0.0,0,0,0,0,,,low_displacement,,3.4135030688085815,14.688270724781372,0.9300060553008787,,,,,0.0,,,,,,,,,,,,0,,,,,,,,,,,,,,,,"704,705,706,707,708,709,710,711"
1,13,761,791,"30,31,33,32",30,1,1.0,0,0,1,1,8,,,777,,,0.0,782,1.4963407292950919,3.225582588716822,0.08563965772345172,0.6594044479943293,valley,669.0,221.0,25.0,22.0,478.0,225.0,19.0,26.0,782,804,0,,,,,,,,,,,,,,,,"761,762,763,764,765,766,767,768,769,770,771,772,773,774,777,778,779,780,781,782,783,784,785,786,787,788,789,790,791"
1,14,801,829,"34,35",34,1,0.7142857142857143,0,0,1,1,9,,,811,,,0.0,823,4.130128935686091,10.685324759385832,0.18878745625199045,0.6765814220458157,valley,880.0,491.0,19.0,26.0,810.0,457.0,22.0,26.0,823,846,0,,,,,,,,,,,,,,,,"801,802,803,804,805,806,807,808,809,810,811,812,813,814,815,816,817,818,819,820,821,822,823,824,825,826,827,828,829"
1,15,833,871,"35,36,37",36,1,0.8695652173913043,1,0,1,1,10,,,857,,,0.0,863,1.686516992214444,5.535339174223368,0.15874859855246992,0.6957532613223715,valley,,,,,,,,,863,885,0,,,,,,,,,,,,,,,,"833,834,835,836,837,838,839,840,841,842,843,844,845,846,847,848,849,850,851,852,853,854,855,856,857,858,859,860,861,862,863,854,855,856,857,858,859,860,861,862,863,864,865,866,867,868,871"
1,16,887,895,39,39,0,0.0,1,0,1,1,11,,,888,1.8563750189455321,9.21557289444632,0.9467256100314339,895,1.6396933563759832,7.9080500968452,0.3672150927011771,0.5,ground_hit_fallback,613.0,307.0,19.0,30.0,469.0,326.0,22.0,30.0,895,917,0,,,,,,,,,,,,,,,,"887,888,889,890,891,892,893,894,895"
0,17,968,998,"45,43,44,48,46,47",45,1,0.9333333333333333,0,0,1,1,12,,,981,2.168657111600878,4.952924003821193,0.9542565218934767,,,,,0.0,,,,,,,,,,,,1,1002,2.2420581669711184,5.965609740061595,0.042320418773275914,end_flight_fallback,,,691.0,236.0,19.0,22.0,517.0,232.0,19.0,26.0,"968,969,970,971,972,973,974,975,976,977,978,979,980,981,982,983,984,985,986,987,988,989,990,991,992,993,994,995,996,997,998"
1,18,1016,1032,"52,53",53,0,0.0,0,0,1,1,13,,,,,,0.0,1024,2.4077985612106523,3.7321586981444916,0.0708236215875706,0.6626099321405511,valley,728.0,232.0,16.0,22.0,545.0,232.0,14.0,18.0,1024,1046,0,,,,,,,,,,,,,,,,"1016,1017,1018,1019,1020,1021,1022,1023,1024,1028,1029,1030,1031,1032"
1,19,1385,1415,"54,55,56,57",55,1,0.9285714285714286,0,0,1,1,14,,,1399,,,0.0,1406,4.718102295552249,10.3471992241547,0.03763847450578339,0.7162055937326242,valley,956.0,487.0,22.0,26.0,871.0,438.0,16.0,30.0,1406,1428,1,1420,6.367583532844122,12.714006808423335,0.023523341941833475,end_flight_fallback,,,1229.0,656.0,19.0,30.0,1155.0,521.0,2.0,3.0,"1385,1386,1387,1388,1389,1390,1391,1392,1393,1394,1395,1396,1397,1399,1400,1401,1402,1403,1404,1405,1406,1407,1408,1409,1410,1411,1412,1414,1415"
1,20,1422,1447,"58,59,60,61",59,1,0.6923076923076923,0,0,1,1,15,,,1431,,,0.0,1447,3.191495904341755,2.264678500020139,0.26905909994429855,0.5,ground_hit_fallback,784.0,191.0,22.0,33.0,585.0,180.0,22.0,33.0,1447,1469,0,,,,,,,,,,,,,,,,"1422,1423,1424,1425,1426,1427,1428,1429,1430,1431,1432,1433,1434,1435,1436,1437,1438,1439,1440,1441,1442,1443,1444,1445,1446,1447"
0,21,1456,1471,63,63,1,0.625,0,0,1,1,16,,,1467,1.4357267369617348,13.848922809221127,0.9239707390491243,,,,,0.0,,,,,,,,,,,,0,,,,,,,,,,,,,,,,"1456,1457,1458,1459,1460,1461,1462,1463,1464,1465,1466,1467,1468,1469,1470,1471"
1,22,1472,1487,"63,64",63,1,0.875,0,0,1,1,17,,,1479,2.845246132589823,2.5087865228322874,0.9513930789848031,1487,2.7346338756053816,3.417296871247302,0.39562387376517805,0.5,ground_hit_fallback,750.0,206.0,22.0,22.0,559.0,195.0,19.0,26.0,1487,1509,0,,,,,,,,,,,,,,,,"1472,1473,1474,1475,1476,1477,1478,1479,1480,1481,1482,1483,1484,1485,1486,1487"
0,23,1520,1530,"67,68",68,1,0.875,0,0,1,1,18,,,1527,4.080014345237343,8.60230361496072,0.9585078104020024,,,,,0.0,,,,,,,,,,,,0,,,,,,,,,,,,,,,,"1520,1521,1522,1523,1524,1525,1526,1527,1528,1529,1530,1526,1527,1528,1529,1530"
1,24,1552,1571,70,70,0,0.0,0,0,1,1,19,,,,,,0.0,1567,5.744959191050013,3.4799811523309927,0.046332886595674694,0.6495550634060485,valley,964.0,232.0,16.0,26.0,765.0,202.0,25.0,26.0,1567,1590,0,,,,,,,,,,,,,,,,"1552,1553,1554,1555,1556,1557,1558,1559,1560,1561,1562,1563,1564,1565,1566,1567,1568,1569,1570,1571"
1,25,1572,1623,"70,69,71,72,75,76",75,1,0.4,0,0,1,1,20,,,1591,,,0.0,1617,2.968995750011582,4.487364630886155,0.5651178356865376,0.6342274383941376,valley,762.0,210.0,25.0,26.0,579.0,202.0,22.0,22.0,1617,1640,0,,,,,,,,,,,,,,,,"1572,1573,1574,1575,1576,1577,1578,1579,1580,1581,1582,1583,1584,1585,1586,1587,1588,1589,1590,1591,1592,1593,1594,1595,1596,1597,1598,1601,1602,1603,1604,1605,1606,1607,1608,1609,1610,1611,1612,1613,1614,1615,1616,1617,1618,1619,1620,1621,1622,1623"
0,26,1630,1646,"78,80",78,1,0.5,0,0,1,1,21,,,1631,4.372982625711847,4.315194721692383,0.8784805232848014,,,,,0.0,,,,,,,,,,,,0,,,,,,,,,,,,,,,,"1630,1631,1630,1631,1632,1633,1634,1635,1636,1637,1638,1639,1642,1643,1644,1645,1646"
1,27,1647,1669,"80,81,83,82",83,1,0.2,0,0,1,1,22,,,1649,,,0.0,1660,5.699060261761321,10.441108541237547,-0.03918220300467823,0.7537745431046309,valley,1110.0,521.0,14.0,18.0,992.0,435.0,16.0,22.0,1660,1682,1,1669,6.416798139600878,12.384217488312132,0.2777861316909238,end_flight_fallback,,,1414.0,712.0,16.0,22.0,1276.0,532.0,19.0,22.0,"1647,1648,1649,1650,1653,1654,1655,1657,1658,1659,1660,1661,1662,1663,1664,1665,1666,1667,1668,1669"
0,28,1876,1908,"84,86",84,1,0.875,0,0,1,1,23,,,1895,4.730883614855286,2.0954957332436273,0.9634506640755458,,,,,0.0,,,,,,,,,,,,0,,,,,,,,,,,,,,,,"1876,1877,1878,1879,1880,1881,1882,1883,1884,1885,1886,1887,1888,1889,1890,1891,1892,1893,1894,1895,1896,1897,1898,1899,1900,1901,1902,1903,1904,1905,1906,1907,1908"
0,29,1912,1919,"92,91,93",92,0,0.0,0,0,0,0,,,low_displacement,,4.59929880781326,2.3859300139981836,0.8464102376383476,,,,,0.0,,,,,,,,,,,,0,,,,,,,,,,,,,,,,"1912,1913,1914,1915,1916,1917,1918,1919"
1,30,2104,2128,"97,99",97,1,0.6666666666666666,0,0,1,1,24,,,2112,,,0.0,2123,1.568205683910768,11.683266804640702,0.3404650590085314,0.6667292951640639,valley,472.0,532.0,16.0,22.0,435.0,585.0,14.0,22.0,2123,2146,0,,,,,,,,,,,,,,,,"2104,2105,2106,2107,2108,2109,2110,2111,2112,2113,2114,2115,2116,2117,2118,2119,2120,2121,2122,2123,2124,2125,2126,2127,2128"
0,31,2129,2159,99,99,1,0.4666666666666667,0,0,1,1,25,,,2153,3.158714685216629,3.3564166039254975,0.9553823427579632,,,,,0.0,,,,,,,,,,,,1,2164,3.100760193324906,4.7704105094234635,0.1888728582637893,end_flight_fallback,,,759.0,198.0,19.0,26.0,573.0,191.0,22.0,30.0,"2129,2130,2131,2132,2133,2134,2135,2136,2137,2138,2139,2140,2141,2142,2144,2145,2146,2147,2148,2149,2150,2151,2152,2153,2154,2155,2156,2157,2158,2159"
1,32,2188,2210,"102,103",103,0,0.0,0,0,1,1,26,,,,,,0.0,2205,1.2432906119259064,12.873160044925717,0.27845223030411503,0.6381942046062306,valley,,,,,,,,,2205,2227,0,,,,,,,,,,,,,,,,"2188,2189,2190,2191,2192,2193,2194,2195,2196,2197,2198,2199,2200,2201,2202,2203,2204,2205,2206,2207,2201,2202,2203,2204,2205,2206,2207,2208,2209,2210"
0,33,2232,2239,104,104,0,0.0,0,0,0,0,,,low_displacement,,3.867691014176709,13.669438130586148,0.9133423394606041,,,,,0.0,,,,,,,,,,,,0,,,,,,,,,,,,,,,,"2232,2233,2234,2235,2236,2237,2238,2239"
0,34,2290,2296,105,105,0,0.0,0,0,1,1,27,,,,1.8709507585687324,11.961622777187088,0.9164063813156078,,,,,0.0,,,,,,,,,,,,0,,,,,,,,,,,,,,,,"2290,2291,2292,2293,2294,2295,2296"
1,35,2308,2373,106,106,0,0.0,0,0,1,1,28,,,,,,0.0,2330,2.28505535877906,10.810077494628864,0.0027644008878136006,0.5154405267251991,valley,613.0,498.0,22.0,37.0,562.0,521.0,19.0,30.0,2330,2352,0,,,,,,,,,,,,,,,,"2308,2309,2310,2311,2312,2313,2314,2315,2316,2317,2318,2319,2320,2321,2322,2323,2324,2325,2326,2327,2328,2329,2330,2331,2332,2333,2334,2335,2336,2337,2338,2339,2340,2341,2342,2343,2344,2345,2346,2347,2348,2349,2350,2351,2352,2353,2354,2355,2356,2357,2358,2359,2360,2361,2362,2363,2364,2365,2366,2367,2368,2369,2370,2371,2372,2373"
1,36,2432,2463,"107,108,111,109,110,112",111,1,0.375,0,0,1,1,29,,,2438,,,0.0,2458,2.3131278315661454,1.7818419839705406,0.1471944504516296,0.7132480083481485,valley,731.0,195.0,22.0,26.0,531.0,191.0,19.0,26.0,2458,2480,0,,,,,,,,,,,,,,,,"2432,2433,2434,2435,2436,2437,2438,2439,2440,2441,2442,2443,2444,2445,2446,2447,2448,2449,2450,2451,2452,2453,2454,2455,2456,2457,2458,2459,2460,2461,2462,2463"
1,37,2560,2581,"113,114",113,1,0.9090909090909091,0,0,1,1,30,,,2570,4.953721199676799,12.455815097981365,0.9495710141578783,2581,4.814140273141161,11.820221202949938,0.15891138557038076,0.5,ground_hit_fallback,1020.0,622.0,19.0,22.0,973.0,532.0,16.0,26.0,2581,2603,0,,,,,,,,,,,,,,,,"2560,2561,2562,2563,2564,2565,2566,2567,2568,2569,2570,2571,2572,2573,2574,2575,2576,2577,2578,2579,2580,2581"
1,38,2582,2618,"116,117,119",117,1,0.9411764705882353,0,0,1,1,31,,,2603,1.7825518979762354,1.6982303587879048,0.9381618214756797,2618,1.9034978757542502,2.629038821478371,0.3863739570332756,0.5,ground_hit_fallback,703.0,187.0,19.0,33.0,503.0,191.0,19.0,22.0,2618,2640,0,,,,,,,,,,,,,,,,"2582,2583,2587,2588,2589,2590,2591,2592,2593,2594,2595,2596,2597,2598,2599,2600,2601,2602,2603,2604,2605,2606,2607,2608,2609,2610,2611,2612,2613,2614,2615,2616,2617,2618"
1,39,2647,2653,"126,127",127,0,0.0,0,0,1,1,32,,,,4.455550361755381,7.3728438146667425,0.9100912469234907,2653,4.0090414440538416,6.2615433303930175,0.44569340452406614,0.5,ground_hit_fallback,849.0,258.0,11.0,22.0,686.0,243.0,19.0,22.0,2653,2675,0,,,,,,,,,,,,,,,,"2647,2648,2649,2650,2651,2652,2653"
0,40,2680,2703,"132,130",132,0,0.0,1,0,0,0,,,low_peak_z,,,,0.0,,,,,0.0,,,,,,,,,,,,0,,,,,,,,,,,,,,,,"2680,2681,2682,2683,2684,2685,2686,2687,2680,2681,2682,2683,2684,2685,2686,2687,2688,2689,2690,2691,2692,2693,2694,2695,2696,2697,2698,2699,2700,2701,2702,2703"
0,41,2729,2735,"135,136",136,0,0.0,0,0,0,0,,,low_displacement;low_peak_z,,,,0.0,,,,,0.0,,,,,,,,,,,,0,,,,,,,,,,,,,,,,"2729,2730,2731,2732,2733,2734,2735"
1,42,2944,2968,"137,139",137,1,0.8333333333333334,0,0,1,1,33,,,2954,,,0.0,2965,1.7912955617831292,11.923039868915561,0.10435366700343529,0.6693816554711984,valley,497.0,588.0,19.0,22.0,480.0,637.0,19.0,26.0,2965,2987,0,,,,,,,,,,,,,,,,"2944,2945,2946,2947,2948,2949,2950,2951,2952,2953,2954,2955,2956,2957,2958,2959,2960,2961,2962,2963,2964,2965,2966,2967,2968"
0,43,2970,2991,"139,140,141",140,0,0.0,1,0,1,1,34,,,2987,3.2393245242525786,5.085416433972213,0.8758274773879637,,,,,0.0,,,,,,,,,,,,1,2992,3.2268248388605505,4.1867415451338195,0.21295934212512302,within_flight,,,742.0,251.0,14.0,18.0,573.0,251.0,25.0,26.0,"2970,2971,2972,2973,2974,2975,2976,2977,2978,2979,2980,2981,2982,2983,2987,2988,2989,2990,2991"
1,44,3041,3096,"142,143,146,144,145,148,147",146,1,0.08333333333333333,0,0,1,1,35,,,3047,,,0.0,3067,3.9996016047364753,3.161100111660815,0.45904019235527116,0.7150370427489596,valley,,,,,,,,,3063,3089,1,3076,4.119452226615334,2.404454979810197,0.6209524530675097,within_flight,,,849.0,172.0,19.0,22.0,646.0,157.0,19.0,22.0,"3041,3042,3047,3048,3049,3050,3051,3052,3053,3054,3055,3056,3057,3058,3059,3060,3061,3062,3063,3064,3065,3066,3067,3064,3065,3066,3067,3072,3073,3074,3075,3076,3077,3078,3079,3080,3081,3082,3083,3086,3087,3088,3089,3090,3091,3092,3093,3096"
0,45,3265,3287,"153,154,155,156",155,1,0.8181818181818182,0,0,1,1,36,,,3275,,,0.0,3279,3.28234243052773,7.795015270898762,0.7892368417076714,0.09958307466179717,valley,776.0,270.0,22.0,33.0,630.0,255.0,28.0,30.0,3275,3301,1,3286,3.882449565037808,11.035762553774315,-0.04189303335828143,end_flight_fallback,,,840.0,547.0,19.0,26.0,793.0,510.0,19.0,30.0,"3265,3266,3268,3269,3270,3271,3272,3273,3274,3275,3276,3277,3278,3279,3280,3281,3282,3283,3284,3285,3286,3287"
0,46,3288,3313,"155,157,158",158,1,0.3,0,0,1,1,37,,,3311,1.222332799353965,1.611143235924681,0.8818656578066925,,,,,0.0,,,,,,,,,,,,0,,,,,,,,,,,,,,,,"3288,3293,3295,3296,3297,3298,3299,3300,3301,3302,3303,3304,3305,3306,3307,3308,3309,3310,3311,3312,3313"
1,47,3320,3329,159,159,0,0.0,0,0,1,1,38,,,,0.9905057853135895,1.4729445271295756,0.7481246372522431,3324,1.120100202625189,1.1579171806530493,-0.21845674199124776,0.7638963030204107,valley,666.0,202.0,22.0,30.0,461.0,210.0,22.0,30.0,3320,3346,0,,,,,,,,,,,,,,,,"3320,3321,3322,3323,3324,3325,3326,3327,3328,3329"
0,48,3330,3351,"159,160,162,161,163",163,1,0.2727272727272727,0,0,1,1,39,,,3349,3.5062585142369365,9.711398826693342,0.8708685156535908,,,,,0.0,,,,,,,,,,,,0,,,,,,,,,,,,,,,,"3330,3331,3332,3333,3334,3335,3336,3337,3338,3339,3340,3341,3342,3343,3344,3345,3346,3347,3348,3349,3350,3351"
0,49,3384,3403,"168,166,167",168,1,0.5,1,0,1,1,40,,,3398,4.169314299763924,7.679136729849516,0.9625402334201061,,,,,0.0,,,,,,,,,,,,1,3403,4.10249794699142,7.3810421222273845,0.2721207373666026,within_flight,,,860.0,315.0,11.0,15.0,714.0,288.0,19.0,26.0,"3384,3385,3386,3387,3388,3389,3390,3391,3392,3393,3394,3395,3396,3397,3398,3399,3400,3401,3402,3403"
0,50,3416,3435,"170,169,172,171",172,1,0.875,1,0,1,1,41,,,3422,0.4744003374428374,4.780875386410361,0.9353289118774857,,,,,0.0,,,,,,,,,,,,1,3435,1.1800833648527822,5.472752264432342,0.5501992693111454,cross_next_flight,,,615.0,228.0,22.0,26.0,435.0,236.0,19.0,30.0,"3416,3417,3418,3419,3420,3421,3422,3423,3425,3426,3427,3428,3429,3430,3431,3434,3435"
1,51,3436,3479,"172,175,174",175,1,0.3333333333333333,0,0,1,1,42,,,3443,,,0.0,3462,0.3529453082635712,9.788709651838317,0.055826122376611664,0.6637902498933688,valley,424.0,412.0,19.0,37.0,295.0,476.0,25.0,33.0,3458,3484,0,,,,,,,,,,,,,,,,"3436,3437,3438,3439,3440,3441,3442,3443,3444,3445,3446,3447,3448,3449,3450,3451,3452,3453,3454,3455,3446,3447,3448,3449,3450,3451,3452,3453,3454,3455,3456,3457,3458,3459,3460,3461,3462,3463,3464,3465,3466,3467,3468,3469,3470,3471,3472,3473,3474,3475,3476,3477,3478,3479"
1,52,3512,3542,177,177,1,0.13333333333333333,0,0,1,1,43,,,3514,,,0.0,3534,2.009695291422955,11.856983208736107,0.1814385495965185,0.6111121486493816,valley,531.0,577.0,22.0,26.0,520.0,615.0,11.0,15.0,3530,3556,0,,,,,,,,,,,,,,,,"3512,3513,3514,3515,3516,3517,3518,3519,3520,3521,3522,3523,3524,3525,3526,3527,3528,3529,3530,3531,3532,3533,3534,3535,3536,3537,3538,3539,3540,3541,3542"
1,53,3543,3575,"178,181",181,1,0.45,1,0,1,1,44,,,3566,,,0.0,3573,5.313947276462287,5.141755140506376,0.06218217387817404,0.6390246264948997,valley,945.0,262.0,22.0,26.0,767.0,236.0,25.0,30.0,3569,3595,0,,,,,,,,,,,,,,,,"3543,3544,3545,3546,3547,3548,3549,3550,3551,3545,3546,3547,3548,3549,3550,3551,3552,3553,3554,3555,3556,3557,3558,3559,3560,3561,3562,3563,3564,3565,3566,3567,3568,3569,3570,3571,3572,3573,3574,3575"
0,54,3585,3591,183,183,0,0.0,0,0,0,0,,,low_displacement,,4.033398355948075,13.437018938696959,0.8980995386383599,,,,,0.0,,,,,,,,,,,,0,,,,,,,,,,,,,,,,"3585,3586,3587,3588,3589,3590,3591"
0,55,3593,3599,184,184,0,0.0,0,0,1,1,45,,,,5.435611492631258,8.76580213600598,0.9393129680815071,,,,,0.0,,,,,,,,,,,,0,,,,,,,,,,,,,,,,"3593,3594,3595,3596,3597,3598,3599"
0,56,3621,3631,"187,186",187,1,0.75,1,0,1,1,46,,,3627,5.531637706237122,4.839439714414761,0.9378081446662673,,,,,0.0,,,,,,,,,,,,0,,,,,,,,,,,,,,,,"3621,3622,3623,3627,3628,3629,3630,3631"
0,57,3720,3733,189,189,0,0.0,0,0,1,1,47,,,,4.529921493929367,10.76070643858315,0.9397217712976063,,,,,0.0,,,,,,,,,,,,0,,,,,,,,,,,,,,,,"3720,3721,3722,3723,3724,3725,3726,3727,3728,3729,3730,3731,3732,3733"
1,58,3824,3839,"190,191,192",192,0,0.0,0,0,1,1,48,,,,,,0.0,3832,3.8763493877525717,13.507267099597623,0.05485066816996209,0.6946852589136157,valley,,,,,,,,,3828,3854,0,,,,,,,,,,,,,,,,"3824,3827,3828,3829,3830,3831,3832,3833,3834,3835,3837,3839"
1,59,3974,3999,"196,198",196,1,0.8461538461538461,0,0,1,1,49,,,3985,,,0.0,3993,1.9827027726037838,2.6035739494057246,0.01501599645090046,0.7114358598163142,valley,708.0,217.0,19.0,22.0,509.0,213.0,25.0,22.0,3989,3998,0,,,,,,,,,,,,,,,,"3974,3975,3976,3977,3978,3979,3980,3981,3982,3983,3984,3985,3986,3987,3988,3989,3990,3991,3992,3993,3994,3995,3996,3997,3998,3999"
1,60,4008,4034,"199,200,201,203,204",204,1,0.6666666666666666,0,0,1,1,50,,,4012,2.674755187627964,11.620769459525725,0.8777567486939849,4034,2.6250223492309623,11.581830654931027,0.19919273051500141,0.5,ground_hit_fallback,641.0,555.0,16.0,22.0,621.0,562.0,14.0,22.0,4030,4040,0,,,,,,,,,,,,,,,,"4008,4009,4010,4011,4012,4016,4017,4018,4019,4020,4021,4022,4023,4024,4025,4026,4027,4028,4029,4030,4031,4032,4033,4034"
0,61,4043,4192,"205,208,207,209",209,1,0.02531645569620253,1,0,1,1,51,,,4069,,,0.0,4147,1.4684135176960043,8.112162487542923,-0.21435499306368344,0.4699973938137022,valley,596.0,375.0,16.0,18.0,466.0,397.0,19.0,22.0,4143,4153,0,,,,,,,,,,,,,,,,"4043,4044,4046,4047,4048,4049,4050,4051,4052,4053,4054,4055,4056,4057,4058,4059,4060,4061,4062,4063,4064,4065,4066,4067,4068,4069,4070,4071,4072,4073,4074,4075,4076,4077,4078,4079,4080,4081,4082,4083,4084,4086,4087,4088,4089,4090,4091,4092,4093,4094,4095,4096,4097,4098,4099,4100,4101,4102,4103,4104,4105,4106,4107,4108,4109,4110,4111,4112,4113,4114,4115,4116,4117,4118,4119,4120,4121,4122,4123,4124,4125,4126,4127,4118,4119,4120,4121,4122,4123,4124,4125,4126,4127,4128,4129,4130,4131,4132,4133,4134,4135,4136,4137,4138,4139,4140,4141,4142,4143,4144,4145,4146,4147,4148,4149,4150,4151,4152,4153,4154,4155,4156,4157,4158,4159,4160,4161,4162,4163,4164,4165,4166,4167,4168,4169,4170,4171,4172,4173,4174,4175,4176,4177,4178,4179,4180,4181,4182,4183,4184,4185,4186,4187,4188,4189,4190,4191,4192"
1,62,4284,4293,210,210,0,0.0,0,0,1,1,52,,,,1.895944283361139,13.61541732636268,0.9288106079336774,4291,1.8885290253304268,13.480105031167774,0.1461147984784894,0.6262505682819572,valley,393.0,813.0,30.0,30.0,483.0,877.0,30.0,37.0,4287,4297,0,,,,,,,,,,,,,,,,"4284,4285,4286,4287,4288,4289,4290,4291,4292,4293"
0,63,4302,4329,"211,212",212,0,0.0,0,0,0,0,,,low_displacement,,,,0.0,,,,,0.0,,,,,,,,,,,,0,,,,,,,,,,,,,,,,"4302,4303,4304,4305,4306,4307,4308,4313,4317,4318,4319,4320,4321,4322,4323,4324,4325,4326,4327,4328,4329"
0,64,4360,4391,213,213,1,0.375,0,0,1,1,53,,,4386,4.374987461750297,3.717665967352863,0.7114890910739474,,,,,0.0,,,,,,,,,,,,0,,,,,,,,,,,,,,,,"4360,4361,4362,4363,4364,4365,4366,4367,4368,4369,4370,4371,4372,4373,4374,4375,4376,4377,4378,4379,4380,4381,4382,4383,4384,4385,4386,4387,4388,4389,4390,4391"
1,65,4400,4444,"214,215,216,219,218,221",219,1,0.8260869565217391,0,0,1,1,54,,,4426,,,0.0,4437,1.5192994855943627,10.226757306901051,-0.09337157378574501,0.7256416903257364,valley,537.0,461.0,22.0,33.0,458.0,506.0,16.0,30.0,4433,4443,0,,,,,,,,,,,,,,,,"4400,4401,4402,4407,4408,4410,4411,4412,4413,4414,4415,4410,4411,4412,4413,4414,4415,4416,4417,4418,4419,4420,4421,4422,4423,4424,4425,4426,4427,4428,4429,4430,4431,4432,4433,4434,4435,4436,4437,4438,4439,4440,4441,4442,4443,4444"
0,66,4448,4481,"220,221",221,1,0.5,1,0,1,1,55,,,4474,,,0.0,,,,,0.0,,,,,,,,,,,,0,,,,,,,,,,,,,,,,"4448,4449,4451,4452,4453,4454,4455,4456,4457,4458,4459,4460,4461,4462,4463,4464,4465,4466,4467,4468,4469,4470,4471,4472,4473,4474,4475,4476,4477,4478,4479,4480,4481"
1,67,4504,4511,"228,225",228,1,0.25,1,0,1,1,56,,,4505,5.36831289133098,8.443955345654723,0.9262908144508379,4511,4.7520252977341855,6.911978336768307,0.6534427216026497,0.6709871276434919,valley,,,,,,,,,4507,4517,0,,,,,,,,,,,,,,,,"4504,4505,4506,4507,4508,4509,4510,4511,4503,4504,4505,4506,4507,4508,4509,4510,4511"
0,68,4528,4551,"229,230,231",231,0,0.0,1,1,1,1,57,,,,3.228592683712383,6.117824443449764,0.9472171107945371,,,,,0.0,,,,,,,,,,,,0,,,,,,,,,,,,,,,,"4528,4529,4533,4534,4535,4536,4537,4538,4539,4540,4541,4542,4543,4544,4545,4546,4547,4548,4549,4550,4551"
0,69,4602,4614,"235,239,236",239,0,0.0,0,0,1,1,58,,,4614,4.384085960416916,5.3148497694577905,0.8939738380850422,,,,,0.0,,,,,,,,,,,,1,4603,0.3797953888295762,7.753856311557795,0.584201752348048,within_flight,,,,,,,,,,,"4602,4603,4604,4605,4606,4607,4602,4603,4604,4605,4606,4607,4608,4609,4610,4611,4612,4613,4614"
0,70,4615,4623,"239,237,238",239,1,1.0,1,0,1,1,59,,,4619,4.20734369216917,5.4453687496893215,0.9399504008064405,,,,,0.0,,,,,,,,,,,,1,4623,3.7871448401991152,5.8442984125296675,0.4270569554740753,within_flight,,,824.0,251.0,25.0,26.0,658.0,236.0,22.0,22.0,"4615,4616,4617,4618,4619,4620,4621,4622,4623"
1,71,4654,4663,"243,244,245",244,0,0.0,0,0,1,1,60,,,,1.1316036613927478,8.370908310954244,0.9430756917858305,4662,1.4644285908322094,7.685722267461339,0.28980285759429614,0.5,ground_hit_fallback,590.0,303.0,39.0,37.0,452.0,322.0,25.0,37.0,4658,4668,0,,,,,,,,,,,,,,,,"4654,4655,4656,4657,4658,4659,4660,4661,4662,4663"
0,72,4676,4687,"246,247",246,1,0.3333333333333333,1,0,1,1,61,,,4678,3.481729333656114,0.1635975928653597,0.9119769045071222,,,,,0.0,,,,,,,,,,,,0,,,,,,,,,,,,,,,,"4676,4677,4678,4679,4680,4681,4682,4683,4684,4685,4686,4687"
0,73,4889,4895,"254,255",254,0,0.0,0,0,1,1,62,,,,9.273539566902006,-3.5520782979964074,0.8230057574526571,,,,,0.0,,,,,,,,,,,,0,,,,,,,,,,,,,,,,"4889,4890,4891,4892,4893,4894,4895"
1,74,4921,4937,256,256,0,0.0,0,0,1,1,63,,,,,,0.0,4937,6.733747964197434,11.795205042217411,-0.06890586302106527,0.5,ground_hit_fallback,1380.0,678.0,22.0,26.0,1229.0,513.0,22.0,26.0,4933,4943,0,,,,,,,,,,,,,,,,"4921,4922,4923,4924,4925,4926,4927,4928,4929,4930,4931,4932,4933,4934,4935,4936,4937"
1,75,5128,5159,"257,258,260,262,261,263,264",260,1,0.6153846153846154,0,0,1,1,64,,,5141,,,0.0,5153,0.8611045337377461,0.8354117630252542,-0.09106895020911088,0.6993098563391981,valley,660.0,195.0,14.0,26.0,444.0,202.0,22.0,22.0,5149,5159,0,,,,,,,,,,,,,,,,"5128,5130,5133,5134,5135,5136,5137,5140,5141,5142,5143,5144,5145,5146,5147,5148,5149,5150,5151,5152,5153,5154,5155,5156,5157,5159"
1,76,5170,5205,"265,270",270,1,0.2857142857142857,0,0,1,1,65,,,5178,,,0.0,5196,2.608529767420575,12.680685932245167,0.3697928292746673,0.6379282457301727,valley,596.0,667.0,19.0,33.0,635.0,671.0,14.0,18.0,5192,5202,1,5205,2.7890439193021113,14.142031281741938,0.6454021537881651,end_flight_fallback,,,540.0,945.0,14.0,26.0,739.0,937.0,16.0,22.0,"5170,5171,5172,5173,5178,5179,5180,5181,5182,5183,5184,5185,5186,5187,5188,5189,5190,5191,5192,5193,5194,5195,5196,5200,5201,5202,5203,5204,5205"
1,77,5206,5359,"270,274,275",274,1,0.26582278481012656,1,0,1,1,66,,,5241,,,0.0,5278,2.0424471251217584,6.424584325062309,-0.1570440732595495,0.52960426705858,valley,,,,,,,,,5274,5284,1,5241,2.171697797437005,6.623553702944037,-0.0879416592906006,within_flight,,,683.0,311.0,19.0,26.0,534.0,318.0,16.0,22.0,"5206,5207,5208,5209,5210,5211,5212,5213,5214,5215,5216,5217,5218,5219,5220,5221,5222,5223,5224,5225,5226,5227,5228,5229,5230,5231,5232,5233,5234,5235,5236,5237,5238,5239,5240,5241,5242,5243,5244,5245,5246,5247,5248,5249,5250,5251,5252,5253,5254,5255,5256,5257,5258,5259,5260,5261,5262,5263,5264,5265,5266,5267,5268,5269,5270,5271,5272,5273,5274,5275,5276,5277,5278,5279,5270,5271,5272,5273,5274,5275,5276,5277,5278,5279,5280,5281,5282,5283,5284,5285,5286,5287,5288,5289,5290,5291,5292,5293,5294,5295,5296,5297,5298,5299,5300,5301,5302,5303,5304,5305,5306,5307,5308,5309,5310,5311,5312,5313,5314,5315,5316,5319,5320,5321,5322,5323,5324,5325,5326,5327,5328,5329,5330,5331,5336,5337,5338,5339,5340,5341,5342,5343,5344,5345,5346,5347,5348,5349,5350,5351,5352,5353,5354,5355,5356,5357,5358,5359"
0,78,5480,5487,278,278,0,0.0,0,0,0,0,,,low_displacement,,2.411017162912075,10.468404298897608,0.9365854395889603,,,,,0.0,,,,,,,,,,,,0,,,,,,,,,,,,,,,,"5480,5481,5482,5483,5484,5485,5486,5487"
0,79,5504,5511,279,279,0,0.0,0,0,0,0,,,low_displacement,,2.591168659565341,10.664402214158388,0.9524955564178881,,,,,0.0,,,,,,,,,,,,0,,,,,,,,,,,,,,,,"5504,5505,5506,5507,5508,5509,5510,5511"
0,80,5536,5552,"281,280",281,0,0.0,0,0,1,1,67,,,,4.237255550473385,8.297578379039315,0.6102988257387955,,,,,0.0,,,,,,,,,,,,0,,,,,,,,,,,,,,,,"5536,5537,5538,5539,5540,5541,5542,5543,5544,5545,5547,5548,5549,5550,5551,5552"
1,81,5577,5639,"282,283,284,285,286,287,288,289,290,292,293",282,0,0.0,0,0,1,1,68,,,,,,0.0,5590,6.405497812962025,2.87777205965493,0.10693413295812348,0.775024233004318,valley,1004.0,217.0,22.0,26.0,798.0,183.0,19.0,26.0,5586,5596,1,5632,6.565520871781114,-0.7769721774348426,0.5161041214025772,within_flight,,,978.0,138.0,22.0,30.0,748.0,112.0,25.0,30.0,"5577,5578,5579,5580,5581,5582,5583,5584,5585,5586,5587,5588,5589,5590,5591,5592,5593,5594,5595,5596,5597,5598,5599,5600,5601,5602,5603,5604,5605,5606,5607,5608,5609,5610,5611,5612,5613,5614,5615,5616,5617,5618,5619,5620,5621,5622,5623,5624,5625,5626,5627,5628,5629,5630,5631,5632,5633,5634,5635,5636,5637,5638,5639"
1,82,6208,6247,"297,298,299",297,1,0.75,0,0,1,1,69,,,6223,,,0.0,6239,4.685828125645983,12.069608271261167,-0.08280249834630737,0.7564532730165912,valley,,,,,,,,,6235,6245,0,,,,,,,,,,,,,,,,"6208,6209,6210,6211,6212,6213,6214,6215,6216,6217,6218,6219,6220,6221,6222,6223,6224,6225,6226,6227,6228,6229,6230,6231,6232,6233,6234,6235,6236,6237,6238,6239,6240,6241,6242,6243,6244,6245,6246,6247"
1,83,6248,6287,"299,300,301",300,1,1.0,0,0,1,1,70,,,6268,,,0.0,6280,4.7893606303730305,3.267389891741118,0.11114626657372995,0.6892614885511552,valley,894.0,221.0,19.0,26.0,703.0,198.0,19.0,30.0,6276,6286,0,,,,,,,,,,,,,,,,"6248,6249,6250,6251,6252,6253,6254,6255,6256,6257,6258,6259,6260,6261,6262,6263,6264,6265,6266,6267,6268,6269,6270,6271,6272,6273,6274,6275,6276,6277,6278,6279,6280,6281,6282,6283,6284,6285,6286,6287"
0,84,6296,6311,302,302,0,0.0,1,0,1,1,71,,,,2.2959666656716555,8.114952210644052,0.9530658353794241,,,,,0.0,,,,,,,,,,,,1,6316,2.4509566314018825,7.992841087497597,0.15887605270769578,end_flight_fallback,,,742.0,247.0,22.0,26.0,585.0,247.0,22.0,22.0,"6296,6297,6298,6299,6300,6301,6302,6303,6304,6305,6306,6307,6308,6309,6310,6311"
0,85,6344,6411,"311,303,304,305,306,307,308,309,310",311,0,0.0,0,0,0,0,,,low_peak_z,,,,0.0,,,,,0.0,,,,,,,,,,,,0,,,,,,,,,,,,,,,,"6344,6345,6346,6347,6348,6349,6350,6351,6352,6353,6354,6355,6356,6357,6358,6359,6360,6361,6362,6363,6364,6365,6366,6367,6368,6369,6370,6371,6372,6373,6374,6375,6377,6378,6379,6380,6381,6382,6383,6384,6385,6386,6387,6388,6389,6390,6391,6392,6393,6394,6395,6396,6397,6398,6399,6400,6401,6402,6403,6404,6405,6406,6407,6408,6409,6411"
0,86,6674,6695,"313,312",313,0,0.0,0,0,1,1,72,,,6693,2.752189442744479,8.125063302861708,0.9320289348709123,,,,,0.0,,,,,,,,,,,,0,,,,,,,,,,,,,,,,"6674,6675,6676,6677,6678,6679,6680,6681,6682,6683,6684,6685,6686,6687,6688,6689,6690,6691,6692,6693,6694,6695"
1,87,6896,6916,"315,316",316,1,0.2,1,0,1,1,73,,,6898,,,0.0,6908,0.17988617398990314,6.799152207657579,0.061714608930956594,0.7548223643128247,valley,,,,,,,,,6904,6914,0,,,,,,,,,,,,,,,,"6896,6897,6898,6899,6900,6901,6902,6903,6904,6905,6906,6907,6908,6909,6910,6911,6912,6913,6914,6915,6916"
0,88,6928,6935,317,317,0,0.0,1,1,0,0,,,low_displacement,,-0.6692298143139258,7.093039192562201,0.9929987529472343,,,,,0.0,,,,,,,,,,,,0,,,,,,,,,,,,,,,,"6928,6929,6930,6931,6932,6933,6934,6935"
0,89,7272,7279,"319,318",319,0,0.0,0,0,0,0,,,low_displacement,,-0.8888348405502214,5.566928705686577,0.9158657652009423,,,,,0.0,,,,,,,,,,,,0,,,,,,,,,,,,,,,,"7272,7273,7274,7275,7276,7277,7278,7279"
0,90,7312,7325,"321,322",321,0,0.0,1,0,0,0,,,low_displacement,,,,0.0,,,,,0.0,,,,,,,,,,,,1,7323,-0.4777416195001756,7.278014100242455,0.11131272435581252,within_flight,,,452.0,315.0,8.0,11.0,264.0,352.0,16.0,30.0,"7312,7313,7314,7315,7316,7317,7318,7319,7320,7321,7323,7324,7325"
1,91,7359,7375,323,323,0,0.0,0,0,1,1,74,,,,0.6227836654877229,8.952104751951254,0.7594194821665573,7364,0.16789254978750456,8.517903915520204,0.007053786832729614,0.6998787702450331,valley,461.0,363.0,16.0,22.0,303.0,405.0,28.0,37.0,7360,7370,0,,,,,,,,,,,,,,,,"7359,7360,7361,7362,7363,7364,7365,7366,7367,7368,7369,7370,7371,7372,7373,7374,7375"
1,92,7448,7463,327,327,0,0.0,0,0,1,1,75,,,,1.7377961245937696,10.854501200033067,0.6458126875160954,7452,1.3931395842745031,10.779995321649295,0.16482319752590247,0.7455497959633068,valley,500.0,476.0,11.0,15.0,424.0,528.0,19.0,26.0,7448,7457,0,,,,,,,,,,,,,,,,"7448,7449,7450,7451,7452,7453,7454,7455,7460,7461,7462,7463"
1,93,7472,7503,"328,329",329,0,0.0,0,0,1,1,76,,,,,,0.0,7478,1.9340054681828547,11.010048617825486,0.1625369345265666,0.657864090716038,valley,,,,,,,,,7474,7484,0,,,,,,,,,,,,,,,,"7472,7473,7474,7475,7476,7477,7478,7479,7480,7481,7482,7483,7484,7485,7486,7487,7488,7489,7490,7491,7492,7493,7495,7496,7497,7499,7503"
1,94,7542,7569,330,330,1,0.7142857142857143,0,0,1,1,77,,,7560,,,0.0,7568,2.33780685096439,3.2537787251181456,0.13984391616667224,0.5,ground_hit_fallback,722.0,217.0,22.0,26.0,537.0,217.0,19.0,22.0,7564,7574,0,,,,,,,,,,,,,,,,"7542,7543,7544,7545,7546,7547,7548,7549,7550,7551,7552,7553,7554,7555,7556,7557,7558,7559,7560,7561,7562,7563,7564,7565,7566,7567,7568,7569"
0,95,7592,7613,"334,335",335,1,0.9090909090909091,0,0,1,1,78,,,7604,2.866582757339923,11.28734254736428,0.9265219445259045,,,,,0.0,,,,,,,,,,,,0,,,,,,,,,,,,,,,,"7592,7593,7594,7595,7596,7597,7598,7599,7600,7601,7602,7603,7604,7605,7606,7607,7608,7609,7610,7611,7612,7613"
1,96,7614,7646,"337,336,338",337,1,0.4375,0,0,1,1,79,,,7621,2.273729754902831,2.079994119847999,0.9437052018092988,7646,2.255368766056487,1.9562542576960595,0.22157596320075168,0.5,ground_hit_fallback,731.0,195.0,19.0,26.0,528.0,191.0,14.0,15.0,7642,7652,0,,,,,,,,,,,,,,,,"7614,7615,7616,7617,7618,7619,7620,7621,7622,7623,7624,7625,7626,7627,7628,7629,7630,7631,7632,7633,7634,7635,7636,7637,7638,7639,7640,7641,7642,7643,7644,7645,7646"
0,97,7664,7679,"342,343",343,0,0.0,0,0,1,1,80,,,,1.2942816498262806,6.60371841481286,0.936226162833186,,,,,0.0,,,,,,,,,,,,0,,,,,,,,,,,,,,,,"7664,7665,7666,7667,7668,7669,7670,7671,7672,7674,7675,7676,7677,7678,7679"
0,98,7888,7895,"345,344",345,0,0.0,0,0,1,1,81,,,,1.8068939960493244,6.499046447750237,0.8831743992045398,,,,,0.0,,,,,,,,,,,,0,,,,,,,,,,,,,,,,"7888,7889,7890,7891,7892,7893,7894,7895"
0,99,7904,7915,346,346,1,0.8333333333333334,0,0,1,1,82,,,7911,2.4781416771163123,12.822830479396758,0.9347542984397891,,,,,0.0,,,,,,,,,,,,0,,,,,,,,,,,,,,,,"7904,7905,7906,7907,7908,7909,7910,7911,7912,7913,7914,7915"
0,100,7916,7945,"346,347",346,1,0.5333333333333333,0,0,1,1,83,,,7924,2.8352248756782066,1.9286103444667742,0.9303839100324441,,,,,0.0,,,,,,,,,,,,1,7950,2.9014667722461924,4.036375837808041,0.047334198362537716,end_flight_fallback,,,762.0,195.0,19.0,26.0,568.0,187.0,8.0,7.0,"7916,7917,7918,7919,7920,7921,7922,7923,7924,7925,7926,7927,7928,7929,7930,7931,7932,7933,7934,7935,7936,7937,7938,7939,7940,7941,7942,7943,7944,7945"
1,101,7960,7979,"352,351,354,353",352,0,0.0,0,0,1,1,84,,,,,,0.0,7973,2.0860530231120977,3.7450966031393484,0.06806467555674445,0.6375003926940627,valley,705.0,232.0,19.0,22.0,520.0,232.0,19.0,22.0,7969,7979,0,,,,,,,,,,,,,,,,"7960,7961,7962,7963,7964,7965,7966,7967,7968,7969,7970,7971,7972,7973,7974,7975,7976,7977,7978,7979"
0,102,8010,8103,"355,356,357",357,1,0.041666666666666664,1,0,1,1,85,,,8016,,,0.0,8057,0.4447637809816771,6.131467307140168,-0.13852901833753872,0.2442399419375269,valley,,,,,,,,,8053,8063,0,,,,,,,,,,,,,,,,"8010,8013,8014,8015,8016,8017,8018,8019,8020,8021,8022,8023,8024,8025,8026,8027,8028,8029,8030,8031,8032,8033,8034,8035,8036,8037,8038,8039,8040,8041,8042,8043,8044,8045,8046,8047,8052,8053,8054,8055,8056,8057,8058,8059,8060,8061,8062,8063,8054,8055,8056,8057,8058,8059,8060,8061,8062,8063,8064,8065,8066,8067,8068,8069,8070,8071,8072,8073,8074,8075,8076,8077,8078,8079,8080,8081,8082,8083,8084,8085,8086,8087,8088,8089,8090,8091,8094,8095,8096,8097,8098,8099,8100,8101,8102,8103"
0,103,8119,8137,"360,359",360,0,0.0,0,0,0,0,,,low_peak_z,,,,0.0,,,,,0.0,,,,,,,,,,,,0,,,,,,,,,,,,,,,,"8119,8120,8121,8122,8123,8124,8125,8126,8127,8128,8129,8130,8131,8132,8133,8134,8135,8136,8137"
0,104,8184,8197,"364,365,366",364,0,0.0,0,0,0,0,,,low_displacement;low_peak_z,,,,0.0,,,,,0.0,,,,,,,,,,,,0,,,,,,,,,,,,,,,,"8184,8185,8186,8187,8188,8189,8190,8191,8192,8193,8194,8195,8196,8197"
0,105,9439,9447,376,376,0,0.0,0,0,0,0,,,low_displacement,,,,0.0,,,,,0.0,,,,,,,,,,,,0,,,,,,,,,,,,,,,,"9439,9440,9441,9442,9443,9444,9445,9446,9447"
1,106,9458,9473,377,377,0,0.0,0,0,1,1,86,,,,1.0601661034186154,8.531735360393503,0.9100808905315807,9458,0.3516302203856583,8.174292284997186,0.07363983483640446,0.5,ground_hit_fallback,492.0,352.0,11.0,11.0,337.0,390.0,14.0,18.0,9454,9463,0,,,,,,,,,,,,,,,,"9458,9459,9460,9461,9462,9463,9464,9465,9466,9467,9468,9469,9470,9471,9472,9473"
0,107,9480,9485,379,379,0,0.0,0,0,0,0,,,low_displacement,,1.0957614297274525,8.065772979724091,0.9078318916502641,,,,,0.0,,,,,,,,,,,,0,,,,,,,,,,,,,,,,"9480,9481,9482,9483,9484,9485"
1,108,9486,9508,"379,378,381",381,0,0.0,0,0,1,1,87,,,,,,0.0,9498,1.5089049497709246,8.926237152900361,-0.07848284975222608,0.7067768337159406,valley,,,,,,,,,9494,9503,0,,,,,,,,,,,,,,,,"9486,9487,9488,9489,9490,9491,9492,9493,9494,9495,9496,9497,9498,9499,9500,9501,9502,9503,9504,9505,9506,9507,9508"
1,109,9509,9551,"381,380",381,1,0.9047619047619048,0,0,1,1,88,,,9530,,,0.0,9543,4.001793062465239,5.7452585988394915,0.23404686104133532,0.6365523724197365,valley,843.0,262.0,16.0,33.0,680.0,247.0,14.0,26.0,9539,9549,0,,,,,,,,,,,,,,,,"9509,9510,9512,9513,9514,9515,9516,9517,9518,9519,9520,9521,9522,9523,9524,9525,9526,9527,9528,9529,9530,9531,9532,9533,9534,9535,9536,9537,9538,9539,9540,9541,9542,9543,9544,9545,9546,9547,9548,9549,9550,9551"
1,110,9552,9579,"382,381",381,1,0.6923076923076923,1,0,1,1,89,,,9561,,,0.0,9573,2.8689909744716156,8.068726335670942,0.04423416683359349,0.6391467419672753,valley,731.0,352.0,19.0,22.0,607.0,348.0,19.0,30.0,9569,9579,0,,,,,,,,,,,,,,,,"9552,9553,9554,9555,9556,9557,9558,9559,9560,9561,9562,9563,9564,9565,9566,9567,9568,9569,9570,9571,9572,9573,9576,9577,9578,9579"
1,111,9581,9608,"383,384",384,1,0.5263157894736842,0,0,1,1,90,,,9591,,,0.0,9605,3.572033579410604,4.814025140992015,0.08963271970503506,0.5991964032756746,valley,807.0,251.0,19.0,26.0,635.0,243.0,16.0,22.0,9601,9611,0,,,,,,,,,,,,,,,,"9581,9582,9583,9584,9585,9586,9587,9588,9589,9590,9591,9592,9593,9594,9595,9596,9597,9598,9599,9590,9591,9592,9593,9594,9595,9596,9597,9598,9599,9600,9601,9602,9603,9604,9605,9606,9607,9608"
0,112,9616,9632,"385,386",386,1,1.0,0,0,1,1,91,,,9624,0.6102706137169895,9.734295762109745,0.925452868091905,,,,,0.0,,,,,,,,,,,,0,,,,,,,,,,,,,,,,"9616,9617,9618,9619,9620,9621,9622,9623,9624,9625,9626,9627,9628,9629,9630,9631,9632"
1,113,9645,9670,"387,388",387,1,0.6923076923076923,0,0,1,1,92,,,9661,4.356130468921157,5.160922628264524,0.9516767394543052,9670,4.176172737445548,5.5189383302823956,0.24369709787979232,0.5,ground_hit_fallback,860.0,262.0,11.0,18.0,689.0,240.0,16.0,26.0,9666,9676,0,,,,,,,,,,,,,,,,"9645,9646,9647,9648,9649,9650,9651,9652,9653,9654,9655,9656,9657,9658,9659,9660,9661,9662,9663,9664,9665,9666,9667,9668,9669,9670"
0,114,9754,9765,"389,390",390,0,0.0,0,0,1,1,93,,,,4.358112979688978,11.615183856070635,0.9135635317533253,,,,,0.0,,,,,,,,,,,,0,,,,,,,,,,,,,,,,"9754,9757,9758,9759,9760,9761,9762,9763,9764,9765"
1,115,9792,9807,392,392,1,0.375,1,0,1,1,94,,,9793,4.320937447304205,4.960002000452624,0.9581764172463945,9807,4.534816811823007,5.246482212768683,0.4505486907615399,0.5,ground_hit_fallback,888.0,236.0,19.0,26.0,708.0,213.0,22.0,26.0,9803,9812,0,,,,,,,,,,,,,,,,"9792,9793,9794,9795,9796,9797,9798,9799,9800,9801,9802,9803,9804,9805,9806,9807"
0,116,9823,9836,393,393,1,1.0,0,0,1,1,95,,,9830,4.707574942384501,9.26826772869023,0.9428705228138354,,,,,0.0,,,,,,,,,,,,0,,,,,,,,,,,,,,,,"9823,9824,9825,9826,9827,9828,9829,9830,9831,9832,9833,9834,9835,9836"
0,117,9847,9855,394,394,0,0.0,0,0,1,1,96,,,,4.5744742020030715,3.7826154064334907,0.9627736452036635,,,,,0.0,,,,,,,,,,,,1,9860,4.63371283261168,3.7428214142132283,0.05778982030237545,cross_next_flight,,,891.0,210.0,16.0,22.0,700.0,183.0,25.0,26.0,"9847,9848,9849,9850,9851,9852,9853,9854,9855"
1,118,9864,9886,"397,396,400,401",397,0,0.0,1,0,1,1,97,,,,5.372298497966713,6.940971726973373,0.9390586755092303,9864,4.84541970071177,2.5953154684695363,0.38370182123829544,0.5,ground_hit_fallback,900.0,198.0,11.0,7.0,694.0,172.0,22.0,22.0,9860,9870,0,,,,,,,,,,,,,,,,"9864,9865,9866,9867,9868,9869,9870,9871,9872,9873,9874,9875,9876,9877,9881,9882,9883,9884,9885,9886"
0,119,9928,9948,403,403,0,0.0,0,0,0,0,,,low_displacement,,3.729286423562194,14.362838286738643,0.8047785758499064,,,,,0.0,,,,,,,,,,,,0,,,,,,,,,,,,,,,,"9928,9929,9930,9931,9932,9935,9936,9937,9938,9939,9940,9941,9942,9943,9946,9948"
1,120,9975,9982,405,405,0,0.0,1,0,1,1,98,,,9976,4.103029800841731,7.989375793574599,0.9539044567246073,9982,4.213501671137921,7.643337194986863,0.18728677423755258,0.7151282086039423,valley,,,,,,,,,9978,9988,0,,,,,,,,,,,,,,,,"9975,9976,9977,9978,9979,9980,9981,9982,9975,9976,9977,9978,9979,9980,9981,9982"
0,121,9992,10005,"406,407",406,1,0.42857142857142855,0,0,1,1,99,,,10001,3.95985069667524,5.202696039296715,0.93599449455533,,,,,0.0,,,,,,,,,,,,0,,,,,,,,,,,,,,,,"9992,9993,9994,9995,9996,9997,9998,9999,10000,10001,10002,10003,10004,10005"
1,122,10010,10023,"408,409,410",408,0,0.0,0,0,1,1,100,,,,3.8246911956361953,5.769246051167792,0.7819641811866234,10017,3.929810227312156,5.338083090750878,-0.012907166048734098,0.6710892437707118,valley,835.0,273.0,16.0,22.0,672.0,258.0,14.0,22.0,10013,10023,0,,,,,,,,,,,,,,,,"10010,10011,10012,10013,10014,10015,10016,10017,10018,10019,10020,10021,10022,10023"
1,123,10032,10054,411,411,1,0.18181818181818182,1,0,1,1,101,,,10034,,,0.0,10048,2.9770505427878655,8.655633378370231,0.08293908557091534,0.6098045041851042,valley,736.0,375.0,19.0,26.0,624.0,371.0,16.0,22.0,10044,10054,0,,,,,,,,,,,,,,,,"10032,10033,10034,10035,10036,10037,10038,10039,10040,10041,10042,10043,10044,10045,10046,10047,10048,10049,10050,10051,10052,10053,10054"
0,124,10055,10071,"411,412,413",412,0,0.0,0,0,1,1,102,,,10070,5.350721563917684,5.476360110463064,0.9229558450779287,,,,,0.0,,,,,,,,,,,,0,,,,,,,,,,,,,,,,"10055,10058,10059,10060,10061,10062,10063,10064,10065,10066,10070,10071"
0,125,10096,10103,414,414,0,0.0,0,0,0,0,,,low_displacement,,3.424481145456873,15.532813712330425,0.9040244692588074,,,,,0.0,,,,,,,,,,,,0,,,,,,,,,,,,,,,,"10096,10097,10098,10099,10100,10101,10102,10103"
1,126,10192,10231,"415,418,417,419",418,1,0.21052631578947367,0,1,1,1,103,,,10195,,,0.0,10208,4.366126112778112,4.162427789808625,-0.051726637128187036,0.7732603925687581,valley,866.0,247.0,16.0,30.0,686.0,228.0,19.0,30.0,10204,10214,0,,,,,,,,,,,,,,,,"10192,10193,10194,10195,10196,10197,10198,10199,10200,10201,10202,10203,10204,10205,10206,10208,10209,10210,10212,10213,10214,10215,10216,10217,10218,10219,10220,10221,10222,10223,10224,10225,10226,10227,10228,10229,10230,10231"
1,127,10252,10279,"420,422,421,423",422,1,0.8571428571428571,1,0,1,1,104,,,10262,,,0.0,10275,4.122503330383394,4.327589078079733,-0.17232607291765056,0.7154180538845367,valley,846.0,262.0,16.0,26.0,672.0,247.0,19.0,26.0,10271,10281,0,,,,,,,,,,,,,,,,"10252,10253,10254,10255,10256,10257,10258,10259,10260,10261,10262,10263,10264,10265,10266,10267,10268,10269,10270,10271,10272,10273,10274,10275,10276,10277,10278,10279"
0,128,10288,10303,"424,425",424,1,0.875,0,0,1,1,105,,,10291,-0.2226115230425556,8.935771654833164,0.9305392035818185,,,,,0.0,,,,,,,,,,,,0,,,,,,,,,,,,,,,,"10288,10289,10290,10291,10292,10293,10294,10295,10296,10297,10298,10299,10300,10301,10302,10303"
1,129,10624,10672,"430,431,432,433,434,435,436",433,1,1.0,0,0,1,1,106,,,10646,,,0.0,10664,2.1210848661321577,3.111255143867737,0.4005032944560414,0.628695127054859,valley,711.0,195.0,25.0,33.0,523.0,206.0,5.0,3.0,10660,10669,0,,,,,,,,,,,,,,,,"10624,10625,10626,10627,10628,10629,10630,10631,10632,10633,10634,10635,10636,10637,10638,10639,10640,10641,10642,10643,10644,10645,10646,10647,10648,10649,10650,10651,10652,10653,10654,10655,10656,10657,10658,10659,10660,10661,10662,10663,10664,10669,10670,10671,10672"
1,130,10688,10706,"437,438,439",438,0,0.0,0,0,1,1,107,,,,0.41432660345090344,6.70018442791843,0.9447235953153158,10706,0.5005619474493621,5.438520134895591,0.48703258391633186,0.5,ground_hit_fallback,576.0,236.0,2.0,3.0,376.0,255.0,22.0,30.0,10702,10712,0,,,,,,,,,,,,,,,,"10688,10689,10690,10691,10692,10693,10694,10695,10696,10697,10698,10699,10700,10701,10702,10703,10704,10705,10706"
0,131,10728,10771,"440,441,444,446,445,448,447,449",446,0,0.0,0,0,1,1,108,,,,,,0.0,10750,0.12464914535982441,4.297017163370965,-0.10472115422478012,0.4002205752871898,valley,,,,,,,,,10746,10756,0,,,,,,,,,,,,,,,,"10728,10729,10730,10731,10732,10736,10737,10738,10739,10740,10741,10742,10743,10744,10745,10746,10747,10748,10749,10750,10751,10742,10743,10744,10745,10746,10747,10748,10749,10750,10751,10752,10753,10754,10755,10756,10757,10758,10759,10760,10761,10762,10763,10764,10765,10766,10767,10768,10769,10770,10771"
0,132,10784,10799,"451,450,452",451,0,0.0,0,0,0,0,,,low_displacement,,0.04799098763801407,3.738422407609261,0.9116138901383812,,,,,0.0,,,,,,,,,,,,0,,,,,,,,,,,,,,,,"10784,10785,10786,10787,10788,10789,10790,10791,10792,10793,10798,10799"
0,133,10878,10901,"456,457,458",458,1,0.6666666666666666,0,0,1,1,109,,,10894,0.3521122031260986,9.653369458009507,0.9197291773111854,,,,,0.0,,,,,,,,,,,,1,10900,0.2814160730543449,8.311837004343431,0.5636727355073372,end_flight_fallback,,,472.0,300.0,14.0,15.0,306.0,352.0,19.0,26.0,"10878,10879,10880,10881,10882,10883,10884,10885,10886,10887,10888,10889,10890,10891,10892,10893,10894,10895,10896,10897,10898,10899,10900,10901"
1,134,10902,10919,"458,459,461",459,1,0.6666666666666666,0,0,1,1,110,,,10910,0.4634472403002439,2.731613498580489,0.9172819891083794,10916,0.17893824484373688,3.007642821384974,0.2891941908366078,0.6080212564063684,valley,590.0,202.0,19.0,26.0,390.0,228.0,2.0,3.0,10912,10918,0,,,,,,,,,,,,,,,,"10902,10903,10908,10909,10910,10911,10914,10915,10916,10917,10918,10919"
0,135,11012,11018,465,465,0,0.0,0,0,1,1,111,,,,1.021291372500038,10.4389181838081,0.924725330213072,,,,,0.0,,,,,,,,,,,,0,,,,,,,,,,,,,,,,"11012,11013,11014,11015,11016,11017,11018"
1,136,11019,11054,"465,464,466,467,468,469",465,1,0.4117647058823529,0,0,1,1,112,,,11026,,,0.0,11050,0.5137230833060856,0.7691260373306452,0.07034653399761082,0.6183565506875034,valley,638.0,187.0,22.0,26.0,421.0,191.0,19.0,26.0,11046,11053,0,,,,,,,,,,,,,,,,"11019,11020,11021,11022,11023,11024,11025,11026,11027,11028,11029,11030,11031,11032,11033,11034,11035,11036,11037,11038,11039,11040,11041,11042,11043,11044,11045,11046,11047,11048,11049,11050,11051,11052,11054"
0,137,11064,11079,"470,471,472",472,0,0.0,0,0,1,1,113,,,,0.7500701082064148,6.566016089268439,0.9007047069052933,,,,,0.0,,,,,,,,,,,,0,,,,,,,,,,,,,,,,"11064,11065,11066,11067,11068,11069,11070,11071,11072,11073,11074,11075,11076,11077,11078,11079"
0,138,11087,11095,474,474,0,0.0,0,1,1,1,114,,,11094,1.074166654451016,7.513977217907771,0.9718137363676372,,,,,0.0,,,,,,,,,,,,0,,,,,,,,,,,,,,,,"11087,11088,11089,11090,11091,11092,11093,11094,11095"
1,139,11120,11135,"476,477,475",477,0,0.0,0,0,1,1,115,,,,1.5006907614731948,2.1694945477795904,0.7804900467744855,11128,1.2960739954584932,2.6287837085460293,0.07658534105717774,0.6689798889010694,valley,660.0,210.0,28.0,30.0,466.0,213.0,14.0,22.0,11124,11130,0,,,,,,,,,,,,,,,,"11120,11121,11122,11123,11124,11125,11126,11127,11128,11129,11132,11133,11134,11135,11126,11129,11132,11133,11134,11135"
0,140,11152,11169,"478,479,480,481",479,1,0.3333333333333333,0,0,1,1,116,,,11165,0.5765049250990564,8.518377707167929,0.8975844790124589,,,,,0.0,,,,,,,,,,,,1,11168,0.22080806489778304,5.385115365586044,0.5601325374499186,end_flight_fallback,,,545.0,213.0,22.0,30.0,362.0,266.0,2.0,3.0,"11152,11153,11154,11155,11156,11157,11158,11159,11160,11161,11162,11163,11164,11165,11166,11167,11168,11169"
1,141,11177,11199,"483,484,486,485,487",486,0,0.0,0,0,1,1,117,,,,,,0.0,11194,1.3799162417788602,2.317291868296971,-0.005520581697841198,0.7184134649693714,valley,672.0,210.0,25.0,30.0,472.0,213.0,19.0,22.0,11190,11196,0,,,,,,,,,,,,,,,,"11177,11178,11179,11180,11181,11184,11185,11186,11187,11188,11189,11190,11191,11192,11193,11194,11195,11196,11197,11198,11199"
0,142,11216,11235,"488,489",489,1,0.7142857142857143,0,0,1,1,118,,,11226,2.984902658770119,11.681873544522148,0.9417085638344532,,,,,0.0,,,,,,,,,,,,0,,,,,,,,,,,,,,,,"11216,11217,11218,11219,11220,11221,11222,11223,11224,11225,11226,11227,11228,11229,11230,11231,11224,11225,11226,11227,11228,11229,11230,11231,11232,11233,11234,11235"
1,143,11236,11273,"489,490,491,492,494,493",490,1,0.42105263157894735,0,0,1,1,119,,,11244,,,0.0,11263,2.131591795932691,1.6843407653729408,-0.008809144756552811,0.6930480202921396,valley,722.0,202.0,19.0,26.0,523.0,202.0,19.0,22.0,11259,11266,1,11272,2.030109864662525,1.1141352100710975,0.6920128925025919,end_flight_fallback,,,722.0,150.0,19.0,30.0,509.0,150.0,11.0,15.0,"11236,11237,11238,11239,11240,11241,11242,11243,11244,11245,11246,11247,11248,11249,11250,11251,11252,11253,11254,11255,11256,11257,11258,11259,11260,11261,11262,11263,11264,11265,11266,11267,11268,11269,11270,11271,11272,11273"
0,144,11280,11300,"495,496,497,501",501,1,0.5,0,0,1,1,120,,,11295,0.7234224518124801,10.773991729147294,0.9188939614076548,,,,,0.0,,,,,,,,,,,,0,,,,,,,,,,,,,,,,"11280,11281,11283,11284,11285,11286,11287,11288,11289,11290,11291,11292,11293,11294,11295,11296,11297,11298,11299,11300"
1,145,11301,11327,"501,498,499,500,503,504",501,1,0.23076923076923078,0,0,1,1,121,,,11303,,,0.0,11318,1.4466659587091286,2.276864937420431,0.010698067943700096,0.7018006664351663,valley,,,,,,,,,11314,11320,1,11303,0.30443125576350427,5.408783894033533,0.4878421024444708,within_flight,,,551.0,225.0,22.0,26.0,371.0,270.0,2.0,3.0,"11301,11302,11303,11304,11305,11306,11307,11308,11309,11310,11311,11312,11313,11314,11315,11316,11317,11318,11319,11320,11321,11322,11323,11324,11325,11326,11327"
0,146,11319,11327,"503,504",503,0,0.0,0,0,1,1,122,,,,1.975848629827768,-2.109157748234577,0.8783818491768081,,,,,0.0,,,,,,,,,,,,1,11328,1.6551986047745055,-0.8020708754194956,0.29544827327212353,cross_next_flight,,,711.0,146.0,19.0,37.0,486.0,150.0,28.0,30.0,"11319,11320,11321,11322,11323,11324,11325,11326,11327"
0,147,11328,11358,"504,505,507,506",507,1,0.6,0,0,1,1,123,,,11350,0.6625151768593295,13.626942915133483,0.8969430222444856,,,,,0.0,,,,,,,,,,,,0,,,,,,,,,,,,,,,,"11328,11329,11330,11331,11332,11333,11334,11335,11336,11337,11338,11339,11340,11341,11342,11343,11344,11345,11346,11347,11348,11349,11350,11351,11352,11353,11354,11355,11356,11357,11358"
1,148,11359,11392,"506,507,508,509,510,511,512,513",507,1,0.4117647058823529,0,0,1,1,124,,,11366,,,0.0,11380,2.6358452819048224,2.4346303422518005,0.08657879828262516,0.8051579101656997,valley,750.0,206.0,19.0,30.0,551.0,202.0,22.0,26.0,11376,11382,0,,,,,,,,,,,,,,,,"11359,11360,11361,11362,11363,11364,11365,11366,11367,11368,11369,11370,11371,11372,11373,11374,11375,11376,11377,11378,11379,11380,11381,11382,11383,11384,11385,11386,11387,11388,11389,11390,11391,11392"
1,149,11400,11438,"514,516,517,518",516,1,0.625,0,0,1,1,125,,,11424,,,0.0,11434,1.8695618884655794,8.892648434072283,0.09795003270939084,0.513421524528034,valley,615.0,378.0,19.0,26.0,497.0,397.0,25.0,26.0,11430,11436,1,11423,2.073189385081335,6.285812767136978,0.6707592959065005,within_flight,,,,,,,,,,,"11400,11401,11402,11403,11404,11405,11406,11407,11408,11409,11410,11411,11412,11413,11414,11415,11416,11417,11418,11419,11420,11421,11422,11423,11414,11415,11416,11417,11418,11419,11420,11421,11422,11423,11424,11425,11426,11427,11428,11429,11430,11431,11432,11433,11434,11435,11436,11437,11438"
0,150,11440,11459,"518,520,521",518,1,0.875,0,0,1,1,126,,,11451,1.6613105294524746,1.6616858291198309,0.9331886208804527,,,,,0.0,,,,,,,,,,,,0,,,,,,,,,,,,,,,,"11440,11441,11442,11443,11444,11445,11446,11451,11452,11453,11454,11455,11456,11457,11458,11459"
0,151,11483,11512,"526,527,528,529,530,531",531,1,0.6923076923076923,0,0,1,1,127,,,11504,1.2635161466060856,10.299022471637555,0.9423531207762587,,,,,0.0,,,,,,,,,,,,0,,,,,,,,,,,,,,,,"11483,11488,11489,11490,11491,11492,11493,11494,11495,11496,11497,11498,11499,11500,11501,11502,11503,11504,11505,11506,11507,11508,11509,11510,11511,11512"
1,152,11513,11537,"533,532,534",533,1,0.5882352941176471,0,0,1,1,128,,,11517,,,0.0,11536,1.8660828475632303,-0.9246210330386546,-0.2639237571405859,0.5,ground_hit_fallback,725.0,187.0,16.0,26.0,506.0,180.0,16.0,26.0,11532,11539,0,,,,,,,,,,,,,,,,"11513,11514,11515,11516,11517,11518,11519,11511,11512,11513,11514,11515,11516,11517,11518,11519,11520,11521,11522,11523,11524,11525,11526,11527,11528,11529,11530,11531,11532,11533,11534,11535,11536,11537"
0,153,11552,11575,"536,535,537",536,0,0.0,0,0,1,1,129,,,11575,0.5141072685262491,8.169951917139798,0.9503168491942318,,,,,0.0,,,,,,,,,,,,1,11574,0.5280452558850945,6.10207670634222,0.7194009977705922,cross_next_flight,,,559.0,228.0,8.0,11.0,368.0,255.0,19.0,26.0,"11552,11553,11554,11555,11556,11557,11558,11559,11560,11561,11562,11563,11564,11565,11566,11567,11568,11569,11570,11571,11572,11573,11574,11575"
1,154,11598,11623,"538,539,540",540,1,0.15384615384615385,0,0,1,1,130,,,11600,,,0.0,11612,1.590985354078732,3.5231812981231236,0.10211977911571246,0.6366610817657155,valley,,,,,,,,,11608,11614,1,11622,1.839018819686573,2.215968840052838,0.3799001775978015,end_flight_fallback,,,703.0,187.0,16.0,22.0,503.0,191.0,8.0,11.0,"11598,11599,11600,11601,11602,11603,11604,11605,11606,11607,11608,11609,11610,11611,11612,11606,11607,11608,11609,11610,11611,11612,11616,11617,11618,11622,11623"
0,155,11640,11663,"541,542,543,545,544",545,1,0.4166666666666667,0,0,1,1,131,,,11655,1.0900122385184585,12.815225546136368,0.8937986195056438,,,,,0.0,,,,,,,,,,,,0,,,,,,,,,,,,,,,,"11640,11641,11642,11643,11644,11645,11646,11647,11648,11649,11650,11651,11652,11653,11654,11655,11656,11657,11658,11659,11660,11661,11662,11663"
1,156,11664,11694,"545,547,546,548",547,1,0.5333333333333333,0,0,1,1,132,,,11672,,,0.0,11688,2.516532929674853,1.8393013873680957,0.1808009236018968,0.7105364719299418,valley,739.0,187.0,28.0,33.0,542.0,183.0,25.0,37.0,11684,11690,0,,,,,,,,,,,,,,,,"11664,11665,11666,11667,11668,11669,11670,11671,11672,11673,11674,11675,11676,11677,11678,11679,11680,11681,11682,11683,11684,11685,11686,11687,11688,11689,11690,11691,11693,11694"
0,157,11712,11727,"551,550",551,0,0.0,0,0,1,1,133,,,,1.2505033560444623,8.597087869766655,0.92629202152311,,,,,0.0,,,,,,,,,,,,0,,,,,,,,,,,,,,,,"11712,11713,11714,11715,11716,11717,11718,11719,11720,11721,11722,11723,11724,11725,11726,11727"
0,158,11731,11738,551,551,1,0.75,0,0,1,1,134,,,11734,1.2717546740730103,9.567208568238359,0.9411768795575514,,,,,0.0,,,,,,,,,,,,1,11737,1.4163963877324393,7.626529376671372,0.7537710982413661,cross_next_flight,,,596.0,262.0,19.0,30.0,438.0,277.0,19.0,30.0,"11731,11732,11733,11734,11735,11736,11737,11738"
0,159,11749,11754,557,557,0,0.0,0,0,1,1,135,,,,1.8068601426097077,2.0902385848608027,0.882415926591736,,,,,0.0,,,,,,,,,,,,0,,,,,,,,,,,,,,,,"11749,11750,11751,11752,11753,11754"
1,160,11758,11795,"557,556,558,559,560,561,563",558,0,0.0,0,0,1,1,136,,,,,,0.0,11790,2.2709643891530558,1.1744516288421138,0.22016980956956633,0.6630088227711123,valley,739.0,191.0,5.0,3.0,531.0,183.0,14.0,18.0,11786,11792,0,,,,,,,,,,,,,,,,"11758,11759,11760,11761,11762,11763,11764,11765,11766,11767,11768,11769,11770,11771,11772,11773,11774,11775,11776,11777,11778,11779,11780,11781,11782,11783,11784,11785,11786,11787,11788,11789,11790,11791,11793,11794,11795"
0,161,11796,11807,"563,562,566,565",566,0,0.0,0,0,0,0,,,low_displacement,,2.431044129992498,3.184835724757529,0.9095015354992655,,,,,0.0,,,,,,,,,,,,0,,,,,,,,,,,,,,,,"11796,11797,11798,11799,11800,11801,11802,11803,11804,11805,11806,11807"
1,162,12160,12191,"569,571,570,574,575",569,0,0.0,0,0,1,1,137,,,,,,0.0,12188,3.2240764819983894,3.3601423939416932,0.06948526516055509,0.7662063866592786,valley,,,,,,,,,12184,12190,0,,,,,,,,,,,,,,,,"12160,12161,12162,12163,12164,12165,12166,12167,12168,12169,12170,12171,12172,12173,12174,12175,12176,12177,12178,12179,12180,12181,12185,12186,12187,12188,12189,12190,12191"
0,163,12216,12223,576,576,1,0.75,0,0,1,1,138,,,12219,3.987319824521734,8.343401828241179,0.9537249798483962,,,,,0.0,,,,,,,,,,,,0,,,,,,,,,,,,,,,,"12216,12217,12218,12219,12220,12221,12222,12223"
1,164,12240,12266,"579,577,578",579,1,0.8181818181818182,0,0,1,1,139,,,12253,,,0.0,12261,3.360322818246534,5.3660776415088876,0.04738973081942888,0.659355518622777,valley,790.0,270.0,16.0,26.0,624.0,258.0,16.0,22.0,12257,12263,0,,,,,,,,,,,,,,,,"12240,12241,12242,12247,12248,12249,12250,12251,12252,12253,12254,12255,12256,12257,12258,12259,12260,12261,12262,12263,12264,12265,12266"
0,165,12272,12284,"580,581",580,1,0.875,1,0,1,1,140,,,12279,4.518102614932344,10.164538823978518,0.9221278956554202,12283,3.880857380905417,7.186358265852149,0.7667484661698811,0.1219065429664994,valley,,,,,,,,,12279,12285,0,,,,,,,,,,,,,,,,"12272,12273,12274,12275,12276,12277,12278,12279,12280,12281,12282,12283,12284,12282,12283,12284"
1,166,12313,12326,585,585,1,0.2857142857142857,0,0,1,1,141,,,12315,2.57682339764017,8.215523765231968,0.9543336468747088,12326,2.6423855857704917,7.7484336915798355,0.016181744246991592,0.5,ground_hit_fallback,711.0,341.0,16.0,22.0,582.0,345.0,16.0,22.0,12322,12329,0,,,,,,,,,,,,,,,,"12313,12314,12315,12316,12317,12318,12319,12320,12321,12322,12323,12324,12325,12326"
0,167,12335,12355,"587,586",587,1,0.6,0,0,1,1,142,,,12345,5.237209718449709,5.255532130033064,0.9302818253195755,,,,,0.0,,,,,,,,,,,,1,12358,5.258590016424467,3.4287517197395907,0.0,cross_next_flight,,,914.0,221.0,16.0,22.0,734.0,202.0,14.0,15.0,"12335,12336,12337,12338,12339,12340,12341,12342,12343,12344,12345,12346,12347,12348,12349,12350,12351,12352,12353,12354,12355"
1,168,12376,12404,"593,595,594,596",593,1,0.7692307692307693,0,0,1,1,143,,,12384,,,0.0,12396,2.7338540486215153,8.81050976263631,0.12626883690426371,0.8223573729104279,valley,708.0,375.0,19.0,26.0,599.0,378.0,19.0,26.0,12392,12398,0,,,,,,,,,,,,,,,,"12376,12377,12378,12382,12383,12376,12377,12378,12382,12383,12384,12385,12386,12387,12388,12389,12390,12391,12392,12393,12394,12395,12396,12397,12398,12399,12404"
0,169,12406,12423,597,597,1,0.42857142857142855,0,0,1,1,144,,,12416,3.0178602437668465,5.5131990808537665,0.9242090112960082,,,,,0.0,,,,,,,,,,,,0,,,,,,,,,,,,,,,,"12406,12407,12408,12409,12410,12411,12412,12413,12414,12415,12416,12421,12422,12423"
0,170,12440,12457,"599,600,601",599,1,0.7777777777777778,1,0,1,1,145,,,12451,1.0820172953832539,8.861695688819914,0.9340332686031929,12455,1.5922563867292636,7.169322385993471,0.7331022188627815,0.35478372931418756,valley,618.0,251.0,22.0,30.0,461.0,266.0,19.0,26.0,12451,12457,1,12460,1.191626740553999,7.895507998021503,0.19448105957514183,cross_next_flight,,,618.0,251.0,22.0,30.0,461.0,266.0,19.0,26.0,"12440,12441,12442,12443,12444,12445,12446,12447,12448,12449,12450,12451,12452,12453,12454,12455,12456,12457"
0,171,12468,12487,"602,605,603,604",605,1,0.6,0,0,1,1,146,,,12477,4.661482176577071,4.463031680082931,0.9447458176569858,,,,,0.0,,,,,,,,,,,,0,,,,,,,,,,,,,,,,"12468,12469,12470,12471,12472,12473,12474,12475,12476,12477,12478,12479,12470,12471,12472,12473,12474,12475,12476,12477,12478,12479,12480,12481,12482,12483,12484,12485,12486,12487"
0,172,12498,12504,606,606,0,0.0,0,0,1,1,147,,,,4.630507226538838,9.378496607806996,0.9104766534465007,,,,,0.0,,,,,,,,,,,,0,,,,,,,,,,,,,,,,"12498,12499,12500,12501,12502,12503,12504"
1,173,12516,12535,"607,608",607,1,0.3,0,0,1,1,148,,,12519,4.418014112505535,5.371959585215146,0.8188842557053012,12527,4.510435212198598,4.453535510654852,0.7946243162108022,0.6229455312346783,valley,891.0,198.0,8.0,11.0,697.0,172.0,19.0,22.0,12523,12529,0,,,,,,,,,,,,,,,,"12516,12517,12518,12519,12520,12521,12522,12523,12524,12525,12526,12527,12528,12529,12530,12531,12532,12533,12534,12535"
0,174,12560,12567,609,609,0,0.0,0,0,1,1,149,,,,3.4584643127245203,5.711384592720926,0.9172572330468993,,,,,0.0,,,,,,,,,,,,0,,,,,,,,,,,,,,,,"12560,12561,12562,12563,12564,12565,12566,12567"
0,175,12575,12591,"611,612",611,1,0.2222222222222222,0,0,1,1,150,,,12576,3.134206590610972,5.201948725785277,0.7400004993032008,12582,3.4727090442975586,5.389262409666955,0.1683928321199719,0.47133130988063154,valley,798.0,258.0,16.0,26.0,630.0,247.0,25.0,30.0,12578,12584,1,12582,3.4727090442975586,5.389262409666955,0.1683928321199719,within_flight,,,798.0,258.0,16.0,26.0,630.0,247.0,25.0,30.0,"12575,12575,12576,12577,12578,12579,12580,12581,12582,12583,12584,12585,12586,12587,12588,12589,12590,12591"
1,176,12600,12615,613,613,1,0.375,0,0,1,1,151,,,12603,2.9085207148027377,8.984043269133693,0.9746418537251824,12615,2.9214091631821306,8.927645865779263,0.1035225768436856,0.5,ground_hit_fallback,728.0,382.0,19.0,26.0,621.0,382.0,19.0,30.0,12611,12617,0,,,,,,,,,,,,,,,,"12600,12601,12602,12603,12604,12605,12606,12607,12608,12609,12610,12611,12612,12613,12614,12615"
1,177,12622,12631,"614,615",614,0,0.0,0,0,1,1,152,,,,5.258603416966743,6.418359814994102,0.8858134016555136,12622,3.2598107461205137,7.906409949189072,0.40727872447238767,0.5,ground_hit_fallback,773.0,315.0,16.0,18.0,641.0,307.0,19.0,22.0,12618,12624,0,,,,,,,,,,,,,,,,"12622,12623,12624,12625,12626,12627,12628,12629,12630,12631"
0,178,12665,12686,"619,620",620,1,0.7333333333333333,0,0,1,1,153,,,12670,1.8373307444898384,8.159217626102677,0.7769014543428976,,,,,0.0,,,,,,,,,,,,0,,,,,,,,,,,,,,,,"12665,12666,12667,12668,12669,12670,12671,12664,12665,12666,12667,12668,12669,12670,12671,12672,12673,12674,12675,12676,12677,12678,12679,12680,12681,12682,12683,12684,12685,12686"
0,179,12687,12695,620,620,0,0.0,0,0,1,1,154,,,,5.410129046485313,3.11706920724468,0.9458540266029287,,,,,0.0,,,,,,,,,,,,0,,,,,,,,,,,,,,,,"12687,12688,12689,12690,12691,12692,12693,12694,12695"
0,180,12728,12733,621,621,0,0.0,0,0,0,0,,,low_displacement,,3.6900790747634744,14.444900191941842,0.8760259010698805,,,,,0.0,,,,,,,,,,,,0,,,,,,,,,,,,,,,,"12728,12729,12730,12731,12732,12733"
1,181,12808,12823,"625,624,626",625,0,0.0,0,0,1,1,155,,,,,,0.0,12816,4.045086785306409,5.114127532545602,0.015125091029323912,0.6728919009273981,valley,843.0,266.0,16.0,22.0,677.0,255.0,11.0,15.0,12812,12818,0,,,,,,,,,,,,,,,,"12808,12809,12810,12811,12812,12813,12814,12815,12816,12817,12820,12821,12822,12823"
1,182,12832,12847,627,627,1,0.75,1,0,1,1,156,,,12838,2.3725021755792026,8.260834027223437,0.9667910826522323,12846,2.4527192057226213,7.883935818160412,0.18373261797967277,0.5,ground_hit_fallback,689.0,326.0,22.0,26.0,562.0,337.0,19.0,30.0,12842,12848,0,,,,,,,,,,,,,,,,"12832,12833,12834,12835,12836,12837,12838,12839,12840,12841,12842,12843,12844,12845,12846,12847"
1,183,12858,12879,630,630,1,0.9,0,0,1,1,157,,,12867,3.8665323888917347,4.5602803578904325,0.9603373511766851,12879,3.77605238771278,4.575278912173445,0.15773803343935633,0.5,ground_hit_fallback,824.0,243.0,19.0,26.0,646.0,228.0,19.0,22.0,12875,12881,0,,,,,,,,,,,,,,,,"12858,12859,12860,12861,12862,12863,12864,12865,12866,12867,12868,12871,12872,12873,12874,12875,12876,12877,12878,12879"
0,184,12888,12907,"633,631,632,634",633,1,0.7,0,0,1,1,158,,,12900,0.4636202690409572,9.135425199992227,0.933738395326585,,,,,0.0,,,,,,,,,,,,1,12911,0.6489070839044926,7.658244061847533,0.0,cross_next_flight,,,582.0,281.0,19.0,26.0,424.0,300.0,22.0,30.0,"12888,12889,12890,12891,12892,12893,12894,12895,12896,12897,12898,12899,12900,12901,12902,12903,12904,12905,12906,12907"
0,185,12920,12927,636,636,0,0.0,0,0,1,1,159,,,,3.830049110087824,6.3756131610711275,0.9100549154224629,,,,,0.0,,,,,,,,,,,,0,,,,,,,,,,,,,,,,"12920,12921,12922,12923,12924,12925,12926,12927"
1,186,12928,12949,"636,635",636,0,0.0,1,0,1,1,160,,,12929,,,0.0,12940,3.3528844530811877,4.599172258356646,-0.11036319808439998,0.724557250623676,valley,787.0,262.0,22.0,22.0,615.0,251.0,22.0,30.0,12936,12941,0,,,,,,,,,,,,,,,,"12928,12929,12930,12931,12932,12933,12934,12935,12936,12937,12938,12939,12940,12941,12942,12943,12948,12949"
0,187,12950,12967,"636,638",638,1,0.6153846153846154,0,0,1,1,161,,,12959,0.491807918679839,8.703571651273382,0.9473696422222728,,,,,0.0,,,,,,,,,,,,1,12970,0.7346890829047767,6.808480267725933,0.09683504980422167,cross_next_flight,,,576.0,262.0,33.0,33.0,419.0,277.0,22.0,33.0,"12950,12951,12952,12953,12954,12955,12956,12957,12958,12959,12952,12953,12954,12955,12956,12957,12958,12959,12960,12961,12962,12963,12964,12965,12966,12967"
0,188,12975,12991,639,639,1,0.875,0,0,1,1,162,,,12985,5.376929662288875,5.286973559244849,0.9270228330763566,,,,,0.0,,,,,,,,,,,,0,,,,,,,,,,,,,,,,"12975,12976,12977,12978,12979,12980,12981,12982,12983,12984,12985,12986,12987,12988,12989,12990,12991"
1,189,13001,13007,"641,640",641,0,0.0,0,0,1,1,163,,,,7.057209951782915,2.6533136596373668,0.8719143623453958,13004,6.1319117666541665,3.438049312516142,0.06039499874029275,0.5335019980256062,valley,990.0,228.0,25.0,26.0,795.0,202.0,14.0,15.0,13000,13006,0,,,,,,,,,,,,,,,,"13001,13002,13003,13004,13005,13006,13007"
0,190,13024,13029,644,644,0,0.0,0,0,1,1,164,,,,4.805752072721801,9.631981964514049,0.9059598964005853,,,,,0.0,,,,,,,,,,,,0,,,,,,,,,,,,,,,,"13024,13025,13026,13027,13028,13029"
0,191,13080,13096,"646,647",646,0,0.0,1,0,0,0,,,low_peak_z,,,,0.0,,,,,0.0,,,,,,,,,,,,0,,,,,,,,,,,,,,,,"13080,13081,13082,13083,13084,13085,13086,13087,13088,13089,13090,13091,13092,13093,13094,13095,13096"
1,192,13129,13154,"651,653",651,1,0.8461538461538461,1,0,1,1,165,,,13137,,,0.0,13148,2.909674788642697,7.802549031344316,-0.07211101827973287,0.6414131959564002,valley,,,,,,,,,13144,13150,0,,,,,,,,,,,,,,,,"13129,13130,13131,13132,13133,13134,13135,13136,13137,13138,13139,13140,13141,13142,13143,13144,13145,13146,13147,13148,13149,13150,13151,13152,13153,13154"
0,193,13155,13167,"653,654",654,0,0.0,0,0,1,1,166,,,,4.9602829552199115,6.14750362522499,0.8870392629435784,13162,3.255683349384312,7.664813520515299,0.788223776222166,0.15700690940251777,valley,776.0,266.0,16.0,22.0,632.0,258.0,19.0,22.0,13158,13164,0,,,,,,,,,,,,,,,,"13155,13160,13161,13162,13163,13164,13165,13166,13167"
1,194,13206,13232,"660,661,662,664",662,0,0.0,1,0,1,1,167,,,13208,,,0.0,13217,2.872644815608098,8.147188808609252,0.0935400982943797,0.5635407660652599,valley,731.0,345.0,19.0,37.0,607.0,345.0,19.0,33.0,13213,13219,0,,,,,,,,,,,,,,,,"13206,13207,13208,13209,13210,13211,13212,13213,13214,13215,13216,13217,13218,13219,13220,13221,13222,13223,13224,13225,13226,13227,13232"
0,195,13233,13247,"664,665",665,1,0.6666666666666666,0,0,1,1,168,,,13242,3.587237317438906,5.499015400797277,0.9600731048191475,13247,3.345557265412899,6.054661195756356,0.6547847635870081,0.2485534436740853,valley,,,,,,,,,13243,13249,0,,,,,,,,,,,,,,,,"13233,13234,13235,13236,13237,13238,13242,13243,13244,13245,13246,13247,13238,13242,13243,13244,13245,13246,13247"
0,196,13249,13263,666,666,0,0.0,0,0,0,0,,,low_displacement,,3.365037506214114,14.09747943621394,0.8726705716310268,,,,,0.0,,,,,,,,,,,,0,,,,,,,,,,,,,,,,"13249,13250,13251,13252,13253,13254,13255,13256,13257,13258,13259,13260,13261,13262,13263"
1,197,13265,13282,"669,667,668",669,1,0.7777777777777778,1,0,1,1,169,,,13273,0.9033072205533133,8.37578511956345,0.9460168077688494,13279,1.2276494197556191,6.298766076764853,0.4059814117413483,0.5421631884187695,valley,615.0,258.0,5.0,3.0,438.0,285.0,16.0,30.0,13275,13281,0,,,,,,,,,,,,,,,,"13265,13266,13267,13268,13269,13270,13271,13272,13273,13274,13275,13276,13277,13278,13279,13280,13281,13282"
0,198,13295,13308,"670,671",670,1,0.7142857142857143,0,0,1,1,170,,,13303,5.725038465310078,5.218533862463319,0.9167014344685709,,,,,0.0,,,,,,,,,,,,0,,,,,,,,,,,,,,,,"13295,13296,13297,13298,13299,13300,13301,13302,13303,13304,13305,13306,13307,13308"
0,199,13316,13322,673,673,0,0.0,0,0,1,1,171,,,,4.733385280768934,10.586340162173439,0.8687862667576629,,,,,0.0,,,,,,,,,,,,0,,,,,,,,,,,,,,,,"13316,13317,13318,13319,13320,13322"
1,200,13328,13343,"674,675,678,677",678,1,0.5,0,0,1,1,172,,,13333,4.967438830072372,7.681593392320163,0.9601433373305821,13343,5.057993215820284,7.418062985642074,0.694466157912867,0.6670641180675032,valley,,,,,,,,,13339,13345,0,,,,,,,,,,,,,,,,"13328,13329,13330,13331,13332,13333,13334,13335,13336,13337,13338,13340,13341,13342,13343,13334,13335,13336,13337,13338,13340,13341,13342,13343"
0,201,13364,13370,679,679,0,0.0,0,0,0,0,,,low_displacement,,3.6847361542140207,13.748501052500917,0.893239415059776,,,,,0.0,,,,,,,,,,,,0,,,,,,,,,,,,,,,,"13364,13365,13366,13367,13368,13369,13370"
1,202,13400,13421,"680,681",681,1,0.36363636363636365,0,0,1,1,173,,,13404,,,0.0,13415,2.7524707657925678,7.983683876353091,-0.05146392902008401,0.6498229737112169,valley,714.0,356.0,28.0,22.0,593.0,356.0,22.0,33.0,13411,13417,0,,,,,,,,,,,,,,,,"13400,13401,13402,13403,13404,13405,13406,13407,13408,13409,13410,13411,13412,13413,13414,13415,13416,13417,13418,13419,13420,13421"
0,203,13422,13447,"681,682,683",683,1,0.4375,1,0,1,1,174,,,13440,4.625548792923144,5.347971255334951,0.948535422273233,13445,4.192182170161365,6.004731116240272,0.7106921668874318,0.2218735030627359,valley,863.0,232.0,22.0,22.0,694.0,210.0,19.0,26.0,13441,13447,1,13445,4.192182170161365,6.004731116240272,0.7106921668874318,within_flight,,,863.0,232.0,22.0,22.0,694.0,210.0,19.0,26.0,"13422,13423,13427,13428,13429,13430,13431,13432,13433,13434,13435,13436,13437,13438,13439,13430,13431,13432,13433,13434,13435,13436,13437,13438,13439,13440,13441,13442,13443,13444,13445,13446,13447"
1,204,13458,13475,"684,686,685,687",686,1,0.7777777777777778,1,0,1,1,175,,,13464,0.4525006872715589,8.07527957622075,0.9311884970566768,13475,1.192479713311746,6.6181216693684,0.43945853397831125,0.5,ground_hit_fallback,604.0,270.0,8.0,11.0,430.0,281.0,22.0,30.0,13471,13477,0,,,,,,,,,,,,,,,,"13458,13459,13460,13461,13462,13463,13464,13465,13466,13467,13468,13469,13470,13471,13472,13473,13474,13475"
1,205,13491,13514,"689,688,692",689,1,0.8333333333333334,0,0,1,1,176,,,13504,3.9542560816243775,5.30253113550404,0.9535690072438372,13514,3.65010589063429,5.036372868340891,0.10586615624476714,0.5,ground_hit_fallback,812.0,255.0,19.0,26.0,644.0,243.0,19.0,30.0,13510,13516,0,,,,,,,,,,,,,,,,"13491,13492,13493,13494,13495,13496,13497,13498,13499,13500,13501,13502,13503,13504,13505,13506,13507,13508,13509,13510,13511,13512,13513,13514"
1,206,13515,13545,"692,690,691,697,694,695,696,698",697,1,0.75,0,0,1,1,177,,,13530,0.4454166206565082,8.348323108218874,0.9299600465246762,13544,0.49780003037041,7.428636506979419,0.2014239901992365,0.5,ground_hit_fallback,523.0,307.0,16.0,22.0,360.0,341.0,16.0,26.0,13540,13546,1,13514,3.65010589063429,5.036372868340891,0.10586615624476714,within_flight,,,812.0,255.0,19.0,26.0,644.0,243.0,19.0,30.0,"13515,13516,13517,13518,13519,13520,13521,13522,13523,13524,13525,13526,13527,13528,13529,13530,13531,13532,13533,13534,13535,13526,13527,13528,13529,13530,13531,13532,13533,13534,13535,13536,13537,13538,13539,13540,13541,13542,13543,13544,13545"
1,207,13555,13589,"699,702,700,701,703,704,705,706",702,1,0.3333333333333333,1,1,1,1,178,,,13572,,,0.0,13584,5.525368826063435,6.750631032124474,-0.05641372886206497,0.7665174481810672,valley,984.0,322.0,22.0,22.0,821.0,281.0,22.0,30.0,13580,13586,0,,,,,,,,,,,,,,,,"13555,13556,13558,13559,13560,13561,13562,13563,13564,13565,13566,13567,13568,13569,13570,13571,13572,13573,13574,13575,13576,13580,13581,13582,13583,13584,13585,13586,13587,13588,13589"
0,208,13590,13601,"706,707",707,1,0.3333333333333333,1,1,1,1,179,,,13591,7.2792543151028,6.743301669764399,0.9312388435032779,13597,6.982746770718379,6.3642194174842075,0.20352058166723808,0.2550338532819472,valley,1125.0,288.0,22.0,22.0,930.0,240.0,19.0,22.0,13593,13599,1,13599,7.046306729135189,6.623667357500892,0.18231124751256544,end_flight_fallback,,,1141.0,300.0,19.0,26.0,945.0,247.0,19.0,22.0,"13590,13591,13592,13593,13594,13595,13596,13597,13598,13599,13600,13601"
0,209,13656,13663,711,711,1,0.5,1,1,0,0,,,low_displacement;low_peak_z,13658,,,0.0,,,,,0.0,,,,,,,,,,,,0,,,,,,,,,,,,,,,,"13656,13657,13658,13659,13660,13661,13662,13663"
1,210,13736,13743,"712,713",712,0,0.0,0,0,1,1,180,,,,5.416314856384937,4.49867616486687,0.9360769036291904,13741,5.619065412102541,3.8557111144290985,0.0898579805160793,0.6784836052624177,valley,959.0,232.0,19.0,22.0,773.0,213.0,8.0,15.0,13737,13743,0,,,,,,,,,,,,,,,,"13736,13737,13738,13739,13740,13741,13742,13743"
0,211,13752,13758,714,714,0,0.0,0,0,0,0,,,low_displacement,,3.3707679501169308,15.34894509573881,0.8861946241524407,,,,,0.0,,,,,,,,,,,,0,,,,,,,,,,,,,,,,"13752,13753,13754,13755,13756,13757,13758"
1,212,13761,13783,"715,716,717",716,0,0.0,0,0,1,1,181,,,13766,,,0.0,13777,2.8924665362933126,7.954068752135736,-0.092923320479942,0.6924501368599407,valley,731.0,360.0,22.0,26.0,607.0,360.0,22.0,26.0,13773,13779,0,,,,,,,,,,,,,,,,"13761,13766,13767,13768,13769,13770,13771,13772,13773,13774,13775,13776,13777,13778,13779,13780,13781,13782,13783"
0,213,13789,13807,718,718,1,0.6666666666666666,0,0,1,1,182,,,13802,3.9721119012702935,5.368902125896284,0.9523541948759563,,,,,0.0,,,,,,,,,,,,1,13810,3.9596988809462466,5.8197225158681505,0.04982048387606344,cross_next_flight,,,829.0,255.0,16.0,26.0,660.0,240.0,22.0,26.0,"13789,13790,13791,13792,13793,13794,13795,13796,13797,13798,13799,13800,13801,13802,13803,13804,13805,13806,13807"
1,214,13824,13843,720,720,1,0.3333333333333333,0,0,1,1,183,,,13827,3.1086089805288264,8.604349502192441,0.8951298000011995,13839,3.244254286192299,8.163989681619888,0.464230753530007,0.617804737033874,valley,767.0,315.0,22.0,30.0,641.0,303.0,19.0,30.0,13835,13841,0,,,,,,,,,,,,,,,,"13824,13825,13826,13827,13828,13829,13830,13831,13832,13833,13834,13835,13836,13837,13838,13839,13840,13842,13843"
0,215,13844,13855,720,720,1,1.0,0,0,1,1,184,,,13849,3.932967706983141,4.087273488299505,0.9344376178946898,,,,,0.0,,,,,,,,,,,,0,,,,,,,,,,,,,,,,"13844,13845,13846,13847,13848,13849,13852,13853,13854,13855"
0,216,13864,13882,"722,721,723",723,1,0.8888888888888888,0,0,1,1,185,,,13870,1.1332313381929926,8.811688641203197,0.9326988194691016,,,,,0.0,,,,,,,,,,,,0,,,,,,,,,,,,,,,,"13864,13865,13866,13867,13868,13869,13870,13871,13872,13873,13874,13875,13876,13877,13878,13879,13880,13881,13882"
1,217,13899,13919,"725,726",725,1,0.875,0,0,1,1,186,,,13908,3.2055182222014853,4.551757947081851,0.9629214727260687,13919,2.939627348391063,5.184995927671153,0.4630158498803141,0.5,ground_hit_fallback,,,,,,,,,13915,13921,0,,,,,,,,,,,,,,,,"13899,13900,13901,13902,13903,13904,13905,13906,13907,13908,13909,13914,13915,13916,13917,13918,13919"
0,218,13928,13943,727,727,1,0.5,1,1,1,1,187,,,13938,1.1730147926887844,8.327483138820416,0.9298224874931142,,,,,0.0,,,,,,,,,,,,1,13929,3.0050498772357788,4.174932120083177,0.4615519037608937,within_flight,,,765.0,210.0,22.0,26.0,585.0,206.0,19.0,22.0,"13928,13929,13930,13931,13932,13933,13934,13935,13936,13937,13938,13939,13940,13941,13942,13943"
0,219,14008,14031,"732,731,734,733",732,0,0.0,0,0,0,0,,,low_peak_z,,,,0.0,,,,,0.0,,,,,,,,,,,,0,,,,,,,,,,,,,,,,"14008,14009,14010,14011,14012,14013,14014,14015,14008,14009,14010,14011,14012,14013,14014,14015,14016,14017,14021,14022,14023,14025,14026,14027,14028,14029,14030,14031"
0,220,14140,14172,"737,736,739,738,740",739,1,0.875,0,0,1,1,188,,,14157,4.616095872098868,8.883610456658024,0.9529497324734217,,,,,0.0,,,,,,,,,,,,0,,,,,,,,,,,,,,,,"14140,14141,14142,14143,14144,14145,14146,14147,14148,14149,14150,14151,14152,14153,14154,14155,14156,14157,14158,14159,14160,14161,14162,14163,14164,14165,14166,14167,14168,14169,14170,14171,14172"
1,221,14181,14224,"743,744",744,0,0.0,0,0,1,1,189,,,,,,0.0,14205,6.014936483834411,10.460669806845132,-0.10129136673565853,0.6920845840784775,valley,,,,,,,,,14201,14208,0,,,,,,,,,,,,,,,,"14181,14182,14184,14185,14186,14187,14188,14189,14190,14191,14192,14193,14194,14195,14196,14197,14198,14199,14200,14201,14202,14203,14204,14205,14206,14207,14208,14209,14210,14211,14212,14213,14214,14215,14216,14217,14218,14219,14220,14221,14222,14223,14224"
0,222,15224,15231,747,747,0,0.0,0,0,0,0,,,low_displacement,,4.461572203403029,7.857829883556976,0.9374275730912134,,,,,0.0,,,,,,,,,,,,0,,,,,,,,,,,,,,,,"15224,15225,15226,15227,15228,15229,15230,15231"
0,223,15256,15263,749,749,0,0.0,0,0,0,0,,,low_displacement,,4.117982195090009,8.844482563088583,0.9457529380482677,,,,,0.0,,,,,,,,,,,,0,,,,,,,,,,,,,,,,"15256,15257,15258,15259,15260,15261,15262,15263"
0,224,15280,15287,751,751,0,0.0,0,0,0,0,,,low_displacement,,4.328462995122831,9.439187085186688,0.9246347817539998,,,,,0.0,,,,,,,,,,,,0,,,,,,,,,,,,,,,,"15280,15281,15282,15283,15284,15285,15286,15287"
0,225,15344,15358,"754,755",755,0,0.0,0,0,0,0,,,low_displacement,,4.308311414725671,8.5539584552762,0.9130069161175342,,,,,0.0,,,,,,,,,,,,0,,,,,,,,,,,,,,,,"15344,15345,15346,15347,15348,15349,15350,15351,15352,15353,15354,15355,15356,15357,15358,15350,15351,15352,15353,15354,15355,15356,15357,15358"
0,226,15896,15903,759,759,0,0.0,0,0,0,0,,,low_displacement,,4.073424870649332,9.116036020884868,0.9379351367641962,,,,,0.0,,,,,,,,,,,,0,,,,,,,,,,,,,,,,"15896,15897,15898,15899,15900,15901,15902,15903"
0,227,15976,15983,760,760,0,0.0,0,0,0,0,,,low_displacement,,4.062117346352999,9.349837868012512,0.9375714057656521,,,,,0.0,,,,,,,,,,,,0,,,,,,,,,,,,,,,,"15976,15977,15978,15979,15980,15981,15982,15983"
0,228,16056,16073,"761,762",761,0,0.0,0,0,0,0,,,low_displacement,,4.014056050510055,8.25687761431519,0.8581733801738818,,,,,0.0,,,,,,,,,,,,1,16068,4.130825145471011,8.256930951393556,-0.01591338579094881,within_flight,,,860.0,371.0,16.0,26.0,736.0,348.0,16.0,22.0,"16056,16057,16058,16059,16060,16061,16062,16063,16065,16066,16068,16069,16070,16071,16072,16073"
0,229,17304,17311,766,766,0,0.0,0,0,1,1,190,,,,1.8402602846386147,10.075842726688478,0.9166424181487207,,,,,0.0,,,,,,,,,,,,0,,,,,,,,,,,,,,,,"17304,17305,17306,17307,17308,17309,17310,17311"
0,230,17344,17353,767,767,1,0.8,0,0,1,1,191,,,17348,2.258325473042993,1.3749709356052922,0.9376102904617689,,,,,0.0,,,,,,,,,,,,0,,,,,,,,,,,,,,,,"17344,17345,17346,17347,17348,17349,17350,17351,17352,17353"
1,231,17359,17375,"769,773,772,774",769,0,0.0,0,0,1,1,192,,,,2.3977321510969207,1.639710440001906,0.6891265692494368,17367,2.3619014932465365,1.7188676111655852,-0.04227947375617447,0.7196387573380286,valley,,,,,,,,,17363,17369,0,,,,,,,,,,,,,,,,"17359,17360,17361,17362,17363,17364,17365,17366,17367,17370,17371,17372,17373,17374,17375"
0,232,17384,17403,"775,776,777",775,1,0.2,0,0,1,1,193,,,17402,0.6625004208425107,9.911114780344258,0.9225389477276735,,,,,0.0,,,,,,,,,,,,0,,,,,,,,,,,,,,,,"17384,17385,17386,17387,17388,17389,17390,17391,17392,17393,17394,17395,17396,17397,17398,17399,17400,17401,17402,17403"
1,233,17404,17431,"777,778,780,779",780,1,0.4444444444444444,0,0,1,1,194,,,17410,,,0.0,17429,1.326932020584269,1.1041954268162648,0.10442365404774723,0.5,ground_hit_fallback,680.0,187.0,16.0,26.0,472.0,191.0,16.0,22.0,17425,17431,0,,,,,,,,,,,,,,,,"17404,17405,17408,17409,17410,17411,17412,17414,17415,17420,17421,17422,17423,17424,17425,17426,17429,17431"
0,234,17448,17527,"781,783,785,788,786,787",788,1,0.11363636363636363,1,1,1,1,195,,,17459,,,0.0,17492,2.804264196596607,6.14372557025137,-0.16137433683627833,0.4075197893751063,valley,745.0,311.0,5.0,11.0,590.0,303.0,14.0,22.0,17488,17494,1,17468,2.769308390717634,6.317429461450075,0.10810770132092973,within_flight,,,,,,,,,,,"17448,17449,17450,17451,17452,17453,17454,17455,17456,17457,17458,17459,17460,17461,17462,17463,17464,17465,17467,17468,17469,17470,17471,17462,17463,17464,17465,17467,17468,17469,17470,17471,17472,17473,17474,17475,17476,17477,17478,17479,17480,17481,17482,17483,17484,17485,17486,17487,17488,17489,17490,17491,17492,17493,17494,17495,17496,17497,17498,17499,17500,17501,17502,17503,17504,17505,17506,17507,17508,17509,17510,17511,17512,17513,17514,17515,17516,17517,17518,17519,17520,17521,17522,17523,17524,17525,17526,17527"
1,235,17968,17999,"790,792,791,794,793,796,795,797",792,0,0.0,0,0,1,1,196,,,,3.449821039216326,0.10370914491229,0.9545235870920681,17999,3.4243840997687514,-0.3152436524891442,0.08993630828135224,0.5,ground_hit_fallback,801.0,172.0,22.0,26.0,590.0,161.0,19.0,26.0,17995,18001,0,,,,,,,,,,,,,,,,"17968,17969,17970,17971,17972,17973,17974,17975,17976,17977,17978,17979,17980,17981,17982,17983,17984,17985,17986,17987,17988,17989,17990,17991,17992,17993,17994,17995,17996,17997,17998,17999"
1,236,18360,18383,"801,802,803",801,1,0.7272727272727273,0,0,1,1,197,,,18370,,,0.0,18380,1.4099540466092817,11.610463038784555,0.21793038864755054,0.5988053756240023,valley,455.0,540.0,16.0,22.0,410.0,596.0,19.0,26.0,18376,18382,0,,,,,,,,,,,,,,,,"18360,18361,18362,18363,18364,18365,18366,18367,18370,18371,18372,18373,18374,18375,18376,18377,18378,18379,18380,18381,18382,18383"
1,237,18384,18420,"803,804",803,1,1.0,0,0,1,1,198,,,18404,,,0.0,18414,2.2613510125245115,2.9532684115052703,0.06713174608027117,0.6921267784012546,valley,722.0,217.0,16.0,26.0,531.0,217.0,19.0,22.0,18410,18416,0,,,,,,,,,,,,,,,,"18384,18385,18389,18390,18391,18392,18393,18394,18395,18396,18397,18398,18399,18400,18401,18402,18403,18404,18405,18406,18407,18408,18409,18410,18411,18412,18413,18414,18415,18416,18417,18418,18419,18420"
0,238,18440,18446,808,808,1,1.0,0,0,1,1,199,,,18443,3.0478156056249643,15.160281072228393,0.9030374330496505,,,,,0.0,,,,,,,,,,,,0,,,,,,,,,,,,,,,,"18440,18441,18442,18443,18444,18445,18446"
1,239,18447,18473,"808,806,807,809,810",808,1,0.5454545454545454,0,0,1,1,200,,,18453,,,0.0,18459,5.840196796630423,3.5669599878080334,0.27188903246141294,0.7045607613355067,valley,973.0,221.0,25.0,18.0,776.0,187.0,19.0,26.0,18455,18461,0,,,,,,,,,,,,,,,,"18447,18448,18449,18450,18451,18452,18453,18454,18455,18456,18457,18458,18459,18460,18461,18462,18463,18464,18465,18466,18468,18471,18473"
0,240,18482,18493,"811,813,812",813,0,0.0,0,0,1,1,201,,,,,,0.0,18488,7.070182693178488,-0.9929128831574872,0.024526160550493614,0.4930585978320715,valley,1004.0,168.0,19.0,22.0,773.0,142.0,19.0,18.0,18484,18489,1,18490,7.070182693178488,-0.9929128831574872,0.024526160550493614,end_flight_fallback,,,1004.0,168.0,19.0,22.0,776.0,142.0,14.0,18.0,"18482,18483,18486,18487,18488,18489,18490,18493"
0,241,19176,19189,"817,820,818",820,0,0.0,0,0,1,1,202,,,,4.608100824164341,3.1598763619889225,0.8893375177148282,,,,,0.0,,,,,,,,,,,,0,,,,,,,,,,,,,,,,"19176,19177,19178,19179,19180,19181,19182,19183,19184,19185,19186,19187,19188,19189"
1,242,19286,19303,"824,826",826,0,0.0,0,0,1,1,203,,,19287,,,0.0,19300,1.844610272873084,11.99961032128042,0.1558209250179985,0.6280275616470438,valley,500.0,588.0,16.0,26.0,489.0,641.0,19.0,22.0,19296,19301,0,,,,,,,,,,,,,,,,"19286,19287,19288,19289,19290,19291,19292,19293,19294,19295,19291,19292,19293,19294,19295,19296,19297,19298,19299,19300,19301,19302,19303"
0,243,19304,19322,826,826,0,0.0,0,0,1,1,204,,,19322,2.35142116146518,0.6058283857459603,0.9080098155195562,,,,,0.0,,,,,,,,,,,,0,,,,,,,,,,,,,,,,"19304,19306,19307,19308,19309,19310,19311,19312,19313,19314,19315,19316,19317,19318,19319,19320,19321,19322"
0,244,19337,19343,"829,831,830,832",831,0,0.0,0,0,1,1,205,,,,2.1893939636327406,0.23748311757804075,0.8920311553968903,,,,,0.0,,,,,,,,,,,,1,19342,2.1849206667796723,1.1758580757287618,0.34550205763475805,end_flight_fallback,,,731.0,176.0,16.0,22.0,523.0,172.0,14.0,18.0,"19337,19338,19339,19340,19341,19342,19343"
0,245,19365,19383,"834,833",834,1,0.4444444444444444,1,1,1,1,206,,,19378,2.1524472783901345,7.509477556671257,0.899765287247747,,,,,0.0,,,,,,,,,,,,0,,,,,,,,,,,,,,,,"19365,19366,19367,19368,19369,19370,19371,19372,19373,19374,19375,19376,19377,19378,19379,19380,19381,19382,19383"
0,246,19640,19647,"839,838",839,0,0.0,0,0,0,0,,,low_displacement,,3.781650629574372,-0.24515293762035273,0.9416956788170238,,,,,0.0,,,,,,,,,,,,0,,,,,,,,,,,,,,,,"19640,19641,19642,19643,19644,19645,19646,19647"
1,247,19736,19763,842,842,1,0.8571428571428571,0,0,1,1,207,,,19748,,,0.0,19761,0.9924643892420857,12.508923662190712,0.24705424465166814,0.6149456682391294,valley,320.0,622.0,22.0,30.0,300.0,727.0,16.0,26.0,19757,19763,0,,,,,,,,,,,,,,,,"19736,19737,19738,19739,19740,19741,19742,19743,19744,19745,19746,19747,19748,19749,19750,19751,19752,19753,19754,19755,19756,19757,19758,19759,19760,19761,19762,19763"
1,248,19764,19799,"842,845,846,847",845,1,0.6875,0,0,1,1,208,,,19784,,,0.0,19797,2.2462045023026747,2.47497701403411,0.08361115878475278,0.7100488226612514,valley,725.0,206.0,19.0,30.0,528.0,202.0,19.0,30.0,19793,19799,0,,,,,,,,,,,,,,,,"19764,19765,19769,19770,19771,19772,19773,19774,19775,19771,19772,19773,19774,19775,19776,19777,19778,19779,19780,19781,19782,19783,19784,19785,19786,19787,19788,19790,19791,19796,19797,19798,19799"
0,249,19816,19827,848,848,1,0.6666666666666666,0,0,1,1,209,,,19824,2.5923596872496346,11.225358881244151,0.9476573205751508,,,,,0.0,,,,,,,,,,,,0,,,,,,,,,,,,,,,,"19816,19817,19818,19819,19820,19821,19822,19823,19824,19825,19826,19827"
1,250,19828,19842,"848,849,850,851",851,1,0.5714285714285714,0,0,1,1,210,,,19832,,,0.0,19841,-0.6868398383379821,3.0009323311129066,0.10463414733618492,0.5,ground_hit_fallback,537.0,213.0,22.0,26.0,320.0,236.0,22.0,26.0,19837,19843,0,,,,,,,,,,,,,,,,"19828,19829,19830,19831,19832,19833,19834,19835,19836,19837,19838,19839,19840,19841,19842"
0,251,20040,20045,"853,854",854,0,0.0,0,0,1,1,211,,,,1.846884078497638,-6.491458726428485,0.8423562664410558,,,,,0.0,,,,,,,,,,,,0,,,,,,,,,,,,,,,,"20040,20041,20042,20043,20044,20045"
1,252,20049,20071,"857,858,861,862,863,864",863,0,0.0,0,0,1,1,212,,,,,,0.0,20068,3.1771831462876676,0.8097085964169679,0.3787446426583152,0.5930900139200196,valley,787.0,172.0,25.0,18.0,576.0,157.0,22.0,22.0,20064,20070,0,,,,,,,,,,,,,,,,"20049,20050,20051,20052,20053,20054,20055,20056,20057,20058,20060,20061,20062,20063,20064,20065,20066,20067,20068,20069,20070,20071"
1,253,20160,20189,"868,869",868,1,0.8,0,0,1,1,213,,,20172,,,0.0,20183,2.469692797288756,11.62439642713213,0.12235646307513637,0.6347484065508653,valley,615.0,566.0,19.0,22.0,596.0,581.0,19.0,22.0,20179,20185,0,,,,,,,,,,,,,,,,"20160,20161,20162,20163,20164,20165,20166,20167,20168,20169,20170,20171,20172,20173,20174,20175,20176,20177,20178,20179,20180,20181,20182,20183,20184,20185,20186,20187,20188,20189"
0,254,20190,20218,"868,872,873",872,1,0.7857142857142857,0,0,1,1,214,,,20208,,,0.0,20212,2.8928841238830536,5.207072325986662,0.7190642874526727,0.032426984591798824,valley,756.0,213.0,16.0,22.0,576.0,202.0,19.0,22.0,20208,20214,1,20219,3.0389687574028335,1.6343934281867263,-0.2795307046401714,cross_next_flight,,,781.0,225.0,8.0,7.0,582.0,217.0,19.0,18.0,"20190,20191,20192,20193,20194,20195,20196,20197,20198,20199,20200,20201,20202,20203,20204,20205,20206,20207,20208,20209,20210,20211,20212,20213,20214,20215,20216,20217,20218"
0,255,20232,20248,"876,879",876,1,0.625,0,0,1,1,215,,,20243,0.21497509953389704,12.480969373864982,0.9182207888699991,,,,,0.0,,,,,,,,,,,,0,,,,,,,,,,,,,,,,"20232,20233,20234,20235,20236,20237,20238,20239,20240,20241,20242,20243,20244,20245,20246,20248"
1,256,20251,20271,"879,881,882",881,0,0.0,1,0,1,1,216,,,20253,,,0.0,20264,0.804290550413088,3.329243589747465,0.11707698843467429,0.6375424598496775,valley,627.0,221.0,16.0,22.0,427.0,228.0,19.0,26.0,20260,20265,0,,,,,,,,,,,,,,,,"20251,20253,20254,20255,20256,20257,20258,20259,20260,20261,20262,20263,20264,20266,20267,20268,20269,20270,20271"
0,257,20288,20303,"883,884,885,886",883,1,0.8,0,0,1,1,217,,,20296,2.8204056914966342,8.614725246472748,0.9658887322712537,,,,,0.0,,,,,,,,,,,,1,20306,2.876057854422674,9.061615483236674,0.04956966185396475,cross_next_flight,,,708.0,318.0,25.0,30.0,590.0,337.0,14.0,18.0,"20288,20289,20290,20291,20292,20293,20294,20296,20297,20298,20303"
0,258,20312,20327,"888,889,890",889,1,1.0,0,0,1,1,218,,,20321,6.403391562427274,2.7546416679888157,0.9309100726494668,,,,,0.0,,,,,,,,,,,,0,,,,,,,,,,,,,,,,"20312,20314,20315,20316,20317,20318,20319,20320,20321,20322,20323,20324,20325,20326,20327"
0,259,20352,20375,"891,892,893",891,1,0.9166666666666666,0,0,1,1,219,,,20364,2.431134169589791,9.01822222185518,0.9347280224321414,,,,,0.0,,,,,,,,,,,,0,,,,,,,,,,,,,,,,"20352,20353,20354,20355,20356,20357,20358,20359,20360,20361,20362,20363,20364,20365,20366,20367,20368,20369,20370,20371,20372,20373,20374,20375"
0,260,20391,20407,895,895,0,0.0,0,0,1,1,220,,,,3.312967377570338,7.449756460010145,0.963526123738208,,,,,0.0,,,,,,,,,,,,1,20411,3.3256448806577414,6.9960685143188925,0.0,end_flight_fallback,,,779.0,281.0,22.0,26.0,638.0,270.0,19.0,26.0,"20391,20392,20393,20394,20395,20396,20397,20398,20399,20400,20401,20402,20403,20404,20405,20406,20407"
0,261,20615,20623,898,898,0,0.0,0,0,1,1,221,,,,4.321003598278249,8.981409676120172,0.9307081770750344,,,,,0.0,,,,,,,,,,,,0,,,,,,,,,,,,,,,,"20615,20616,20617,20618,20619,20620,20621,20622,20623"
0,262,20624,20636,"898,896,899",899,1,1.0,0,0,1,1,222,,,20630,3.2012254181016946,3.188955522636239,0.9416257890257256,,,,,0.0,,,,,,,,,,,,0,,,,,,,,,,,,,,,,"20624,20625,20626,20627,20628,20629,20630,20632,20633,20634,20635,20636"
1,263,20811,20817,"902,903,906",902,0,0.0,0,0,1,1,223,,,,3.8942397951243017,-1.0244885507473618,0.89182728063176,20817,3.897432111223068,-0.47589569729125003,0.4511234323112383,0.5,ground_hit_fallback,832.0,146.0,19.0,30.0,610.0,135.0,22.0,26.0,20813,20819,0,,,,,,,,,,,,,,,,"20811,20812,20813,20814,20815,20817"
0,264,20818,20827,"906,904,907",907,0,0.0,0,0,1,1,224,,,,3.5740008496968074,1.7188298120145138,0.7397801338626386,,,,,0.0,,,,,,,,,,,,0,,,,,,,,,,,,,,,,"20818,20819,20820,20821,20822,20823,20824,20826,20827"
0,265,20920,20924,"912,910",912,0,0.0,0,0,0,0,,,low_displacement,,4.297839226910483,1.7283360141505972,0.9573399310412984,,,,,0.0,,,,,,,,,,,,1,20927,4.273384999593922,1.9284090753052823,0.1756119799334872,end_flight_fallback,,,,,,,,,,,"20920,20921,20922,20923,20924,20925,20926,20927,20920,20921,20922,20923,20924"
0,266,20925,20931,"910,912,911",912,0,0.0,0,0,0,0,,,low_displacement,,4.242420972334248,2.2296471193030745,0.9142616391237027,,,,,0.0,,,,,,,,,,,,0,,,,,,,,,,,,,,,,"20925,20926,20927,20928,20929,20930,20931"
0,267,21112,21119,"917,916",917,0,0.0,0,0,0,0,,,low_displacement,,4.573423328170139,4.777151604410303,0.9463687466983133,,,,,0.0,,,,,,,,,,,,0,,,,,,,,,,,,,,,,"21112,21113,21114,21115,21116,21117,21118,21119"
0,268,21234,21239,918,918,0,0.0,0,0,0,0,,,low_displacement,,3.419618204849562,13.624355205776808,0.8745539949644878,,,,,0.0,,,,,,,,,,,,0,,,,,,,,,,,,,,,,"21234,21235,21236,21237,21238,21239"
0,269,21280,21288,"920,921",920,0,0.0,0,0,1,1,225,,,,2.133865835594447,-3.0958348364074295,0.8955165722440452,,,,,0.0,,,,,,,,,,,,0,,,,,,,,,,,,,,,,"21280,21281,21282,21283,21284,21288"
0,270,21473,21487,"932,933,934,935,936",932,0,0.0,0,0,0,0,,,low_displacement,,1.199623076863944,0.07043507413645253,0.7886352355175601,,,,,0.0,,,,,,,,,,,,1,21487,1.1140043419161896,-0.22186472645879007,0.20888373561019602,within_flight,,,683.0,168.0,19.0,22.0,458.0,165.0,19.0,26.0,"21473,21474,21475,21477,21480,21483,21484,21485,21486,21487"
1,271,21544,21570,"938,937",938,1,0.8461538461538461,0,0,1,1,226,,,21555,,,0.0,21562,3.994275630209349,10.514571971874158,0.1359381635681487,0.6732976168085327,valley,857.0,487.0,16.0,22.0,787.0,450.0,19.0,22.0,21558,21564,0,,,,,,,,,,,,,,,,"21544,21545,21546,21547,21548,21549,21550,21551,21552,21553,21554,21555,21556,21557,21558,21559,21560,21561,21562,21563,21564,21565,21566,21567,21568,21569,21570"
1,272,21572,21606,"938,939,940,941,943,942",939,1,0.8235294117647058,0,0,1,1,227,,,21593,,,0.0,21604,3.0676702716960977,1.9262842397345068,-0.2048499874402765,0.7047223013753765,valley,781.0,217.0,14.0,30.0,582.0,206.0,19.0,30.0,21600,21606,0,,,,,,,,,,,,,,,,"21572,21573,21575,21576,21577,21578,21579,21580,21581,21582,21583,21584,21585,21586,21587,21588,21589,21590,21591,21592,21593,21594,21595,21596,21597,21598,21599,21600,21601,21602,21603,21604,21605,21606"
0,273,21623,21647,"947,950,948",950,1,0.8181818181818182,1,0,1,1,228,,,21624,1.2669071473979514,3.024587607637768,0.847556853888872,,,,,0.0,,,,,,,,,,,,0,,,,,,,,,,,,,,,,"21623,21624,21625,21629,21630,21631,21632,21633,21634,21635,21636,21637,21638,21639,21640,21641,21642,21643,21644,21645,21646,21647"
0,274,21656,21671,"951,952,953",951,1,0.5714285714285714,0,1,1,1,229,,,21660,2.4064391558257023,7.680390991781228,0.9289177779310746,,,,,0.0,,,,,,,,,,,,0,,,,,,,,,,,,,,,,"21656,21657,21658,21659,21660,21661,21662,21663,21664,21666,21667,21668,21669,21670,21671"
0,275,21680,21685,954,954,0,0.0,0,0,0,0,,,low_displacement;low_peak_z,,0.30460288912464173,2.610179766121627,0.931061036635273,,,,,0.0,,,,,,,,,,,,0,,,,,,,,,,,,,,,,"21680,21681,21682,21683,21684,21685"
0,276,21865,21874,"957,962,958,959",962,0,0.0,0,0,1,1,230,,,,2.104665557632991,-4.378302683025596,0.8960729952602138,,,,,0.0,,,,,,,,,,,,0,,,,,,,,,,,,,,,,"21865,21866,21867,21868,21869,21870,21871,21872,21873,21874"
1,277,21884,21903,"967,969,970,972,971",972,0,0.0,0,0,1,1,231,,,,,,0.0,21894,3.134163135433454,0.07566308238167352,0.1449279704129669,0.748756725804291,valley,787.0,172.0,16.0,26.0,576.0,161.0,19.0,30.0,21890,21896,0,,,,,,,,,,,,,,,,"21884,21885,21886,21889,21890,21892,21894,21895,21896,21897,21898,21899,21900,21901,21902,21903"
0,278,21976,21983,"973,975",975,0,0.0,0,0,0,0,,,low_displacement,,3.3492564170352073,13.8737365779897,0.9041543126721108,,,,,0.0,,,,,,,,,,,,0,,,,,,,,,,,,,,,,"21976,21978,21979,21980,21981,21982,21983,21978,21979,21980,21981,21982,21983"
1,279,21985,22009,976,976,1,0.5833333333333334,0,0,1,1,232,,,21992,,,0.0,22003,1.8658495076496036,11.611134005597966,0.24855947593143313,0.616002107195251,valley,523.0,543.0,19.0,22.0,489.0,577.0,16.0,26.0,21999,22005,0,,,,,,,,,,,,,,,,"21985,21986,21987,21988,21989,21990,21991,21992,21993,21994,21995,21996,21997,21998,21999,22000,22001,22002,22003,22004,22005,22006,22007,22008,22009"
1,280,22010,22047,"976,979,982,980,981",979,1,0.8888888888888888,0,0,1,1,233,,,22027,,,0.0,22043,2.2680119347061876,1.2884433057175286,0.10207005600799057,0.6555411334266984,valley,734.0,191.0,16.0,26.0,528.0,187.0,19.0,22.0,22039,22044,0,,,,,,,,,,,,,,,,"22010,22011,22013,22014,22015,22016,22017,22018,22019,22020,22021,22022,22023,22024,22025,22026,22027,22028,22029,22030,22031,22032,22033,22034,22035,22036,22037,22038,22039,22040,22041,22042,22043,22044,22045,22046,22047"
0,281,22059,22079,"986,984,985,988,989",986,1,0.46153846153846156,0,0,1,1,234,,,22077,4.424380899082091,8.085350973703783,0.9364556828705705,,,,,0.0,,,,,,,,,,,,0,,,,,,,,,,,,,,,,"22059,22060,22061,22062,22063,22064,22065,22066,22067,22068,22069,22070,22071,22072,22073,22074,22075,22076,22077,22078,22079,22074,22075,22076,22077,22078,22079"
1,282,22085,22106,"990,991,992,993",993,1,0.3,1,0,1,1,235,,,22086,,,0.0,22105,1.0753248383392506,3.5048570299682877,0.12862658510350888,0.5,ground_hit_fallback,641.0,221.0,16.0,22.0,447.0,232.0,19.0,26.0,22101,22107,0,,,,,,,,,,,,,,,,"22085,22086,22087,22088,22089,22090,22091,22092,22093,22094,22095,22096,22097,22098,22099,22100,22101,22102,22103,22105,22106"
0,283,22127,22135,997,997,0,0.0,0,0,1,1,236,,,,2.986582605608361,8.766119627856874,0.9202509007240326,,,,,0.0,,,,,,,,,,,,0,,,,,,,,,,,,,,,,"22127,22128,22129,22130,22131,22132,22133,22134,22135"
0,284,22224,22237,1010,1010,0,0.0,1,0,0,0,,,low_displacement,22227,,,0.0,,,,,0.0,,,,,,,,,,,,0,,,,,,,,,,,,,,,,"22224,22225,22226,22227,22228,22229,22231,22232,22233,22234,22235,22236,22237"
1,285,22285,22312,"1013,1012,1014",1013,0,0.0,0,0,1,1,237,,,,,,0.0,22308,3.081725794021852,11.368891424752068,0.055024775908446344,0.6459589073971277,valley,717.0,551.0,16.0,30.0,686.0,547.0,25.0,30.0,22304,22309,0,,,,,,,,,,,,,,,,"22285,22286,22287,22288,22289,22290,22291,22292,22293,22294,22295,22296,22297,22298,22299,22300,22301,22302,22303,22304,22305,22306,22307,22308,22309,22310,22311,22312"
0,286,22320,22325,1015,1015,0,0.0,0,0,0,0,,,low_displacement,,2.917284784770539,11.580627501181898,0.866630516450045,,,,,0.0,,,,,,,,,,,,0,,,,,,,,,,,,,,,,"22320,22321,22322,22323,22324,22325"
0,287,22336,22349,1016,1016,0,0.0,0,0,1,1,238,,,,4.6421125037863735,13.33609897818227,0.9358704473764912,,,,,0.0,,,,,,,,,,,,0,,,,,,,,,,,,,,,,"22336,22337,22338,22339,22344,22345,22346,22347,22349"
1,288,22443,22467,"1021,1022,1023,1024",1024,1,0.8181818181818182,0,0,1,1,239,,,22455,,,0.0,22466,0.8766536795190856,1.2312561484467022,-0.12267446094295265,0.5,ground_hit_fallback,655.0,206.0,16.0,18.0,444.0,210.0,22.0,26.0,22462,22468,0,,,,,,,,,,,,,,,,"22443,22444,22445,22448,22450,22451,22452,22453,22454,22455,22456,22457,22458,22459,22460,22461,22462,22463,22464,22465,22466,22467"
1,289,22480,22507,"1025,1026",1025,1,0.7142857142857143,0,0,1,1,240,,,22490,,,0.0,22504,1.3316597542896345,11.853317069607543,-0.0010610000023669741,0.6607449911366374,valley,444.0,592.0,2.0,3.0,410.0,671.0,8.0,11.0,22500,22505,0,,,,,,,,,,,,,,,,"22480,22481,22482,22483,22484,22485,22486,22487,22488,22489,22490,22491,22492,22493,22494,22495,22496,22497,22498,22499,22500,22501,22502,22503,22504,22505,22506,22507"
0,290,22512,22543,"1027,1028",1028,1,0.3333333333333333,0,0,1,1,241,,,22538,1.827035549547489,4.9391424599180525,0.9495835417570833,,,,,0.0,,,,,,,,,,,,1,22546,1.8343897368771824,4.411025388832584,0.009788068541194433,cross_next_flight,,,663.0,228.0,22.0,26.0,489.0,232.0,19.0,26.0,"22512,22513,22516,22517,22518,22519,22520,22521,22522,22523,22524,22525,22526,22527,22528,22529,22530,22531,22532,22533,22534,22535,22536,22537,22538,22539,22540,22541,22542,22543"
1,291,22550,22576,1032,1032,1,0.7222222222222222,1,0,1,1,242,,,22555,,,0.0,22573,4.262382504453719,6.865073344184516,0.1023405301261846,0.5883624529640823,valley,866.0,307.0,22.0,26.0,717.0,285.0,22.0,30.0,22569,22575,0,,,,,,,,,,,,,,,,"22550,22551,22552,22553,22554,22555,22556,22557,22558,22559,22550,22551,22552,22553,22554,22555,22556,22557,22558,22559,22560,22561,22562,22563,22564,22565,22566,22567,22568,22569,22570,22571,22572,22573,22574,22575,22576"
0,292,22577,22591,"1032,1031,1033",1032,0,0.0,1,0,1,1,243,,,22581,,,0.0,22589,5.130669764138567,7.242572730675263,-0.010420701727678505,0.4628573457485967,valley,956.0,333.0,19.0,22.0,804.0,300.0,19.0,26.0,22585,22590,0,,,,,,,,,,,,,,,,"22577,22578,22579,22580,22581,22582,22583,22584,22585,22586,22587,22588,22589,22590,22591"
1,293,22696,22736,1035,1035,0,0.0,0,0,1,1,244,,,,,,0.0,22728,3.125904236763053,10.902232962157132,0.23104840577986074,0.6768531022006805,valley,728.0,491.0,22.0,30.0,677.0,487.0,22.0,26.0,22724,22729,0,,,,,,,,,,,,,,,,"22696,22697,22698,22699,22700,22701,22702,22703,22704,22705,22706,22707,22708,22709,22710,22711,22712,22713,22714,22715,22716,22717,22718,22719,22720,22721,22722,22723,22724,22725,22726,22727,22728,22729,22730,22731,22732,22733,22734,22735,22736"
1,294,22744,22759,1037,1037,0,0.0,0,0,1,1,245,,,,,,0.0,22756,2.2488472630177627,11.55729994613401,0.09231435733806448,0.5109078936599791,valley,585.0,558.0,19.0,26.0,556.0,581.0,22.0,30.0,22752,22757,0,,,,,,,,,,,,,,,,"22744,22745,22746,22747,22748,22749,22750,22751,22752,22753,22754,22755,22756,22757,22758,22759"
0,295,22959,22976,1045,1045,0,0.0,0,0,0,0,,,low_displacement,,2.259443557641631,12.083700371346147,0.9047260673567824,,,,,0.0,,,,,,,,,,,,0,,,,,,,,,,,,,,,,"22959,22960,22961,22962,22963,22964,22965,22966,22967,22968,22969,22970,22971,22976"
1,296,23016,23057,"1047,1050,1048,1049,1051",1050,1,0.15384615384615385,0,0,1,1,246,,,23036,,,0.0,23043,3.1970812532827044,5.019413801952421,0.1417972580324296,0.6687593374540981,valley,779.0,255.0,19.0,26.0,607.0,243.0,19.0,22.0,23039,23045,1,23058,3.495920367341512,1.0751015366264767,0.03723791218138191,end_flight_fallback,,,798.0,191.0,28.0,26.0,610.0,183.0,8.0,15.0,"23016,23017,23018,23019,23020,23021,23022,23023,23024,23025,23026,23027,23028,23029,23030,23031,23032,23033,23034,23035,23036,23037,23038,23039,23030,23031,23032,23033,23034,23035,23036,23037,23038,23039,23040,23041,23042,23043,23044,23045,23046,23047,23048,23049,23050,23051,23052,23053,23054,23055,23056,23057"
0,297,23099,23108,"1054,1055,1056",1056,0,0.0,0,0,1,1,247,,,,2.6005068400585603,14.337216322424782,0.9220760549240916,,,,,0.0,,,,,,,,,,,,0,,,,,,,,,,,,,,,,"23099,23103,23105,23106,23107,23108"
1,298,23760,23767,"1059,1060,1061,1062",1061,0,0.0,0,0,1,1,248,,,,4.366389005126636,-0.3669806506060178,0.9125836115238581,23767,4.372585158406032,-0.24395243077609052,0.18377305684348322,0.5,ground_hit_fallback,857.0,168.0,19.0,22.0,641.0,150.0,19.0,26.0,23763,23768,0,,,,,,,,,,,,,,,,"23760,23762,23763,23764,23765,23766,23767"
1,299,23848,23877,1063,1063,1,0.8,0,0,1,1,249,,,23860,,,0.0,23872,1.2846736786486344,11.366142597608947,0.06372308024826001,0.6841319833261662,valley,455.0,532.0,19.0,22.0,399.0,592.0,25.0,30.0,23868,23873,0,,,,,,,,,,,,,,,,"23848,23849,23850,23851,23852,23853,23854,23855,23856,23857,23858,23859,23860,23861,23862,23863,23864,23865,23866,23867,23868,23869,23870,23871,23872,23873,23874,23875,23876,23877"
1,300,23878,23910,"1063,1065,1068,1069,1070",1065,1,0.8571428571428571,0,0,1,1,250,,,23896,,,0.0,23909,3.0353355408679787,0.26755980550179004,-0.35958651358060933,0.5,ground_hit_fallback,776.0,202.0,22.0,22.0,576.0,202.0,16.0,15.0,23905,23910,0,,,,,,,,,,,,,,,,"23878,23879,23882,23883,23884,23885,23886,23887,23888,23889,23890,23891,23892,23893,23894,23895,23896,23897,23898,23899,23900,23901,23902,23903,23907,23908,23909,23910"
0,301,23920,23925,"1072,1073",1072,0,0.0,0,0,1,1,251,,,,-0.5478579702272417,-0.13504208345475988,0.8935238353353367,,,,,0.0,,,,,,,,,,,,0,,,,,,,,,,,,,,,,"23920,23921,23922,23923,23924,23925"
1,302,23927,23949,"1074,1075",1074,1,0.7272727272727273,0,0,1,1,252,,,23935,,,0.0,23946,-0.8822453969066508,10.242863423082817,0.038931631501803565,0.6714060211824473,valley,267.0,435.0,16.0,26.0,104.0,547.0,19.0,22.0,23942,23947,0,,,,,,,,,,,,,,,,"23927,23928,23929,23930,23931,23932,23933,23934,23935,23936,23937,23938,23939,23940,23941,23942,23943,23944,23945,23946,23947,23949"
0,303,23971,24008,"1076,1077",1077,0,0.0,0,0,1,1,253,,,,,,0.0,23998,0.4662622260147611,11.924047145692654,0.11356823346907063,0.2745845940043943,valley,,,,,,,,,23994,23999,0,,,,,,,,,,,,,,,,"23971,23972,23973,23974,23975,23976,23977,23978,23979,23980,23981,23982,23983,23984,23985,23986,23987,23988,23989,23990,23991,23992,23993,23994,23995,23996,23997,23998,23999,23990,23991,23992,23993,23994,23995,23996,23997,23998,23999,24000,24001,24002,24003,24004,24008"
0,304,24040,24072,"1080,1082",1080,1,0.375,1,0,1,1,254,,,24067,2.7032589897382318,5.418047455618614,0.947806586887705,,,,,0.0,,,,,,,,,,,,0,,,,,,,,,,,,,,,,"24040,24041,24042,24043,24044,24045,24046,24047,24048,24049,24050,24051,24052,24053,24054,24055,24056,24057,24058,24059,24060,24061,24062,24063,24064,24065,24066,24067,24068,24069,24070,24071,24072"
1,305,24192,24221,1086,1086,1,0.7333333333333333,0,0,1,1,255,,,24203,,,0.0,24217,1.3054061639711634,12.403077831410084,0.21084641850462482,0.6639907362450082,valley,385.0,622.0,16.0,26.0,374.0,705.0,16.0,26.0,24213,24218,0,,,,,,,,,,,,,,,,"24192,24193,24194,24195,24196,24197,24198,24199,24200,24201,24202,24203,24204,24205,24206,24207,24208,24209,24210,24211,24212,24213,24214,24215,24216,24217,24218,24219,24220,24221"
1,306,24222,24255,"1086,1090,1088",1090,1,0.9375,0,0,1,1,256,,,24241,,,0.0,24248,1.8074173542793979,3.1757523579770996,0.05777735876588963,0.6605985464667495,valley,691.0,221.0,19.0,26.0,500.0,225.0,19.0,26.0,24244,24249,0,,,,,,,,,,,,,,,,"24222,24223,24226,24227,24228,24229,24230,24231,24232,24233,24234,24235,24236,24237,24238,24239,24240,24241,24242,24243,24244,24245,24246,24247,24248,24249,24250,24251,24252,24253,24254,24255"
0,307,24272,24290,"1091,1092",1092,1,0.8888888888888888,0,0,1,1,257,,,24283,2.8158864328543225,9.594411394865219,0.9487154933219091,,,,,0.0,,,,,,,,,,,,0,,,,,,,,,,,,,,,,"24272,24273,24274,24275,24276,24277,24278,24279,24280,24281,24282,24283,24284,24285,24286,24287,24288,24289,24290"
1,308,24304,24319,1093,1093,0,0.0,0,0,1,1,258,,,,,,0.0,24317,0.6903606286115522,8.34933407260212,-0.12509335724293802,0.5744273918223962,valley,514.0,367.0,22.0,30.0,376.0,405.0,19.0,30.0,24313,24319,0,,,,,,,,,,,,,,,,"24304,24305,24306,24307,24308,24309,24310,24311,24312,24313,24314,24315,24316,24317,24318,24319"
0,309,24352,24375,"1094,1095",1095,1,0.6363636363636364,0,0,1,1,259,,,24360,4.299448183149187,0.7786894508163638,0.9527262422650178,,,,,0.0,,,,,,,,,,,,0,,,,,,,,,,,,,,,,"24352,24354,24355,24356,24357,24358,24359,24360,24361,24362,24363,24364,24365,24366,24367,24368,24369,24370,24371,24372,24373,24374,24375"
1,310,24495,24520,1104,1104,1,0.6923076923076923,0,0,1,1,260,,,24504,,,0.0,24518,2.0564501769417847,12.233871274859226,0.13462737098550015,0.6210422218146121,valley,523.0,622.0,16.0,26.0,531.0,667.0,14.0,22.0,24514,24519,0,,,,,,,,,,,,,,,,"24495,24496,24497,24498,24499,24500,24501,24502,24503,24504,24505,24506,24507,24508,24509,24510,24511,24512,24513,24514,24515,24516,24517,24518,24519,24520"
1,311,24521,24562,"1104,1107,1105,1106",1104,1,1.0,0,0,1,1,261,,,24540,,,0.0,24560,3.013112212380908,1.4006326526420239,0.4458322086237949,0.7390626745911034,valley,779.0,172.0,16.0,26.0,565.0,161.0,28.0,26.0,24556,24561,0,,,,,,,,,,,,,,,,"24521,24522,24523,24524,24525,24526,24528,24529,24530,24531,24532,24533,24534,24535,24536,24537,24538,24539,24540,24541,24542,24543,24544,24545,24546,24547,24548,24549,24550,24551,24552,24557,24558,24559,24560,24561,24562"
0,312,24576,24596,1108,1108,1,0.4,0,0,1,1,262,,,24593,0.5757275274532341,10.143951266012126,0.9394450021294105,,,,,0.0,,,,,,,,,,,,0,,,,,,,,,,,,,,,,"24576,24577,24578,24579,24580,24581,24582,24583,24584,24585,24586,24587,24588,24589,24590,24591,24592,24593,24594,24595,24596"
1,313,24597,24615,"1108,1109,1110,1114,1111",1110,1,0.375,0,0,1,1,263,,,24603,,,0.0,24614,-0.9256299772838421,0.6472883466787316,-0.23365484746057152,0.5,ground_hit_fallback,568.0,202.0,19.0,26.0,345.0,221.0,8.0,15.0,24610,24615,0,,,,,,,,,,,,,,,,"24597,24598,24599,24603,24604,24605,24606,24607,24608,24609,24610,24611,24612,24613,24614,24615"
0,314,24824,24847,"1117,1119,1118,1120",1119,0,0.0,0,0,1,1,264,,,,3.3277448699554593,0.1812585840597929,0.930496225650573,,,,,0.0,,,,,,,,,,,,1,24851,3.3072998478917612,-2.439948190818022,0.09789246699318283,end_flight_fallback,,,779.0,127.0,22.0,26.0,556.0,116.0,19.0,22.0,"24824,24825,24826,24827,24828,24829,24832,24833,24834,24835,24836,24837,24838,24839,24840,24841,24842,24843,24844,24845,24846,24847"
1,315,25072,25079,"1126,1127,1128",1127,0,0.0,0,0,1,1,265,,,,4.437010040472939,0.06311976167606126,0.9135510749464073,25079,4.494936625051535,-0.5286163666869612,0.22585937360002184,0.5,ground_hit_fallback,863.0,161.0,19.0,26.0,646.0,146.0,16.0,22.0,25075,25080,0,,,,,,,,,,,,,,,,"25072,25074,25075,25076,25077,25078,25079"
1,316,25400,25427,"1129,1130,1132",1130,1,1.0,0,0,1,1,266,,,25413,,,0.0,25421,2.0088596245276693,10.522509764520867,0.07516062892594988,0.7458600392021087,valley,587.0,472.0,19.0,26.0,520.0,495.0,16.0,41.0,25417,25423,0,,,,,,,,,,,,,,,,"25400,25401,25402,25403,25404,25405,25406,25407,25408,25409,25410,25411,25412,25413,25415,25416,25417,25418,25419,25420,25421,25422,25423,25424,25425,25426,25427"
1,317,25428,25463,"1130,1135,1134,1136",1135,1,1.0,0,0,1,1,267,,,25448,,,0.0,25460,3.646999869536008,3.210649568690293,0.27707442755199807,0.5067930793709248,valley,815.0,210.0,16.0,26.0,624.0,195.0,16.0,22.0,25456,25461,0,,,,,,,,,,,,,,,,"25428,25429,25434,25435,25436,25437,25438,25439,25440,25441,25442,25443,25444,25445,25446,25447,25448,25449,25450,25451,25452,25453,25454,25455,25456,25457,25458,25459,25460,25461,25462,25463"
0,318,25472,25492,"1137,1138",1138,1,0.5,0,0,1,1,268,,,25488,2.2678477457362094,9.783797283713199,0.9307802872306148,,,,,0.0,,,,,,,,,,,,0,,,,,,,,,,,,,,,,"25472,25473,25474,25475,25476,25477,25478,25479,25480,25481,25482,25483,25484,25485,25486,25487,25488,25489,25490,25491,25492"
1,319,25493,25518,"1138,1139,1140,1141,1142,1143",1141,1,0.5454545454545454,0,0,1,1,269,,,25500,,,0.0,25511,6.4302141288700945,4.610204667943691,0.10421564492921576,0.7393538682139607,valley,1029.0,247.0,28.0,30.0,829.0,210.0,36.0,30.0,25507,25512,0,,,,,,,,,,,,,,,,"25493,25494,25495,25496,25497,25498,25500,25501,25503,25504,25505,25506,25507,25508,25509,25510,25511,25512,25513,25515,25516,25517,25518"
0,320,25953,25959,1150,1150,0,0.0,0,0,0,0,,,low_displacement,,1.4261625055042004,14.673505564824547,0.9139659996555036,,,,,0.0,,,,,,,,,,,,0,,,,,,,,,,,,,,,,"25953,25954,25955,25956,25957,25958,25959"
1,321,25990,26015,"1153,1157",1153,1,0.6153846153846154,0,0,1,1,270,,,25998,,,0.0,26008,1.584344666820835,10.761126273545413,0.1905833506520711,0.6586260256256734,valley,,,,,,,,,26004,26009,0,,,,,,,,,,,,,,,,"25990,25991,25992,25993,25994,25995,25996,25997,25998,25999,26000,26001,26002,26003,26004,26005,26006,26007,26008,26009,26010,26011,26012,26013,26014,26015"
1,322,26016,26052,"1157,1156,1158",1157,1,1.0,0,0,1,1,271,,,26036,,,0.0,26051,2.5368463080620525,1.3733094001558328,0.011479452374461019,0.5,ground_hit_fallback,742.0,195.0,30.0,26.0,551.0,198.0,14.0,15.0,26047,26053,0,,,,,,,,,,,,,,,,"26016,26019,26020,26021,26022,26023,26024,26025,26026,26027,26028,26029,26030,26031,26032,26033,26034,26035,26036,26037,26038,26039,26040,26041,26042,26043,26044,26045,26046,26047,26048,26049,26050,26051,26052"
0,323,26072,26089,1159,1159,1,0.5555555555555556,0,0,1,1,272,,,26085,2.629065281697193,9.053482295109001,0.9633543946487559,,,,,0.0,,,,,,,,,,,,0,,,,,,,,,,,,,,,,"26072,26073,26074,26075,26076,26077,26078,26079,26080,26081,26082,26083,26084,26085,26086,26087,26088,26089"
0,324,26095,26103,1160,1160,0,0.0,0,0,1,1,273,,,26096,0.877404129178377,2.097831736580887,0.8846335831251291,,,,,0.0,,,,,,,,,,,,0,,,,,,,,,,,,,,,,"26095,26096,26097,26098,26099,26100,26101,26102,26103"
1,325,26113,26127,"1163,1161,1162,1164",1163,0,0.0,0,0,1,1,274,,,,0.29374914336470104,-0.057528441749068016,0.7636439104290081,26118,0.8305356894617248,0.9762300708036236,-0.05683294191988608,0.7166108951705343,valley,658.0,202.0,11.0,11.0,444.0,202.0,19.0,22.0,26114,26119,1,26130,-0.0986599849795855,-2.458616647971675,0.03309795535820395,end_flight_fallback,,,641.0,165.0,16.0,18.0,416.0,168.0,14.0,18.0,"26113,26114,26115,26116,26117,26118,26119,26120,26121,26122,26123,26124,26125,26126,26127"
0,326,26144,26161,"1166,1165",1166,1,0.6666666666666666,0,0,1,1,275,,,26156,3.3995515100850824,8.944352041781482,0.924412426060102,,,,,0.0,,,,,,,,,,,,0,,,,,,,,,,,,,,,,"26144,26145,26146,26147,26148,26149,26150,26151,26152,26153,26154,26155,26156,26157,26158,26159,26160,26161"
1,327,26164,26183,"1167,1168",1167,0,0.0,0,0,1,1,276,,,26165,,,0.0,26176,-0.06715585506223087,3.5667052726373356,-0.042153327337560054,0.6935346373458809,valley,568.0,232.0,16.0,22.0,368.0,255.0,14.0,22.0,26172,26177,0,,,,,,,,,,,,,,,,"26164,26165,26166,26167,26168,26169,26170,26171,26172,26173,26174,26175,26176,26177,26178,26179,26180,26181,26182,26183"
1,328,27400,27442,"1176,1178,1177",1178,1,0.2857142857142857,0,0,1,1,277,,,27406,,,0.0,27419,2.337854916581182,9.317313297360043,-0.04113296550894763,0.7297262887484175,valley,658.0,416.0,19.0,22.0,559.0,427.0,19.0,26.0,27415,27420,1,27440,2.410750413229592,12.939176291393162,0.09320745162296618,end_flight_fallback,,,548.0,735.0,16.0,30.0,607.0,757.0,16.0,33.0,"27400,27401,27402,27403,27404,27405,27406,27407,27408,27409,27410,27411,27412,27413,27414,27415,27416,27417,27418,27419,27420,27421,27422,27423,27424,27425,27426,27427,27428,27429,27430,27431,27432,27433,27434,27435,27436,27437,27438,27439,27440,27441,27442"
0,329,27448,27456,1179,1179,0,0.0,0,0,0,0,,,low_displacement,,2.1782454385123398,12.988643236751248,0.9005431016509793,,,,,0.0,,,,,,,,,,,,0,,,,,,,,,,,,,,,,"27448,27449,27450,27451,27452,27453,27456"
0,330,27464,27472,1180,1180,0,0.0,0,0,1,1,278,,,,2.507381208145322,14.877596100580112,0.9121872461509357,,,,,0.0,,,,,,,,,,,,0,,,,,,,,,,,,,,,,"27464,27465,27466,27467,27468,27469,27472"
0,331,27496,27511,1182,1182,0,0.0,0,0,0,0,,,low_displacement,,1.9198191130977107,14.149561301755162,0.7454754216049292,,,,,0.0,,,,,,,,,,,,0,,,,,,,,,,,,,,,,"27496,27497,27498,27499,27500,27501,27502,27503,27504,27505,27507,27508,27509,27510,27511"
1,332,27560,27586,"1184,1185,1186",1185,1,0.7692307692307693,0,0,1,1,279,,,27577,4.009788355607787,2.5098434330995794,0.9248631598774365,27586,3.9572614291831965,2.550347488439378,0.046591910061920316,0.5,ground_hit_fallback,835.0,210.0,16.0,30.0,644.0,202.0,14.0,18.0,27582,27587,0,,,,,,,,,,,,,,,,"27560,27561,27562,27563,27564,27566,27567,27568,27569,27570,27571,27572,27573,27574,27575,27576,27577,27578,27579,27580,27581,27582,27583,27584,27585,27586"
1,333,27600,27632,"1187,1188",1187,1,0.8125,0,0,1,1,280,,,27613,,,0.0,27631,1.8711056672617383,12.314253809146289,0.14840588220927575,0.5,ground_hit_fallback,486.0,630.0,16.0,26.0,492.0,678.0,19.0,22.0,27627,27632,0,,,,,,,,,,,,,,,,"27600,27601,27602,27603,27604,27605,27606,27607,27608,27609,27610,27611,27612,27613,27614,27615,27616,27617,27618,27619,27620,27621,27622,27623,27624,27625,27626,27627,27628,27629,27630,27631,27632"
1,334,27637,27674,"1189,1190",1190,1,0.5789473684210527,0,0,1,1,281,,,27663,,,0.0,27669,3.6689248156169483,5.3045142656626325,0.6177516545519293,0.6644820559827742,valley,815.0,221.0,25.0,22.0,638.0,210.0,28.0,22.0,27665,27670,0,,,,,,,,,,,,,,,,"27637,27638,27639,27640,27641,27642,27643,27644,27645,27646,27647,27648,27649,27650,27651,27652,27653,27654,27655,27656,27657,27658,27659,27660,27661,27662,27663,27664,27665,27666,27667,27668,27669,27670,27671,27672,27673,27674"
0,335,27675,27687,1190,1190,1,0.3333333333333333,0,0,1,1,282,,,27677,0.6355620421537274,11.511067483870857,0.9223075631299074,,,,,0.0,,,,,,,,,,,,0,,,,,,,,,,,,,,,,"27675,27676,27677,27678,27679,27680,27681,27682,27684,27685,27686,27687"
1,336,27695,27716,"1193,1191,1192,1194",1193,1,0.9090909090909091,0,0,1,1,283,,,27705,2.5539323893610857,4.460011730033659,0.8904310165339263,27714,2.2048148814190345,5.039922828801178,0.5996410896976876,0.5253813809374926,valley,697.0,217.0,30.0,26.0,520.0,221.0,22.0,18.0,27710,27715,0,,,,,,,,,,,,,,,,"27695,27696,27697,27698,27699,27700,27701,27702,27703,27704,27705,27706,27707,27708,27709,27710,27711,27712,27713,27714,27715,27716"
1,337,27717,27744,"1194,1197,1195,1196,1198",1198,1,0.21052631578947367,0,0,1,1,284,,,27720,,,0.0,27741,-0.6679792924171721,10.202373349092,0.0639224211641718,0.7497058503595847,valley,,,,,,,,,27737,27742,0,,,,,,,,,,,,,,,,"27717,27718,27719,27720,27721,27722,27723,27724,27725,27726,27727,27728,27729,27730,27731,27732,27733,27734,27735,27736,27737,27738,27739,27740,27741,27742,27743,27734,27735,27736,27737,27738,27739,27740,27741,27742,27743,27744"
1,338,28044,28071,"1201,1202,1203,1204,1205",1202,1,0.7692307692307693,0,0,1,1,285,,,28055,,,0.0,28065,2.081551553541768,2.18005602319608,-0.012065472201387983,0.6641068431533832,valley,717.0,206.0,19.0,33.0,520.0,206.0,19.0,30.0,28061,28066,0,,,,,,,,,,,,,,,,"28044,28045,28047,28048,28049,28050,28051,28052,28053,28054,28055,28056,28057,28058,28059,28060,28061,28062,28063,28064,28065,28066,28067,28068,28069,28071"
1,339,28080,28111,"1207,1211",1207,1,0.8,0,0,1,1,286,,,28093,,,0.0,28104,4.2707602294509925,10.354944734428997,0.008195015658920113,0.700974496384511,valley,894.0,487.0,16.0,33.0,812.0,446.0,25.0,30.0,28100,28105,0,,,,,,,,,,,,,,,,"28080,28081,28082,28084,28085,28086,28087,28088,28089,28090,28091,28092,28093,28094,28095,28096,28097,28098,28099,28100,28101,28102,28103,28104,28105,28106,28107,28108,28109,28110,28111"
0,340,28115,28138,"1211,1217,1213",1217,0,0.0,0,0,1,1,287,,,28138,2.11572886207303,4.107431844831834,0.9390711368971271,,,,,0.0,,,,,,,,,,,,0,,,,,,,,,,,,,,,,"28115,28116,28117,28119,28120,28121,28122,28123,28124,28125,28126,28127,28128,28129,28130,28131,28132,28133,28134,28135,28136,28138"
0,341,28139,28152,"1217,1216,1219,1218",1219,1,0.6,0,0,1,1,288,,,28143,4.993508789724315,10.33265711128522,0.8914153769626608,,,,,0.0,,,,,,,,,,,,0,,,,,,,,,,,,,,,,"28139,28143,28144,28145,28146,28147,28148,28149,28150,28151,28152"
0,342,28164,28186,"1223,1224,1226",1226,1,0.7272727272727273,0,0,1,1,289,,,28179,3.3416587414557535,3.993853954594912,0.9401506300170006,,,,,0.0,,,,,,,,,,,,0,,,,,,,,,,,,,,,,"28164,28165,28166,28167,28168,28169,28170,28171,28172,28173,28174,28175,28176,28177,28178,28179,28180,28181,28182,28183,28184,28185,28186"
1,343,28187,28203,"1226,1225,1228",1228,1,0.375,0,0,1,1,290,,,28190,3.5736884924890737,13.35869644101993,0.7257202161379441,28198,3.7548542095226027,9.845405366994846,0.7470610579202699,0.6514860295427478,valley,835.0,367.0,8.0,15.0,739.0,348.0,8.0,15.0,28194,28199,0,,,,,,,,,,,,,,,,"28187,28188,28189,28190,28191,28192,28193,28194,28195,28196,28197,28198,28199,28200,28201,28202,28203"
0,344,28204,28231,"1228,1230,1229",1230,0,0.0,0,0,1,1,291,,,,1.6505952673183115,6.888796837878022,0.9668906015911152,,,,,0.0,,,,,,,,,,,,0,,,,,,,,,,,,,,,,"28204,28205,28206,28207,28208,28209,28210,28211,28212,28213,28214,28215,28216,28217,28218,28219,28220,28221,28222,28223,28214,28215,28216,28217,28218,28219,28220,28221,28222,28223,28224,28225,28226,28227,28228,28229,28230,28231"
0,345,28336,28350,"1232,1231,1234",1232,1,0.7142857142857143,1,0,1,1,292,,,28340,2.354483848403321,2.523955580132652,0.8928083258627055,,,,,0.0,,,,,,,,,,,,0,,,,,,,,,,,,,,,,"28336,28337,28338,28339,28340,28341,28342,28343,28344,28345,28346,28347,28348,28349,28350"
1,346,28351,28391,"1234,1233,1236,1235,1237,1238,1239",1234,0,0.0,0,0,1,1,293,,,,,,0.0,28372,1.9235628386089074,1.6111663808190357,0.04244130398437029,0.7615731274221267,valley,714.0,202.0,19.0,26.0,511.0,202.0,5.0,7.0,28368,28373,0,,,,,,,,,,,,,,,,"28351,28352,28353,28354,28355,28356,28357,28358,28359,28360,28361,28362,28363,28364,28365,28366,28367,28368,28369,28370,28371,28372,28375,28376,28377,28378,28379,28380,28384,28385,28386,28388,28389,28390,28391"
1,347,28619,28642,"1245,1246",1245,1,0.5833333333333334,0,0,1,1,294,,,28626,,,0.0,28637,4.607998233641537,10.582144631444493,-0.19290944088857742,0.7342802940380739,valley,939.0,532.0,22.0,30.0,863.0,480.0,22.0,26.0,28633,28638,0,,,,,,,,,,,,,,,,"28619,28620,28621,28622,28623,28624,28625,28626,28627,28628,28629,28630,28631,28632,28633,28634,28635,28636,28637,28638,28639,28640,28641,28642"
1,348,28648,28679,"1246,1247,1250,1248,1249,1251",1250,1,0.8,0,0,1,1,295,,,28661,,,0.0,28670,2.807263638786096,3.2254112462271536,-0.03355063662330515,0.6875851739003667,valley,745.0,225.0,42.0,33.0,570.0,221.0,19.0,30.0,28666,28671,1,28684,2.176155123865045,0.827088901623501,0.2735586036991622,cross_next_flight,,,736.0,180.0,19.0,26.0,531.0,172.0,16.0,22.0,"28648,28649,28650,28652,28653,28654,28655,28656,28657,28658,28659,28660,28661,28662,28663,28664,28665,28666,28667,28668,28669,28670,28671,28672,28674,28675,28676,28677,28678,28679"
0,349,28688,28693,1255,1255,0,0.0,0,0,1,1,296,,,,1.2031264900057401,13.116683473777664,0.8783346422422746,,,,,0.0,,,,,,,,,,,,0,,,,,,,,,,,,,,,,"28688,28689,28690,28691,28692,28693"
0,350,28704,28714,"1259,1257,1258",1259,1,0.4,1,0,1,1,297,,,28705,3.788080140880736,7.200793456900995,0.927499367758746,28712,3.545803727451573,6.689532140585861,-0.014783896971158228,0.49309452375712703,valley,801.0,311.0,19.0,26.0,655.0,300.0,19.0,22.0,28708,28713,1,28712,3.545803727451573,6.689532140585861,-0.014783896971158228,within_flight,,,801.0,311.0,19.0,26.0,655.0,300.0,19.0,22.0,"28704,28705,28706,28707,28708,28709,28710,28711,28712,28713,28714"
0,351,28768,28783,"1263,1264",1264,0,0.0,1,0,0,0,,,low_peak_z,28771,,,0.0,,,,,0.0,,,,,,,,,,,,0,,,,,,,,,,,,,,,,"28768,28769,28770,28771,28772,28773,28774,28775,28776,28777,28778,28779,28782,28783"
0,352,28789,28809,"1269,1272,1271,1273,1274,1276",1272,0,0.0,0,0,1,1,298,,,,1.2486350686292078,14.943606322994448,0.605899511317898,,,,,0.0,,,,,,,,,,,,0,,,,,,,,,,,,,,,,"28789,28790,28791,28792,28793,28794,28795,28800,28801,28806,28809"
0,353,28817,28829,"1277,1278,1280,1279",1280,1,0.4,1,0,1,1,299,,,28822,,,0.0,28826,7.012625254821565,5.338555299166899,-0.18340373988016268,0.4072460770460773,valley,1091.0,292.0,22.0,26.0,897.0,247.0,19.0,22.0,28822,28827,0,,,,,,,,,,,,,,,,"28817,28820,28822,28823,28824,28825,28826,28827,28828,28829"
0,354,28833,28842,"1284,1285",1284,0,0.0,0,0,1,1,300,,,,5.026535615718598,6.3135956403768425,0.866819267016006,28836,6.395093745460159,4.724111449049985,-0.006608109208460888,0.34629965813009145,valley,1032.0,262.0,16.0,22.0,835.0,225.0,22.0,26.0,28832,28837,0,,,,,,,,,,,,,,,,"28833,28834,28835,28836,28837,28838,28839,28840,28841,28842"
0,355,28848,28871,"1287,1286,1290,1291",1287,0,0.0,0,0,1,1,301,,,,,,0.0,28858,5.6860007648051045,1.7030412291546213,-0.19411937324480277,0.47337047034443247,valley,942.0,217.0,16.0,22.0,739.0,195.0,14.0,18.0,28854,28859,0,,,,,,,,,,,,,,,,"28848,28849,28850,28851,28852,28853,28854,28855,28856,28857,28858,28859,28860,28861,28862,28863,28864,28866,28867,28868,28869,28870,28871"
0,356,29096,29101,"1294,1295",1294,0,0.0,0,0,0,0,,,low_displacement,,4.17563560450427,0.15595869114592076,0.8376417496877726,,,,,0.0,,,,,,,,,,,,0,,,,,,,,,,,,,,,,"29096,29097,29098,29099,29100,29101"
0,357,29176,29181,"1304,1303",1304,0,0.0,0,0,0,0,,,low_displacement,,4.1129991036359925,0.41868687052654197,0.8822634368271318,,,,,0.0,,,,,,,,,,,,0,,,,,,,,,,,,,,,,"29176,29177,29178,29179,29180,29181"
0,358,29256,29263,1307,1307,0,0.0,0,0,0,0,,,low_displacement,,4.277262429761278,0.06663819845140939,0.9120715906875179,,,,,0.0,,,,,,,,,,,,0,,,,,,,,,,,,,,,,"29256,29257,29258,29259,29260,29261,29262,29263"
0,359,29400,29407,1315,1315,0,0.0,0,0,1,1,302,,,,4.527754712736237,-2.1282298289224055,0.9241036974771478,,,,,0.0,,,,,,,,,,,,0,,,,,,,,,,,,,,,,"29400,29401,29402,29403,29404,29405,29406,29407"
1,360,30080,30104,"1316,1317,1318,1319",1316,1,0.5833333333333334,0,0,1,1,303,,,30087,,,0.0,30098,1.5566109283751604,11.49472234575632,0.20823048469245453,0.6001917777552428,valley,483.0,532.0,16.0,22.0,438.0,581.0,16.0,22.0,30094,30099,0,,,,,,,,,,,,,,,,"30080,30081,30082,30083,30084,30085,30086,30087,30088,30089,30090,30092,30093,30094,30095,30096,30097,30098,30099,30100,30101,30102,30103,30104"
1,361,30106,30133,"1319,1320,1322",1320,1,1.0,0,0,1,1,304,,,30120,,,0.0,30130,2.4072719592198677,1.6369537160654062,-0.06399388651571591,0.7728326768792967,valley,736.0,206.0,22.0,26.0,540.0,202.0,16.0,26.0,30126,30131,0,,,,,,,,,,,,,,,,"30106,30108,30109,30110,30111,30112,30113,30114,30115,30116,30117,30118,30119,30120,30121,30122,30123,30124,30125,30126,30127,30128,30129,30130,30131,30132,30133"
1,362,30144,30187,"1325,1324,1326",1325,1,0.8181818181818182,0,0,1,1,305,,,30162,,,0.0,30168,2.8568711668811546,7.895497514426157,-0.09407389182298687,0.6845421646375925,valley,728.0,352.0,22.0,26.0,604.0,348.0,22.0,52.0,30164,30169,0,,,,,,,,,,,,,,,,"30144,30145,30146,30147,30148,30149,30150,30151,30152,30153,30154,30155,30156,30157,30158,30159,30160,30161,30162,30163,30164,30165,30166,30167,30168,30169,30170,30171,30172,30173,30174,30175,30176,30177,30178,30179,30180,30181,30182,30183,30184,30185,30186,30187"
1,363,30188,30223,"1327,1328,1329",1327,1,0.6666666666666666,0,0,1,1,306,,,30200,2.8672923760413154,1.3298096834402147,0.946193201615722,30223,2.848157299663649,1.7721751505310266,0.40592491468668257,0.5,ground_hit_fallback,767.0,180.0,19.0,26.0,562.0,168.0,19.0,26.0,30219,30223,0,,,,,,,,,,,,,,,,"30188,30189,30190,30191,30192,30193,30194,30195,30196,30197,30198,30199,30200,30201,30202,30203,30204,30205,30206,30207,30208,30209,30210,30211,30212,30213,30214,30215,30216,30217,30218,30219,30220,30221,30222,30223"
0,364,30281,30287,"1334,1333,1335",1334,0,0.0,0,0,0,0,,,low_displacement,,4.454725992833658,-0.11937402211880899,0.8821592595825896,,,,,0.0,,,,,,,,,,,,1,30289,4.543394848911813,-1.0576992128908245,0.0,end_flight_fallback,,,863.0,153.0,16.0,26.0,644.0,135.0,19.0,26.0,"30281,30282,30283,30284,30285,30286,30287"
1,365,30368,30396,1336,1336,1,0.6428571428571429,0,0,1,1,307,,,30377,,,0.0,30389,1.8113416066859656,11.695878619074739,0.1561762334084844,0.6910744859095301,valley,509.0,551.0,25.0,37.0,483.0,603.0,16.0,26.0,30385,30390,0,,,,,,,,,,,,,,,,"30368,30369,30370,30371,30372,30373,30374,30375,30376,30377,30378,30379,30380,30381,30382,30383,30384,30385,30386,30387,30388,30389,30390,30391,30392,30394,30395,30396"
1,366,30397,30420,"1336,1337,1340",1340,1,0.9,0,0,1,1,308,,,30412,3.9206700394231215,1.470933301263548,0.9459094587170884,30420,3.6141977778990566,3.2370778462894236,0.4678103081019813,0.5,ground_hit_fallback,812.0,198.0,22.0,22.0,624.0,187.0,8.0,11.0,30416,30421,0,,,,,,,,,,,,,,,,"30397,30398,30399,30400,30401,30402,30404,30408,30409,30410,30411,30412,30413,30414,30415,30416,30417,30418,30419,30420"
0,367,30433,30453,"1346,1345",1346,1,0.7,0,0,1,1,309,,,30447,0.5349494491817444,13.412198123122913,0.9305670244030514,,,,,0.0,,,,,,,,,,,,0,,,,,,,,,,,,,,,,"30433,30434,30435,30436,30437,30438,30439,30440,30441,30442,30443,30444,30445,30446,30447,30448,30449,30450,30451,30452,30453"
0,368,30454,30463,1347,1347,1,0.8,0,0,1,1,310,,,30458,2.938508958347058,2.186738540031734,0.9469852021225798,,,,,0.0,,,,,,,,,,,,1,30466,2.85233357136186,2.4310158712416516,0.04293170928074311,cross_next_flight,,,745.0,198.0,22.0,26.0,556.0,195.0,16.0,22.0,"30454,30455,30456,30457,30458,30459,30460,30461,30462,30463"
0,369,30480,30503,"1348,1349",1348,1,0.8,0,0,1,1,311,,,30492,2.762455486501917,9.513709523362568,0.6817326792541459,,,,,0.0,,,,,,,,,,,,1,30499,2.8468514525125888,8.23347622388961,0.04197512298200595,end_flight_fallback,,,739.0,270.0,19.0,33.0,599.0,270.0,19.0,30.0,"30480,30481,30482,30483,30484,30485,30486,30487,30488,30489,30490,30491,30492,30493,30494,30495,30500,30501,30502,30503"
0,370,30505,30511,"1351,1350",1351,0,0.0,0,0,1,1,312,,,,2.5905291147295495,0.7535028674732862,0.9184262168600892,,,,,0.0,,,,,,,,,,,,0,,,,,,,,,,,,,,,,"30505,30506,30507,30508,30509,30510,30511"
0,371,30528,30548,"1354,1352,1353,1355",1354,0,0.0,0,0,1,1,313,,,,2.16933577207852,7.1339318776332075,0.9230201330199219,,,,,0.0,,,,,,,,,,,,0,,,,,,,,,,,,,,,,"30528,30529,30530,30531,30532,30533,30534,30535,30536,30537,30538,30539,30540,30541,30542,30543,30544,30545,30546,30547,30548"
0,372,30648,30655,"1356,1357",1357,0,0.0,0,0,1,1,314,,,,2.107115548522708,3.702552732643614,0.8924826723881405,,,,,0.0,,,,,,,,,,,,1,30658,1.996402158487768,3.1559983819986765,0.0,end_flight_fallback,,,705.0,225.0,16.0,26.0,517.0,225.0,14.0,18.0,"30648,30649,30652,30653,30654,30655"
0,373,30686,30709,"1358,1363,1359,1360,1361,1362",1363,0,0.0,0,0,1,1,315,,,,3.792970597860795,0.7893909301370623,0.9484479055893504,,,,,0.0,,,,,,,,,,,,0,,,,,,,,,,,,,,,,"30686,30687,30688,30689,30690,30691,30692,30693,30694,30695,30696,30697,30698,30699,30700,30701,30702,30703,30704,30705,30706,30707,30708,30709"
0,374,30744,30751,1366,1366,0,0.0,0,0,0,0,,,low_displacement,,1.4033154343663705,14.599740840632155,0.9186445814777706,,,,,0.0,,,,,,,,,,,,0,,,,,,,,,,,,,,,,"30744,30745,30746,30747,30748,30750,30751"
1,375,30792,30823,"1367,1369,1368,1370,1371,1374,1373",1374,1,0.8666666666666667,0,0,1,1,316,,,30805,,,0.0,30814,2.541667495686774,10.511084311253944,-0.06415308837302014,0.7085614099539961,valley,,,,,,,,,30810,30815,1,30824,2.3007318671635577,13.540869604443097,0.7742136656352816,cross_next_flight,,,455.0,742.0,22.0,30.0,568.0,783.0,19.0,26.0,"30792,30793,30794,30795,30796,30797,30798,30799,30800,30801,30802,30803,30804,30805,30807,30808,30809,30810,30811,30812,30813,30814,30815,30816,30817,30818,30819,30820,30821,30822,30823"
1,376,30824,30855,"1374,1379,1377",1379,1,1.0,0,0,1,1,317,,,30840,,,0.0,30852,3.668061342358974,0.952559118381771,0.1687672674912104,0.6406794975696434,valley,818.0,183.0,16.0,22.0,610.0,168.0,19.0,22.0,30848,30853,0,,,,,,,,,,,,,,,,"30824,30825,30826,30827,30828,30829,30830,30831,30832,30833,30834,30835,30836,30837,30838,30839,30840,30841,30842,30843,30844,30845,30846,30847,30848,30849,30850,30851,30852,30853,30854,30855"
0,377,30864,30886,1380,1380,1,0.6363636363636364,0,0,1,1,318,,,30880,1.4422577054370724,12.081485126204608,0.9326965564880658,,,,,0.0,,,,,,,,,,,,0,,,,,,,,,,,,,,,,"30864,30865,30866,30867,30868,30869,30870,30871,30872,30873,30874,30875,30876,30877,30878,30879,30880,30881,30882,30883,30884,30885,30886"
1,378,30887,30911,"1380,1381,1385,1386,1387",1380,1,0.42857142857142855,0,0,1,1,319,,,30893,,,0.0,30906,3.3863354787633217,0.5698950451373292,0.32273057422291274,0.679532320786679,valley,,,,,,,,,30902,30907,0,,,,,,,,,,,,,,,,"30887,30888,30889,30890,30891,30892,30893,30894,30895,30896,30897,30898,30899,30900,30901,30902,30903,30904,30905,30906,30907,30908,30909,30911,30906,30907,30908,30909,30911"
0,379,30929,30934,1390,1390,1,0.6666666666666666,0,0,1,1,320,,,30933,3.075808646669457,12.93031756800098,0.892268962960028,,,,,0.0,,,,,,,,,,,,0,,,,,,,,,,,,,,,,"30929,30930,30931,30932,30933,30934"
0,380,30943,30950,1393,1393,0,0.0,0,0,0,0,,,low_displacement,,3.3542939544977464,13.910387929049222,0.910064947180875,,,,,0.0,,,,,,,,,,,,0,,,,,,,,,,,,,,,,"30943,30944,30945,30946,30947,30948,30949,30950"
0,381,30967,30996,"1399,1396,1397,1400",1399,1,0.5714285714285714,1,0,1,1,321,,,30988,,,0.0,,,,,0.0,,,,,,,,,,,,0,,,,,,,,,,,,,,,,"30967,30968,30969,30970,30971,30972,30973,30974,30975,30977,30978,30979,30980,30981,30982,30983,30984,30985,30986,30987,30988,30989,30990,30991,30992,30993,30994,30995,30996"
0,382,30997,31007,"1400,1401",1401,1,0.5,1,0,0,0,,,low_displacement,30998,3.868392096207964,6.574095113630154,0.9483068947772499,,,,,0.0,,,,,,,,,,,,1,31007,3.8192310953915367,6.809601262527423,0.37789795382303026,within_flight,,,,,,,,,,,"30997,30998,30999,31000,31001,31002,31003,31004,31005,31006,31007,30998,30999,31000,31001,31002,31003,31004,31005,31006,31007"
0,383,31219,31224,"1407,1408",1407,0,0.0,0,0,1,1,322,,,,7.271938505521481,8.05387506664763,0.8695076715532102,,,,,0.0,,,,,,,,,,,,0,,,,,,,,,,,,,,,,"31219,31220,31221,31222,31223,31224"
1,384,31320,31349,"1413,1414",1414,1,0.7333333333333333,1,0,1,1,323,,,31331,,,0.0,31338,2.0232828127746116,9.927900843282353,0.11299102612791057,0.6356683149522948,valley,607.0,431.0,19.0,22.0,523.0,450.0,14.0,30.0,31334,31339,1,31347,1.6165250671526303,12.458318878763404,0.6881996904234091,cross_next_flight,,,416.0,566.0,19.0,26.0,410.0,633.0,16.0,22.0,"31320,31321,31322,31323,31324,31325,31326,31327,31328,31329,31330,31331,31332,31333,31334,31335,31336,31337,31338,31339,31340,31341,31342,31343,31344,31345,31346,31347,31348,31349"
1,385,31350,31381,"1414,1419,1415,1418,1420",1419,1,0.9333333333333333,0,0,1,1,324,,,31365,,,0.0,31378,3.1544141311847023,2.102918668415981,0.23494955858712352,0.6680051498076546,valley,781.0,195.0,22.0,26.0,579.0,183.0,30.0,26.0,31374,31379,0,,,,,,,,,,,,,,,,"31350,31351,31352,31353,31354,31355,31356,31357,31358,31359,31360,31361,31363,31364,31365,31366,31367,31368,31369,31370,31371,31372,31373,31374,31375,31376,31377,31378,31379,31380,31381"
1,386,31392,31438,"1421,1423,1422,1426,1424,1425",1426,1,0.2608695652173913,0,0,1,1,325,,,31408,,,0.0,31415,2.184219659850334,8.640084270434674,0.6230890376326323,0.6974688654053176,valley,658.0,322.0,8.0,11.0,525.0,326.0,19.0,26.0,31411,31416,0,,,,,,,,,,,,,,,,"31392,31393,31394,31395,31396,31397,31398,31399,31400,31401,31402,31403,31404,31405,31406,31407,31408,31409,31410,31411,31412,31413,31414,31415,31416,31417,31418,31419,31420,31421,31422,31423,31424,31425,31426,31427,31428,31429,31430,31431,31432,31433,31434,31435,31436,31437,31438"
1,387,31439,31447,1426,1426,0,0.0,0,0,1,1,326,,,,2.243806981376668,0.13610135947368684,0.9553921099381815,31447,2.245410338661129,0.4051720166103294,0.21797594479786309,0.5,ground_hit_fallback,734.0,172.0,22.0,26.0,525.0,168.0,19.0,26.0,31443,31448,0,,,,,,,,,,,,,,,,"31439,31440,31441,31442,31443,31444,31445,31446,31447"
0,388,31552,31567,"1427,1428",1428,0,0.0,0,0,0,0,,,low_displacement,,3.51509199043853,14.105465330130809,0.8781339787026865,,,,,0.0,,,,,,,,,,,,0,,,,,,,,,,,,,,,,"31552,31554,31555,31556,31557,31558,31559,31560,31562,31563,31564,31565,31566,31567"
1,389,31664,31688,"1433,1436,1435",1436,1,0.5333333333333333,0,0,1,1,327,,,31672,,,0.0,31683,1.909640723998161,11.865914030411108,0.22284168241524593,0.6112997343425836,valley,517.0,570.0,19.0,26.0,497.0,611.0,16.0,26.0,31679,31684,0,,,,,,,,,,,,,,,,"31664,31665,31666,31667,31668,31669,31670,31671,31672,31673,31674,31675,31676,31677,31678,31679,31674,31675,31676,31677,31678,31679,31680,31681,31682,31683,31684,31685,31686,31687,31688"
1,390,31689,31724,"1436,1438,1439,1440",1438,1,0.9333333333333333,0,0,1,1,328,,,31706,,,0.0,31721,1.2408175904742393,1.0889446368873834,-0.05677721490347398,0.6633695466281289,valley,677.0,198.0,19.0,26.0,466.0,198.0,19.0,26.0,31717,31722,0,,,,,,,,,,,,,,,,"31689,31690,31692,31693,31694,31695,31696,31697,31698,31699,31700,31701,31702,31703,31704,31705,31706,31707,31708,31709,31710,31711,31716,31717,31718,31719,31721,31722,31723,31724"
0,391,31733,31770,"1444,1441,1443,1448",1444,1,0.42857142857142855,0,0,1,1,329,,,31756,4.119149898166662,6.4372119898027815,0.5342625797254874,,,,,0.0,,,,,,,,,,,,0,,,,,,,,,,,,,,,,"31733,31734,31735,31736,31737,31738,31739,31740,31741,31742,31743,31744,31745,31746,31747,31748,31749,31750,31751,31752,31753,31754,31755,31756,31757,31758,31759,31760,31761,31765,31766,31767,31768,31769,31770,31771,31772,31773,31774,31775,31768,31769,31770"
0,392,31771,31782,"1448,1447",1448,0,0.0,0,0,1,1,330,,,,1.9464521497521299,1.730996315909405,0.9496929126344673,31779,2.607048470754941,2.2391487775511436,0.6501315053328014,0.4629871912626913,valley,748.0,168.0,22.0,26.0,542.0,161.0,25.0,22.0,31775,31780,1,31783,2.2411099769227727,0.5972795206855608,0.04376293020578448,end_flight_fallback,,,728.0,187.0,36.0,26.0,525.0,180.0,19.0,26.0,"31771,31772,31773,31774,31775,31776,31777,31778,31779,31780,31781,31782"
0,393,31796,31827,"1450,1451",1450,1,0.6666666666666666,1,0,1,1,331,,,31816,4.3238571500455,8.735659678325565,0.737772358363148,,,,,0.0,,,,,,,,,,,,0,,,,,,,,,,,,,,,,"31796,31797,31798,31799,31800,31801,31802,31803,31804,31805,31806,31807,31808,31809,31810,31811,31812,31813,31814,31815,31816,31817,31818,31819,31820,31823,31824,31825,31826,31827"
0,394,31828,31847,"1451,1452",1451,0,0.0,0,0,1,1,332,,,,-0.015530697722376807,-0.4489971150421894,0.9322347136833508,,,,,0.0,,,,,,,,,,,,0,,,,,,,,,,,,,,,,"31828,31829,31830,31831,31832,31833,31834,31835,31836,31837,31838,31839,31840,31841,31842,31843,31844,31845,31846,31847"
0,395,31993,32004,"1459,1461,1460",1461,0,0.0,0,0,1,1,333,,,,3.6060459960437754,-2.322600688113683,0.9286349949926307,,,,,0.0,,,,,,,,,,,,0,,,,,,,,,,,,,,,,"31993,31994,31995,31996,31997,31998,31999,32002,32003,32004"
0,396,32064,32076,"1464,1465,1466",1464,0,0.0,0,0,1,1,334,,,,1.9252347221227741,9.217047126967204,0.9161048173295306,,,,,0.0,,,,,,,,,,,,0,,,,,,,,,,,,,,,,"32064,32065,32066,32067,32068,32069,32070,32071,32072,32073,32074,32075,32076"
1,397,32080,32099,1468,1468,0,0.0,0,0,1,1,335,,,,1.0178472517281723,13.897062859499858,0.7239230907527882,32086,1.8592586782378429,9.316589827083734,0.036695134346506286,0.6774742477136573,valley,599.0,401.0,30.0,30.0,500.0,427.0,16.0,22.0,32082,32087,1,32095,1.3105274011159755,11.805506270167418,0.4539047305987527,cross_next_flight,,,419.0,525.0,22.0,22.0,376.0,588.0,19.0,30.0,"32080,32081,32082,32083,32084,32085,32086,32087,32088,32089,32090,32091,32092,32093,32094,32095,32096,32097,32098,32099"
0,398,32100,32159,"1468,1469,1471,1474,1472,1473,1475",1474,1,0.07407407407407407,1,0,1,1,336,,,32121,,,0.0,32152,3.539171557287494,7.505358952455307,-0.10458336024146853,0.38277104864355305,valley,,,,,,,,,32148,32153,1,32134,3.2532432136547067,6.896163639510732,0.0744321449421328,within_flight,,,773.0,311.0,22.0,22.0,630.0,300.0,19.0,22.0,"32100,32103,32104,32105,32106,32108,32109,32110,32111,32112,32113,32114,32115,32119,32120,32121,32122,32123,32124,32125,32126,32127,32128,32129,32130,32131,32132,32133,32134,32135,32136,32137,32138,32139,32140,32141,32142,32143,32144,32145,32146,32147,32148,32149,32150,32151,32152,32153,32154,32155,32156,32157,32158,32159"
1,399,32184,32223,"1478,1480,1481,1482,1484,1483",1480,1,0.3684210526315789,0,0,1,1,337,,,32192,,,0.0,32212,3.9715706141102807,2.6177536795257765,0.06800877033063735,0.7180072356143581,valley,835.0,210.0,19.0,22.0,641.0,202.0,22.0,26.0,32208,32213,1,32222,4.03510597895536,0.12825131546446755,0.26551315953020804,end_flight_fallback,,,840.0,172.0,14.0,11.0,630.0,157.0,14.0,15.0,"32184,32186,32187,32188,32189,32190,32191,32192,32193,32194,32195,32196,32197,32198,32199,32200,32201,32202,32203,32204,32205,32206,32207,32208,32209,32210,32211,32212,32213,32214,32215,32216,32217,32218,32219,32220,32221,32222,32223"
0,400,32312,32323,1485,1485,1,0.3333333333333333,0,0,1,1,338,,,32322,0.9733220180313835,12.362257025364714,0.9323068396206918,,,,,0.0,,,,,,,,,,,,0,,,,,,,,,,,,,,,,"32312,32313,32314,32315,32316,32317,32318,32319,32320,32321,32322,32323"
1,401,32327,32341,1485,1485,0,0.0,0,0,1,1,339,,,,0.3917452609698431,14.832354720277229,0.7721380812128116,32333,1.1816384373169928,10.938899881689146,0.11102715361908277,0.6626681310620088,valley,464.0,491.0,16.0,26.0,390.0,551.0,16.0,22.0,32329,32334,0,,,,,,,,,,,,,,,,"32327,32328,32329,32330,32331,32332,32333,32334,32335,32336,32337,32338,32339,32340,32341"
0,402,32349,32372,"1488,1490,1489",1490,1,0.8181818181818182,0,0,1,1,340,,,32360,,,0.0,32370,3.69163216605184,2.457229272814672,0.3502350307824891,0.466117447938724,valley,818.0,195.0,22.0,26.0,618.0,176.0,19.0,22.0,32366,32371,1,32370,3.69163216605184,2.457229272814672,0.3502350307824891,within_flight,,,818.0,195.0,22.0,26.0,618.0,176.0,19.0,22.0,"32349,32350,32351,32354,32355,32356,32357,32358,32359,32360,32361,32362,32363,32364,32365,32366,32367,32368,32369,32370,32371,32372"
0,403,32384,32404,1492,1492,1,0.8,0,0,1,1,341,,,32397,2.0810137546339105,14.311595196878455,0.9295505085360808,,,,,0.0,,,,,,,,,,,,0,,,,,,,,,,,,,,,,"32384,32385,32386,32387,32388,32389,32390,32391,32392,32393,32394,32395,32396,32397,32398,32399,32400,32401,32402,32403,32404"
0,404,32405,32423,"1492,1493,1494",1493,1,0.8571428571428571,0,0,1,1,342,,,32415,3.004749736975242,1.7554329075443764,0.9294636404164375,,,,,0.0,,,,,,,,,,,,1,32428,2.995618878358989,0.8483473402343025,0.0,cross_next_flight,,,765.0,176.0,28.0,30.0,570.0,165.0,19.0,26.0,"32405,32406,32408,32409,32410,32411,32412,32413,32414,32415,32416,32417,32418,32422,32423"
1,405,32432,32444,"1495,1496,1498",1498,0,0.0,0,0,1,1,343,,,,3.4269293336640425,5.009496756672675,0.9236609040912609,32447,3.4764528527138223,4.847229423422192,-0.04064648770849466,0.6318419288859687,valley,,,,,,,,,32443,32448,0,,,,,,,,,,,,,,,,"32432,32433,32434,32435,32436,32437,32438,32439,32440,32441,32442,32443,32444,32445,32446,32447,32442,32443,32444"
0,406,32445,32471,"1498,1499",1498,1,0.45454545454545453,1,1,1,1,344,,,32455,,,0.0,32465,3.8653036803795087,6.174824985390529,-0.12403015618730784,0.48394683381905,valley,829.0,307.0,16.0,22.0,677.0,288.0,14.0,22.0,32461,32466,0,,,,,,,,,,,,,,,,"32445,32446,32447,32448,32449,32450,32451,32452,32453,32454,32455,32456,32457,32462,32463,32464,32465,32466,32467,32468,32469,32470,32471"
0,407,32544,32568,"1503,1502",1503,0,0.0,0,0,0,0,,,low_peak_z,,,,0.0,,,,,0.0,,,,,,,,,,,,0,,,,,,,,,,,,,,,,"32544,32545,32546,32547,32548,32549,32550,32551,32552,32553,32554,32555,32556,32557,32558,32559,32560,32561,32562,32563,32564,32565,32566,32567,32568"
0,408,32600,32623,"1504,1505",1504,0,0.0,0,0,0,0,,,low_displacement,,,,0.0,,,,,0.0,,,,,,,,,,,,0,,,,,,,,,,,,,,,,"32600,32601,32602,32603,32604,32605,32606,32607,32608,32609,32610,32611,32612,32613,32614,32615,32616,32617,32618,32619,32620,32621,32622,32623"
0,409,32625,32639,"1507,1508",1508,0,0.0,0,0,0,0,,,low_displacement,,3.8820254214555097,12.941094633386612,0.881470142823204,,,,,0.0,,,,,,,,,,,,0,,,,,,,,,,,,,,,,"32625,32626,32627,32628,32629,32630,32631,32634,32635,32636,32637,32638,32639"
0,410,32648,32663,"1509,1510",1510,0,0.0,0,0,0,0,,,low_displacement,,3.6411045481633817,14.909584650988977,0.8693614649411809,,,,,0.0,,,,,,,,,,,,0,,,,,,,,,,,,,,,,"32648,32649,32653,32654,32655,32656,32657,32658,32659,32660,32661,32662,32663"
0,411,32840,32847,1512,1512,0,0.0,0,0,1,1,345,,,,3.3100568266615844,0.0669499396159674,0.8983304807923435,,,,,0.0,,,,,,,,,,,,0,,,,,,,,,,,,,,,,"32840,32841,32842,32843,32844,32845,32846,32847"
0,412,33000,33007,"1513,1514",1513,0,0.0,0,0,1,1,346,,,,3.6156139300277785,4.579018115688132,0.8640440081879468,,,,,0.0,,,,,,,,,,,,0,,,,,,,,,,,,,,,,"33000,33001,33002,33003,33004,33006,33007"
0,413,33016,33023,"1518,1517",1518,0,0.0,0,0,1,1,347,,,,2.8354795595914783,1.3973793063800062,0.8681632746738212,,,,,0.0,,,,,,,,,,,,0,,,,,,,,,,,,,,,,"33016,33017,33018,33019,33020,33021,33022,33023"
0,414,33056,33063,"1520,1519",1520,0,0.0,0,0,0,0,,,low_displacement,,3.1803894185317283,4.901584757939632,0.9512703802142695,,,,,0.0,,,,,,,,,,,,0,,,,,,,,,,,,,,,,"33056,33057,33058,33059,33060,33061,33062,33063"
0,415,33256,33287,"1524,1521,1522,1523",1524,1,0.15384615384615385,1,0,1,1,348,,,33263,,,0.0,33282,2.684959795961422,5.929782658005717,0.6908874588205656,0.02508955760734688,valley,734.0,228.0,19.0,26.0,568.0,225.0,14.0,26.0,33278,33283,0,,,,,,,,,,,,,,,,"33256,33257,33258,33259,33260,33261,33262,33263,33264,33268,33269,33272,33273,33274,33275,33276,33277,33278,33279,33280,33281,33282,33283,33284,33285,33286,33287"
0,416,33303,33311,1526,1526,0,0.0,0,0,1,1,349,,,,,,0.0,33307,3.1920573723821963,4.093268778243917,-0.2358865042989855,0.48981241928686015,valley,,,,,,,,,33303,33308,0,,,,,,,,,,,,,,,,"33303,33304,33305,33306,33307,33308,33309,33310,33311"
1,417,33803,33815,"1529,1531,1530",1531,0,0.0,0,0,1,1,350,,,,3.6518115850199755,0.5641732834699698,0.9520419244923946,33815,3.6970237895423574,0.4594984196735581,0.4428949721048845,0.5,ground_hit_fallback,821.0,161.0,19.0,26.0,604.0,146.0,22.0,26.0,33811,33815,0,,,,,,,,,,,,,,,,"33803,33805,33806,33807,33808,33809,33810,33811,33812,33813,33814,33815"
0,418,33832,33839,"1533,1532",1533,0,0.0,0,0,0,0,,,low_displacement,,3.2955273845691013,3.2489287709343326,0.8902750420627951,,,,,0.0,,,,,,,,,,,,0,,,,,,,,,,,,,,,,"33832,33833,33834,33835,33836,33837,33838,33839"
1,419,34000,34027,"1534,1536,1535",1536,1,0.35714285714285715,0,0,1,1,351,,,34005,,,0.0,34020,2.108487289806386,11.403016446407513,0.0412554086583401,0.7145964229783524,valley,570.0,551.0,16.0,22.0,531.0,577.0,28.0,26.0,34016,34023,0,,,,,,,,,,,,,,,,"34000,34001,34002,34003,34004,34005,34006,34007,34008,34009,34010,34011,34012,34013,34014,34015,34016,34017,34018,34019,34020,34021,34022,34023,34024,34025,34026,34027"
1,420,34028,34060,"1536,1539,1537,1538",1539,1,1.0,0,0,1,1,352,,,34043,,,0.0,34053,3.7664018781940283,1.6409611447331116,-0.18892302959570806,0.7534480987518926,valley,818.0,213.0,22.0,26.0,627.0,206.0,11.0,15.0,34049,34053,0,,,,,,,,,,,,,,,,"34028,34029,34030,34031,34032,34034,34035,34036,34037,34038,34039,34040,34041,34042,34043,34044,34045,34046,34047,34048,34050,34051,34052,34053,34054,34055,34058,34059,34060"
0,421,34065,34090,"1541,1540,1543,1544",1543,1,0.45454545454545453,0,0,1,1,353,,,34085,0.8644063302897012,9.716445320262176,0.9292608443036013,,,,,0.0,,,,,,,,,,,,0,,,,,,,,,,,,,,,,"34065,34066,34067,34068,34069,34073,34074,34075,34076,34077,34078,34079,34080,34081,34082,34083,34084,34085,34086,34087,34088,34089,34090"
0,422,34092,34103,"1543,1545,1548,1547",1548,1,0.6,0,0,1,1,354,,,34094,2.4650455720776794,-0.5102055986438545,0.9044892618140117,,,,,0.0,,,,,,,,,,,,0,,,,,,,,,,,,,,,,"34092,34093,34094,34096,34097,34098,34099,34100,34101,34102,34103"
0,423,34111,34134,1549,1549,1,0.5,0,0,1,1,355,,,34127,4.426748198612096,10.376420691920288,0.9358879854748887,,,,,0.0,,,,,,,,,,,,0,,,,,,,,,,,,,,,,"34111,34112,34113,34114,34115,34116,34117,34118,34119,34120,34121,34122,34123,34124,34125,34126,34127,34128,34129,34130,34131,34132,34133,34134"
0,424,34137,34144,"1551,1552",1552,0,0.0,0,0,1,1,356,,,34139,-3.5505635497843246,-9.224304287707891,0.6806366912211087,,,,,0.0,,,,,,,,,,,,0,,,,,,,,,,,,,,,,"34137,34139,34140,34141,34142,34144"
0,425,34192,34199,1559,1559,0,0.0,0,0,0,0,,,low_displacement,,2.9687904858433423,14.372280254073585,0.8694290250524137,,,,,0.0,,,,,,,,,,,,0,,,,,,,,,,,,,,,,"34192,34193,34194,34195,34198,34199"
1,426,34368,34406,"1564,1561",1564,1,0.631578947368421,0,0,1,1,357,,,34380,,,0.0,34401,3.2693625844788574,12.724023240514907,0.07371331105345824,0.7279179070681856,valley,722.0,727.0,22.0,26.0,762.0,697.0,33.0,26.0,34397,34401,0,,,,,,,,,,,,,,,,"34368,34369,34370,34371,34372,34373,34374,34375,34376,34377,34378,34379,34380,34381,34382,34383,34384,34385,34386,34387,34388,34389,34390,34391,34392,34393,34394,34395,34396,34397,34398,34399,34400,34401,34402,34403,34404,34405,34406"
1,427,34407,34453,"1564,1563,1565,1566,1567",1564,1,0.9047619047619048,0,0,1,1,358,,,34430,,,0.0,34442,-0.07217214464515154,2.0618370267424435,-0.11061878575880368,0.7495018161627907,valley,596.0,217.0,5.0,7.0,382.0,228.0,16.0,30.0,34438,34442,0,,,,,,,,,,,,,,,,"34407,34408,34413,34414,34415,34416,34417,34418,34419,34420,34421,34422,34423,34424,34425,34426,34427,34428,34429,34430,34431,34432,34433,34434,34435,34436,34437,34438,34439,34440,34441,34442,34443,34444,34445,34446,34447,34448,34449,34450,34451,34452,34453"
1,428,34568,34580,"1582,1584,1583",1584,0,0.0,0,0,1,1,359,,,34569,,,0.0,34580,4.901462911463925,12.001914335155647,0.052196233892424004,0.5,ground_hit_fallback,1040.0,660.0,19.0,26.0,992.0,562.0,30.0,26.0,34576,34580,0,,,,,,,,,,,,,,,,"34568,34569,34570,34571,34572,34573,34574,34575,34576,34577,34578,34579,34580"
1,429,34581,34622,"1584,1586,1587,1588,1589",1586,1,0.8421052631578947,0,0,1,1,360,,,34599,,,0.0,34621,4.757794055854175,-0.29229965701156857,0.06831803151997917,0.5,ground_hit_fallback,874.0,172.0,22.0,26.0,663.0,161.0,19.0,18.0,34617,34622,0,,,,,,,,,,,,,,,,"34581,34582,34585,34586,34587,34588,34589,34590,34591,34592,34593,34594,34595,34596,34597,34598,34599,34600,34601,34602,34603,34604,34605,34606,34607,34608,34609,34610,34611,34612,34613,34614,34615,34616,34617,34618,34620,34621,34622"
1,430,34872,34903,"1598,1599,1601",1598,1,0.75,0,0,1,1,361,,,34884,,,0.0,34893,1.3564537780283674,10.237608886243606,0.1327325556767862,0.6879739523239436,valley,517.0,442.0,19.0,26.0,427.0,487.0,19.0,22.0,34889,34893,0,,,,,,,,,,,,,,,,"34872,34873,34874,34875,34876,34877,34878,34879,34880,34881,34882,34883,34884,34885,34886,34887,34888,34889,34890,34891,34892,34893,34894,34895,34896,34897,34898,34899,34900,34901,34902,34903"
0,431,34904,34933,"1600,1601",1601,1,0.6,0,0,1,1,362,,,34925,2.569787476967463,1.3762841166844897,0.9049344130682007,,,,,0.0,,,,,,,,,,,,0,,,,,,,,,,,,,,,,"34904,34905,34906,34907,34908,34909,34910,34911,34912,34913,34914,34915,34916,34917,34918,34919,34920,34921,34922,34923,34924,34925,34926,34927,34928,34929,34930,34931,34932,34933"
0,432,34939,34945,"1606,1605",1606,0,0.0,0,0,1,1,363,,,,2.4139732922548305,2.030707730274683,0.9147690803921902,34942,2.142682267007337,1.4771227493810635,0.49210122653842436,0.3868040408111716,valley,,,,,,,,,34938,34942,1,34945,2.317243780775872,1.6958547860842899,0.2666402816588773,within_flight,,,739.0,191.0,5.0,11.0,531.0,183.0,16.0,22.0,"34939,34940,34941,34942,34943,34944,34945"
0,433,34962,34979,"1609,1610,1611",1610,0,0.0,0,0,1,1,364,,,34979,3.855690150486336,8.707355161594627,0.933256678207445,,,,,0.0,,,,,,,,,,,,0,,,,,,,,,,,,,,,,"34962,34963,34964,34965,34966,34967,34968,34969,34970,34971,34972,34973,34974,34975,34976,34977,34978,34979"
0,434,35016,35026,1612,1612,0,0.0,0,0,0,0,,,low_displacement,,3.565646547195806,14.800742892294846,0.8983110347057426,,,,,0.0,,,,,,,,,,,,0,,,,,,,,,,,,,,,,"35016,35017,35018,35019,35020,35021,35022,35023,35024,35025,35026"
0,435,35048,35063,1613,1613,0,0.0,0,0,0,0,,,low_peak_z,,,,0.0,,,,,0.0,,,,,,,,,,,,0,,,,,,,,,,,,,,,,"35048,35049,35050,35051,35052,35053,35054,35055,35056,35057,35058,35059,35060,35061,35062,35063"
0,436,35089,35095,1615,1615,0,0.0,0,0,1,1,365,,,,4.440573023744713,10.731559676045494,0.9165637586758386,,,,,0.0,,,,,,,,,,,,0,,,,,,,,,,,,,,,,"35089,35090,35091,35092,35093,35094,35095"
0,437,35161,35171,1616,1616,0,0.0,0,0,1,1,366,,,,3.9154136881674804,13.887100413261052,0.9412137107285325,,,,,0.0,,,,,,,,,,,,0,,,,,,,,,,,,,,,,"35161,35162,35163,35164,35165,35166,35167,35168,35169,35170,35171"
0,438,35301,35316,1618,1618,1,0.625,0,0,1,1,367,,,35312,2.4439328011493187,0.18118148910508936,0.9222430886357329,,,,,0.0,,,,,,,,,,,,0,,,,,,,,,,,,,,,,"35301,35302,35303,35304,35305,35306,35307,35308,35309,35310,35311,35312,35313,35314,35315,35316"
1,439,35344,35372,1625,1625,1,0.2857142857142857,0,0,1,1,368,,,35348,,,0.0,35365,3.1513958047314263,12.185775488772784,0.010363271795950979,0.6409386142639075,valley,711.0,652.0,22.0,30.0,722.0,637.0,22.0,26.0,35361,35365,0,,,,,,,,,,,,,,,,"35344,35345,35346,35347,35348,35349,35350,35351,35352,35353,35354,35355,35356,35357,35358,35359,35360,35361,35362,35363,35364,35365,35366,35367,35368,35369,35370,35371,35372"
0,440,35373,35391,"1625,1626",1626,0,0.0,0,0,1,1,369,,,,1.2863731170120505,0.3737540759617328,0.9011534652112594,,,,,0.0,,,,,,,,,,,,0,,,,,,,,,,,,,,,,"35373,35374,35376,35377,35378,35379,35380,35381,35382,35383,35384,35385,35386,35387,35388,35389,35390,35391"
1,441,35404,35423,"1631,1630,1632",1631,1,0.36363636363636365,0,0,1,1,370,,,35408,6.052974511208973,12.015823364358779,0.916665219026515,35423,5.369990146027593,10.377658397083245,0.6343909352724388,0.7272043412385614,valley,,,,,,,,,35419,35424,0,,,,,,,,,,,,,,,,"35404,35405,35406,35407,35408,35409,35410,35411,35412,35413,35414,35415,35416,35417,35420,35421,35422,35423,35420,35421,35422,35423"
0,442,35426,35442,"1632,1633,1634,1635",1635,1,0.42857142857142855,0,0,1,1,371,,,35440,1.6663358987381,1.3550478726069741,0.9052413299916742,,,,,0.0,,,,,,,,,,,,0,,,,,,,,,,,,,,,,"35426,35428,35429,35431,35432,35433,35434,35435,35436,35437,35438,35439,35440,35441,35442"
0,443,35443,35458,1635,1635,1,0.625,0,0,1,1,372,,,35448,1.4909993134594228,10.704204865839003,0.9510093458168349,35451,2.3599077275622706,7.4746532073056695,0.695302942650565,0.2402641210459978,valley,689.0,270.0,19.0,22.0,540.0,270.0,19.0,26.0,35447,35451,1,35460,1.3774302693754583,11.407705609632906,0.0,cross_next_flight,,,528.0,461.0,19.0,22.0,452.0,498.0,16.0,41.0,"35443,35444,35445,35446,35447,35448,35449,35450,35451,35452,35453,35454,35455,35456,35457,35458"
0,444,35470,35591,"1636,1638,1637,1639",1639,1,0.03076923076923077,1,0,1,1,373,,,35495,,,0.0,35520,1.9064434348906836,7.542080887098406,-0.18730025474017076,0.44981463584142395,valley,646.0,345.0,16.0,30.0,511.0,360.0,19.0,30.0,35516,35521,1,35501,2.0461382974712827,6.8789398410106095,0.06089778992553052,within_flight,,,669.0,307.0,19.0,22.0,520.0,315.0,19.0,22.0,"35470,35471,35472,35473,35474,35475,35476,35477,35478,35479,35480,35481,35482,35483,35484,35485,35486,35487,35488,35489,35490,35491,35492,35493,35494,35495,35496,35497,35498,35499,35500,35501,35502,35503,35504,35505,35506,35507,35508,35509,35510,35511,35512,35513,35514,35515,35516,35517,35518,35519,35510,35511,35512,35513,35514,35515,35516,35517,35518,35519,35520,35521,35522,35523,35524,35525,35526,35527,35528,35529,35530,35531,35532,35533,35534,35535,35536,35537,35538,35539,35540,35541,35542,35543,35544,35545,35546,35547,35548,35549,35550,35551,35552,35553,35554,35555,35556,35557,35558,35559,35560,35561,35562,35563,35564,35565,35566,35567,35568,35569,35570,35571,35572,35573,35575,35576,35577,35578,35579,35580,35581,35582,35583,35584,35585,35586,35587,35588,35589,35590,35591"
0,445,35616,35634,1640,1640,0,0.0,0,0,1,1,374,,,,1.9218860266502211,13.21794450732118,0.8103582502491136,35627,1.8143905320127873,12.856291952246433,0.7693882479476004,0.45300563108618247,valley,416.0,607.0,16.0,30.0,444.0,671.0,19.0,30.0,35623,35627,0,,,,,,,,,,,,,,,,"35616,35617,35618,35619,35620,35621,35623,35624,35625,35626,35627,35628,35629,35630,35631,35632,35633,35634"
0,446,35664,35679,1641,1641,0,0.0,0,0,0,0,,,low_displacement,,,,0.0,,,,,0.0,,,,,,,,,,,,0,,,,,,,,,,,,,,,,"35664,35665,35666,35667,35668,35670,35671,35672,35673,35674,35675,35676,35678,35679"
0,447,35736,35747,1643,1643,0,0.0,0,0,0,0,,,low_displacement,,2.9098100678146066,14.039370303631308,0.9424046303210485,,,,,0.0,,,,,,,,,,,,0,,,,,,,,,,,,,,,,"35736,35737,35738,35739,35740,35741,35742,35743,35744,35745,35746,35747"
0,448,35748,35767,1643,1643,1,0.4444444444444444,0,0,1,1,375,,,35764,5.129828939502375,0.7661953008166975,0.9397694688172256,,,,,0.0,,,,,,,,,,,,0,,,,,,,,,,,,,,,,"35748,35749,35750,35751,35752,35753,35755,35756,35757,35758,35759,35760,35761,35762,35763,35764,35765,35766,35767"
0,449,35776,35781,1644,1644,0,0.0,0,0,0,0,,,low_displacement,,3.7365973137608286,13.684056113791687,0.8756345513449804,,,,,0.0,,,,,,,,,,,,0,,,,,,,,,,,,,,,,"35776,35777,35778,35779,35780,35781"
1,450,35792,35823,"1651,1653,1652",1653,1,0.7333333333333333,0,0,1,1,376,,,35804,,,0.0,35817,0.8906593176060529,10.565322404016893,0.09680692991548945,0.67594468674534,valley,447.0,465.0,16.0,26.0,354.0,525.0,19.0,26.0,35813,35817,0,,,,,,,,,,,,,,,,"35792,35793,35794,35795,35796,35797,35798,35799,35800,35802,35803,35804,35805,35806,35807,35808,35809,35810,35811,35812,35813,35814,35815,35816,35817,35818,35819,35820,35821,35822,35823"
0,451,35832,35863,"1655,1654,1657,1656",1655,1,0.5,0,0,1,1,377,,,35855,,,0.0,35861,3.8068789784614525,5.855041392228657,0.13769102769178687,0.4697281089825218,valley,826.0,273.0,19.0,30.0,663.0,255.0,19.0,30.0,35857,35861,1,35861,3.8068789784614525,5.855041392228657,0.13769102769178687,end_flight_fallback,,,826.0,273.0,19.0,30.0,663.0,255.0,19.0,30.0,"35832,35833,35834,35835,35836,35837,35838,35839,35840,35841,35842,35843,35844,35845,35846,35847,35848,35849,35850,35851,35852,35853,35854,35855,35856,35857,35858,35859,35860,35861,35862,35863"
1,452,35881,35895,"1659,1660",1659,1,0.2857142857142857,1,0,1,1,378,,,35883,,,0.0,35893,3.397823144829244,8.5751877133225,-0.05078994609206511,0.6322782236429569,valley,781.0,382.0,19.0,30.0,669.0,375.0,19.0,26.0,35889,35893,0,,,,,,,,,,,,,,,,"35881,35882,35883,35884,35885,35886,35887,35888,35889,35890,35891,35892,35893,35894,35895"
1,453,35921,35942,"1663,1661,1662",1663,1,0.8181818181818182,1,0,1,1,379,,,35929,,,0.0,35941,-0.23165942857785105,7.319345298081693,-0.2129445143108999,0.5,ground_hit_fallback,464.0,326.0,28.0,37.0,298.0,375.0,25.0,45.0,35937,35941,1,35923,1.5050990945947917,5.432997294100372,0.7262815529545947,within_flight,,,644.0,213.0,16.0,26.0,461.0,221.0,19.0,22.0,"35921,35922,35923,35924,35925,35926,35927,35928,35929,35930,35931,35932,35933,35934,35935,35936,35937,35938,35939,35940,35941,35942"
0,454,35952,35963,"1664,1665,1666,1667",1667,1,1.0,1,0,1,1,380,,,35960,-0.47682091886451533,2.2397813421793336,0.9275261609376462,,,,,0.0,,,,,,,,,,,,0,,,,,,,,,,,,,,,,"35952,35955,35957,35959,35960,35961,35962,35963"
1,455,36296,36320,"1681,1682,1683",1683,1,0.8333333333333334,0,0,1,1,381,,,36306,,,0.0,36318,4.795749879121745,11.269717519596451,-0.10249369689460508,0.6830900046054105,valley,984.0,588.0,28.0,30.0,928.0,517.0,19.0,22.0,36314,36318,0,,,,,,,,,,,,,,,,"36296,36297,36298,36299,36300,36301,36302,36303,36304,36305,36306,36307,36308,36309,36310,36311,36312,36313,36314,36315,36316,36317,36318,36319,36320"
0,456,36326,36333,"1683,1684,1685",1685,0,0.0,0,0,1,1,382,,,,1.7589367194986387,-1.4111086034521723,0.840339138479185,,,,,0.0,,,,,,,,,,,,0,,,,,,,,,,,,,,,,"36326,36327,36328,36329,36331,36332,36333"
1,457,36340,36364,"1688,1689",1688,1,0.2727272727272727,0,0,1,1,383,,,36343,,,0.0,36357,2.5228583807581684,0.4233478542918334,-0.06854851317135946,0.7956922461235216,valley,750.0,187.0,19.0,22.0,545.0,187.0,16.0,22.0,36353,36357,0,,,,,,,,,,,,,,,,"36340,36341,36342,36343,36344,36345,36347,36348,36349,36350,36351,36352,36353,36354,36355,36356,36357,36360,36361,36362,36363,36364"
0,458,36376,36387,"1692,1693,1695",1692,1,0.6666666666666666,0,0,1,1,384,,,36384,1.5250396021724173,11.75556302076716,0.9226867207819371,,,,,0.0,,,,,,,,,,,,0,,,,,,,,,,,,,,,,"36376,36377,36378,36379,36380,36381,36382,36383,36384,36385,36386,36387"
0,459,36388,36414,"1695,1694,1696,1697,1698",1695,1,0.8181818181818182,0,0,1,1,385,,,36397,5.665836722061458,1.4800053834583915,0.9477865715714084,,,,,0.0,,,,,,,,,,,,0,,,,,,,,,,,,,,,,"36388,36389,36390,36391,36392,36393,36394,36395,36396,36397,36398,36399,36400,36401,36402,36403,36404,36405,36406,36407,36410,36414"
0,460,36416,36421,1700,1700,0,0.0,0,0,0,0,,,low_displacement,,4.133646890256931,12.939923266769311,0.865862910549916,,,,,0.0,,,,,,,,,,,,0,,,,,,,,,,,,,,,,"36416,36417,36418,36419,36420,36421"
0,461,36426,36431,1700,1700,0,0.0,0,0,0,0,,,low_displacement,,3.638547781957077,15.474556968990417,0.8691094722259951,,,,,0.0,,,,,,,,,,,,0,,,,,,,,,,,,,,,,"36426,36427,36428,36429,36430,36431"
0,462,36440,36458,"1701,1703,1702",1703,0,0.0,0,1,1,1,386,,,36458,2.6036176998337277,7.647777543588106,0.9357503009571864,,,,,0.0,,,,,,,,,,,,0,,,,,,,,,,,,,,,,"36440,36444,36445,36446,36447,36448,36449,36450,36451,36452,36453,36454,36455,36456,36457,36458"
1,463,36469,36487,"1707,1708",1708,1,0.15384615384615385,0,0,1,1,387,,,36474,0.908559763395753,4.427627746926556,0.9679119722617686,36487,0.9427435754181053,4.484808238854426,0.06293435045951973,0.5,ground_hit_fallback,615.0,240.0,22.0,30.0,430.0,255.0,25.0,30.0,36483,36487,0,,,,,,,,,,,,,,,,"36469,36470,36471,36472,36473,36474,36475,36476,36477,36478,36479,36470,36471,36472,36473,36474,36475,36476,36477,36478,36479,36480,36483,36484,36485,36486,36487"
0,464,36496,36505,"1710,1709,1711",1710,0,0.0,0,0,1,1,388,,,,3.2051455062402225,6.078160474709684,0.8759037782443416,,,,,0.0,,,,,,,,,,,,0,,,,,,,,,,,,,,,,"36496,36497,36498,36499,36500,36501,36502,36503,36504,36505"
0,465,36513,36522,1714,1714,0,0.0,0,0,1,1,389,,,36514,5.164187272792011,10.10128375379723,0.9179716940655487,,,,,0.0,,,,,,,,,,,,0,,,,,,,,,,,,,,,,"36513,36514,36515,36516,36517,36518,36519,36521,36522"
1,466,36535,36551,"1717,1721,1722",1717,0,0.0,0,0,1,1,390,,,,,,0.0,36541,2.4263516521718373,1.895846202913539,0.1057846195543597,0.7559125342781353,valley,739.0,195.0,16.0,30.0,540.0,195.0,19.0,26.0,36537,36541,0,,,,,,,,,,,,,,,,"36535,36536,36537,36538,36539,36540,36541,36542,36543,36544,36545,36546,36551"
0,467,36568,36574,"1734,1737",1734,0,0.0,0,0,0,0,,,low_displacement,,0.76016519302592,11.766978149628653,0.8166243798999516,,,,,0.0,,,,,,,,,,,,0,,,,,,,,,,,,,,,,"36568,36569,36570,36571,36573,36574,36568,36569,36570,36571,36573,36574"
0,468,36752,36757,"1745,1744",1745,0,0.0,0,0,1,1,391,,,,1.7706311926147678,3.9235251425159374,0.862503549896084,,,,,0.0,,,,,,,,,,,,0,,,,,,,,,,,,,,,,"36752,36753,36754,36755,36756,36757"
0,469,36759,36784,"1749,1748,1751,1750,1752,1753",1751,0,0.0,0,0,1,1,392,,,,9.588087462424262,3.8777213760610993,0.9336113283090474,,,,,0.0,,,,,,,,,,,,0,,,,,,,,,,,,,,,,"36759,36760,36761,36762,36763,36764,36765,36766,36767,36768,36769,36770,36771,36772,36773,36774,36775,36776,36777,36778,36779,36780,36781,36782,36784"
1,470,36872,36894,"1755,1759,1756,1758",1759,0,0.0,0,0,1,1,393,,,,,,0.0,36877,-0.2092196582881964,-0.30404994860615275,-0.10502734445624612,0.5599161749746999,valley,610.0,183.0,28.0,22.0,379.0,191.0,33.0,22.0,36873,36877,0,,,,,,,,,,,,,,,,"36872,36873,36875,36876,36877,36878,36879,36880,36881,36882,36884,36885,36886,36887,36888,36889,36890,36891,36892,36893,36894"
0,471,36900,36918,"1760,1761,1764,1762,1763",1764,0,0.0,0,0,1,1,394,,,,,,0.0,36908,3.0887709093297753,-0.3618930525804629,-0.009557449259151696,0.23781957020698463,valley,784.0,176.0,19.0,26.0,573.0,168.0,19.0,26.0,36904,36908,0,,,,,,,,,,,,,,,,"36900,36903,36904,36905,36906,36907,36908,36910,36911,36912,36913,36914,36915,36916,36917,36918"
0,472,37016,37024,"1766,1765",1766,0,0.0,0,0,1,1,395,,,,0.8767781733857651,14.197826791411156,0.8880448530703827,,,,,0.0,,,,,,,,,,,,0,,,,,,,,,,,,,,,,"37016,37017,37018,37019,37020,37021,37022,37023,37024"
1,473,37031,37045,"1768,1770,1769",1770,0,0.0,0,0,1,1,396,,,37032,,,0.0,37042,1.245401169121216,10.85815853035742,0.1773330011081633,0.6755960225715357,valley,475.0,480.0,16.0,22.0,399.0,532.0,16.0,22.0,37038,37042,0,,,,,,,,,,,,,,,,"37031,37032,37033,37034,37035,37036,37037,37038,37039,37040,37041,37042,37043,37044,37045"
0,474,37054,37091,"1772,1774,1773,1775",1772,1,0.9473684210526315,0,0,1,1,397,,,37074,0.36553700625358465,1.6453561401582988,0.9108456933228353,,,,,0.0,,,,,,,,,,,,1,37091,0.2736305655128818,2.4768934166330503,0.7291324908866663,end_flight_fallback,,,601.0,168.0,22.0,22.0,382.0,172.0,19.0,22.0,"37054,37055,37056,37057,37058,37059,37060,37061,37062,37063,37064,37065,37066,37067,37068,37069,37070,37071,37072,37073,37074,37075,37076,37077,37078,37079,37080,37081,37082,37083,37084,37085,37086,37087,37088,37089,37090,37091"
0,475,37124,37140,"1782,1783,1785",1785,1,0.75,0,0,1,1,398,,,37135,5.217730208277894,9.810865094170977,0.9479218973390087,,,,,0.0,,,,,,,,,,,,0,,,,,,,,,,,,,,,,"37124,37125,37126,37127,37129,37130,37131,37132,37133,37134,37135,37136,37137,37138,37139,37140"
1,476,37141,37166,"1785,1787,1788,1789",1787,1,0.35714285714285715,0,0,1,1,399,,,37147,,,0.0,37160,1.8776503262578894,0.8260992769515738,-0.19955019028025944,0.7255018142938379,valley,714.0,202.0,16.0,26.0,506.0,202.0,22.0,26.0,37156,37160,0,,,,,,,,,,,,,,,,"37141,37143,37144,37145,37146,37147,37148,37149,37150,37151,37147,37148,37149,37150,37151,37152,37153,37154,37155,37156,37157,37158,37159,37160,37161,37162,37163,37164,37166"
1,477,37176,37221,"1790,1792,1791,1793,1794",1792,1,0.23809523809523808,0,0,1,1,400,,,37191,,,0.0,37196,3.6725518249805633,7.571455156794624,0.6507449683623836,0.7207812773433027,valley,818.0,277.0,19.0,26.0,677.0,270.0,14.0,18.0,37192,37196,1,37224,4.674680207646491,3.046247516804769,0.2199435608383844,end_flight_fallback,,,885.0,210.0,16.0,26.0,691.0,191.0,19.0,26.0,"37176,37177,37178,37179,37180,37181,37182,37183,37184,37185,37186,37187,37188,37189,37190,37191,37192,37193,37194,37195,37196,37199,37202,37203,37204,37205,37206,37207,37208,37209,37210,37211,37212,37213,37214,37215,37216,37217,37218,37219,37220,37221"
0,478,37243,37247,1800,1800,0,0.0,0,0,1,1,401,,,,2.527144174010256,2.2065100909889135,0.942363859828526,,,,,0.0,,,,,,,,,,,,0,,,,,,,,,,,,,,,,"37243,37244,37245,37246,37247,37243,37244,37245,37246,37247"
0,479,37248,37265,"1801,1802,1803",1801,1,0.625,1,0,1,1,402,,,37259,1.375800417444188,8.236747052275948,0.9516158594848562,,,,,0.0,,,,,,,,,,,,1,37267,1.4042706512931273,8.817414452890374,0.06609948386752422,cross_next_flight,,,596.0,333.0,19.0,26.0,466.0,352.0,11.0,18.0,"37248,37249,37250,37251,37252,37253,37254,37255,37256,37257,37258,37259,37260,37261,37262,37265"
0,480,37276,37285,1804,1804,1,0.6,0,1,1,1,403,,,37283,2.9624970524930365,2.352161349486784,0.9238689019559025,,,,,0.0,,,,,,,,,,,,0,,,,,,,,,,,,,,,,"37276,37277,37278,37279,37280,37281,37282,37283,37284,37285"
0,481,37287,37292,1805,1805,0,0.0,0,0,0,0,,,low_displacement,,3.5303805093376623,13.604006680348402,0.8684380846259114,,,,,0.0,,,,,,,,,,,,0,,,,,,,,,,,,,,,,"37287,37288,37289,37290,37291,37292"
1,482,37295,37331,"1805,1807,1806",1807,1,0.1111111111111111,1,0,1,1,404,,,37297,,,0.0,37309,2.657413038020583,6.188338443107369,-0.039993809333155106,0.5992854081355617,valley,725.0,296.0,22.0,26.0,570.0,296.0,25.0,26.0,37305,37309,0,,,,,,,,,,,,,,,,"37295,37296,37297,37298,37299,37300,37301,37302,37303,37304,37305,37306,37307,37308,37309,37310,37311,37312,37313,37314,37315,37316,37317,37318,37319,37320,37321,37322,37323,37324,37325,37326,37327,37328,37329,37330,37331"
0,483,37332,37343,"1807,1811,1810",1811,0,0.0,1,0,0,0,,,low_displacement,,,,0.0,,,,,0.0,,,,,,,,,,,,1,37342,2.9297795778873996,5.620539226018508,-0.03518006567612453,cross_next_flight,,,,,,,,,,,"37332,37333,37334,37335,37336,37337,37338,37339,37340,37341,37342,37343,37336,37337,37338,37339,37340,37341,37342,37343"
0,484,37368,37375,"1812,1813",1812,0,0.0,1,0,1,1,405,,,,3.0949464445335235,5.685039780016785,0.8996154928148099,,,,,0.0,,,,,,,,,,,,0,,,,,,,,,,,,,,,,"37368,37369,37370,37371,37374,37375"
0,485,37409,37431,"1816,1815",1816,0,0.0,0,0,1,1,406,,,,4.576969302529427,11.782657984998378,0.9478372670917541,,,,,0.0,,,,,,,,,,,,0,,,,,,,,,,,,,,,,"37409,37410,37411,37412,37413,37414,37415,37416,37417,37418,37419,37420,37421,37422,37423,37424,37425,37426,37427,37428,37429,37430,37431"
0,486,37448,37464,1817,1817,0,0.0,0,0,1,1,407,,,,4.16413606373718,12.425768200831817,0.9416850078845276,,,,,0.0,,,,,,,,,,,,0,,,,,,,,,,,,,,,,"37448,37449,37450,37451,37452,37453,37454,37455,37456,37457,37458,37459,37460,37461,37464"
1,487,37637,37665,"1823,1825,1824",1823,1,0.7857142857142857,0,0,1,1,408,,,37648,,,0.0,37661,2.0050492271594846,2.2487159772098444,0.23642801683541048,0.6836407012205616,valley,711.0,195.0,19.0,26.0,509.0,191.0,22.0,33.0,37657,37661,0,,,,,,,,,,,,,,,,"37637,37638,37639,37640,37641,37642,37643,37644,37645,37646,37647,37648,37649,37650,37651,37652,37653,37654,37655,37656,37657,37658,37659,37660,37661,37662,37664,37665"
1,488,37680,37714,"1826,1827",1826,1,0.6470588235294118,0,0,1,1,409,,,37691,,,0.0,37702,1.010591606249735,9.918325796686304,0.004842233729744905,0.6746432187155487,valley,489.0,431.0,25.0,33.0,388.0,480.0,19.0,30.0,37698,37702,1,37718,-0.1756339832719238,11.240268665760162,0.0,cross_next_flight,,,351.0,450.0,19.0,26.0,250.0,547.0,14.0,18.0,"37680,37681,37682,37683,37684,37685,37686,37687,37688,37689,37690,37691,37692,37693,37694,37695,37696,37697,37698,37699,37700,37701,37702,37703,37704,37705,37706,37707,37708,37709,37710,37711,37712,37713,37714"
1,489,37720,37751,"1829,1830",1829,1,1.0,0,0,1,1,410,,,37736,,,0.0,37746,0.945607717734018,4.316015934151453,-0.028416762254686256,0.692020093920259,valley,621.0,247.0,19.0,26.0,435.0,262.0,19.0,22.0,37742,37746,0,,,,,,,,,,,,,,,,"37720,37721,37722,37723,37724,37725,37726,37727,37728,37729,37730,37731,37732,37733,37734,37735,37736,37737,37738,37739,37740,37741,37742,37743,37744,37745,37746,37747,37748,37749,37750,37751"
1,490,37760,37806,"1833,1831,1832,1834,1835,1836",1836,1,0.38095238095238093,0,0,1,1,411,,,37768,,,0.0,37800,6.993701850874416,9.426574851010443,-0.08398092958630343,0.6229923440279984,valley,1240.0,457.0,28.0,30.0,1068.0,363.0,19.0,26.0,37796,37799,0,,,,,,,,,,,,,,,,"37760,37761,37762,37763,37764,37765,37766,37767,37768,37769,37770,37771,37772,37773,37774,37775,37776,37777,37778,37779,37784,37785,37786,37787,37788,37789,37790,37791,37792,37793,37794,37795,37796,37797,37798,37799,37800,37801,37802,37803,37804,37806"
0,491,38120,38127,1837,1837,0,0.0,0,0,0,0,,,low_displacement,,2.16328806101429,14.008436186991219,0.9224599053076494,,,,,0.0,,,,,,,,,,,,0,,,,,,,,,,,,,,,,"38120,38121,38122,38123,38124,38125,38126,38127"
0,492,38176,38182,1838,1838,0,0.0,0,0,0,0,,,low_displacement,,2.252046198239505,13.70640057854069,0.9119785799217088,,,,,0.0,,,,,,,,,,,,0,,,,,,,,,,,,,,,,"38176,38177,38178,38179,38180,38181,38182"
0,493,38212,38223,1841,1841,0,0.0,0,0,0,0,,,low_displacement,,,,0.0,,,,,0.0,,,,,,,,,,,,0,,,,,,,,,,,,,,,,"38212,38213,38214,38215,38216,38217,38218,38219,38220,38221,38222,38223"
0,494,38264,38272,"1843,1845",1845,0,0.0,0,0,0,0,,,low_displacement,,2.48125431364154,13.070682454600693,0.9254248302305785,,,,,0.0,,,,,,,,,,,,0,,,,,,,,,,,,,,,,"38264,38266,38267,38268,38269,38270,38271,38272"
1,495,38278,38311,"1845,1847,1848,1849,1850",1845,1,1.0,0,0,1,1,412,,,38296,4.684334355185811,-0.09115159513924276,0.9172253535515581,38311,4.507974755787455,0.670382694471698,0.1363896694273432,0.5,ground_hit_fallback,863.0,180.0,25.0,26.0,660.0,165.0,14.0,22.0,38307,38311,0,,,,,,,,,,,,,,,,"38278,38279,38280,38281,38282,38283,38284,38285,38286,38287,38288,38289,38290,38291,38292,38293,38294,38295,38296,38297,38298,38299,38300,38301,38303,38297,38298,38299,38300,38301,38303,38308,38309,38310,38311"
1,496,38328,38353,1852,1852,1,0.7692307692307693,0,0,1,1,413,,,38338,4.011355158589127,11.328411315807811,0.9625258434084674,38353,4.048330553423242,10.781807127682988,0.3897697407843168,0.5,ground_hit_fallback,871.0,472.0,19.0,26.0,807.0,442.0,16.0,22.0,38349,38353,0,,,,,,,,,,,,,,,,"38328,38329,38330,38331,38332,38333,38334,38335,38336,38337,38338,38339,38340,38341,38342,38343,38344,38345,38346,38347,38348,38349,38350,38351,38352,38353"
1,497,38369,38407,"1853,1854,1856,1860,1861,1862",1856,1,0.7142857142857143,0,0,1,1,414,,,38386,,,0.0,38399,3.481105977489754,2.46979726165614,0.02603842204209883,0.7904521505666035,valley,,,,,,,,,38395,38399,0,,,,,,,,,,,,,,,,"38369,38370,38372,38373,38375,38376,38377,38378,38379,38380,38381,38382,38383,38384,38385,38386,38387,38388,38389,38390,38391,38392,38394,38395,38396,38397,38398,38399,38394,38395,38396,38397,38398,38399,38400,38401,38402,38403,38404,38405,38406,38407"
1,498,38456,38484,"1863,1867,1864,1865,1866",1867,0,0.0,0,0,1,1,415,,,,,,0.0,38483,1.57604391801124,-0.4483091455559993,0.1040528223464916,0.5,ground_hit_fallback,705.0,168.0,19.0,26.0,486.0,165.0,22.0,30.0,38479,38483,0,,,,,,,,,,,,,,,,"38456,38457,38458,38459,38460,38463,38464,38465,38466,38467,38469,38471,38473,38475,38476,38477,38478,38481,38483,38484"
1,499,38568,38604,"1868,1869,1871,1870",1871,1,1.0,0,0,1,1,416,,,38587,,,0.0,38600,4.373907352314806,10.6549510610425,0.04646488473429855,0.6870949971007925,valley,911.0,502.0,22.0,48.0,838.0,457.0,22.0,30.0,38596,38600,0,,,,,,,,,,,,,,,,"38568,38569,38570,38571,38572,38573,38574,38575,38576,38577,38578,38579,38580,38581,38582,38583,38584,38585,38586,38587,38588,38589,38590,38591,38592,38593,38594,38595,38596,38597,38598,38599,38600,38601,38602,38603,38604"
0,500,38611,38631,"1872,1873",1872,1,1.0,0,0,1,1,417,,,38622,3.2875901475406843,-0.6522924623327686,0.9201688833291812,,,,,0.0,,,,,,,,,,,,0,,,,,,,,,,,,,,,,"38611,38612,38613,38614,38615,38616,38617,38618,38619,38620,38621,38622,38623,38624,38625,38626,38627,38628,38629,38630,38631"
1,501,38635,38647,1875,1875,0,0.0,0,0,1,1,418,,,,3.293609769750464,-1.8333482329230373,0.7465151220407585,38640,3.493457584229522,0.5459289510979133,0.12400827043836316,0.6819216670104773,valley,807.0,180.0,19.0,22.0,599.0,168.0,19.0,26.0,38636,38640,0,,,,,,,,,,,,,,,,"38635,38636,38637,38638,38639,38640,38641,38642,38643,38644,38645,38646,38647"
0,502,38720,38733,"1878,1876,1877",1878,0,0.0,0,0,0,0,,,low_displacement,,3.9662166340566305,0.1534728431073602,0.9379165137266827,,,,,0.0,,,,,,,,,,,,0,,,,,,,,,,,,,,,,"38720,38721,38722,38723,38724,38725,38726,38727,38729,38730,38731,38732,38733"
0,503,38960,38965,1886,1886,0,0.0,0,0,1,1,419,,,,1.4315002382004738,13.963801113481285,0.8396457974474596,,,,,0.0,,,,,,,,,,,,1,38961,3.9983027009248056,0.7677417341970454,0.6911558463624221,within_flight,,,840.0,146.0,16.0,30.0,624.0,131.0,19.0,22.0,"38960,38961,38962,38963,38964,38965"
1,504,38977,38983,1894,1894,0,0.0,0,0,1,1,420,,,,2.3110388447342207,14.106501679532457,0.9533455333568972,38983,2.350891133501149,13.63799991885437,0.18145954827629218,0.5,ground_hit_fallback,483.0,858.0,19.0,30.0,604.0,888.0,19.0,33.0,38979,38983,0,,,,,,,,,,,,,,,,"38977,38978,38979,38980,38981,38982,38983"
1,505,38984,39055,"1894,1892,1893,1897,1895,1896,1898",1894,1,0.6764705882352942,0,0,1,1,421,,,39008,,,0.0,39027,6.620138527262778,2.436732058897533,0.2169495865949429,0.6972527686335213,valley,1018.0,202.0,19.0,26.0,804.0,172.0,16.0,18.0,39023,39027,0,,,,,,,,,,,,,,,,"38984,38985,38987,38988,38989,38990,38991,38992,38993,38994,38995,38996,38997,38998,38999,39000,39001,39002,39003,39004,39005,39006,39007,39008,39009,39010,39011,39012,39013,39014,39015,39016,39017,39018,39019,39020,39021,39022,39023,39024,39025,39026,39027,39028,39029,39030,39031,39032,39033,39034,39035,39036,39037,39038,39039,39040,39041,39042,39043,39044,39045,39046,39047,39049,39050,39051,39052,39054,39055"
1,506,39280,39314,"1902,1903,1904,1906,1905,1907,1908,1909,1910",1906,1,0.8666666666666667,0,0,1,1,422,,,39293,,,0.0,39304,4.9575656589080435,11.41004097081289,0.02994675300342209,0.768231558581047,valley,1023.0,592.0,22.0,26.0,959.0,510.0,22.0,26.0,39300,39304,0,,,,,,,,,,,,,,,,"39280,39281,39282,39283,39284,39285,39286,39287,39288,39289,39290,39291,39292,39293,39294,39295,39296,39297,39299,39300,39301,39302,39303,39304,39305,39306,39307,39308,39309,39310,39314"
0,507,39320,39334,"1912,1913,1914",1914,1,0.7142857142857143,0,0,1,1,423,,,39325,1.8502579721632921,1.7286556919796539,0.9223667483340436,,,,,0.0,,,,,,,,,,,,1,39335,2.4644031200698815,0.6420915077430109,0.1323513834612733,cross_next_flight,,,742.0,176.0,30.0,30.0,531.0,176.0,33.0,26.0,"39320,39321,39322,39323,39324,39325,39326,39327,39328,39329,39330,39331,39332,39333,39334"
0,508,39355,39381,"1919,1920",1920,1,0.9166666666666666,1,0,1,1,424,,,39369,,,0.0,39374,1.801137043812351,6.982848025420789,0.7083209601010316,0.13328713255842292,valley,644.0,251.0,16.0,26.0,483.0,262.0,19.0,22.0,39370,39374,1,39385,1.922431983531582,9.030345259546152,0.03604084887667941,cross_next_flight,,,624.0,326.0,19.0,26.0,495.0,341.0,16.0,22.0,"39355,39356,39360,39361,39362,39363,39364,39365,39366,39367,39368,39369,39370,39371,39372,39373,39374,39375,39376,39377,39378,39379,39380,39381"
1,509,39392,39423,"1924,1921,1922,1923",1924,1,0.3125,0,0,1,1,425,,,39397,,,0.0,39421,2.4767193573508974,2.7040870345059744,0.15911138390825919,0.5,ground_hit_fallback,736.0,210.0,22.0,26.0,545.0,206.0,14.0,15.0,39417,39421,0,,,,,,,,,,,,,,,,"39392,39393,39394,39395,39396,39397,39398,39399,39400,39401,39402,39403,39404,39405,39406,39407,39408,39409,39410,39411,39412,39413,39414,39415,39416,39417,39418,39419,39420,39421,39422,39423"
0,510,39440,39455,"1925,1929,1928",1929,1,0.15384615384615385,1,0,1,1,426,,,39455,4.483081191002783,7.773595558483763,0.9467098718400476,,,,,0.0,,,,,,,,,,,,1,39460,4.74698264121085,7.967514539261451,0.047174373460093566,cross_next_flight,,,,,,,,,,,"39440,39441,39442,39443,39444,39445,39446,39447,39448,39449,39450,39451,39452,39453,39454,39455,39446,39447,39448,39449,39450,39451,39452,39453,39454,39455"
0,511,39467,39479,"1931,1930",1931,0,0.0,0,0,1,1,427,,,,0.76629937415664,6.178738853701126,0.9119816380210019,,,,,0.0,,,,,,,,,,,,0,,,,,,,,,,,,,,,,"39467,39468,39469,39470,39471,39472,39473,39474,39475,39476,39477,39478,39479"
0,512,39504,39525,"1932,1933",1933,1,0.9090909090909091,0,0,1,1,428,,,39514,2.722988631032338,13.999597674890035,0.8172246334561994,,,,,0.0,,,,,,,,,,,,0,,,,,,,,,,,,,,,,"39504,39505,39506,39507,39508,39509,39510,39511,39512,39513,39514,39515,39516,39517,39518,39519,39520,39521,39522,39523,39524,39525"
1,513,39534,39559,"1934,1937,1936",1937,0,0.0,0,0,1,1,429,,,,,,0.0,39555,2.238920098122609,12.402792322661362,0.2428327975939455,0.8121278655977069,valley,540.0,626.0,22.0,45.0,559.0,660.0,19.0,33.0,39551,39554,0,,,,,,,,,,,,,,,,"39534,39535,39536,39537,39538,39539,39540,39541,39542,39543,39544,39545,39546,39547,39548,39550,39551,39546,39547,39548,39550,39551,39552,39553,39554,39555,39556,39557,39558,39559"
1,514,39572,39579,"1938,1941",1938,0,0.0,0,0,1,1,430,,,,4.1529499649275365,14.711267609969621,0.7371224468651818,39572,2.052121356040606,13.324790442950684,0.09032671102709422,0.5,ground_hit_fallback,450.0,791.0,16.0,22.0,531.0,855.0,22.0,30.0,39568,39572,0,,,,,,,,,,,,,,,,"39572,39573,39574,39575,39576,39577,39578,39579"
0,515,39580,39610,"1941,1940,1942",1942,1,0.4,0,0,1,1,431,,,39605,1.2268707467614732,2.640783922181722,0.9138499571003132,,,,,0.0,,,,,,,,,,,,0,,,,,,,,,,,,,,,,"39580,39581,39582,39584,39585,39586,39587,39588,39589,39590,39591,39592,39593,39594,39595,39596,39597,39598,39599,39600,39601,39602,39603,39604,39605,39606,39607,39608,39609,39610"
1,516,39611,39631,"1942,1946,1943,1944,1945",1946,1,0.4,0,0,1,1,432,,,39615,3.4668827480650974,11.036492425698723,0.6897675280836756,39625,3.268932777754992,9.516029921861469,0.4347832938823064,0.7169622909354405,valley,765.0,382.0,19.0,26.0,666.0,371.0,19.0,22.0,39621,39625,0,,,,,,,,,,,,,,,,"39611,39612,39613,39614,39615,39616,39617,39618,39619,39620,39621,39622,39623,39624,39625,39626,39627,39628,39629,39630,39631"
0,517,39632,39640,1946,1946,1,0.5,0,0,1,1,433,,,39638,-0.8835858915558954,3.6316016806229214,0.9178436890281669,,,,,0.0,,,,,,,,,,,,0,,,,,,,,,,,,,,,,"39632,39633,39634,39635,39636,39637,39638,39639,39640"
0,518,40025,40039,"1952,1953,1955,1954",1955,0,0.0,0,0,1,1,434,,,,3.890471922889498,-1.4286325818237928,0.9448600357977985,,,,,0.0,,,,,,,,,,,,0,,,,,,,,,,,,,,,,"40025,40026,40027,40028,40029,40031,40033,40034,40035,40036,40037,40038,40039"
1,519,40144,40181,"1957,1958,1959",1959,1,0.8888888888888888,0,0,1,1,435,,,40161,,,0.0,40173,1.5180629802643772,11.15312889736237,0.12973209618977588,0.6767581123490429,valley,497.0,510.0,19.0,30.0,438.0,551.0,16.0,33.0,40169,40173,0,,,,,,,,,,,,,,,,"40144,40146,40147,40148,40149,40150,40151,40152,40153,40154,40155,40156,40157,40158,40159,40160,40161,40162,40163,40164,40165,40166,40167,40168,40169,40170,40171,40172,40173,40174,40175,40176,40177,40178,40179,40180,40181"
1,520,40182,40231,"1959,1961,1962",1959,1,0.9047619047619048,0,0,1,1,436,,,40206,,,0.0,40220,2.403428158463918,3.1578260880405296,0.2700827340767038,0.691030863953779,valley,,,,,,,,,40216,40220,0,,,,,,,,,,,,,,,,"40182,40184,40185,40186,40187,40188,40189,40190,40191,40192,40193,40194,40195,40196,40197,40198,40199,40200,40201,40202,40203,40204,40205,40206,40207,40208,40209,40210,40211,40212,40213,40214,40215,40216,40218,40219,40220,40223,40228,40229,40230,40231"
0,521,40239,40246,"1963,1964",1964,0,0.0,0,0,1,1,437,,,,0.962776148608284,15.53846483830264,0.7436345127047095,,,,,0.0,,,,,,,,,,,,1,40240,1.9536164507502622,1.801864074688062,0.7130816375491014,within_flight,,,708.0,157.0,22.0,26.0,500.0,157.0,22.0,22.0,"40239,40240,40241,40242,40243,40244,40245,40246"
0,522,40247,40264,"1964,1965,1966,1967",1965,1,0.8888888888888888,0,0,1,1,438,,,40248,1.1801368183495549,4.832668039355244,0.8917418017131794,,,,,0.0,,,,,,,,,,,,1,40268,0.9456193490582958,1.9064833583010756,0.0,end_flight_fallback,,,638.0,206.0,11.0,15.0,444.0,213.0,11.0,11.0,"40247,40248,40249,40250,40251,40252,40253,40254,40255,40256,40257,40258,40259,40260,40261,40262,40263,40264"
0,523,40272,40279,1968,1968,0,0.0,0,0,1,1,439,,,,0.7769606500566345,0.6631515533722352,0.9245830505389188,40277,0.9956355969092013,2.199827671180972,0.24290046295011436,0.30278810064732026,valley,652.0,195.0,16.0,22.0,444.0,198.0,19.0,26.0,40273,40277,0,,,,,,,,,,,,,,,,"40272,40273,40274,40275,40276,40277,40278,40279"
1,524,40288,40311,"1969,1970",1969,1,0.8333333333333334,0,0,1,1,440,,,40302,4.953215174790752,10.202216456216751,0.929315780722936,40311,4.515543560917267,8.380883735575452,0.4348408121304388,0.5,ground_hit_fallback,914.0,333.0,11.0,15.0,776.0,307.0,22.0,22.0,40307,40311,0,,,,,,,,,,,,,,,,"40288,40289,40290,40291,40292,40293,40294,40295,40296,40297,40298,40299,40300,40301,40302,40303,40304,40305,40306,40307,40308,40309,40310,40311"
1,525,40328,40351,"1971,1972",1971,1,0.5,0,0,1,1,441,,,40334,,,0.0,40345,4.673039306294874,2.3771904221331965,-0.07419840492623564,0.6630529129628311,valley,877.0,217.0,22.0,26.0,686.0,202.0,19.0,26.0,40341,40345,0,,,,,,,,,,,,,,,,"40328,40329,40330,40331,40332,40333,40334,40335,40336,40337,40338,40339,40340,40341,40342,40343,40344,40345,40346,40347,40348,40349,40350,40351"
0,526,40360,40378,"1973,1975,1974",1975,1,0.4444444444444444,0,0,1,1,442,,,40375,4.812011738673997,8.867287771234933,0.9502336535568819,,,,,0.0,,,,,,,,,,,,0,,,,,,,,,,,,,,,,"40360,40361,40362,40363,40364,40365,40366,40367,40368,40369,40370,40371,40372,40373,40374,40375,40376,40377,40378"
1,527,40386,40405,"1978,1980",1978,1,0.6666666666666666,0,0,1,1,443,,,40392,5.6309648376294925,4.1026131512448,0.947109989941356,40405,5.558224431194079,4.357877439031725,0.4627387723789447,0.5,ground_hit_fallback,967.0,217.0,14.0,15.0,773.0,191.0,19.0,26.0,40401,40405,0,,,,,,,,,,,,,,,,"40386,40387,40388,40389,40390,40391,40392,40393,40394,40395,40396,40397,40398,40400,40401,40402,40403,40404,40405"
1,528,40429,40445,"1983,1984",1984,1,0.5,1,1,1,1,444,,,40437,1.48469527767487,7.163458243444647,0.9455306231407573,40444,1.7561575674499326,6.448530768624193,0.18303877660511647,0.5,ground_hit_fallback,646.0,281.0,22.0,26.0,492.0,296.0,19.0,26.0,40440,40444,0,,,,,,,,,,,,,,,,"40429,40430,40431,40432,40433,40434,40435,40436,40437,40438,40439,40440,40441,40442,40443,40444,40445"
0,529,40489,40501,"1985,1986,1988",1985,0,0.0,0,0,1,1,445,,,,,,0.0,40494,-0.44519753683554786,4.399293989025431,-0.06474453317409878,0.37291036323723725,valley,528.0,255.0,16.0,18.0,323.0,277.0,25.0,26.0,40490,40494,0,,,,,,,,,,,,,,,,"40489,40490,40491,40492,40493,40494,40495,40498,40499,40500,40501"
1,530,40584,40631,"1992,1995,1994",1995,1,0.6521739130434783,0,0,1,1,446,,,40599,,,0.0,40605,1.9769519980287438,9.15498010198691,0.10804705294441341,0.670276263552435,valley,,,,,,,,,40601,40605,0,,,,,,,,,,,,,,,,"40584,40585,40586,40587,40588,40589,40590,40591,40592,40593,40594,40595,40596,40597,40598,40599,40600,40601,40602,40603,40604,40605,40606,40607,40608,40609,40610,40611,40612,40613,40614,40615,40616,40617,40618,40619,40620,40622,40624,40625,40626,40627,40628,40629,40630,40631"
1,531,40757,40783,"2001,2002,2003",2001,1,0.9230769230769231,0,0,1,1,447,,,40769,,,0.0,40780,1.468391967221518,1.23380194045982,-0.03435724935710116,0.6683445516873118,valley,686.0,195.0,22.0,30.0,480.0,198.0,19.0,26.0,40776,40780,0,,,,,,,,,,,,,,,,"40757,40758,40759,40760,40761,40762,40763,40764,40765,40766,40767,40768,40769,40770,40771,40772,40773,40774,40775,40776,40777,40778,40779,40780,40781,40782,40783"
1,532,40792,40824,2005,2005,1,0.8125,0,0,1,1,448,,,40805,,,0.0,40819,2.4199336728376926,12.309094711296147,0.06647383358465886,0.6447273369709666,valley,582.0,648.0,19.0,26.0,599.0,671.0,19.0,22.0,40815,40819,0,,,,,,,,,,,,,,,,"40792,40793,40794,40795,40796,40797,40798,40799,40800,40801,40802,40803,40804,40805,40806,40807,40808,40809,40810,40811,40812,40813,40814,40815,40816,40817,40818,40819,40820,40821,40822,40823,40824"
0,533,40825,40837,2005,2005,0,0.0,0,0,1,1,449,,,,2.1667711742159024,2.761572078647868,0.8504930008794456,,,,,0.0,,,,,,,,,,,,0,,,,,,,,,,,,,,,,"40825,40827,40829,40830,40831,40832,40833,40834,40835,40836,40837"
0,534,40842,40854,2008,2008,1,0.8333333333333334,0,0,1,1,450,,,40850,1.8269953449660856,2.913139934306222,0.9514438201914455,,,,,0.0,,,,,,,,,,,,0,,,,,,,,,,,,,,,,"40842,40843,40844,40845,40846,40847,40848,40849,40850,40851,40852,40853,40854"
1,535,40855,40880,2008,2008,1,0.46153846153846156,0,0,1,1,451,,,40861,,,0.0,40867,2.5343552128434563,9.42942282055633,-0.08338147054172129,0.7003146742294984,valley,675.0,423.0,25.0,33.0,585.0,431.0,16.0,33.0,40863,40867,1,40877,2.746021334036637,12.342471147466322,0.6555250303396223,cross_next_flight,,,632.0,573.0,19.0,26.0,649.0,585.0,16.0,22.0,"40855,40856,40857,40858,40859,40860,40861,40862,40863,40864,40865,40866,40867,40868,40869,40870,40871,40872,40873,40874,40875,40876,40877,40878,40879,40880"
0,536,40882,40903,"2008,2010",2010,0,0.0,0,0,1,1,452,,,,2.1747295006672607,4.975473348017617,0.9016153496384922,,,,,0.0,,,,,,,,,,,,0,,,,,,,,,,,,,,,,"40882,40884,40885,40886,40887,40888,40889,40890,40891,40892,40893,40895,40888,40889,40890,40891,40892,40893,40895,40896,40897,40898,40902,40903"
1,537,40910,40936,"2013,2011,2012",2013,1,0.38461538461538464,0,0,1,1,453,,,40913,3.903156560342275,6.539107430709062,0.5848874943509081,40920,2.175779745600411,5.676587677164118,0.6065200229032675,0.6754774226739098,valley,694.0,228.0,16.0,30.0,523.0,228.0,14.0,22.0,40916,40920,0,,,,,,,,,,,,,,,,"40910,40911,40912,40913,40914,40915,40916,40917,40918,40919,40920,40921,40922,40923,40924,40925,40926,40927,40928,40929,40930,40931,40932,40933,40934,40935,40936"
1,538,40937,40943,2013,2013,0,0.0,0,0,1,1,454,,,,5.10754206163407,8.463563171511534,0.9264091565121213,40942,4.825053289961922,8.19051721942106,0.3138668937208422,0.5,ground_hit_fallback,942.0,337.0,19.0,22.0,804.0,307.0,19.0,22.0,40938,40942,0,,,,,,,,,,,,,,,,"40937,40938,40939,40940,40941,40942,40943"
0,539,40962,40980,2018,2018,1,0.2222222222222222,0,1,1,1,455,,,40979,3.6695780482687153,5.182220803364332,0.941274263626336,,,,,0.0,,,,,,,,,,,,0,,,,,,,,,,,,,,,,"40962,40963,40964,40965,40966,40967,40968,40969,40970,40972,40973,40974,40975,40976,40977,40978,40979,40980"
1,540,40984,40993,"2019,2020",2019,0,0.0,0,0,1,1,456,,,,,,0.0,40990,3.8704569381765146,4.759205077839717,0.11230691839554297,0.7919710673433087,valley,,,,,,,,,40986,40990,0,,,,,,,,,,,,,,,,"40984,40985,40986,40987,40988,40989,40990,40991,40983,40984,40985,40986,40987,40988,40989,40990,40991,40992,40993"
0,541,41000,41019,2023,2023,1,0.8,1,0,1,1,457,,,41012,1.207995171728406,9.386271220004883,0.9351711520211541,,,,,0.0,,,,,,,,,,,,1,41018,1.6735565009779876,8.169214917688858,0.5252889988331345,cross_next_flight,41014,41018,607.0,303.0,25.0,30.0,469.0,318.0,19.0,30.0,"41000,41001,41002,41003,41004,41005,41006,41007,41008,41009,41010,41011,41012,41013,41014,41015,41016,41017,41018,41019"
0,542,41026,41037,"2024,2025",2025,0,0.0,0,0,1,1,458,,,,3.0635991778129386,4.952222595518405,0.8855798690207812,,,,,0.0,,,,,,,,,,,,0,,,,,,,,,,,,,,,,"41026,41027,41028,41030,41031,41032,41033,41034,41035,41036,41037"
1,543,41044,41055,"2027,2026,2028",2027,0,0.0,0,0,1,1,459,,,,,,0.0,41052,3.0790572684282793,4.565576652505566,0.09370433658235378,0.646844257317426,valley,770.0,247.0,19.0,26.0,596.0,240.0,19.0,26.0,41048,41052,0,,,,,,,,,,,,,,,,"41044,41045,41046,41047,41048,41049,41050,41051,41052,41053,41054,41055"
0,544,41076,41082,2031,2031,0,0.0,0,0,0,0,,,low_displacement,,2.836727410478255,14.359567595783295,0.8942704720056859,,,,,0.0,,,,,,,,,,,,0,,,,,,,,,,,,,,,,"41076,41077,41078,41079,41080,41081,41082"
0,545,41088,41096,2035,2035,0,0.0,0,0,1,1,460,,,,4.56495124368572,4.465443281882787,0.9004513893400452,41093,2.247919803750899,7.13451447095736,0.7895082852806445,0.1388923514045453,valley,680.0,251.0,22.0,22.0,525.0,251.0,19.0,22.0,41089,41093,0,,,,,,,,,,,,,,,,"41088,41089,41090,41091,41092,41093,41094,41095,41096"
0,546,41098,41104,2036,2036,0,0.0,0,0,1,1,461,,,,4.432967221895159,9.981170827513761,0.9130002870101284,,,,,0.0,,,,,,,,,,,,0,,,,,,,,,,,,,,,,"41098,41099,41100,41101,41102,41103,41104"
0,547,41128,41135,"2039,2038",2039,1,0.5,0,0,1,1,462,,,41132,5.221052748651261,7.43693289466161,0.9254230593760893,,,,,0.0,,,,,,,,,,,,0,,,,,,,,,,,,,,,,"41128,41129,41130,41131,41132,41133,41134,41135"
0,548,41157,41164,"2043,2040",2043,1,0.75,0,0,1,1,463,,,41160,2.343884956667391,-0.31226983641397155,0.9101910046673763,,,,,0.0,,,,,,,,,,,,0,,,,,,,,,,,,,,,,"41157,41158,41159,41160,41161,41162,41163,41164"
0,549,41166,41174,"2042,2043",2043,1,1.0,0,0,1,1,464,,,41170,2.3310660390089084,12.153397766926611,0.941407487005191,,,,,0.0,,,,,,,,,,,,0,,,,,,,,,,,,,,,,"41166,41167,41168,41169,41170,41171,41172,41173,41174"
0,550,41175,41202,"2043,2046,2045,2047,2048,2049",2046,1,0.3333333333333333,0,0,1,1,465,,,41179,4.513726906171656,-2.254353688501957,0.9205841533188941,,,,,0.0,,,,,,,,,,,,0,,,,,,,,,,,,,,,,"41175,41176,41177,41178,41179,41180,41181,41182,41183,41178,41179,41180,41181,41182,41183,41184,41185,41186,41187,41188,41189,41190,41191,41192,41193,41194,41199,41200,41201,41202"
1,551,41340,41363,"2053,2052,2055,2054",2055,1,0.75,0,0,1,1,466,,,41348,2.483220360439743,10.44075965153731,0.9420773231627247,41363,2.5971705421323,9.966635811484409,0.4546479933822365,0.5,ground_hit_fallback,672.0,401.0,22.0,26.0,590.0,405.0,14.0,22.0,41359,41363,0,,,,,,,,,,,,,,,,"41340,41341,41342,41343,41344,41345,41346,41347,41348,41349,41350,41351,41352,41353,41354,41355,41356,41357,41358,41359,41360,41361,41362,41363"
0,552,41424,41431,2056,2056,0,0.0,0,0,0,0,,,low_displacement,,2.4682347007913923,14.25431232565982,0.9297261302693818,,,,,0.0,,,,,,,,,,,,0,,,,,,,,,,,,,,,,"41424,41425,41426,41427,41428,41429,41430,41431"
0,553,41448,41453,2057,2057,0,0.0,0,0,0,0,,,low_displacement,,2.2166558919679966,14.2769471923385,0.8979826006488578,,,,,0.0,,,,,,,,,,,,0,,,,,,,,,,,,,,,,"41448,41449,41450,41451,41452,41453"
0,554,41510,41516,2059,2059,0,0.0,0,0,0,0,,,low_displacement,,2.2767526985694273,14.205825990344051,0.907451864829043,,,,,0.0,,,,,,,,,,,,0,,,,,,,,,,,,,,,,"41510,41511,41512,41514,41515,41516"
1,555,41701,41749,"2063,2065,2064",2065,1,0.6818181818181818,0,0,1,1,467,,,41735,,,0.0,41744,4.649708592719085,2.2887347345156144,0.5163750817039894,0.6482693332996415,valley,880.0,176.0,22.0,26.0,677.0,157.0,22.0,30.0,41740,41744,0,,,,,,,,,,,,,,,,"41701,41704,41705,41706,41707,41708,41709,41710,41711,41713,41714,41715,41716,41717,41720,41721,41722,41723,41724,41725,41726,41727,41728,41729,41730,41731,41732,41733,41734,41735,41736,41737,41738,41739,41740,41741,41742,41743,41744,41745,41746,41747,41748,41749"
0,556,41763,41769,"2069,2067,2068",2069,0,0.0,0,0,1,1,468,,,,2.2881655522836954,3.630364775164628,0.8443802588234959,,,,,0.0,,,,,,,,,,,,0,,,,,,,,,,,,,,,,"41763,41764,41765,41767,41768,41769"
0,557,41770,41781,"2069,2070",2070,1,1.0,0,0,1,1,469,,,41778,1.295812871688668,12.403431478387477,0.9401520956786966,,,,,0.0,,,,,,,,,,,,0,,,,,,,,,,,,,,,,"41770,41771,41776,41777,41778,41779,41780,41781"
1,558,41785,41806,2070,2070,0,0.0,0,0,1,1,470,,,,,,0.0,41799,1.2322436917935526,12.813034764711587,0.23732805991471473,0.6542751274097564,valley,331.0,667.0,25.0,30.0,340.0,768.0,22.0,30.0,41795,41799,0,,,,,,,,,,,,,,,,"41785,41786,41787,41788,41789,41790,41791,41792,41793,41794,41795,41796,41797,41798,41799,41800,41801,41802,41804,41805,41806"
1,559,41807,41831,"2070,2074",2074,1,0.7,0,0,1,1,471,,,41825,3.8834788059294874,3.5266302998686676,0.9406144125208521,41830,3.5825769494936806,4.3578792142141225,0.2851582269961668,0.5,ground_hit_fallback,810.0,228.0,16.0,22.0,630.0,217.0,19.0,22.0,41826,41830,0,,,,,,,,,,,,,,,,"41807,41808,41812,41813,41814,41815,41816,41817,41818,41820,41821,41822,41823,41824,41825,41826,41827,41828,41829,41830,41831"
1,560,41845,41873,"2077,2078,2079",2078,1,0.16666666666666666,1,0,1,1,472,,,41850,,,0.0,41856,1.6648278809049952,6.206798130241309,-0.07823579853902807,0.630388260678584,valley,646.0,296.0,16.0,26.0,489.0,311.0,16.0,26.0,41852,41856,0,,,,,,,,,,,,,,,,"41845,41846,41847,41850,41851,41852,41853,41854,41855,41856,41857,41858,41859,41860,41864,41865,41866,41867,41868,41869,41870,41871,41872,41873"
0,561,41888,41904,"2080,2081,2082",2080,0,0.0,0,0,0,0,,,low_displacement,,,,0.0,,,,,0.0,,,,,,,,,,,,0,,,,,,,,,,,,,,,,"41888,41889,41890,41891,41892,41893,41894,41895,41896,41897,41898,41899,41900,41901,41902,41903,41904"
0,562,41920,41932,2085,2085,1,0.5,0,0,1,1,473,,,41923,2.303244523127433,10.917260425796972,0.907506680743839,,,,,0.0,,,,,,,,,,,,1,41937,2.2656484809704347,10.05020087228874,0.1457534104830981,end_flight_fallback,41928,41932,624.0,326.0,19.0,26.0,509.0,348.0,19.0,26.0,"41920,41921,41922,41923,41924,41925,41926,41927,41928,41929,41930,41931,41932"
0,563,41960,41974,2086,2086,0,0.0,0,0,1,1,474,,,,4.014388212264299,12.285505040822281,0.9540250694005925,,,,,0.0,,,,,,,,,,,,0,,,,,,,,,,,,,,,,"41960,41961,41962,41963,41964,41965,41966,41967,41968,41969,41970,41971,41972,41974"
0,564,42116,42124,2087,2087,0,0.0,0,0,0,0,,,low_displacement,,4.5934966349593065,13.813968328311912,0.9359349830000578,,,,,0.0,,,,,,,,,,,,0,,,,,,,,,,,,,,,,"42116,42117,42118,42119,42122,42123,42124"
0,565,42152,42163,"2088,2089",2089,0,0.0,0,0,0,0,,,low_displacement,,4.601030131888899,13.812943175125447,0.9272849954340399,,,,,0.0,,,,,,,,,,,,0,,,,,,,,,,,,,,,,"42152,42154,42155,42156,42160,42161,42162,42163"
0,566,42184,42191,2090,2090,0,0.0,0,0,0,0,,,low_displacement,,4.427873894255658,13.625300226680995,0.9292577020148212,,,,,0.0,,,,,,,,,,,,0,,,,,,,,,,,,,,,,"42184,42185,42186,42187,42188,42189,42190,42191"
1,567,43454,43483,"2098,2100,2102,2103",2098,1,0.8571428571428571,0,0,1,1,475,,,43466,,,0.0,43478,3.9573925612167735,1.6456961808635242,0.274425539251272,0.6721382759992822,valley,,,,,,,,,43470,43478,0,,,,,,,,,,,,,,,,"43454,43455,43456,43457,43458,43459,43460,43461,43462,43463,43464,43465,43466,43467,43468,43469,43470,43471,43472,43473,43474,43475,43476,43477,43478,43479,43481,43482,43483"
1,568,43648,43677,"2104,2105,2106",2104,1,0.8666666666666667,0,0,1,1,476,,,43661,,,0.0,43672,1.5807488281195032,11.480873708373021,0.17925290856550458,0.6555684751162242,valley,,,,,,,,,43664,43672,0,,,,,,,,,,,,,,,,"43648,43649,43650,43651,43652,43653,43654,43655,43656,43657,43658,43659,43660,43661,43662,43663,43664,43665,43666,43667,43668,43669,43670,43671,43672,43673,43674,43675,43676,43677"
1,569,43678,43711,"2106,2107,2109,2108,2111,2110,2112,2113,2114",2109,1,0.8571428571428571,0,0,1,1,477,,,43692,,,0.0,43711,0.19659513330166933,-0.7459708466800477,-0.05182032832994632,0.5,ground_hit_fallback,641.0,172.0,11.0,22.0,416.0,180.0,19.0,30.0,43703,43710,0,,,,,,,,,,,,,,,,"43678,43679,43682,43683,43684,43686,43687,43688,43689,43690,43691,43692,43693,43694,43695,43696,43697,43698,43699,43700,43701,43702,43703,43704,43705,43706,43707,43708,43711"
0,570,43866,43887,"2119,2120,2124,2121,2122,2123,2125",2124,0,0.0,0,0,1,1,478,,,,4.774491144703429,0.4034560446402561,0.9348593662153788,,,,,0.0,,,,,,,,,,,,0,,,,,,,,,,,,,,,,"43866,43867,43868,43869,43870,43872,43873,43874,43875,43876,43877,43878,43879,43880,43881,43882,43883,43884,43885,43886,43887"
1,571,43984,44011,"2127,2128",2127,1,0.7857142857142857,0,0,1,1,479,,,43995,,,0.0,44008,1.4126880093420358,11.555098722164443,0.15794719993356043,0.615887365827583,valley,458.0,540.0,22.0,26.0,416.0,600.0,19.0,26.0,44000,44007,0,,,,,,,,,,,,,,,,"43984,43985,43986,43987,43988,43989,43990,43991,43992,43993,43994,43995,43996,43997,43998,43999,44000,44001,44002,44003,44004,44005,44006,44007,44008,44009,44010,44011"
0,572,44012,44044,"2128,2131",2128,1,0.9333333333333333,0,0,1,1,480,,,44029,2.1797202932133866,-2.294636171438185,0.870574870181007,,,,,0.0,,,,,,,,,,,,0,,,,,,,,,,,,,,,,"44012,44013,44017,44018,44019,44020,44021,44022,44023,44024,44025,44026,44027,44028,44029,44030,44031,44032,44033,44034,44035,44036,44037,44038,44039,44040,44041,44042,44043,44044"
0,573,44045,44053,"2128,2132,2133",2132,0,0.0,0,0,1,1,481,,,,2.5585624462918535,8.744786244204743,0.8762733735686474,,,,,0.0,,,,,,,,,,,,0,,,,,,,,,,,,,,,,"44045,44046,44047,44048,44049,44050,44051,44052,44053"
1,574,44059,44075,2134,2134,0,0.0,0,0,1,1,482,,,,3.5162012516014602,14.831331798657393,0.7559717454302523,44066,2.957711572774612,11.099226536826585,-0.017780305336410507,0.6577971144605417,valley,700.0,540.0,22.0,22.0,663.0,536.0,16.0,22.0,44058,44066,1,44080,3.690887489654709,15.502664544765672,0.2396858826801922,end_flight_fallback,44067,44075,739.0,982.0,14.0,30.0,911.0,900.0,22.0,26.0,"44059,44060,44061,44062,44063,44064,44065,44066,44067,44068,44069,44070,44071,44072,44073,44074,44075"
0,575,44218,44225,"2139,2140",2140,0,0.0,0,0,1,1,483,,,,1.5332989894251927,-7.1197518490423235,0.8183405731618123,,,,,0.0,,,,,,,,,,,,0,,,,,,,,,,,,,,,,"44218,44219,44221,44222,44223,44224,44225"
0,576,44253,44263,2146,2146,0,0.0,0,0,1,1,484,,,,3.1156561224946353,12.099505589678005,0.863242033091296,,,,,0.0,,,,,,,,,,,,0,,,,,,,,,,,,,,,,"44253,44254,44255,44260,44261,44263"
0,577,44281,44287,"2148,2149",2148,0,0.0,0,0,1,1,485,,,,5.78077303492322,10.009718596177304,0.8503424887587128,,,,,0.0,,,,,,,,,,,,0,,,,,,,,,,,,,,,,"44281,44282,44283,44284,44285,44286,44287"
0,578,44293,44303,"2150,2151,2152,2153,2154,2155,2156",2150,0,0.0,0,0,1,1,486,,,,4.7583243602604055,0.5283703165003328,0.9118282648242593,,,,,0.0,,,,,,,,,,,,0,,,,,,,,,,,,,,,,"44293,44294,44295,44296,44298,44299,44300,44301,44303"
1,579,44372,44412,"2159,2160",2159,1,0.35,1,0,1,1,487,,,44379,,,0.0,44401,0.7403274471439332,10.9728617980822,0.13374028936840077,0.6475318695260714,valley,405.0,487.0,16.0,22.0,317.0,562.0,19.0,26.0,44393,44401,1,44417,-0.06492831559430101,12.387834510179516,0.6555457821349862,end_flight_fallback,44409,44417,143.0,525.0,22.0,37.0,39.0,697.0,14.0,26.0,"44372,44373,44374,44375,44376,44377,44378,44379,44380,44381,44382,44383,44384,44385,44386,44387,44388,44389,44390,44391,44392,44393,44394,44395,44397,44398,44399,44400,44401,44402,44403,44404,44405,44406,44407,44408,44409,44410,44411,44412"
1,580,44413,44446,"2159,2162,2161,2164,2166",2162,1,0.9333333333333333,0,0,1,1,488,,,44429,,,0.0,44440,0.23702121791701442,1.3081488231558869,-0.04858016637926585,0.6854883154222482,valley,,,,,,,,,44432,44440,0,,,,,,,,,,,,,,,,"44413,44414,44417,44418,44419,44420,44421,44422,44423,44424,44425,44426,44427,44428,44429,44430,44431,44432,44433,44434,44435,44436,44437,44440,44441,44442,44443,44444,44445,44446"
0,581,44456,44475,2167,2167,1,0.5,0,0,1,1,489,,,44471,1.5492201145871507,9.532701964789984,0.9425925205166084,,,,,0.0,,,,,,,,,,,,0,,,,,,,,,,,,,,,,"44456,44457,44458,44459,44460,44461,44462,44463,44464,44465,44466,44467,44468,44469,44470,44471,44472,44473,44474,44475"
0,582,44476,44487,"2167,2168",2168,1,0.6,0,0,1,1,490,,,44481,1.2349934460120942,0.35654847547999946,0.8878335788402263,,,,,0.0,,,,,,,,,,,,0,,,,,,,,,,,,,,,,"44476,44479,44480,44481,44482,44483,44484,44485,44486,44487"
0,583,44504,44532,"2170,2171",2171,1,0.3076923076923077,0,0,1,1,491,,,44529,2.2959156091958492,10.731856969206897,0.9215229601928979,,,,,0.0,,,,,,,,,,,,0,,,,,,,,,,,,,,,,"44504,44505,44506,44507,44508,44509,44512,44513,44514,44515,44516,44517,44518,44519,44520,44521,44522,44523,44524,44525,44526,44527,44528,44529,44530,44531,44532"
1,584,44533,44551,"2171,2172,2173",2172,1,0.5454545454545454,0,0,1,1,492,,,44539,,,0.0,44544,1.722592962685548,3.8362202192195056,0.31694566009630565,0.7178537708605512,valley,677.0,213.0,22.0,30.0,489.0,217.0,19.0,26.0,44536,44543,0,,,,,,,,,,,,,,,,"44533,44534,44535,44536,44537,44538,44539,44540,44541,44542,44543,44540,44541,44542,44543,44544,44545,44546,44547,44548,44549,44550,44551"
0,585,44559,44590,"2176,2174,2175",2176,1,0.25,0,0,1,1,493,,,44587,2.896381395718751,8.287180743495746,0.9409760036245343,,,,,0.0,,,,,,,,,,,,0,,,,,,,,,,,,,,,,"44559,44560,44561,44562,44563,44564,44565,44566,44567,44568,44569,44570,44571,44572,44573,44574,44575,44576,44577,44578,44579,44580,44581,44582,44583,44584,44585,44586,44587,44588,44589,44590"
0,586,44608,44616,2177,2177,0,0.0,0,0,1,1,494,,,44609,0.9521455185870575,0.5189157058263181,0.9196694268506574,,,,,0.0,,,,,,,,,,,,0,,,,,,,,,,,,,,,,"44608,44609,44610,44611,44612,44613,44614,44615,44616"
0,587,44618,44623,2178,2178,0,0.0,0,0,0,0,,,low_displacement,,3.230404759159938,14.078098325378384,0.8760838490112837,,,,,0.0,,,,,,,,,,,,0,,,,,,,,,,,,,,,,"44618,44619,44620,44621,44622,44623"
0,588,44640,44645,2180,2180,0,0.0,0,0,0,0,,,low_displacement,,1.877951547651443,6.436916663704037,0.8955327661182917,,,,,0.0,,,,,,,,,,,,0,,,,,,,,,,,,,,,,"44640,44641,44642,44643,44644,44645"
0,589,44649,44655,2180,2180,0,0.0,1,0,1,1,495,,,44654,1.9250619754279417,8.275737543472562,0.9284376242257018,,,,,0.0,,,,,,,,,,,,1,44659,1.792166600900848,6.468096889876248,0.0,end_flight_fallback,44647,44655,646.0,240.0,16.0,26.0,480.0,247.0,16.0,30.0,"44649,44650,44651,44652,44653,44654,44655"
0,590,44712,44721,"2186,2184,2185",2186,0,0.0,0,0,0,0,,,low_displacement;low_peak_z,,,,0.0,,,,,0.0,,,,,,,,,,,,0,,,,,,,,,,,,,,,,"44712,44713,44714,44715,44716,44717,44718,44719,44720,44721"
