row_index,camera,bounce_frame,clip_name,clip_path,status,decode_s,crop_s,write_s,total_s,updated_at
1,source,62,dirchange_62_00001.mp4,/home/ganesh/test_work/cv_output/bounce_clips/source/dirchange_62_00001.mp4,ok,0.946221,0.000053,0.333674,1.279988,2026-07-20 20:50:48
17,source,1002,dirchange_1002_00017.mp4,/home/ganesh/test_work/cv_output/bounce_clips/source/dirchange_1002_00017.mp4,ok,0.824177,0.000052,0.168249,0.992503,2026-07-20 20:50:49
31,source,2164,dirchange_2164_00031.mp4,/home/ganesh/test_work/cv_output/bounce_clips/source/dirchange_2164_00031.mp4,ok,0.848943,0.000041,0.140707,0.989715,2026-07-20 20:50:50
43,source,2992,dirchange_2992_00043.mp4,/home/ganesh/test_work/cv_output/bounce_clips/source/dirchange_2992_00043.mp4,ok,0.713199,0.000045,0.145172,0.858439,2026-07-20 20:50:51
49,source,3403,dirchange_3403_00049.mp4,/home/ganesh/test_work/cv_output/bounce_clips/source/dirchange_3403_00049.mp4,ok,0.850047,0.000046,0.160656,1.010778,2026-07-20 20:50:52
50,source,3435,dirchange_3435_00050.mp4,/home/ganesh/test_work/cv_output/bounce_clips/source/dirchange_3435_00050.mp4,ok,0.176653,0.000044,0.167554,0.344277,2026-07-20 20:50:52
69,source,4603,dirchange_4603_00069.mp4,/home/ganesh/test_work/cv_output/bounce_clips/source/dirchange_4603_00069.mp4,failed,1.312177,0.000000,0.000000,1.312433,2026-07-20 20:50:54
70,source,4623,dirchange_4623_00070.mp4,/home/ganesh/test_work/cv_output/bounce_clips/source/dirchange_4623_00070.mp4,ok,0.329035,0.000042,0.186376,0.515473,2026-07-20 20:50:54
84,source,6316,dirchange_6316_00084.mp4,/home/ganesh/test_work/cv_output/bounce_clips/source/dirchange_6316_00084.mp4,ok,0.295192,0.000039,0.225843,0.521096,2026-07-20 20:50:55
90,source,7323,dirchange_7323_00090.mp4,/home/ganesh/test_work/cv_output/bounce_clips/source/dirchange_7323_00090.mp4,ok,0.952700,0.000033,0.136723,1.089488,2026-07-20 20:50:56
100,source,7950,dirchange_7950_00100.mp4,/home/ganesh/test_work/cv_output/bounce_clips/source/dirchange_7950_00100.mp4,ok,0.669993,0.000042,0.135155,0.805216,2026-07-20 20:50:57
117,source,9860,dirchange_9860_00117.mp4,/home/ganesh/test_work/cv_output/bounce_clips/source/dirchange_9860_00117.mp4,ok,0.185649,0.000064,0.136816,0.322562,2026-07-20 20:50:57
133,source,10900,dirchange_10900_00133.mp4,/home/ganesh/test_work/cv_output/bounce_clips/source/dirchange_10900_00133.mp4,ok,0.589359,0.000041,0.141104,0.730557,2026-07-20 20:50:58
140,source,11168,dirchange_11168_00140.mp4,/home/ganesh/test_work/cv_output/bounce_clips/source/dirchange_11168_00140.mp4,ok,0.199124,0.000044,0.171700,0.370892,2026-07-20 20:50:58
146,source,11328,dirchange_11328_00146.mp4,/home/ganesh/test_work/cv_output/bounce_clips/source/dirchange_11328_00146.mp4,ok,0.719552,0.000040,0.144744,0.864363,2026-07-20 20:50:59
153,source,11574,dirchange_11574_00153.mp4,/home/ganesh/test_work/cv_output/bounce_clips/source/dirchange_11574_00153.mp4,ok,0.668010,0.000052,0.136665,0.804753,2026-07-20 20:51:00
158,source,11737,dirchange_11737_00158.mp4,/home/ganesh/test_work/cv_output/bounce_clips/source/dirchange_11737_00158.mp4,ok,0.622102,0.000039,0.134442,0.756610,2026-07-20 20:51:01
167,source,12358,dirchange_12358_00167.mp4,/home/ganesh/test_work/cv_output/bounce_clips/source/dirchange_12358_00167.mp4,ok,0.729497,0.000035,0.250856,0.980413,2026-07-20 20:51:02
184,source,12911,dirchange_12911_00184.mp4,/home/ganesh/test_work/cv_output/bounce_clips/source/dirchange_12911_00184.mp4,ok,0.281236,0.000041,0.267590,0.548902,2026-07-20 20:51:02
187,source,12970,dirchange_12970_00187.mp4,/home/ganesh/test_work/cv_output/bounce_clips/source/dirchange_12970_00187.mp4,ok,0.458875,0.000039,0.244245,0.703189,2026-07-20 20:51:03
213,source,13810,dirchange_13810_00213.mp4,/home/ganesh/test_work/cv_output/bounce_clips/source/dirchange_13810_00213.mp4,ok,0.278430,0.000035,0.178277,0.456767,2026-07-20 20:51:03
213,sink,13810,dirchange_13810_00213.mp4,/home/ganesh/test_work/cv_output/bounce_clips/sink/dirchange_13810_00213.mp4,ok,1.175517,0.000047,0.158609,1.334197,2026-07-20 20:51:05
213,hq,13810,dirchange_13810_00213.mp4,/home/ganesh/test_work/cv_output/bounce_clips/hq/dirchange_13810_00213.mp4,ok,0.313941,0.000061,0.315968,0.629996,2026-07-20 20:51:05
218,source,13929,dirchange_13929_00218.mp4,/home/ganesh/test_work/cv_output/bounce_clips/source/dirchange_13929_00218.mp4,ok,0.192397,0.000044,0.142100,0.334565,2026-07-20 20:51:06
218,sink,13929,dirchange_13929_00218.mp4,/home/ganesh/test_work/cv_output/bounce_clips/sink/dirchange_13929_00218.mp4,ok,0.841240,0.000057,0.170979,1.012305,2026-07-20 20:51:07
218,hq,13929,dirchange_13929_00218.mp4,/home/ganesh/test_work/cv_output/bounce_clips/hq/dirchange_13929_00218.mp4,ok,0.325863,0.000051,0.335389,0.661327,2026-07-20 20:51:07
228,source,16068,dirchange_16068_00228.mp4,/home/ganesh/test_work/cv_output/bounce_clips/source/dirchange_16068_00228.mp4,ok,0.742949,0.000057,0.147014,0.890044,2026-07-20 20:51:08
228,sink,16068,dirchange_16068_00228.mp4,/home/ganesh/test_work/cv_output/bounce_clips/sink/dirchange_16068_00228.mp4,ok,0.780316,0.000048,0.147013,0.927459,2026-07-20 20:51:09
228,hq,16068,dirchange_16068_00228.mp4,/home/ganesh/test_work/cv_output/bounce_clips/hq/dirchange_16068_00228.mp4,ok,1.081981,0.000052,0.309065,1.391122,2026-07-20 20:51:10
0,source,27,bounce_27_00000.mp4,/home/ganesh/test_work/cv_output/bounce_clips/source/bounce_27_00000.mp4,ok,0.779735,0.000062,0.254698,1.034524,2026-07-20 20:51:11
0,sink,27,bounce_27_00000.mp4,/home/ganesh/test_work/cv_output/bounce_clips/sink/bounce_27_00000.mp4,ok,0.658786,0.000047,0.293526,0.952384,2026-07-20 20:51:12
0,hq,27,bounce_27_00000.mp4,/home/ganesh/test_work/cv_output/bounce_clips/hq/bounce_27_00000.mp4,ok,1.267789,0.000040,0.341567,1.609417,2026-07-20 20:51:14
3,source,160,bounce_160_00003.mp4,/home/ganesh/test_work/cv_output/bounce_clips/source/bounce_160_00003.mp4,ok,0.445645,0.000054,0.140301,0.586024,2026-07-20 20:51:15
3,source,185,dirchange_185_00003.mp4,/home/ganesh/test_work/cv_output/bounce_clips/source/dirchange_185_00003.mp4,ok,0.145521,0.000048,0.157978,0.303574,2026-07-20 20:51:15
3,sink,160,bounce_160_00003.mp4,/home/ganesh/test_work/cv_output/bounce_clips/sink/bounce_160_00003.mp4,ok,0.493776,0.000064,0.147213,0.641076,2026-07-20 20:51:16
3,hq,160,bounce_160_00003.mp4,/home/ganesh/test_work/cv_output/bounce_clips/hq/bounce_160_00003.mp4,ok,0.804679,0.000054,0.232856,1.037628,2026-07-20 20:51:17
5,source,377,bounce_377_00005.mp4,/home/ganesh/test_work/cv_output/bounce_clips/source/bounce_377_00005.mp4,failed,0.188336,0.000000,0.000000,0.188398,2026-07-20 20:51:17
5,sink,377,bounce_377_00005.mp4,/home/ganesh/test_work/cv_output/bounce_clips/sink/bounce_377_00005.mp4,failed,0.193126,0.000000,0.000000,0.193184,2026-07-20 20:51:17
5,hq,377,bounce_377_00005.mp4,/home/ganesh/test_work/cv_output/bounce_clips/hq/bounce_377_00005.mp4,ok,0.916680,0.000048,0.317840,1.234591,2026-07-20 20:51:18
6,source,415,bounce_415_00006.mp4,/home/ganesh/test_work/cv_output/bounce_clips/source/bounce_415_00006.mp4,ok,0.247321,0.000043,0.131902,0.379290,2026-07-20 20:51:19
6,sink,415,bounce_415_00006.mp4,/home/ganesh/test_work/cv_output/bounce_clips/sink/bounce_415_00006.mp4,ok,0.232579,0.000047,0.144620,0.377282,2026-07-20 20:51:19
6,hq,415,bounce_415_00006.mp4,/home/ganesh/test_work/cv_output/bounce_clips/hq/bounce_415_00006.mp4,ok,0.388970,0.000043,0.421755,0.810790,2026-07-20 20:51:20
10,source,629,bounce_629_00010.mp4,/home/ganesh/test_work/cv_output/bounce_clips/source/bounce_629_00010.mp4,ok,0.640079,0.000043,0.250497,0.890646,2026-07-20 20:51:21
10,sink,629,bounce_629_00010.mp4,/home/ganesh/test_work/cv_output/bounce_clips/sink/bounce_629_00010.mp4,ok,0.731676,0.000041,0.294086,1.025830,2026-07-20 20:51:22
10,hq,629,bounce_629_00010.mp4,/home/ganesh/test_work/cv_output/bounce_clips/hq/bounce_629_00010.mp4,ok,1.317975,0.000050,0.248818,1.566871,2026-07-20 20:51:23
13,source,782,bounce_782_00013.mp4,/home/ganesh/test_work/cv_output/bounce_clips/source/bounce_782_00013.mp4,ok,1.006610,0.000051,0.143859,1.150547,2026-07-20 20:51:24
13,sink,782,bounce_782_00013.mp4,/home/ganesh/test_work/cv_output/bounce_clips/sink/bounce_782_00013.mp4,ok,0.934839,0.000037,0.137088,1.071989,2026-07-20 20:51:26
13,hq,782,bounce_782_00013.mp4,/home/ganesh/test_work/cv_output/bounce_clips/hq/bounce_782_00013.mp4,ok,0.668040,0.000055,0.321821,0.989944,2026-07-20 20:51:27
14,source,823,bounce_823_00014.mp4,/home/ganesh/test_work/cv_output/bounce_clips/source/bounce_823_00014.mp4,ok,0.154694,0.000059,0.136317,0.291094,2026-07-20 20:51:27
14,sink,823,bounce_823_00014.mp4,/home/ganesh/test_work/cv_output/bounce_clips/sink/bounce_823_00014.mp4,ok,0.157571,0.000065,0.138232,0.295897,2026-07-20 20:51:27
14,hq,823,bounce_823_00014.mp4,/home/ganesh/test_work/cv_output/bounce_clips/hq/bounce_823_00014.mp4,ok,0.252362,0.000067,0.227262,0.479723,2026-07-20 20:51:28
15,source,863,bounce_863_00015.mp4,/home/ganesh/test_work/cv_output/bounce_clips/source/bounce_863_00015.mp4,failed,0.153018,0.000000,0.000000,0.153266,2026-07-20 20:51:28
15,sink,863,bounce_863_00015.mp4,/home/ganesh/test_work/cv_output/bounce_clips/sink/bounce_863_00015.mp4,failed,0.151590,0.000000,0.000000,0.151655,2026-07-20 20:51:28
15,hq,863,bounce_863_00015.mp4,/home/ganesh/test_work/cv_output/bounce_clips/hq/bounce_863_00015.mp4,ok,0.221179,0.000043,0.346824,0.568066,2026-07-20 20:51:29
16,source,895,bounce_895_00016.mp4,/home/ganesh/test_work/cv_output/bounce_clips/source/bounce_895_00016.mp4,ok,0.389335,0.000044,0.271636,0.661060,2026-07-20 20:51:29
16,sink,895,bounce_895_00016.mp4,/home/ganesh/test_work/cv_output/bounce_clips/sink/bounce_895_00016.mp4,ok,0.386557,0.000041,0.227366,0.613988,2026-07-20 20:51:30
16,hq,895,bounce_895_00016.mp4,/home/ganesh/test_work/cv_output/bounce_clips/hq/bounce_895_00016.mp4,ok,0.517198,0.000059,0.433696,0.950996,2026-07-20 20:51:31
18,source,1024,bounce_1024_00018.mp4,/home/ganesh/test_work/cv_output/bounce_clips/source/bounce_1024_00018.mp4,ok,0.816944,0.000041,0.163165,0.980172,2026-07-20 20:51:32
18,sink,1024,bounce_1024_00018.mp4,/home/ganesh/test_work/cv_output/bounce_clips/sink/bounce_1024_00018.mp4,ok,0.522028,0.000053,0.170960,0.693065,2026-07-20 20:51:32
18,hq,1024,bounce_1024_00018.mp4,/home/ganesh/test_work/cv_output/bounce_clips/hq/bounce_1024_00018.mp4,ok,0.660325,0.000084,0.335762,0.996203,2026-07-20 20:51:33
19,source,1406,bounce_1406_00019.mp4,/home/ganesh/test_work/cv_output/bounce_clips/source/bounce_1406_00019.mp4,ok,0.413581,0.000045,0.140450,0.554100,2026-07-20 20:51:34
19,source,1420,dirchange_1420_00019.mp4,/home/ganesh/test_work/cv_output/bounce_clips/source/dirchange_1420_00019.mp4,ok,0.065731,0.000060,0.152515,0.218332,2026-07-20 20:51:34
19,sink,1406,bounce_1406_00019.mp4,/home/ganesh/test_work/cv_output/bounce_clips/sink/bounce_1406_00019.mp4,ok,0.429401,0.000065,0.165169,0.594672,2026-07-20 20:51:35
19,hq,1406,bounce_1406_00019.mp4,/home/ganesh/test_work/cv_output/bounce_clips/hq/bounce_1406_00019.mp4,ok,1.212236,0.000047,0.216759,1.429069,2026-07-20 20:51:36
20,source,1447,bounce_1447_00020.mp4,/home/ganesh/test_work/cv_output/bounce_clips/source/bounce_1447_00020.mp4,ok,0.125668,0.000051,0.149062,0.274807,2026-07-20 20:51:37
20,sink,1447,bounce_1447_00020.mp4,/home/ganesh/test_work/cv_output/bounce_clips/sink/bounce_1447_00020.mp4,ok,0.164818,0.000059,0.159033,0.323933,2026-07-20 20:51:37
20,hq,1447,bounce_1447_00020.mp4,/home/ganesh/test_work/cv_output/bounce_clips/hq/bounce_1447_00020.mp4,ok,0.225499,0.000059,0.358559,0.584142,2026-07-20 20:51:37
22,source,1487,bounce_1487_00022.mp4,/home/ganesh/test_work/cv_output/bounce_clips/source/bounce_1487_00022.mp4,ok,0.156039,0.000052,0.159555,0.315672,2026-07-20 20:51:38
22,sink,1487,bounce_1487_00022.mp4,/home/ganesh/test_work/cv_output/bounce_clips/sink/bounce_1487_00022.mp4,ok,0.226454,0.000070,0.282885,0.509439,2026-07-20 20:51:38
22,hq,1487,bounce_1487_00022.mp4,/home/ganesh/test_work/cv_output/bounce_clips/hq/bounce_1487_00022.mp4,ok,0.449612,0.000062,0.538842,0.988545,2026-07-20 20:51:39
24,source,1567,bounce_1567_00024.mp4,/home/ganesh/test_work/cv_output/bounce_clips/source/bounce_1567_00024.mp4,ok,0.262836,0.000048,0.269629,0.532536,2026-07-20 20:51:40
24,sink,1567,bounce_1567_00024.mp4,/home/ganesh/test_work/cv_output/bounce_clips/sink/bounce_1567_00024.mp4,ok,0.357834,0.000052,0.231240,0.589150,2026-07-20 20:51:40
24,hq,1567,bounce_1567_00024.mp4,/home/ganesh/test_work/cv_output/bounce_clips/hq/bounce_1567_00024.mp4,ok,0.516709,0.000061,0.372438,0.889230,2026-07-20 20:51:41
25,source,1617,bounce_1617_00025.mp4,/home/ganesh/test_work/cv_output/bounce_clips/source/bounce_1617_00025.mp4,ok,0.268863,0.000050,0.153388,0.422328,2026-07-20 20:51:42
25,sink,1617,bounce_1617_00025.mp4,/home/ganesh/test_work/cv_output/bounce_clips/sink/bounce_1617_00025.mp4,ok,0.262639,0.000047,0.151448,0.414158,2026-07-20 20:51:42
25,hq,1617,bounce_1617_00025.mp4,/home/ganesh/test_work/cv_output/bounce_clips/hq/bounce_1617_00025.mp4,ok,0.306514,0.000051,0.359327,0.665918,2026-07-20 20:51:43
27,source,1660,bounce_1660_00027.mp4,/home/ganesh/test_work/cv_output/bounce_clips/source/bounce_1660_00027.mp4,ok,0.153637,0.000051,0.150161,0.303875,2026-07-20 20:51:43
27,source,1669,dirchange_1669_00027.mp4,/home/ganesh/test_work/cv_output/bounce_clips/source/dirchange_1669_00027.mp4,ok,0.681053,0.000037,0.161785,0.842898,2026-07-20 20:51:44
27,sink,1660,bounce_1660_00027.mp4,/home/ganesh/test_work/cv_output/bounce_clips/sink/bounce_1660_00027.mp4,ok,0.153207,0.000049,0.139201,0.292481,2026-07-20 20:51:44
27,hq,1660,bounce_1660_00027.mp4,/home/ganesh/test_work/cv_output/bounce_clips/hq/bounce_1660_00027.mp4,ok,0.248949,0.000052,0.227257,0.476282,2026-07-20 20:51:45
30,source,2123,bounce_2123_00030.mp4,/home/ganesh/test_work/cv_output/bounce_clips/source/bounce_2123_00030.mp4,ok,0.410767,0.000054,0.149998,0.560843,2026-07-20 20:51:45
30,sink,2123,bounce_2123_00030.mp4,/home/ganesh/test_work/cv_output/bounce_clips/sink/bounce_2123_00030.mp4,ok,0.437646,0.000053,0.132782,0.570508,2026-07-20 20:51:46
30,hq,2123,bounce_2123_00030.mp4,/home/ganesh/test_work/cv_output/bounce_clips/hq/bounce_2123_00030.mp4,ok,1.343308,0.000045,0.417732,1.761109,2026-07-20 20:51:48
32,source,2205,bounce_2205_00032.mp4,/home/ganesh/test_work/cv_output/bounce_clips/source/bounce_2205_00032.mp4,failed,0.496293,0.000000,0.000000,0.496354,2026-07-20 20:51:48
32,sink,2205,bounce_2205_00032.mp4,/home/ganesh/test_work/cv_output/bounce_clips/sink/bounce_2205_00032.mp4,failed,0.470944,0.000000,0.000000,0.470996,2026-07-20 20:51:49
32,hq,2205,bounce_2205_00032.mp4,/home/ganesh/test_work/cv_output/bounce_clips/hq/bounce_2205_00032.mp4,ok,0.359968,0.000056,0.339860,0.699906,2026-07-20 20:51:49
35,source,2330,bounce_2330_00035.mp4,/home/ganesh/test_work/cv_output/bounce_clips/source/bounce_2330_00035.mp4,ok,0.924593,0.000039,0.128349,1.053005,2026-07-20 20:51:50
35,sink,2330,bounce_2330_00035.mp4,/home/ganesh/test_work/cv_output/bounce_clips/sink/bounce_2330_00035.mp4,ok,0.753895,0.000047,0.132386,0.886358,2026-07-20 20:51:51
35,hq,2330,bounce_2330_00035.mp4,/home/ganesh/test_work/cv_output/bounce_clips/hq/bounce_2330_00035.mp4,ok,0.267981,0.000050,0.205386,0.473443,2026-07-20 20:51:52
36,source,2458,bounce_2458_00036.mp4,/home/ganesh/test_work/cv_output/bounce_clips/source/bounce_2458_00036.mp4,ok,0.825419,0.000046,0.149472,0.974963,2026-07-20 20:51:53
36,sink,2458,bounce_2458_00036.mp4,/home/ganesh/test_work/cv_output/bounce_clips/sink/bounce_2458_00036.mp4,ok,0.701680,0.000052,0.159267,0.861023,2026-07-20 20:51:54
36,hq,2458,bounce_2458_00036.mp4,/home/ganesh/test_work/cv_output/bounce_clips/hq/bounce_2458_00036.mp4,ok,0.283496,0.000063,0.335233,0.618822,2026-07-20 20:51:54
37,source,2581,bounce_2581_00037.mp4,/home/ganesh/test_work/cv_output/bounce_clips/source/bounce_2581_00037.mp4,ok,0.485857,0.000047,0.136726,0.622659,2026-07-20 20:51:55
37,sink,2581,bounce_2581_00037.mp4,/home/ganesh/test_work/cv_output/bounce_clips/sink/bounce_2581_00037.mp4,ok,0.508155,0.000037,0.136453,0.644675,2026-07-20 20:51:55
37,hq,2581,bounce_2581_00037.mp4,/home/ganesh/test_work/cv_output/bounce_clips/hq/bounce_2581_00037.mp4,ok,0.658148,0.000042,0.323744,0.981960,2026-07-20 20:51:56
38,source,2618,bounce_2618_00038.mp4,/home/ganesh/test_work/cv_output/bounce_clips/source/bounce_2618_00038.mp4,ok,0.279167,0.000054,0.288615,0.567863,2026-07-20 20:51:57
38,sink,2618,bounce_2618_00038.mp4,/home/ganesh/test_work/cv_output/bounce_clips/sink/bounce_2618_00038.mp4,ok,0.253370,0.000053,0.262101,0.515549,2026-07-20 20:51:58
38,hq,2618,bounce_2618_00038.mp4,/home/ganesh/test_work/cv_output/bounce_clips/hq/bounce_2618_00038.mp4,ok,0.362787,0.005124,0.484049,0.851983,2026-07-20 20:51:58
39,source,2653,bounce_2653_00039.mp4,/home/ganesh/test_work/cv_output/bounce_clips/source/bounce_2653_00039.mp4,ok,0.194331,0.000054,0.186269,0.380676,2026-07-20 20:51:59
39,sink,2653,bounce_2653_00039.mp4,/home/ganesh/test_work/cv_output/bounce_clips/sink/bounce_2653_00039.mp4,ok,0.203870,0.000062,0.176162,0.380117,2026-07-20 20:51:59
39,hq,2653,bounce_2653_00039.mp4,/home/ganesh/test_work/cv_output/bounce_clips/hq/bounce_2653_00039.mp4,ok,0.208602,0.000044,0.319192,0.527862,2026-07-20 20:52:00
42,source,2965,bounce_2965_00042.mp4,/home/ganesh/test_work/cv_output/bounce_clips/source/bounce_2965_00042.mp4,ok,0.397150,0.000058,0.147752,0.544993,2026-07-20 20:52:00
42,sink,2965,bounce_2965_00042.mp4,/home/ganesh/test_work/cv_output/bounce_clips/sink/bounce_2965_00042.mp4,ok,0.448543,0.000047,0.138380,0.586997,2026-07-20 20:52:01
42,hq,2965,bounce_2965_00042.mp4,/home/ganesh/test_work/cv_output/bounce_clips/hq/bounce_2965_00042.mp4,ok,1.176711,0.000056,0.215462,1.392252,2026-07-20 20:52:02
44,source,3067,bounce_3067_00044.mp4,/home/ganesh/test_work/cv_output/bounce_clips/source/bounce_3067_00044.mp4,failed,0.167963,0.000000,0.000000,0.168018,2026-07-20 20:52:02
44,source,3076,dirchange_3076_00044.mp4,/home/ganesh/test_work/cv_output/bounce_clips/source/dirchange_3076_00044.mp4,ok,0.128569,0.000051,0.153656,0.282297,2026-07-20 20:52:03
44,sink,3067,bounce_3067_00044.mp4,/home/ganesh/test_work/cv_output/bounce_clips/sink/bounce_3067_00044.mp4,failed,0.429994,0.000000,0.000000,0.430073,2026-07-20 20:52:03
44,hq,3067,bounce_3067_00044.mp4,/home/ganesh/test_work/cv_output/bounce_clips/hq/bounce_3067_00044.mp4,ok,0.617464,0.000046,0.331910,0.949440,2026-07-20 20:52:04
45,source,3286,dirchange_3286_00045.mp4,/home/ganesh/test_work/cv_output/bounce_clips/source/dirchange_3286_00045.mp4,ok,0.780205,0.000047,0.127841,0.908118,2026-07-20 20:52:05
47,source,3324,bounce_3324_00047.mp4,/home/ganesh/test_work/cv_output/bounce_clips/source/bounce_3324_00047.mp4,ok,0.420386,0.000048,0.159791,0.580249,2026-07-20 20:52:06
47,sink,3324,bounce_3324_00047.mp4,/home/ganesh/test_work/cv_output/bounce_clips/sink/bounce_3324_00047.mp4,ok,0.292857,0.000044,0.245787,0.538711,2026-07-20 20:52:06
47,hq,3324,bounce_3324_00047.mp4,/home/ganesh/test_work/cv_output/bounce_clips/hq/bounce_3324_00047.mp4,ok,2.057306,0.000050,0.441038,2.498420,2026-07-20 20:52:09
51,source,3462,bounce_3462_00051.mp4,/home/ganesh/test_work/cv_output/bounce_clips/source/bounce_3462_00051.mp4,ok,0.853235,0.000046,0.142325,0.995632,2026-07-20 20:52:10
51,sink,3462,bounce_3462_00051.mp4,/home/ganesh/test_work/cv_output/bounce_clips/sink/bounce_3462_00051.mp4,ok,0.595817,0.000047,0.157472,0.753366,2026-07-20 20:52:10
51,hq,3462,bounce_3462_00051.mp4,/home/ganesh/test_work/cv_output/bounce_clips/hq/bounce_3462_00051.mp4,ok,1.426119,0.000054,0.232354,1.658557,2026-07-20 20:52:12
52,source,3534,bounce_3534_00052.mp4,/home/ganesh/test_work/cv_output/bounce_clips/source/bounce_3534_00052.mp4,ok,0.254847,0.000044,0.162267,0.417180,2026-07-20 20:52:12
52,sink,3534,bounce_3534_00052.mp4,/home/ganesh/test_work/cv_output/bounce_clips/sink/bounce_3534_00052.mp4,ok,0.259278,0.000053,0.157477,0.416830,2026-07-20 20:52:13
52,hq,3534,bounce_3534_00052.mp4,/home/ganesh/test_work/cv_output/bounce_clips/hq/bounce_3534_00052.mp4,ok,0.270568,0.000051,0.260698,0.531341,2026-07-20 20:52:13
53,source,3573,bounce_3573_00053.mp4,/home/ganesh/test_work/cv_output/bounce_clips/source/bounce_3573_00053.mp4,ok,0.637779,0.000049,0.145924,0.783796,2026-07-20 20:52:14
53,sink,3573,bounce_3573_00053.mp4,/home/ganesh/test_work/cv_output/bounce_clips/sink/bounce_3573_00053.mp4,ok,0.399202,0.000049,0.150666,0.549946,2026-07-20 20:52:15
53,hq,3573,bounce_3573_00053.mp4,/home/ganesh/test_work/cv_output/bounce_clips/hq/bounce_3573_00053.mp4,ok,0.250213,0.000043,0.472110,0.722392,2026-07-20 20:52:15
58,source,3832,bounce_3832_00058.mp4,/home/ganesh/test_work/cv_output/bounce_clips/source/bounce_3832_00058.mp4,failed,1.123195,0.000000,0.000000,1.123251,2026-07-20 20:52:17
58,sink,3832,bounce_3832_00058.mp4,/home/ganesh/test_work/cv_output/bounce_clips/sink/bounce_3832_00058.mp4,failed,1.207198,0.000000,0.000000,1.207255,2026-07-20 20:52:18
58,hq,3832,bounce_3832_00058.mp4,/home/ganesh/test_work/cv_output/bounce_clips/hq/bounce_3832_00058.mp4,ok,0.377302,0.000042,0.279524,0.656890,2026-07-20 20:52:18
59,source,3993,bounce_3993_00059.mp4,/home/ganesh/test_work/cv_output/bounce_clips/source/bounce_3993_00059.mp4,ok,0.600695,0.000044,0.135532,0.736298,2026-07-20 20:52:19
59,sink,3993,bounce_3993_00059.mp4,/home/ganesh/test_work/cv_output/bounce_clips/sink/bounce_3993_00059.mp4,ok,0.392087,0.000068,0.169315,0.561496,2026-07-20 20:52:20
59,hq,3993,bounce_3993_00059.mp4,/home/ganesh/test_work/cv_output/bounce_clips/hq/bounce_3993_00059.mp4,ok,0.883649,0.000051,0.321955,1.205680,2026-07-20 20:52:21
60,source,4034,bounce_4034_00060.mp4,/home/ganesh/test_work/cv_output/bounce_clips/source/bounce_4034_00060.mp4,ok,0.176951,0.000036,0.143644,0.320653,2026-07-20 20:52:21
60,sink,4034,bounce_4034_00060.mp4,/home/ganesh/test_work/cv_output/bounce_clips/sink/bounce_4034_00060.mp4,ok,0.174186,0.000045,0.146390,0.320646,2026-07-20 20:52:22
60,hq,4034,bounce_4034_00060.mp4,/home/ganesh/test_work/cv_output/bounce_clips/hq/bounce_4034_00060.mp4,ok,0.320469,0.000053,0.233356,0.553906,2026-07-20 20:52:22
62,source,4291,bounce_4291_00062.mp4,/home/ganesh/test_work/cv_output/bounce_clips/source/bounce_4291_00062.mp4,ok,0.608441,0.000062,0.149838,0.758369,2026-07-20 20:52:23
62,sink,4291,bounce_4291_00062.mp4,/home/ganesh/test_work/cv_output/bounce_clips/sink/bounce_4291_00062.mp4,ok,0.398199,0.000049,0.148578,0.546856,2026-07-20 20:52:23
62,hq,4291,bounce_4291_00062.mp4,/home/ganesh/test_work/cv_output/bounce_clips/hq/bounce_4291_00062.mp4,ok,0.944406,0.000053,0.253977,1.198463,2026-07-20 20:52:25
65,source,4437,bounce_4437_00065.mp4,/home/ganesh/test_work/cv_output/bounce_clips/source/bounce_4437_00065.mp4,ok,1.367592,0.000045,0.241824,1.609486,2026-07-20 20:52:26
65,sink,4437,bounce_4437_00065.mp4,/home/ganesh/test_work/cv_output/bounce_clips/sink/bounce_4437_00065.mp4,ok,1.170118,0.000042,0.168287,1.338469,2026-07-20 20:52:28
65,hq,4437,bounce_4437_00065.mp4,/home/ganesh/test_work/cv_output/bounce_clips/hq/bounce_4437_00065.mp4,ok,1.381626,0.000091,0.242704,1.624463,2026-07-20 20:52:29
67,source,4511,bounce_4511_00067.mp4,/home/ganesh/test_work/cv_output/bounce_clips/source/bounce_4511_00067.mp4,failed,0.164334,0.000000,0.000000,0.164395,2026-07-20 20:52:29
67,sink,4511,bounce_4511_00067.mp4,/home/ganesh/test_work/cv_output/bounce_clips/sink/bounce_4511_00067.mp4,failed,0.146554,0.000000,0.000000,0.146610,2026-07-20 20:52:30
67,hq,4511,bounce_4511_00067.mp4,/home/ganesh/test_work/cv_output/bounce_clips/hq/bounce_4511_00067.mp4,ok,0.277471,0.000045,0.241301,0.518851,2026-07-20 20:52:30
71,source,4662,bounce_4662_00071.mp4,/home/ganesh/test_work/cv_output/bounce_clips/source/bounce_4662_00071.mp4,ok,0.821612,0.000045,0.160439,0.982124,2026-07-20 20:52:31
71,sink,4662,bounce_4662_00071.mp4,/home/ganesh/test_work/cv_output/bounce_clips/sink/bounce_4662_00071.mp4,ok,0.604859,0.000052,0.166843,0.771782,2026-07-20 20:52:32
71,hq,4662,bounce_4662_00071.mp4,/home/ganesh/test_work/cv_output/bounce_clips/hq/bounce_4662_00071.mp4,ok,1.213258,0.000079,0.234791,1.448154,2026-07-20 20:52:33
74,source,4937,bounce_4937_00074.mp4,/home/ganesh/test_work/cv_output/bounce_clips/source/bounce_4937_00074.mp4,ok,0.192068,0.000049,0.148850,0.340991,2026-07-20 20:52:34
74,sink,4937,bounce_4937_00074.mp4,/home/ganesh/test_work/cv_output/bounce_clips/sink/bounce_4937_00074.mp4,ok,0.245947,0.000049,0.267408,0.513431,2026-07-20 20:52:34
74,hq,4937,bounce_4937_00074.mp4,/home/ganesh/test_work/cv_output/bounce_clips/hq/bounce_4937_00074.mp4,ok,1.046675,0.000046,0.327207,1.373951,2026-07-20 20:52:36
75,source,5153,bounce_5153_00075.mp4,/home/ganesh/test_work/cv_output/bounce_clips/source/bounce_5153_00075.mp4,ok,1.089808,0.000044,0.229444,1.319322,2026-07-20 20:52:37
75,sink,5153,bounce_5153_00075.mp4,/home/ganesh/test_work/cv_output/bounce_clips/sink/bounce_5153_00075.mp4,ok,0.809051,0.000039,0.144157,0.953270,2026-07-20 20:52:38
75,hq,5153,bounce_5153_00075.mp4,/home/ganesh/test_work/cv_output/bounce_clips/hq/bounce_5153_00075.mp4,ok,1.120922,0.000057,0.342354,1.463357,2026-07-20 20:52:39
76,source,5196,bounce_5196_00076.mp4,/home/ganesh/test_work/cv_output/bounce_clips/source/bounce_5196_00076.mp4,ok,0.160098,0.000069,0.153635,0.313829,2026-07-20 20:52:40
76,source,5205,dirchange_5205_00076.mp4,/home/ganesh/test_work/cv_output/bounce_clips/source/dirchange_5205_00076.mp4,ok,0.714171,0.000053,0.159572,0.873823,2026-07-20 20:52:40
76,sink,5196,bounce_5196_00076.mp4,/home/ganesh/test_work/cv_output/bounce_clips/sink/bounce_5196_00076.mp4,ok,0.163336,0.000059,0.155569,0.318988,2026-07-20 20:52:41
76,hq,5196,bounce_5196_00076.mp4,/home/ganesh/test_work/cv_output/bounce_clips/hq/bounce_5196_00076.mp4,ok,0.259111,0.000062,0.235795,0.494993,2026-07-20 20:52:41
77,source,5278,bounce_5278_00077.mp4,/home/ganesh/test_work/cv_output/bounce_clips/source/bounce_5278_00077.mp4,failed,0.704772,0.000000,0.000000,0.704825,2026-07-20 20:52:42
77,source,5241,dirchange_5241_00077.mp4,/home/ganesh/test_work/cv_output/bounce_clips/source/dirchange_5241_00077.mp4,ok,0.130503,0.000049,0.147165,0.277737,2026-07-20 20:52:42
77,sink,5278,bounce_5278_00077.mp4,/home/ganesh/test_work/cv_output/bounce_clips/sink/bounce_5278_00077.mp4,failed,0.710261,0.000000,0.000000,0.710338,2026-07-20 20:52:43
77,hq,5278,bounce_5278_00077.mp4,/home/ganesh/test_work/cv_output/bounce_clips/hq/bounce_5278_00077.mp4,ok,2.017340,0.000040,0.566743,2.584146,2026-07-20 20:52:46
81,source,5590,bounce_5590_00081.mp4,/home/ganesh/test_work/cv_output/bounce_clips/source/bounce_5590_00081.mp4,ok,0.223287,0.000050,0.177045,0.400411,2026-07-20 20:52:46
81,source,5632,dirchange_5632_00081.mp4,/home/ganesh/test_work/cv_output/bounce_clips/source/dirchange_5632_00081.mp4,ok,0.240823,0.000049,0.194708,0.435613,2026-07-20 20:52:46
81,sink,5590,bounce_5590_00081.mp4,/home/ganesh/test_work/cv_output/bounce_clips/sink/bounce_5590_00081.mp4,ok,0.195507,0.000042,0.160712,0.356290,2026-07-20 20:52:47
81,hq,5590,bounce_5590_00081.mp4,/home/ganesh/test_work/cv_output/bounce_clips/hq/bounce_5590_00081.mp4,ok,0.279238,0.000055,0.324125,0.603443,2026-07-20 20:52:47
82,source,6239,bounce_6239_00082.mp4,/home/ganesh/test_work/cv_output/bounce_clips/source/bounce_6239_00082.mp4,failed,0.756386,0.000000,0.000000,0.756446,2026-07-20 20:52:48
82,sink,6239,bounce_6239_00082.mp4,/home/ganesh/test_work/cv_output/bounce_clips/sink/bounce_6239_00082.mp4,failed,0.745370,0.000000,0.000000,0.745440,2026-07-20 20:52:49
82,hq,6239,bounce_6239_00082.mp4,/home/ganesh/test_work/cv_output/bounce_clips/hq/bounce_6239_00082.mp4,ok,1.379385,0.000056,0.226068,1.605530,2026-07-20 20:52:51
83,source,6280,bounce_6280_00083.mp4,/home/ganesh/test_work/cv_output/bounce_clips/source/bounce_6280_00083.mp4,ok,0.172863,0.000067,0.154195,0.327157,2026-07-20 20:52:51
83,sink,6280,bounce_6280_00083.mp4,/home/ganesh/test_work/cv_output/bounce_clips/sink/bounce_6280_00083.mp4,ok,0.155372,0.000046,0.148841,0.304280,2026-07-20 20:52:51
83,hq,6280,bounce_6280_00083.mp4,/home/ganesh/test_work/cv_output/bounce_clips/hq/bounce_6280_00083.mp4,ok,0.235753,0.000078,0.327388,0.563251,2026-07-20 20:52:52
87,source,6908,bounce_6908_00087.mp4,/home/ganesh/test_work/cv_output/bounce_clips/source/bounce_6908_00087.mp4,failed,0.223228,0.000000,0.000000,0.223291,2026-07-20 20:52:52
87,sink,6908,bounce_6908_00087.mp4,/home/ganesh/test_work/cv_output/bounce_clips/sink/bounce_6908_00087.mp4,failed,0.947423,0.000000,0.000000,0.947482,2026-07-20 20:52:53
87,hq,6908,bounce_6908_00087.mp4,/home/ganesh/test_work/cv_output/bounce_clips/hq/bounce_6908_00087.mp4,ok,0.264930,0.000047,0.310377,0.575379,2026-07-20 20:52:53
91,source,7364,bounce_7364_00091.mp4,/home/ganesh/test_work/cv_output/bounce_clips/source/bounce_7364_00091.mp4,ok,1.461409,0.000045,0.289237,1.750718,2026-07-20 20:52:55
91,sink,7364,bounce_7364_00091.mp4,/home/ganesh/test_work/cv_output/bounce_clips/sink/bounce_7364_00091.mp4,ok,1.316144,0.000049,0.387492,1.703712,2026-07-20 20:52:57
91,hq,7364,bounce_7364_00091.mp4,/home/ganesh/test_work/cv_output/bounce_clips/hq/bounce_7364_00091.mp4,ok,1.826823,0.000053,0.386661,2.213565,2026-07-20 20:52:59
92,source,7452,bounce_7452_00092.mp4,/home/ganesh/test_work/cv_output/bounce_clips/source/bounce_7452_00092.mp4,ok,0.312603,0.000044,0.219667,0.532342,2026-07-20 20:53:00
92,sink,7452,bounce_7452_00092.mp4,/home/ganesh/test_work/cv_output/bounce_clips/sink/bounce_7452_00092.mp4,ok,0.334175,0.000051,0.239612,0.573864,2026-07-20 20:53:00
92,hq,7452,bounce_7452_00092.mp4,/home/ganesh/test_work/cv_output/bounce_clips/hq/bounce_7452_00092.mp4,ok,0.443614,0.000056,0.366575,0.810273,2026-07-20 20:53:01
93,source,7478,bounce_7478_00093.mp4,/home/ganesh/test_work/cv_output/bounce_clips/source/bounce_7478_00093.mp4,failed,0.223618,0.000000,0.000000,0.223693,2026-07-20 20:53:01
93,sink,7478,bounce_7478_00093.mp4,/home/ganesh/test_work/cv_output/bounce_clips/sink/bounce_7478_00093.mp4,failed,0.205326,0.000000,0.000000,0.206620,2026-07-20 20:53:02
93,hq,7478,bounce_7478_00093.mp4,/home/ganesh/test_work/cv_output/bounce_clips/hq/bounce_7478_00093.mp4,ok,0.345976,0.000059,0.352869,0.698929,2026-07-20 20:53:02
94,source,7568,bounce_7568_00094.mp4,/home/ganesh/test_work/cv_output/bounce_clips/source/bounce_7568_00094.mp4,ok,0.350823,0.003087,0.213247,0.567188,2026-07-20 20:53:03
94,sink,7568,bounce_7568_00094.mp4,/home/ganesh/test_work/cv_output/bounce_clips/sink/bounce_7568_00094.mp4,ok,1.436887,0.000045,0.231717,1.668676,2026-07-20 20:53:05
94,hq,7568,bounce_7568_00094.mp4,/home/ganesh/test_work/cv_output/bounce_clips/hq/bounce_7568_00094.mp4,ok,0.520200,0.000047,0.679848,1.200120,2026-07-20 20:53:06
96,source,7646,bounce_7646_00096.mp4,/home/ganesh/test_work/cv_output/bounce_clips/source/bounce_7646_00096.mp4,ok,0.816355,0.000045,0.334316,1.150743,2026-07-20 20:53:07
96,sink,7646,bounce_7646_00096.mp4,/home/ganesh/test_work/cv_output/bounce_clips/sink/bounce_7646_00096.mp4,ok,1.051298,0.000046,0.386512,1.437882,2026-07-20 20:53:08
96,hq,7646,bounce_7646_00096.mp4,/home/ganesh/test_work/cv_output/bounce_clips/hq/bounce_7646_00096.mp4,ok,1.602235,0.000053,0.521901,2.124213,2026-07-20 20:53:10
101,source,7973,bounce_7973_00101.mp4,/home/ganesh/test_work/cv_output/bounce_clips/source/bounce_7973_00101.mp4,ok,1.204269,0.000046,0.223921,1.428264,2026-07-20 20:53:12
101,sink,7973,bounce_7973_00101.mp4,/home/ganesh/test_work/cv_output/bounce_clips/sink/bounce_7973_00101.mp4,ok,1.156036,0.000043,0.243726,1.399835,2026-07-20 20:53:13
101,hq,7973,bounce_7973_00101.mp4,/home/ganesh/test_work/cv_output/bounce_clips/hq/bounce_7973_00101.mp4,ok,1.729685,0.000053,0.533657,2.263421,2026-07-20 20:53:16
106,source,9458,bounce_9458_00106.mp4,/home/ganesh/test_work/cv_output/bounce_clips/source/bounce_9458_00106.mp4,ok,0.927567,0.000045,0.244204,1.171843,2026-07-20 20:53:17
106,sink,9458,bounce_9458_00106.mp4,/home/ganesh/test_work/cv_output/bounce_clips/sink/bounce_9458_00106.mp4,ok,0.923721,0.000045,0.230246,1.154038,2026-07-20 20:53:18
106,hq,9458,bounce_9458_00106.mp4,/home/ganesh/test_work/cv_output/bounce_clips/hq/bounce_9458_00106.mp4,ok,2.670723,0.000047,0.519017,3.189812,2026-07-20 20:53:21
108,source,9498,bounce_9498_00108.mp4,/home/ganesh/test_work/cv_output/bounce_clips/source/bounce_9498_00108.mp4,failed,0.298635,0.000000,0.000000,0.298692,2026-07-20 20:53:21
108,sink,9498,bounce_9498_00108.mp4,/home/ganesh/test_work/cv_output/bounce_clips/sink/bounce_9498_00108.mp4,failed,0.294580,0.000000,0.000000,0.294630,2026-07-20 20:53:22
108,hq,9498,bounce_9498_00108.mp4,/home/ganesh/test_work/cv_output/bounce_clips/hq/bounce_9498_00108.mp4,ok,0.478624,0.000067,0.375347,0.854062,2026-07-20 20:53:23
109,source,9543,bounce_9543_00109.mp4,/home/ganesh/test_work/cv_output/bounce_clips/source/bounce_9543_00109.mp4,ok,0.476409,0.000048,0.226821,0.703303,2026-07-20 20:53:23
109,sink,9543,bounce_9543_00109.mp4,/home/ganesh/test_work/cv_output/bounce_clips/sink/bounce_9543_00109.mp4,ok,0.427064,0.000043,0.239092,0.666225,2026-07-20 20:53:24
109,hq,9543,bounce_9543_00109.mp4,/home/ganesh/test_work/cv_output/bounce_clips/hq/bounce_9543_00109.mp4,ok,0.391476,0.000047,0.459985,0.851534,2026-07-20 20:53:25
110,source,9573,bounce_9573_00110.mp4,/home/ganesh/test_work/cv_output/bounce_clips/source/bounce_9573_00110.mp4,ok,0.219784,0.000050,0.281643,0.501503,2026-07-20 20:53:25
110,sink,9573,bounce_9573_00110.mp4,/home/ganesh/test_work/cv_output/bounce_clips/sink/bounce_9573_00110.mp4,ok,0.225714,0.000046,0.232379,0.458166,2026-07-20 20:53:26
110,hq,9573,bounce_9573_00110.mp4,/home/ganesh/test_work/cv_output/bounce_clips/hq/bounce_9573_00110.mp4,ok,0.332458,0.000049,0.347693,0.680227,2026-07-20 20:53:26
111,source,9605,bounce_9605_00111.mp4,/home/ganesh/test_work/cv_output/bounce_clips/source/bounce_9605_00111.mp4,ok,0.198469,0.000048,0.222091,0.420635,2026-07-20 20:53:27
111,sink,9605,bounce_9605_00111.mp4,/home/ganesh/test_work/cv_output/bounce_clips/sink/bounce_9605_00111.mp4,ok,0.243036,0.000061,0.259212,0.502338,2026-07-20 20:53:27
111,hq,9605,bounce_9605_00111.mp4,/home/ganesh/test_work/cv_output/bounce_clips/hq/bounce_9605_00111.mp4,ok,0.352887,0.000057,0.507414,0.860383,2026-07-20 20:53:28
113,source,9670,bounce_9670_00113.mp4,/home/ganesh/test_work/cv_output/bounce_clips/source/bounce_9670_00113.mp4,ok,0.289176,0.000065,0.220987,0.510286,2026-07-20 20:53:29
113,sink,9670,bounce_9670_00113.mp4,/home/ganesh/test_work/cv_output/bounce_clips/sink/bounce_9670_00113.mp4,ok,0.248474,0.000046,0.212459,0.461007,2026-07-20 20:53:29
113,hq,9670,bounce_9670_00113.mp4,/home/ganesh/test_work/cv_output/bounce_clips/hq/bounce_9670_00113.mp4,ok,0.491464,0.000050,0.538216,1.029754,2026-07-20 20:53:30
115,source,9807,bounce_9807_00115.mp4,/home/ganesh/test_work/cv_output/bounce_clips/source/bounce_9807_00115.mp4,ok,0.819053,0.000038,0.340273,1.159388,2026-07-20 20:53:31
115,sink,9807,bounce_9807_00115.mp4,/home/ganesh/test_work/cv_output/bounce_clips/sink/bounce_9807_00115.mp4,ok,1.006073,0.000043,0.318469,1.327596,2026-07-20 20:53:33
115,hq,9807,bounce_9807_00115.mp4,/home/ganesh/test_work/cv_output/bounce_clips/hq/bounce_9807_00115.mp4,ok,1.924830,0.000051,0.503049,2.427955,2026-07-20 20:53:35
118,source,9864,bounce_9864_00118.mp4,/home/ganesh/test_work/cv_output/bounce_clips/source/bounce_9864_00118.mp4,ok,0.380249,0.000049,0.224900,0.605225,2026-07-20 20:53:36
118,sink,9864,bounce_9864_00118.mp4,/home/ganesh/test_work/cv_output/bounce_clips/sink/bounce_9864_00118.mp4,ok,0.341970,0.000050,0.278771,0.620818,2026-07-20 20:53:36
118,hq,9864,bounce_9864_00118.mp4,/home/ganesh/test_work/cv_output/bounce_clips/hq/bounce_9864_00118.mp4,ok,0.544016,0.000057,0.504777,1.048877,2026-07-20 20:53:37
120,source,9982,bounce_9982_00120.mp4,/home/ganesh/test_work/cv_output/bounce_clips/source/bounce_9982_00120.mp4,failed,0.641081,0.000000,0.000000,0.641136,2026-07-20 20:53:38
120,sink,9982,bounce_9982_00120.mp4,/home/ganesh/test_work/cv_output/bounce_clips/sink/bounce_9982_00120.mp4,failed,0.292985,0.000000,0.000000,0.293042,2026-07-20 20:53:38
120,hq,9982,bounce_9982_00120.mp4,/home/ganesh/test_work/cv_output/bounce_clips/hq/bounce_9982_00120.mp4,ok,1.009625,0.000048,0.365963,1.375661,2026-07-20 20:53:40
122,source,10017,bounce_10017_00122.mp4,/home/ganesh/test_work/cv_output/bounce_clips/source/bounce_10017_00122.mp4,ok,0.390747,0.000049,0.229046,0.619868,2026-07-20 20:53:40
122,sink,10017,bounce_10017_00122.mp4,/home/ganesh/test_work/cv_output/bounce_clips/sink/bounce_10017_00122.mp4,ok,0.242858,0.000066,0.241076,0.484026,2026-07-20 20:53:41
122,hq,10017,bounce_10017_00122.mp4,/home/ganesh/test_work/cv_output/bounce_clips/hq/bounce_10017_00122.mp4,ok,0.598067,0.000052,0.548431,1.146577,2026-07-20 20:53:42
123,source,10048,bounce_10048_00123.mp4,/home/ganesh/test_work/cv_output/bounce_clips/source/bounce_10048_00123.mp4,ok,0.247726,0.000052,0.256826,0.504631,2026-07-20 20:53:43
123,sink,10048,bounce_10048_00123.mp4,/home/ganesh/test_work/cv_output/bounce_clips/sink/bounce_10048_00123.mp4,ok,0.843710,0.000040,0.382482,1.226255,2026-07-20 20:53:44
123,hq,10048,bounce_10048_00123.mp4,/home/ganesh/test_work/cv_output/bounce_clips/hq/bounce_10048_00123.mp4,ok,0.455832,0.000066,0.388248,0.844173,2026-07-20 20:53:45
126,source,10208,bounce_10208_00126.mp4,/home/ganesh/test_work/cv_output/bounce_clips/source/bounce_10208_00126.mp4,ok,0.406264,0.000045,0.347102,0.753436,2026-07-20 20:53:45
126,sink,10208,bounce_10208_00126.mp4,/home/ganesh/test_work/cv_output/bounce_clips/sink/bounce_10208_00126.mp4,ok,1.599959,0.000048,0.233835,1.833866,2026-07-20 20:53:47
126,hq,10208,bounce_10208_00126.mp4,/home/ganesh/test_work/cv_output/bounce_clips/hq/bounce_10208_00126.mp4,ok,0.471777,0.000042,0.507405,0.979248,2026-07-20 20:53:48
127,source,10275,bounce_10275_00127.mp4,/home/ganesh/test_work/cv_output/bounce_clips/source/bounce_10275_00127.mp4,ok,0.286610,0.000044,0.243055,0.529733,2026-07-20 20:53:49
127,sink,10275,bounce_10275_00127.mp4,/home/ganesh/test_work/cv_output/bounce_clips/sink/bounce_10275_00127.mp4,ok,0.255486,0.000043,0.240348,0.495901,2026-07-20 20:53:49
127,hq,10275,bounce_10275_00127.mp4,/home/ganesh/test_work/cv_output/bounce_clips/hq/bounce_10275_00127.mp4,ok,0.533269,0.000053,0.513835,1.047226,2026-07-20 20:53:50
129,source,10664,bounce_10664_00129.mp4,/home/ganesh/test_work/cv_output/bounce_clips/source/bounce_10664_00129.mp4,ok,1.306268,0.000054,0.298243,1.604592,2026-07-20 20:53:52
129,sink,10664,bounce_10664_00129.mp4,/home/ganesh/test_work/cv_output/bounce_clips/sink/bounce_10664_00129.mp4,ok,0.950622,0.000048,0.223047,1.173744,2026-07-20 20:53:53
129,hq,10664,bounce_10664_00129.mp4,/home/ganesh/test_work/cv_output/bounce_clips/hq/bounce_10664_00129.mp4,ok,1.751010,0.000049,0.503911,2.254995,2026-07-20 20:53:55
130,source,10706,bounce_10706_00130.mp4,/home/ganesh/test_work/cv_output/bounce_clips/source/bounce_10706_00130.mp4,ok,0.272148,0.000050,0.226197,0.498421,2026-07-20 20:53:56
130,sink,10706,bounce_10706_00130.mp4,/home/ganesh/test_work/cv_output/bounce_clips/sink/bounce_10706_00130.mp4,ok,0.251043,0.000052,0.319716,0.570838,2026-07-20 20:53:56
130,hq,10706,bounce_10706_00130.mp4,/home/ganesh/test_work/cv_output/bounce_clips/hq/bounce_10706_00130.mp4,ok,0.518381,0.000056,0.773833,1.292295,2026-07-20 20:53:58
134,source,10916,bounce_10916_00134.mp4,/home/ganesh/test_work/cv_output/bounce_clips/source/bounce_10916_00134.mp4,ok,1.741517,0.000043,0.227505,1.969091,2026-07-20 20:54:00
134,sink,10916,bounce_10916_00134.mp4,/home/ganesh/test_work/cv_output/bounce_clips/sink/bounce_10916_00134.mp4,ok,1.237317,0.000044,0.231592,1.468979,2026-07-20 20:54:01
134,hq,10916,bounce_10916_00134.mp4,/home/ganesh/test_work/cv_output/bounce_clips/hq/bounce_10916_00134.mp4,ok,2.218426,0.000049,0.517906,2.736406,2026-07-20 20:54:04
136,source,11050,bounce_11050_00136.mp4,/home/ganesh/test_work/cv_output/bounce_clips/source/bounce_11050_00136.mp4,ok,0.343316,0.000047,0.226192,0.569583,2026-07-20 20:54:04
136,sink,11050,bounce_11050_00136.mp4,/home/ganesh/test_work/cv_output/bounce_clips/sink/bounce_11050_00136.mp4,ok,0.300702,0.000044,0.249057,0.549832,2026-07-20 20:54:05
136,hq,11050,bounce_11050_00136.mp4,/home/ganesh/test_work/cv_output/bounce_clips/hq/bounce_11050_00136.mp4,ok,0.479014,0.000051,0.538089,1.017180,2026-07-20 20:54:06
139,source,11128,bounce_11128_00139.mp4,/home/ganesh/test_work/cv_output/bounce_clips/source/bounce_11128_00139.mp4,ok,0.637116,0.000056,0.234049,0.871252,2026-07-20 20:54:07
139,sink,11128,bounce_11128_00139.mp4,/home/ganesh/test_work/cv_output/bounce_clips/sink/bounce_11128_00139.mp4,ok,0.682885,0.000047,0.235104,0.918074,2026-07-20 20:54:08
139,hq,11128,bounce_11128_00139.mp4,/home/ganesh/test_work/cv_output/bounce_clips/hq/bounce_11128_00139.mp4,ok,1.460617,0.000058,0.801887,2.262593,2026-07-20 20:54:10
141,source,11194,bounce_11194_00141.mp4,/home/ganesh/test_work/cv_output/bounce_clips/source/bounce_11194_00141.mp4,ok,0.539279,0.000052,0.355008,0.894368,2026-07-20 20:54:11
141,sink,11194,bounce_11194_00141.mp4,/home/ganesh/test_work/cv_output/bounce_clips/sink/bounce_11194_00141.mp4,ok,0.556398,0.000053,0.275349,0.831823,2026-07-20 20:54:12
141,hq,11194,bounce_11194_00141.mp4,/home/ganesh/test_work/cv_output/bounce_clips/hq/bounce_11194_00141.mp4,ok,0.884565,0.000051,0.565143,1.449784,2026-07-20 20:54:13
143,source,11263,bounce_11263_00143.mp4,/home/ganesh/test_work/cv_output/bounce_clips/source/bounce_11263_00143.mp4,ok,1.347041,0.000049,0.205592,1.552708,2026-07-20 20:54:15
143,source,11272,dirchange_11272_00143.mp4,/home/ganesh/test_work/cv_output/bounce_clips/source/dirchange_11272_00143.mp4,ok,0.707949,0.000055,0.154336,0.862367,2026-07-20 20:54:16
143,sink,11263,bounce_11263_00143.mp4,/home/ganesh/test_work/cv_output/bounce_clips/sink/bounce_11263_00143.mp4,ok,0.920319,0.000050,0.147612,1.068023,2026-07-20 20:54:17
143,hq,11263,bounce_11263_00143.mp4,/home/ganesh/test_work/cv_output/bounce_clips/hq/bounce_11263_00143.mp4,ok,1.231731,0.000048,0.327328,1.559136,2026-07-20 20:54:18
145,source,11318,bounce_11318_00145.mp4,/home/ganesh/test_work/cv_output/bounce_clips/source/bounce_11318_00145.mp4,failed,0.178599,0.000000,0.000000,0.178665,2026-07-20 20:54:19
145,source,11303,dirchange_11303_00145.mp4,/home/ganesh/test_work/cv_output/bounce_clips/source/dirchange_11303_00145.mp4,ok,0.331067,0.000047,0.159373,0.490507,2026-07-20 20:54:19
145,sink,11318,bounce_11318_00145.mp4,/home/ganesh/test_work/cv_output/bounce_clips/sink/bounce_11318_00145.mp4,failed,0.194174,0.000000,0.000000,0.194437,2026-07-20 20:54:19
145,hq,11318,bounce_11318_00145.mp4,/home/ganesh/test_work/cv_output/bounce_clips/hq/bounce_11318_00145.mp4,ok,0.303291,0.000042,0.331712,0.635068,2026-07-20 20:54:20
148,source,11380,bounce_11380_00148.mp4,/home/ganesh/test_work/cv_output/bounce_clips/source/bounce_11380_00148.mp4,ok,0.663855,0.000043,0.241874,0.905799,2026-07-20 20:54:21
148,sink,11380,bounce_11380_00148.mp4,/home/ganesh/test_work/cv_output/bounce_clips/sink/bounce_11380_00148.mp4,ok,1.078234,0.000041,0.199416,1.277715,2026-07-20 20:54:22
148,hq,11380,bounce_11380_00148.mp4,/home/ganesh/test_work/cv_output/bounce_clips/hq/bounce_11380_00148.mp4,ok,1.763223,0.000063,0.302013,2.065335,2026-07-20 20:54:24
149,source,11434,bounce_11434_00149.mp4,/home/ganesh/test_work/cv_output/bounce_clips/source/bounce_11434_00149.mp4,ok,0.192632,0.000055,0.159450,0.352164,2026-07-20 20:54:24
149,source,11423,dirchange_11423_00149.mp4,/home/ganesh/test_work/cv_output/bounce_clips/source/dirchange_11423_00149.mp4,failed,0.358150,0.000000,0.000000,0.358518,2026-07-20 20:54:25
149,sink,11434,bounce_11434_00149.mp4,/home/ganesh/test_work/cv_output/bounce_clips/sink/bounce_11434_00149.mp4,ok,0.192422,0.000051,0.156360,0.348854,2026-07-20 20:54:25
149,hq,11434,bounce_11434_00149.mp4,/home/ganesh/test_work/cv_output/bounce_clips/hq/bounce_11434_00149.mp4,ok,0.305702,0.000051,0.207315,0.513096,2026-07-20 20:54:26
152,source,11536,bounce_11536_00152.mp4,/home/ganesh/test_work/cv_output/bounce_clips/source/bounce_11536_00152.mp4,ok,0.203264,0.000046,0.152984,0.356321,2026-07-20 20:54:26
152,sink,11536,bounce_11536_00152.mp4,/home/ganesh/test_work/cv_output/bounce_clips/sink/bounce_11536_00152.mp4,ok,0.213185,0.000042,0.149336,0.362586,2026-07-20 20:54:26
152,hq,11536,bounce_11536_00152.mp4,/home/ganesh/test_work/cv_output/bounce_clips/hq/bounce_11536_00152.mp4,ok,0.652072,0.000052,0.334315,0.986468,2026-07-20 20:54:27
154,source,11612,bounce_11612_00154.mp4,/home/ganesh/test_work/cv_output/bounce_clips/source/bounce_11612_00154.mp4,failed,0.619134,0.000000,0.000000,0.619192,2026-07-20 20:54:28
154,source,11622,dirchange_11622_00154.mp4,/home/ganesh/test_work/cv_output/bounce_clips/source/dirchange_11622_00154.mp4,ok,0.725671,0.000046,0.175214,0.900952,2026-07-20 20:54:29
154,sink,11612,bounce_11612_00154.mp4,/home/ganesh/test_work/cv_output/bounce_clips/sink/bounce_11612_00154.mp4,failed,0.424471,0.000000,0.000000,0.424535,2026-07-20 20:54:29
154,hq,11612,bounce_11612_00154.mp4,/home/ganesh/test_work/cv_output/bounce_clips/hq/bounce_11612_00154.mp4,ok,1.127953,0.000043,0.564102,1.692120,2026-07-20 20:54:31
156,source,11688,bounce_11688_00156.mp4,/home/ganesh/test_work/cv_output/bounce_clips/source/bounce_11688_00156.mp4,ok,0.447059,0.000061,0.240455,0.687605,2026-07-20 20:54:32
156,sink,11688,bounce_11688_00156.mp4,/home/ganesh/test_work/cv_output/bounce_clips/sink/bounce_11688_00156.mp4,ok,0.425067,0.000060,0.267767,0.692917,2026-07-20 20:54:32
156,hq,11688,bounce_11688_00156.mp4,/home/ganesh/test_work/cv_output/bounce_clips/hq/bounce_11688_00156.mp4,ok,0.563456,0.000055,0.368383,0.931915,2026-07-20 20:54:33
160,source,11790,bounce_11790_00160.mp4,/home/ganesh/test_work/cv_output/bounce_clips/source/bounce_11790_00160.mp4,ok,0.630161,0.000050,0.145040,0.775277,2026-07-20 20:54:34
160,sink,11790,bounce_11790_00160.mp4,/home/ganesh/test_work/cv_output/bounce_clips/sink/bounce_11790_00160.mp4,ok,0.409156,0.000087,0.149704,0.558975,2026-07-20 20:54:35
160,hq,11790,bounce_11790_00160.mp4,/home/ganesh/test_work/cv_output/bounce_clips/hq/bounce_11790_00160.mp4,ok,0.976355,0.000054,0.311339,1.287777,2026-07-20 20:54:36
162,source,12188,bounce_12188_00162.mp4,/home/ganesh/test_work/cv_output/bounce_clips/source/bounce_12188_00162.mp4,failed,0.163020,0.000000,0.000000,0.163101,2026-07-20 20:54:36
162,sink,12188,bounce_12188_00162.mp4,/home/ganesh/test_work/cv_output/bounce_clips/sink/bounce_12188_00162.mp4,failed,0.939428,0.000000,0.000000,0.939482,2026-07-20 20:54:37
162,hq,12188,bounce_12188_00162.mp4,/home/ganesh/test_work/cv_output/bounce_clips/hq/bounce_12188_00162.mp4,ok,0.302327,0.000045,0.317200,0.619592,2026-07-20 20:54:38
164,source,12261,bounce_12261_00164.mp4,/home/ganesh/test_work/cv_output/bounce_clips/source/bounce_12261_00164.mp4,ok,0.260054,0.000057,0.143794,0.403931,2026-07-20 20:54:38
164,sink,12261,bounce_12261_00164.mp4,/home/ganesh/test_work/cv_output/bounce_clips/sink/bounce_12261_00164.mp4,ok,0.262566,0.000059,0.158539,0.421193,2026-07-20 20:54:39
164,hq,12261,bounce_12261_00164.mp4,/home/ganesh/test_work/cv_output/bounce_clips/hq/bounce_12261_00164.mp4,ok,0.585897,0.000054,0.489689,1.075664,2026-07-20 20:54:40
166,source,12326,bounce_12326_00166.mp4,/home/ganesh/test_work/cv_output/bounce_clips/source/bounce_12326_00166.mp4,ok,0.642691,0.000043,0.348070,0.990829,2026-07-20 20:54:41
166,sink,12326,bounce_12326_00166.mp4,/home/ganesh/test_work/cv_output/bounce_clips/sink/bounce_12326_00166.mp4,ok,1.006383,0.000047,0.402289,1.408746,2026-07-20 20:54:42
166,hq,12326,bounce_12326_00166.mp4,/home/ganesh/test_work/cv_output/bounce_clips/hq/bounce_12326_00166.mp4,ok,1.984309,0.000068,0.208243,2.192657,2026-07-20 20:54:44
168,source,12396,bounce_12396_00168.mp4,/home/ganesh/test_work/cv_output/bounce_clips/source/bounce_12396_00168.mp4,ok,0.246637,0.000047,0.140911,0.387619,2026-07-20 20:54:45
168,sink,12396,bounce_12396_00168.mp4,/home/ganesh/test_work/cv_output/bounce_clips/sink/bounce_12396_00168.mp4,ok,0.240215,0.000049,0.152362,0.392654,2026-07-20 20:54:45
168,hq,12396,bounce_12396_00168.mp4,/home/ganesh/test_work/cv_output/bounce_clips/hq/bounce_12396_00168.mp4,ok,0.378961,0.000055,0.217051,0.596096,2026-07-20 20:54:46
170,source,12460,dirchange_12460_00170.mp4,/home/ganesh/test_work/cv_output/bounce_clips/source/dirchange_12460_00170.mp4,ok,0.658765,0.000059,0.147987,0.806835,2026-07-20 20:54:46
173,source,12527,bounce_12527_00173.mp4,/home/ganesh/test_work/cv_output/bounce_clips/source/bounce_12527_00173.mp4,ok,0.243836,0.000060,0.147468,0.391389,2026-07-20 20:54:47
173,sink,12527,bounce_12527_00173.mp4,/home/ganesh/test_work/cv_output/bounce_clips/sink/bounce_12527_00173.mp4,ok,0.797831,0.000046,0.157582,0.955483,2026-07-20 20:54:48
173,hq,12527,bounce_12527_00173.mp4,/home/ganesh/test_work/cv_output/bounce_clips/hq/bounce_12527_00173.mp4,ok,1.125139,0.000055,0.335567,1.460791,2026-07-20 20:54:49
175,source,12582,dirchange_12582_00175.mp4,/home/ganesh/test_work/cv_output/bounce_clips/source/dirchange_12582_00175.mp4,ok,0.791171,0.000047,0.165664,0.956908,2026-07-20 20:54:50
176,source,12615,bounce_12615_00176.mp4,/home/ganesh/test_work/cv_output/bounce_clips/source/bounce_12615_00176.mp4,ok,0.154264,0.000055,0.159667,0.314013,2026-07-20 20:54:51
176,sink,12615,bounce_12615_00176.mp4,/home/ganesh/test_work/cv_output/bounce_clips/sink/bounce_12615_00176.mp4,ok,0.211694,0.000048,0.263570,0.475338,2026-07-20 20:54:51
176,hq,12615,bounce_12615_00176.mp4,/home/ganesh/test_work/cv_output/bounce_clips/hq/bounce_12615_00176.mp4,ok,0.538412,0.000047,0.415587,0.954073,2026-07-20 20:54:52
177,source,12622,bounce_12622_00177.mp4,/home/ganesh/test_work/cv_output/bounce_clips/source/bounce_12622_00177.mp4,ok,0.641769,0.000049,0.237757,0.879602,2026-07-20 20:54:53
177,sink,12622,bounce_12622_00177.mp4,/home/ganesh/test_work/cv_output/bounce_clips/sink/bounce_12622_00177.mp4,ok,0.230760,0.000052,0.260860,0.491699,2026-07-20 20:54:53
177,hq,12622,bounce_12622_00177.mp4,/home/ganesh/test_work/cv_output/bounce_clips/hq/bounce_12622_00177.mp4,ok,0.671768,0.000049,0.231129,0.902972,2026-07-20 20:54:54
181,source,12816,bounce_12816_00181.mp4,/home/ganesh/test_work/cv_output/bounce_clips/source/bounce_12816_00181.mp4,ok,0.621531,0.000045,0.138280,0.759885,2026-07-20 20:54:55
181,sink,12816,bounce_12816_00181.mp4,/home/ganesh/test_work/cv_output/bounce_clips/sink/bounce_12816_00181.mp4,ok,0.614881,0.000069,0.146758,0.761734,2026-07-20 20:54:56
181,hq,12816,bounce_12816_00181.mp4,/home/ganesh/test_work/cv_output/bounce_clips/hq/bounce_12816_00181.mp4,ok,0.910654,0.000052,0.385812,1.296549,2026-07-20 20:54:57
182,source,12846,bounce_12846_00182.mp4,/home/ganesh/test_work/cv_output/bounce_clips/source/bounce_12846_00182.mp4,ok,0.133093,0.000067,0.146317,0.279502,2026-07-20 20:54:57
182,sink,12846,bounce_12846_00182.mp4,/home/ganesh/test_work/cv_output/bounce_clips/sink/bounce_12846_00182.mp4,ok,0.120658,0.000076,0.147302,0.268069,2026-07-20 20:54:58
182,hq,12846,bounce_12846_00182.mp4,/home/ganesh/test_work/cv_output/bounce_clips/hq/bounce_12846_00182.mp4,ok,0.179038,0.000067,0.212277,0.391409,2026-07-20 20:54:58
183,source,12879,bounce_12879_00183.mp4,/home/ganesh/test_work/cv_output/bounce_clips/source/bounce_12879_00183.mp4,ok,0.132136,0.000053,0.144702,0.276920,2026-07-20 20:54:58
183,sink,12879,bounce_12879_00183.mp4,/home/ganesh/test_work/cv_output/bounce_clips/sink/bounce_12879_00183.mp4,ok,0.137777,0.000053,0.154683,0.292540,2026-07-20 20:54:59
183,hq,12879,bounce_12879_00183.mp4,/home/ganesh/test_work/cv_output/bounce_clips/hq/bounce_12879_00183.mp4,ok,0.195822,0.000054,0.355492,0.551391,2026-07-20 20:54:59
186,source,12940,bounce_12940_00186.mp4,/home/ganesh/test_work/cv_output/bounce_clips/source/bounce_12940_00186.mp4,ok,0.589718,0.000057,0.141970,0.731771,2026-07-20 20:55:00
186,sink,12940,bounce_12940_00186.mp4,/home/ganesh/test_work/cv_output/bounce_clips/sink/bounce_12940_00186.mp4,ok,0.803144,0.000041,0.207129,1.010337,2026-07-20 20:55:01
186,hq,12940,bounce_12940_00186.mp4,/home/ganesh/test_work/cv_output/bounce_clips/hq/bounce_12940_00186.mp4,ok,1.881978,0.000047,0.521570,2.403619,2026-07-20 20:55:03
189,source,13004,bounce_13004_00189.mp4,/home/ganesh/test_work/cv_output/bounce_clips/source/bounce_13004_00189.mp4,ok,0.320412,0.000047,0.183104,0.503586,2026-07-20 20:55:04
189,sink,13004,bounce_13004_00189.mp4,/home/ganesh/test_work/cv_output/bounce_clips/sink/bounce_13004_00189.mp4,ok,0.228914,0.000041,0.147578,0.376554,2026-07-20 20:55:04
189,hq,13004,bounce_13004_00189.mp4,/home/ganesh/test_work/cv_output/bounce_clips/hq/bounce_13004_00189.mp4,ok,0.351602,0.000053,0.361888,0.713566,2026-07-20 20:55:05
192,source,13148,bounce_13148_00192.mp4,/home/ganesh/test_work/cv_output/bounce_clips/source/bounce_13148_00192.mp4,failed,0.156725,0.000000,0.000000,0.156780,2026-07-20 20:55:05
192,sink,13148,bounce_13148_00192.mp4,/home/ganesh/test_work/cv_output/bounce_clips/sink/bounce_13148_00192.mp4,failed,0.972541,0.000000,0.000000,0.972598,2026-07-20 20:55:06
192,hq,13148,bounce_13148_00192.mp4,/home/ganesh/test_work/cv_output/bounce_clips/hq/bounce_13148_00192.mp4,ok,0.268999,0.000046,0.237214,0.506284,2026-07-20 20:55:07
194,source,13217,bounce_13217_00194.mp4,/home/ganesh/test_work/cv_output/bounce_clips/source/bounce_13217_00194.mp4,ok,0.241696,0.000076,0.147652,0.389449,2026-07-20 20:55:07
194,sink,13217,bounce_13217_00194.mp4,/home/ganesh/test_work/cv_output/bounce_clips/sink/bounce_13217_00194.mp4,ok,0.245107,0.000060,0.157633,0.402825,2026-07-20 20:55:07
194,hq,13217,bounce_13217_00194.mp4,/home/ganesh/test_work/cv_output/bounce_clips/hq/bounce_13217_00194.mp4,ok,0.400854,0.000057,0.232756,0.633696,2026-07-20 20:55:08
197,source,13279,bounce_13279_00197.mp4,/home/ganesh/test_work/cv_output/bounce_clips/source/bounce_13279_00197.mp4,ok,0.195569,0.000055,0.151793,0.347489,2026-07-20 20:55:08
197,sink,13279,bounce_13279_00197.mp4,/home/ganesh/test_work/cv_output/bounce_clips/sink/bounce_13279_00197.mp4,ok,0.185868,0.000062,0.157669,0.343626,2026-07-20 20:55:09
197,hq,13279,bounce_13279_00197.mp4,/home/ganesh/test_work/cv_output/bounce_clips/hq/bounce_13279_00197.mp4,ok,0.634960,0.000051,0.343856,0.978906,2026-07-20 20:55:10
200,source,13343,bounce_13343_00200.mp4,/home/ganesh/test_work/cv_output/bounce_clips/source/bounce_13343_00200.mp4,failed,0.259988,0.000000,0.000000,0.260052,2026-07-20 20:55:10
200,sink,13343,bounce_13343_00200.mp4,/home/ganesh/test_work/cv_output/bounce_clips/sink/bounce_13343_00200.mp4,failed,0.290896,0.000000,0.000000,0.290952,2026-07-20 20:55:10
200,hq,13343,bounce_13343_00200.mp4,/home/ganesh/test_work/cv_output/bounce_clips/hq/bounce_13343_00200.mp4,ok,0.595239,0.000056,0.394429,0.989745,2026-07-20 20:55:11
202,source,13415,bounce_13415_00202.mp4,/home/ganesh/test_work/cv_output/bounce_clips/source/bounce_13415_00202.mp4,ok,1.026770,0.000042,0.287143,1.313981,2026-07-20 20:55:13
202,sink,13415,bounce_13415_00202.mp4,/home/ganesh/test_work/cv_output/bounce_clips/sink/bounce_13415_00202.mp4,ok,0.813054,0.000049,0.164929,0.978067,2026-07-20 20:55:14
202,hq,13415,bounce_13415_00202.mp4,/home/ganesh/test_work/cv_output/bounce_clips/hq/bounce_13415_00202.mp4,ok,0.943039,0.000050,0.228241,1.171355,2026-07-20 20:55:15
203,source,13445,dirchange_13445_00203.mp4,/home/ganesh/test_work/cv_output/bounce_clips/source/dirchange_13445_00203.mp4,ok,0.119694,0.000074,0.161226,0.281022,2026-07-20 20:55:15
204,source,13475,bounce_13475_00204.mp4,/home/ganesh/test_work/cv_output/bounce_clips/source/bounce_13475_00204.mp4,ok,0.125476,0.000036,0.150209,0.275743,2026-07-20 20:55:15
204,sink,13475,bounce_13475_00204.mp4,/home/ganesh/test_work/cv_output/bounce_clips/sink/bounce_13475_00204.mp4,ok,0.218552,0.000060,0.166545,0.385183,2026-07-20 20:55:16
204,hq,13475,bounce_13475_00204.mp4,/home/ganesh/test_work/cv_output/bounce_clips/hq/bounce_13475_00204.mp4,ok,0.327050,0.000075,0.360666,0.687824,2026-07-20 20:55:16
205,source,13514,bounce_13514_00205.mp4,/home/ganesh/test_work/cv_output/bounce_clips/source/bounce_13514_00205.mp4,ok,0.174806,0.000045,0.144943,0.319822,2026-07-20 20:55:17
205,sink,13514,bounce_13514_00205.mp4,/home/ganesh/test_work/cv_output/bounce_clips/sink/bounce_13514_00205.mp4,ok,0.173777,0.000046,0.146149,0.319996,2026-07-20 20:55:17
205,hq,13514,bounce_13514_00205.mp4,/home/ganesh/test_work/cv_output/bounce_clips/hq/bounce_13514_00205.mp4,ok,0.316431,0.000054,0.313047,0.629559,2026-07-20 20:55:18
206,source,13544,bounce_13544_00206.mp4,/home/ganesh/test_work/cv_output/bounce_clips/source/bounce_13544_00206.mp4,ok,0.124321,0.000055,0.152520,0.276920,2026-07-20 20:55:18
206,source,13514,dirchange_13514_00206.mp4,/home/ganesh/test_work/cv_output/bounce_clips/source/dirchange_13514_00206.mp4,ok,0.110241,0.000051,0.149157,0.259472,2026-07-20 20:55:18
206,sink,13544,bounce_13544_00206.mp4,/home/ganesh/test_work/cv_output/bounce_clips/sink/bounce_13544_00206.mp4,ok,0.152267,0.000077,0.171859,0.324228,2026-07-20 20:55:19
206,sink,13514,dirchange_13514_00206.mp4,/home/ganesh/test_work/cv_output/bounce_clips/sink/dirchange_13514_00206.mp4,ok,0.088022,0.000051,0.155946,0.244047,2026-07-20 20:55:19
206,hq,13544,bounce_13544_00206.mp4,/home/ganesh/test_work/cv_output/bounce_clips/hq/bounce_13544_00206.mp4,ok,0.190969,0.000057,0.234972,0.426025,2026-07-20 20:55:19
206,hq,13514,dirchange_13514_00206.mp4,/home/ganesh/test_work/cv_output/bounce_clips/hq/dirchange_13514_00206.mp4,ok,0.168037,0.000044,0.500199,0.668305,2026-07-20 20:55:20
207,source,13584,bounce_13584_00207.mp4,/home/ganesh/test_work/cv_output/bounce_clips/source/bounce_13584_00207.mp4,ok,0.475215,0.000068,0.271389,0.746697,2026-07-20 20:55:21
207,sink,13584,bounce_13584_00207.mp4,/home/ganesh/test_work/cv_output/bounce_clips/sink/bounce_13584_00207.mp4,ok,0.495566,0.000083,0.232089,0.727773,2026-07-20 20:55:21
207,hq,13584,bounce_13584_00207.mp4,/home/ganesh/test_work/cv_output/bounce_clips/hq/bounce_13584_00207.mp4,ok,0.655161,0.000086,0.317259,0.972530,2026-07-20 20:55:22
208,source,13599,dirchange_13599_00208.mp4,/home/ganesh/test_work/cv_output/bounce_clips/source/dirchange_13599_00208.mp4,ok,0.115679,0.000043,0.180053,0.295800,2026-07-20 20:55:23
208,sink,13599,dirchange_13599_00208.mp4,/home/ganesh/test_work/cv_output/bounce_clips/sink/dirchange_13599_00208.mp4,ok,0.122996,0.000078,0.145569,0.268671,2026-07-20 20:55:23
208,hq,13599,dirchange_13599_00208.mp4,/home/ganesh/test_work/cv_output/bounce_clips/hq/dirchange_13599_00208.mp4,ok,0.111461,0.000035,0.352414,0.463933,2026-07-20 20:55:23
210,source,13741,bounce_13741_00210.mp4,/home/ganesh/test_work/cv_output/bounce_clips/source/bounce_13741_00210.mp4,ok,0.969310,0.000049,0.152812,1.122199,2026-07-20 20:55:25
210,sink,13741,bounce_13741_00210.mp4,/home/ganesh/test_work/cv_output/bounce_clips/sink/bounce_13741_00210.mp4,ok,0.799091,0.000070,0.156676,0.955869,2026-07-20 20:55:25
210,hq,13741,bounce_13741_00210.mp4,/home/ganesh/test_work/cv_output/bounce_clips/hq/bounce_13741_00210.mp4,ok,0.239814,0.000045,0.339235,0.579120,2026-07-20 20:55:26
212,source,13777,bounce_13777_00212.mp4,/home/ganesh/test_work/cv_output/bounce_clips/source/bounce_13777_00212.mp4,ok,0.139303,0.000050,0.163494,0.302874,2026-07-20 20:55:26
212,sink,13777,bounce_13777_00212.mp4,/home/ganesh/test_work/cv_output/bounce_clips/sink/bounce_13777_00212.mp4,ok,0.142237,0.000052,0.150518,0.292837,2026-07-20 20:55:27
212,hq,13777,bounce_13777_00212.mp4,/home/ganesh/test_work/cv_output/bounce_clips/hq/bounce_13777_00212.mp4,ok,0.207795,0.000052,0.274755,0.482634,2026-07-20 20:55:27
214,source,13839,bounce_13839_00214.mp4,/home/ganesh/test_work/cv_output/bounce_clips/source/bounce_13839_00214.mp4,ok,0.239058,0.000054,0.152184,0.391324,2026-07-20 20:55:28
214,sink,13839,bounce_13839_00214.mp4,/home/ganesh/test_work/cv_output/bounce_clips/sink/bounce_13839_00214.mp4,ok,0.222932,0.000835,0.158880,0.382674,2026-07-20 20:55:28
214,hq,13839,bounce_13839_00214.mp4,/home/ganesh/test_work/cv_output/bounce_clips/hq/bounce_13839_00214.mp4,ok,0.348670,0.000056,0.229517,0.578268,2026-07-20 20:55:29
217,source,13919,bounce_13919_00217.mp4,/home/ganesh/test_work/cv_output/bounce_clips/source/bounce_13919_00217.mp4,failed,0.757634,0.000000,0.000000,0.758386,2026-07-20 20:55:29
217,sink,13919,bounce_13919_00217.mp4,/home/ganesh/test_work/cv_output/bounce_clips/sink/bounce_13919_00217.mp4,failed,1.102458,0.000000,0.000000,1.104714,2026-07-20 20:55:30
217,hq,13919,bounce_13919_00217.mp4,/home/ganesh/test_work/cv_output/bounce_clips/hq/bounce_13919_00217.mp4,ok,2.019828,0.000053,0.399421,2.419321,2026-07-20 20:55:33
221,source,14205,bounce_14205_00221.mp4,/home/ganesh/test_work/cv_output/bounce_clips/source/bounce_14205_00221.mp4,failed,0.774405,0.000000,0.000000,0.774468,2026-07-20 20:55:34
221,sink,14205,bounce_14205_00221.mp4,/home/ganesh/test_work/cv_output/bounce_clips/sink/bounce_14205_00221.mp4,failed,0.582192,0.000000,0.000000,0.582502,2026-07-20 20:55:34
221,hq,14205,bounce_14205_00221.mp4,/home/ganesh/test_work/cv_output/bounce_clips/hq/bounce_14205_00221.mp4,ok,1.109438,0.000054,0.227675,1.337187,2026-07-20 20:55:36
231,source,17367,bounce_17367_00231.mp4,/home/ganesh/test_work/cv_output/bounce_clips/source/bounce_17367_00231.mp4,failed,0.466198,0.000000,0.000000,0.466282,2026-07-20 20:55:36
231,sink,17367,bounce_17367_00231.mp4,/home/ganesh/test_work/cv_output/bounce_clips/sink/bounce_17367_00231.mp4,failed,0.423050,0.000000,0.000000,0.423106,2026-07-20 20:55:36
231,hq,17367,bounce_17367_00231.mp4,/home/ganesh/test_work/cv_output/bounce_clips/hq/bounce_17367_00231.mp4,ok,0.931813,0.000052,0.332949,1.264842,2026-07-20 20:55:38
233,source,17429,bounce_17429_00233.mp4,/home/ganesh/test_work/cv_output/bounce_clips/source/bounce_17429_00233.mp4,ok,0.256406,0.000050,0.153172,0.409656,2026-07-20 20:55:38
233,sink,17429,bounce_17429_00233.mp4,/home/ganesh/test_work/cv_output/bounce_clips/sink/bounce_17429_00233.mp4,ok,0.238569,0.000048,0.150599,0.389244,2026-07-20 20:55:38
233,hq,17429,bounce_17429_00233.mp4,/home/ganesh/test_work/cv_output/bounce_clips/hq/bounce_17429_00233.mp4,ok,0.318801,0.000051,0.349391,0.668271,2026-07-20 20:55:39
244,source,19342,dirchange_19342_00244.mp4,/home/ganesh/test_work/cv_output/bounce_clips/source/dirchange_19342_00244.mp4,ok,0.527330,0.000067,0.162116,0.689534,2026-07-20 20:55:42
244,sink,19342,dirchange_19342_00244.mp4,/home/ganesh/test_work/cv_output/bounce_clips/sink/dirchange_19342_00244.mp4,ok,0.220422,0.000039,0.149882,0.370362,2026-07-20 20:55:42
244,hq,19342,dirchange_19342_00244.mp4,/home/ganesh/test_work/cv_output/bounce_clips/hq/dirchange_19342_00244.mp4,ok,0.597903,0.000047,0.313496,0.911468,2026-07-20 20:55:43
257,source,20306,dirchange_20306_00257.mp4,/home/ganesh/test_work/cv_output/bounce_clips/source/dirchange_20306_00257.mp4,ok,0.430853,0.000060,0.145301,0.576257,2026-07-20 20:55:44
257,sink,20306,dirchange_20306_00257.mp4,/home/ganesh/test_work/cv_output/bounce_clips/sink/dirchange_20306_00257.mp4,ok,0.203501,0.000054,0.163593,0.367169,2026-07-20 20:55:44
257,hq,20306,dirchange_20306_00257.mp4,/home/ganesh/test_work/cv_output/bounce_clips/hq/dirchange_20306_00257.mp4,ok,0.606556,0.000085,0.234231,0.840895,2026-07-20 20:55:45
234,source,17468,dirchange_17468_00234.mp4,/home/ganesh/test_work/cv_output/bounce_clips/source/dirchange_17468_00234.mp4,failed,0.150277,0.000000,0.000000,0.150342,2026-07-20 20:55:45
234,sink,17468,dirchange_17468_00234.mp4,/home/ganesh/test_work/cv_output/bounce_clips/sink/dirchange_17468_00234.mp4,failed,0.927742,0.000000,0.000000,0.927802,2026-07-20 20:55:46
234,hq,17468,dirchange_17468_00234.mp4,/home/ganesh/test_work/cv_output/bounce_clips/hq/dirchange_17468_00234.mp4,ok,0.287357,0.000047,0.316711,0.604133,2026-07-20 20:55:47
235,source,17999,bounce_17999_00235.mp4,/home/ganesh/test_work/cv_output/bounce_clips/source/bounce_17999_00235.mp4,ok,0.701987,0.000037,0.144327,0.846373,2026-07-20 20:55:48
235,sink,17999,bounce_17999_00235.mp4,/home/ganesh/test_work/cv_output/bounce_clips/sink/bounce_17999_00235.mp4,ok,0.929442,0.000048,0.269024,1.198538,2026-07-20 20:55:49
235,hq,17999,bounce_17999_00235.mp4,/home/ganesh/test_work/cv_output/bounce_clips/hq/bounce_17999_00235.mp4,ok,2.112961,0.000050,0.370679,2.483711,2026-07-20 20:55:51
236,source,18380,bounce_18380_00236.mp4,/home/ganesh/test_work/cv_output/bounce_clips/source/bounce_18380_00236.mp4,ok,0.193277,0.000040,0.135173,0.328514,2026-07-20 20:55:52
236,sink,18380,bounce_18380_00236.mp4,/home/ganesh/test_work/cv_output/bounce_clips/sink/bounce_18380_00236.mp4,ok,0.234898,0.000071,0.140649,0.375640,2026-07-20 20:55:52
236,hq,18380,bounce_18380_00236.mp4,/home/ganesh/test_work/cv_output/bounce_clips/hq/bounce_18380_00236.mp4,ok,0.637786,0.000051,0.246148,0.884010,2026-07-20 20:55:53
237,source,18414,bounce_18414_00237.mp4,/home/ganesh/test_work/cv_output/bounce_clips/source/bounce_18414_00237.mp4,ok,0.133677,0.000041,0.141688,0.275427,2026-07-20 20:55:53
237,sink,18414,bounce_18414_00237.mp4,/home/ganesh/test_work/cv_output/bounce_clips/sink/bounce_18414_00237.mp4,ok,0.138073,0.000069,0.146234,0.284406,2026-07-20 20:55:54
237,hq,18414,bounce_18414_00237.mp4,/home/ganesh/test_work/cv_output/bounce_clips/hq/bounce_18414_00237.mp4,ok,0.347546,0.000051,0.347517,0.695137,2026-07-20 20:55:54
239,source,18459,bounce_18459_00239.mp4,/home/ganesh/test_work/cv_output/bounce_clips/source/bounce_18459_00239.mp4,ok,0.567129,0.000045,0.164054,0.731262,2026-07-20 20:55:55
239,sink,18459,bounce_18459_00239.mp4,/home/ganesh/test_work/cv_output/bounce_clips/sink/bounce_18459_00239.mp4,ok,0.635218,0.000047,0.144044,0.779333,2026-07-20 20:55:56
239,hq,18459,bounce_18459_00239.mp4,/home/ganesh/test_work/cv_output/bounce_clips/hq/bounce_18459_00239.mp4,ok,0.244567,0.000074,0.355447,0.600112,2026-07-20 20:55:56
240,source,18490,dirchange_18490_00240.mp4,/home/ganesh/test_work/cv_output/bounce_clips/source/dirchange_18490_00240.mp4,ok,0.123127,0.000055,0.150997,0.274205,2026-07-20 20:55:57
240,sink,18490,dirchange_18490_00240.mp4,/home/ganesh/test_work/cv_output/bounce_clips/sink/dirchange_18490_00240.mp4,ok,0.130181,0.000052,0.150210,0.280465,2026-07-20 20:55:57
240,hq,18490,dirchange_18490_00240.mp4,/home/ganesh/test_work/cv_output/bounce_clips/hq/dirchange_18490_00240.mp4,ok,0.196784,0.000065,0.394083,0.590956,2026-07-20 20:55:58
242,source,19300,bounce_19300_00242.mp4,/home/ganesh/test_work/cv_output/bounce_clips/source/bounce_19300_00242.mp4,ok,1.115400,0.000040,0.242085,1.357549,2026-07-20 20:55:59
242,sink,19300,bounce_19300_00242.mp4,/home/ganesh/test_work/cv_output/bounce_clips/sink/bounce_19300_00242.mp4,ok,1.054233,0.000053,0.319357,1.373669,2026-07-20 20:56:00
242,hq,19300,bounce_19300_00242.mp4,/home/ganesh/test_work/cv_output/bounce_clips/hq/bounce_19300_00242.mp4,ok,1.475671,0.000054,0.251658,1.727406,2026-07-20 20:56:02
247,source,19761,bounce_19761_00247.mp4,/home/ganesh/test_work/cv_output/bounce_clips/source/bounce_19761_00247.mp4,ok,0.228415,0.000050,0.173471,0.401960,2026-07-20 20:56:02
247,sink,19761,bounce_19761_00247.mp4,/home/ganesh/test_work/cv_output/bounce_clips/sink/bounce_19761_00247.mp4,ok,0.209201,0.000055,0.149584,0.358865,2026-07-20 20:56:03
247,hq,19761,bounce_19761_00247.mp4,/home/ganesh/test_work/cv_output/bounce_clips/hq/bounce_19761_00247.mp4,ok,0.695899,0.000054,0.263979,0.959959,2026-07-20 20:56:04
248,source,19797,bounce_19797_00248.mp4,/home/ganesh/test_work/cv_output/bounce_clips/source/bounce_19797_00248.mp4,ok,0.177153,0.000062,0.169293,0.346536,2026-07-20 20:56:04
248,sink,19797,bounce_19797_00248.mp4,/home/ganesh/test_work/cv_output/bounce_clips/sink/bounce_19797_00248.mp4,ok,0.152452,0.000070,0.158270,0.310818,2026-07-20 20:56:04
248,hq,19797,bounce_19797_00248.mp4,/home/ganesh/test_work/cv_output/bounce_clips/hq/bounce_19797_00248.mp4,ok,0.229265,0.000082,0.343675,0.573049,2026-07-20 20:56:05
250,source,19841,bounce_19841_00250.mp4,/home/ganesh/test_work/cv_output/bounce_clips/source/bounce_19841_00250.mp4,ok,0.184226,0.000060,0.164597,0.348908,2026-07-20 20:56:05
250,sink,19841,bounce_19841_00250.mp4,/home/ganesh/test_work/cv_output/bounce_clips/sink/bounce_19841_00250.mp4,ok,0.170155,0.000068,0.172442,0.342689,2026-07-20 20:56:06
250,hq,19841,bounce_19841_00250.mp4,/home/ganesh/test_work/cv_output/bounce_clips/hq/bounce_19841_00250.mp4,ok,0.291668,0.000083,0.385755,0.677552,2026-07-20 20:56:06
252,source,20068,bounce_20068_00252.mp4,/home/ganesh/test_work/cv_output/bounce_clips/source/bounce_20068_00252.mp4,ok,0.416100,0.000046,0.165480,0.581649,2026-07-20 20:56:07
252,sink,20068,bounce_20068_00252.mp4,/home/ganesh/test_work/cv_output/bounce_clips/sink/bounce_20068_00252.mp4,ok,0.451124,0.000057,0.165028,0.616257,2026-07-20 20:56:08
252,hq,20068,bounce_20068_00252.mp4,/home/ganesh/test_work/cv_output/bounce_clips/hq/bounce_20068_00252.mp4,ok,1.640970,0.000062,0.522144,2.163200,2026-07-20 20:56:10
253,source,20183,bounce_20183_00253.mp4,/home/ganesh/test_work/cv_output/bounce_clips/source/bounce_20183_00253.mp4,ok,0.718795,0.000047,0.225757,0.944620,2026-07-20 20:56:11
253,sink,20183,bounce_20183_00253.mp4,/home/ganesh/test_work/cv_output/bounce_clips/sink/bounce_20183_00253.mp4,ok,0.321854,0.000067,0.180581,0.502528,2026-07-20 20:56:11
253,hq,20183,bounce_20183_00253.mp4,/home/ganesh/test_work/cv_output/bounce_clips/hq/bounce_20183_00253.mp4,ok,0.687772,0.000049,0.262931,0.950771,2026-07-20 20:56:12
254,source,20219,dirchange_20219_00254.mp4,/home/ganesh/test_work/cv_output/bounce_clips/source/dirchange_20219_00254.mp4,ok,0.274539,0.000057,0.195996,0.470617,2026-07-20 20:56:13
254,sink,20219,dirchange_20219_00254.mp4,/home/ganesh/test_work/cv_output/bounce_clips/sink/dirchange_20219_00254.mp4,ok,0.267632,0.000042,0.164765,0.432461,2026-07-20 20:56:13
254,hq,20219,dirchange_20219_00254.mp4,/home/ganesh/test_work/cv_output/bounce_clips/hq/dirchange_20219_00254.mp4,ok,0.388908,0.000052,0.354837,0.743821,2026-07-20 20:56:14
256,source,20264,bounce_20264_00256.mp4,/home/ganesh/test_work/cv_output/bounce_clips/source/bounce_20264_00256.mp4,ok,0.204498,0.000050,0.165835,0.370407,2026-07-20 20:56:14
256,sink,20264,bounce_20264_00256.mp4,/home/ganesh/test_work/cv_output/bounce_clips/sink/bounce_20264_00256.mp4,ok,0.197226,0.000071,0.196964,0.394294,2026-07-20 20:56:15
256,hq,20264,bounce_20264_00256.mp4,/home/ganesh/test_work/cv_output/bounce_clips/hq/bounce_20264_00256.mp4,ok,0.290247,0.000062,0.359875,0.650209,2026-07-20 20:56:15
260,source,20411,dirchange_20411_00260.mp4,/home/ganesh/test_work/cv_output/bounce_clips/source/dirchange_20411_00260.mp4,ok,0.328381,0.000042,0.285189,0.613636,2026-07-20 20:56:18
260,sink,20411,dirchange_20411_00260.mp4,/home/ganesh/test_work/cv_output/bounce_clips/sink/dirchange_20411_00260.mp4,ok,1.624104,0.000076,0.236911,1.861117,2026-07-20 20:56:20
260,hq,20411,dirchange_20411_00260.mp4,/home/ganesh/test_work/cv_output/bounce_clips/hq/dirchange_20411_00260.mp4,ok,0.441978,0.000078,0.309667,0.751765,2026-07-20 20:56:21
263,source,20817,bounce_20817_00263.mp4,/home/ganesh/test_work/cv_output/bounce_clips/source/bounce_20817_00263.mp4,ok,0.807095,0.000076,0.170371,0.977569,2026-07-20 20:56:30
263,sink,20817,bounce_20817_00263.mp4,/home/ganesh/test_work/cv_output/bounce_clips/sink/bounce_20817_00263.mp4,ok,0.699449,0.000044,0.148521,0.848034,2026-07-20 20:56:31
263,hq,20817,bounce_20817_00263.mp4,/home/ganesh/test_work/cv_output/bounce_clips/hq/bounce_20817_00263.mp4,ok,1.542137,0.000056,0.340192,1.882408,2026-07-20 20:56:33
265,source,20927,dirchange_20927_00265.mp4,/home/ganesh/test_work/cv_output/bounce_clips/source/dirchange_20927_00265.mp4,failed,0.770574,0.000000,0.000000,0.770637,2026-07-20 20:56:37
265,sink,20927,dirchange_20927_00265.mp4,/home/ganesh/test_work/cv_output/bounce_clips/sink/dirchange_20927_00265.mp4,failed,0.802911,0.000000,0.000000,0.802990,2026-07-20 20:56:38
265,hq,20927,dirchange_20927_00265.mp4,/home/ganesh/test_work/cv_output/bounce_clips/hq/dirchange_20927_00265.mp4,ok,1.066194,0.000037,0.327376,1.393625,2026-07-20 20:56:40
270,source,21487,dirchange_21487_00270.mp4,/home/ganesh/test_work/cv_output/bounce_clips/source/dirchange_21487_00270.mp4,ok,0.211463,0.000045,0.149174,0.360706,2026-07-20 20:57:21
270,sink,21487,dirchange_21487_00270.mp4,/home/ganesh/test_work/cv_output/bounce_clips/sink/dirchange_21487_00270.mp4,ok,0.889197,0.000048,0.151395,1.040661,2026-07-20 20:57:22
270,hq,21487,dirchange_21487_00270.mp4,/home/ganesh/test_work/cv_output/bounce_clips/hq/dirchange_21487_00270.mp4,ok,0.286831,0.000062,0.300257,0.587175,2026-07-20 20:57:22
271,source,21562,bounce_21562_00271.mp4,/home/ganesh/test_work/cv_output/bounce_clips/source/bounce_21562_00271.mp4,ok,0.467427,0.000050,0.137190,0.604689,2026-07-20 20:57:23
271,sink,21562,bounce_21562_00271.mp4,/home/ganesh/test_work/cv_output/bounce_clips/sink/bounce_21562_00271.mp4,ok,0.186866,0.000052,0.134282,0.321225,2026-07-20 20:57:23
271,hq,21562,bounce_21562_00271.mp4,/home/ganesh/test_work/cv_output/bounce_clips/hq/bounce_21562_00271.mp4,ok,0.711718,0.000050,0.428768,1.140576,2026-07-20 20:57:24
272,source,21604,bounce_21604_00272.mp4,/home/ganesh/test_work/cv_output/bounce_clips/source/bounce_21604_00272.mp4,ok,0.873714,0.000042,0.152219,1.026004,2026-07-20 20:57:30
272,sink,21604,bounce_21604_00272.mp4,/home/ganesh/test_work/cv_output/bounce_clips/sink/bounce_21604_00272.mp4,ok,0.910296,0.000044,0.149795,1.060156,2026-07-20 20:57:31
272,hq,21604,bounce_21604_00272.mp4,/home/ganesh/test_work/cv_output/bounce_clips/hq/bounce_21604_00272.mp4,ok,0.366981,0.000060,0.357583,0.724647,2026-07-20 20:57:31
277,source,21894,bounce_21894_00277.mp4,/home/ganesh/test_work/cv_output/bounce_clips/source/bounce_21894_00277.mp4,ok,0.674978,0.000042,0.148459,0.823501,2026-07-20 20:57:51
277,sink,21894,bounce_21894_00277.mp4,/home/ganesh/test_work/cv_output/bounce_clips/sink/bounce_21894_00277.mp4,ok,0.751047,0.000046,0.147346,0.898464,2026-07-20 20:57:52
277,hq,21894,bounce_21894_00277.mp4,/home/ganesh/test_work/cv_output/bounce_clips/hq/bounce_21894_00277.mp4,ok,1.158431,0.000040,0.320065,1.478556,2026-07-20 20:57:53
279,source,22003,bounce_22003_00279.mp4,/home/ganesh/test_work/cv_output/bounce_clips/source/bounce_22003_00279.mp4,ok,0.775236,0.000042,0.144159,0.919458,2026-07-20 20:57:58
279,sink,22003,bounce_22003_00279.mp4,/home/ganesh/test_work/cv_output/bounce_clips/sink/bounce_22003_00279.mp4,ok,0.592052,0.000050,0.149316,0.741440,2026-07-20 20:57:59
279,hq,22003,bounce_22003_00279.mp4,/home/ganesh/test_work/cv_output/bounce_clips/hq/bounce_22003_00279.mp4,ok,1.097437,0.000057,0.218494,1.316015,2026-07-20 20:58:00
280,source,22043,bounce_22043_00280.mp4,/home/ganesh/test_work/cv_output/bounce_clips/source/bounce_22043_00280.mp4,ok,0.403611,0.000046,0.162834,0.566513,2026-07-20 20:58:01
280,sink,22043,bounce_22043_00280.mp4,/home/ganesh/test_work/cv_output/bounce_clips/sink/bounce_22043_00280.mp4,ok,0.187971,0.000052,0.149845,0.337889,2026-07-20 20:58:01
280,hq,22043,bounce_22043_00280.mp4,/home/ganesh/test_work/cv_output/bounce_clips/hq/bounce_22043_00280.mp4,ok,0.734321,0.000053,0.502615,1.237016,2026-07-20 20:58:02
282,source,22105,bounce_22105_00282.mp4,/home/ganesh/test_work/cv_output/bounce_clips/source/bounce_22105_00282.mp4,ok,0.376427,0.000042,0.154187,0.530679,2026-07-20 20:58:07
282,sink,22105,bounce_22105_00282.mp4,/home/ganesh/test_work/cv_output/bounce_clips/sink/bounce_22105_00282.mp4,ok,0.200189,0.000068,0.145947,0.346231,2026-07-20 20:58:07
282,hq,22105,bounce_22105_00282.mp4,/home/ganesh/test_work/cv_output/bounce_clips/hq/bounce_22105_00282.mp4,ok,0.947890,0.000060,0.326887,1.274873,2026-07-20 20:58:09
285,source,22308,bounce_22308_00285.mp4,/home/ganesh/test_work/cv_output/bounce_clips/source/bounce_22308_00285.mp4,ok,0.784647,0.000044,0.156354,0.941069,2026-07-20 20:58:22
285,sink,22308,bounce_22308_00285.mp4,/home/ganesh/test_work/cv_output/bounce_clips/sink/bounce_22308_00285.mp4,ok,0.772209,0.000053,0.153818,0.926106,2026-07-20 20:58:23
285,hq,22308,bounce_22308_00285.mp4,/home/ganesh/test_work/cv_output/bounce_clips/hq/bounce_22308_00285.mp4,ok,1.113993,0.000056,0.277324,1.391396,2026-07-20 20:58:24
290,source,22546,dirchange_22546_00290.mp4,/home/ganesh/test_work/cv_output/bounce_clips/source/dirchange_22546_00290.mp4,ok,0.785804,0.000043,0.142514,0.928384,2026-07-20 20:58:35
290,sink,22546,dirchange_22546_00290.mp4,/home/ganesh/test_work/cv_output/bounce_clips/sink/dirchange_22546_00290.mp4,ok,0.589479,0.000049,0.146935,0.736485,2026-07-20 20:58:36
290,hq,22546,dirchange_22546_00290.mp4,/home/ganesh/test_work/cv_output/bounce_clips/hq/dirchange_22546_00290.mp4,ok,1.215241,0.000060,0.327572,1.542902,2026-07-20 20:58:38
288,source,22466,bounce_22466_00288.mp4,/home/ganesh/test_work/cv_output/bounce_clips/source/bounce_22466_00288.mp4,ok,0.406363,0.000039,0.137502,0.543927,2026-07-20 20:58:38
288,sink,22466,bounce_22466_00288.mp4,/home/ganesh/test_work/cv_output/bounce_clips/sink/bounce_22466_00288.mp4,ok,0.452933,0.000040,0.139792,0.592790,2026-07-20 20:58:39
288,hq,22466,bounce_22466_00288.mp4,/home/ganesh/test_work/cv_output/bounce_clips/hq/bounce_22466_00288.mp4,ok,1.075026,0.000050,0.518843,1.593942,2026-07-20 20:58:40
289,source,22504,bounce_22504_00289.mp4,/home/ganesh/test_work/cv_output/bounce_clips/source/bounce_22504_00289.mp4,ok,0.449156,0.000042,0.227848,0.677070,2026-07-20 20:58:41
289,sink,22504,bounce_22504_00289.mp4,/home/ganesh/test_work/cv_output/bounce_clips/sink/bounce_22504_00289.mp4,ok,0.367873,0.000050,0.214876,0.582822,2026-07-20 20:58:42
289,hq,22504,bounce_22504_00289.mp4,/home/ganesh/test_work/cv_output/bounce_clips/hq/bounce_22504_00289.mp4,ok,0.368259,0.000050,0.268969,0.637302,2026-07-20 20:58:42
291,source,22573,bounce_22573_00291.mp4,/home/ganesh/test_work/cv_output/bounce_clips/source/bounce_22573_00291.mp4,ok,0.192255,0.000044,0.147089,0.339408,2026-07-20 20:58:45
291,sink,22573,bounce_22573_00291.mp4,/home/ganesh/test_work/cv_output/bounce_clips/sink/bounce_22573_00291.mp4,ok,0.213115,0.000050,0.153993,0.367177,2026-07-20 20:58:45
291,hq,22573,bounce_22573_00291.mp4,/home/ganesh/test_work/cv_output/bounce_clips/hq/bounce_22573_00291.mp4,ok,0.292954,0.000062,0.233444,0.526487,2026-07-20 20:58:46
293,source,22728,bounce_22728_00293.mp4,/home/ganesh/test_work/cv_output/bounce_clips/source/bounce_22728_00293.mp4,ok,0.736566,0.000040,0.147444,0.884075,2026-07-20 20:58:59
293,sink,22728,bounce_22728_00293.mp4,/home/ganesh/test_work/cv_output/bounce_clips/sink/bounce_22728_00293.mp4,ok,0.745814,0.000056,0.147335,0.893226,2026-07-20 20:59:00
293,hq,22728,bounce_22728_00293.mp4,/home/ganesh/test_work/cv_output/bounce_clips/hq/bounce_22728_00293.mp4,ok,1.037390,0.000047,0.210464,1.247926,2026-07-20 20:59:01
294,source,22756,bounce_22756_00294.mp4,/home/ganesh/test_work/cv_output/bounce_clips/source/bounce_22756_00294.mp4,ok,0.180556,0.000051,0.160636,0.341265,2026-07-20 20:59:01
294,sink,22756,bounce_22756_00294.mp4,/home/ganesh/test_work/cv_output/bounce_clips/sink/bounce_22756_00294.mp4,ok,0.164225,0.000044,0.149887,0.314176,2026-07-20 20:59:02
294,hq,22756,bounce_22756_00294.mp4,/home/ganesh/test_work/cv_output/bounce_clips/hq/bounce_22756_00294.mp4,ok,0.316276,0.000055,0.308908,0.625263,2026-07-20 20:59:02
296,source,23043,bounce_23043_00296.mp4,/home/ganesh/test_work/cv_output/bounce_clips/source/bounce_23043_00296.mp4,ok,0.906517,0.000049,0.142919,1.049509,2026-07-20 20:59:20
296,source,23058,dirchange_23058_00296.mp4,/home/ganesh/test_work/cv_output/bounce_clips/source/dirchange_23058_00296.mp4,ok,0.073900,0.000086,0.138153,0.212176,2026-07-20 20:59:20
296,sink,23043,bounce_23043_00296.mp4,/home/ganesh/test_work/cv_output/bounce_clips/sink/bounce_23043_00296.mp4,ok,0.686956,0.000055,0.144697,0.831730,2026-07-20 20:59:21
296,sink,23058,dirchange_23058_00296.mp4,/home/ganesh/test_work/cv_output/bounce_clips/sink/dirchange_23058_00296.mp4,ok,0.063790,0.000051,0.162779,0.226641,2026-07-20 20:59:21
296,hq,23043,bounce_23043_00296.mp4,/home/ganesh/test_work/cv_output/bounce_clips/hq/bounce_23043_00296.mp4,ok,0.318270,0.000052,0.297711,0.616058,2026-07-20 20:59:22
296,hq,23058,dirchange_23058_00296.mp4,/home/ganesh/test_work/cv_output/bounce_clips/hq/dirchange_23058_00296.mp4,ok,0.092057,0.000057,0.317182,0.409316,2026-07-20 20:59:22
298,source,23767,bounce_23767_00298.mp4,/home/ganesh/test_work/cv_output/bounce_clips/source/bounce_23767_00298.mp4,ok,0.197358,0.000044,0.138320,0.335751,2026-07-20 21:00:15
298,sink,23767,bounce_23767_00298.mp4,/home/ganesh/test_work/cv_output/bounce_clips/sink/bounce_23767_00298.mp4,ok,0.835508,0.000049,0.161755,0.997336,2026-07-20 21:00:16
298,hq,23767,bounce_23767_00298.mp4,/home/ganesh/test_work/cv_output/bounce_clips/hq/bounce_23767_00298.mp4,ok,0.291588,0.000058,0.313840,0.605509,2026-07-20 21:00:16
299,source,23872,bounce_23872_00299.mp4,/home/ganesh/test_work/cv_output/bounce_clips/source/bounce_23872_00299.mp4,ok,0.697672,0.000041,0.162126,0.859858,2026-07-20 21:00:17
299,sink,23872,bounce_23872_00299.mp4,/home/ganesh/test_work/cv_output/bounce_clips/sink/bounce_23872_00299.mp4,ok,1.373969,0.000047,0.207109,1.581146,2026-07-20 21:00:19
299,hq,23872,bounce_23872_00299.mp4,/home/ganesh/test_work/cv_output/bounce_clips/hq/bounce_23872_00299.mp4,ok,1.672711,0.000079,0.254235,1.927046,2026-07-20 21:00:21
300,source,23909,bounce_23909_00300.mp4,/home/ganesh/test_work/cv_output/bounce_clips/source/bounce_23909_00300.mp4,ok,0.378661,0.000039,0.145468,0.524190,2026-07-20 21:00:23
300,sink,23909,bounce_23909_00300.mp4,/home/ganesh/test_work/cv_output/bounce_clips/sink/bounce_23909_00300.mp4,ok,0.425139,0.000045,0.149410,0.574618,2026-07-20 21:00:24
300,hq,23909,bounce_23909_00300.mp4,/home/ganesh/test_work/cv_output/bounce_clips/hq/bounce_23909_00300.mp4,ok,0.924019,0.000061,0.639244,1.563348,2026-07-20 21:00:26
302,source,23946,bounce_23946_00302.mp4,/home/ganesh/test_work/cv_output/bounce_clips/source/bounce_23946_00302.mp4,ok,0.151710,0.000049,0.182437,0.334217,2026-07-20 21:00:26
302,sink,23946,bounce_23946_00302.mp4,/home/ganesh/test_work/cv_output/bounce_clips/sink/bounce_23946_00302.mp4,ok,0.367084,0.000048,0.234815,0.601968,2026-07-20 21:00:27
302,hq,23946,bounce_23946_00302.mp4,/home/ganesh/test_work/cv_output/bounce_clips/hq/bounce_23946_00302.mp4,ok,0.426681,0.000065,0.351568,0.778350,2026-07-20 21:00:27
305,source,24217,bounce_24217_00305.mp4,/home/ganesh/test_work/cv_output/bounce_clips/source/bounce_24217_00305.mp4,ok,0.608099,0.000034,0.136647,0.744804,2026-07-20 21:00:44
305,sink,24217,bounce_24217_00305.mp4,/home/ganesh/test_work/cv_output/bounce_clips/sink/bounce_24217_00305.mp4,ok,0.589713,0.000054,0.143578,0.733381,2026-07-20 21:00:45
305,hq,24217,bounce_24217_00305.mp4,/home/ganesh/test_work/cv_output/bounce_clips/hq/bounce_24217_00305.mp4,ok,0.902379,0.000056,0.217537,1.119993,2026-07-20 21:00:46
306,source,24248,bounce_24248_00306.mp4,/home/ganesh/test_work/cv_output/bounce_clips/source/bounce_24248_00306.mp4,ok,0.127539,0.000056,0.138845,0.266460,2026-07-20 21:00:47
306,sink,24248,bounce_24248_00306.mp4,/home/ganesh/test_work/cv_output/bounce_clips/sink/bounce_24248_00306.mp4,ok,0.120912,0.000058,0.155443,0.276441,2026-07-20 21:00:47
306,hq,24248,bounce_24248_00306.mp4,/home/ganesh/test_work/cv_output/bounce_clips/hq/bounce_24248_00306.mp4,ok,0.175856,0.000059,0.299317,0.475255,2026-07-20 21:00:47
308,source,24317,bounce_24317_00308.mp4,/home/ganesh/test_work/cv_output/bounce_clips/source/bounce_24317_00308.mp4,ok,0.174974,0.000042,0.160385,0.335423,2026-07-20 21:00:52
308,sink,24317,bounce_24317_00308.mp4,/home/ganesh/test_work/cv_output/bounce_clips/sink/bounce_24317_00308.mp4,ok,0.224598,0.000046,0.146802,0.371466,2026-07-20 21:00:52
308,hq,24317,bounce_24317_00308.mp4,/home/ganesh/test_work/cv_output/bounce_clips/hq/bounce_24317_00308.mp4,ok,0.623708,0.000051,0.230772,0.854555,2026-07-20 21:00:53
310,source,24518,bounce_24518_00310.mp4,/home/ganesh/test_work/cv_output/bounce_clips/source/bounce_24518_00310.mp4,ok,0.552211,0.000043,0.142086,0.694366,2026-07-20 21:01:06
310,sink,24518,bounce_24518_00310.mp4,/home/ganesh/test_work/cv_output/bounce_clips/sink/bounce_24518_00310.mp4,ok,0.609085,0.000075,0.178744,0.787928,2026-07-20 21:01:07
310,hq,24518,bounce_24518_00310.mp4,/home/ganesh/test_work/cv_output/bounce_clips/hq/bounce_24518_00310.mp4,ok,1.225801,0.000059,0.227542,1.453429,2026-07-20 21:01:08
311,source,24560,bounce_24560_00311.mp4,/home/ganesh/test_work/cv_output/bounce_clips/source/bounce_24560_00311.mp4,ok,0.187843,0.000031,0.144626,0.332545,2026-07-20 21:01:13
311,sink,24560,bounce_24560_00311.mp4,/home/ganesh/test_work/cv_output/bounce_clips/sink/bounce_24560_00311.mp4,ok,0.198971,0.000048,0.152606,0.351645,2026-07-20 21:01:13
311,hq,24560,bounce_24560_00311.mp4,/home/ganesh/test_work/cv_output/bounce_clips/hq/bounce_24560_00311.mp4,ok,0.624577,0.000063,0.345528,0.970197,2026-07-20 21:01:14
313,source,24614,bounce_24614_00313.mp4,/home/ganesh/test_work/cv_output/bounce_clips/source/bounce_24614_00313.mp4,ok,0.192298,0.000056,0.167128,0.359505,2026-07-20 21:01:14
313,sink,24614,bounce_24614_00313.mp4,/home/ganesh/test_work/cv_output/bounce_clips/sink/bounce_24614_00313.mp4,ok,0.196752,0.000060,0.150091,0.346927,2026-07-20 21:01:15
313,hq,24614,bounce_24614_00313.mp4,/home/ganesh/test_work/cv_output/bounce_clips/hq/bounce_24614_00313.mp4,ok,0.323387,0.000068,0.333887,0.657368,2026-07-20 21:01:15
314,source,24851,dirchange_24851_00314.mp4,/home/ganesh/test_work/cv_output/bounce_clips/source/dirchange_24851_00314.mp4,ok,0.200369,0.000045,0.152453,0.352889,2026-07-20 21:01:36
314,sink,24851,dirchange_24851_00314.mp4,/home/ganesh/test_work/cv_output/bounce_clips/sink/dirchange_24851_00314.mp4,ok,0.907340,0.000039,0.152959,1.060363,2026-07-20 21:01:37
314,hq,24851,dirchange_24851_00314.mp4,/home/ganesh/test_work/cv_output/bounce_clips/hq/dirchange_24851_00314.mp4,ok,0.330025,0.000063,0.290479,0.620595,2026-07-20 21:01:38
315,source,25079,bounce_25079_00315.mp4,/home/ganesh/test_work/cv_output/bounce_clips/source/bounce_25079_00315.mp4,ok,0.727842,0.000040,0.150752,0.878659,2026-07-20 21:02:11
315,sink,25079,bounce_25079_00315.mp4,/home/ganesh/test_work/cv_output/bounce_clips/sink/bounce_25079_00315.mp4,ok,0.746412,0.000041,0.154614,0.901089,2026-07-20 21:02:12
315,hq,25079,bounce_25079_00315.mp4,/home/ganesh/test_work/cv_output/bounce_clips/hq/bounce_25079_00315.mp4,ok,1.360389,0.000059,0.301283,1.661760,2026-07-20 21:02:13
316,source,25421,bounce_25421_00316.mp4,/home/ganesh/test_work/cv_output/bounce_clips/source/bounce_25421_00316.mp4,ok,0.579827,0.000046,0.128764,0.708662,2026-07-20 21:02:18
316,sink,25421,bounce_25421_00316.mp4,/home/ganesh/test_work/cv_output/bounce_clips/sink/bounce_25421_00316.mp4,ok,0.643086,0.000043,0.137326,0.780478,2026-07-20 21:02:19
316,hq,25421,bounce_25421_00316.mp4,/home/ganesh/test_work/cv_output/bounce_clips/hq/bounce_25421_00316.mp4,ok,1.168365,0.000055,0.207031,1.375475,2026-07-20 21:02:20
317,source,25460,bounce_25460_00317.mp4,/home/ganesh/test_work/cv_output/bounce_clips/source/bounce_25460_00317.mp4,ok,0.151380,0.000052,0.153545,0.304997,2026-07-20 21:02:21
317,sink,25460,bounce_25460_00317.mp4,/home/ganesh/test_work/cv_output/bounce_clips/sink/bounce_25460_00317.mp4,ok,0.167670,0.000061,0.157406,0.325160,2026-07-20 21:02:21
317,hq,25460,bounce_25460_00317.mp4,/home/ganesh/test_work/cv_output/bounce_clips/hq/bounce_25460_00317.mp4,ok,0.219196,0.000059,0.301351,0.520641,2026-07-20 21:02:22
319,source,25511,bounce_25511_00319.mp4,/home/ganesh/test_work/cv_output/bounce_clips/source/bounce_25511_00319.mp4,ok,0.181524,0.000049,0.143076,0.324677,2026-07-20 21:02:22
319,sink,25511,bounce_25511_00319.mp4,/home/ganesh/test_work/cv_output/bounce_clips/sink/bounce_25511_00319.mp4,ok,0.158932,0.000050,0.142699,0.301706,2026-07-20 21:02:22
319,hq,25511,bounce_25511_00319.mp4,/home/ganesh/test_work/cv_output/bounce_clips/hq/bounce_25511_00319.mp4,ok,0.273467,0.000058,0.550517,0.824065,2026-07-20 21:02:23
321,source,26008,bounce_26008_00321.mp4,/home/ganesh/test_work/cv_output/bounce_clips/source/bounce_26008_00321.mp4,failed,0.410150,0.000000,0.000000,0.410206,2026-07-20 21:03:02
321,sink,26008,bounce_26008_00321.mp4,/home/ganesh/test_work/cv_output/bounce_clips/sink/bounce_26008_00321.mp4,failed,0.420794,0.000000,0.000000,0.420852,2026-07-20 21:03:02
321,hq,26008,bounce_26008_00321.mp4,/home/ganesh/test_work/cv_output/bounce_clips/hq/bounce_26008_00321.mp4,ok,1.011721,0.000047,0.242150,1.253940,2026-07-20 21:03:04
322,source,26051,bounce_26051_00322.mp4,/home/ganesh/test_work/cv_output/bounce_clips/source/bounce_26051_00322.mp4,ok,0.158445,0.000044,0.141612,0.300125,2026-07-20 21:03:04
322,sink,26051,bounce_26051_00322.mp4,/home/ganesh/test_work/cv_output/bounce_clips/sink/bounce_26051_00322.mp4,ok,0.183995,0.000061,0.153492,0.337575,2026-07-20 21:03:04
322,hq,26051,bounce_26051_00322.mp4,/home/ganesh/test_work/cv_output/bounce_clips/hq/bounce_26051_00322.mp4,ok,0.242499,0.000068,0.327356,0.569949,2026-07-20 21:03:05
325,source,26118,bounce_26118_00325.mp4,/home/ganesh/test_work/cv_output/bounce_clips/source/bounce_26118_00325.mp4,ok,0.176209,0.000058,0.159556,0.335861,2026-07-20 21:03:11
325,source,26130,dirchange_26130_00325.mp4,/home/ganesh/test_work/cv_output/bounce_clips/source/dirchange_26130_00325.mp4,ok,0.058476,0.000057,0.175623,0.234176,2026-07-20 21:03:12
325,sink,26118,bounce_26118_00325.mp4,/home/ganesh/test_work/cv_output/bounce_clips/sink/bounce_26118_00325.mp4,ok,0.176883,0.000048,0.149714,0.326671,2026-07-20 21:03:12
325,sink,26130,dirchange_26130_00325.mp4,/home/ganesh/test_work/cv_output/bounce_clips/sink/dirchange_26130_00325.mp4,ok,0.349733,0.000054,0.189413,0.539225,2026-07-20 21:03:12
325,hq,26118,bounce_26118_00325.mp4,/home/ganesh/test_work/cv_output/bounce_clips/hq/bounce_26118_00325.mp4,ok,0.613638,0.000049,0.352370,0.966079,2026-07-20 21:03:13
325,hq,26130,dirchange_26130_00325.mp4,/home/ganesh/test_work/cv_output/bounce_clips/hq/dirchange_26130_00325.mp4,ok,1.218336,0.000070,0.609116,1.827548,2026-07-20 21:03:15
327,source,26176,bounce_26176_00327.mp4,/home/ganesh/test_work/cv_output/bounce_clips/source/bounce_26176_00327.mp4,ok,0.287669,0.000051,0.215670,0.503412,2026-07-20 21:03:16
327,sink,26176,bounce_26176_00327.mp4,/home/ganesh/test_work/cv_output/bounce_clips/sink/bounce_26176_00327.mp4,ok,0.334778,0.000080,0.258887,0.593768,2026-07-20 21:03:16
327,hq,26176,bounce_26176_00327.mp4,/home/ganesh/test_work/cv_output/bounce_clips/hq/bounce_26176_00327.mp4,ok,0.476583,0.000054,0.449006,0.925662,2026-07-20 21:03:17
328,source,27419,bounce_27419_00328.mp4,/home/ganesh/test_work/cv_output/bounce_clips/source/bounce_27419_00328.mp4,ok,0.754895,0.000046,0.145761,0.900730,2026-07-20 21:04:51
328,source,27440,dirchange_27440_00328.mp4,/home/ganesh/test_work/cv_output/bounce_clips/source/dirchange_27440_00328.mp4,ok,0.093612,0.000043,0.175059,0.268737,2026-07-20 21:04:51
328,sink,27419,bounce_27419_00328.mp4,/home/ganesh/test_work/cv_output/bounce_clips/sink/bounce_27419_00328.mp4,ok,0.813309,0.000079,0.156302,0.969714,2026-07-20 21:04:52
328,sink,27440,dirchange_27440_00328.mp4,/home/ganesh/test_work/cv_output/bounce_clips/sink/dirchange_27440_00328.mp4,ok,0.111499,0.000047,0.161232,0.272799,2026-07-20 21:04:52
328,hq,27419,bounce_27419_00328.mp4,/home/ganesh/test_work/cv_output/bounce_clips/hq/bounce_27419_00328.mp4,ok,1.529191,0.000055,0.229486,1.758797,2026-07-20 21:04:54
328,hq,27440,dirchange_27440_00328.mp4,/home/ganesh/test_work/cv_output/bounce_clips/hq/dirchange_27440_00328.mp4,ok,0.146050,0.000049,0.407953,0.554077,2026-07-20 21:04:54
332,source,27586,bounce_27586_00332.mp4,/home/ganesh/test_work/cv_output/bounce_clips/source/bounce_27586_00332.mp4,ok,0.853764,0.000050,0.145903,0.999741,2026-07-20 21:05:00
332,sink,27586,bounce_27586_00332.mp4,/home/ganesh/test_work/cv_output/bounce_clips/sink/bounce_27586_00332.mp4,ok,0.861737,0.000055,0.146713,1.008529,2026-07-20 21:05:01
332,hq,27586,bounce_27586_00332.mp4,/home/ganesh/test_work/cv_output/bounce_clips/hq/bounce_27586_00332.mp4,ok,1.172291,0.000063,0.311830,1.484205,2026-07-20 21:05:02
333,source,27631,bounce_27631_00333.mp4,/home/ganesh/test_work/cv_output/bounce_clips/source/bounce_27631_00333.mp4,ok,0.612429,0.000046,0.153504,0.766028,2026-07-20 21:05:09
333,sink,27631,bounce_27631_00333.mp4,/home/ganesh/test_work/cv_output/bounce_clips/sink/bounce_27631_00333.mp4,ok,0.403638,0.000056,0.144268,0.547990,2026-07-20 21:05:10
333,hq,27631,bounce_27631_00333.mp4,/home/ganesh/test_work/cv_output/bounce_clips/hq/bounce_27631_00333.mp4,ok,0.925945,0.000072,0.224204,1.150253,2026-07-20 21:05:11
334,source,27669,bounce_27669_00334.mp4,/home/ganesh/test_work/cv_output/bounce_clips/source/bounce_27669_00334.mp4,ok,0.172496,0.000046,0.192336,0.364901,2026-07-20 21:05:11
334,sink,27669,bounce_27669_00334.mp4,/home/ganesh/test_work/cv_output/bounce_clips/sink/bounce_27669_00334.mp4,ok,0.280356,0.000049,0.251482,0.531910,2026-07-20 21:05:12
334,hq,27669,bounce_27669_00334.mp4,/home/ganesh/test_work/cv_output/bounce_clips/hq/bounce_27669_00334.mp4,ok,0.475621,0.000060,0.506671,0.982375,2026-07-20 21:05:13
336,source,27714,bounce_27714_00336.mp4,/home/ganesh/test_work/cv_output/bounce_clips/source/bounce_27714_00336.mp4,ok,0.256911,0.000051,0.244315,0.501297,2026-07-20 21:05:13
336,sink,27714,bounce_27714_00336.mp4,/home/ganesh/test_work/cv_output/bounce_clips/sink/bounce_27714_00336.mp4,ok,0.282282,0.000060,0.198990,0.481353,2026-07-20 21:05:14
336,hq,27714,bounce_27714_00336.mp4,/home/ganesh/test_work/cv_output/bounce_clips/hq/bounce_27714_00336.mp4,ok,0.354162,0.000083,0.420047,0.774317,2026-07-20 21:05:14
337,source,27741,bounce_27741_00337.mp4,/home/ganesh/test_work/cv_output/bounce_clips/source/bounce_27741_00337.mp4,failed,0.189128,0.000000,0.000000,0.189186,2026-07-20 21:05:31
337,sink,27741,bounce_27741_00337.mp4,/home/ganesh/test_work/cv_output/bounce_clips/sink/bounce_27741_00337.mp4,failed,0.192741,0.000000,0.000000,0.192790,2026-07-20 21:05:31
337,hq,27741,bounce_27741_00337.mp4,/home/ganesh/test_work/cv_output/bounce_clips/hq/bounce_27741_00337.mp4,ok,0.656981,0.000045,0.227993,0.885043,2026-07-20 21:05:32
338,source,28065,bounce_28065_00338.mp4,/home/ganesh/test_work/cv_output/bounce_clips/source/bounce_28065_00338.mp4,ok,0.749099,0.000045,0.139744,0.888911,2026-07-20 21:05:39
338,sink,28065,bounce_28065_00338.mp4,/home/ganesh/test_work/cv_output/bounce_clips/sink/bounce_28065_00338.mp4,ok,0.600700,0.000045,0.142422,0.743184,2026-07-20 21:05:40
338,hq,28065,bounce_28065_00338.mp4,/home/ganesh/test_work/cv_output/bounce_clips/hq/bounce_28065_00338.mp4,ok,1.227148,0.000065,0.517144,1.744382,2026-07-20 21:05:41
339,source,28104,bounce_28104_00339.mp4,/home/ganesh/test_work/cv_output/bounce_clips/source/bounce_28104_00339.mp4,ok,0.408341,0.000041,0.155386,0.563795,2026-07-20 21:05:46
339,sink,28104,bounce_28104_00339.mp4,/home/ganesh/test_work/cv_output/bounce_clips/sink/bounce_28104_00339.mp4,ok,0.197997,0.000048,0.134032,0.332108,2026-07-20 21:05:47
339,hq,28104,bounce_28104_00339.mp4,/home/ganesh/test_work/cv_output/bounce_clips/hq/bounce_28104_00339.mp4,ok,0.593361,0.000054,0.232283,0.825721,2026-07-20 21:05:47
343,source,28198,bounce_28198_00343.mp4,/home/ganesh/test_work/cv_output/bounce_clips/source/bounce_28198_00343.mp4,ok,0.720063,0.000037,0.174110,0.894234,2026-07-20 21:05:48
343,sink,28198,bounce_28198_00343.mp4,/home/ganesh/test_work/cv_output/bounce_clips/sink/bounce_28198_00343.mp4,ok,0.783156,0.000051,0.170116,0.953350,2026-07-20 21:05:49
343,hq,28198,bounce_28198_00343.mp4,/home/ganesh/test_work/cv_output/bounce_clips/hq/bounce_28198_00343.mp4,ok,1.975458,0.000050,0.331509,2.307040,2026-07-20 21:05:51
346,source,28372,bounce_28372_00346.mp4,/home/ganesh/test_work/cv_output/bounce_clips/source/bounce_28372_00346.mp4,ok,0.740789,0.000035,0.161711,0.902556,2026-07-20 21:06:17
346,sink,28372,bounce_28372_00346.mp4,/home/ganesh/test_work/cv_output/bounce_clips/sink/bounce_28372_00346.mp4,ok,0.792567,0.000057,0.153724,0.946379,2026-07-20 21:06:18
346,hq,28372,bounce_28372_00346.mp4,/home/ganesh/test_work/cv_output/bounce_clips/hq/bounce_28372_00346.mp4,ok,1.192974,0.000056,0.347820,1.540873,2026-07-20 21:06:19
347,source,28637,bounce_28637_00347.mp4,/home/ganesh/test_work/cv_output/bounce_clips/source/bounce_28637_00347.mp4,ok,0.200534,0.000044,0.148080,0.348680,2026-07-20 21:06:24
347,sink,28637,bounce_28637_00347.mp4,/home/ganesh/test_work/cv_output/bounce_clips/sink/bounce_28637_00347.mp4,ok,0.189889,0.000055,0.158662,0.348633,2026-07-20 21:06:24
347,hq,28637,bounce_28637_00347.mp4,/home/ganesh/test_work/cv_output/bounce_clips/hq/bounce_28637_00347.mp4,ok,0.356755,0.000062,0.221193,0.578035,2026-07-20 21:06:25
348,source,28670,bounce_28670_00348.mp4,/home/ganesh/test_work/cv_output/bounce_clips/source/bounce_28670_00348.mp4,ok,0.135166,0.000053,0.165395,0.300635,2026-07-20 21:06:25
348,source,28684,dirchange_28684_00348.mp4,/home/ganesh/test_work/cv_output/bounce_clips/source/dirchange_28684_00348.mp4,ok,0.072200,0.000057,0.166476,0.238756,2026-07-20 21:06:25
348,sink,28670,bounce_28670_00348.mp4,/home/ganesh/test_work/cv_output/bounce_clips/sink/bounce_28670_00348.mp4,ok,0.142627,0.000080,0.158323,0.301069,2026-07-20 21:06:26
348,sink,28684,dirchange_28684_00348.mp4,/home/ganesh/test_work/cv_output/bounce_clips/sink/dirchange_28684_00348.mp4,ok,0.697376,0.000047,0.182602,0.880046,2026-07-20 21:06:26
348,hq,28670,bounce_28670_00348.mp4,/home/ganesh/test_work/cv_output/bounce_clips/hq/bounce_28670_00348.mp4,ok,0.219069,0.000106,0.339619,0.558814,2026-07-20 21:06:27
348,hq,28684,dirchange_28684_00348.mp4,/home/ganesh/test_work/cv_output/bounce_clips/hq/dirchange_28684_00348.mp4,ok,1.242341,0.000084,0.376710,1.619167,2026-07-20 21:06:29
350,source,28712,dirchange_28712_00350.mp4,/home/ganesh/test_work/cv_output/bounce_clips/source/dirchange_28712_00350.mp4,ok,0.691851,0.000041,0.166357,0.858274,2026-07-20 21:06:34
350,sink,28712,dirchange_28712_00350.mp4,/home/ganesh/test_work/cv_output/bounce_clips/sink/dirchange_28712_00350.mp4,ok,0.447464,0.000047,0.167406,0.614936,2026-07-20 21:06:34
350,hq,28712,dirchange_28712_00350.mp4,/home/ganesh/test_work/cv_output/bounce_clips/hq/dirchange_28712_00350.mp4,ok,0.940154,0.000097,0.344054,1.284352,2026-07-20 21:06:36
360,source,30098,bounce_30098_00360.mp4,/home/ganesh/test_work/cv_output/bounce_clips/source/bounce_30098_00360.mp4,ok,0.579567,0.000036,0.139491,0.719117,2026-07-20 21:08:17
360,sink,30098,bounce_30098_00360.mp4,/home/ganesh/test_work/cv_output/bounce_clips/sink/bounce_30098_00360.mp4,ok,0.601257,0.000056,0.151155,0.752491,2026-07-20 21:08:18
360,hq,30098,bounce_30098_00360.mp4,/home/ganesh/test_work/cv_output/bounce_clips/hq/bounce_30098_00360.mp4,ok,1.264193,0.000059,0.235609,1.499888,2026-07-20 21:08:20
361,source,30130,bounce_30130_00361.mp4,/home/ganesh/test_work/cv_output/bounce_clips/source/bounce_30130_00361.mp4,ok,0.197785,0.000044,0.149149,0.347003,2026-07-20 21:08:24
361,sink,30130,bounce_30130_00361.mp4,/home/ganesh/test_work/cv_output/bounce_clips/sink/bounce_30130_00361.mp4,ok,0.209890,0.000040,0.142738,0.352696,2026-07-20 21:08:25
361,hq,30130,bounce_30130_00361.mp4,/home/ganesh/test_work/cv_output/bounce_clips/hq/bounce_30130_00361.mp4,ok,0.300500,0.000053,0.348551,0.649138,2026-07-20 21:08:25
362,source,30168,bounce_30168_00362.mp4,/home/ganesh/test_work/cv_output/bounce_clips/source/bounce_30168_00362.mp4,ok,0.150465,0.000057,0.132088,0.282638,2026-07-20 21:08:25
362,sink,30168,bounce_30168_00362.mp4,/home/ganesh/test_work/cv_output/bounce_clips/sink/bounce_30168_00362.mp4,ok,0.141190,0.000045,0.131990,0.273246,2026-07-20 21:08:26
362,hq,30168,bounce_30168_00362.mp4,/home/ganesh/test_work/cv_output/bounce_clips/hq/bounce_30168_00362.mp4,ok,0.223648,0.000054,0.218285,0.442012,2026-07-20 21:08:26
363,source,30223,bounce_30223_00363.mp4,/home/ganesh/test_work/cv_output/bounce_clips/source/bounce_30223_00363.mp4,ok,0.793302,0.000045,0.174980,0.968353,2026-07-20 21:08:27
363,sink,30223,bounce_30223_00363.mp4,/home/ganesh/test_work/cv_output/bounce_clips/sink/bounce_30223_00363.mp4,ok,0.622781,0.000052,0.146177,0.769037,2026-07-20 21:08:28
363,hq,30223,bounce_30223_00363.mp4,/home/ganesh/test_work/cv_output/bounce_clips/hq/bounce_30223_00363.mp4,ok,1.447434,0.000056,0.559952,2.007472,2026-07-20 21:08:30
364,source,30289,dirchange_30289_00364.mp4,/home/ganesh/test_work/cv_output/bounce_clips/source/dirchange_30289_00364.mp4,ok,0.736604,0.000046,0.146275,0.882950,2026-07-20 21:08:41
364,sink,30289,dirchange_30289_00364.mp4,/home/ganesh/test_work/cv_output/bounce_clips/sink/dirchange_30289_00364.mp4,ok,0.823051,0.000055,0.180226,1.003358,2026-07-20 21:08:42
364,hq,30289,dirchange_30289_00364.mp4,/home/ganesh/test_work/cv_output/bounce_clips/hq/dirchange_30289_00364.mp4,ok,1.114520,0.000077,0.305117,1.419741,2026-07-20 21:08:43
365,source,30389,bounce_30389_00365.mp4,/home/ganesh/test_work/cv_output/bounce_clips/source/bounce_30389_00365.mp4,ok,0.400647,0.000047,0.149009,0.549730,2026-07-20 21:08:44
365,sink,30389,bounce_30389_00365.mp4,/home/ganesh/test_work/cv_output/bounce_clips/sink/bounce_30389_00365.mp4,ok,0.439055,0.000052,0.142836,0.581969,2026-07-20 21:08:45
365,hq,30389,bounce_30389_00365.mp4,/home/ganesh/test_work/cv_output/bounce_clips/hq/bounce_30389_00365.mp4,ok,1.310066,0.000055,0.376250,1.686398,2026-07-20 21:08:46
368,source,30466,dirchange_30466_00368.mp4,/home/ganesh/test_work/cv_output/bounce_clips/source/dirchange_30466_00368.mp4,ok,0.834259,0.000067,0.156783,0.991145,2026-07-20 21:08:51
368,sink,30466,dirchange_30466_00368.mp4,/home/ganesh/test_work/cv_output/bounce_clips/sink/dirchange_30466_00368.mp4,ok,0.648146,0.000055,0.165817,0.814046,2026-07-20 21:08:52
368,hq,30466,dirchange_30466_00368.mp4,/home/ganesh/test_work/cv_output/bounce_clips/hq/dirchange_30466_00368.mp4,ok,1.191239,0.000062,0.545724,1.737051,2026-07-20 21:08:54
369,source,30499,dirchange_30499_00369.mp4,/home/ganesh/test_work/cv_output/bounce_clips/source/dirchange_30499_00369.mp4,ok,0.226464,0.000045,0.233634,0.460171,2026-07-20 21:08:54
369,sink,30499,dirchange_30499_00369.mp4,/home/ganesh/test_work/cv_output/bounce_clips/sink/dirchange_30499_00369.mp4,ok,0.253214,0.000051,0.248008,0.501295,2026-07-20 21:08:55
369,hq,30499,dirchange_30499_00369.mp4,/home/ganesh/test_work/cv_output/bounce_clips/hq/dirchange_30499_00369.mp4,ok,0.271817,0.000062,0.319002,0.590909,2026-07-20 21:08:56
366,source,30420,bounce_30420_00366.mp4,/home/ganesh/test_work/cv_output/bounce_clips/source/bounce_30420_00366.mp4,ok,1.441766,0.000065,0.159591,1.601458,2026-07-20 21:08:57
366,sink,30420,bounce_30420_00366.mp4,/home/ganesh/test_work/cv_output/bounce_clips/sink/bounce_30420_00366.mp4,ok,0.746440,0.000054,0.163477,0.910000,2026-07-20 21:08:58
366,hq,30420,bounce_30420_00366.mp4,/home/ganesh/test_work/cv_output/bounce_clips/hq/bounce_30420_00366.mp4,ok,1.501481,0.000087,0.310239,1.811842,2026-07-20 21:09:00
372,source,30658,dirchange_30658_00372.mp4,/home/ganesh/test_work/cv_output/bounce_clips/source/dirchange_30658_00372.mp4,ok,0.728642,0.000045,0.158003,0.886711,2026-07-20 21:09:07
372,sink,30658,dirchange_30658_00372.mp4,/home/ganesh/test_work/cv_output/bounce_clips/sink/dirchange_30658_00372.mp4,ok,0.775695,0.000069,0.148475,0.924264,2026-07-20 21:09:08
372,hq,30658,dirchange_30658_00372.mp4,/home/ganesh/test_work/cv_output/bounce_clips/hq/dirchange_30658_00372.mp4,ok,1.126001,0.000060,0.341139,1.467224,2026-07-20 21:09:10
375,source,30814,bounce_30814_00375.mp4,/home/ganesh/test_work/cv_output/bounce_clips/source/bounce_30814_00375.mp4,failed,0.656861,0.000000,0.000000,0.657612,2026-07-20 21:09:23
375,source,30824,dirchange_30824_00375.mp4,/home/ganesh/test_work/cv_output/bounce_clips/source/dirchange_30824_00375.mp4,ok,0.701637,0.000043,0.142354,0.844055,2026-07-20 21:09:23
375,sink,30814,bounce_30814_00375.mp4,/home/ganesh/test_work/cv_output/bounce_clips/sink/bounce_30814_00375.mp4,failed,0.623476,0.000000,0.000000,0.624580,2026-07-20 21:09:24
375,sink,30824,dirchange_30824_00375.mp4,/home/ganesh/test_work/cv_output/bounce_clips/sink/dirchange_30824_00375.mp4,ok,0.548370,0.000046,0.146495,0.694928,2026-07-20 21:09:25
375,hq,30814,bounce_30814_00375.mp4,/home/ganesh/test_work/cv_output/bounce_clips/hq/bounce_30814_00375.mp4,ok,0.905126,0.000051,0.232588,1.137791,2026-07-20 21:09:26
375,hq,30824,dirchange_30824_00375.mp4,/home/ganesh/test_work/cv_output/bounce_clips/hq/dirchange_30824_00375.mp4,ok,1.505561,0.000045,0.403267,1.908897,2026-07-20 21:09:28
376,source,30852,bounce_30852_00376.mp4,/home/ganesh/test_work/cv_output/bounce_clips/source/bounce_30852_00376.mp4,ok,0.219050,0.000055,0.222489,0.441624,2026-07-20 21:09:28
376,sink,30852,bounce_30852_00376.mp4,/home/ganesh/test_work/cv_output/bounce_clips/sink/bounce_30852_00376.mp4,ok,0.186409,0.000059,0.218204,0.404696,2026-07-20 21:09:29
376,hq,30852,bounce_30852_00376.mp4,/home/ganesh/test_work/cv_output/bounce_clips/hq/bounce_30852_00376.mp4,ok,0.312435,0.000052,0.414399,0.726908,2026-07-20 21:09:29
378,source,30906,bounce_30906_00378.mp4,/home/ganesh/test_work/cv_output/bounce_clips/source/bounce_30906_00378.mp4,failed,0.149974,0.000000,0.000000,0.150235,2026-07-20 21:09:32
378,sink,30906,bounce_30906_00378.mp4,/home/ganesh/test_work/cv_output/bounce_clips/sink/bounce_30906_00378.mp4,failed,0.981050,0.000000,0.000000,0.981120,2026-07-20 21:09:33
378,hq,30906,bounce_30906_00378.mp4,/home/ganesh/test_work/cv_output/bounce_clips/hq/bounce_30906_00378.mp4,ok,0.247158,0.000049,0.329762,0.576990,2026-07-20 21:09:33
382,source,31007,dirchange_31007_00382.mp4,/home/ganesh/test_work/cv_output/bounce_clips/source/dirchange_31007_00382.mp4,failed,0.791071,0.000000,0.000000,0.791132,2026-07-20 21:09:46
382,sink,31007,dirchange_31007_00382.mp4,/home/ganesh/test_work/cv_output/bounce_clips/sink/dirchange_31007_00382.mp4,failed,0.773842,0.000000,0.000000,0.773892,2026-07-20 21:09:47
382,hq,31007,dirchange_31007_00382.mp4,/home/ganesh/test_work/cv_output/bounce_clips/hq/dirchange_31007_00382.mp4,ok,1.153842,0.000047,0.231423,1.385334,2026-07-20 21:09:48
384,source,31338,bounce_31338_00384.mp4,/home/ganesh/test_work/cv_output/bounce_clips/source/bounce_31338_00384.mp4,ok,0.191156,0.000042,0.133741,0.324979,2026-07-20 21:10:03
384,source,31347,dirchange_31347_00384.mp4,/home/ganesh/test_work/cv_output/bounce_clips/source/dirchange_31347_00384.mp4,ok,0.328365,0.000047,0.151959,0.480399,2026-07-20 21:10:04
384,sink,31338,bounce_31338_00384.mp4,/home/ganesh/test_work/cv_output/bounce_clips/sink/bounce_31338_00384.mp4,ok,0.205727,0.000048,0.130976,0.336782,2026-07-20 21:10:04
384,sink,31347,dirchange_31347_00384.mp4,/home/ganesh/test_work/cv_output/bounce_clips/sink/dirchange_31347_00384.mp4,ok,0.352777,0.000089,0.148267,0.501159,2026-07-20 21:10:04
384,hq,31338,bounce_31338_00384.mp4,/home/ganesh/test_work/cv_output/bounce_clips/hq/bounce_31338_00384.mp4,ok,0.669443,0.000051,0.214859,0.884379,2026-07-20 21:10:05
384,hq,31347,dirchange_31347_00384.mp4,/home/ganesh/test_work/cv_output/bounce_clips/hq/dirchange_31347_00384.mp4,ok,1.195425,0.000060,0.427259,1.622768,2026-07-20 21:10:07
385,source,31378,bounce_31378_00385.mp4,/home/ganesh/test_work/cv_output/bounce_clips/source/bounce_31378_00385.mp4,ok,0.811300,0.000050,0.155359,0.966736,2026-07-20 21:10:12
385,sink,31378,bounce_31378_00385.mp4,/home/ganesh/test_work/cv_output/bounce_clips/sink/bounce_31378_00385.mp4,ok,0.708782,0.000052,0.143280,0.852152,2026-07-20 21:10:13
385,hq,31378,bounce_31378_00385.mp4,/home/ganesh/test_work/cv_output/bounce_clips/hq/bounce_31378_00385.mp4,ok,1.554715,0.000060,0.602487,2.157286,2026-07-20 21:10:15
386,source,31415,bounce_31415_00386.mp4,/home/ganesh/test_work/cv_output/bounce_clips/source/bounce_31415_00386.mp4,ok,0.279762,0.000053,0.246080,0.525917,2026-07-20 21:10:16
386,sink,31415,bounce_31415_00386.mp4,/home/ganesh/test_work/cv_output/bounce_clips/sink/bounce_31415_00386.mp4,ok,1.058795,0.000047,0.185957,1.244823,2026-07-20 21:10:17
386,hq,31415,bounce_31415_00386.mp4,/home/ganesh/test_work/cv_output/bounce_clips/hq/bounce_31415_00386.mp4,ok,0.271140,0.000053,0.270873,0.542086,2026-07-20 21:10:17
387,source,31447,bounce_31447_00387.mp4,/home/ganesh/test_work/cv_output/bounce_clips/source/bounce_31447_00387.mp4,ok,0.221971,0.000049,0.147946,0.369991,2026-07-20 21:10:20
387,sink,31447,bounce_31447_00387.mp4,/home/ganesh/test_work/cv_output/bounce_clips/sink/bounce_31447_00387.mp4,ok,0.847940,0.000056,0.163335,1.011358,2026-07-20 21:10:21
387,hq,31447,bounce_31447_00387.mp4,/home/ganesh/test_work/cv_output/bounce_clips/hq/bounce_31447_00387.mp4,ok,0.303780,0.000062,0.333783,0.637649,2026-07-20 21:10:22
389,source,31683,bounce_31683_00389.mp4,/home/ganesh/test_work/cv_output/bounce_clips/source/bounce_31683_00389.mp4,ok,0.923707,0.000040,0.140579,1.064350,2026-07-20 21:10:35
389,sink,31683,bounce_31683_00389.mp4,/home/ganesh/test_work/cv_output/bounce_clips/sink/bounce_31683_00389.mp4,ok,0.720936,0.000039,0.137839,0.858832,2026-07-20 21:10:36
389,hq,31683,bounce_31683_00389.mp4,/home/ganesh/test_work/cv_output/bounce_clips/hq/bounce_31683_00389.mp4,ok,0.295160,0.000064,0.219066,0.514313,2026-07-20 21:10:36
390,source,31721,bounce_31721_00390.mp4,/home/ganesh/test_work/cv_output/bounce_clips/source/bounce_31721_00390.mp4,ok,0.158878,0.000059,0.172753,0.331713,2026-07-20 21:10:37
390,sink,31721,bounce_31721_00390.mp4,/home/ganesh/test_work/cv_output/bounce_clips/sink/bounce_31721_00390.mp4,ok,0.142628,0.000054,0.151765,0.294474,2026-07-20 21:10:37
390,hq,31721,bounce_31721_00390.mp4,/home/ganesh/test_work/cv_output/bounce_clips/hq/bounce_31721_00390.mp4,ok,0.209438,0.000063,0.328101,0.537622,2026-07-20 21:10:37
392,source,31783,dirchange_31783_00392.mp4,/home/ganesh/test_work/cv_output/bounce_clips/source/dirchange_31783_00392.mp4,ok,0.789079,0.000040,0.166769,0.955911,2026-07-20 21:10:42
392,sink,31783,dirchange_31783_00392.mp4,/home/ganesh/test_work/cv_output/bounce_clips/sink/dirchange_31783_00392.mp4,ok,0.641478,0.000046,0.158159,0.799704,2026-07-20 21:10:43
392,hq,31783,dirchange_31783_00392.mp4,/home/ganesh/test_work/cv_output/bounce_clips/hq/dirchange_31783_00392.mp4,ok,1.193233,0.000048,0.330279,1.523581,2026-07-20 21:10:45
397,source,32086,bounce_32086_00397.mp4,/home/ganesh/test_work/cv_output/bounce_clips/source/bounce_32086_00397.mp4,ok,0.778508,0.000060,0.137782,0.916383,2026-07-20 21:11:06
397,sink,32086,bounce_32086_00397.mp4,/home/ganesh/test_work/cv_output/bounce_clips/sink/bounce_32086_00397.mp4,ok,0.788937,0.000068,0.144800,0.933835,2026-07-20 21:11:07
397,hq,32086,bounce_32086_00397.mp4,/home/ganesh/test_work/cv_output/bounce_clips/hq/bounce_32086_00397.mp4,ok,1.123710,0.000055,0.218326,1.342116,2026-07-20 21:11:09
398,source,32134,dirchange_32134_00398.mp4,/home/ganesh/test_work/cv_output/bounce_clips/source/dirchange_32134_00398.mp4,ok,0.601509,0.000039,0.143082,0.744656,2026-07-20 21:11:13
398,sink,32134,dirchange_32134_00398.mp4,/home/ganesh/test_work/cv_output/bounce_clips/sink/dirchange_32134_00398.mp4,ok,0.632422,0.000069,0.156141,0.788660,2026-07-20 21:11:14
398,hq,32134,dirchange_32134_00398.mp4,/home/ganesh/test_work/cv_output/bounce_clips/hq/dirchange_32134_00398.mp4,ok,0.941345,0.000058,0.238046,1.179478,2026-07-20 21:11:15
399,source,32212,bounce_32212_00399.mp4,/home/ganesh/test_work/cv_output/bounce_clips/source/bounce_32212_00399.mp4,ok,0.689575,0.000045,0.179106,0.868754,2026-07-20 21:11:22
399,source,32222,dirchange_32222_00399.mp4,/home/ganesh/test_work/cv_output/bounce_clips/source/dirchange_32222_00399.mp4,ok,0.916141,0.000047,0.152867,1.069078,2026-07-20 21:11:24
399,sink,32212,bounce_32212_00399.mp4,/home/ganesh/test_work/cv_output/bounce_clips/sink/bounce_32212_00399.mp4,ok,0.730229,0.000049,0.152024,0.882332,2026-07-20 21:11:24
399,sink,32222,dirchange_32222_00399.mp4,/home/ganesh/test_work/cv_output/bounce_clips/sink/dirchange_32222_00399.mp4,ok,0.651847,0.000058,0.180444,0.832371,2026-07-20 21:11:25
399,hq,32212,bounce_32212_00399.mp4,/home/ganesh/test_work/cv_output/bounce_clips/hq/bounce_32212_00399.mp4,ok,1.650684,0.000059,0.597381,2.248150,2026-07-20 21:11:27
399,hq,32222,dirchange_32222_00399.mp4,/home/ganesh/test_work/cv_output/bounce_clips/hq/dirchange_32222_00399.mp4,ok,0.202804,0.000061,0.542270,0.745164,2026-07-20 21:11:28
404,source,32428,dirchange_32428_00404.mp4,/home/ganesh/test_work/cv_output/bounce_clips/source/dirchange_32428_00404.mp4,ok,0.384587,0.000042,0.159498,0.544150,2026-07-20 21:11:31
404,sink,32428,dirchange_32428_00404.mp4,/home/ganesh/test_work/cv_output/bounce_clips/sink/dirchange_32428_00404.mp4,ok,0.209881,0.000054,0.156257,0.366215,2026-07-20 21:11:31
404,hq,32428,dirchange_32428_00404.mp4,/home/ganesh/test_work/cv_output/bounce_clips/hq/dirchange_32428_00404.mp4,ok,0.650868,0.000066,0.323180,0.974142,2026-07-20 21:11:32
401,source,32333,bounce_32333_00401.mp4,/home/ganesh/test_work/cv_output/bounce_clips/source/bounce_32333_00401.mp4,ok,0.689795,0.000052,0.146069,0.835940,2026-07-20 21:11:33
401,sink,32333,bounce_32333_00401.mp4,/home/ganesh/test_work/cv_output/bounce_clips/sink/bounce_32333_00401.mp4,ok,0.767294,0.000045,0.154225,0.921587,2026-07-20 21:11:34
401,hq,32333,bounce_32333_00401.mp4,/home/ganesh/test_work/cv_output/bounce_clips/hq/bounce_32333_00401.mp4,ok,1.518307,0.000058,0.368362,1.886782,2026-07-20 21:11:36
402,source,32370,dirchange_32370_00402.mp4,/home/ganesh/test_work/cv_output/bounce_clips/source/dirchange_32370_00402.mp4,ok,0.936461,0.000043,0.282185,1.218713,2026-07-20 21:11:37
402,sink,32370,dirchange_32370_00402.mp4,/home/ganesh/test_work/cv_output/bounce_clips/sink/dirchange_32370_00402.mp4,ok,0.674714,0.000048,0.209312,0.884097,2026-07-20 21:11:38
402,hq,32370,dirchange_32370_00402.mp4,/home/ganesh/test_work/cv_output/bounce_clips/hq/dirchange_32370_00402.mp4,ok,0.205538,0.000062,0.300379,0.506005,2026-07-20 21:11:39
405,source,32447,bounce_32447_00405.mp4,/home/ganesh/test_work/cv_output/bounce_clips/source/bounce_32447_00405.mp4,failed,0.769053,0.000000,0.000000,0.770035,2026-07-20 21:11:41
405,sink,32447,bounce_32447_00405.mp4,/home/ganesh/test_work/cv_output/bounce_clips/sink/bounce_32447_00405.mp4,failed,0.786887,0.000000,0.000000,0.787131,2026-07-20 21:11:42
405,hq,32447,bounce_32447_00405.mp4,/home/ganesh/test_work/cv_output/bounce_clips/hq/bounce_32447_00405.mp4,ok,1.079898,0.000048,0.413802,1.493769,2026-07-20 21:11:44
417,source,33815,bounce_33815_00417.mp4,/home/ganesh/test_work/cv_output/bounce_clips/source/bounce_33815_00417.mp4,ok,0.655421,0.000046,0.145294,0.800788,2026-07-20 21:13:22
417,sink,33815,bounce_33815_00417.mp4,/home/ganesh/test_work/cv_output/bounce_clips/sink/bounce_33815_00417.mp4,ok,0.619622,0.000042,0.153025,0.772712,2026-07-20 21:13:23
417,hq,33815,bounce_33815_00417.mp4,/home/ganesh/test_work/cv_output/bounce_clips/hq/bounce_33815_00417.mp4,ok,0.953598,0.000061,0.349100,1.302788,2026-07-20 21:13:24
419,source,34020,bounce_34020_00419.mp4,/home/ganesh/test_work/cv_output/bounce_clips/source/bounce_34020_00419.mp4,ok,1.016387,0.000038,0.145002,1.161456,2026-07-20 21:13:37
419,sink,34020,bounce_34020_00419.mp4,/home/ganesh/test_work/cv_output/bounce_clips/sink/bounce_34020_00419.mp4,ok,0.751800,0.000051,0.153777,0.905651,2026-07-20 21:13:38
419,hq,34020,bounce_34020_00419.mp4,/home/ganesh/test_work/cv_output/bounce_clips/hq/bounce_34020_00419.mp4,ok,0.246637,0.000054,0.205984,0.452697,2026-07-20 21:13:39
420,source,34053,bounce_34053_00420.mp4,/home/ganesh/test_work/cv_output/bounce_clips/source/bounce_34053_00420.mp4,ok,0.592242,0.000042,0.145636,0.737943,2026-07-20 21:13:46
420,sink,34053,bounce_34053_00420.mp4,/home/ganesh/test_work/cv_output/bounce_clips/sink/bounce_34053_00420.mp4,ok,0.404643,0.000038,0.157131,0.561831,2026-07-20 21:13:46
420,hq,34053,bounce_34053_00420.mp4,/home/ganesh/test_work/cv_output/bounce_clips/hq/bounce_34053_00420.mp4,ok,0.933141,0.000058,0.312086,1.245310,2026-07-20 21:13:48
426,source,34401,bounce_34401_00426.mp4,/home/ganesh/test_work/cv_output/bounce_clips/source/bounce_34401_00426.mp4,ok,0.225738,0.000051,0.144315,0.370124,2026-07-20 21:14:08
426,sink,34401,bounce_34401_00426.mp4,/home/ganesh/test_work/cv_output/bounce_clips/sink/bounce_34401_00426.mp4,ok,0.189886,0.000066,0.136324,0.326300,2026-07-20 21:14:09
426,hq,34401,bounce_34401_00426.mp4,/home/ganesh/test_work/cv_output/bounce_clips/hq/bounce_34401_00426.mp4,ok,0.628826,0.000063,0.209399,0.838313,2026-07-20 21:14:10
427,source,34442,bounce_34442_00427.mp4,/home/ganesh/test_work/cv_output/bounce_clips/source/bounce_34442_00427.mp4,ok,0.847106,0.000042,0.179677,1.026850,2026-07-20 21:14:17
427,sink,34442,bounce_34442_00427.mp4,/home/ganesh/test_work/cv_output/bounce_clips/sink/bounce_34442_00427.mp4,ok,0.675979,0.000054,0.153438,0.829496,2026-07-20 21:14:18
427,hq,34442,bounce_34442_00427.mp4,/home/ganesh/test_work/cv_output/bounce_clips/hq/bounce_34442_00427.mp4,ok,1.302882,0.000058,0.556430,1.859416,2026-07-20 21:14:19
428,source,34580,bounce_34580_00428.mp4,/home/ganesh/test_work/cv_output/bounce_clips/source/bounce_34580_00428.mp4,ok,0.181222,0.000042,0.151817,0.333102,2026-07-20 21:14:24
428,sink,34580,bounce_34580_00428.mp4,/home/ganesh/test_work/cv_output/bounce_clips/sink/bounce_34580_00428.mp4,ok,0.208916,0.000051,0.149913,0.358907,2026-07-20 21:14:24
428,hq,34580,bounce_34580_00428.mp4,/home/ganesh/test_work/cv_output/bounce_clips/hq/bounce_34580_00428.mp4,ok,0.609691,0.000057,0.243361,0.853131,2026-07-20 21:14:25
429,source,34621,bounce_34621_00429.mp4,/home/ganesh/test_work/cv_output/bounce_clips/source/bounce_34621_00429.mp4,ok,0.994008,0.000043,0.150524,1.144598,2026-07-20 21:14:32
429,sink,34621,bounce_34621_00429.mp4,/home/ganesh/test_work/cv_output/bounce_clips/sink/bounce_34621_00429.mp4,ok,0.732516,0.000052,0.155886,0.888475,2026-07-20 21:14:33
429,hq,34621,bounce_34621_00429.mp4,/home/ganesh/test_work/cv_output/bounce_clips/hq/bounce_34621_00429.mp4,ok,0.232349,0.000053,0.363765,0.596187,2026-07-20 21:14:34
430,source,34893,bounce_34893_00430.mp4,/home/ganesh/test_work/cv_output/bounce_clips/source/bounce_34893_00430.mp4,ok,0.651156,0.000041,0.146957,0.798178,2026-07-20 21:14:47
430,sink,34893,bounce_34893_00430.mp4,/home/ganesh/test_work/cv_output/bounce_clips/sink/bounce_34893_00430.mp4,ok,0.425436,0.000048,0.147808,0.573313,2026-07-20 21:14:48
430,hq,34893,bounce_34893_00430.mp4,/home/ganesh/test_work/cv_output/bounce_clips/hq/bounce_34893_00430.mp4,ok,0.948915,0.000059,0.246409,1.195408,2026-07-20 21:14:49
432,source,34945,dirchange_34945_00432.mp4,/home/ganesh/test_work/cv_output/bounce_clips/source/dirchange_34945_00432.mp4,ok,0.448697,0.000043,0.150095,0.598870,2026-07-20 21:14:56
432,sink,34945,dirchange_34945_00432.mp4,/home/ganesh/test_work/cv_output/bounce_clips/sink/dirchange_34945_00432.mp4,ok,0.205184,0.000048,0.155073,0.360342,2026-07-20 21:14:56
432,hq,34945,dirchange_34945_00432.mp4,/home/ganesh/test_work/cv_output/bounce_clips/hq/dirchange_34945_00432.mp4,ok,0.621568,0.000086,0.322586,0.944274,2026-07-20 21:14:57
439,source,35365,bounce_35365_00439.mp4,/home/ganesh/test_work/cv_output/bounce_clips/source/bounce_35365_00439.mp4,ok,0.417659,0.000044,0.151086,0.568816,2026-07-20 21:15:26
439,sink,35365,bounce_35365_00439.mp4,/home/ganesh/test_work/cv_output/bounce_clips/sink/bounce_35365_00439.mp4,ok,0.204187,0.000052,0.177829,0.382091,2026-07-20 21:15:26
439,hq,35365,bounce_35365_00439.mp4,/home/ganesh/test_work/cv_output/bounce_clips/hq/bounce_35365_00439.mp4,ok,0.666583,0.000061,0.230005,0.896672,2026-07-20 21:15:27
441,source,35423,bounce_35423_00441.mp4,/home/ganesh/test_work/cv_output/bounce_clips/source/bounce_35423_00441.mp4,failed,0.402304,0.000000,0.000000,0.402366,2026-07-20 21:15:34
441,sink,35423,bounce_35423_00441.mp4,/home/ganesh/test_work/cv_output/bounce_clips/sink/bounce_35423_00441.mp4,failed,0.204611,0.000000,0.000000,0.204670,2026-07-20 21:15:34
441,hq,35423,bounce_35423_00441.mp4,/home/ganesh/test_work/cv_output/bounce_clips/hq/bounce_35423_00441.mp4,ok,0.602091,0.000048,0.281620,0.883779,2026-07-20 21:15:35
443,source,35460,dirchange_35460_00443.mp4,/home/ganesh/test_work/cv_output/bounce_clips/source/dirchange_35460_00443.mp4,ok,0.233142,0.000050,0.147820,0.381037,2026-07-20 21:15:35
443,sink,35460,dirchange_35460_00443.mp4,/home/ganesh/test_work/cv_output/bounce_clips/sink/dirchange_35460_00443.mp4,ok,0.125024,0.000044,0.137279,0.262369,2026-07-20 21:15:36
443,hq,35460,dirchange_35460_00443.mp4,/home/ganesh/test_work/cv_output/bounce_clips/hq/dirchange_35460_00443.mp4,ok,0.333720,0.000053,0.238813,0.572610,2026-07-20 21:15:36
444,source,35501,dirchange_35501_00444.mp4,/home/ganesh/test_work/cv_output/bounce_clips/source/dirchange_35501_00444.mp4,ok,0.622798,0.000060,0.141876,0.764757,2026-07-20 21:15:49
444,sink,35501,dirchange_35501_00444.mp4,/home/ganesh/test_work/cv_output/bounce_clips/sink/dirchange_35501_00444.mp4,ok,0.630057,0.000047,0.170394,0.800520,2026-07-20 21:15:50
444,hq,35501,dirchange_35501_00444.mp4,/home/ganesh/test_work/cv_output/bounce_clips/hq/dirchange_35501_00444.mp4,ok,1.211075,0.000049,0.236683,1.447831,2026-07-20 21:15:52
450,source,35817,bounce_35817_00450.mp4,/home/ganesh/test_work/cv_output/bounce_clips/source/bounce_35817_00450.mp4,ok,0.735234,0.000042,0.153332,0.888633,2026-07-20 21:16:07
450,sink,35817,bounce_35817_00450.mp4,/home/ganesh/test_work/cv_output/bounce_clips/sink/bounce_35817_00450.mp4,ok,0.701317,0.000060,0.140660,0.842061,2026-07-20 21:16:08
450,hq,35817,bounce_35817_00450.mp4,/home/ganesh/test_work/cv_output/bounce_clips/hq/bounce_35817_00450.mp4,ok,1.548165,0.000069,0.392430,1.940691,2026-07-20 21:16:10
451,source,35861,dirchange_35861_00451.mp4,/home/ganesh/test_work/cv_output/bounce_clips/source/dirchange_35861_00451.mp4,ok,0.267457,0.000049,0.277967,0.545494,2026-07-20 21:16:10
451,sink,35861,dirchange_35861_00451.mp4,/home/ganesh/test_work/cv_output/bounce_clips/sink/dirchange_35861_00451.mp4,ok,1.076492,0.000069,0.219044,1.295652,2026-07-20 21:16:11
451,hq,35861,dirchange_35861_00451.mp4,/home/ganesh/test_work/cv_output/bounce_clips/hq/dirchange_35861_00451.mp4,ok,0.467365,0.000060,0.599982,1.067432,2026-07-20 21:16:12
452,source,35893,bounce_35893_00452.mp4,/home/ganesh/test_work/cv_output/bounce_clips/source/bounce_35893_00452.mp4,ok,0.207813,0.000044,0.158381,0.366258,2026-07-20 21:16:15
452,sink,35893,bounce_35893_00452.mp4,/home/ganesh/test_work/cv_output/bounce_clips/sink/bounce_35893_00452.mp4,ok,0.198837,0.000059,0.168389,0.367310,2026-07-20 21:16:15
452,hq,35893,bounce_35893_00452.mp4,/home/ganesh/test_work/cv_output/bounce_clips/hq/bounce_35893_00452.mp4,ok,0.287783,0.000064,0.226819,0.514717,2026-07-20 21:16:16
453,source,35941,bounce_35941_00453.mp4,/home/ganesh/test_work/cv_output/bounce_clips/source/bounce_35941_00453.mp4,ok,0.256338,0.000054,0.163348,0.419763,2026-07-20 21:16:16
453,source,35923,dirchange_35923_00453.mp4,/home/ganesh/test_work/cv_output/bounce_clips/source/dirchange_35923_00453.mp4,ok,0.808114,0.000044,0.143248,0.951462,2026-07-20 21:16:17
453,sink,35941,bounce_35941_00453.mp4,/home/ganesh/test_work/cv_output/bounce_clips/sink/bounce_35941_00453.mp4,ok,0.296327,0.000045,0.151362,0.447754,2026-07-20 21:16:18
453,sink,35923,dirchange_35923_00453.mp4,/home/ganesh/test_work/cv_output/bounce_clips/sink/dirchange_35923_00453.mp4,ok,0.770113,0.000074,0.244420,1.014629,2026-07-20 21:16:19
453,hq,35941,bounce_35941_00453.mp4,/home/ganesh/test_work/cv_output/bounce_clips/hq/bounce_35941_00453.mp4,ok,0.636518,0.000265,0.391394,1.028197,2026-07-20 21:16:20
453,hq,35923,dirchange_35923_00453.mp4,/home/ganesh/test_work/cv_output/bounce_clips/hq/dirchange_35923_00453.mp4,ok,1.603742,0.000053,0.341714,1.945548,2026-07-20 21:16:22
455,source,36318,bounce_36318_00455.mp4,/home/ganesh/test_work/cv_output/bounce_clips/source/bounce_36318_00455.mp4,ok,0.170994,0.000044,0.150200,0.321259,2026-07-20 21:16:46
455,sink,36318,bounce_36318_00455.mp4,/home/ganesh/test_work/cv_output/bounce_clips/sink/bounce_36318_00455.mp4,ok,0.196448,0.000062,0.140640,0.337173,2026-07-20 21:16:47
455,hq,36318,bounce_36318_00455.mp4,/home/ganesh/test_work/cv_output/bounce_clips/hq/bounce_36318_00455.mp4,ok,0.318194,0.000058,0.236162,0.554441,2026-07-20 21:16:47
457,source,36357,bounce_36357_00457.mp4,/home/ganesh/test_work/cv_output/bounce_clips/source/bounce_36357_00457.mp4,ok,0.748311,0.000044,0.161197,0.909574,2026-07-20 21:16:54
457,sink,36357,bounce_36357_00457.mp4,/home/ganesh/test_work/cv_output/bounce_clips/sink/bounce_36357_00457.mp4,ok,0.714737,0.000052,0.175449,0.890263,2026-07-20 21:16:55
457,hq,36357,bounce_36357_00457.mp4,/home/ganesh/test_work/cv_output/bounce_clips/hq/bounce_36357_00457.mp4,ok,1.402117,0.000093,0.328981,1.731246,2026-07-20 21:16:57
463,source,36487,bounce_36487_00463.mp4,/home/ganesh/test_work/cv_output/bounce_clips/source/bounce_36487_00463.mp4,ok,0.186672,0.000046,0.150219,0.336961,2026-07-20 21:17:03
463,sink,36487,bounce_36487_00463.mp4,/home/ganesh/test_work/cv_output/bounce_clips/sink/bounce_36487_00463.mp4,ok,0.882203,0.000062,0.148476,1.030772,2026-07-20 21:17:04
463,hq,36487,bounce_36487_00463.mp4,/home/ganesh/test_work/cv_output/bounce_clips/hq/bounce_36487_00463.mp4,ok,0.316726,0.000063,0.330614,0.647427,2026-07-20 21:17:05
466,source,36541,bounce_36541_00466.mp4,/home/ganesh/test_work/cv_output/bounce_clips/source/bounce_36541_00466.mp4,ok,0.286738,0.000051,0.166348,0.453159,2026-07-20 21:17:06
466,sink,36541,bounce_36541_00466.mp4,/home/ganesh/test_work/cv_output/bounce_clips/sink/bounce_36541_00466.mp4,ok,0.333022,0.000053,0.250751,0.583849,2026-07-20 21:17:06
466,hq,36541,bounce_36541_00466.mp4,/home/ganesh/test_work/cv_output/bounce_clips/hq/bounce_36541_00466.mp4,ok,0.747588,0.000044,0.477157,1.224823,2026-07-20 21:17:07
470,source,36877,bounce_36877_00470.mp4,/home/ganesh/test_work/cv_output/bounce_clips/source/bounce_36877_00470.mp4,ok,0.603143,0.000044,0.153010,0.756219,2026-07-20 21:17:33
470,sink,36877,bounce_36877_00470.mp4,/home/ganesh/test_work/cv_output/bounce_clips/sink/bounce_36877_00470.mp4,ok,0.645131,0.000050,0.145837,0.791045,2026-07-20 21:17:33
470,hq,36877,bounce_36877_00470.mp4,/home/ganesh/test_work/cv_output/bounce_clips/hq/bounce_36877_00470.mp4,ok,0.925675,0.000070,0.319066,1.244834,2026-07-20 21:17:35
474,source,37091,dirchange_37091_00474.mp4,/home/ganesh/test_work/cv_output/bounce_clips/source/dirchange_37091_00474.mp4,ok,0.186612,0.000044,0.150708,0.337403,2026-07-20 21:17:49
474,sink,37091,dirchange_37091_00474.mp4,/home/ganesh/test_work/cv_output/bounce_clips/sink/dirchange_37091_00474.mp4,ok,0.197477,0.000094,0.157608,0.355201,2026-07-20 21:17:50
474,hq,37091,dirchange_37091_00474.mp4,/home/ganesh/test_work/cv_output/bounce_clips/hq/dirchange_37091_00474.mp4,ok,0.298564,0.000049,0.313170,0.611807,2026-07-20 21:17:50
473,source,37042,bounce_37042_00473.mp4,/home/ganesh/test_work/cv_output/bounce_clips/source/bounce_37042_00473.mp4,ok,0.374867,0.000049,0.137364,0.512309,2026-07-20 21:17:51
473,sink,37042,bounce_37042_00473.mp4,/home/ganesh/test_work/cv_output/bounce_clips/sink/bounce_37042_00473.mp4,ok,0.117226,0.000058,0.141934,0.259245,2026-07-20 21:17:51
473,hq,37042,bounce_37042_00473.mp4,/home/ganesh/test_work/cv_output/bounce_clips/hq/bounce_37042_00473.mp4,ok,0.539716,0.000061,0.256888,0.796689,2026-07-20 21:17:52
476,source,37160,bounce_37160_00476.mp4,/home/ganesh/test_work/cv_output/bounce_clips/source/bounce_37160_00476.mp4,ok,0.177578,0.000043,0.145299,0.322947,2026-07-20 21:17:58
476,sink,37160,bounce_37160_00476.mp4,/home/ganesh/test_work/cv_output/bounce_clips/sink/bounce_37160_00476.mp4,ok,0.184646,0.000064,0.167954,0.352695,2026-07-20 21:17:59
476,hq,37160,bounce_37160_00476.mp4,/home/ganesh/test_work/cv_output/bounce_clips/hq/bounce_37160_00476.mp4,ok,0.660175,0.000052,0.338323,0.998574,2026-07-20 21:18:00
477,source,37196,bounce_37196_00477.mp4,/home/ganesh/test_work/cv_output/bounce_clips/source/bounce_37196_00477.mp4,ok,0.147605,0.000052,0.166814,0.314496,2026-07-20 21:18:00
477,source,37224,dirchange_37224_00477.mp4,/home/ganesh/test_work/cv_output/bounce_clips/source/dirchange_37224_00477.mp4,ok,0.109604,0.000056,0.181484,0.291168,2026-07-20 21:18:00
477,sink,37196,bounce_37196_00477.mp4,/home/ganesh/test_work/cv_output/bounce_clips/sink/bounce_37196_00477.mp4,ok,0.147319,0.000063,0.154001,0.301408,2026-07-20 21:18:01
477,sink,37224,dirchange_37224_00477.mp4,/home/ganesh/test_work/cv_output/bounce_clips/sink/dirchange_37224_00477.mp4,ok,0.169037,0.000048,0.234463,0.403573,2026-07-20 21:18:01
477,hq,37196,bounce_37196_00477.mp4,/home/ganesh/test_work/cv_output/bounce_clips/hq/bounce_37196_00477.mp4,ok,0.438713,0.000047,0.397511,0.836291,2026-07-20 21:18:02
477,hq,37224,dirchange_37224_00477.mp4,/home/ganesh/test_work/cv_output/bounce_clips/hq/dirchange_37224_00477.mp4,ok,0.287495,0.000053,0.462857,0.750431,2026-07-20 21:18:03
479,source,37267,dirchange_37267_00479.mp4,/home/ganesh/test_work/cv_output/bounce_clips/source/dirchange_37267_00479.mp4,ok,0.162371,0.000039,0.141883,0.304317,2026-07-20 21:18:05
479,sink,37267,dirchange_37267_00479.mp4,/home/ganesh/test_work/cv_output/bounce_clips/sink/dirchange_37267_00479.mp4,ok,0.979480,0.000061,0.175743,1.155310,2026-07-20 21:18:06
479,hq,37267,dirchange_37267_00479.mp4,/home/ganesh/test_work/cv_output/bounce_clips/hq/dirchange_37267_00479.mp4,ok,0.251792,0.000056,0.223731,0.475604,2026-07-20 21:18:07
482,source,37309,bounce_37309_00482.mp4,/home/ganesh/test_work/cv_output/bounce_clips/source/bounce_37309_00482.mp4,ok,0.153280,0.000064,0.165022,0.318392,2026-07-20 21:18:07
482,sink,37309,bounce_37309_00482.mp4,/home/ganesh/test_work/cv_output/bounce_clips/sink/bounce_37309_00482.mp4,ok,0.155964,0.000061,0.177988,0.334044,2026-07-20 21:18:08
482,hq,37309,bounce_37309_00482.mp4,/home/ganesh/test_work/cv_output/bounce_clips/hq/bounce_37309_00482.mp4,ok,0.285930,0.000058,0.372311,0.658322,2026-07-20 21:18:08
483,source,37342,dirchange_37342_00483.mp4,/home/ganesh/test_work/cv_output/bounce_clips/source/dirchange_37342_00483.mp4,failed,0.408268,0.000000,0.000000,0.408385,2026-07-20 21:18:15
483,sink,37342,dirchange_37342_00483.mp4,/home/ganesh/test_work/cv_output/bounce_clips/sink/dirchange_37342_00483.mp4,failed,0.194833,0.000000,0.000000,0.194898,2026-07-20 21:18:15
483,hq,37342,dirchange_37342_00483.mp4,/home/ganesh/test_work/cv_output/bounce_clips/hq/dirchange_37342_00483.mp4,ok,0.599358,0.000045,0.345011,0.944429,2026-07-20 21:18:16
487,source,37661,bounce_37661_00487.mp4,/home/ganesh/test_work/cv_output/bounce_clips/source/bounce_37661_00487.mp4,ok,0.584643,0.000041,0.147585,0.732330,2026-07-20 21:18:37
487,sink,37661,bounce_37661_00487.mp4,/home/ganesh/test_work/cv_output/bounce_clips/sink/bounce_37661_00487.mp4,ok,0.644816,0.000061,0.168853,0.813753,2026-07-20 21:18:38
487,hq,37661,bounce_37661_00487.mp4,/home/ganesh/test_work/cv_output/bounce_clips/hq/bounce_37661_00487.mp4,ok,1.194825,0.000057,0.312625,1.507546,2026-07-20 21:18:39
488,source,37702,bounce_37702_00488.mp4,/home/ganesh/test_work/cv_output/bounce_clips/source/bounce_37702_00488.mp4,ok,0.454237,0.000047,0.137732,0.592040,2026-07-20 21:18:46
488,source,37718,dirchange_37718_00488.mp4,/home/ganesh/test_work/cv_output/bounce_clips/source/dirchange_37718_00488.mp4,ok,0.073640,0.000049,0.155754,0.229467,2026-07-20 21:18:46
488,sink,37702,bounce_37702_00488.mp4,/home/ganesh/test_work/cv_output/bounce_clips/sink/bounce_37702_00488.mp4,ok,0.196588,0.000048,0.146575,0.343235,2026-07-20 21:18:47
488,sink,37718,dirchange_37718_00488.mp4,/home/ganesh/test_work/cv_output/bounce_clips/sink/dirchange_37718_00488.mp4,ok,0.058271,0.000055,0.149659,0.208012,2026-07-20 21:18:47
488,hq,37702,bounce_37702_00488.mp4,/home/ganesh/test_work/cv_output/bounce_clips/hq/bounce_37702_00488.mp4,ok,0.621388,0.000057,0.249720,0.871193,2026-07-20 21:18:48
488,hq,37718,dirchange_37718_00488.mp4,/home/ganesh/test_work/cv_output/bounce_clips/hq/dirchange_37718_00488.mp4,ok,0.094148,0.000068,0.246240,0.340483,2026-07-20 21:18:48
489,source,37746,bounce_37746_00489.mp4,/home/ganesh/test_work/cv_output/bounce_clips/source/bounce_37746_00489.mp4,ok,0.158224,0.000047,0.139844,0.298151,2026-07-20 21:18:48
489,sink,37746,bounce_37746_00489.mp4,/home/ganesh/test_work/cv_output/bounce_clips/sink/bounce_37746_00489.mp4,ok,0.225704,0.000062,0.161202,0.386996,2026-07-20 21:18:49
489,hq,37746,bounce_37746_00489.mp4,/home/ganesh/test_work/cv_output/bounce_clips/hq/bounce_37746_00489.mp4,ok,0.245688,0.000070,0.327094,0.572876,2026-07-20 21:18:49
490,source,37800,bounce_37800_00490.mp4,/home/ganesh/test_work/cv_output/bounce_clips/source/bounce_37800_00490.mp4,ok,0.916987,0.000063,0.153359,1.070444,2026-07-20 21:19:17
490,sink,37800,bounce_37800_00490.mp4,/home/ganesh/test_work/cv_output/bounce_clips/sink/bounce_37800_00490.mp4,ok,0.764486,0.000064,0.148003,0.912578,2026-07-20 21:19:18
490,hq,37800,bounce_37800_00490.mp4,/home/ganesh/test_work/cv_output/bounce_clips/hq/bounce_37800_00490.mp4,ok,1.317692,0.000050,0.249787,1.567555,2026-07-20 21:19:19
495,source,38311,bounce_38311_00495.mp4,/home/ganesh/test_work/cv_output/bounce_clips/source/bounce_38311_00495.mp4,ok,0.640829,0.000047,0.148313,0.789212,2026-07-20 21:19:32
495,sink,38311,bounce_38311_00495.mp4,/home/ganesh/test_work/cv_output/bounce_clips/sink/bounce_38311_00495.mp4,ok,0.422863,0.000045,0.147035,0.569965,2026-07-20 21:19:33
495,hq,38311,bounce_38311_00495.mp4,/home/ganesh/test_work/cv_output/bounce_clips/hq/bounce_38311_00495.mp4,ok,0.923987,0.000064,0.331577,1.255654,2026-07-20 21:19:34
496,source,38353,bounce_38353_00496.mp4,/home/ganesh/test_work/cv_output/bounce_clips/source/bounce_38353_00496.mp4,ok,0.205318,0.000055,0.134883,0.340283,2026-07-20 21:19:35
496,sink,38353,bounce_38353_00496.mp4,/home/ganesh/test_work/cv_output/bounce_clips/sink/bounce_38353_00496.mp4,ok,0.158075,0.000052,0.130288,0.288439,2026-07-20 21:19:35
496,hq,38353,bounce_38353_00496.mp4,/home/ganesh/test_work/cv_output/bounce_clips/hq/bounce_38353_00496.mp4,ok,0.263444,0.000079,0.223458,0.487006,2026-07-20 21:19:35
497,source,38399,bounce_38399_00497.mp4,/home/ganesh/test_work/cv_output/bounce_clips/source/bounce_38399_00497.mp4,failed,0.691831,0.000000,0.000000,0.692138,2026-07-20 21:19:42
497,sink,38399,bounce_38399_00497.mp4,/home/ganesh/test_work/cv_output/bounce_clips/sink/bounce_38399_00497.mp4,failed,0.816156,0.000000,0.000000,0.816212,2026-07-20 21:19:43
497,hq,38399,bounce_38399_00497.mp4,/home/ganesh/test_work/cv_output/bounce_clips/hq/bounce_38399_00497.mp4,ok,1.379605,0.000066,0.365939,1.745630,2026-07-20 21:19:45
498,source,38483,bounce_38483_00498.mp4,/home/ganesh/test_work/cv_output/bounce_clips/source/bounce_38483_00498.mp4,ok,0.478772,0.000036,0.152144,0.630975,2026-07-20 21:19:50
498,sink,38483,bounce_38483_00498.mp4,/home/ganesh/test_work/cv_output/bounce_clips/sink/bounce_38483_00498.mp4,ok,0.206456,0.000048,0.155304,0.361832,2026-07-20 21:19:50
498,hq,38483,bounce_38483_00498.mp4,/home/ganesh/test_work/cv_output/bounce_clips/hq/bounce_38483_00498.mp4,ok,0.628371,0.000045,0.356091,0.984535,2026-07-20 21:19:51
499,source,38600,bounce_38600_00499.mp4,/home/ganesh/test_work/cv_output/bounce_clips/source/bounce_38600_00499.mp4,ok,0.188852,0.000056,0.141406,0.330350,2026-07-20 21:19:59
499,sink,38600,bounce_38600_00499.mp4,/home/ganesh/test_work/cv_output/bounce_clips/sink/bounce_38600_00499.mp4,ok,0.183262,0.000050,0.156892,0.340228,2026-07-20 21:20:00
499,hq,38600,bounce_38600_00499.mp4,/home/ganesh/test_work/cv_output/bounce_clips/hq/bounce_38600_00499.mp4,ok,0.631520,0.000066,0.209132,0.840745,2026-07-20 21:20:01
501,source,38640,bounce_38640_00501.mp4,/home/ganesh/test_work/cv_output/bounce_clips/source/bounce_38640_00501.mp4,ok,0.898253,0.000046,0.159746,1.058074,2026-07-20 21:20:08
501,sink,38640,bounce_38640_00501.mp4,/home/ganesh/test_work/cv_output/bounce_clips/sink/bounce_38640_00501.mp4,ok,0.730410,0.000081,0.153577,0.884094,2026-07-20 21:20:09
501,hq,38640,bounce_38640_00501.mp4,/home/ganesh/test_work/cv_output/bounce_clips/hq/bounce_38640_00501.mp4,ok,1.277244,0.000076,0.551749,1.829107,2026-07-20 21:20:11
503,source,38961,dirchange_38961_00503.mp4,/home/ganesh/test_work/cv_output/bounce_clips/source/dirchange_38961_00503.mp4,ok,0.191653,0.000045,0.156332,0.348053,2026-07-20 21:20:31
503,sink,38961,dirchange_38961_00503.mp4,/home/ganesh/test_work/cv_output/bounce_clips/sink/dirchange_38961_00503.mp4,ok,0.198968,0.000047,0.184834,0.383878,2026-07-20 21:20:32
503,hq,38961,dirchange_38961_00503.mp4,/home/ganesh/test_work/cv_output/bounce_clips/hq/dirchange_38961_00503.mp4,ok,0.661435,0.000065,0.328134,0.989662,2026-07-20 21:20:33
504,source,38983,bounce_38983_00504.mp4,/home/ganesh/test_work/cv_output/bounce_clips/source/bounce_38983_00504.mp4,ok,0.091798,0.000055,0.143499,0.235375,2026-07-20 21:20:33
504,sink,38983,bounce_38983_00504.mp4,/home/ganesh/test_work/cv_output/bounce_clips/sink/bounce_38983_00504.mp4,ok,0.091376,0.000053,0.143681,0.235138,2026-07-20 21:20:33
504,hq,38983,bounce_38983_00504.mp4,/home/ganesh/test_work/cv_output/bounce_clips/hq/bounce_38983_00504.mp4,ok,0.146784,0.000067,0.229437,0.376311,2026-07-20 21:20:33
505,source,39027,bounce_39027_00505.mp4,/home/ganesh/test_work/cv_output/bounce_clips/source/bounce_39027_00505.mp4,ok,0.182711,0.000076,0.163870,0.346683,2026-07-20 21:20:34
505,sink,39027,bounce_39027_00505.mp4,/home/ganesh/test_work/cv_output/bounce_clips/sink/bounce_39027_00505.mp4,ok,0.227150,0.000051,0.264281,0.491505,2026-07-20 21:20:34
505,hq,39027,bounce_39027_00505.mp4,/home/ganesh/test_work/cv_output/bounce_clips/hq/bounce_39027_00505.mp4,ok,0.411340,0.000076,0.511989,0.923427,2026-07-20 21:20:35
507,source,39335,dirchange_39335_00507.mp4,/home/ganesh/test_work/cv_output/bounce_clips/source/dirchange_39335_00507.mp4,ok,0.603261,0.000040,0.146196,0.749521,2026-07-20 21:20:54
507,sink,39335,dirchange_39335_00507.mp4,/home/ganesh/test_work/cv_output/bounce_clips/sink/dirchange_39335_00507.mp4,ok,0.662189,0.000056,0.151488,0.813762,2026-07-20 21:20:55
507,hq,39335,dirchange_39335_00507.mp4,/home/ganesh/test_work/cv_output/bounce_clips/hq/dirchange_39335_00507.mp4,ok,0.921752,0.000055,0.345032,1.266861,2026-07-20 21:20:56
506,source,39304,bounce_39304_00506.mp4,/home/ganesh/test_work/cv_output/bounce_clips/source/bounce_39304_00506.mp4,ok,0.975518,0.000053,0.156667,1.132267,2026-07-20 21:20:57
506,sink,39304,bounce_39304_00506.mp4,/home/ganesh/test_work/cv_output/bounce_clips/sink/bounce_39304_00506.mp4,ok,1.007758,0.000043,0.190871,1.198700,2026-07-20 21:20:59
506,hq,39304,bounce_39304_00506.mp4,/home/ganesh/test_work/cv_output/bounce_clips/hq/bounce_39304_00506.mp4,ok,0.225227,0.000053,0.388417,0.613722,2026-07-20 21:20:59
508,source,39385,dirchange_39385_00508.mp4,/home/ganesh/test_work/cv_output/bounce_clips/source/dirchange_39385_00508.mp4,ok,0.399095,0.000036,0.146970,0.546123,2026-07-20 21:21:04
508,sink,39385,dirchange_39385_00508.mp4,/home/ganesh/test_work/cv_output/bounce_clips/sink/dirchange_39385_00508.mp4,ok,0.223928,0.000047,0.150923,0.374923,2026-07-20 21:21:04
508,hq,39385,dirchange_39385_00508.mp4,/home/ganesh/test_work/cv_output/bounce_clips/hq/dirchange_39385_00508.mp4,ok,0.599389,0.000065,0.221069,0.820552,2026-07-20 21:21:05
509,source,39421,bounce_39421_00509.mp4,/home/ganesh/test_work/cv_output/bounce_clips/source/bounce_39421_00509.mp4,ok,0.239296,0.000050,0.162440,0.401812,2026-07-20 21:21:06
509,sink,39421,bounce_39421_00509.mp4,/home/ganesh/test_work/cv_output/bounce_clips/sink/bounce_39421_00509.mp4,ok,0.246910,0.000051,0.161520,0.408504,2026-07-20 21:21:06
509,hq,39421,bounce_39421_00509.mp4,/home/ganesh/test_work/cv_output/bounce_clips/hq/bounce_39421_00509.mp4,ok,0.365970,0.000057,0.318785,0.684836,2026-07-20 21:21:07
510,source,39460,dirchange_39460_00510.mp4,/home/ganesh/test_work/cv_output/bounce_clips/source/dirchange_39460_00510.mp4,failed,0.595914,0.000000,0.000000,0.596137,2026-07-20 21:21:13
510,sink,39460,dirchange_39460_00510.mp4,/home/ganesh/test_work/cv_output/bounce_clips/sink/dirchange_39460_00510.mp4,failed,0.636161,0.000000,0.000000,0.636217,2026-07-20 21:21:14
510,hq,39460,dirchange_39460_00510.mp4,/home/ganesh/test_work/cv_output/bounce_clips/hq/dirchange_39460_00510.mp4,ok,0.935149,0.000046,0.234311,1.169530,2026-07-20 21:21:15
513,source,39555,bounce_39555_00513.mp4,/home/ganesh/test_work/cv_output/bounce_clips/source/bounce_39555_00513.mp4,ok,0.168041,0.000045,0.152618,0.320730,2026-07-20 21:21:22
513,sink,39555,bounce_39555_00513.mp4,/home/ganesh/test_work/cv_output/bounce_clips/sink/bounce_39555_00513.mp4,ok,0.166821,0.000050,0.153543,0.320440,2026-07-20 21:21:22
513,hq,39555,bounce_39555_00513.mp4,/home/ganesh/test_work/cv_output/bounce_clips/hq/bounce_39555_00513.mp4,ok,0.281207,0.000090,0.264140,0.545460,2026-07-20 21:21:23
514,source,39572,bounce_39572_00514.mp4,/home/ganesh/test_work/cv_output/bounce_clips/source/bounce_39572_00514.mp4,ok,0.074933,0.000055,0.158414,0.233427,2026-07-20 21:21:23
514,sink,39572,bounce_39572_00514.mp4,/home/ganesh/test_work/cv_output/bounce_clips/sink/bounce_39572_00514.mp4,ok,0.077250,0.000064,0.149456,0.226798,2026-07-20 21:21:23
514,hq,39572,bounce_39572_00514.mp4,/home/ganesh/test_work/cv_output/bounce_clips/hq/bounce_39572_00514.mp4,ok,0.115743,0.000072,0.236964,0.352822,2026-07-20 21:21:23
516,source,39625,bounce_39625_00516.mp4,/home/ganesh/test_work/cv_output/bounce_clips/source/bounce_39625_00516.mp4,ok,0.200330,0.000056,0.144764,0.345180,2026-07-20 21:21:24
516,sink,39625,bounce_39625_00516.mp4,/home/ganesh/test_work/cv_output/bounce_clips/sink/bounce_39625_00516.mp4,ok,0.197019,0.000060,0.149600,0.346704,2026-07-20 21:21:24
516,hq,39625,bounce_39625_00516.mp4,/home/ganesh/test_work/cv_output/bounce_clips/hq/bounce_39625_00516.mp4,ok,0.336661,0.000065,0.487736,0.824491,2026-07-20 21:21:25
519,source,40173,bounce_40173_00519.mp4,/home/ganesh/test_work/cv_output/bounce_clips/source/bounce_40173_00519.mp4,ok,0.596532,0.000043,0.151266,0.747867,2026-07-20 21:22:08
519,sink,40173,bounce_40173_00519.mp4,/home/ganesh/test_work/cv_output/bounce_clips/sink/bounce_40173_00519.mp4,ok,0.405047,0.000038,0.144564,0.549676,2026-07-20 21:22:09
519,hq,40173,bounce_40173_00519.mp4,/home/ganesh/test_work/cv_output/bounce_clips/hq/bounce_40173_00519.mp4,ok,0.973562,0.000067,0.219172,1.192825,2026-07-20 21:22:10
521,source,40240,dirchange_40240_00521.mp4,/home/ganesh/test_work/cv_output/bounce_clips/source/dirchange_40240_00521.mp4,ok,0.550529,0.000045,0.153151,0.703747,2026-07-20 21:22:17
521,sink,40240,dirchange_40240_00521.mp4,/home/ganesh/test_work/cv_output/bounce_clips/sink/dirchange_40240_00521.mp4,ok,0.614991,0.000039,0.149483,0.764539,2026-07-20 21:22:18
521,hq,40240,dirchange_40240_00521.mp4,/home/ganesh/test_work/cv_output/bounce_clips/hq/dirchange_40240_00521.mp4,ok,1.238050,0.000069,0.324659,1.562802,2026-07-20 21:22:19
522,source,40268,dirchange_40268_00522.mp4,/home/ganesh/test_work/cv_output/bounce_clips/source/dirchange_40268_00522.mp4,ok,0.214412,0.000047,0.294195,0.508675,2026-07-20 21:22:20
522,sink,40268,dirchange_40268_00522.mp4,/home/ganesh/test_work/cv_output/bounce_clips/sink/dirchange_40268_00522.mp4,ok,0.321731,0.000050,0.271395,0.593204,2026-07-20 21:22:21
522,hq,40268,dirchange_40268_00522.mp4,/home/ganesh/test_work/cv_output/bounce_clips/hq/dirchange_40268_00522.mp4,ok,0.426107,0.000053,0.495498,0.921683,2026-07-20 21:22:21
520,source,40220,bounce_40220_00520.mp4,/home/ganesh/test_work/cv_output/bounce_clips/source/bounce_40220_00520.mp4,failed,0.272747,0.000000,0.000000,0.272803,2026-07-20 21:22:22
520,sink,40220,bounce_40220_00520.mp4,/home/ganesh/test_work/cv_output/bounce_clips/sink/bounce_40220_00520.mp4,failed,0.370851,0.000000,0.000000,0.371156,2026-07-20 21:22:22
520,hq,40220,bounce_40220_00520.mp4,/home/ganesh/test_work/cv_output/bounce_clips/hq/bounce_40220_00520.mp4,ok,0.885731,0.000042,0.314479,1.200268,2026-07-20 21:22:23
524,source,40311,bounce_40311_00524.mp4,/home/ganesh/test_work/cv_output/bounce_clips/source/bounce_40311_00524.mp4,ok,0.750859,0.000042,0.170272,0.921198,2026-07-20 21:22:26
524,sink,40311,bounce_40311_00524.mp4,/home/ganesh/test_work/cv_output/bounce_clips/sink/bounce_40311_00524.mp4,ok,0.736936,0.000049,0.152463,0.889473,2026-07-20 21:22:27
524,hq,40311,bounce_40311_00524.mp4,/home/ganesh/test_work/cv_output/bounce_clips/hq/bounce_40311_00524.mp4,ok,1.174527,0.000057,0.349682,1.524294,2026-07-20 21:22:29
525,source,40345,bounce_40345_00525.mp4,/home/ganesh/test_work/cv_output/bounce_clips/source/bounce_40345_00525.mp4,ok,0.225538,0.000063,0.271506,0.497136,2026-07-20 21:22:29
525,sink,40345,bounce_40345_00525.mp4,/home/ganesh/test_work/cv_output/bounce_clips/sink/bounce_40345_00525.mp4,ok,0.248649,0.000058,0.273624,0.522359,2026-07-20 21:22:30
525,hq,40345,bounce_40345_00525.mp4,/home/ganesh/test_work/cv_output/bounce_clips/hq/bounce_40345_00525.mp4,ok,0.300563,0.000059,0.551947,0.852594,2026-07-20 21:22:31
527,source,40405,bounce_40405_00527.mp4,/home/ganesh/test_work/cv_output/bounce_clips/source/bounce_40405_00527.mp4,ok,0.406361,0.000048,0.153401,0.559832,2026-07-20 21:22:33
527,sink,40405,bounce_40405_00527.mp4,/home/ganesh/test_work/cv_output/bounce_clips/sink/bounce_40405_00527.mp4,ok,0.181897,0.000052,0.154915,0.336887,2026-07-20 21:22:34
527,hq,40405,bounce_40405_00527.mp4,/home/ganesh/test_work/cv_output/bounce_clips/hq/bounce_40405_00527.mp4,ok,0.638392,0.000079,0.416850,1.055344,2026-07-20 21:22:35
528,source,40444,bounce_40444_00528.mp4,/home/ganesh/test_work/cv_output/bounce_clips/source/bounce_40444_00528.mp4,ok,0.144614,0.000059,0.149342,0.294039,2026-07-20 21:22:35
528,sink,40444,bounce_40444_00528.mp4,/home/ganesh/test_work/cv_output/bounce_clips/sink/bounce_40444_00528.mp4,ok,0.157709,0.000045,0.149995,0.307771,2026-07-20 21:22:35
528,hq,40444,bounce_40444_00528.mp4,/home/ganesh/test_work/cv_output/bounce_clips/hq/bounce_40444_00528.mp4,ok,0.216576,0.000063,0.302897,0.519568,2026-07-20 21:22:36
530,source,40605,bounce_40605_00530.mp4,/home/ganesh/test_work/cv_output/bounce_clips/source/bounce_40605_00530.mp4,failed,0.798099,0.000000,0.000000,0.798181,2026-07-20 21:22:51
530,sink,40605,bounce_40605_00530.mp4,/home/ganesh/test_work/cv_output/bounce_clips/sink/bounce_40605_00530.mp4,failed,0.617006,0.000000,0.000000,0.617076,2026-07-20 21:22:52
530,hq,40605,bounce_40605_00530.mp4,/home/ganesh/test_work/cv_output/bounce_clips/hq/bounce_40605_00530.mp4,ok,1.149778,0.000048,0.251462,1.401307,2026-07-20 21:22:53
531,source,40780,bounce_40780_00531.mp4,/home/ganesh/test_work/cv_output/bounce_clips/source/bounce_40780_00531.mp4,ok,0.585276,0.000039,0.143059,0.728396,2026-07-20 21:23:06
531,sink,40780,bounce_40780_00531.mp4,/home/ganesh/test_work/cv_output/bounce_clips/sink/bounce_40780_00531.mp4,ok,0.640513,0.000054,0.158771,0.799359,2026-07-20 21:23:07
531,hq,40780,bounce_40780_00531.mp4,/home/ganesh/test_work/cv_output/bounce_clips/hq/bounce_40780_00531.mp4,ok,1.199180,0.000049,0.307096,1.506345,2026-07-20 21:23:08
532,source,40819,bounce_40819_00532.mp4,/home/ganesh/test_work/cv_output/bounce_clips/source/bounce_40819_00532.mp4,ok,0.142670,0.000042,0.143573,0.286304,2026-07-20 21:23:09
532,sink,40819,bounce_40819_00532.mp4,/home/ganesh/test_work/cv_output/bounce_clips/sink/bounce_40819_00532.mp4,ok,0.180916,0.000063,0.162466,0.343470,2026-07-20 21:23:09
532,hq,40819,bounce_40819_00532.mp4,/home/ganesh/test_work/cv_output/bounce_clips/hq/bounce_40819_00532.mp4,ok,0.236706,0.000066,0.217246,0.454040,2026-07-20 21:23:09
535,source,40867,bounce_40867_00535.mp4,/home/ganesh/test_work/cv_output/bounce_clips/source/bounce_40867_00535.mp4,ok,0.153125,0.000048,0.141476,0.294672,2026-07-20 21:23:10
535,source,40877,dirchange_40877_00535.mp4,/home/ganesh/test_work/cv_output/bounce_clips/source/dirchange_40877_00535.mp4,ok,0.210572,0.000049,0.262567,0.473208,2026-07-20 21:23:10
535,sink,40867,bounce_40867_00535.mp4,/home/ganesh/test_work/cv_output/bounce_clips/sink/bounce_40867_00535.mp4,ok,0.467865,0.000050,0.247413,0.715352,2026-07-20 21:23:11
535,sink,40877,dirchange_40877_00535.mp4,/home/ganesh/test_work/cv_output/bounce_clips/sink/dirchange_40877_00535.mp4,ok,0.188907,0.000059,0.260525,0.449514,2026-07-20 21:23:11
535,hq,40867,bounce_40867_00535.mp4,/home/ganesh/test_work/cv_output/bounce_clips/hq/bounce_40867_00535.mp4,ok,0.364570,0.000062,0.324484,0.689138,2026-07-20 21:23:12
535,hq,40877,dirchange_40877_00535.mp4,/home/ganesh/test_work/cv_output/bounce_clips/hq/dirchange_40877_00535.mp4,ok,0.224979,0.000059,0.322021,0.547081,2026-07-20 21:23:13
537,source,40920,bounce_40920_00537.mp4,/home/ganesh/test_work/cv_output/bounce_clips/source/bounce_40920_00537.mp4,ok,0.932709,0.000049,0.165827,1.098612,2026-07-20 21:23:16
537,sink,40920,bounce_40920_00537.mp4,/home/ganesh/test_work/cv_output/bounce_clips/sink/bounce_40920_00537.mp4,ok,0.715355,0.000055,0.155430,0.870865,2026-07-20 21:23:17
537,hq,40920,bounce_40920_00537.mp4,/home/ganesh/test_work/cv_output/bounce_clips/hq/bounce_40920_00537.mp4,ok,1.356647,0.000063,0.320653,1.677391,2026-07-20 21:23:18
538,source,40942,bounce_40942_00538.mp4,/home/ganesh/test_work/cv_output/bounce_clips/source/bounce_40942_00538.mp4,ok,0.098303,0.000055,0.151820,0.250206,2026-07-20 21:23:19
538,sink,40942,bounce_40942_00538.mp4,/home/ganesh/test_work/cv_output/bounce_clips/sink/bounce_40942_00538.mp4,ok,0.088365,0.000064,0.168659,0.257113,2026-07-20 21:23:19
538,hq,40942,bounce_40942_00538.mp4,/home/ganesh/test_work/cv_output/bounce_clips/hq/bounce_40942_00538.mp4,ok,0.177949,0.000056,0.475141,0.653173,2026-07-20 21:23:20
541,source,41018,dirchange_41018_00541.mp4,/home/ganesh/test_work/cv_output/bounce_clips/source/dirchange_41018_00541.mp4,ok,0.672059,0.000041,0.152059,0.824182,2026-07-20 21:23:25
541,sink,41018,dirchange_41018_00541.mp4,/home/ganesh/test_work/cv_output/bounce_clips/sink/dirchange_41018_00541.mp4,ok,0.601517,0.000052,0.148686,0.750279,2026-07-20 21:23:25
541,hq,41018,dirchange_41018_00541.mp4,/home/ganesh/test_work/cv_output/bounce_clips/hq/dirchange_41018_00541.mp4,ok,0.907514,0.000057,0.236027,1.143624,2026-07-20 21:23:27
540,source,40990,bounce_40990_00540.mp4,/home/ganesh/test_work/cv_output/bounce_clips/source/bounce_40990_00540.mp4,failed,0.088406,0.000000,0.000000,0.088485,2026-07-20 21:23:27
540,sink,40990,bounce_40990_00540.mp4,/home/ganesh/test_work/cv_output/bounce_clips/sink/bounce_40990_00540.mp4,failed,0.076191,0.000000,0.000000,0.076244,2026-07-20 21:23:27
540,hq,40990,bounce_40990_00540.mp4,/home/ganesh/test_work/cv_output/bounce_clips/hq/bounce_40990_00540.mp4,ok,0.137358,0.000042,0.309936,0.447361,2026-07-20 21:23:27
543,source,41052,bounce_41052_00543.mp4,/home/ganesh/test_work/cv_output/bounce_clips/source/bounce_41052_00543.mp4,ok,0.226349,0.000059,0.159861,0.386292,2026-07-20 21:23:28
543,sink,41052,bounce_41052_00543.mp4,/home/ganesh/test_work/cv_output/bounce_clips/sink/bounce_41052_00543.mp4,ok,0.218684,0.000055,0.142111,0.360876,2026-07-20 21:23:28
543,hq,41052,bounce_41052_00543.mp4,/home/ganesh/test_work/cv_output/bounce_clips/hq/bounce_41052_00543.mp4,ok,0.514729,0.000060,0.518724,1.033539,2026-07-20 21:23:29
551,source,41363,bounce_41363_00551.mp4,/home/ganesh/test_work/cv_output/bounce_clips/source/bounce_41363_00551.mp4,ok,0.438429,0.000043,0.142607,0.581111,2026-07-20 21:23:56
551,sink,41363,bounce_41363_00551.mp4,/home/ganesh/test_work/cv_output/bounce_clips/sink/bounce_41363_00551.mp4,ok,0.194579,0.000052,0.149317,0.343975,2026-07-20 21:23:56
551,hq,41363,bounce_41363_00551.mp4,/home/ganesh/test_work/cv_output/bounce_clips/hq/bounce_41363_00551.mp4,ok,0.640613,0.000085,0.226762,0.867485,2026-07-20 21:23:57
555,source,41744,bounce_41744_00555.mp4,/home/ganesh/test_work/cv_output/bounce_clips/source/bounce_41744_00555.mp4,ok,0.794362,0.000044,0.148375,0.942834,2026-07-20 21:24:27
555,sink,41744,bounce_41744_00555.mp4,/home/ganesh/test_work/cv_output/bounce_clips/sink/bounce_41744_00555.mp4,ok,0.633644,0.000053,0.195221,0.828970,2026-07-20 21:24:28
555,hq,41744,bounce_41744_00555.mp4,/home/ganesh/test_work/cv_output/bounce_clips/hq/bounce_41744_00555.mp4,ok,1.224132,0.000057,0.361551,1.585764,2026-07-20 21:24:29
558,source,41799,bounce_41799_00558.mp4,/home/ganesh/test_work/cv_output/bounce_clips/source/bounce_41799_00558.mp4,ok,0.213068,0.000057,0.162791,0.375943,2026-07-20 21:24:29
558,sink,41799,bounce_41799_00558.mp4,/home/ganesh/test_work/cv_output/bounce_clips/sink/bounce_41799_00558.mp4,ok,0.218234,0.000056,0.149015,0.367332,2026-07-20 21:24:30
558,hq,41799,bounce_41799_00558.mp4,/home/ganesh/test_work/cv_output/bounce_clips/hq/bounce_41799_00558.mp4,ok,0.309008,0.000067,0.231445,0.540546,2026-07-20 21:24:30
559,source,41830,bounce_41830_00559.mp4,/home/ganesh/test_work/cv_output/bounce_clips/source/bounce_41830_00559.mp4,ok,0.163602,0.000045,0.145617,0.309293,2026-07-20 21:24:31
559,sink,41830,bounce_41830_00559.mp4,/home/ganesh/test_work/cv_output/bounce_clips/sink/bounce_41830_00559.mp4,ok,0.160688,0.000053,0.147177,0.307946,2026-07-20 21:24:31
559,hq,41830,bounce_41830_00559.mp4,/home/ganesh/test_work/cv_output/bounce_clips/hq/bounce_41830_00559.mp4,ok,0.417682,0.000071,0.533744,0.951520,2026-07-20 21:24:32
560,source,41856,bounce_41856_00560.mp4,/home/ganesh/test_work/cv_output/bounce_clips/source/bounce_41856_00560.mp4,ok,0.610814,0.000045,0.295651,0.906534,2026-07-20 21:24:37
560,sink,41856,bounce_41856_00560.mp4,/home/ganesh/test_work/cv_output/bounce_clips/sink/bounce_41856_00560.mp4,ok,0.598824,0.000051,0.156790,0.755690,2026-07-20 21:24:38
560,hq,41856,bounce_41856_00560.mp4,/home/ganesh/test_work/cv_output/bounce_clips/hq/bounce_41856_00560.mp4,ok,0.921413,0.000098,0.548611,1.470149,2026-07-20 21:24:39
562,source,41937,dirchange_41937_00562.mp4,/home/ganesh/test_work/cv_output/bounce_clips/source/dirchange_41937_00562.mp4,ok,1.039414,0.000047,0.190973,1.230458,2026-07-20 21:24:47
562,sink,41937,dirchange_41937_00562.mp4,/home/ganesh/test_work/cv_output/bounce_clips/sink/dirchange_41937_00562.mp4,ok,0.949984,0.000056,0.156372,1.106435,2026-07-20 21:24:48
562,hq,41937,dirchange_41937_00562.mp4,/home/ganesh/test_work/cv_output/bounce_clips/hq/dirchange_41937_00562.mp4,ok,1.194597,0.000060,0.235560,1.430239,2026-07-20 21:24:49
567,source,43478,bounce_43478_00567.mp4,/home/ganesh/test_work/cv_output/bounce_clips/source/bounce_43478_00567.mp4,failed,0.576997,0.000000,0.000000,0.577053,2026-07-20 21:26:57
567,sink,43478,bounce_43478_00567.mp4,/home/ganesh/test_work/cv_output/bounce_clips/sink/bounce_43478_00567.mp4,failed,0.662809,0.000000,0.000000,0.663057,2026-07-20 21:26:58
567,hq,43478,bounce_43478_00567.mp4,/home/ganesh/test_work/cv_output/bounce_clips/hq/bounce_43478_00567.mp4,ok,0.863338,0.000046,0.306196,1.169598,2026-07-20 21:26:59
568,source,43672,bounce_43672_00568.mp4,/home/ganesh/test_work/cv_output/bounce_clips/source/bounce_43672_00568.mp4,failed,0.698510,0.000000,0.000000,0.698780,2026-07-20 21:27:06
568,sink,43672,bounce_43672_00568.mp4,/home/ganesh/test_work/cv_output/bounce_clips/sink/bounce_43672_00568.mp4,failed,0.813075,0.000000,0.000000,0.813129,2026-07-20 21:27:07
568,hq,43672,bounce_43672_00568.mp4,/home/ganesh/test_work/cv_output/bounce_clips/hq/bounce_43672_00568.mp4,ok,1.136018,0.000046,0.222628,1.358712,2026-07-20 21:27:08
569,source,43711,bounce_43711_00569.mp4,/home/ganesh/test_work/cv_output/bounce_clips/source/bounce_43711_00569.mp4,ok,0.648276,0.000044,0.146441,0.794784,2026-07-20 21:27:15
569,sink,43711,bounce_43711_00569.mp4,/home/ganesh/test_work/cv_output/bounce_clips/sink/bounce_43711_00569.mp4,ok,0.412475,0.000042,0.144578,0.557118,2026-07-20 21:27:15
569,hq,43711,bounce_43711_00569.mp4,/home/ganesh/test_work/cv_output/bounce_clips/hq/bounce_43711_00569.mp4,ok,0.920992,0.000048,0.334010,1.255075,2026-07-20 21:27:17
571,source,44008,bounce_44008_00571.mp4,/home/ganesh/test_work/cv_output/bounce_clips/source/bounce_44008_00571.mp4,ok,0.453744,0.000042,0.155069,0.608880,2026-07-20 21:27:30
571,sink,44008,bounce_44008_00571.mp4,/home/ganesh/test_work/cv_output/bounce_clips/sink/bounce_44008_00571.mp4,ok,0.185176,0.000052,0.144486,0.329738,2026-07-20 21:27:30
571,hq,44008,bounce_44008_00571.mp4,/home/ganesh/test_work/cv_output/bounce_clips/hq/bounce_44008_00571.mp4,ok,0.953515,0.000064,0.214713,1.168319,2026-07-20 21:27:31
574,source,44066,bounce_44066_00574.mp4,/home/ganesh/test_work/cv_output/bounce_clips/source/bounce_44066_00574.mp4,ok,0.416123,0.000035,0.153949,0.570130,2026-07-20 21:27:38
574,source,44080,dirchange_44080_00574.mp4,/home/ganesh/test_work/cv_output/bounce_clips/source/dirchange_44080_00574.mp4,ok,0.073191,0.000068,0.147227,0.220511,2026-07-20 21:27:38
574,sink,44066,bounce_44066_00574.mp4,/home/ganesh/test_work/cv_output/bounce_clips/sink/bounce_44066_00574.mp4,ok,0.189280,0.000048,0.135488,0.324839,2026-07-20 21:27:38
574,sink,44080,dirchange_44080_00574.mp4,/home/ganesh/test_work/cv_output/bounce_clips/sink/dirchange_44080_00574.mp4,ok,0.341292,0.000057,0.148867,0.490239,2026-07-20 21:27:39
574,hq,44066,bounce_44066_00574.mp4,/home/ganesh/test_work/cv_output/bounce_clips/hq/bounce_44066_00574.mp4,ok,0.590650,0.000052,0.209472,0.800201,2026-07-20 21:27:40
574,hq,44080,dirchange_44080_00574.mp4,/home/ganesh/test_work/cv_output/bounce_clips/hq/dirchange_44080_00574.mp4,ok,0.780474,0.000065,0.225864,1.006444,2026-07-20 21:27:41
579,source,44401,bounce_44401_00579.mp4,/home/ganesh/test_work/cv_output/bounce_clips/source/bounce_44401_00579.mp4,ok,0.867650,0.000047,0.143856,1.011577,2026-07-20 21:28:04
579,source,44417,dirchange_44417_00579.mp4,/home/ganesh/test_work/cv_output/bounce_clips/source/dirchange_44417_00579.mp4,ok,0.074879,0.000051,0.157009,0.231962,2026-07-20 21:28:04
579,sink,44401,bounce_44401_00579.mp4,/home/ganesh/test_work/cv_output/bounce_clips/sink/bounce_44401_00579.mp4,ok,0.761482,0.000050,0.151869,0.913429,2026-07-20 21:28:05
579,sink,44417,dirchange_44417_00579.mp4,/home/ganesh/test_work/cv_output/bounce_clips/sink/dirchange_44417_00579.mp4,ok,0.069627,0.000051,0.137373,0.207096,2026-07-20 21:28:06
579,hq,44401,bounce_44401_00579.mp4,/home/ganesh/test_work/cv_output/bounce_clips/hq/bounce_44401_00579.mp4,ok,1.781211,0.000065,0.419698,2.201005,2026-07-20 21:28:08
579,hq,44417,dirchange_44417_00579.mp4,/home/ganesh/test_work/cv_output/bounce_clips/hq/dirchange_44417_00579.mp4,ok,0.159402,0.000056,0.319412,0.478894,2026-07-20 21:28:08
580,source,44440,bounce_44440_00580.mp4,/home/ganesh/test_work/cv_output/bounce_clips/source/bounce_44440_00580.mp4,failed,0.532008,0.000000,0.000000,0.532070,2026-07-20 21:28:13
580,sink,44440,bounce_44440_00580.mp4,/home/ganesh/test_work/cv_output/bounce_clips/sink/bounce_44440_00580.mp4,failed,0.579572,0.000000,0.000000,0.579626,2026-07-20 21:28:14
580,hq,44440,bounce_44440_00580.mp4,/home/ganesh/test_work/cv_output/bounce_clips/hq/bounce_44440_00580.mp4,ok,1.205891,0.000049,0.384771,1.590733,2026-07-20 21:28:15
584,source,44544,bounce_44544_00584.mp4,/home/ganesh/test_work/cv_output/bounce_clips/source/bounce_44544_00584.mp4,ok,0.425104,0.000034,0.160676,0.585831,2026-07-20 21:28:20
584,sink,44544,bounce_44544_00584.mp4,/home/ganesh/test_work/cv_output/bounce_clips/sink/bounce_44544_00584.mp4,ok,0.227318,0.000050,0.166004,0.393395,2026-07-20 21:28:20
584,hq,44544,bounce_44544_00584.mp4,/home/ganesh/test_work/cv_output/bounce_clips/hq/bounce_44544_00584.mp4,ok,0.636482,0.000062,0.318030,0.954598,2026-07-20 21:28:21
589,source,44659,dirchange_44659_00589.mp4,/home/ganesh/test_work/cv_output/bounce_clips/source/dirchange_44659_00589.mp4,ok,0.189245,0.000043,0.160573,0.349881,2026-07-20 21:28:28
589,sink,44659,dirchange_44659_00589.mp4,/home/ganesh/test_work/cv_output/bounce_clips/sink/dirchange_44659_00589.mp4,ok,0.201614,0.000038,0.144714,0.346389,2026-07-20 21:28:28
589,hq,44659,dirchange_44659_00589.mp4,/home/ganesh/test_work/cv_output/bounce_clips/hq/dirchange_44659_00589.mp4,ok,0.334631,0.000073,0.304877,0.639613,2026-07-20 21:28:29
69,source,4603,dirchange_4603_00069.mp4,/home/ganesh/test_work/cv_output/bounce_clips/source/dirchange_4603_00069.mp4,failed,0.617443,0.000000,0.000000,0.617876,2026-07-21 10:41:21
265,source,20927,dirchange_20927_00265.mp4,/home/ganesh/test_work/cv_output/bounce_clips/source/dirchange_20927_00265.mp4,failed,0.545877,0.000000,0.000000,0.545941,2026-07-21 10:41:21
382,source,31007,dirchange_31007_00382.mp4,/home/ganesh/test_work/cv_output/bounce_clips/source/dirchange_31007_00382.mp4,failed,0.552005,0.000000,0.000000,0.552296,2026-07-21 10:41:22
483,source,37342,dirchange_37342_00483.mp4,/home/ganesh/test_work/cv_output/bounce_clips/source/dirchange_37342_00483.mp4,failed,0.317108,0.000000,0.000000,0.317185,2026-07-21 10:41:22
510,source,39460,dirchange_39460_00510.mp4,/home/ganesh/test_work/cv_output/bounce_clips/source/dirchange_39460_00510.mp4,failed,0.464846,0.000000,0.000000,0.464902,2026-07-21 10:41:23
5,source,377,bounce_377_00005.mp4,/home/ganesh/test_work/cv_output/bounce_clips/source/bounce_377_00005.mp4,failed,0.163943,0.000000,0.000000,0.163997,2026-07-21 10:41:23
5,sink,377,bounce_377_00005.mp4,/home/ganesh/test_work/cv_output/bounce_clips/sink/bounce_377_00005.mp4,failed,0.166097,0.000000,0.000000,0.166145,2026-07-21 10:41:23
15,source,863,bounce_863_00015.mp4,/home/ganesh/test_work/cv_output/bounce_clips/source/bounce_863_00015.mp4,failed,0.311916,0.000000,0.000000,0.311972,2026-07-21 10:41:23
15,sink,863,bounce_863_00015.mp4,/home/ganesh/test_work/cv_output/bounce_clips/sink/bounce_863_00015.mp4,failed,0.310757,0.000000,0.000000,0.310811,2026-07-21 10:41:24
32,source,2205,bounce_2205_00032.mp4,/home/ganesh/test_work/cv_output/bounce_clips/source/bounce_2205_00032.mp4,failed,0.550493,0.000000,0.000000,0.550544,2026-07-21 10:41:24
32,sink,2205,bounce_2205_00032.mp4,/home/ganesh/test_work/cv_output/bounce_clips/sink/bounce_2205_00032.mp4,failed,0.585279,0.000000,0.000000,0.585332,2026-07-21 10:41:25
44,source,3067,bounce_3067_00044.mp4,/home/ganesh/test_work/cv_output/bounce_clips/source/bounce_3067_00044.mp4,failed,0.122402,0.000000,0.000000,0.122474,2026-07-21 10:41:25
44,sink,3067,bounce_3067_00044.mp4,/home/ganesh/test_work/cv_output/bounce_clips/sink/bounce_3067_00044.mp4,failed,0.683453,0.000000,0.000000,0.683509,2026-07-21 10:41:26
58,source,3832,bounce_3832_00058.mp4,/home/ganesh/test_work/cv_output/bounce_clips/source/bounce_3832_00058.mp4,failed,0.547845,0.000000,0.000000,0.547923,2026-07-21 10:41:26
58,sink,3832,bounce_3832_00058.mp4,/home/ganesh/test_work/cv_output/bounce_clips/sink/bounce_3832_00058.mp4,failed,0.558275,0.000000,0.000000,0.558364,2026-07-21 10:41:27
67,source,4511,bounce_4511_00067.mp4,/home/ganesh/test_work/cv_output/bounce_clips/source/bounce_4511_00067.mp4,failed,0.137088,0.000000,0.000000,0.137159,2026-07-21 10:41:27
67,sink,4511,bounce_4511_00067.mp4,/home/ganesh/test_work/cv_output/bounce_clips/sink/bounce_4511_00067.mp4,failed,0.128397,0.000000,0.000000,0.128468,2026-07-21 10:41:27
77,source,5278,bounce_5278_00077.mp4,/home/ganesh/test_work/cv_output/bounce_clips/source/bounce_5278_00077.mp4,failed,0.503886,0.000000,0.000000,0.503937,2026-07-21 10:41:27
77,sink,5278,bounce_5278_00077.mp4,/home/ganesh/test_work/cv_output/bounce_clips/sink/bounce_5278_00077.mp4,failed,0.526551,0.000000,0.000000,0.526626,2026-07-21 10:41:28
82,source,6239,bounce_6239_00082.mp4,/home/ganesh/test_work/cv_output/bounce_clips/source/bounce_6239_00082.mp4,failed,0.515896,0.000000,0.000000,0.515963,2026-07-21 10:41:29
82,sink,6239,bounce_6239_00082.mp4,/home/ganesh/test_work/cv_output/bounce_clips/sink/bounce_6239_00082.mp4,failed,0.553252,0.000000,0.000000,0.553300,2026-07-21 10:41:29
87,source,6908,bounce_6908_00087.mp4,/home/ganesh/test_work/cv_output/bounce_clips/source/bounce_6908_00087.mp4,failed,0.126434,0.000000,0.000000,0.126500,2026-07-21 10:41:29
87,sink,6908,bounce_6908_00087.mp4,/home/ganesh/test_work/cv_output/bounce_clips/sink/bounce_6908_00087.mp4,failed,0.686995,0.000000,0.000000,0.687049,2026-07-21 10:41:30
93,source,7478,bounce_7478_00093.mp4,/home/ganesh/test_work/cv_output/bounce_clips/source/bounce_7478_00093.mp4,failed,0.411588,0.000000,0.000000,0.411835,2026-07-21 10:41:30
93,sink,7478,bounce_7478_00093.mp4,/home/ganesh/test_work/cv_output/bounce_clips/sink/bounce_7478_00093.mp4,failed,0.448229,0.000000,0.000000,0.448298,2026-07-21 10:41:31
108,source,9498,bounce_9498_00108.mp4,/home/ganesh/test_work/cv_output/bounce_clips/source/bounce_9498_00108.mp4,failed,0.163212,0.000000,0.000000,0.163629,2026-07-21 10:41:31
108,sink,9498,bounce_9498_00108.mp4,/home/ganesh/test_work/cv_output/bounce_clips/sink/bounce_9498_00108.mp4,failed,0.155959,0.000000,0.000000,0.156029,2026-07-21 10:41:31
120,source,9982,bounce_9982_00120.mp4,/home/ganesh/test_work/cv_output/bounce_clips/source/bounce_9982_00120.mp4,failed,0.297896,0.000000,0.000000,0.298136,2026-07-21 10:41:31
120,sink,9982,bounce_9982_00120.mp4,/home/ganesh/test_work/cv_output/bounce_clips/sink/bounce_9982_00120.mp4,failed,0.149290,0.000000,0.000000,0.149352,2026-07-21 10:41:32
145,source,11318,bounce_11318_00145.mp4,/home/ganesh/test_work/cv_output/bounce_clips/source/bounce_11318_00145.mp4,failed,0.417946,0.000000,0.000000,0.418052,2026-07-21 10:41:32
145,sink,11318,bounce_11318_00145.mp4,/home/ganesh/test_work/cv_output/bounce_clips/sink/bounce_11318_00145.mp4,failed,0.418181,0.000000,0.000000,0.418235,2026-07-21 10:41:32
149,source,11423,dirchange_11423_00149.mp4,/home/ganesh/test_work/cv_output/bounce_clips/source/dirchange_11423_00149.mp4,failed,0.307315,0.000000,0.000000,0.307384,2026-07-21 10:41:33
154,source,11612,bounce_11612_00154.mp4,/home/ganesh/test_work/cv_output/bounce_clips/source/bounce_11612_00154.mp4,failed,0.494269,0.000000,0.000000,0.494364,2026-07-21 10:41:33
154,sink,11612,bounce_11612_00154.mp4,/home/ganesh/test_work/cv_output/bounce_clips/sink/bounce_11612_00154.mp4,failed,0.327643,0.000000,0.000000,0.327695,2026-07-21 10:41:34
162,source,12188,bounce_12188_00162.mp4,/home/ganesh/test_work/cv_output/bounce_clips/source/bounce_12188_00162.mp4,failed,0.135561,0.000000,0.000000,0.135607,2026-07-21 10:41:34
162,sink,12188,bounce_12188_00162.mp4,/home/ganesh/test_work/cv_output/bounce_clips/sink/bounce_12188_00162.mp4,failed,0.711258,0.000000,0.000000,0.711313,2026-07-21 10:41:34
192,source,13148,bounce_13148_00192.mp4,/home/ganesh/test_work/cv_output/bounce_clips/source/bounce_13148_00192.mp4,failed,0.123513,0.000000,0.000000,0.123583,2026-07-21 10:41:35
192,sink,13148,bounce_13148_00192.mp4,/home/ganesh/test_work/cv_output/bounce_clips/sink/bounce_13148_00192.mp4,failed,0.691923,0.000000,0.000000,0.692000,2026-07-21 10:41:35
200,source,13343,bounce_13343_00200.mp4,/home/ganesh/test_work/cv_output/bounce_clips/source/bounce_13343_00200.mp4,failed,0.301581,0.000000,0.000000,0.301893,2026-07-21 10:41:36
200,sink,13343,bounce_13343_00200.mp4,/home/ganesh/test_work/cv_output/bounce_clips/sink/bounce_13343_00200.mp4,failed,0.157563,0.000000,0.000000,0.157844,2026-07-21 10:41:36
217,source,13919,bounce_13919_00217.mp4,/home/ganesh/test_work/cv_output/bounce_clips/source/bounce_13919_00217.mp4,failed,0.513820,0.000000,0.000000,0.513903,2026-07-21 10:41:36
217,sink,13919,bounce_13919_00217.mp4,/home/ganesh/test_work/cv_output/bounce_clips/sink/bounce_13919_00217.mp4,failed,0.519486,0.000000,0.000000,0.519531,2026-07-21 10:41:37
221,source,14205,bounce_14205_00221.mp4,/home/ganesh/test_work/cv_output/bounce_clips/source/bounce_14205_00221.mp4,failed,0.577926,0.000000,0.000000,0.577974,2026-07-21 10:41:37
221,sink,14205,bounce_14205_00221.mp4,/home/ganesh/test_work/cv_output/bounce_clips/sink/bounce_14205_00221.mp4,failed,0.398286,0.000000,0.000000,0.398353,2026-07-21 10:41:38
231,source,17367,bounce_17367_00231.mp4,/home/ganesh/test_work/cv_output/bounce_clips/source/bounce_17367_00231.mp4,failed,0.303120,0.000000,0.000000,0.303214,2026-07-21 10:41:38
231,sink,17367,bounce_17367_00231.mp4,/home/ganesh/test_work/cv_output/bounce_clips/sink/bounce_17367_00231.mp4,failed,0.299674,0.000000,0.000000,0.299771,2026-07-21 10:41:38
234,source,17468,dirchange_17468_00234.mp4,/home/ganesh/test_work/cv_output/bounce_clips/source/dirchange_17468_00234.mp4,failed,0.130439,0.000000,0.000000,0.130506,2026-07-21 10:41:38
321,source,26008,bounce_26008_00321.mp4,/home/ganesh/test_work/cv_output/bounce_clips/source/bounce_26008_00321.mp4,failed,0.309161,0.000000,0.000000,0.309232,2026-07-21 10:41:39
321,sink,26008,bounce_26008_00321.mp4,/home/ganesh/test_work/cv_output/bounce_clips/sink/bounce_26008_00321.mp4,failed,0.299461,0.000000,0.000000,0.299773,2026-07-21 10:41:39
337,source,27741,bounce_27741_00337.mp4,/home/ganesh/test_work/cv_output/bounce_clips/source/bounce_27741_00337.mp4,failed,0.154231,0.000000,0.000000,0.154285,2026-07-21 10:41:39
337,sink,27741,bounce_27741_00337.mp4,/home/ganesh/test_work/cv_output/bounce_clips/sink/bounce_27741_00337.mp4,failed,0.178743,0.000000,0.000000,0.178818,2026-07-21 10:41:39
375,source,30814,bounce_30814_00375.mp4,/home/ganesh/test_work/cv_output/bounce_clips/source/bounce_30814_00375.mp4,failed,0.455872,0.000000,0.000000,0.455928,2026-07-21 10:41:40
375,sink,30814,bounce_30814_00375.mp4,/home/ganesh/test_work/cv_output/bounce_clips/sink/bounce_30814_00375.mp4,failed,0.455306,0.000000,0.000000,0.455356,2026-07-21 10:41:40
378,source,30906,bounce_30906_00378.mp4,/home/ganesh/test_work/cv_output/bounce_clips/source/bounce_30906_00378.mp4,failed,0.122834,0.000000,0.000000,0.122910,2026-07-21 10:41:40
378,sink,30906,bounce_30906_00378.mp4,/home/ganesh/test_work/cv_output/bounce_clips/sink/bounce_30906_00378.mp4,failed,0.309817,0.000000,0.000000,0.309865,2026-07-21 10:41:41
397,source,32095,dirchange_32095_00397.mp4,/home/ganesh/test_work/cv_output/bounce_clips/source/dirchange_32095_00397.mp4,ok,0.575029,0.000049,0.138582,0.713685,2026-07-21 10:41:41
405,source,32447,bounce_32447_00405.mp4,/home/ganesh/test_work/cv_output/bounce_clips/source/bounce_32447_00405.mp4,failed,0.545443,0.000000,0.000000,0.545796,2026-07-21 10:41:42
405,sink,32447,bounce_32447_00405.mp4,/home/ganesh/test_work/cv_output/bounce_clips/sink/bounce_32447_00405.mp4,failed,0.558551,0.000000,0.000000,0.558606,2026-07-21 10:41:43
441,source,35423,bounce_35423_00441.mp4,/home/ganesh/test_work/cv_output/bounce_clips/source/bounce_35423_00441.mp4,failed,0.295522,0.000000,0.000000,0.295568,2026-07-21 10:41:43
441,sink,35423,bounce_35423_00441.mp4,/home/ganesh/test_work/cv_output/bounce_clips/sink/bounce_35423_00441.mp4,failed,0.151498,0.000000,0.000000,0.151585,2026-07-21 10:41:43
497,source,38399,bounce_38399_00497.mp4,/home/ganesh/test_work/cv_output/bounce_clips/source/bounce_38399_00497.mp4,failed,0.518507,0.000000,0.000000,0.518561,2026-07-21 10:41:44
497,sink,38399,bounce_38399_00497.mp4,/home/ganesh/test_work/cv_output/bounce_clips/sink/bounce_38399_00497.mp4,failed,0.565623,0.000000,0.000000,0.565668,2026-07-21 10:41:44
520,source,40220,bounce_40220_00520.mp4,/home/ganesh/test_work/cv_output/bounce_clips/source/bounce_40220_00520.mp4,failed,0.156007,0.000000,0.000000,0.156096,2026-07-21 10:41:44
520,sink,40220,bounce_40220_00520.mp4,/home/ganesh/test_work/cv_output/bounce_clips/sink/bounce_40220_00520.mp4,failed,0.153765,0.000000,0.000000,0.153819,2026-07-21 10:41:44
530,source,40605,bounce_40605_00530.mp4,/home/ganesh/test_work/cv_output/bounce_clips/source/bounce_40605_00530.mp4,failed,0.555390,0.000000,0.000000,0.555458,2026-07-21 10:41:45
530,sink,40605,bounce_40605_00530.mp4,/home/ganesh/test_work/cv_output/bounce_clips/sink/bounce_40605_00530.mp4,failed,0.407823,0.000000,0.000000,0.407881,2026-07-21 10:41:45
540,source,40990,bounce_40990_00540.mp4,/home/ganesh/test_work/cv_output/bounce_clips/source/bounce_40990_00540.mp4,failed,0.132924,0.000000,0.000000,0.132978,2026-07-21 10:41:46
540,sink,40990,bounce_40990_00540.mp4,/home/ganesh/test_work/cv_output/bounce_clips/sink/bounce_40990_00540.mp4,failed,0.138469,0.000000,0.000000,0.138536,2026-07-21 10:41:46
567,source,43478,bounce_43478_00567.mp4,/home/ganesh/test_work/cv_output/bounce_clips/source/bounce_43478_00567.mp4,failed,0.420510,0.000000,0.000000,0.420584,2026-07-21 10:41:46
567,sink,43478,bounce_43478_00567.mp4,/home/ganesh/test_work/cv_output/bounce_clips/sink/bounce_43478_00567.mp4,failed,0.442580,0.000000,0.000000,0.442636,2026-07-21 10:41:47
568,source,43672,bounce_43672_00568.mp4,/home/ganesh/test_work/cv_output/bounce_clips/source/bounce_43672_00568.mp4,failed,0.526502,0.000000,0.000000,0.526557,2026-07-21 10:41:47
568,sink,43672,bounce_43672_00568.mp4,/home/ganesh/test_work/cv_output/bounce_clips/sink/bounce_43672_00568.mp4,failed,0.566634,0.000000,0.000000,0.566680,2026-07-21 10:41:48
580,source,44440,bounce_44440_00580.mp4,/home/ganesh/test_work/cv_output/bounce_clips/source/bounce_44440_00580.mp4,failed,0.443286,0.000000,0.000000,0.443356,2026-07-21 10:41:48
580,sink,44440,bounce_44440_00580.mp4,/home/ganesh/test_work/cv_output/bounce_clips/sink/bounce_44440_00580.mp4,failed,0.425982,0.000000,0.000000,0.426043,2026-07-21 10:41:49
