Frame,X,Y,Visibility,BBox_X,BBox_Y,BBox_W,BBox_H
0,[1417, 559, 556, 562],[150, 292, 285, 285],1,[1409, 556, 554, 562],[142, 292, 285, 285],[19, 5, 5, 2],[18, 3, 3, 3]
1,[562, 559],[285, 292],1,[562, 559],[285, 292],[2, 2],[3, 3]
2,[1378],[142],1,[1372],[131],[14],[22]
3,[1366],[142],1,[1361],[135],[14],[18]
4,[1352],[142],1,[1344],[131],[16],[22]
5,[1341],[142],1,[1333],[131],[19],[22]
6,[1321],[142],1,[1307],[131],[30],[22]
7,[1305],[146],1,[1285],[131],[39],[30]
8,[1293],[150],1,[1276],[135],[33],[30]
9,[1279],[150],1,[1265],[138],[30],[26]
10,[1265],[153],1,[1254],[142],[25],[26]
11,[1254],[161],1,[1245],[146],[19],[30]
12,[1245],[165],1,[1234],[153],[22],[26]
13,[1229],[176],1,[1217],[161],[22],[30]
14,[1220],[183],1,[1212],[172],[16],[22]
15,[1209],[187],1,[1195],[172],[30],[30]
16,[562, 1198],[285, 191],1,[551, 1186],[273, 180],[25, 22],[26, 22]
17,[562, 1195],[285, 183],1,[551, 1184],[273, 172],[25, 22],[26, 26]
18,[1192, 565],[176, 285],1,[1184, 554],[165, 273],[19, 22],[26, 22]
19,[562, 1192],[285, 168],1,[554, 1184],[273, 161],[19, 19],[22, 18]
20,[1192, 562],[165, 285],1,[1184, 554],[153, 273],[19, 19],[22, 22]
21,[1192, 562],[157, 285],1,[1184, 554],[146, 273],[16, 16],[26, 22]
22,[1192, 562],[157, 281],1,[1184, 554],[146, 273],[16, 16],[22, 18]
23,[1192, 562],[153, 281],1,[1184, 554],[142, 273],[16, 16],[22, 18]
24,[562],[281],1,[554],[270],[16],[22]
25,[562],[281],1,[556],[270],[14],[22]
26,[562],[281],1,[556],[273],[14],[15]
27,[562],[281],1,[556],[273],[11],[15]
28,[562],[281],1,[556],[277],[11],[7]
29,[559],[281],1,[556],[277],[8],[7]
30,[562],[277],1,[556],[273],[11],[11]
31,[562],[277],1,[556],[270],[11],[18]
32,[1155],[161],1,[1147],[150],[16],[22]
33,[1164],[157],1,[1155],[146],[16],[22]
34,[1175],[153],1,[1164],[142],[22],[22]
35,[1186],[142],1,[1178],[131],[16],[26]
36,[1200],[138],1,[1192],[127],[16],[22]
37,[1212],[135],1,[1203],[123],[19],[22]
38,[1223],[127],1,[1215],[116],[19],[26]
39,[1234],[123],1,[1226],[112],[19],[22]
40,[1248, 562],[123, 266],1,[1237, 559],[112, 262],[22, 8],[22, 11]
41,[1257, 568],[120, 266],1,[1248, 559],[108, 255],[19, 16],[26, 26]
42,[1271, 570],[120, 255],1,[1260, 562],[108, 243],[22, 16],[26, 26]
43,[1285, 570],[120, 243],1,[1276, 562],[108, 232],[19, 19],[26, 26]
44,[1293, 573],[120, 236],1,[1285, 565],[108, 225],[19, 19],[22, 22]
45,[1305, 579],[120, 221],1,[1296, 570],[108, 210],[19, 16],[22, 26]
46,[1316, 582],[123, 210],1,[1305, 573],[112, 198],[22, 19],[22, 22]
47,[1335, 590, 1274],[127, 198, 131],1,[1321, 579, 1274],[116, 187, 131],[28, 22, 2],[22, 22, 3]
48,[1344, 590],[131, 191],1,[1333, 582],[120, 180],[25, 19],[26, 26]
49,[1355, 596],[138, 183],1,[1347, 587],[127, 172],[19, 19],[26, 22]
50,[1369, 604],[150, 172],1,[1355, 596],[138, 161],[28, 19],[26, 26]
51,[1378, 613],[161, 165],1,[1366, 604],[146, 153],[25, 19],[30, 26]
52,[618, 1386],[161, 168],1,[610, 1378],[150, 157],[19, 19],[26, 22]
53,[1400, 621],[180, 157],1,[1389, 613],[165, 146],[22, 19],[30, 22]
54,[1406, 627],[187, 153],1,[1395, 618],[176, 142],[22, 19],[26, 22]
55,[1414, 632],[195, 150],1,[1403, 621],[183, 138],[25, 22],[26, 26]
56,[646, 720],[150, 303],1,[635, 714],[138, 296],[22, 11],[22, 15]
57,[652, 717],[150, 303],1,[641, 711],[138, 296],[25, 14],[22, 18]
58,[660, 717],[150, 303],1,[649, 711],[138, 296],[22, 14],[26, 18]
59,[669, 717],[153, 303],1,[655, 711],[142, 296],[28, 14],[22, 18]
60,[675, 717],[153, 303],1,[663, 711],[142, 296],[22, 14],[26, 18]
61,[680, 720],[161, 307],1,[672, 714],[150, 300],[19, 11],[26, 15]
62,[691, 722],[168, 303],1,[680, 722],[157, 300],[22, 2],[22, 7]
63,[703],[176],1,[691],[165],[25],[26]
64,[703],[183],1,[691],[172],[22],[22]
65,[717],[195],1,[708],[183],[19],[22]
66,[725],[206],1,[717],[195],[16],[26]
67,[734],[217],1,[725],[206],[19],[26]
68,[742],[236],1,[734],[221],[19],[30]
69,[756],[247],1,[742],[236],[28],[26]
70,[765],[266],1,[753],[255],[22],[26]
71,[770],[281],1,[759],[266],[22],[30]
72,[779, 1400],[300, 150],1,[767, 1395],[288, 142],[22, 14],[22, 15]
73,[781, 1403, 815],[322, 153, 333],1,[773, 1395, 812],[307, 146, 330],[16, 16, 5],[30, 18, 7]
74,[801, 1403],[341, 157],1,[784, 1395],[330, 146],[33, 16],[26, 22]
75,[801, 1403],[363, 161],1,[790, 1395],[348, 153],[22, 16],[30, 18]
76,[807, 1400],[378, 165],1,[795, 1392],[367, 157],[25, 16],[26, 15]
77,[818],[367],1,[804],[356],[28],[26]
78,[826],[360],1,[815],[348],[25],[26]
79,[832],[352],1,[821],[337],[22],[30]
80,[838],[341],1,[829],[330],[19],[26]
81,[843],[333],1,[835],[322],[19],[26]
82,[849],[330],1,[840],[318],[19],[22]
83,[857],[330],1,[846],[318],[22],[22]
84,[863],[326],1,[852],[315],[25],[22]
85,[874],[326],1,[863],[315],[22],[26]
86,[880],[326],1,[871],[315],[16],[26]
87,[883],[326],1,[871],[315],[22],[26]
88,[888],[330],1,[874],[318],[28],[26]
89,[897],[333],1,[885],[322],[25],[26]
90,[905],[341],1,[894],[330],[22],[22]
91,[911],[345],1,[900],[333],[22],[26]
92,[919],[352],1,[911],[341],[19],[26]
93,[922],[363],1,[914],[352],[19],[22]
94,[930],[375],1,[922],[363],[16],[26]
95,[936],[386],1,[925],[375],[22],[26]
96,[942],[397],1,[933],[382],[19],[30]
97,[947],[412],1,[939],[397],[16],[30]
98,[947],[412],1,[939],[397],[19],[33]
99,[959],[405],1,[950],[393],[19],[22]
100,[967],[397],1,[959],[386],[19],[26]
101,[978],[393],1,[967],[382],[25],[26]
102,[987],[393],1,[975],[382],[25],[22]
103,[995],[393],1,[981],[382],[28],[22]
104,[1001],[390],1,[990],[378],[25],[26]
105,[1006],[393],1,[992],[382],[28],[22]
106,[1012],[393],1,[1001],[382],[22],[26]
107,[1018],[397],1,[1009],[386],[19],[26]
108,[1026],[401],1,[1015],[390],[22],[26]
109,[1032],[408],1,[1023],[397],[19],[26]
110,[1037],[416],1,[1029],[405],[19],[26]
111,[1043],[423],1,[1035],[412],[19],[26]
112,[1051],[435],1,[1040],[420],[25],[33]
113,[1057],[442],1,[1046],[427],[25],[33]
114,[1065],[442],1,[1051],[427],[28],[30]
115,[1071],[438],1,[1060],[427],[25],[26]
116,[1077],[438],1,[1065],[427],[25],[22]
117,[1085],[438],1,[1074],[427],[22],[22]
118,[1096],[438],1,[1085],[427],[25],[26]
119,[1105],[438],1,[1094],[427],[22],[26]
120,[1110],[442],1,[1094],[431],[33],[26]
121,[1116],[446],1,[1105],[435],[25],[26]
122,[1125],[453],1,[1113],[438],[25],[30]
123,[1130],[461],1,[1119],[450],[25],[26]
124,[1136],[465],1,[1125],[453],[25],[22]
125,[1144],[465],1,[1136],[457],[19],[18]
126,[1150],[465],1,[1141],[457],[19],[18]
127,[1158],[461],1,[1150],[453],[19],[18]
128,[1170],[465],1,[1158],[453],[25],[26]
129,[1178],[468],1,[1164],[457],[28],[26]
130,[1189],[472],1,[1175],[461],[30],[26]
131,[1198],[476],1,[1184],[465],[30],[26]
132,[1209],[476],1,[1186],[465],[45],[26]
133,[1217],[476],1,[1198],[465],[39],[26]
134,[1220],[480],1,[1203],[468],[36],[22]
135,[1226],[480],1,[1209],[468],[33],[22]
136,[1237],[487],1,[1220],[472],[36],[33]
137,[1245],[491],1,[1226],[480],[42],[26]
138,[1254],[495],1,[1231],[483],[45],[26]
139,[1260],[498],1,[1245],[487],[30],[22]
140,[1274],[498],1,[1254],[487],[39],[26]
141,[1276],[502],1,[1262],[491],[30],[22]
142,[1282],[502],1,[1271],[491],[25],[26]
143,[1285],[506],1,[1276],[495],[19],[22]
144,[1305],[510],1,[1285],[495],[42],[30]
145,[1310],[513],1,[1290],[498],[42],[30]
146,[1319],[517],1,[1302],[502],[33],[30]
147,[1321],[517],1,[1310],[502],[25],[33]
148,[1324],[521],1,[1316],[510],[16],[22]
149,[0],[0],0,[0],[0],[0],[0]
150,[0],[0],0,[0],[0],[0],[0]
151,[1366],[521],1,[1366],[521],[2],[3]
152,[0],[0],0,[0],[0],[0],[0]
153,[0],[0],0,[0],[0],[0],[0]
154,[0],[0],0,[0],[0],[0],[0]
155,[0],[0],0,[0],[0],[0],[0]
156,[0],[0],0,[0],[0],[0],[0]
157,[0],[0],0,[0],[0],[0],[0]
158,[0],[0],0,[0],[0],[0],[0]
159,[0],[0],0,[0],[0],[0],[0]
160,[0],[0],0,[0],[0],[0],[0]
161,[0],[0],0,[0],[0],[0],[0]
162,[0],[0],0,[0],[0],[0],[0]
163,[0],[0],0,[0],[0],[0],[0]
164,[0],[0],0,[0],[0],[0],[0]
165,[0],[0],0,[0],[0],[0],[0]
166,[0],[0],0,[0],[0],[0],[0]
167,[0],[0],0,[0],[0],[0],[0]
168,[0],[0],0,[0],[0],[0],[0]
169,[0],[0],0,[0],[0],[0],[0]
170,[0],[0],0,[0],[0],[0],[0]
171,[0],[0],0,[0],[0],[0],[0]
172,[0],[0],0,[0],[0],[0],[0]
173,[0],[0],0,[0],[0],[0],[0]
174,[0],[0],0,[0],[0],[0],[0]
175,[0],[0],0,[0],[0],[0],[0]
176,[1400],[573],1,[1397],[570],[8],[11]
177,[0],[0],0,[0],[0],[0],[0]
178,[0],[0],0,[0],[0],[0],[0]
179,[0],[0],0,[0],[0],[0],[0]
180,[0],[0],0,[0],[0],[0],[0]
181,[0],[0],0,[0],[0],[0],[0]
182,[0],[0],0,[0],[0],[0],[0]
183,[0],[0],0,[0],[0],[0],[0]
184,[0],[0],0,[0],[0],[0],[0]
185,[0],[0],0,[0],[0],[0],[0]
186,[0],[0],0,[0],[0],[0],[0]
187,[0],[0],0,[0],[0],[0],[0]
188,[0],[0],0,[0],[0],[0],[0]
189,[0],[0],0,[0],[0],[0],[0]
190,[0],[0],0,[0],[0],[0],[0]
191,[0],[0],0,[0],[0],[0],[0]
192,[0],[0],0,[0],[0],[0],[0]
193,[0],[0],0,[0],[0],[0],[0]
194,[0],[0],0,[0],[0],[0],[0]
195,[0],[0],0,[0],[0],[0],[0]
196,[0],[0],0,[0],[0],[0],[0]
197,[0],[0],0,[0],[0],[0],[0]
198,[0],[0],0,[0],[0],[0],[0]
199,[0],[0],0,[0],[0],[0],[0]
200,[0],[0],0,[0],[0],[0],[0]
201,[0],[0],0,[0],[0],[0],[0]
202,[0],[0],0,[0],[0],[0],[0]
203,[0],[0],0,[0],[0],[0],[0]
204,[0],[0],0,[0],[0],[0],[0]
205,[0],[0],0,[0],[0],[0],[0]
206,[0],[0],0,[0],[0],[0],[0]
207,[0],[0],0,[0],[0],[0],[0]
208,[0],[0],0,[0],[0],[0],[0]
209,[0],[0],0,[0],[0],[0],[0]
210,[0],[0],0,[0],[0],[0],[0]
211,[0],[0],0,[0],[0],[0],[0]
212,[0],[0],0,[0],[0],[0],[0]
213,[0],[0],0,[0],[0],[0],[0]
214,[0],[0],0,[0],[0],[0],[0]
215,[0],[0],0,[0],[0],[0],[0]
216,[0],[0],0,[0],[0],[0],[0]
217,[0],[0],0,[0],[0],[0],[0]
218,[0],[0],0,[0],[0],[0],[0]
219,[0],[0],0,[0],[0],[0],[0]
220,[0],[0],0,[0],[0],[0],[0]
221,[0],[0],0,[0],[0],[0],[0]
222,[0],[0],0,[0],[0],[0],[0]
223,[0],[0],0,[0],[0],[0],[0]
224,[0],[0],0,[0],[0],[0],[0]
225,[0],[0],0,[0],[0],[0],[0]
226,[0],[0],0,[0],[0],[0],[0]
227,[0],[0],0,[0],[0],[0],[0]
228,[0],[0],0,[0],[0],[0],[0]
229,[0],[0],0,[0],[0],[0],[0]
230,[0],[0],0,[0],[0],[0],[0]
231,[0],[0],0,[0],[0],[0],[0]
232,[0],[0],0,[0],[0],[0],[0]
233,[0],[0],0,[0],[0],[0],[0]
234,[0],[0],0,[0],[0],[0],[0]
235,[0],[0],0,[0],[0],[0],[0]
236,[0],[0],0,[0],[0],[0],[0]
237,[0],[0],0,[0],[0],[0],[0]
238,[0],[0],0,[0],[0],[0],[0]
239,[0],[0],0,[0],[0],[0],[0]
240,[0],[0],0,[0],[0],[0],[0]
241,[0],[0],0,[0],[0],[0],[0]
242,[0],[0],0,[0],[0],[0],[0]
243,[0],[0],0,[0],[0],[0],[0]
244,[0],[0],0,[0],[0],[0],[0]
245,[0],[0],0,[0],[0],[0],[0]
246,[0],[0],0,[0],[0],[0],[0]
247,[0],[0],0,[0],[0],[0],[0]
248,[0],[0],0,[0],[0],[0],[0]
249,[0],[0],0,[0],[0],[0],[0]
250,[0],[0],0,[0],[0],[0],[0]
251,[0],[0],0,[0],[0],[0],[0]
252,[0],[0],0,[0],[0],[0],[0]
253,[0],[0],0,[0],[0],[0],[0]
254,[0],[0],0,[0],[0],[0],[0]
255,[0],[0],0,[0],[0],[0],[0]
256,[0],[0],0,[0],[0],[0],[0]
257,[0],[0],0,[0],[0],[0],[0]
258,[0],[0],0,[0],[0],[0],[0]
259,[0],[0],0,[0],[0],[0],[0]
260,[0],[0],0,[0],[0],[0],[0]
261,[0],[0],0,[0],[0],[0],[0]
262,[0],[0],0,[0],[0],[0],[0]
263,[0],[0],0,[0],[0],[0],[0]
264,[0],[0],0,[0],[0],[0],[0]
265,[0],[0],0,[0],[0],[0],[0]
266,[0],[0],0,[0],[0],[0],[0]
267,[0],[0],0,[0],[0],[0],[0]
268,[0],[0],0,[0],[0],[0],[0]
269,[0],[0],0,[0],[0],[0],[0]
270,[0],[0],0,[0],[0],[0],[0]
271,[0],[0],0,[0],[0],[0],[0]
272,[0],[0],0,[0],[0],[0],[0]
273,[0],[0],0,[0],[0],[0],[0]
274,[0],[0],0,[0],[0],[0],[0]
275,[0],[0],0,[0],[0],[0],[0]
276,[0],[0],0,[0],[0],[0],[0]
277,[0],[0],0,[0],[0],[0],[0]
278,[0],[0],0,[0],[0],[0],[0]
279,[0],[0],0,[0],[0],[0],[0]
280,[0],[0],0,[0],[0],[0],[0]
281,[0],[0],0,[0],[0],[0],[0]
282,[0],[0],0,[0],[0],[0],[0]
283,[0],[0],0,[0],[0],[0],[0]
284,[0],[0],0,[0],[0],[0],[0]
285,[0],[0],0,[0],[0],[0],[0]
286,[0],[0],0,[0],[0],[0],[0]
287,[0],[0],0,[0],[0],[0],[0]
288,[0],[0],0,[0],[0],[0],[0]
289,[0],[0],0,[0],[0],[0],[0]
290,[0],[0],0,[0],[0],[0],[0]
291,[0],[0],0,[0],[0],[0],[0]
292,[0],[0],0,[0],[0],[0],[0]
293,[0],[0],0,[0],[0],[0],[0]
294,[0],[0],0,[0],[0],[0],[0]
295,[0],[0],0,[0],[0],[0],[0]
296,[0],[0],0,[0],[0],[0],[0]
297,[0],[0],0,[0],[0],[0],[0]
298,[0],[0],0,[0],[0],[0],[0]
299,[0],[0],0,[0],[0],[0],[0]
300,[0],[0],0,[0],[0],[0],[0]
301,[0],[0],0,[0],[0],[0],[0]
302,[0],[0],0,[0],[0],[0],[0]
303,[0],[0],0,[0],[0],[0],[0]
304,[0],[0],0,[0],[0],[0],[0]
305,[0],[0],0,[0],[0],[0],[0]
306,[0],[0],0,[0],[0],[0],[0]
307,[0],[0],0,[0],[0],[0],[0]
308,[0],[0],0,[0],[0],[0],[0]
309,[0],[0],0,[0],[0],[0],[0]
310,[0],[0],0,[0],[0],[0],[0]
311,[0],[0],0,[0],[0],[0],[0]
312,[0],[0],0,[0],[0],[0],[0]
313,[0],[0],0,[0],[0],[0],[0]
314,[0],[0],0,[0],[0],[0],[0]
315,[0],[0],0,[0],[0],[0],[0]
316,[0],[0],0,[0],[0],[0],[0]
317,[0],[0],0,[0],[0],[0],[0]
318,[0],[0],0,[0],[0],[0],[0]
319,[0],[0],0,[0],[0],[0],[0]
320,[0],[0],0,[0],[0],[0],[0]
321,[0],[0],0,[0],[0],[0],[0]
322,[0],[0],0,[0],[0],[0],[0]
323,[0],[0],0,[0],[0],[0],[0]
324,[0],[0],0,[0],[0],[0],[0]
325,[0],[0],0,[0],[0],[0],[0]
326,[0],[0],0,[0],[0],[0],[0]
327,[0],[0],0,[0],[0],[0],[0]
328,[0],[0],0,[0],[0],[0],[0]
329,[0],[0],0,[0],[0],[0],[0]
330,[0],[0],0,[0],[0],[0],[0]
331,[0],[0],0,[0],[0],[0],[0]
332,[0],[0],0,[0],[0],[0],[0]
333,[0],[0],0,[0],[0],[0],[0]
334,[0],[0],0,[0],[0],[0],[0]
335,[0],[0],0,[0],[0],[0],[0]
336,[0],[0],0,[0],[0],[0],[0]
337,[0],[0],0,[0],[0],[0],[0]
338,[0],[0],0,[0],[0],[0],[0]
339,[0],[0],0,[0],[0],[0],[0]
340,[0],[0],0,[0],[0],[0],[0]
341,[0],[0],0,[0],[0],[0],[0]
342,[0],[0],0,[0],[0],[0],[0]
343,[0],[0],0,[0],[0],[0],[0]
344,[0],[0],0,[0],[0],[0],[0]
345,[0],[0],0,[0],[0],[0],[0]
346,[0],[0],0,[0],[0],[0],[0]
347,[0],[0],0,[0],[0],[0],[0]
348,[0],[0],0,[0],[0],[0],[0]
349,[0],[0],0,[0],[0],[0],[0]
350,[0],[0],0,[0],[0],[0],[0]
351,[0],[0],0,[0],[0],[0],[0]
352,[0],[0],0,[0],[0],[0],[0]
353,[0],[0],0,[0],[0],[0],[0]
354,[0],[0],0,[0],[0],[0],[0]
355,[0],[0],0,[0],[0],[0],[0]
356,[0],[0],0,[0],[0],[0],[0]
357,[0],[0],0,[0],[0],[0],[0]
358,[0],[0],0,[0],[0],[0],[0]
359,[0],[0],0,[0],[0],[0],[0]
360,[0],[0],0,[0],[0],[0],[0]
361,[0],[0],0,[0],[0],[0],[0]
362,[0],[0],0,[0],[0],[0],[0]
363,[0],[0],0,[0],[0],[0],[0]
364,[0],[0],0,[0],[0],[0],[0]
365,[0],[0],0,[0],[0],[0],[0]
366,[0],[0],0,[0],[0],[0],[0]
367,[0],[0],0,[0],[0],[0],[0]
368,[0],[0],0,[0],[0],[0],[0]
369,[0],[0],0,[0],[0],[0],[0]
370,[0],[0],0,[0],[0],[0],[0]
371,[0],[0],0,[0],[0],[0],[0]
372,[0],[0],0,[0],[0],[0],[0]
373,[0],[0],0,[0],[0],[0],[0]
374,[0],[0],0,[0],[0],[0],[0]
375,[0],[0],0,[0],[0],[0],[0]
376,[0],[0],0,[0],[0],[0],[0]
377,[0],[0],0,[0],[0],[0],[0]
378,[0],[0],0,[0],[0],[0],[0]
379,[0],[0],0,[0],[0],[0],[0]
380,[0],[0],0,[0],[0],[0],[0]
381,[0],[0],0,[0],[0],[0],[0]
382,[0],[0],0,[0],[0],[0],[0]
383,[0],[0],0,[0],[0],[0],[0]
384,[0],[0],0,[0],[0],[0],[0]
385,[0],[0],0,[0],[0],[0],[0]
386,[0],[0],0,[0],[0],[0],[0]
387,[0],[0],0,[0],[0],[0],[0]
388,[0],[0],0,[0],[0],[0],[0]
389,[0],[0],0,[0],[0],[0],[0]
390,[0],[0],0,[0],[0],[0],[0]
391,[0],[0],0,[0],[0],[0],[0]
392,[0],[0],0,[0],[0],[0],[0]
393,[0],[0],0,[0],[0],[0],[0]
394,[0],[0],0,[0],[0],[0],[0]
395,[0],[0],0,[0],[0],[0],[0]
396,[0],[0],0,[0],[0],[0],[0]
397,[0],[0],0,[0],[0],[0],[0]
398,[0],[0],0,[0],[0],[0],[0]
399,[0],[0],0,[0],[0],[0],[0]
400,[0],[0],0,[0],[0],[0],[0]
401,[0],[0],0,[0],[0],[0],[0]
402,[0],[0],0,[0],[0],[0],[0]
403,[0],[0],0,[0],[0],[0],[0]
404,[0],[0],0,[0],[0],[0],[0]
405,[0],[0],0,[0],[0],[0],[0]
406,[0],[0],0,[0],[0],[0],[0]
407,[0],[0],0,[0],[0],[0],[0]
408,[756],[303],1,[753],[300],[5],[7]
409,[759],[303],1,[756],[300],[5],[7]
410,[0],[0],0,[0],[0],[0],[0]
411,[0],[0],0,[0],[0],[0],[0]
412,[0],[0],0,[0],[0],[0],[0]
413,[0],[0],0,[0],[0],[0],[0]
414,[0],[0],0,[0],[0],[0],[0]
415,[0],[0],0,[0],[0],[0],[0]
416,[0],[0],0,[0],[0],[0],[0]
417,[0],[0],0,[0],[0],[0],[0]
418,[0],[0],0,[0],[0],[0],[0]
419,[0],[0],0,[0],[0],[0],[0]
420,[0],[0],0,[0],[0],[0],[0]
421,[0],[0],0,[0],[0],[0],[0]
422,[0],[0],0,[0],[0],[0],[0]
423,[0],[0],0,[0],[0],[0],[0]
424,[0],[0],0,[0],[0],[0],[0]
425,[0],[0],0,[0],[0],[0],[0]
426,[0],[0],0,[0],[0],[0],[0]
427,[0],[0],0,[0],[0],[0],[0]
428,[0],[0],0,[0],[0],[0],[0]
429,[0],[0],0,[0],[0],[0],[0]
430,[0],[0],0,[0],[0],[0],[0]
431,[0],[0],0,[0],[0],[0],[0]
432,[0],[0],0,[0],[0],[0],[0]
433,[0],[0],0,[0],[0],[0],[0]
434,[0],[0],0,[0],[0],[0],[0]
435,[0],[0],0,[0],[0],[0],[0]
436,[0],[0],0,[0],[0],[0],[0]
437,[0],[0],0,[0],[0],[0],[0]
438,[0],[0],0,[0],[0],[0],[0]
439,[0],[0],0,[0],[0],[0],[0]
440,[0],[0],0,[0],[0],[0],[0]
441,[0],[0],0,[0],[0],[0],[0]
442,[0],[0],0,[0],[0],[0],[0]
443,[0],[0],0,[0],[0],[0],[0]
444,[0],[0],0,[0],[0],[0],[0]
445,[0],[0],0,[0],[0],[0],[0]
446,[0],[0],0,[0],[0],[0],[0]
447,[0],[0],0,[0],[0],[0],[0]
448,[0],[0],0,[0],[0],[0],[0]
449,[0],[0],0,[0],[0],[0],[0]
450,[0],[0],0,[0],[0],[0],[0]
451,[0],[0],0,[0],[0],[0],[0]
452,[0],[0],0,[0],[0],[0],[0]
453,[0],[0],0,[0],[0],[0],[0]
454,[0],[0],0,[0],[0],[0],[0]
455,[0],[0],0,[0],[0],[0],[0]
456,[0],[0],0,[0],[0],[0],[0]
457,[0],[0],0,[0],[0],[0],[0]
458,[0],[0],0,[0],[0],[0],[0]
459,[0],[0],0,[0],[0],[0],[0]
460,[0],[0],0,[0],[0],[0],[0]
461,[0],[0],0,[0],[0],[0],[0]
462,[0],[0],0,[0],[0],[0],[0]
463,[0],[0],0,[0],[0],[0],[0]
464,[0],[0],0,[0],[0],[0],[0]
465,[0],[0],0,[0],[0],[0],[0]
466,[0],[0],0,[0],[0],[0],[0]
467,[0],[0],0,[0],[0],[0],[0]
468,[0],[0],0,[0],[0],[0],[0]
469,[0],[0],0,[0],[0],[0],[0]
470,[0],[0],0,[0],[0],[0],[0]
471,[0],[0],0,[0],[0],[0],[0]
472,[0],[0],0,[0],[0],[0],[0]
473,[0],[0],0,[0],[0],[0],[0]
474,[0],[0],0,[0],[0],[0],[0]
475,[0],[0],0,[0],[0],[0],[0]
476,[0],[0],0,[0],[0],[0],[0]
477,[0],[0],0,[0],[0],[0],[0]
478,[0],[0],0,[0],[0],[0],[0]
479,[0],[0],0,[0],[0],[0],[0]
480,[0],[0],0,[0],[0],[0],[0]
481,[0],[0],0,[0],[0],[0],[0]
482,[0],[0],0,[0],[0],[0],[0]
483,[0],[0],0,[0],[0],[0],[0]
484,[0],[0],0,[0],[0],[0],[0]
485,[0],[0],0,[0],[0],[0],[0]
486,[0],[0],0,[0],[0],[0],[0]
487,[0],[0],0,[0],[0],[0],[0]
488,[0],[0],0,[0],[0],[0],[0]
489,[0],[0],0,[0],[0],[0],[0]
490,[0],[0],0,[0],[0],[0],[0]
491,[0],[0],0,[0],[0],[0],[0]
492,[0],[0],0,[0],[0],[0],[0]
493,[0],[0],0,[0],[0],[0],[0]
494,[0],[0],0,[0],[0],[0],[0]
495,[0],[0],0,[0],[0],[0],[0]
496,[0],[0],0,[0],[0],[0],[0]
497,[0],[0],0,[0],[0],[0],[0]
498,[0],[0],0,[0],[0],[0],[0]
499,[0],[0],0,[0],[0],[0],[0]
500,[0],[0],0,[0],[0],[0],[0]
501,[0],[0],0,[0],[0],[0],[0]
502,[0],[0],0,[0],[0],[0],[0]
503,[0],[0],0,[0],[0],[0],[0]
504,[1386],[105],1,[1378],[97],[19],[18]
505,[1372, 1310],[108, 120],1,[1364, 1307],[97, 116],[19, 8],[22, 7]
506,[1316],[108],1,[1305],[97],[22],[22]
507,[1296],[105],1,[1282],[97],[28],[18]
508,[1265],[108],1,[1254],[97],[22],[22]
509,[1231],[108],1,[1220],[97],[25],[26]
510,[1198],[112],1,[1186],[101],[22],[22]
511,[1172],[116],1,[1158],[105],[28],[22]
512,[1150],[120],1,[1139],[108],[22],[22]
513,[1130],[123],1,[1122],[112],[19],[22]
514,[1105],[123],1,[1096],[112],[16],[22]
515,[1085],[131],1,[1077],[120],[19],[26]
516,[1068],[138],1,[1057],[127],[22],[26]
517,[1046],[150],1,[1032],[135],[30],[30]
518,[1040],[150],1,[1026],[135],[28],[30]
519,[1032],[146],1,[1015],[131],[36],[30]
520,[1015],[135],1,[995],[123],[42],[22]
521,[1018],[127],1,[1004],[116],[30],[22]
522,[1029],[108],1,[1018],[97],[25],[26]
523,[1046],[97],1,[1035],[86],[22],[26]
524,[1054],[86],1,[1043],[71],[22],[30]
525,[1071],[71],1,[1060],[56],[22],[30]
526,[1085],[56],1,[1074],[41],[22],[30]
527,[1110],[37],1,[1094],[26],[36],[26]
528,[1116],[30],1,[1108],[15],[19],[30]
529,[1127],[18],1,[1116],[7],[22],[22]
530,[1141],[7],1,[1130],[0],[25],[18]
531,[0],[0],0,[0],[0],[0],[0]
532,[0],[0],0,[0],[0],[0],[0]
533,[0],[0],0,[0],[0],[0],[0]
534,[0],[0],0,[0],[0],[0],[0]
535,[0],[0],0,[0],[0],[0],[0]
536,[0],[0],0,[0],[0],[0],[0]
537,[0],[0],0,[0],[0],[0],[0]
538,[0],[0],0,[0],[0],[0],[0]
539,[0],[0],0,[0],[0],[0],[0]
540,[0],[0],0,[0],[0],[0],[0]
541,[0],[0],0,[0],[0],[0],[0]
542,[0],[0],0,[0],[0],[0],[0]
543,[0],[0],0,[0],[0],[0],[0]
544,[0],[0],0,[0],[0],[0],[0]
545,[0],[0],0,[0],[0],[0],[0]
546,[0],[0],0,[0],[0],[0],[0]
547,[0],[0],0,[0],[0],[0],[0]
548,[0],[0],0,[0],[0],[0],[0]
549,[0],[0],0,[0],[0],[0],[0]
550,[0],[0],0,[0],[0],[0],[0]
551,[0],[0],0,[0],[0],[0],[0]
552,[0],[0],0,[0],[0],[0],[0]
553,[0],[0],0,[0],[0],[0],[0]
554,[0],[0],0,[0],[0],[0],[0]
555,[0],[0],0,[0],[0],[0],[0]
556,[0],[0],0,[0],[0],[0],[0]
557,[0],[0],0,[0],[0],[0],[0]
558,[0],[0],0,[0],[0],[0],[0]
559,[0],[0],0,[0],[0],[0],[0]
560,[0],[0],0,[0],[0],[0],[0]
561,[0],[0],0,[0],[0],[0],[0]
562,[0],[0],0,[0],[0],[0],[0]
563,[0],[0],0,[0],[0],[0],[0]
564,[0],[0],0,[0],[0],[0],[0]
565,[0],[0],0,[0],[0],[0],[0]
566,[0],[0],0,[0],[0],[0],[0]
567,[0],[0],0,[0],[0],[0],[0]
568,[0],[0],0,[0],[0],[0],[0]
569,[0],[0],0,[0],[0],[0],[0]
570,[0],[0],0,[0],[0],[0],[0]
571,[0],[0],0,[0],[0],[0],[0]
572,[0],[0],0,[0],[0],[0],[0]
573,[0],[0],0,[0],[0],[0],[0]
574,[0],[0],0,[0],[0],[0],[0]
575,[0],[0],0,[0],[0],[0],[0]
576,[0],[0],0,[0],[0],[0],[0]
577,[0],[0],0,[0],[0],[0],[0]
578,[0],[0],0,[0],[0],[0],[0]
579,[0],[0],0,[0],[0],[0],[0]
580,[0],[0],0,[0],[0],[0],[0]
581,[0],[0],0,[0],[0],[0],[0]
582,[0],[0],0,[0],[0],[0],[0]
583,[0],[0],0,[0],[0],[0],[0]
584,[790],[300],1,[784],[292],[11],[18]
585,[790],[300],1,[784],[292],[11],[18]
586,[790],[300],1,[784],[292],[11],[15]
587,[790],[300],1,[784],[296],[11],[11]
588,[790],[300],1,[787],[296],[8],[11]
589,[787],[300],1,[787],[300],[2],[3]
590,[0],[0],0,[0],[0],[0],[0]
591,[0],[0],0,[0],[0],[0],[0]
592,[0],[0],0,[0],[0],[0],[0]
593,[0],[0],0,[0],[0],[0],[0]
594,[0],[0],0,[0],[0],[0],[0]
595,[0],[0],0,[0],[0],[0],[0]
596,[0],[0],0,[0],[0],[0],[0]
597,[0],[0],0,[0],[0],[0],[0]
598,[0],[0],0,[0],[0],[0],[0]
599,[0],[0],0,[0],[0],[0],[0]
600,[0],[0],0,[0],[0],[0],[0]
601,[0],[0],0,[0],[0],[0],[0]
602,[0],[0],0,[0],[0],[0],[0]
603,[0],[0],0,[0],[0],[0],[0]
604,[0],[0],0,[0],[0],[0],[0]
605,[0],[0],0,[0],[0],[0],[0]
606,[0],[0],0,[0],[0],[0],[0]
607,[0],[0],0,[0],[0],[0],[0]
608,[0],[0],0,[0],[0],[0],[0]
609,[0],[0],0,[0],[0],[0],[0]
610,[0],[0],0,[0],[0],[0],[0]
611,[0],[0],0,[0],[0],[0],[0]
612,[0],[0],0,[0],[0],[0],[0]
613,[0],[0],0,[0],[0],[0],[0]
614,[0],[0],0,[0],[0],[0],[0]
615,[0],[0],0,[0],[0],[0],[0]
616,[1392],[33],1,[1386],[26],[14],[15]
617,[1386],[33],1,[1378],[22],[16],[26]
618,[1383],[41],1,[1378],[37],[11],[11]
619,[1397],[63],1,[1395],[60],[8],[7]
620,[0],[0],0,[0],[0],[0],[0]
621,[0],[0],0,[0],[0],[0],[0]
622,[0],[0],0,[0],[0],[0],[0]
623,[0],[0],0,[0],[0],[0],[0]
624,[0],[0],0,[0],[0],[0],[0]
625,[0],[0],0,[0],[0],[0],[0]
626,[0],[0],0,[0],[0],[0],[0]
627,[0],[0],0,[0],[0],[0],[0]
628,[0],[0],0,[0],[0],[0],[0]
629,[0],[0],0,[0],[0],[0],[0]
630,[0],[0],0,[0],[0],[0],[0]
631,[0],[0],0,[0],[0],[0],[0]
632,[0],[0],0,[0],[0],[0],[0]
633,[0],[0],0,[0],[0],[0],[0]
634,[0],[0],0,[0],[0],[0],[0]
635,[0],[0],0,[0],[0],[0],[0]
636,[0],[0],0,[0],[0],[0],[0]
637,[0],[0],0,[0],[0],[0],[0]
638,[0],[0],0,[0],[0],[0],[0]
639,[0],[0],0,[0],[0],[0],[0]
640,[0],[0],0,[0],[0],[0],[0]
641,[0],[0],0,[0],[0],[0],[0]
642,[0],[0],0,[0],[0],[0],[0]
643,[0],[0],0,[0],[0],[0],[0]
644,[0],[0],0,[0],[0],[0],[0]
645,[0],[0],0,[0],[0],[0],[0]
646,[0],[0],0,[0],[0],[0],[0]
647,[0],[0],0,[0],[0],[0],[0]
648,[0],[0],0,[0],[0],[0],[0]
649,[0],[0],0,[0],[0],[0],[0]
650,[0],[0],0,[0],[0],[0],[0]
651,[0],[0],0,[0],[0],[0],[0]
652,[0],[0],0,[0],[0],[0],[0]
653,[0],[0],0,[0],[0],[0],[0]
654,[0],[0],0,[0],[0],[0],[0]
655,[0],[0],0,[0],[0],[0],[0]
656,[0],[0],0,[0],[0],[0],[0]
657,[0],[0],0,[0],[0],[0],[0]
658,[0],[0],0,[0],[0],[0],[0]
659,[0],[0],0,[0],[0],[0],[0]
660,[0],[0],0,[0],[0],[0],[0]
661,[0],[0],0,[0],[0],[0],[0]
662,[0],[0],0,[0],[0],[0],[0]
663,[0],[0],0,[0],[0],[0],[0]
664,[1316],[127],1,[1305],[116],[22],[22]
665,[1296],[131],1,[1288],[120],[16],[22]
666,[1265],[135],1,[1257],[123],[16],[22]
667,[1245],[138],1,[1234],[127],[22],[22]
668,[1220],[142],1,[1209],[131],[25],[22]
669,[1192],[150],1,[1184],[138],[19],[22]
670,[1170],[153],1,[1155],[146],[28],[18]
671,[1155],[161],1,[1144],[150],[22],[26]
672,[1136],[168],1,[1125],[157],[22],[26]
673,[1119],[176],1,[1108],[165],[22],[26]
674,[1099],[183],1,[1091],[172],[19],[22]
675,[1085],[187],1,[1080],[176],[14],[22]
676,[0],[0],0,[0],[0],[0],[0]
677,[0],[0],0,[0],[0],[0],[0]
678,[1060],[183],1,[1054],[176],[14],[18]
679,[1054],[172],1,[1043],[161],[22],[26]
680,[1051],[172],1,[1040],[157],[22],[33]
681,[1063, 1043],[153, 183],1,[1057, 1040],[146, 180],[14, 8],[15, 11]
682,[1040, 1068],[195, 142],1,[1032, 1063],[183, 135],[16, 14],[22, 15]
683,[1037, 1074],[198, 138],1,[1026, 1071],[187, 131],[22, 8],[26, 15]
684,[1032],[210],1,[1023],[195],[19],[30]
685,[1029],[210],1,[1020],[198],[19],[26]
686,[1026],[210],1,[1018],[198],[16],[22]
687,[1026],[206],1,[1018],[195],[16],[26]
688,[1020],[206],1,[1009],[191],[25],[30]
689,[1020],[206],1,[1009],[191],[22],[30]
690,[1018],[206],1,[1006],[191],[22],[30]
691,[1015],[206],1,[1006],[195],[19],[26]
692,[1012],[210],1,[1004],[198],[19],[26]
693,[1009],[213],1,[1001],[202],[19],[26]
694,[1006],[217],1,[995],[210],[22],[18]
695,[1018],[225],1,[1015],[225],[5],[3]
696,[0],[0],0,[0],[0],[0],[0]
697,[0],[0],0,[0],[0],[0],[0]
698,[0],[0],0,[0],[0],[0],[0]
699,[0],[0],0,[0],[0],[0],[0]
700,[0],[0],0,[0],[0],[0],[0]
701,[0],[0],0,[0],[0],[0],[0]
702,[0],[0],0,[0],[0],[0],[0]
703,[0],[0],0,[0],[0],[0],[0]
704,[689],[93],1,[683],[86],[11],[15]
705,[686],[97],1,[683],[97],[8],[3]
706,[686],[105],1,[680],[101],[11],[7]
707,[686],[108],1,[680],[101],[11],[15]
708,[686],[112],1,[683],[112],[5],[3]
709,[0],[0],0,[0],[0],[0],[0]
710,[0],[0],0,[0],[0],[0],[0]
711,[0],[0],0,[0],[0],[0],[0]
712,[0],[0],0,[0],[0],[0],[0]
713,[0],[0],0,[0],[0],[0],[0]
714,[1023],[251],1,[1023],[251],[2],[3]
715,[1026],[255],1,[1023],[247],[5],[15]
716,[1032],[255],1,[1023],[243],[16],[26]
717,[1035],[258],1,[1026],[247],[19],[22]
718,[1035],[258],1,[1026],[247],[19],[22]
719,[1037],[255],1,[1026],[243],[22],[26]
720,[1035],[258],1,[1023],[243],[25],[30]
721,[1037],[258],1,[1026],[247],[22],[26]
722,[1040],[258],1,[1029],[247],[22],[26]
723,[1040],[258],1,[1032],[247],[19],[26]
724,[1043],[262],1,[1035],[251],[19],[26]
725,[1046],[262],1,[1040],[255],[14],[18]
726,[1051],[266],1,[1046],[258],[11],[15]
727,[1051],[266],1,[1046],[258],[14],[18]
728,[1063],[270],1,[1049],[255],[28],[33]
729,[1063],[273],1,[1051],[258],[25],[30]
730,[1063],[273],1,[1051],[258],[25],[30]
731,[1065],[273],1,[1054],[262],[22],[22]
732,[1065],[273],1,[1060],[262],[14],[22]
733,[0],[0],0,[0],[0],[0],[0]
734,[0],[0],0,[0],[0],[0],[0]
735,[0],[0],0,[0],[0],[0],[0]
736,[0],[0],0,[0],[0],[0],[0]
737,[0],[0],0,[0],[0],[0],[0]
738,[0],[0],0,[0],[0],[0],[0]
739,[0],[0],0,[0],[0],[0],[0]
740,[0],[0],0,[0],[0],[0],[0]
741,[0],[0],0,[0],[0],[0],[0]
742,[0],[0],0,[0],[0],[0],[0]
743,[0],[0],0,[0],[0],[0],[0]
744,[1108],[288],1,[1096],[277],[25],[26]
745,[1113],[288],1,[1102],[277],[22],[26]
746,[1116],[288],1,[1105],[281],[25],[18]
747,[1125],[288],1,[1116],[281],[16],[18]
748,[1127],[288],1,[1119],[281],[16],[18]
749,[1127],[292],1,[1119],[285],[16],[18]
750,[1127],[292],1,[1122],[285],[14],[18]
751,[1127],[292],1,[1122],[285],[14],[18]
752,[1141],[296],1,[1127],[285],[30],[26]
753,[1144],[300],1,[1130],[288],[28],[22]
754,[1147],[300],1,[1136],[288],[22],[22]
755,[1150],[300],1,[1139],[288],[22],[22]
756,[1153],[300],1,[1141],[292],[22],[18]
757,[1153],[300],1,[1144],[292],[19],[18]
758,[1158],[303],1,[1150],[296],[16],[15]
759,[1158],[303],1,[1150],[296],[16],[18]
760,[1164],[303],1,[1153],[292],[25],[26]
761,[1167],[307],1,[1155],[296],[25],[22]
762,[1172],[307],1,[1161],[296],[22],[22]
763,[1172],[307],1,[1164],[296],[19],[22]
764,[1175],[307],1,[1170],[300],[14],[18]
765,[1178, 1175],[303, 311],1,[1172, 1172],[303, 311],[11, 8],[3, 3]
766,[0],[0],0,[0],[0],[0],[0]
767,[0],[0],0,[0],[0],[0],[0]
768,[1192],[315],1,[1181],[300],[22],[30]
769,[1192],[315],1,[1184],[300],[19],[30]
770,[1195],[315],1,[1186],[300],[19],[30]
771,[1198],[315],1,[1186],[303],[22],[26]
772,[1200],[318],1,[1189],[307],[22],[22]
773,[1203],[318],1,[1192],[307],[22],[22]
774,[1209],[322],1,[1200],[311],[16],[22]
775,[1212],[322],1,[1203],[311],[19],[26]
776,[1217],[326],1,[1206],[311],[22],[33]
777,[1220],[326],1,[1209],[311],[22],[33]
778,[1223],[330],1,[1212],[315],[22],[30]
779,[1226],[330],1,[1215],[318],[22],[22]
780,[1229],[330],1,[1220],[318],[19],[26]
781,[1234],[333],1,[1223],[322],[22],[22]
782,[1237],[333],1,[1229],[322],[16],[22]
783,[1237],[333],1,[1229],[322],[19],[26]
784,[1243],[333],1,[1231],[322],[22],[26]
785,[1243],[333],1,[1231],[322],[22],[26]
786,[1248],[337],1,[1243],[330],[11],[15]
787,[0],[0],0,[0],[0],[0],[0]
788,[0],[0],0,[0],[0],[0],[0]
789,[0],[0],0,[0],[0],[0],[0]
790,[0],[0],0,[0],[0],[0],[0]
791,[0],[0],0,[0],[0],[0],[0]
792,[0],[0],0,[0],[0],[0],[0]
793,[0],[0],0,[0],[0],[0],[0]
794,[0],[0],0,[0],[0],[0],[0]
795,[0],[0],0,[0],[0],[0],[0]
796,[0],[0],0,[0],[0],[0],[0]
797,[0],[0],0,[0],[0],[0],[0]
798,[0],[0],0,[0],[0],[0],[0]
799,[0],[0],0,[0],[0],[0],[0]
800,[1305],[360],1,[1293],[348],[25],[22]
801,[1307],[360],1,[1293],[348],[28],[22]
802,[1307],[360],1,[1296],[348],[25],[22]
803,[1310],[360],1,[1302],[352],[19],[18]
804,[1313],[360],1,[1305],[352],[16],[18]
805,[1313, 1310],[356, 363],1,[1310, 1310],[356, 363],[8, 2],[3, 3]
806,[0],[0],0,[0],[0],[0],[0]
807,[0],[0],0,[0],[0],[0],[0]
808,[1324, 1319],[371, 367],1,[1324, 1319],[371, 367],[2, 2],[3, 3]
809,[0],[0],0,[0],[0],[0],[0]
810,[0],[0],0,[0],[0],[0],[0]
811,[0],[0],0,[0],[0],[0],[0]
812,[0],[0],0,[0],[0],[0],[0]
813,[0],[0],0,[0],[0],[0],[0]
814,[0],[0],0,[0],[0],[0],[0]
815,[0],[0],0,[0],[0],[0],[0]
816,[1361],[378],1,[1347],[367],[30],[22]
817,[1366],[378],1,[1352],[371],[28],[18]
818,[1375],[382],1,[1366],[375],[16],[18]
819,[1378],[382],1,[1372],[375],[11],[15]
820,[1378],[382],1,[1375],[378],[5],[11]
821,[0],[0],0,[0],[0],[0],[0]
822,[0],[0],0,[0],[0],[0],[0]
823,[0],[0],0,[0],[0],[0],[0]
824,[1392],[393],1,[1383],[386],[16],[18]
825,[1395],[393],1,[1392],[390],[8],[11]
826,[0],[0],0,[0],[0],[0],[0]
827,[0],[0],0,[0],[0],[0],[0]
828,[0],[0],0,[0],[0],[0],[0]
829,[0],[0],0,[0],[0],[0],[0]
830,[0],[0],0,[0],[0],[0],[0]
831,[0],[0],0,[0],[0],[0],[0]
832,[0],[0],0,[0],[0],[0],[0]
833,[0],[0],0,[0],[0],[0],[0]
834,[0],[0],0,[0],[0],[0],[0]
835,[0],[0],0,[0],[0],[0],[0]
836,[0],[0],0,[0],[0],[0],[0]
837,[0],[0],0,[0],[0],[0],[0]
838,[0],[0],0,[0],[0],[0],[0]
839,[0],[0],0,[0],[0],[0],[0]
840,[0],[0],0,[0],[0],[0],[0]
841,[0],[0],0,[0],[0],[0],[0]
842,[0],[0],0,[0],[0],[0],[0]
843,[0],[0],0,[0],[0],[0],[0]
844,[0],[0],0,[0],[0],[0],[0]
845,[0],[0],0,[0],[0],[0],[0]
846,[0],[0],0,[0],[0],[0],[0]
847,[0],[0],0,[0],[0],[0],[0]
848,[0],[0],0,[0],[0],[0],[0]
849,[0],[0],0,[0],[0],[0],[0]
850,[0],[0],0,[0],[0],[0],[0]
851,[0],[0],0,[0],[0],[0],[0]
852,[0],[0],0,[0],[0],[0],[0]
853,[0],[0],0,[0],[0],[0],[0]
854,[0],[0],0,[0],[0],[0],[0]
855,[0],[0],0,[0],[0],[0],[0]
856,[0],[0],0,[0],[0],[0],[0]
857,[0],[0],0,[0],[0],[0],[0]
858,[0],[0],0,[0],[0],[0],[0]
859,[0],[0],0,[0],[0],[0],[0]
860,[0],[0],0,[0],[0],[0],[0]
861,[0],[0],0,[0],[0],[0],[0]
862,[0],[0],0,[0],[0],[0],[0]
863,[0],[0],0,[0],[0],[0],[0]
864,[0],[0],0,[0],[0],[0],[0]
865,[0],[0],0,[0],[0],[0],[0]
866,[0],[0],0,[0],[0],[0],[0]
867,[0],[0],0,[0],[0],[0],[0]
868,[0],[0],0,[0],[0],[0],[0]
869,[0],[0],0,[0],[0],[0],[0]
870,[0],[0],0,[0],[0],[0],[0]
871,[0],[0],0,[0],[0],[0],[0]
872,[0],[0],0,[0],[0],[0],[0]
873,[0],[0],0,[0],[0],[0],[0]
874,[0],[0],0,[0],[0],[0],[0]
875,[0],[0],0,[0],[0],[0],[0]
876,[0],[0],0,[0],[0],[0],[0]
877,[0],[0],0,[0],[0],[0],[0]
878,[0],[0],0,[0],[0],[0],[0]
879,[0],[0],0,[0],[0],[0],[0]
880,[0],[0],0,[0],[0],[0],[0]
881,[0],[0],0,[0],[0],[0],[0]
882,[0],[0],0,[0],[0],[0],[0]
883,[0],[0],0,[0],[0],[0],[0]
884,[0],[0],0,[0],[0],[0],[0]
885,[0],[0],0,[0],[0],[0],[0]
886,[0],[0],0,[0],[0],[0],[0]
887,[0],[0],0,[0],[0],[0],[0]
888,[0],[0],0,[0],[0],[0],[0]
889,[0],[0],0,[0],[0],[0],[0]
890,[0],[0],0,[0],[0],[0],[0]
891,[0],[0],0,[0],[0],[0],[0]
892,[0],[0],0,[0],[0],[0],[0]
893,[0],[0],0,[0],[0],[0],[0]
894,[0],[0],0,[0],[0],[0],[0]
895,[0],[0],0,[0],[0],[0],[0]
896,[118],[401],1,[109],[393],[19],[18]
897,[120],[393],1,[112],[386],[16],[18]
898,[120],[390],1,[115],[382],[14],[18]
899,[151],[390],1,[151],[390],[2],[3]
900,[151],[390],1,[146],[382],[14],[18]
901,[157],[390],1,[149],[382],[16],[18]
902,[160],[390],1,[151],[382],[16],[18]
903,[160],[390],1,[151],[378],[19],[22]
904,[0],[0],0,[0],[0],[0],[0]
905,[0],[0],0,[0],[0],[0],[0]
906,[0],[0],0,[0],[0],[0],[0]
907,[0],[0],0,[0],[0],[0],[0]
908,[0],[0],0,[0],[0],[0],[0]
909,[0],[0],0,[0],[0],[0],[0]
910,[0],[0],0,[0],[0],[0],[0]
911,[0],[0],0,[0],[0],[0],[0]
912,[0],[0],0,[0],[0],[0],[0]
913,[0],[0],0,[0],[0],[0],[0]
914,[0],[0],0,[0],[0],[0],[0]
915,[0],[0],0,[0],[0],[0],[0]
916,[0],[0],0,[0],[0],[0],[0]
917,[0],[0],0,[0],[0],[0],[0]
918,[0],[0],0,[0],[0],[0],[0]
919,[0],[0],0,[0],[0],[0],[0]
920,[185],[356],1,[180],[348],[11],[15]
921,[0],[0],0,[0],[0],[0],[0]
922,[182],[318],1,[177],[311],[11],[15]
923,[177],[307],1,[168],[296],[19],[22]
924,[174],[296],1,[165],[285],[19],[26]
925,[171],[281],1,[165],[266],[14],[30]
926,[171],[266],1,[163],[255],[16],[26]
927,[171],[258],1,[163],[247],[16],[22]
928,[0],[0],0,[0],[0],[0],[0]
929,[0],[0],0,[0],[0],[0],[0]
930,[0],[0],0,[0],[0],[0],[0]
931,[0],[0],0,[0],[0],[0],[0]
932,[0],[0],0,[0],[0],[0],[0]
933,[0],[0],0,[0],[0],[0],[0]
934,[0],[0],0,[0],[0],[0],[0]
935,[0],[0],0,[0],[0],[0],[0]
936,[0],[0],0,[0],[0],[0],[0]
937,[0],[0],0,[0],[0],[0],[0]
938,[0],[0],0,[0],[0],[0],[0]
939,[0],[0],0,[0],[0],[0],[0]
940,[0],[0],0,[0],[0],[0],[0]
941,[0],[0],0,[0],[0],[0],[0]
942,[0],[0],0,[0],[0],[0],[0]
943,[0],[0],0,[0],[0],[0],[0]
944,[0],[0],0,[0],[0],[0],[0]
945,[0],[0],0,[0],[0],[0],[0]
946,[0],[0],0,[0],[0],[0],[0]
947,[0],[0],0,[0],[0],[0],[0]
948,[0],[0],0,[0],[0],[0],[0]
949,[0],[0],0,[0],[0],[0],[0]
950,[0],[0],0,[0],[0],[0],[0]
951,[0],[0],0,[0],[0],[0],[0]
952,[0],[0],0,[0],[0],[0],[0]
953,[0],[0],0,[0],[0],[0],[0]
954,[0],[0],0,[0],[0],[0],[0]
955,[0],[0],0,[0],[0],[0],[0]
956,[0],[0],0,[0],[0],[0],[0]
957,[0],[0],0,[0],[0],[0],[0]
958,[0],[0],0,[0],[0],[0],[0]
959,[0],[0],0,[0],[0],[0],[0]
960,[0],[0],0,[0],[0],[0],[0]
961,[0],[0],0,[0],[0],[0],[0]
962,[0],[0],0,[0],[0],[0],[0]
963,[0],[0],0,[0],[0],[0],[0]
964,[0],[0],0,[0],[0],[0],[0]
965,[0],[0],0,[0],[0],[0],[0]
966,[0],[0],0,[0],[0],[0],[0]
967,[0],[0],0,[0],[0],[0],[0]
968,[0],[0],0,[0],[0],[0],[0]
969,[0],[0],0,[0],[0],[0],[0]
970,[0],[0],0,[0],[0],[0],[0]
971,[0],[0],0,[0],[0],[0],[0]
972,[0],[0],0,[0],[0],[0],[0]
973,[0],[0],0,[0],[0],[0],[0]
974,[0],[0],0,[0],[0],[0],[0]
975,[0],[0],0,[0],[0],[0],[0]
976,[0],[0],0,[0],[0],[0],[0]
977,[0],[0],0,[0],[0],[0],[0]
978,[0],[0],0,[0],[0],[0],[0]
979,[0],[0],0,[0],[0],[0],[0]
980,[0],[0],0,[0],[0],[0],[0]
981,[0],[0],0,[0],[0],[0],[0]
982,[0],[0],0,[0],[0],[0],[0]
983,[0],[0],0,[0],[0],[0],[0]
984,[0],[0],0,[0],[0],[0],[0]
985,[0],[0],0,[0],[0],[0],[0]
986,[0],[0],0,[0],[0],[0],[0]
987,[0],[0],0,[0],[0],[0],[0]
988,[0],[0],0,[0],[0],[0],[0]
989,[0],[0],0,[0],[0],[0],[0]
990,[0],[0],0,[0],[0],[0],[0]
991,[0],[0],0,[0],[0],[0],[0]
992,[0],[0],0,[0],[0],[0],[0]
993,[0],[0],0,[0],[0],[0],[0]
994,[0],[0],0,[0],[0],[0],[0]
995,[0],[0],0,[0],[0],[0],[0]
996,[0],[0],0,[0],[0],[0],[0]
997,[0],[0],0,[0],[0],[0],[0]
998,[0],[0],0,[0],[0],[0],[0]
999,[0],[0],0,[0],[0],[0],[0]
1000,[0],[0],0,[0],[0],[0],[0]
1001,[0],[0],0,[0],[0],[0],[0]
1002,[0],[0],0,[0],[0],[0],[0]
1003,[0],[0],0,[0],[0],[0],[0]
1004,[0],[0],0,[0],[0],[0],[0]
1005,[0],[0],0,[0],[0],[0],[0]
1006,[0],[0],0,[0],[0],[0],[0]
1007,[0],[0],0,[0],[0],[0],[0]
1008,[0],[0],0,[0],[0],[0],[0]
1009,[0],[0],0,[0],[0],[0],[0]
1010,[0],[0],0,[0],[0],[0],[0]
1011,[0],[0],0,[0],[0],[0],[0]
1012,[0],[0],0,[0],[0],[0],[0]
1013,[0],[0],0,[0],[0],[0],[0]
1014,[0],[0],0,[0],[0],[0],[0]
1015,[0],[0],0,[0],[0],[0],[0]
1016,[0],[0],0,[0],[0],[0],[0]
1017,[0],[0],0,[0],[0],[0],[0]
1018,[0],[0],0,[0],[0],[0],[0]
1019,[0],[0],0,[0],[0],[0],[0]
1020,[0],[0],0,[0],[0],[0],[0]
1021,[0],[0],0,[0],[0],[0],[0]
1022,[0],[0],0,[0],[0],[0],[0]
1023,[0],[0],0,[0],[0],[0],[0]
1024,[0],[0],0,[0],[0],[0],[0]
1025,[0],[0],0,[0],[0],[0],[0]
1026,[0],[0],0,[0],[0],[0],[0]
1027,[0],[0],0,[0],[0],[0],[0]
1028,[0],[0],0,[0],[0],[0],[0]
1029,[0],[0],0,[0],[0],[0],[0]
1030,[0],[0],0,[0],[0],[0],[0]
1031,[0],[0],0,[0],[0],[0],[0]
1032,[0],[0],0,[0],[0],[0],[0]
1033,[0],[0],0,[0],[0],[0],[0]
1034,[0],[0],0,[0],[0],[0],[0]
1035,[0],[0],0,[0],[0],[0],[0]
1036,[0],[0],0,[0],[0],[0],[0]
1037,[1378],[116],1,[1378],[116],[2],[3]
1038,[0],[0],0,[0],[0],[0],[0]
1039,[0],[0],0,[0],[0],[0],[0]
1040,[0],[0],0,[0],[0],[0],[0]
1041,[0],[0],0,[0],[0],[0],[0]
1042,[0],[0],0,[0],[0],[0],[0]
1043,[0],[0],0,[0],[0],[0],[0]
1044,[0],[0],0,[0],[0],[0],[0]
1045,[0],[0],0,[0],[0],[0],[0]
1046,[0],[0],0,[0],[0],[0],[0]
1047,[0],[0],0,[0],[0],[0],[0]
1048,[1077],[142],1,[1071],[135],[11],[18]
1049,[0],[0],0,[0],[0],[0],[0]
1050,[0],[0],0,[0],[0],[0],[0]
1051,[0],[0],0,[0],[0],[0],[0]
1052,[0],[0],0,[0],[0],[0],[0]
1053,[0],[0],0,[0],[0],[0],[0]
1054,[0],[0],0,[0],[0],[0],[0]
1055,[0],[0],0,[0],[0],[0],[0]
1056,[0],[0],0,[0],[0],[0],[0]
1057,[0],[0],0,[0],[0],[0],[0]
1058,[0],[0],0,[0],[0],[0],[0]
1059,[0],[0],0,[0],[0],[0],[0]
1060,[0],[0],0,[0],[0],[0],[0]
1061,[0],[0],0,[0],[0],[0],[0]
1062,[0],[0],0,[0],[0],[0],[0]
1063,[0],[0],0,[0],[0],[0],[0]
1064,[0],[0],0,[0],[0],[0],[0]
1065,[0],[0],0,[0],[0],[0],[0]
1066,[0],[0],0,[0],[0],[0],[0]
1067,[0],[0],0,[0],[0],[0],[0]
1068,[0],[0],0,[0],[0],[0],[0]
1069,[0],[0],0,[0],[0],[0],[0]
1070,[0],[0],0,[0],[0],[0],[0]
1071,[0],[0],0,[0],[0],[0],[0]
1072,[1029],[161],1,[1023],[157],[11],[7]
1073,[1023, 1321],[157, 123],1,[1015, 1319],[150, 116],[16, 8],[15, 15]
1074,[1029],[153],1,[1023],[146],[14],[15]
1075,[0],[0],0,[0],[0],[0],[0]
1076,[0],[0],0,[0],[0],[0],[0]
1077,[0],[0],0,[0],[0],[0],[0]
1078,[0],[0],0,[0],[0],[0],[0]
1079,[0],[0],0,[0],[0],[0],[0]
1080,[0],[0],0,[0],[0],[0],[0]
1081,[0],[0],0,[0],[0],[0],[0]
1082,[0],[0],0,[0],[0],[0],[0]
1083,[0],[0],0,[0],[0],[0],[0]
1084,[0],[0],0,[0],[0],[0],[0]
1085,[0],[0],0,[0],[0],[0],[0]
1086,[0],[0],0,[0],[0],[0],[0]
1087,[1366],[157],1,[1355],[150],[22],[18]
1088,[1361],[153],1,[1350],[142],[22],[22]
1089,[1347],[142],1,[1338],[127],[19],[30]
1090,[1333],[131],1,[1324],[120],[19],[26]
1091,[1316],[127],1,[1305],[116],[22],[22]
1092,[1302],[123],1,[1293],[112],[19],[22]
1093,[1290, 1077],[123, 146],1,[1279, 1074],[112, 142],[22, 8],[22, 11]
1094,[1276],[120],1,[1265],[108],[22],[26]
1095,[1265],[120],1,[1254],[108],[25],[26]
1096,[1257, 1217],[123, 157],1,[1245, 1217],[112, 157],[22, 2],[22, 3]
1097,[1240],[123],1,[1229],[112],[22],[22]
1098,[1226],[135],1,[1212],[116],[28],[37]
1099,[1217],[138],1,[1206],[120],[25],[37]
1100,[1209],[142],1,[1195],[127],[30],[30]
1101,[1203],[138],1,[1186],[127],[33],[26]
1102,[1195],[142],1,[1181],[131],[28],[26]
1103,[1192],[142],1,[1175],[131],[33],[26]
1104,[1181],[135],1,[1172],[123],[19],[26]
1105,[1172],[127],1,[1158],[116],[30],[26]
1106,[1170],[120],1,[1158],[112],[25],[18]
1107,[1172],[112],1,[1164],[101],[19],[26]
1108,[1175],[108],1,[1164],[97],[22],[22]
1109,[1181],[97],1,[1172],[90],[19],[18]
1110,[1192],[86],1,[1181],[75],[22],[22]
1111,[1203],[67],1,[1192],[56],[22],[26]
1112,[1212],[56],1,[1200],[45],[25],[26]
1113,[1226],[41],1,[1217],[30],[16],[26]
1114,[1231],[26],1,[1223],[15],[16],[26]
1115,[1243],[18],1,[1231],[7],[22],[22]
1116,[1254],[11],1,[1245],[0],[19],[22]
1117,[0],[0],0,[0],[0],[0],[0]
1118,[0],[0],0,[0],[0],[0],[0]
1119,[0],[0],0,[0],[0],[0],[0]
1120,[0],[0],0,[0],[0],[0],[0]
1121,[0],[0],0,[0],[0],[0],[0]
1122,[0],[0],0,[0],[0],[0],[0]
1123,[0],[0],0,[0],[0],[0],[0]
1124,[0],[0],0,[0],[0],[0],[0]
1125,[0],[0],0,[0],[0],[0],[0]
1126,[0],[0],0,[0],[0],[0],[0]
1127,[0],[0],0,[0],[0],[0],[0]
1128,[0],[0],0,[0],[0],[0],[0]
1129,[0],[0],0,[0],[0],[0],[0]
1130,[0],[0],0,[0],[0],[0],[0]
1131,[0],[0],0,[0],[0],[0],[0]
1132,[0],[0],0,[0],[0],[0],[0]
1133,[0],[0],0,[0],[0],[0],[0]
1134,[0],[0],0,[0],[0],[0],[0]
1135,[0],[0],0,[0],[0],[0],[0]
1136,[0],[0],0,[0],[0],[0],[0]
1137,[0],[0],0,[0],[0],[0],[0]
1138,[0],[0],0,[0],[0],[0],[0]
1139,[0],[0],0,[0],[0],[0],[0]
1140,[0],[0],0,[0],[0],[0],[0]
1141,[0],[0],0,[0],[0],[0],[0]
1142,[0],[0],0,[0],[0],[0],[0]
1143,[0],[0],0,[0],[0],[0],[0]
1144,[0],[0],0,[0],[0],[0],[0]
1145,[0],[0],0,[0],[0],[0],[0]
1146,[0],[0],0,[0],[0],[0],[0]
1147,[0],[0],0,[0],[0],[0],[0]
1148,[0],[0],0,[0],[0],[0],[0]
1149,[0],[0],0,[0],[0],[0],[0]
1150,[0],[0],0,[0],[0],[0],[0]
1151,[0],[0],0,[0],[0],[0],[0]
1152,[0],[0],0,[0],[0],[0],[0]
1153,[0],[0],0,[0],[0],[0],[0]
1154,[0],[0],0,[0],[0],[0],[0]
1155,[0],[0],0,[0],[0],[0],[0]
1156,[0],[0],0,[0],[0],[0],[0]
1157,[0],[0],0,[0],[0],[0],[0]
1158,[0],[0],0,[0],[0],[0],[0]
1159,[0],[0],0,[0],[0],[0],[0]
1160,[0],[0],0,[0],[0],[0],[0]
1161,[0],[0],0,[0],[0],[0],[0]
1162,[0],[0],0,[0],[0],[0],[0]
1163,[0],[0],0,[0],[0],[0],[0]
1164,[0],[0],0,[0],[0],[0],[0]
1165,[0],[0],0,[0],[0],[0],[0]
1166,[0],[0],0,[0],[0],[0],[0]
1167,[0],[0],0,[0],[0],[0],[0]
1168,[0],[0],0,[0],[0],[0],[0]
1169,[0],[0],0,[0],[0],[0],[0]
1170,[0],[0],0,[0],[0],[0],[0]
1171,[0],[0],0,[0],[0],[0],[0]
1172,[0],[0],0,[0],[0],[0],[0]
1173,[0],[0],0,[0],[0],[0],[0]
1174,[0],[0],0,[0],[0],[0],[0]
1175,[0],[0],0,[0],[0],[0],[0]
1176,[0],[0],0,[0],[0],[0],[0]
1177,[0],[0],0,[0],[0],[0],[0]
1178,[0],[0],0,[0],[0],[0],[0]
1179,[700],[922],1,[694],[911],[14],[22]
1180,[0],[0],0,[0],[0],[0],[0]
1181,[711],[885],1,[708],[885],[5],[3]
1182,[0],[0],0,[0],[0],[0],[0]
1183,[711],[873],1,[711],[873],[2],[3]
1184,[0],[0],0,[0],[0],[0],[0]
1185,[0],[0],0,[0],[0],[0],[0]
1186,[0],[0],0,[0],[0],[0],[0]
1187,[0],[0],0,[0],[0],[0],[0]
1188,[0],[0],0,[0],[0],[0],[0]
1189,[0],[0],0,[0],[0],[0],[0]
1190,[0],[0],0,[0],[0],[0],[0]
1191,[0],[0],0,[0],[0],[0],[0]
1192,[0],[0],0,[0],[0],[0],[0]
1193,[1420],[67],1,[1420],[67],[2],[3]
1194,[1397],[67],1,[1392],[63],[11],[11]
1195,[0],[0],0,[0],[0],[0],[0]
1196,[0],[0],0,[0],[0],[0],[0]
1197,[1338],[75],1,[1330],[67],[19],[18]
1198,[1319],[75],1,[1305],[67],[28],[18]
1199,[1299],[75],1,[1285],[63],[30],[22]
1200,[1274],[78],1,[1268],[71],[14],[15]
1201,[1279],[71],1,[1274],[67],[11],[11]
1202,[1285],[60],1,[1276],[52],[16],[18]
1203,[1293],[48],1,[1285],[37],[19],[22]
1204,[1307],[37],1,[1296],[26],[25],[26]
1205,[1316],[30],1,[1307],[18],[19],[26]
1206,[1321],[18],1,[1313],[7],[19],[26]
1207,[1333],[15],1,[1319],[3],[28],[26]
1208,[1338],[7],1,[1333],[0],[14],[18]
1209,[0],[0],0,[0],[0],[0],[0]
1210,[0],[0],0,[0],[0],[0],[0]
1211,[0],[0],0,[0],[0],[0],[0]
1212,[0],[0],0,[0],[0],[0],[0]
1213,[0],[0],0,[0],[0],[0],[0]
1214,[0],[0],0,[0],[0],[0],[0]
1215,[0],[0],0,[0],[0],[0],[0]
1216,[0],[0],0,[0],[0],[0],[0]
1217,[0],[0],0,[0],[0],[0],[0]
1218,[0],[0],0,[0],[0],[0],[0]
1219,[0],[0],0,[0],[0],[0],[0]
1220,[0],[0],0,[0],[0],[0],[0]
1221,[0],[0],0,[0],[0],[0],[0]
1222,[0],[0],0,[0],[0],[0],[0]
1223,[0],[0],0,[0],[0],[0],[0]
1224,[0],[0],0,[0],[0],[0],[0]
1225,[0],[0],0,[0],[0],[0],[0]
1226,[0],[0],0,[0],[0],[0],[0]
1227,[0],[0],0,[0],[0],[0],[0]
1228,[1423],[112],1,[1414],[101],[16],[22]
1229,[1386],[131],1,[1378],[120],[19],[22]
1230,[1302],[157],1,[1288],[150],[28],[18]
1231,[1262],[165],1,[1260],[161],[8],[11]
1232,[1195],[191],1,[1184],[180],[22],[22]
1233,[1178, 1139],[198, 210],1,[1172, 1139],[187, 210],[14, 2],[22, 3]
1234,[1139],[198],1,[1130],[187],[19],[26]
1235,[1130],[180],1,[1122],[165],[19],[30]
1236,[1116],[157],1,[1105],[146],[22],[22]
1237,[1096],[146],1,[1085],[135],[22],[26]
1238,[1082],[131],1,[1074],[120],[19],[26]
1239,[1071],[120],1,[1060],[108],[22],[26]
1240,[1063],[116],1,[1043],[97],[39],[37]
1241,[1046],[97],1,[1037],[82],[19],[30]
1242,[1032],[90],1,[1020],[78],[22],[22]
1243,[1023],[82],1,[1012],[71],[22],[26]
1244,[1006],[78],1,[987],[67],[39],[22]
1245,[995],[75],1,[984],[63],[22],[22]
1246,[995],[67],1,[987],[56],[16],[22]
1247,[998],[56],1,[990],[45],[19],[22]
1248,[1004],[41],1,[995],[30],[19],[26]
1249,[1006],[30],1,[998],[18],[19],[22]
1250,[1009],[18],1,[998],[7],[22],[22]
1251,[1015],[7],1,[1006],[0],[19],[18]
1252,[1026],[7],1,[1018],[0],[19],[15]
1253,[0],[0],0,[0],[0],[0],[0]
1254,[0],[0],0,[0],[0],[0],[0]
1255,[1060],[93],1,[1049],[82],[22],[22]
1256,[0],[0],0,[0],[0],[0],[0]
1257,[0],[0],0,[0],[0],[0],[0]
1258,[0],[0],0,[0],[0],[0],[0]
1259,[0],[0],0,[0],[0],[0],[0]
1260,[0],[0],0,[0],[0],[0],[0]
1261,[0],[0],0,[0],[0],[0],[0]
1262,[0],[0],0,[0],[0],[0],[0]
1263,[0],[0],0,[0],[0],[0],[0]
1264,[0],[0],0,[0],[0],[0],[0]
1265,[0],[0],0,[0],[0],[0],[0]
1266,[0],[0],0,[0],[0],[0],[0]
1267,[0],[0],0,[0],[0],[0],[0]
1268,[0],[0],0,[0],[0],[0],[0]
1269,[0],[0],0,[0],[0],[0],[0]
1270,[0],[0],0,[0],[0],[0],[0]
1271,[0],[0],0,[0],[0],[0],[0]
1272,[0],[0],0,[0],[0],[0],[0]
1273,[0],[0],0,[0],[0],[0],[0]
1274,[0],[0],0,[0],[0],[0],[0]
1275,[0],[0],0,[0],[0],[0],[0]
1276,[0],[0],0,[0],[0],[0],[0]
1277,[1133],[11],1,[1125],[0],[19],[22]
1278,[1133],[18],1,[1125],[7],[19],[26]
1279,[1133, 1268],[30, 318],1,[1125, 1260],[18, 307],[19, 16],[26, 22]
1280,[1139],[45],1,[1130],[33],[19],[26]
1281,[1141],[63],1,[1133],[52],[16],[22]
1282,[1141],[78],1,[1133],[67],[16],[22]
1283,[1144],[101],1,[1136],[90],[16],[26]
1284,[1144],[120],1,[1136],[108],[16],[22]
1285,[1144],[138],1,[1136],[127],[16],[22]
1286,[1144],[157],1,[1136],[146],[16],[26]
1287,[1144],[180],1,[1136],[172],[19],[18]
1288,[1144],[206],1,[1136],[191],[16],[30]
1289,[1144],[221],1,[1136],[210],[19],[26]
1290,[1144],[255],1,[1136],[240],[19],[33]
1291,[1150],[281],1,[1139],[266],[22],[33]
1292,[1150],[281],1,[1141],[266],[19],[30]
1293,[1150],[266],1,[1141],[251],[19],[30]
1294,[1153, 1414],[255, 731],1,[1144, 1409],[247, 727],[19, 14],[18, 11]
1295,[1403],[738],1,[1395],[727],[19],[22]
1296,[1378],[765],1,[1364],[750],[30],[30]
1297,[1364],[783],1,[1355],[768],[19],[30]
1298,[1355],[795],1,[1344],[776],[22],[37]
1299,[1355],[787],1,[1347],[776],[19],[26]
1300,[1366],[776],1,[1358],[765],[16],[26]
1301,[1372],[768],1,[1364],[761],[16],[15]
1302,[0],[0],0,[0],[0],[0],[0]
1303,[1386],[738],1,[1378],[727],[16],[22]
1304,[1383],[731],1,[1364],[716],[39],[30]
1305,[1386],[727],1,[1375],[716],[25],[22]
1306,[1392],[720],1,[1383],[712],[16],[15]
1307,[0],[0],0,[0],[0],[0],[0]
1308,[0],[0],0,[0],[0],[0],[0]
1309,[1372],[738],1,[1364],[731],[16],[18]
1310,[1350],[787],1,[1341],[776],[16],[26]
1311,[1335],[821],1,[1321],[810],[28],[26]
1312,[1344],[813],1,[1333],[802],[22],[26]
1313,[1361],[798],1,[1352],[787],[19],[22]
1314,[1380],[783],1,[1372],[772],[19],[26]
1315,[1395],[772],1,[1383],[761],[22],[26]
1316,[1406],[761],1,[1397],[746],[19],[30]
1317,[1420],[750],1,[1409],[738],[22],[26]
1318,[1431],[738],1,[1423],[727],[16],[22]
1319,[0],[0],0,[0],[0],[0],[0]
1320,[0],[0],0,[0],[0],[0],[0]
1321,[0],[0],0,[0],[0],[0],[0]
1322,[0],[0],0,[0],[0],[0],[0]
1323,[0],[0],0,[0],[0],[0],[0]
1324,[0],[0],0,[0],[0],[0],[0]
1325,[0],[0],0,[0],[0],[0],[0]
1326,[0],[0],0,[0],[0],[0],[0]
1327,[0],[0],0,[0],[0],[0],[0]
1328,[0],[0],0,[0],[0],[0],[0]
1329,[0],[0],0,[0],[0],[0],[0]
1330,[0],[0],0,[0],[0],[0],[0]
1331,[0],[0],0,[0],[0],[0],[0]
1332,[0],[0],0,[0],[0],[0],[0]
1333,[0],[0],0,[0],[0],[0],[0]
1334,[0],[0],0,[0],[0],[0],[0]
1335,[0],[0],0,[0],[0],[0],[0]
1336,[0],[0],0,[0],[0],[0],[0]
1337,[0],[0],0,[0],[0],[0],[0]
1338,[0],[0],0,[0],[0],[0],[0]
1339,[0],[0],0,[0],[0],[0],[0]
1340,[0],[0],0,[0],[0],[0],[0]
1341,[0],[0],0,[0],[0],[0],[0]
1342,[0],[0],0,[0],[0],[0],[0]
1343,[0],[0],0,[0],[0],[0],[0]
1344,[0],[0],0,[0],[0],[0],[0]
1345,[0],[0],0,[0],[0],[0],[0]
1346,[0],[0],0,[0],[0],[0],[0]
1347,[0],[0],0,[0],[0],[0],[0]
1348,[0],[0],0,[0],[0],[0],[0]
1349,[0],[0],0,[0],[0],[0],[0]
1350,[0],[0],0,[0],[0],[0],[0]
1351,[0],[0],0,[0],[0],[0],[0]
1352,[1417],[873],1,[1409],[862],[16],[22]
1353,[0],[0],0,[0],[0],[0],[0]
1354,[0],[0],0,[0],[0],[0],[0]
1355,[0],[0],0,[0],[0],[0],[0]
1356,[0],[0],0,[0],[0],[0],[0]
1357,[0],[0],0,[0],[0],[0],[0]
1358,[0],[0],0,[0],[0],[0],[0]
1359,[0],[0],0,[0],[0],[0],[0]
1360,[0],[0],0,[0],[0],[0],[0]
1361,[0],[0],0,[0],[0],[0],[0]
1362,[0],[0],0,[0],[0],[0],[0]
1363,[0],[0],0,[0],[0],[0],[0]
1364,[0],[0],0,[0],[0],[0],[0]
1365,[0],[0],0,[0],[0],[0],[0]
1366,[0],[0],0,[0],[0],[0],[0]
1367,[0],[0],0,[0],[0],[0],[0]
1368,[0],[0],0,[0],[0],[0],[0]
1369,[0],[0],0,[0],[0],[0],[0]
1370,[0],[0],0,[0],[0],[0],[0]
1371,[0],[0],0,[0],[0],[0],[0]
1372,[0],[0],0,[0],[0],[0],[0]
1373,[0],[0],0,[0],[0],[0],[0]
1374,[0],[0],0,[0],[0],[0],[0]
1375,[0],[0],0,[0],[0],[0],[0]
1376,[0],[0],0,[0],[0],[0],[0]
1377,[0],[0],0,[0],[0],[0],[0]
1378,[0],[0],0,[0],[0],[0],[0]
1379,[0],[0],0,[0],[0],[0],[0]
1380,[0],[0],0,[0],[0],[0],[0]
1381,[0],[0],0,[0],[0],[0],[0]
1382,[0],[0],0,[0],[0],[0],[0]
1383,[0],[0],0,[0],[0],[0],[0]
1384,[0],[0],0,[0],[0],[0],[0]
1385,[0],[0],0,[0],[0],[0],[0]
1386,[1403],[798],1,[1397],[791],[14],[15]
1387,[1383],[825],1,[1378],[817],[14],[15]
1388,[1380],[828],1,[1372],[817],[16],[26]
1389,[1386],[810],1,[1375],[798],[22],[26]
1390,[1403],[795],1,[1395],[787],[16],[18]
1391,[1409],[783],1,[1400],[772],[19],[22]
1392,[1414],[768],1,[1406],[761],[16],[18]
1393,[0],[0],0,[0],[0],[0],[0]
1394,[0],[0],0,[0],[0],[0],[0]
1395,[0],[0],0,[0],[0],[0],[0]
1396,[0],[0],0,[0],[0],[0],[0]
1397,[0],[0],0,[0],[0],[0],[0]
1398,[0],[0],0,[0],[0],[0],[0]
1399,[0],[0],0,[0],[0],[0],[0]
1400,[0],[0],0,[0],[0],[0],[0]
1401,[0],[0],0,[0],[0],[0],[0]
1402,[0],[0],0,[0],[0],[0],[0]
1403,[1369],[806],1,[1361],[795],[16],[22]
1404,[1380],[791],1,[1372],[780],[16],[22]
1405,[1383],[772],1,[1375],[761],[19],[26]
1406,[1392],[761],1,[1380],[750],[22],[26]
1407,[1397],[746],1,[1389],[735],[19],[26]
1408,[1403],[738],1,[1395],[731],[19],[15]
1409,[0],[0],0,[0],[0],[0],[0]
1410,[0],[0],0,[0],[0],[0],[0]
1411,[0],[0],0,[0],[0],[0],[0]
1412,[0],[0],0,[0],[0],[0],[0]
1413,[0],[0],0,[0],[0],[0],[0]
1414,[0],[0],0,[0],[0],[0],[0]
1415,[0],[0],0,[0],[0],[0],[0]
1416,[1406],[693],1,[1400],[686],[11],[15]
1417,[1403],[686],1,[1397],[682],[14],[11]
1418,[1406],[682],1,[1403],[678],[8],[7]
1419,[0],[0],0,[0],[0],[0],[0]
1420,[0],[0],0,[0],[0],[0],[0]
1421,[0],[0],0,[0],[0],[0],[0]
1422,[0],[0],0,[0],[0],[0],[0]
1423,[0],[0],0,[0],[0],[0],[0]
1424,[0],[0],0,[0],[0],[0],[0]
1425,[0],[0],0,[0],[0],[0],[0]
1426,[0],[0],0,[0],[0],[0],[0]
1427,[0],[0],0,[0],[0],[0],[0]
1428,[0],[0],0,[0],[0],[0],[0]
1429,[1397],[615],1,[1395],[607],[8],[15]
1430,[0],[0],0,[0],[0],[0],[0]
1431,[0],[0],0,[0],[0],[0],[0]
1432,[1364],[622],1,[1355],[611],[16],[22]
1433,[1369],[611],1,[1361],[600],[16],[22]
1434,[1372],[592],1,[1364],[577],[19],[33]
1435,[1375],[585],1,[1364],[570],[25],[33]
1436,[1383],[585],1,[1369],[570],[28],[30]
1437,[1386],[577],1,[1375],[566],[25],[26]
1438,[1389],[573],1,[1380],[562],[19],[22]
1439,[1392],[570],1,[1380],[555],[22],[30]
1440,[1383],[573],1,[1369],[562],[30],[26]
1441,[1380],[573],1,[1366],[562],[30],[26]
1442,[1378],[577],1,[1364],[566],[30],[22]
1443,[1375],[581],1,[1361],[570],[30],[22]
1444,[1372],[585],1,[1361],[573],[25],[26]
1445,[1366],[588],1,[1361],[581],[14],[15]
1446,[0],[0],0,[0],[0],[0],[0]
1447,[0],[0],0,[0],[0],[0],[0]
1448,[1310],[618],1,[1299],[607],[22],[26]
1449,[1220, 1265, 1307, 1302],[547, 573, 630, 626],1,[1206, 1254, 1307, 1302],[536, 562, 630, 626],[28, 22, 2, 2],[22, 26, 3, 3]
1450,[1167],[498],1,[1158],[487],[16],[26]
1451,[0],[0],0,[0],[0],[0],[0]
1452,[981],[367],1,[975],[360],[14],[18]
1453,[928, 1386],[333, 243],1,[914, 1383],[318, 240],[30, 5],[30, 11]
1454,[860],[285],1,[849],[273],[25],[26]
1455,[840],[281],1,[838],[277],[5],[11]
1456,[0],[0],0,[0],[0],[0],[0]
1457,[765],[236],1,[759],[228],[11],[15]
1458,[728],[217],1,[720],[210],[19],[18]
1459,[694],[202],1,[683],[191],[22],[22]
1460,[663],[191],1,[655],[180],[16],[26]
1461,[646],[183],1,[638],[172],[19],[22]
1462,[632],[180],1,[621],[168],[22],[22]
1463,[607],[176],1,[599],[165],[19],[26]
1464,[593],[176],1,[585],[165],[16],[26]
1465,[579],[176],1,[570],[165],[19],[26]
1466,[568],[176],1,[559],[165],[16],[26]
1467,[556],[180],1,[548],[168],[16],[22]
1468,[545],[183],1,[537],[172],[16],[22]
1469,[534],[187],1,[525],[176],[19],[22]
1470,[525],[191],1,[517],[180],[19],[22]
1471,[517],[195],1,[506],[183],[22],[22]
1472,[514],[198],1,[503],[187],[22],[26]
1473,[506],[210],1,[492],[195],[28],[30]
1474,[500],[213],1,[489],[202],[22],[26]
1475,[492],[210],1,[483],[198],[19],[26]
1476,[483],[202],1,[472],[191],[25],[26]
1477,[472],[187],1,[458],[180],[28],[18]
1478,[466],[183],1,[455],[172],[22],[22]
1479,[461, 450],[176, 131],1,[450, 450],[161, 131],[25, 2],[30, 3]
1480,[0],[0],0,[0],[0],[0],[0]
1481,[0],[0],0,[0],[0],[0],[0]
1482,[0],[0],0,[0],[0],[0],[0]
1483,[0],[0],0,[0],[0],[0],[0]
1484,[0],[0],0,[0],[0],[0],[0]
1485,[0],[0],0,[0],[0],[0],[0]
1486,[0],[0],0,[0],[0],[0],[0]
1487,[455],[123],1,[447],[112],[16],[22]
1488,[455],[120],1,[447],[108],[19],[22]
1489,[458],[116],1,[450],[108],[16],[18]
1490,[461],[112],1,[452],[105],[16],[18]
1491,[461],[108],1,[455],[101],[14],[18]
1492,[464],[108],1,[455],[101],[16],[18]
1493,[464],[105],1,[458],[97],[14],[18]
1494,[466],[105],1,[461],[97],[14],[18]
1495,[469],[108],1,[461],[97],[16],[22]
1496,[0],[0],0,[0],[0],[0],[0]
1497,[480],[120],1,[478],[116],[5],[7]
1498,[483],[120],1,[478],[112],[11],[18]
1499,[486],[120],1,[478],[112],[16],[18]
1500,[489],[123],1,[480],[116],[16],[18]
1501,[492],[135],1,[486],[123],[14],[22]
1502,[497],[146],1,[492],[135],[14],[26]
1503,[503],[153],1,[495],[142],[16],[26]
1504,[511],[168],1,[500],[157],[25],[26]
1505,[517],[180],1,[509],[172],[19],[18]
1506,[523],[191],1,[514],[180],[16],[26]
1507,[531],[213],1,[523],[202],[16],[26]
1508,[540],[232],1,[531],[221],[16],[22]
1509,[545],[258],1,[534],[247],[25],[22]
1510,[556],[273],1,[548],[262],[16],[26]
1511,[562],[300],1,[551],[288],[22],[26]
1512,[568],[326],1,[559],[311],[19],[33]
1513,[579],[363],1,[570],[352],[19],[26]
1514,[587, 596],[393, 412],1,[579, 593],[382, 412],[19, 5],[26, 3]
1515,[596],[427],1,[590],[416],[14],[22]
1516,[610],[465],1,[601],[453],[16],[22]
1517,[618],[502],1,[610],[491],[19],[22]
1518,[632],[543],1,[624],[532],[16],[26]
1519,[638],[570],1,[627],[558],[22],[26]
1520,[644],[570],1,[632],[555],[22],[30]
1521,[646],[570],1,[635],[555],[22],[30]
1522,[649],[570],1,[641],[558],[19],[26]
1523,[652],[573],1,[644],[562],[19],[22]
1524,[658],[577],1,[646],[562],[22],[30]
1525,[660],[581],1,[652],[570],[19],[26]
1526,[666],[588],1,[658],[577],[19],[26]
1527,[672],[603],1,[663],[588],[19],[30]
1528,[680],[615],1,[666],[600],[30],[33]
1529,[686],[630],1,[669],[615],[33],[33]
1530,[691],[641],1,[680],[630],[22],[26]
1531,[0],[0],0,[0],[0],[0],[0]
1532,[644],[532],1,[635],[521],[16],[22]
1533,[624],[483],1,[613],[472],[22],[22]
1534,[601],[438],1,[593],[427],[19],[26]
1535,[596],[408],1,[585],[397],[22],[26]
1536,[582],[382],1,[570],[367],[25],[30]
1537,[565],[345],1,[556],[330],[19],[30]
1538,[554],[322],1,[540],[311],[28],[22]
1539,[545],[303],1,[537],[292],[16],[26]
1540,[540],[285],1,[531],[273],[19],[26]
1541,[531],[273],1,[523],[262],[16],[22]
1542,[523],[258],1,[514],[247],[19],[26]
1543,[517],[251],1,[509],[240],[19],[26]
1544,[514],[243],1,[503],[232],[22],[26]
1545,[511],[236],1,[500],[225],[22],[26]
1546,[506],[232],1,[495],[221],[22],[22]
1547,[503],[228],1,[492],[217],[22],[26]
1548,[497],[228],1,[489],[217],[19],[22]
1549,[497],[228],1,[489],[217],[16],[22]
1550,[497],[228],1,[489],[217],[16],[26]
1551,[495],[228],1,[486],[217],[19],[26]
1552,[495],[232],1,[486],[221],[19],[26]
1553,[495],[236],1,[486],[225],[19],[26]
1554,[495],[240],1,[486],[228],[19],[22]
1555,[495],[243],1,[486],[232],[19],[26]
1556,[497],[247],1,[489],[236],[16],[26]
1557,[497],[255],1,[489],[243],[16],[26]
1558,[497],[262],1,[489],[251],[16],[22]
1559,[497],[270],1,[489],[258],[19],[26]
1560,[497],[270],1,[489],[258],[19],[26]
1561,[495],[258],1,[486],[247],[19],[26]
1562,[495],[251],1,[486],[236],[16],[30]
1563,[489],[243],1,[478],[232],[25],[22]
1564,[489],[236],1,[478],[225],[22],[22]
1565,[486],[225],1,[478],[217],[16],[18]
1566,[483],[221],1,[475],[213],[16],[18]
1567,[480],[217],1,[475],[206],[14],[22]
1568,[0],[0],0,[0],[0],[0],[0]
1569,[0],[0],0,[0],[0],[0],[0]
1570,[0],[0],0,[0],[0],[0],[0]
1571,[0],[0],0,[0],[0],[0],[0]
1572,[0],[0],0,[0],[0],[0],[0]
1573,[469],[213],1,[464],[206],[11],[15]
1574,[464],[213],1,[455],[206],[16],[18]
1575,[455],[217],1,[441],[206],[28],[26]
1576,[447],[221],1,[438],[210],[16],[26]
1577,[441],[228],1,[433],[217],[16],[22]
1578,[433],[236],1,[424],[225],[16],[26]
1579,[427],[243],1,[419],[232],[19],[26]
1580,[424],[251],1,[416],[240],[19],[26]
1581,[424],[262],1,[413],[251],[22],[26]
1582,[424],[277],1,[413],[266],[22],[22]
1583,[424],[281],1,[416],[270],[19],[26]
1584,[427],[285],1,[416],[273],[22],[26]
1585,[430],[292],1,[419],[281],[22],[26]
1586,[435],[300],1,[424],[288],[22],[26]
1587,[438],[311],1,[427],[300],[22],[26]
1588,[444],[318],1,[433],[307],[25],[26]
1589,[450],[326],1,[438],[311],[22],[33]
1590,[447],[322],1,[438],[311],[19],[22]
1591,[447],[315],1,[435],[303],[22],[26]
1592,[444],[311],1,[433],[296],[25],[30]
1593,[444],[307],1,[433],[292],[22],[30]
1594,[444],[300],1,[435],[292],[16],[18]
1595,[441],[296],1,[435],[288],[14],[15]
1596,[441],[288],1,[435],[281],[14],[18]
1597,[441],[288],1,[435],[281],[14],[18]
1598,[441],[285],1,[435],[277],[14],[18]
1599,[441],[288],1,[435],[277],[14],[22]
1600,[441],[288],1,[430],[277],[22],[22]
1601,[441],[288],1,[433],[277],[19],[26]
1602,[444],[292],1,[435],[281],[19],[22]
1603,[447],[296],1,[438],[285],[16],[22]
1604,[447],[296],1,[438],[285],[19],[26]
1605,[450],[303],1,[438],[292],[22],[26]
1606,[452],[307],1,[444],[296],[16],[26]
1607,[452],[311],1,[444],[296],[19],[30]
1608,[0],[0],0,[0],[0],[0],[0]
1609,[0],[0],0,[0],[0],[0],[0]
1610,[1372],[101],1,[1366],[93],[11],[15]
1611,[1330],[97],1,[1324],[90],[11],[15]
1612,[1265],[93],1,[1260],[86],[14],[18]
1613,[1234],[90],1,[1229],[82],[11],[15]
1614,[1203],[90],1,[1195],[78],[19],[26]
1615,[1172],[90],1,[1164],[78],[19],[22]
1616,[1147],[93],1,[1139],[82],[19],[22]
1617,[1113],[97],1,[1105],[86],[16],[22]
1618,[1094],[97],1,[1085],[86],[16],[22]
1619,[1077],[101],1,[1065],[90],[22],[22]
1620,[1049],[105],1,[1040],[97],[16],[18]
1621,[1035],[105],1,[1023],[97],[25],[18]
1622,[1012],[112],1,[1004],[101],[19],[26]
1623,[992],[120],1,[981],[108],[22],[26]
1624,[973],[123],1,[961],[112],[25],[26]
1625,[964],[131],1,[956],[116],[19],[30]
1626,[956],[135],1,[950],[123],[14],[22]
1627,[0],[0],0,[0],[0],[0],[0]
1628,[0],[0],0,[0],[0],[0],[0]
1629,[0],[0],0,[0],[0],[0],[0]
1630,[0],[0],0,[0],[0],[0],[0]
1631,[0],[0],0,[0],[0],[0],[0]
1632,[916, 452],[108, 255],1,[908, 447],[97, 251],[19, 11],[22, 11]
1633,[450, 919],[247, 108],1,[444, 914],[240, 101],[14, 11],[18, 15]
1634,[450],[243],1,[444],[236],[14],[15]
1635,[452],[240],1,[447],[236],[11],[11]
1636,[455],[240],1,[455],[240],[2],[3]
1637,[444],[168],1,[435],[157],[19],[22]
1638,[447],[161],1,[438],[153],[16],[15]
1639,[452],[142],1,[444],[131],[19],[22]
1640,[461],[225],1,[452],[213],[19],[22]
1641,[464],[225],1,[455],[213],[19],[22]
1642,[469],[228],1,[461],[217],[19],[22]
1643,[475],[228],1,[466],[217],[16],[26]
1644,[478],[236],1,[469],[225],[16],[22]
1645,[480],[243],1,[472],[232],[19],[26]
1646,[486],[251],1,[478],[240],[16],[26]
1647,[492],[262],1,[483],[251],[19],[26]
1648,[500],[277],1,[492],[262],[19],[33]
1649,[509],[285],1,[497],[270],[22],[33]
1650,[514],[300],1,[506],[285],[19],[30]
1651,[511],[285],1,[503],[273],[19],[26]
1652,[509],[273],1,[500],[258],[19],[30]
1653,[509],[258],1,[500],[247],[19],[22]
1654,[506],[243],1,[497],[232],[19],[26]
1655,[506],[236],1,[497],[225],[19],[26]
1656,[506],[225],1,[495],[210],[22],[30]
1657,[506],[213],1,[495],[202],[22],[26]
1658,[506],[206],1,[495],[191],[25],[30]
1659,[506],[198],1,[495],[187],[25],[26]
1660,[509],[198],1,[495],[187],[28],[22]
1661,[509],[195],1,[497],[187],[25],[18]
1662,[511],[195],1,[500],[183],[25],[22]
1663,[511],[195],1,[500],[183],[25],[26]
1664,[511],[198],1,[503],[187],[19],[26]
1665,[514],[202],1,[506],[191],[19],[26]
1666,[517],[210],1,[509],[198],[16],[22]
1667,[520],[217],1,[511],[206],[16],[26]
1668,[520],[228],1,[511],[217],[16],[22]
1669,[523],[240],1,[514],[228],[19],[22]
1670,[528],[251],1,[520],[240],[16],[22]
1671,[531],[258],1,[523],[247],[19],[26]
1672,[0],[0],0,[0],[0],[0],[0]
1673,[0],[0],0,[0],[0],[0],[0]
1674,[0],[0],0,[0],[0],[0],[0]
1675,[0],[0],0,[0],[0],[0],[0]
1676,[0],[0],0,[0],[0],[0],[0]
1677,[0],[0],0,[0],[0],[0],[0]
1678,[0],[0],0,[0],[0],[0],[0]
1679,[0],[0],0,[0],[0],[0],[0]
1680,[0],[0],0,[0],[0],[0],[0]
1681,[0],[0],0,[0],[0],[0],[0]
1682,[0],[0],0,[0],[0],[0],[0]
1683,[0],[0],0,[0],[0],[0],[0]
1684,[0],[0],0,[0],[0],[0],[0]
1685,[0],[0],0,[0],[0],[0],[0]
1686,[0],[0],0,[0],[0],[0],[0]
1687,[0],[0],0,[0],[0],[0],[0]
1688,[0],[0],0,[0],[0],[0],[0]
1689,[0],[0],0,[0],[0],[0],[0]
1690,[0],[0],0,[0],[0],[0],[0]
1691,[0],[0],0,[0],[0],[0],[0]
1692,[0],[0],0,[0],[0],[0],[0]
1693,[0],[0],0,[0],[0],[0],[0]
1694,[0],[0],0,[0],[0],[0],[0]
1695,[0],[0],0,[0],[0],[0],[0]
1696,[520, 978],[341, 97],1,[506, 967],[330, 86],[28, 22],[26, 26]
1697,[511, 990],[345, 86],1,[500, 981],[333, 75],[22, 16],[26, 26]
1698,[1001, 506],[78, 352],1,[990, 497],[67, 341],[22, 19],[22, 22]
1699,[503, 1018],[356, 60],1,[492, 1009],[345, 48],[22, 19],[26, 26]
1700,[497, 1037],[371, 48],1,[489, 1029],[360, 37],[19, 16],[26, 26]
1701,[492, 1054],[386, 41],1,[483, 1043],[375, 30],[19, 22],[26, 22]
1702,[1077, 492],[33, 401],1,[1065, 483],[22, 390],[22, 16],[22, 26]
1703,[1096, 489],[26, 423],1,[1082, 480],[15, 412],[30, 19],[26, 26]
1704,[1108, 486],[15, 442],1,[1099, 478],[3, 431],[19, 19],[26, 26]
1705,[1122, 483],[11, 468],1,[1110, 475],[0, 457],[22, 19],[26, 22]
1706,[480, 1147],[495, 7],1,[472, 1136],[483, 0],[19, 22],[22, 18]
1707,[478, 1164],[521, 7],1,[469, 1155],[510, 3],[19, 16],[26, 7]
1708,[478],[555],1,[469],[543],[16],[22]
1709,[478],[592],1,[469],[581],[16],[22]
1710,[784],[300],1,[784],[296],[2],[7]
1711,[483, 787],[656, 300],1,[475, 784],[652, 296],[16, 8],[11, 11]
1712,[486],[667],1,[478],[656],[19],[26]
1713,[489],[678],1,[486],[671],[8],[15]
1714,[0],[0],0,[0],[0],[0],[0]
1715,[0],[0],0,[0],[0],[0],[0]
1716,[0],[0],0,[0],[0],[0],[0]
1717,[0],[0],0,[0],[0],[0],[0]
1718,[0],[0],0,[0],[0],[0],[0]
1719,[0],[0],0,[0],[0],[0],[0]
1720,[0],[0],0,[0],[0],[0],[0]
1721,[0],[0],0,[0],[0],[0],[0]
1722,[0],[0],0,[0],[0],[0],[0]
1723,[0],[0],0,[0],[0],[0],[0]
1724,[0],[0],0,[0],[0],[0],[0]
1725,[0],[0],0,[0],[0],[0],[0]
1726,[0],[0],0,[0],[0],[0],[0]
1727,[0],[0],0,[0],[0],[0],[0]
1728,[405],[768],1,[393],[753],[25],[30]
1729,[399],[776],1,[393],[765],[11],[22]
1730,[0],[0],0,[0],[0],[0],[0]
1731,[0],[0],0,[0],[0],[0],[0]
1732,[0],[0],0,[0],[0],[0],[0]
1733,[0],[0],0,[0],[0],[0],[0]
1734,[0],[0],0,[0],[0],[0],[0]
1735,[0],[0],0,[0],[0],[0],[0]
1736,[329],[840],1,[326],[832],[8],[15]
1737,[0],[0],0,[0],[0],[0],[0]
1738,[0],[0],0,[0],[0],[0],[0]
1739,[0],[0],0,[0],[0],[0],[0]
1740,[0],[0],0,[0],[0],[0],[0]
1741,[0],[0],0,[0],[0],[0],[0]
1742,[0],[0],0,[0],[0],[0],[0]
1743,[0],[0],0,[0],[0],[0],[0]
1744,[0],[0],0,[0],[0],[0],[0]
1745,[0],[0],0,[0],[0],[0],[0]
1746,[0],[0],0,[0],[0],[0],[0]
1747,[0],[0],0,[0],[0],[0],[0]
1748,[0],[0],0,[0],[0],[0],[0]
1749,[0],[0],0,[0],[0],[0],[0]
1750,[0],[0],0,[0],[0],[0],[0]
1751,[0],[0],0,[0],[0],[0],[0]
1752,[0],[0],0,[0],[0],[0],[0]
1753,[0],[0],0,[0],[0],[0],[0]
1754,[0],[0],0,[0],[0],[0],[0]
1755,[227],[948],1,[225],[945],[8],[7]
1756,[233],[948],1,[227],[941],[11],[15]
1757,[0],[0],0,[0],[0],[0],[0]
1758,[0],[0],0,[0],[0],[0],[0]
1759,[0],[0],0,[0],[0],[0],[0]
1760,[320, 362, 317],[1016, 1023, 1005],1,[317, 360, 317],[1012, 1023, 1005],[8, 5, 2],[7, 3, 3]
1761,[360],[1027],1,[360],[1027],[2],[3]
1762,[362],[1027],1,[357],[1023],[11],[11]
1763,[362],[1020],1,[354],[1012],[16],[18]
1764,[360],[1023],1,[354],[1016],[14],[15]
1765,[360],[1020],1,[354],[1012],[11],[15]
1766,[0],[0],0,[0],[0],[0],[0]
1767,[0],[0],0,[0],[0],[0],[0]
1768,[0],[0],0,[0],[0],[0],[0]
1769,[0],[0],0,[0],[0],[0],[0]
1770,[0],[0],0,[0],[0],[0],[0]
1771,[0],[0],0,[0],[0],[0],[0]
1772,[0],[0],0,[0],[0],[0],[0]
1773,[0],[0],0,[0],[0],[0],[0]
1774,[0],[0],0,[0],[0],[0],[0]
1775,[0],[0],0,[0],[0],[0],[0]
1776,[0],[0],0,[0],[0],[0],[0]
1777,[925],[776],1,[919],[772],[11],[7]
1778,[928],[780],1,[922],[772],[11],[18]
1779,[0],[0],0,[0],[0],[0],[0]
1780,[0],[0],0,[0],[0],[0],[0]
1781,[0],[0],0,[0],[0],[0],[0]
1782,[0],[0],0,[0],[0],[0],[0]
1783,[0],[0],0,[0],[0],[0],[0]
1784,[0],[0],0,[0],[0],[0],[0]
1785,[0],[0],0,[0],[0],[0],[0]
1786,[0],[0],0,[0],[0],[0],[0]
1787,[0],[0],0,[0],[0],[0],[0]
1788,[0],[0],0,[0],[0],[0],[0]
1789,[0],[0],0,[0],[0],[0],[0]
1790,[0],[0],0,[0],[0],[0],[0]
1791,[0],[0],0,[0],[0],[0],[0]
1792,[0],[0],0,[0],[0],[0],[0]
1793,[0],[0],0,[0],[0],[0],[0]
1794,[0],[0],0,[0],[0],[0],[0]
1795,[0],[0],0,[0],[0],[0],[0]
1796,[0],[0],0,[0],[0],[0],[0]
1797,[0],[0],0,[0],[0],[0],[0]
1798,[0],[0],0,[0],[0],[0],[0]
1799,[0],[0],0,[0],[0],[0],[0]
1800,[0],[0],0,[0],[0],[0],[0]
1801,[0],[0],0,[0],[0],[0],[0]
1802,[0],[0],0,[0],[0],[0],[0]
1803,[0],[0],0,[0],[0],[0],[0]
1804,[0],[0],0,[0],[0],[0],[0]
1805,[0],[0],0,[0],[0],[0],[0]
1806,[0],[0],0,[0],[0],[0],[0]
1807,[0],[0],0,[0],[0],[0],[0]
1808,[0],[0],0,[0],[0],[0],[0]
1809,[0],[0],0,[0],[0],[0],[0]
1810,[0],[0],0,[0],[0],[0],[0]
1811,[0],[0],0,[0],[0],[0],[0]
1812,[0],[0],0,[0],[0],[0],[0]
1813,[0],[0],0,[0],[0],[0],[0]
1814,[0],[0],0,[0],[0],[0],[0]
1815,[0],[0],0,[0],[0],[0],[0]
1816,[0],[0],0,[0],[0],[0],[0]
1817,[0],[0],0,[0],[0],[0],[0]
1818,[0],[0],0,[0],[0],[0],[0]
1819,[0],[0],0,[0],[0],[0],[0]
1820,[0],[0],0,[0],[0],[0],[0]
1821,[0],[0],0,[0],[0],[0],[0]
1822,[1395],[120],1,[1389],[112],[14],[18]
1823,[1400],[108],1,[1392],[97],[19],[22]
1824,[1395],[108],1,[1383],[97],[22],[22]
1825,[1378],[105],1,[1369],[93],[19],[22]
1826,[1369],[105],1,[1366],[101],[5],[7]
1827,[1338],[105],1,[1333],[93],[14],[22]
1828,[1324],[105],1,[1316],[93],[16],[22]
1829,[1307],[105],1,[1299],[93],[19],[22]
1830,[1296],[105],1,[1288],[93],[16],[26]
1831,[1285],[108],1,[1274],[97],[22],[26]
1832,[1265],[116],1,[1257],[101],[19],[30]
1833,[1257],[120],1,[1248],[105],[19],[30]
1834,[1245],[123],1,[1231],[112],[28],[26]
1835,[1229],[131],1,[1217],[116],[25],[30]
1836,[1226],[135],1,[1215],[120],[22],[30]
1837,[1215],[142],1,[1203],[127],[25],[30]
1838,[1209],[146],1,[1195],[135],[28],[26]
1839,[1206],[146],1,[1192],[135],[28],[22]
1840,[0],[0],0,[0],[0],[0],[0]
1841,[0],[0],0,[0],[0],[0],[0]
1842,[0],[0],0,[0],[0],[0],[0]
1843,[0],[0],0,[0],[0],[0],[0]
1844,[0],[0],0,[0],[0],[0],[0]
1845,[0],[0],0,[0],[0],[0],[0]
1846,[0],[0],0,[0],[0],[0],[0]
1847,[0],[0],0,[0],[0],[0],[0]
1848,[1195],[97],1,[1186],[90],[19],[18]
1849,[1195],[97],1,[1184],[90],[22],[18]
1850,[1192],[97],1,[1175],[86],[36],[26]
1851,[1209],[93],1,[1198],[82],[22],[22]
1852,[1215],[86],1,[1203],[75],[22],[26]
1853,[1226],[82],1,[1215],[71],[22],[26]
1854,[1240],[78],1,[1229],[67],[22],[26]
1855,[1254],[75],1,[1240],[63],[28],[26]
1856,[1260],[78],1,[1248],[67],[25],[22]
1857,[1274],[75],1,[1262],[63],[25],[22]
1858,[1285],[75],1,[1276],[63],[19],[26]
1859,[1296],[75],1,[1285],[63],[22],[22]
1860,[1307],[75],1,[1296],[63],[22],[26]
1861,[1327],[78],1,[1313],[67],[28],[22]
1862,[1344],[78],1,[1333],[67],[22],[22]
1863,[1355],[78],1,[1341],[67],[30],[26]
1864,[1369],[82],1,[1361],[75],[19],[18]
1865,[1389],[90],1,[1378],[75],[22],[30]
1866,[1400, 312],[93, 1023],1,[1389, 309],[82, 1023],[22, 5],[26, 3]
1867,[1414, 312],[93, 1016],1,[1406, 309],[82, 1016],[19, 5],[22, 3]
1868,[1423],[93],1,[1417],[86],[14],[18]
1869,[0],[0],0,[0],[0],[0],[0]
1870,[0],[0],0,[0],[0],[0],[0]
1871,[0],[0],0,[0],[0],[0],[0]
1872,[0],[0],0,[0],[0],[0],[0]
1873,[0],[0],0,[0],[0],[0],[0]
1874,[250],[918],1,[250],[918],[2],[3]
1875,[261],[918],1,[261],[918],[2],[3]
1876,[0],[0],0,[0],[0],[0],[0]
1877,[0],[0],0,[0],[0],[0],[0]
1878,[0],[0],0,[0],[0],[0],[0]
1879,[0],[0],0,[0],[0],[0],[0]
1880,[0],[0],0,[0],[0],[0],[0]
1881,[0],[0],0,[0],[0],[0],[0]
1882,[0],[0],0,[0],[0],[0],[0]
1883,[0],[0],0,[0],[0],[0],[0]
1884,[0],[0],0,[0],[0],[0],[0]
1885,[340],[960],1,[329],[952],[22],[15]
1886,[329],[952],1,[320],[941],[16],[22]
1887,[323],[948],1,[315],[937],[19],[26]
1888,[317],[948],1,[312],[945],[11],[11]
1889,[0],[0],0,[0],[0],[0],[0]
1890,[0],[0],0,[0],[0],[0],[0]
1891,[0],[0],0,[0],[0],[0],[0]
1892,[0],[0],0,[0],[0],[0],[0]
1893,[0],[0],0,[0],[0],[0],[0]
1894,[0],[0],0,[0],[0],[0],[0]
1895,[0],[0],0,[0],[0],[0],[0]
1896,[0],[0],0,[0],[0],[0],[0]
1897,[0],[0],0,[0],[0],[0],[0]
1898,[0],[0],0,[0],[0],[0],[0]
1899,[0],[0],0,[0],[0],[0],[0]
1900,[0],[0],0,[0],[0],[0],[0]
1901,[0],[0],0,[0],[0],[0],[0]
1902,[0],[0],0,[0],[0],[0],[0]
1903,[0],[0],0,[0],[0],[0],[0]
1904,[165],[948],1,[165],[948],[2],[3]
1905,[0],[0],0,[0],[0],[0],[0]
1906,[0],[0],0,[0],[0],[0],[0]
1907,[0],[0],0,[0],[0],[0],[0]
1908,[0],[0],0,[0],[0],[0],[0]
1909,[0],[0],0,[0],[0],[0],[0]
1910,[0],[0],0,[0],[0],[0],[0]
1911,[0],[0],0,[0],[0],[0],[0]
1912,[0],[0],0,[0],[0],[0],[0]
1913,[0],[0],0,[0],[0],[0],[0]
1914,[0],[0],0,[0],[0],[0],[0]
1915,[0],[0],0,[0],[0],[0],[0]
1916,[0],[0],0,[0],[0],[0],[0]
1917,[0],[0],0,[0],[0],[0],[0]
1918,[0],[0],0,[0],[0],[0],[0]
1919,[0],[0],0,[0],[0],[0],[0]
1920,[0],[0],0,[0],[0],[0],[0]
1921,[1355],[168],1,[1350],[161],[14],[15]
1922,[1358],[165],1,[1350],[153],[19],[22]
1923,[1347],[153],1,[1344],[150],[5],[7]
1924,[1344],[150],1,[1341],[146],[8],[7]
1925,[0],[0],0,[0],[0],[0],[0]
1926,[0],[0],0,[0],[0],[0],[0]
1927,[0],[0],0,[0],[0],[0],[0]
1928,[0],[0],0,[0],[0],[0],[0]
1929,[0],[0],0,[0],[0],[0],[0]
1930,[0],[0],0,[0],[0],[0],[0]
1931,[0],[0],0,[0],[0],[0],[0]
1932,[0],[0],0,[0],[0],[0],[0]
1933,[1279],[127],1,[1271],[120],[16],[18]
1934,[1276],[127],1,[1268],[116],[19],[26]
1935,[1276],[131],1,[1268],[120],[19],[22]
1936,[1299],[105],1,[1290],[93],[19],[22]
1937,[1313],[90],1,[1305],[78],[16],[22]
1938,[1324],[75],1,[1313],[63],[22],[22]
1939,[1338],[60],1,[1327],[48],[22],[26]
1940,[1352],[45],1,[1338],[30],[30],[30]
1941,[1364],[33],1,[1352],[22],[25],[26]
1942,[1372],[26],1,[1361],[11],[25],[30]
1943,[1378],[18],1,[1366],[7],[25],[22]
1944,[1389],[11],1,[1380],[0],[16],[22]
1945,[0],[0],0,[0],[0],[0],[0]
1946,[0],[0],0,[0],[0],[0],[0]
1947,[0],[0],0,[0],[0],[0],[0]
1948,[0],[0],0,[0],[0],[0],[0]
1949,[0],[0],0,[0],[0],[0],[0]
1950,[0],[0],0,[0],[0],[0],[0]
1951,[0],[0],0,[0],[0],[0],[0]
1952,[0],[0],0,[0],[0],[0],[0]
1953,[0],[0],0,[0],[0],[0],[0]
1954,[0],[0],0,[0],[0],[0],[0]
1955,[0],[0],0,[0],[0],[0],[0]
1956,[0],[0],0,[0],[0],[0],[0]
1957,[0],[0],0,[0],[0],[0],[0]
1958,[0],[0],0,[0],[0],[0],[0]
1959,[0],[0],0,[0],[0],[0],[0]
1960,[0],[0],0,[0],[0],[0],[0]
1961,[0],[0],0,[0],[0],[0],[0]
1962,[0],[0],0,[0],[0],[0],[0]
1963,[0],[0],0,[0],[0],[0],[0]
1964,[0],[0],0,[0],[0],[0],[0]
1965,[0],[0],0,[0],[0],[0],[0]
1966,[0],[0],0,[0],[0],[0],[0]
1967,[0],[0],0,[0],[0],[0],[0]
1968,[227],[821],1,[219],[817],[19],[11]
1969,[230],[825],1,[219],[817],[25],[18]
1970,[233],[828],1,[219],[817],[28],[22]
1971,[236],[828],1,[222],[821],[28],[18]
1972,[244],[840],1,[236],[828],[16],[22]
1973,[250],[847],1,[239],[832],[25],[30]
1974,[267],[866],1,[250],[851],[33],[30]
1975,[284],[881],1,[275],[870],[19],[26]
1976,[0],[0],0,[0],[0],[0],[0]
1977,[0],[0],0,[0],[0],[0],[0]
1978,[0],[0],0,[0],[0],[0],[0]
1979,[0],[0],0,[0],[0],[0],[0]
1980,[0],[0],0,[0],[0],[0],[0]
1981,[0],[0],0,[0],[0],[0],[0]
1982,[0],[0],0,[0],[0],[0],[0]
1983,[0],[0],0,[0],[0],[0],[0]
1984,[0],[0],0,[0],[0],[0],[0]
1985,[0],[0],0,[0],[0],[0],[0]
1986,[0],[0],0,[0],[0],[0],[0]
1987,[0],[0],0,[0],[0],[0],[0]
1988,[0],[0],0,[0],[0],[0],[0]
1989,[0],[0],0,[0],[0],[0],[0]
1990,[0],[0],0,[0],[0],[0],[0]
1991,[0],[0],0,[0],[0],[0],[0]
1992,[0],[0],0,[0],[0],[0],[0]
1993,[0],[0],0,[0],[0],[0],[0]
1994,[0],[0],0,[0],[0],[0],[0]
1995,[0],[0],0,[0],[0],[0],[0]
1996,[0],[0],0,[0],[0],[0],[0]
1997,[0],[0],0,[0],[0],[0],[0]
1998,[0],[0],0,[0],[0],[0],[0]
1999,[0],[0],0,[0],[0],[0],[0]
2000,[0],[0],0,[0],[0],[0],[0]
2001,[0],[0],0,[0],[0],[0],[0]
2002,[0],[0],0,[0],[0],[0],[0]
2003,[0],[0],0,[0],[0],[0],[0]
2004,[0],[0],0,[0],[0],[0],[0]
2005,[0],[0],0,[0],[0],[0],[0]
2006,[0],[0],0,[0],[0],[0],[0]
2007,[0],[0],0,[0],[0],[0],[0]
2008,[0],[0],0,[0],[0],[0],[0]
2009,[0],[0],0,[0],[0],[0],[0]
2010,[0],[0],0,[0],[0],[0],[0]
2011,[0],[0],0,[0],[0],[0],[0]
2012,[0],[0],0,[0],[0],[0],[0]
2013,[0],[0],0,[0],[0],[0],[0]
2014,[0],[0],0,[0],[0],[0],[0]
2015,[0],[0],0,[0],[0],[0],[0]
2016,[357],[828],1,[348],[821],[16],[18]
2017,[362],[825],1,[354],[817],[16],[18]
2018,[365],[813],1,[357],[798],[19],[30]
2019,[371],[798],1,[362],[783],[19],[33]
2020,[376],[787],1,[368],[776],[19],[26]
2021,[379],[780],1,[371],[768],[19],[26]
2022,[385],[776],1,[376],[765],[19],[22]
2023,[393],[768],1,[382],[757],[22],[22]
2024,[416],[768],1,[405],[753],[25],[30]
2025,[421],[765],1,[407],[750],[28],[30]
2026,[424],[768],1,[410],[753],[30],[30]
2027,[438],[768],1,[421],[757],[33],[26]
2028,[450],[772],1,[435],[757],[28],[30]
2029,[461],[780],1,[447],[765],[30],[30]
2030,[472],[791],1,[461],[776],[25],[30]
2031,[480],[798],1,[469],[787],[22],[26]
2032,[495],[806],1,[483],[791],[22],[33]
2033,[500, 511],[813, 757],1,[492, 503],[802, 746],[19, 19],[26, 22]
2034,[528],[675],1,[520],[656],[16],[41]
2035,[551],[558],1,[542],[536],[19],[48]
2036,[573],[476],1,[565],[465],[16],[22]
2037,[587],[420],1,[579],[408],[19],[26]
2038,[599],[356],1,[590],[341],[19],[30]
2039,[615],[318],1,[604],[300],[22],[37]
2040,[621],[285],1,[613],[270],[19],[30]
2041,[630],[258],1,[621],[247],[19],[26]
2042,[638],[236],1,[630],[225],[16],[26]
2043,[644],[221],1,[635],[210],[16],[22]
2044,[649],[210],1,[641],[198],[19],[26]
2045,[660],[198],1,[652],[187],[16],[22]
2046,[663],[187],1,[655],[176],[16],[26]
2047,[666],[183],1,[658],[172],[19],[22]
2048,[675],[180],1,[669],[172],[14],[18]
2049,[677],[176],1,[672],[168],[11],[18]
2050,[680],[172],1,[675],[165],[11],[18]
2051,[683],[172],1,[677],[165],[14],[18]
2052,[686],[176],1,[680],[165],[14],[22]
2053,[689],[176],1,[680],[165],[16],[22]
2054,[694],[176],1,[686],[165],[19],[26]
2055,[697],[180],1,[686],[168],[25],[22]
2056,[703],[183],1,[691],[172],[22],[26]
2057,[703],[187],1,[694],[176],[19],[26]
2058,[705],[191],1,[697],[180],[16],[26]
2059,[1043, 705],[907, 187],1,[1035, 700],[900, 176],[16, 14],[18, 22]
2060,[1035, 705],[885, 183],1,[1026, 700],[877, 176],[16, 11],[18, 15]
2061,[1026, 708],[862, 172],1,[1020, 708],[855, 172],[14, 2],[18, 3]
2062,[1012],[836],1,[1004],[825],[16],[22]
2063,[1009],[821],1,[1001],[810],[16],[26]
2064,[787],[300],1,[784],[296],[8],[11]
2065,[787],[300],1,[787],[300],[2],[3]
2066,[0],[0],0,[0],[0],[0],[0]
2067,[0],[0],0,[0],[0],[0],[0]
2068,[0],[0],0,[0],[0],[0],[0]
2069,[0],[0],0,[0],[0],[0],[0]
2070,[0],[0],0,[0],[0],[0],[0]
2071,[0],[0],0,[0],[0],[0],[0]
2072,[711],[120],1,[705],[116],[11],[11]
2073,[708],[120],1,[703],[112],[11],[15]
2074,[708],[116],1,[700],[105],[16],[22]
2075,[708],[116],1,[700],[105],[16],[22]
2076,[705],[116],1,[697],[105],[19],[26]
2077,[705],[120],1,[697],[108],[19],[22]
2078,[705],[123],1,[694],[112],[22],[22]
2079,[703],[127],1,[694],[112],[19],[33]
2080,[705],[131],1,[697],[120],[19],[26]
2081,[703],[138],1,[694],[127],[19],[22]
2082,[703],[146],1,[694],[135],[16],[22]
2083,[703],[153],1,[694],[142],[16],[26]
2084,[703],[165],1,[697],[153],[14],[22]
2085,[703],[176],1,[694],[165],[16],[22]
2086,[703],[187],1,[694],[176],[19],[22]
2087,[703],[198],1,[694],[187],[16],[26]
2088,[703],[213],1,[694],[202],[19],[26]
2089,[703],[236],1,[694],[225],[16],[22]
2090,[703],[251],1,[694],[240],[16],[22]
2091,[703],[273],1,[694],[262],[16],[26]
2092,[703],[300],1,[694],[288],[19],[26]
2093,[703],[322],1,[691],[311],[22],[26]
2094,[703],[352],1,[694],[341],[19],[22]
2095,[705],[378],1,[691],[367],[28],[26]
2096,[705],[412],1,[694],[401],[25],[22]
2097,[708],[446],1,[694],[431],[28],[30]
2098,[705],[472],1,[697],[461],[19],[22]
2099,[705],[498],1,[697],[487],[19],[22]
2100,[705],[498],1,[697],[491],[19],[18]
2101,[705],[498],1,[697],[487],[19],[22]
2102,[705],[495],1,[694],[483],[25],[26]
2103,[705],[495],1,[689],[483],[33],[26]
2104,[705],[498],1,[697],[487],[19],[22]
2105,[708],[498],1,[700],[487],[16],[26]
2106,[708],[506],1,[700],[495],[16],[26]
2107,[708],[513],1,[700],[502],[19],[26]
2108,[708],[521],1,[700],[510],[19],[26]
2109,[711],[532],1,[700],[521],[22],[26]
2110,[711],[547],1,[703],[536],[19],[26]
2111,[714],[566],1,[703],[551],[25],[30]
2112,[717],[573],1,[705],[562],[25],[22]
2113,[686, 711],[457, 547],1,[675, 705],[446, 540],[22, 11],[26, 15]
2114,[677],[416],1,[669],[405],[16],[26]
2115,[660],[337],1,[655],[330],[11],[15]
2116,[646],[292],1,[635],[281],[22],[26]
2117,[638],[258],1,[630],[247],[19],[26]
2118,[632],[228],1,[624],[217],[16],[22]
2119,[627],[198],1,[615],[187],[22],[26]
2120,[618],[183],1,[613],[172],[14],[22]
2121,[615],[165],1,[607],[153],[16],[22]
2122,[610],[150],1,[601],[138],[19],[22]
2123,[607],[135],1,[599],[127],[19],[18]
2124,[599],[123],1,[590],[112],[19],[22]
2125,[596],[120],1,[587],[108],[16],[22]
2126,[593],[112],1,[585],[101],[16],[22]
2127,[590],[101],1,[582],[90],[19],[26]
2128,[587],[90],1,[579],[75],[19],[30]
2129,[576],[67],1,[568],[56],[19],[26]
2130,[570],[56],1,[562],[45],[19],[26]
2131,[562],[45],1,[554],[33],[19],[22]
2132,[556],[30],1,[548],[18],[19],[22]
2133,[551],[18],1,[542],[7],[19],[22]
2134,[542],[11],1,[534],[0],[19],[22]
2135,[540],[7],1,[531],[0],[19],[15]
2136,[0],[0],0,[0],[0],[0],[0]
2137,[0],[0],0,[0],[0],[0],[0]
2138,[0],[0],0,[0],[0],[0],[0]
2139,[0],[0],0,[0],[0],[0],[0]
2140,[0],[0],0,[0],[0],[0],[0]
2141,[0],[0],0,[0],[0],[0],[0]
2142,[0],[0],0,[0],[0],[0],[0]
2143,[0],[0],0,[0],[0],[0],[0]
2144,[0],[0],0,[0],[0],[0],[0]
2145,[0],[0],0,[0],[0],[0],[0]
2146,[0],[0],0,[0],[0],[0],[0]
2147,[0],[0],0,[0],[0],[0],[0]
2148,[0],[0],0,[0],[0],[0],[0]
2149,[0],[0],0,[0],[0],[0],[0]
2150,[427],[7],1,[416],[0],[22],[15]
2151,[421],[11],1,[413],[0],[19],[26]
2152,[413],[26],1,[405],[15],[16],[26]
2153,[405],[52],1,[396],[41],[19],[22]
2154,[399],[78],1,[393],[67],[14],[26]
2155,[393],[108],1,[388],[97],[14],[22]
2156,[390],[142],1,[382],[131],[16],[26]
2157,[385],[180],1,[379],[168],[14],[22]
2158,[382],[225],1,[374],[213],[16],[22]
2159,[379],[262],1,[371],[243],[19],[37]
2160,[379],[322],1,[371],[300],[19],[45]
2161,[379],[345],1,[374],[337],[14],[18]
2162,[0],[0],0,[0],[0],[0],[0]
2163,[385],[345],1,[376],[337],[16],[18]
2164,[388],[273],1,[379],[262],[16],[22]
2165,[390],[228],1,[382],[217],[16],[22]
2166,[399],[176],1,[390],[165],[16],[26]
2167,[390, 402],[423, 146],1,[379, 393],[412, 135],[22, 16],[22, 22]
2168,[407],[112],1,[399],[101],[19],[22]
2169,[416],[86],1,[410],[75],[14],[26]
2170,[421],[60],1,[413],[48],[16],[26]
2171,[430],[37],1,[421],[26],[16],[22]
2172,[435],[26],1,[427],[15],[19],[22]
2173,[444],[11],1,[435],[0],[16],[26]
2174,[447],[7],1,[438],[0],[19],[18]
2175,[452],[7],1,[444],[0],[19],[15]
2176,[0],[0],0,[0],[0],[0],[0]
2177,[0],[0],0,[0],[0],[0],[0]
2178,[0],[0],0,[0],[0],[0],[0]
2179,[0],[0],0,[0],[0],[0],[0]
2180,[0],[0],0,[0],[0],[0],[0]
2181,[495],[3],1,[489],[0],[14],[11]
2182,[500],[7],1,[489],[0],[22],[15]
2183,[509],[7],1,[495],[0],[28],[18]
2184,[511],[11],1,[503],[0],[19],[26]
2185,[517],[18],1,[509],[7],[19],[22]
2186,[525],[30],1,[517],[18],[16],[22]
2187,[531],[41],1,[523],[30],[16],[26]
2188,[537],[52],1,[528],[41],[16],[22]
2189,[540],[63],1,[531],[52],[19],[26]
2190,[548],[78],1,[540],[67],[16],[22]
2191,[551],[86],1,[542],[75],[16],[26]
2192,[554],[101],1,[545],[90],[19],[26]
2193,[559],[112],1,[551],[101],[16],[26]
2194,[565],[131],1,[556],[116],[16],[30]
2195,[570],[142],1,[562],[131],[16],[26]
2196,[573],[153],1,[565],[142],[16],[22]
2197,[576],[168],1,[568],[157],[19],[22]
2198,[582],[176],1,[573],[165],[19],[26]
2199,[582],[183],1,[573],[172],[19],[26]
2200,[576],[195],1,[568],[183],[19],[26]
2201,[576],[198],1,[568],[187],[16],[26]
2202,[570],[210],1,[562],[198],[19],[22]
2203,[568],[213],1,[559],[202],[19],[26]
2204,[568],[225],1,[559],[213],[16],[22]
2205,[565],[236],1,[556],[225],[16],[26]
2206,[562],[247],1,[554],[236],[16],[22]
2207,[562],[258],1,[554],[247],[16],[26]
2208,[559],[273],1,[548],[258],[22],[30]
2209,[559],[285],1,[548],[273],[22],[26]
2210,[554],[292],1,[545],[281],[19],[22]
2211,[554],[296],1,[545],[285],[19],[26]
2212,[554],[300],1,[545],[288],[16],[22]
2213,[554],[303],1,[545],[292],[16],[22]
2214,[554],[307],1,[545],[296],[16],[22]
2215,[551],[311],1,[542],[300],[19],[22]
2216,[548],[315],1,[542],[307],[14],[18]
2217,[551],[315],1,[545],[307],[11],[15]
2218,[0],[0],0,[0],[0],[0],[0]
2219,[0],[0],0,[0],[0],[0],[0]
2220,[0],[0],0,[0],[0],[0],[0]
2221,[0],[0],0,[0],[0],[0],[0]
2222,[0],[0],0,[0],[0],[0],[0]
2223,[0],[0],0,[0],[0],[0],[0]
2224,[542],[303],1,[540],[300],[5],[11]
2225,[0],[0],0,[0],[0],[0],[0]
2226,[0],[0],0,[0],[0],[0],[0]
2227,[0],[0],0,[0],[0],[0],[0]
2228,[0],[0],0,[0],[0],[0],[0]
2229,[0],[0],0,[0],[0],[0],[0]
2230,[0],[0],0,[0],[0],[0],[0]
2231,[0],[0],0,[0],[0],[0],[0]
2232,[531],[303],1,[523],[292],[19],[22]
2233,[531],[300],1,[525],[292],[14],[18]
2234,[531],[300],1,[525],[292],[14],[18]
2235,[531],[300],1,[525],[296],[11],[11]
2236,[1423, 525],[67, 300],1,[1420, 525],[60, 300],[8, 2],[15, 3]
2237,[0],[0],0,[0],[0],[0],[0]
2238,[0],[0],0,[0],[0],[0],[0]
2239,[1319],[63],1,[1310],[52],[19],[26]
2240,[1279, 525, 992],[60, 303, 86],1,[1271, 517, 987],[45, 292, 82],[19, 19, 14],[30, 26, 11]
2241,[525, 1248],[303, 60],1,[517, 1240],[292, 48],[19, 19],[26, 22]
2242,[1223, 525, 987],[60, 303, 90],1,[1212, 517, 981],[48, 292, 82],[22, 16, 11],[22, 26, 15]
2243,[1195, 981, 525],[63, 90, 303],1,[1184, 973, 517],[52, 78, 292],[22, 19, 16],[22, 22, 26]
2244,[1172, 978, 523],[67, 93, 303],1,[1158, 967, 517],[56, 82, 292],[28, 25, 14],[22, 22, 26]
2245,[1147, 973, 523],[67, 97, 307],1,[1130, 961, 517],[56, 86, 296],[33, 25, 14],[22, 26, 22]
2246,[964, 1125, 520],[105, 71, 303],1,[950, 1113, 514],[90, 60, 296],[28, 25, 14],[30, 22, 18]
2247,[956, 1108, 520],[105, 75, 303],1,[942, 1096, 514],[90, 63, 292],[28, 25, 11],[30, 26, 22]
2248,[1085],[78],1,[1077],[67],[19],[26]
2249,[1063],[86],1,[1054],[75],[19],[26]
2250,[1049],[97],1,[1040],[86],[16],[22]
2251,[1029],[105],1,[1020],[97],[19],[18]
2252,[1015],[108],1,[1004],[97],[22],[22]
2253,[998],[116],1,[990],[105],[19],[26]
2254,[987],[123],1,[975],[112],[22],[22]
2255,[970],[131],1,[961],[120],[19],[26]
2256,[511, 964],[300, 138],1,[503, 956],[288, 131],[19, 16],[26, 18]
2257,[511],[300],1,[500],[288],[22],[26]
2258,[509],[300],1,[500],[288],[19],[22]
2259,[509],[300],1,[500],[288],[19],[22]
2260,[509],[300],1,[500],[288],[19],[22]
2261,[509, 961, 975],[300, 108, 112],1,[500, 959, 973],[288, 105, 108],[16, 8, 8],[22, 11, 7]
2262,[978, 509],[101, 300],1,[967, 500],[90, 288],[25, 16],[26, 22]
2263,[995, 506],[90, 300],1,[984, 497],[75, 288],[22, 19],[30, 22]
2264,[1009, 708, 506, 503],[78, 112, 300, 247],1,[992, 697, 497, 503],[67, 105, 292, 247],[33, 25, 16, 2],[22, 18, 18, 3]
2265,[1029, 705, 506],[63, 112, 300],1,[1020, 700, 500],[52, 105, 292],[16, 14, 11],[26, 15, 18]
2266,[1043, 503],[48, 296],1,[1035, 497],[37, 288],[19, 14],[22, 18]
2267,[1065, 500],[37, 296],1,[1054, 495],[30, 288],[25, 14],[18, 18]
2268,[1088, 500],[33, 300],1,[1077, 495],[22, 288],[22, 14],[22, 22]
2269,[1105, 500],[22, 296],1,[1094, 492],[7, 285],[22, 16],[30, 26]
2270,[1113, 497],[11, 296],1,[1105, 489],[0, 285],[19, 19],[26, 26]
2271,[1133, 500],[11, 300],1,[1113, 489],[0, 285],[39, 22],[22, 30]
2272,[495],[296],1,[486],[285],[19],[26]
2273,[497],[300],1,[489],[288],[16],[22]
2274,[497, 495],[296, 303],1,[495, 495],[292, 303],[8, 2],[11, 3]
2275,[0],[0],0,[0],[0],[0],[0]
2276,[0],[0],0,[0],[0],[0],[0]
2277,[0],[0],0,[0],[0],[0],[0]
2278,[0],[0],0,[0],[0],[0],[0]
2279,[486],[273],1,[478],[266],[16],[18]
2280,[0],[0],0,[0],[0],[0],[0]
2281,[0],[0],0,[0],[0],[0],[0]
2282,[0],[0],0,[0],[0],[0],[0]
2283,[0],[0],0,[0],[0],[0],[0]
2284,[0],[0],0,[0],[0],[0],[0]
2285,[0],[0],0,[0],[0],[0],[0]
2286,[0],[0],0,[0],[0],[0],[0]
2287,[0],[0],0,[0],[0],[0],[0]
2288,[520],[228],1,[509],[217],[22],[26]
2289,[528],[221],1,[517],[210],[22],[26]
2290,[537],[217],1,[528],[206],[19],[26]
2291,[545],[217],1,[537],[206],[19],[22]
2292,[556],[213],1,[545],[202],[25],[26]
2293,[568, 520, 523],[213, 326, 333],1,[556, 517, 520],[202, 322, 333],[22, 5, 5],[26, 7, 3]
2294,[582, 523],[213, 330],1,[568, 517],[202, 322],[28, 11],[26, 15]
2295,[590, 520],[213, 330],1,[579, 514],[202, 322],[22, 14],[26, 18]
2296,[593],[221],1,[585],[210],[19],[26]
2297,[607],[228],1,[599],[217],[19],[22]
2298,[621],[232],1,[613],[221],[19],[22]
2299,[638],[240],1,[630],[232],[16],[18]
2300,[649],[251],1,[641],[236],[19],[30]
2301,[660],[262],1,[652],[251],[19],[22]
2302,[683],[277],1,[675],[270],[19],[18]
2303,[700],[288],1,[689],[277],[22],[26]
2304,[711],[311],1,[697],[296],[28],[30]
2305,[722],[330],1,[711],[318],[25],[26]
2306,[742],[348],1,[725],[337],[33],[26]
2307,[756],[367],1,[748],[360],[16],[18]
2308,[767],[390],1,[759],[378],[19],[26]
2309,[790],[416],1,[781],[405],[19],[22]
2310,[795],[438],1,[787],[427],[19],[22]
2311,[810],[468],1,[798],[457],[25],[26]
2312,[824],[480],1,[815],[468],[16],[26]
2313,[829],[472],1,[821],[461],[19],[26]
2314,[840],[468],1,[832],[457],[19],[22]
2315,[849],[465],1,[840],[453],[19],[22]
2316,[860],[461],1,[849],[446],[22],[30]
2317,[871],[453],1,[860],[442],[25],[26]
2318,[877],[457],1,[869],[442],[19],[30]
2319,[883],[457],1,[874],[446],[19],[26]
2320,[894],[468],1,[874],[453],[42],[30]
2321,[908, 888, 883],[468, 468, 468],1,[894, 888, 883],[453, 468, 468],[30, 2, 2],[33, 3, 3]
2322,[916],[472],1,[905],[457],[25],[30]
2323,[925],[476],1,[916],[465],[19],[26]
2324,[933],[483],1,[922],[472],[22],[26]
2325,[945],[495],1,[936],[483],[19],[26]
2326,[953],[510],1,[945],[498],[16],[26]
2327,[964],[528],1,[953],[513],[22],[30]
2328,[973],[536],1,[964],[525],[16],[26]
2329,[978],[555],1,[970],[543],[19],[22]
2330,[990],[573],1,[981],[562],[16],[26]
2331,[998],[596],1,[990],[585],[16],[26]
2332,[1006, 1285],[618, 123],1,[998, 1279],[607, 116],[16, 11],[26, 15]
2333,[1015],[630],1,[1006],[618],[16],[26]
2334,[1035, 1200],[630, 112],1,[1018, 1192],[618, 105],[33, 19],[26, 18]
2335,[1043, 1167],[630, 108],1,[1029, 1155],[618, 97],[30, 25],[26, 22]
2336,[1057, 1127],[633, 105],1,[1037, 1119],[618, 93],[42, 19],[33, 22]
2337,[1071, 1105],[637, 101],1,[1054, 1094],[622, 93],[36, 25],[33, 18]
2338,[1085, 1080],[645, 105],1,[1063, 1071],[630, 93],[45, 19],[30, 22]
2339,[1099, 1049],[652, 105],1,[1088, 1040],[637, 93],[25, 19],[30, 22]
2340,[1026, 1108],[105, 656],1,[1015, 1099],[97, 648],[25, 16],[18, 15]
2341,[1004],[105],1,[995],[93],[19],[22]
2342,[987],[101],1,[975],[90],[22],[26]
2343,[970],[105],1,[959],[93],[25],[22]
2344,[947, 1158, 787],[105, 708, 303],1,[933, 1150, 787],[93, 697, 303],[28, 19, 2],[22, 22, 3]
2345,[1164, 930],[701, 108],1,[1155, 922],[690, 97],[19, 19],[26, 22]
2346,[1170, 916],[693, 112],1,[1161, 908],[682, 101],[19, 19],[26, 22]
2347,[1178, 905],[690, 112],1,[1167, 897],[678, 101],[22, 16],[26, 22]
2348,[1181, 894],[686, 116],1,[1172, 888],[675, 108],[19, 14],[26, 18]
2349,[1186, 877],[686, 123],1,[1178, 866],[671, 112],[16, 22],[30, 22]
2350,[863, 1189],[123, 682],1,[852, 1181],[112, 671],[22, 19],[26, 22]
2351,[1198, 849],[682, 127],1,[1184, 835],[671, 116],[30, 30],[26, 26]
2352,[843, 1198],[138, 686],1,[835, 1198],[127, 686],[19, 2],[22, 3]
2353,[843],[138],1,[835],[127],[16],[22]
2354,[843],[138],1,[835],[127],[16],[22]
2355,[843],[138],1,[835],[131],[19],[15]
2356,[849],[138],1,[835],[131],[30],[18]
2357,[852],[138],1,[838],[127],[30],[22]
2358,[855],[138],1,[843],[127],[25],[26]
2359,[857],[138],1,[843],[127],[28],[26]
2360,[1254, 855],[697, 146],1,[1237, 843],[678, 135],[33, 22],[37, 22]
2361,[1262, 855],[697, 150],1,[1248, 846],[682, 142],[28, 19],[33, 15]
2362,[1271, 855],[701, 150],1,[1262, 846],[690, 142],[19, 16],[26, 18]
2363,[1279, 855],[716, 153],1,[1274, 849],[705, 146],[14, 11],[26, 15]
2364,[1285, 855],[723, 157],1,[1279, 852],[716, 157],[14, 5],[18, 3]
2365,[1288],[735],1,[1282],[727],[14],[18]
2366,[0],[0],0,[0],[0],[0],[0]
2367,[0],[0],0,[0],[0],[0],[0]
2368,[0],[0],0,[0],[0],[0],[0]
2369,[0],[0],0,[0],[0],[0],[0]
2370,[0],[0],0,[0],[0],[0],[0]
2371,[0],[0],0,[0],[0],[0],[0]
2372,[0],[0],0,[0],[0],[0],[0]
2373,[0],[0],0,[0],[0],[0],[0]
2374,[0],[0],0,[0],[0],[0],[0]
2375,[0],[0],0,[0],[0],[0],[0]
2376,[0],[0],0,[0],[0],[0],[0]
2377,[0],[0],0,[0],[0],[0],[0]
2378,[0],[0],0,[0],[0],[0],[0]
2379,[0],[0],0,[0],[0],[0],[0]
2380,[0],[0],0,[0],[0],[0],[0]
2381,[0],[0],0,[0],[0],[0],[0]
2382,[0],[0],0,[0],[0],[0],[0]
2383,[0],[0],0,[0],[0],[0],[0]
2384,[1431],[738],1,[1425],[727],[11],[26]
2385,[1428],[750],1,[1420],[742],[16],[18]
2386,[1411],[768],1,[1403],[757],[16],[22]
2387,[1403],[787],1,[1395],[776],[16],[22]
2388,[1392],[806],1,[1383],[795],[19],[26]
2389,[1372],[828],1,[1366],[821],[14],[15]
2390,[0],[0],0,[0],[0],[0],[0]
2391,[0],[0],0,[0],[0],[0],[0]
2392,[1372],[840],1,[1358],[825],[28],[33]
2393,[1389],[828],1,[1378],[817],[22],[26]
2394,[1400],[806],1,[1392],[795],[19],[26]
2395,[1411],[798],1,[1403],[791],[19],[18]
2396,[1420],[795],1,[1417],[791],[5],[7]
2397,[0],[0],0,[0],[0],[0],[0]
2398,[0],[0],0,[0],[0],[0],[0]
2399,[0],[0],0,[0],[0],[0],[0]
2400,[1392],[821],1,[1392],[821],[2],[3]
2401,[1392],[821],1,[1392],[821],[2],[3]
2402,[950, 1395],[232, 821],1,[945, 1392],[225, 821],[11, 5],[15, 3]
2403,[950, 1395],[232, 828],1,[942, 1389],[225, 821],[16, 11],[18, 15]
2404,[950],[232],1,[945],[225],[14],[18]
2405,[1383, 953],[836, 236],1,[1372, 947],[821, 228],[25, 14],[30, 15]
2406,[1389, 953],[825, 236],1,[1380, 947],[813, 228],[16, 14],[26, 15]
2407,[1392, 959],[813, 236],1,[1383, 956],[802, 232],[16, 5],[22, 11]
2408,[1400],[791],1,[1392],[776],[19],[33]
2409,[1411],[772],1,[1403],[761],[16],[26]
2410,[1417],[768],1,[1406],[757],[25],[22]
2411,[1428],[753],1,[1420],[746],[19],[18]
2412,[1434],[750],1,[1431],[746],[5],[7]
2413,[0],[0],0,[0],[0],[0],[0]
2414,[0],[0],0,[0],[0],[0],[0]
2415,[0],[0],0,[0],[0],[0],[0]
2416,[1023],[273],1,[1020],[270],[8],[7]
2417,[0],[0],0,[0],[0],[0],[0]
2418,[1026],[273],1,[1023],[270],[5],[7]
2419,[1029],[273],1,[1023],[270],[11],[7]
2420,[1029],[277],1,[1023],[270],[11],[15]
2421,[1032],[277],1,[1026],[273],[11],[11]
2422,[1032],[281],1,[1026],[273],[14],[15]
2423,[1035],[285],1,[1026],[273],[16],[22]
2424,[1040],[288],1,[1029],[277],[22],[22]
2425,[1043],[288],1,[1035],[277],[19],[22]
2426,[1049],[292],1,[1040],[281],[19],[22]
2427,[1054],[296],1,[1046],[285],[19],[26]
2428,[1060],[300],1,[1051],[288],[19],[26]
2429,[1063],[303],1,[1054],[292],[19],[22]
2430,[1068],[303],1,[1060],[296],[16],[15]
2431,[0],[0],0,[0],[0],[0],[0]
2432,[1082],[315],1,[1074],[300],[19],[30]
2433,[1085],[318],1,[1077],[307],[19],[22]
2434,[1091],[318],1,[1082],[307],[19],[22]
2435,[1099],[322],1,[1091],[311],[19],[22]
2436,[1105],[322],1,[1094],[311],[22],[26]
2437,[1108, 1397],[326, 633],1,[1099, 1389],[315, 622],[19, 16],[26, 22]
2438,[1389, 1110],[630, 330],1,[1383, 1105],[618, 326],[11, 11],[22, 11]
2439,[1386],[622],1,[1380],[615],[11],[15]
2440,[1378],[600],1,[1375],[596],[8],[7]
2441,[1380],[592],1,[1372],[577],[19],[30]
2442,[1383],[588],1,[1372],[577],[22],[26]
2443,[1386],[585],1,[1375],[573],[22],[22]
2444,[1392],[581],1,[1383],[570],[16],[22]
2445,[1395],[573],1,[1389],[566],[14],[15]
2446,[1395],[566],1,[1389],[558],[14],[18]
2447,[1395],[566],1,[1389],[555],[14],[22]
2448,[1383],[570],1,[1364],[558],[39],[26]
2449,[1380, 1195],[577, 378],1,[1361, 1192],[566, 371],[39, 8],[22, 15]
2450,[1375, 1195],[577, 378],1,[1358, 1186],[566, 367],[36, 19],[26, 22]
2451,[1372, 1200],[585, 378],1,[1358, 1192],[573, 367],[28, 19],[26, 26]
2452,[1369, 1209],[592, 386],1,[1358, 1198],[577, 375],[22, 22],[30, 26]
2453,[1215],[390],1,[1206],[378],[19],[26]
2454,[1223],[393],1,[1212],[382],[22],[22]
2455,[1231, 1251],[401, 551],1,[1223, 1245],[390, 543],[19, 14],[26, 18]
2456,[1240, 1192, 1155],[405, 517, 487],1,[1229, 1184, 1150],[393, 506, 480],[22, 19, 11],[26, 22, 15]
2457,[1122, 1243, 1080],[465, 405, 442],1,[1113, 1234, 1074],[453, 397, 435],[16, 19, 11],[22, 18, 18]
2458,[1248],[408],1,[1240],[397],[19],[26]
2459,[1254],[405],1,[1245],[393],[19],[22]
2460,[1260],[397],1,[1254],[393],[11],[11]
2461,[838],[292],1,[826],[277],[22],[30]
2462,[1268],[345],1,[1260],[333],[16],[26]
2463,[1271, 742],[318, 251],1,[1262, 734],[307, 240],[19, 19],[26, 26]
2464,[1276],[303],1,[1265],[292],[22],[26]
2465,[677, 1282],[221, 281],1,[669, 1276],[210, 270],[19, 14],[22, 22]
2466,[1285, 644],[266, 210],1,[1276, 638],[255, 202],[16, 14],[26, 18]
2467,[630, 1288],[206, 251],1,[618, 1279],[195, 240],[22, 16],[22, 22]
2468,[1290, 593],[240, 202],1,[1282, 585],[228, 191],[16, 16],[22, 22]
2469,[1290, 579],[228, 202],1,[1282, 570],[217, 191],[19, 19],[22, 22]
2470,[1293, 559],[217, 202],1,[1285, 551],[206, 191],[19, 19],[22, 22]
2471,[1293, 542],[206, 202],1,[1285, 534],[195, 191],[19, 19],[26, 22]
2472,[1293, 525],[195, 206],1,[1285, 517],[180, 195],[19, 19],[33, 22]
2473,[1293, 517],[191, 206],1,[1285, 506],[176, 195],[19, 22],[30, 26]
2474,[1293, 497],[183, 210],1,[1285, 489],[172, 198],[16, 19],[26, 22]
2475,[1293, 486],[180, 213],1,[1285, 478],[168, 202],[16, 19],[26, 22]
2476,[1290, 475],[180, 217],1,[1282, 466],[168, 206],[19, 19],[22, 22]
2477,[1288, 466],[180, 225],1,[1279, 458],[168, 213],[19, 16],[22, 22]
2478,[1285, 458],[180, 232],1,[1276, 450],[168, 221],[19, 19],[26, 22]
2479,[1285, 452],[180, 240],1,[1274, 441],[168, 228],[22, 22],[26, 22]
2480,[1285, 441],[187, 243],1,[1276, 433],[172, 232],[19, 19],[30, 26]
2481,[1279, 433],[180, 232],1,[1268, 424],[161, 221],[22, 19],[37, 26]
2482,[424, 1274],[221, 146],1,[416, 1265],[210, 135],[19, 16],[26, 22]
2483,[416, 1268],[213, 116],1,[405, 1260],[202, 105],[22, 16],[22, 22]
2484,[407, 1262],[206, 90],1,[399, 1254],[195, 78],[19, 19],[26, 22]
2485,[1257, 399],[60, 198],1,[1248, 390],[48, 191],[19, 19],[22, 18]
2486,[1248, 393],[33, 195],1,[1240, 385],[22, 183],[16, 16],[22, 22]
2487,[1243, 388],[15, 187],1,[1234, 379],[3, 172],[19, 16],[26, 30]
2488,[1237],[7],1,[1226],[0],[22],[18]
2489,[0],[0],0,[0],[0],[0],[0]
2490,[0],[0],0,[0],[0],[0],[0]
2491,[0],[0],0,[0],[0],[0],[0]
2492,[0],[0],0,[0],[0],[0],[0]
2493,[0],[0],0,[0],[0],[0],[0]
2494,[0],[0],0,[0],[0],[0],[0]
2495,[0],[0],0,[0],[0],[0],[0]
2496,[0],[0],0,[0],[0],[0],[0]
2497,[0],[0],0,[0],[0],[0],[0]
2498,[0],[0],0,[0],[0],[0],[0]
2499,[0],[0],0,[0],[0],[0],[0]
2500,[0],[0],0,[0],[0],[0],[0]
2501,[0],[0],0,[0],[0],[0],[0]
2502,[0],[0],0,[0],[0],[0],[0]
2503,[0],[0],0,[0],[0],[0],[0]
2504,[405],[161],1,[393],[146],[22],[30]
2505,[407],[165],1,[399],[153],[19],[22]
2506,[416],[168],1,[405],[157],[22],[22]
2507,[424],[176],1,[416],[165],[19],[26]
2508,[433],[183],1,[424],[172],[16],[26]
2509,[435],[195],1,[427],[183],[19],[22]
2510,[447],[206],1,[438],[195],[19],[26]
2511,[461],[221],1,[450],[206],[22],[30]
2512,[472, 1074],[236, 3],1,[464, 1065],[225, 0],[16, 16],[26, 11]
2513,[1068, 478],[11, 247],1,[1060, 469],[0, 236],[19, 16],[22, 26]
2514,[1063, 492],[18, 270],1,[1051, 483],[7, 258],[25, 19],[26, 22]
2515,[1057, 509],[33, 288],1,[1046, 500],[22, 277],[22, 19],[22, 22]
2516,[1051, 517],[41, 303],1,[1040, 509],[30, 292],[22, 19],[26, 26]
2517,[1049, 540],[56, 330],1,[1037, 528],[41, 318],[22, 22],[30, 26]
2518,[1040, 548],[67, 356],1,[1023, 534],[56, 341],[33, 28],[26, 30]
2519,[559, 1035],[386, 78],1,[548, 1023],[371, 67],[22, 22],[33, 26]
2520,[579, 1029, 987],[416, 97, 78],1,[568, 1018, 978],[401, 82, 71],[22, 22, 16],[33, 30, 18]
2521,[1026, 590, 990],[112, 442, 71],1,[1015, 579, 984],[97, 431, 67],[22, 22, 11],[33, 26, 7]
2522,[1020, 604],[127, 472],1,[1012, 596],[116, 461],[19, 19],[26, 22]
2523,[1018, 621],[138, 513],1,[1006, 613],[127, 498],[22, 16],[22, 30]
2524,[1009, 627],[146, 532],1,[998, 621],[131, 525],[25, 14],[33, 15]
2525,[1004],[157],1,[995],[138],[19],[37]
2526,[1004],[150],1,[995],[138],[16],[26]
2527,[1004],[138],1,[995],[127],[19],[26]
2528,[1001],[127],1,[995],[120],[11],[15]
2529,[998],[120],1,[990],[112],[16],[18]
2530,[998],[116],1,[992],[108],[11],[15]
2531,[0],[0],0,[0],[0],[0],[0]
2532,[0],[0],0,[0],[0],[0],[0]
2533,[0],[0],0,[0],[0],[0],[0]
2534,[0],[0],0,[0],[0],[0],[0]
2535,[0],[0],0,[0],[0],[0],[0]
2536,[1001, 669],[108, 457],1,[992, 663],[97, 450],[16, 11],[22, 18]
2537,[635, 998],[423, 112],1,[624, 992],[412, 105],[22, 14],[22, 18]
2538,[610, 998],[382, 127],1,[601, 992],[371, 112],[19, 14],[26, 33]
2539,[998, 593],[142, 356],1,[992, 587],[135, 352],[14, 14],[18, 11]
2540,[582, 1001, 565],[326, 150, 326],1,[573, 992, 562],[315, 142, 322],[19, 16, 8],[26, 18, 11]
2541,[559],[311],1,[551],[300],[16],[22]
2542,[562],[288],1,[551],[277],[22],[26]
2543,[542],[273],1,[531],[262],[22],[26]
2544,[531, 1020],[258, 112],1,[520, 1015],[247, 105],[22, 14],[26, 15]
2545,[520, 1023],[247, 108],1,[511, 1018],[236, 101],[16, 11],[26, 15]
2546,[511, 1020],[236, 108],1,[500, 1018],[225, 101],[22, 8],[26, 15]
2547,[500],[228],1,[489],[217],[22],[26]
2548,[492],[221],1,[483],[210],[19],[26]
2549,[486],[217],1,[478],[206],[16],[22]
2550,[478],[213],1,[469],[202],[19],[22]
2551,[475],[210],1,[466],[198],[16],[26]
2552,[469],[210],1,[461],[198],[16],[22]
2553,[466],[210],1,[458],[198],[16],[22]
2554,[464],[213],1,[455],[202],[19],[22]
2555,[464],[213],1,[455],[202],[16],[22]
2556,[461],[213],1,[452],[202],[16],[26]
2557,[458],[217],1,[450],[206],[19],[26]
2558,[455],[221],1,[447],[210],[19],[26]
2559,[455],[228],1,[444],[217],[22],[26]
2560,[452],[236],1,[444],[225],[19],[26]
2561,[452],[243],1,[444],[232],[16],[22]
2562,[450],[251],1,[441],[240],[19],[26]
2563,[450],[258],1,[441],[247],[16],[22]
2564,[450],[266],1,[444],[255],[14],[22]
2565,[452],[273],1,[444],[262],[16],[22]
2566,[452],[273],1,[444],[262],[19],[26]
2567,[455],[281],1,[450],[270],[14],[26]
2568,[441],[243],1,[427],[228],[28],[33]
2569,[452],[232],1,[444],[221],[16],[22]
2570,[461],[217],1,[452],[206],[19],[22]
2571,[469],[210],1,[461],[198],[19],[22]
2572,[480],[198],1,[469],[187],[22],[26]
2573,[492],[183],1,[483],[172],[19],[26]
2574,[500],[176],1,[492],[165],[19],[26]
2575,[517],[168],1,[506],[157],[25],[26]
2576,[523],[161],1,[511],[150],[22],[26]
2577,[531],[153],1,[523],[142],[19],[26]
2578,[545],[146],1,[537],[135],[19],[26]
2579,[559],[142],1,[551],[131],[16],[22]
2580,[570],[138],1,[562],[127],[19],[22]
2581,[587],[135],1,[576],[123],[22],[22]
2582,[601],[131],1,[593],[120],[16],[22]
2583,[610],[127],1,[601],[116],[19],[26]
2584,[632],[131],1,[624],[120],[19],[26]
2585,[644],[131],1,[635],[120],[16],[26]
2586,[658],[135],1,[649],[123],[19],[22]
2587,[675],[135],1,[666],[127],[16],[18]
2588,[689],[138],1,[680],[127],[16],[22]
2589,[700],[142],1,[689],[131],[22],[26]
2590,[722],[153],1,[711],[142],[22],[22]
2591,[731],[161],1,[720],[146],[25],[30]
2592,[753],[168],1,[742],[157],[22],[26]
2593,[767],[180],1,[759],[168],[16],[22]
2594,[779],[191],1,[770],[180],[19],[22]
2595,[795],[202],1,[787],[191],[19],[22]
2596,[807],[210],1,[798],[198],[19],[26]
2597,[835, 812],[228, 221],1,[826, 807],[217, 213],[19, 14],[26, 15]
2598,[846],[240],1,[838],[228],[19],[26]
2599,[857],[258],1,[846],[247],[22],[26]
2600,[874],[273],1,[863],[262],[22],[26]
2601,[885],[288],1,[874],[277],[22],[26]
2602,[897],[300],1,[888],[288],[19],[26]
2603,[0],[0],0,[0],[0],[0],[0]
2604,[0],[0],0,[0],[0],[0],[0]
2605,[0],[0],0,[0],[0],[0],[0]
2606,[0],[0],0,[0],[0],[0],[0]
2607,[0],[0],0,[0],[0],[0],[0]
2608,[0],[0],0,[0],[0],[0],[0]
2609,[0],[0],0,[0],[0],[0],[0]
2610,[0],[0],0,[0],[0],[0],[0]
2611,[0],[0],0,[0],[0],[0],[0]
2612,[0],[0],0,[0],[0],[0],[0]
2613,[0],[0],0,[0],[0],[0],[0]
2614,[0],[0],0,[0],[0],[0],[0]
2615,[0],[0],0,[0],[0],[0],[0]
2616,[1032],[120],1,[1018],[108],[30],[22]
2617,[1049],[112],1,[1037],[97],[22],[30]
2618,[1068],[105],1,[1054],[93],[28],[26]
2619,[1099, 992],[97, 240],1,[1085, 981],[86, 228],[30, 22],[22, 22]
2620,[1125, 973],[93, 213],1,[1113, 964],[82, 202],[25, 16],[22, 26]
2621,[947, 1155],[202, 86],1,[939, 1147],[191, 78],[19, 19],[22, 18]
2622,[930, 1170],[187, 82],1,[922, 1164],[176, 75],[16, 14],[22, 18]
2623,[1203, 908],[82, 172],1,[1192, 900],[71, 161],[22, 19],[26, 26]
2624,[1237, 897],[82, 168],1,[1223, 885],[71, 157],[28, 22],[22, 22]
2625,[1251, 880],[78, 157],1,[1240, 871],[67, 146],[22, 16],[22, 26]
2626,[1274, 863],[78, 150],1,[1262, 855],[67, 142],[25, 19],[22, 18]
2627,[1305, 849],[82, 146],1,[1288, 840],[71, 135],[33, 19],[22, 26]
2628,[835, 1319],[142, 86],1,[826, 1310],[135, 78],[19, 16],[18, 15]
2629,[824],[142],1,[815],[131],[16],[22]
2630,[810],[142],1,[801],[131],[19],[22]
2631,[798, 1423],[142, 86],1,[787, 1420],[131, 82],[22, 8],[22, 11]
2632,[790],[142],1,[779],[131],[22],[26]
2633,[779],[146],1,[767],[131],[25],[30]
2634,[767],[150],1,[759],[138],[19],[22]
2635,[756],[153],1,[745],[142],[25],[22]
2636,[750],[153],1,[742],[142],[19],[22]
2637,[745],[157],1,[736],[146],[19],[26]
2638,[739],[165],1,[731],[153],[16],[22]
2639,[725],[172],1,[717],[161],[16],[22]
2640,[0],[0],0,[0],[0],[0],[0]
2641,[0],[0],0,[0],[0],[0],[0]
2642,[0],[0],0,[0],[0],[0],[0]
2643,[0],[0],0,[0],[0],[0],[0]
2644,[0],[0],0,[0],[0],[0],[0]
2645,[0],[0],0,[0],[0],[0],[0]
2646,[0],[0],0,[0],[0],[0],[0]
2647,[697],[135],1,[691],[127],[11],[18]
2648,[697],[135],1,[686],[123],[22],[26]
2649,[697],[135],1,[686],[120],[22],[30]
2650,[694],[131],1,[683],[120],[22],[26]
2651,[686],[131],1,[672],[120],[28],[26]
2652,[680],[131],1,[669],[120],[25],[26]
2653,[680],[131],1,[669],[116],[22],[30]
2654,[677],[131],1,[666],[116],[25],[30]
2655,[677],[131],1,[666],[120],[25],[26]
2656,[675],[135],1,[666],[127],[16],[18]
2657,[672],[138],1,[666],[131],[14],[18]
2658,[669],[135],1,[669],[135],[2],[3]
2659,[0],[0],0,[0],[0],[0],[0]
2660,[0],[0],0,[0],[0],[0],[0]
2661,[0],[0],0,[0],[0],[0],[0]
2662,[0],[0],0,[0],[0],[0],[0]
2663,[660],[123],1,[658],[116],[8],[15]
2664,[663],[120],1,[652],[108],[22],[22]
2665,[663],[120],1,[652],[108],[22],[22]
2666,[660],[116],1,[652],[105],[19],[22]
2667,[660],[112],1,[652],[105],[16],[18]
2668,[658],[112],1,[652],[105],[14],[18]
2669,[658],[112],1,[652],[101],[14],[22]
2670,[658],[108],1,[652],[101],[14],[18]
2671,[658],[112],1,[652],[101],[14],[22]
2672,[660],[112],1,[646],[101],[30],[26]
2673,[658],[112],1,[644],[101],[30],[26]
2674,[658],[116],1,[644],[101],[30],[30]
2675,[658],[116],1,[644],[105],[28],[26]
2676,[658],[120],1,[646],[108],[25],[26]
2677,[658],[127],1,[646],[112],[25],[30]
2678,[658],[131],1,[646],[116],[22],[30]
2679,[658],[135],1,[646],[123],[22],[26]
2680,[655],[142],1,[646],[127],[19],[30]
2681,[655],[150],1,[646],[135],[19],[30]
2682,[655],[153],1,[646],[142],[16],[26]
2683,[655],[157],1,[646],[146],[16],[22]
2684,[655],[157],1,[646],[150],[16],[18]
2685,[655],[153],1,[646],[146],[16],[18]
2686,[652],[150],1,[646],[142],[14],[18]
2687,[652],[150],1,[646],[142],[11],[18]
2688,[1428],[52],1,[1423],[45],[11],[15]
2689,[0],[0],0,[0],[0],[0],[0]
2690,[1395],[71],1,[1392],[67],[5],[7]
2691,[1380],[75],1,[1375],[67],[11],[18]
2692,[1369],[86],1,[1361],[75],[16],[22]
2693,[1358],[93],1,[1350],[86],[19],[18]
2694,[1341],[108],1,[1330],[97],[22],[26]
2695,[1330],[120],1,[1316],[105],[28],[30]
2696,[1305],[123],1,[1288],[112],[33],[22]
2697,[1296],[135],1,[1282],[120],[30],[30]
2698,[1285],[142],1,[1268],[127],[33],[33]
2699,[1279],[150],1,[1262],[131],[33],[37]
2700,[1276],[146],1,[1260],[131],[36],[33]
2701,[1276],[142],1,[1260],[127],[33],[30]
2702,[1276],[135],1,[1260],[123],[36],[26]
2703,[1276],[127],1,[1260],[112],[36],[33]
2704,[0],[0],0,[0],[0],[0],[0]
2705,[0],[0],0,[0],[0],[0],[0]
2706,[0],[0],0,[0],[0],[0],[0]
2707,[0],[0],0,[0],[0],[0],[0]
2708,[0],[0],0,[0],[0],[0],[0]
2709,[0],[0],0,[0],[0],[0],[0]
2710,[0],[0],0,[0],[0],[0],[0]
2711,[0],[0],0,[0],[0],[0],[0]
2712,[1285],[86],1,[1274],[71],[25],[30]
2713,[1310],[90],1,[1305],[82],[11],[15]
2714,[1316],[90],1,[1307],[82],[16],[18]
2715,[1347, 1319],[93, 82],1,[1344, 1316],[86, 82],[8, 5],[15, 3]
2716,[1375],[105],1,[1366],[97],[16],[18]
2717,[1383],[108],1,[1375],[101],[16],[18]
2718,[1425],[120],1,[1417],[108],[16],[22]
2719,[0],[0],0,[0],[0],[0],[0]
2720,[0],[0],0,[0],[0],[0],[0]
2721,[0],[0],0,[0],[0],[0],[0]
2722,[0],[0],0,[0],[0],[0],[0]
2723,[0],[0],0,[0],[0],[0],[0]
2724,[0],[0],0,[0],[0],[0],[0]
2725,[0],[0],0,[0],[0],[0],[0]
2726,[0],[0],0,[0],[0],[0],[0]
2727,[0],[0],0,[0],[0],[0],[0]
2728,[0],[0],0,[0],[0],[0],[0]
2729,[0],[0],0,[0],[0],[0],[0]
2730,[0],[0],0,[0],[0],[0],[0]
2731,[0],[0],0,[0],[0],[0],[0]
2732,[0],[0],0,[0],[0],[0],[0]
2733,[0],[0],0,[0],[0],[0],[0]
2734,[0],[0],0,[0],[0],[0],[0]
2735,[0],[0],0,[0],[0],[0],[0]
2736,[0],[0],0,[0],[0],[0],[0]
2737,[0],[0],0,[0],[0],[0],[0]
2738,[0],[0],0,[0],[0],[0],[0]
2739,[0],[0],0,[0],[0],[0],[0]
2740,[0],[0],0,[0],[0],[0],[0]
2741,[0],[0],0,[0],[0],[0],[0]
2742,[0],[0],0,[0],[0],[0],[0]
2743,[0],[0],0,[0],[0],[0],[0]
2744,[0],[0],0,[0],[0],[0],[0]
2745,[0],[0],0,[0],[0],[0],[0]
2746,[0],[0],0,[0],[0],[0],[0]
2747,[0],[0],0,[0],[0],[0],[0]
2748,[0],[0],0,[0],[0],[0],[0]
2749,[0],[0],0,[0],[0],[0],[0]
2750,[0],[0],0,[0],[0],[0],[0]
2751,[0],[0],0,[0],[0],[0],[0]
2752,[0],[0],0,[0],[0],[0],[0]
2753,[0],[0],0,[0],[0],[0],[0]
2754,[0],[0],0,[0],[0],[0],[0]
2755,[0],[0],0,[0],[0],[0],[0]
2756,[0],[0],0,[0],[0],[0],[0]
2757,[0],[0],0,[0],[0],[0],[0]
2758,[0],[0],0,[0],[0],[0],[0]
2759,[0],[0],0,[0],[0],[0],[0]
2760,[0],[0],0,[0],[0],[0],[0]
2761,[0],[0],0,[0],[0],[0],[0]
2762,[0],[0],0,[0],[0],[0],[0]
2763,[0],[0],0,[0],[0],[0],[0]
2764,[0],[0],0,[0],[0],[0],[0]
2765,[0],[0],0,[0],[0],[0],[0]
2766,[0],[0],0,[0],[0],[0],[0]
2767,[0],[0],0,[0],[0],[0],[0]
2768,[0],[0],0,[0],[0],[0],[0]
2769,[0],[0],0,[0],[0],[0],[0]
2770,[0],[0],0,[0],[0],[0],[0]
2771,[0],[0],0,[0],[0],[0],[0]
2772,[0],[0],0,[0],[0],[0],[0]
2773,[0],[0],0,[0],[0],[0],[0]
2774,[0],[0],0,[0],[0],[0],[0]
2775,[0],[0],0,[0],[0],[0],[0]
2776,[0],[0],0,[0],[0],[0],[0]
2777,[0],[0],0,[0],[0],[0],[0]
2778,[0],[0],0,[0],[0],[0],[0]
2779,[0],[0],0,[0],[0],[0],[0]
2780,[0],[0],0,[0],[0],[0],[0]
2781,[0],[0],0,[0],[0],[0],[0]
2782,[0],[0],0,[0],[0],[0],[0]
2783,[0],[0],0,[0],[0],[0],[0]
2784,[0],[0],0,[0],[0],[0],[0]
2785,[0],[0],0,[0],[0],[0],[0]
2786,[0],[0],0,[0],[0],[0],[0]
2787,[0],[0],0,[0],[0],[0],[0]
2788,[0],[0],0,[0],[0],[0],[0]
2789,[0],[0],0,[0],[0],[0],[0]
2790,[0],[0],0,[0],[0],[0],[0]
2791,[0],[0],0,[0],[0],[0],[0]
2792,[0],[0],0,[0],[0],[0],[0]
2793,[0],[0],0,[0],[0],[0],[0]
2794,[0],[0],0,[0],[0],[0],[0]
2795,[0],[0],0,[0],[0],[0],[0]
2796,[0],[0],0,[0],[0],[0],[0]
2797,[0],[0],0,[0],[0],[0],[0]
2798,[0],[0],0,[0],[0],[0],[0]
2799,[0],[0],0,[0],[0],[0],[0]
2800,[0],[0],0,[0],[0],[0],[0]
2801,[0],[0],0,[0],[0],[0],[0]
2802,[0],[0],0,[0],[0],[0],[0]
2803,[0],[0],0,[0],[0],[0],[0]
2804,[0],[0],0,[0],[0],[0],[0]
2805,[0],[0],0,[0],[0],[0],[0]
2806,[0],[0],0,[0],[0],[0],[0]
2807,[0],[0],0,[0],[0],[0],[0]
2808,[466],[101],1,[455],[86],[25],[30]
2809,[464],[93],1,[452],[82],[22],[22]
2810,[458],[86],1,[450],[71],[19],[30]
2811,[455],[78],1,[447],[67],[19],[22]
2812,[452],[75],1,[444],[63],[19],[26]
2813,[450],[71],1,[441],[60],[19],[26]
2814,[447],[71],1,[438],[60],[19],[22]
2815,[447],[67],1,[438],[56],[19],[26]
2816,[444],[67],1,[435],[56],[16],[26]
2817,[441],[71],1,[433],[60],[19],[22]
2818,[441],[71],1,[433],[60],[19],[26]
2819,[438],[75],1,[430],[63],[19],[26]
2820,[435],[78],1,[427],[67],[19],[26]
2821,[433],[86],1,[424],[75],[19],[26]
2822,[430],[93],1,[421],[82],[19],[26]
2823,[427],[105],1,[419],[93],[19],[22]
2824,[424],[116],1,[416],[105],[16],[26]
2825,[424],[131],1,[416],[120],[16],[22]
2826,[421],[146],1,[416],[135],[14],[26]
2827,[421],[168],1,[413],[157],[16],[22]
2828,[419],[183],1,[413],[172],[14],[22]
2829,[419],[213],1,[410],[202],[16],[26]
2830,[416],[240],1,[407],[228],[16],[22]
2831,[419],[270],1,[410],[258],[19],[26]
2832,[419, 450],[303, 123],1,[407, 444],[288, 116],[22, 14],[30, 18]
2833,[419, 450, 452],[330, 120, 127],1,[407, 447, 450],[315, 120, 127],[22, 8, 5],[30, 3, 3]
2834,[416],[371],1,[407],[363],[16],[18]
2835,[419],[420],1,[410],[401],[19],[41]
2836,[421],[457],1,[413],[442],[16],[30]
2837,[424],[506],1,[416],[495],[16],[22]
2838,[427],[558],1,[419],[547],[16],[22]
2839,[430],[603],1,[421],[592],[16],[26]
2840,[424, 1282],[615, 90],1,[416, 1274],[603, 82],[19, 16],[26, 18]
2841,[413, 1274],[618, 105],1,[405, 1265],[607, 93],[19, 16],[22, 22]
2842,[1265, 405],[116, 622],1,[1254, 396],[105, 611],[22, 16],[22, 22]
2843,[1254, 393],[131, 630],1,[1245, 385],[120, 618],[19, 19],[22, 22]
2844,[385, 1248],[637, 138],1,[376, 1240],[626, 131],[19, 16],[26, 18]
2845,[371, 1248],[648, 135],1,[362, 1240],[637, 127],[19, 16],[26, 18]
2846,[360, 1248],[663, 131],1,[351, 1245],[652, 127],[19, 5],[26, 7]
2847,[351],[686],1,[343],[671],[19],[30]
2848,[343, 1251],[708, 112],1,[334, 1243],[697, 105],[19, 19],[26, 18]
2849,[329, 1251],[735, 108],1,[320, 1245],[723, 101],[16, 11],[26, 15]
2850,[320, 317],[768, 757],1,[317, 317],[765, 757],[5, 2],[7, 3]
2851,[0],[0],0,[0],[0],[0],[0]
2852,[0],[0],0,[0],[0],[0],[0]
2853,[0],[0],0,[0],[0],[0],[0]
2854,[0],[0],0,[0],[0],[0],[0]
2855,[0],[0],0,[0],[0],[0],[0]
2856,[0],[0],0,[0],[0],[0],[0]
2857,[0],[0],0,[0],[0],[0],[0]
2858,[0],[0],0,[0],[0],[0],[0]
2859,[0],[0],0,[0],[0],[0],[0]
2860,[0],[0],0,[0],[0],[0],[0]
2861,[0],[0],0,[0],[0],[0],[0]
2862,[0],[0],0,[0],[0],[0],[0]
2863,[0],[0],0,[0],[0],[0],[0]
2864,[289],[858],1,[284],[847],[14],[22]
2865,[0],[0],0,[0],[0],[0],[0]
2866,[0],[0],0,[0],[0],[0],[0]
2867,[0],[0],0,[0],[0],[0],[0]
2868,[0],[0],0,[0],[0],[0],[0]
2869,[402],[948],1,[396],[937],[14],[22]
2870,[0],[0],0,[0],[0],[0],[0]
2871,[0],[0],0,[0],[0],[0],[0]
2872,[393, 1215],[903, 71],1,[376, 1209],[888, 63],[36, 14],[30, 15]
2873,[390, 1209],[892, 78],1,[376, 1198],[881, 67],[30, 22],[22, 22]
2874,[390, 1203],[877, 90],1,[379, 1195],[862, 82],[25, 19],[33, 18]
2875,[390, 1200],[873, 101],1,[376, 1189],[858, 90],[28, 22],[30, 22]
2876,[390, 1192],[866, 112],1,[376, 1184],[855, 105],[28, 16],[26, 15]
2877,[393, 1181],[858, 123],1,[382, 1172],[847, 112],[22, 16],[22, 22]
2878,[1175],[131],1,[1167],[120],[19],[26]
2879,[1175],[127],1,[1167],[116],[19],[22]
2880,[0],[0],0,[0],[0],[0],[0]
2881,[0],[0],0,[0],[0],[0],[0]
2882,[0],[0],0,[0],[0],[0],[0]
2883,[0],[0],0,[0],[0],[0],[0]
2884,[0],[0],0,[0],[0],[0],[0]
2885,[0],[0],0,[0],[0],[0],[0]
2886,[281],[918],1,[278],[915],[8],[11]
2887,[278],[918],1,[272],[911],[11],[15]
2888,[0],[0],0,[0],[0],[0],[0]
2889,[0],[0],0,[0],[0],[0],[0]
2890,[0],[0],0,[0],[0],[0],[0]
2891,[0],[0],0,[0],[0],[0],[0]
2892,[0],[0],0,[0],[0],[0],[0]
2893,[0],[0],0,[0],[0],[0],[0]
2894,[0],[0],0,[0],[0],[0],[0]
2895,[0],[0],0,[0],[0],[0],[0]
2896,[185],[881],1,[174],[870],[22],[26]
2897,[188],[877],1,[177],[866],[25],[26]
2898,[199],[873],1,[185],[862],[30],[26]
2899,[208],[873],1,[194],[862],[28],[26]
2900,[216],[873],1,[202],[862],[30],[26]
2901,[227],[873],1,[216],[862],[22],[26]
2902,[0],[0],0,[0],[0],[0],[0]
2903,[0],[0],0,[0],[0],[0],[0]
2904,[0],[0],0,[0],[0],[0],[0]
2905,[0],[0],0,[0],[0],[0],[0]
2906,[0],[0],0,[0],[0],[0],[0]
2907,[0],[0],0,[0],[0],[0],[0]
2908,[0],[0],0,[0],[0],[0],[0]
2909,[0],[0],0,[0],[0],[0],[0]
2910,[348],[975],1,[343],[967],[14],[18]
2911,[0],[0],0,[0],[0],[0],[0]
2912,[0],[0],0,[0],[0],[0],[0]
2913,[0],[0],0,[0],[0],[0],[0]
2914,[0],[0],0,[0],[0],[0],[0]
2915,[0],[0],0,[0],[0],[0],[0]
2916,[0],[0],0,[0],[0],[0],[0]
2917,[0],[0],0,[0],[0],[0],[0]
2918,[0],[0],0,[0],[0],[0],[0]
2919,[0],[0],0,[0],[0],[0],[0]
2920,[0],[0],0,[0],[0],[0],[0]
2921,[0],[0],0,[0],[0],[0],[0]
2922,[0],[0],0,[0],[0],[0],[0]
2923,[0],[0],0,[0],[0],[0],[0]
2924,[0],[0],0,[0],[0],[0],[0]
2925,[0],[0],0,[0],[0],[0],[0]
2926,[0],[0],0,[0],[0],[0],[0]
2927,[0],[0],0,[0],[0],[0],[0]
2928,[0],[0],0,[0],[0],[0],[0]
2929,[0],[0],0,[0],[0],[0],[0]
2930,[205],[888],1,[205],[888],[2],[3]
2931,[0],[0],0,[0],[0],[0],[0]
2932,[0],[0],0,[0],[0],[0],[0]
2933,[0],[0],0,[0],[0],[0],[0]
2934,[0],[0],0,[0],[0],[0],[0]
2935,[0],[0],0,[0],[0],[0],[0]
2936,[182],[907],1,[174],[900],[16],[18]
2937,[185],[903],1,[177],[892],[16],[26]
2938,[191],[896],1,[182],[881],[19],[30]
2939,[199],[888],1,[191],[877],[19],[22]
2940,[205],[885],1,[202],[881],[8],[11]
2941,[0],[0],0,[0],[0],[0],[0]
2942,[0],[0],0,[0],[0],[0],[0]
2943,[258],[851],1,[253],[847],[11],[11]
2944,[0],[0],0,[0],[0],[0],[0]
2945,[0],[0],0,[0],[0],[0],[0]
2946,[0],[0],0,[0],[0],[0],[0]
2947,[0],[0],0,[0],[0],[0],[0]
2948,[0],[0],0,[0],[0],[0],[0]
2949,[0],[0],0,[0],[0],[0],[0]
2950,[0],[0],0,[0],[0],[0],[0]
2951,[0],[0],0,[0],[0],[0],[0]
2952,[388],[825],1,[379],[813],[19],[22]
2953,[393],[825],1,[385],[817],[16],[15]
2954,[396],[825],1,[388],[813],[16],[26]
2955,[402],[821],1,[396],[810],[14],[22]
2956,[410],[810],1,[399],[795],[22],[30]
2957,[416],[806],1,[405],[791],[22],[30]
2958,[416],[798],1,[405],[787],[25],[26]
2959,[421],[791],1,[410],[780],[25],[26]
2960,[438],[783],1,[421],[768],[33],[33]
2961,[444],[783],1,[427],[765],[33],[41]
2962,[447],[783],1,[433],[765],[28],[37]
2963,[455],[783],1,[444],[768],[25],[33]
2964,[466],[783],1,[455],[772],[25],[26]
2965,[475],[787],1,[464],[772],[25],[30]
2966,[492],[798],1,[480],[787],[22],[26]
2967,[500],[806],1,[489],[795],[25],[26]
2968,[514],[817],1,[503],[802],[25],[33]
2969,[523],[825],1,[514],[810],[19],[33]
2970,[528],[840],1,[520],[828],[19],[26]
2971,[554],[738],1,[545],[727],[16],[26]
2972,[559, 570],[675, 615],1,[551, 562],[663, 607],[19, 16],[26, 18]
2973,[582],[551],1,[573],[532],[16],[37]
2974,[593],[468],1,[585],[457],[16],[26]
2975,[604],[416],1,[596],[405],[16],[26]
2976,[615],[367],1,[604],[352],[22],[30]
2977,[624],[311],1,[615],[300],[19],[26]
2978,[627],[292],1,[618],[277],[19],[30]
2979,[635],[270],1,[627],[258],[19],[22]
2980,[641],[251],1,[632],[240],[16],[22]
2981,[644],[232],1,[635],[221],[16],[26]
2982,[646],[221],1,[638],[210],[19],[26]
2983,[652],[213],1,[641],[202],[22],[22]
2984,[1105, 655],[105, 210],1,[1091, 644],[93, 195],[30, 22],[22, 30]
2985,[1122, 655],[101, 206],1,[1110, 646],[90, 191],[22, 19],[26, 30]
2986,[1133, 660],[101, 198],1,[1122, 652],[90, 187],[25, 19],[22, 22]
2987,[1158, 663],[101, 198],1,[1141, 655],[90, 187],[33, 19],[22, 22]
2988,[1175, 666],[97, 198],1,[1161, 658],[86, 187],[28, 19],[26, 22]
2989,[1195, 669],[101, 198],1,[1178, 660],[90, 187],[33, 19],[22, 22]
2990,[1215, 672],[101, 198],1,[1203, 660],[90, 187],[22, 22],[22, 22]
2991,[675, 1240],[198, 105],1,[663, 1231],[187, 93],[22, 19],[26, 22]
2992,[1254, 675],[108, 202],1,[1243, 669],[97, 191],[22, 14],[22, 22]
2993,[1271, 677, 1282],[112, 202, 127],1,[1260, 672, 1279],[105, 195, 127],[22, 11, 5],[18, 18, 3]
2994,[1288, 680],[123, 202],1,[1279, 680],[116, 202],[19, 2],[18, 3]
2995,[675, 1338],[198, 127],1,[669, 1333],[191, 123],[14, 11],[15, 11]
2996,[1350, 675],[142, 187],1,[1341, 672],[131, 183],[16, 8],[22, 11]
2997,[0],[0],0,[0],[0],[0],[0]
2998,[0],[0],0,[0],[0],[0],[0]
2999,[677, 1423],[153, 180],1,[675, 1423],[153, 180],[5, 2],[3, 3]
3000,[0],[0],0,[0],[0],[0],[0]
3001,[0],[0],0,[0],[0],[0],[0]
3002,[0],[0],0,[0],[0],[0],[0]
3003,[680],[138],1,[680],[138],[2],[3]
3004,[677],[135],1,[672],[127],[11],[18]
3005,[677],[127],1,[672],[120],[11],[15]
3006,[677],[120],1,[675],[116],[5],[7]
3007,[675],[105],1,[672],[101],[8],[11]
3008,[0],[0],0,[0],[0],[0],[0]
3009,[0],[0],0,[0],[0],[0],[0]
3010,[0],[0],0,[0],[0],[0],[0]
3011,[0],[0],0,[0],[0],[0],[0]
3012,[0],[0],0,[0],[0],[0],[0]
3013,[0],[0],0,[0],[0],[0],[0]
3014,[652],[78],1,[646],[71],[11],[15]
3015,[652],[75],1,[646],[67],[14],[18]
3016,[649],[75],1,[641],[63],[19],[26]
3017,[649],[75],1,[638],[63],[22],[22]
3018,[644],[75],1,[632],[63],[25],[26]
3019,[644],[78],1,[632],[67],[25],[22]
3020,[644],[78],1,[632],[67],[22],[26]
3021,[644, 691],[82, 101],1,[632, 686],[71, 93],[22, 14],[26, 18]
3022,[641, 697],[90, 108],1,[632, 689],[75, 97],[19, 16],[30, 22]
3023,[641, 700],[97, 116],1,[630, 691],[82, 105],[22, 16],[33, 22]
3024,[635],[108],1,[624],[97],[22],[22]
3025,[635],[116],1,[624],[105],[22],[26]
3026,[630],[131],1,[621],[120],[19],[22]
3027,[624],[142],1,[615],[131],[16],[22]
3028,[621],[161],1,[613],[150],[16],[22]
3029,[621],[176],1,[613],[165],[16],[26]
3030,[618],[195],1,[610],[183],[16],[22]
3031,[615],[217],1,[607],[206],[19],[26]
3032,[613, 1327],[240, 180],1,[604, 1324],[228, 172],[19, 8],[26, 18]
3033,[613, 1327],[273, 183],1,[604, 1321],[262, 176],[16, 11],[26, 15]
3034,[607, 1324],[303, 187],1,[599, 1319],[288, 180],[19, 14],[30, 18]
3035,[610, 1321],[333, 191],1,[601, 1313],[318, 180],[19, 19],[30, 26]
3036,[1319, 607],[202, 367],1,[1307, 599],[187, 356],[25, 19],[30, 26]
3037,[1319, 604],[206, 412],1,[1305, 596],[191, 401],[28, 16],[30, 26]
3038,[1316, 604],[213, 446],1,[1305, 596],[202, 435],[25, 16],[26, 26]
3039,[1313, 601],[217, 487],1,[1302, 593],[206, 472],[25, 16],[26, 30]
3040,[599, 1307],[528, 232],1,[590, 1299],[517, 221],[19, 16],[26, 22]
3041,[1307, 601],[240, 573],1,[1296, 593],[228, 562],[22, 16],[26, 26]
3042,[599, 1307],[626, 243],1,[590, 1296],[611, 236],[16, 25],[30, 18]
3043,[596],[660],1,[585],[648],[22],[26]
3044,[593],[660],1,[585],[648],[16],[26]
3045,[587],[652],1,[576],[641],[22],[26]
3046,[585],[656],1,[570],[641],[28],[30]
3047,[579],[656],1,[568],[641],[25],[30]
3048,[1327, 579],[236, 656],1,[1316, 570],[225, 645],[22, 19],[26, 26]
3049,[1330, 576],[240, 660],1,[1319, 568],[228, 648],[22, 19],[26, 26]
3050,[1330, 573],[247, 667],1,[1319, 565],[232, 656],[25, 16],[30, 26]
3051,[1333, 568],[251, 678],1,[1321, 559],[236, 663],[22, 19],[30, 30]
3052,[1333, 565],[255, 686],1,[1321, 556],[240, 675],[25, 19],[30, 26]
3053,[1335, 565],[258, 697],1,[1321, 554],[247, 686],[28, 22],[22, 26]
3054,[562, 1338],[712, 255],1,[554, 1327],[701, 247],[19, 22],[26, 18]
3055,[562, 1341, 658],[727, 255, 225],1,[551, 1335, 658],[712, 247, 225],[22, 14, 2],[30, 18, 3]
3056,[1347, 559, 562],[255, 697, 660],1,[1333, 551, 556],[240, 682, 652],[30, 16, 11],[33, 30, 18]
3057,[1350, 565, 579],[255, 573, 352],1,[1333, 556, 573],[240, 562, 345],[33, 19, 11],[30, 26, 15]
3058,[1352, 573],[255, 480],1,[1335, 565],[243, 465],[33, 19],[26, 30]
3059,[582, 1358],[416, 258],1,[570, 1350],[401, 247],[22, 19],[30, 22]
3060,[1361, 585],[270, 307],1,[1355, 579],[255, 300],[14, 14],[30, 15]
3061,[1364, 585],[270, 255],1,[1358, 576],[258, 247],[14, 16],[22, 18]
3062,[1366, 587],[270, 213],1,[1358, 579],[258, 202],[16, 16],[22, 22]
3063,[1366, 587],[270, 161],1,[1358, 579],[255, 150],[19, 19],[30, 26]
3064,[1361, 593],[262, 127],1,[1352, 585],[251, 116],[19, 19],[22, 22]
3065,[593, 1364],[90, 262],1,[585, 1361],[78, 258],[16, 8],[22, 7]
3066,[599],[63],1,[590],[52],[16],[26]
3067,[601],[41],1,[593],[30],[16],[26]
3068,[607],[18],1,[596],[7],[22],[26]
3069,[610],[11],1,[601],[0],[19],[22]
3070,[0],[0],0,[0],[0],[0],[0]
3071,[0],[0],0,[0],[0],[0],[0]
3072,[1378],[281],1,[1369],[270],[19],[26]
3073,[0],[0],0,[0],[0],[0],[0]
3074,[0],[0],0,[0],[0],[0],[0]
3075,[0],[0],0,[0],[0],[0],[0]
3076,[0],[0],0,[0],[0],[0],[0]
3077,[0],[0],0,[0],[0],[0],[0]
3078,[0],[0],0,[0],[0],[0],[0]
3079,[0],[0],0,[0],[0],[0],[0]
3080,[0],[0],0,[0],[0],[0],[0]
3081,[0],[0],0,[0],[0],[0],[0]
3082,[621],[18],1,[618],[11],[8],[15]
3083,[638],[7],1,[632],[0],[11],[15]
3084,[641],[11],1,[632],[0],[19],[22]
3085,[649],[11],1,[641],[0],[16],[26]
3086,[675],[18],1,[666],[7],[16],[26]
3087,[694],[30],1,[686],[18],[19],[22]
3088,[705],[33],1,[694],[22],[22],[26]
3089,[725],[41],1,[717],[30],[19],[26]
3090,[750],[52],1,[742],[41],[16],[22]
3091,[773],[67],1,[765],[56],[16],[22]
3092,[798],[82],1,[790],[71],[16],[22]
3093,[829, 804],[93, 86],1,[821, 795],[82, 78],[16, 16],[22, 18]
3094,[835, 852],[108, 116],1,[829, 846],[101, 108],[11, 11],[18, 15]
3095,[871],[127],1,[860],[116],[22],[26]
3096,[900, 1417],[150, 288],1,[891, 1409],[138, 277],[19, 16],[26, 22]
3097,[928],[180],1,[919],[168],[19],[26]
3098,[953],[202],1,[939],[187],[30],[30]
3099,[992, 1366],[228, 270],1,[984, 1361],[217, 262],[16, 14],[26, 18]
3100,[1350, 1015],[266, 258],1,[1333, 1006],[255, 247],[36, 16],[22, 22]
3101,[1341, 1040],[262, 285],1,[1327, 1032],[247, 273],[28, 19],[30, 26]
3102,[1333, 1077],[258, 318],1,[1319, 1068],[243, 307],[28, 16],[30, 22]
3103,[1327, 1105, 1125],[251, 348, 356],1,[1313, 1096, 1122],[236, 337, 352],[30, 19, 8],[30, 26, 7]
3104,[1307, 1139],[247, 382],1,[1290, 1127],[232, 371],[36, 25],[33, 22]
3105,[1302, 1170],[243, 420],1,[1285, 1161],[232, 408],[36, 16],[26, 22]
3106,[1296, 1198, 1226],[240, 457, 472],1,[1279, 1189, 1226],[228, 446, 472],[36, 19, 2],[26, 26, 3]
3107,[1290, 1234],[236, 476],1,[1274, 1226],[225, 465],[33, 19],[26, 26]
3108,[1279, 1262],[232, 468],1,[1265, 1254],[221, 457],[30, 19],[26, 22]
3109,[1271, 1293],[228, 457],1,[1260, 1285],[217, 446],[22, 19],[26, 26]
3110,[1265, 1316],[228, 457],1,[1254, 1307],[217, 446],[22, 19],[22, 22]
3111,[1260, 1341],[225, 450],1,[1245, 1333],[213, 438],[30, 19],[26, 26]
3112,[1248],[225],1,[1237],[210],[22],[30]
3113,[1243],[221],1,[1231],[210],[25],[22]
3114,[1237, 1428],[217, 446],1,[1223, 1423],[206, 438],[28, 11],[26, 15]
3115,[1229],[217],1,[1217],[206],[22],[26]
3116,[1226],[217],1,[1215],[202],[22],[30]
3117,[1223],[213],1,[1212],[202],[22],[26]
3118,[1217],[213],1,[1209],[202],[19],[26]
3119,[1215],[213],1,[1203],[202],[25],[22]
3120,[1206],[206],1,[1195],[195],[25],[26]
3121,[1203],[206],1,[1192],[191],[22],[30]
3122,[1200],[202],1,[1189],[191],[22],[26]
3123,[1195],[198],1,[1186],[187],[19],[26]
3124,[1189],[198],1,[1181],[187],[19],[26]
3125,[1186],[198],1,[1175],[187],[22],[22]
3126,[1181],[198],1,[1172],[187],[19],[22]
3127,[1178],[198],1,[1170],[187],[19],[22]
3128,[1170],[195],1,[1161],[183],[19],[22]
3129,[1167],[191],1,[1158],[180],[19],[26]
3130,[1167],[191],1,[1158],[180],[16],[22]
3131,[1158],[191],1,[1150],[180],[19],[22]
3132,[1155],[187],1,[1150],[180],[14],[18]
3133,[1153],[191],1,[1150],[187],[8],[7]
3134,[1153],[191],1,[1150],[187],[5],[7]
3135,[1144],[187],1,[1130],[176],[28],[22]
3136,[1144],[180],1,[1133],[168],[25],[26]
3137,[1144],[180],1,[1133],[168],[22],[22]
3138,[1139],[180],1,[1127],[168],[22],[22]
3139,[1133],[176],1,[1125],[165],[19],[26]
3140,[1130],[176],1,[1122],[165],[19],[26]
3141,[1127],[176],1,[1116],[165],[22],[22]
3142,[1122],[176],1,[1113],[165],[19],[22]
3143,[1119],[172],1,[1108],[161],[22],[26]
3144,[1082, 1116],[146, 168],1,[1071, 1108],[135, 157],[22, 19],[26, 26]
3145,[1080, 1113],[146, 168],1,[1071, 1102],[135, 157],[19, 22],[26, 22]
3146,[1110],[168],1,[1102],[157],[16],[22]
3147,[1105],[168],1,[1096],[157],[19],[22]
3148,[1102],[165],1,[1094],[157],[19],[18]
3149,[1099, 1071],[165, 146],1,[1091, 1068],[153, 146],[16, 8],[22, 3]
3150,[1096, 1071],[161, 146],1,[1085, 1068],[150, 142],[22, 8],[26, 11]
3151,[1094, 1068],[161, 146],1,[1085, 1060],[150, 138],[19, 19],[26, 18]
3152,[0],[0],0,[0],[0],[0],[0]
3153,[0],[0],0,[0],[0],[0],[0]
3154,[0],[0],0,[0],[0],[0],[0]
3155,[0],[0],0,[0],[0],[0],[0]
3156,[0],[0],0,[0],[0],[0],[0]
3157,[0],[0],0,[0],[0],[0],[0]
3158,[0],[0],0,[0],[0],[0],[0]
3159,[0],[0],0,[0],[0],[0],[0]
3160,[0],[0],0,[0],[0],[0],[0]
3161,[0],[0],0,[0],[0],[0],[0]
3162,[0],[0],0,[0],[0],[0],[0]
3163,[0],[0],0,[0],[0],[0],[0]
3164,[0],[0],0,[0],[0],[0],[0]
3165,[0],[0],0,[0],[0],[0],[0]
3166,[0],[0],0,[0],[0],[0],[0]
3167,[0],[0],0,[0],[0],[0],[0]
3168,[1065],[142],1,[1060],[135],[14],[18]
3169,[0],[0],0,[0],[0],[0],[0]
3170,[0],[0],0,[0],[0],[0],[0]
3171,[0],[0],0,[0],[0],[0],[0]
3172,[0],[0],0,[0],[0],[0],[0]
3173,[0],[0],0,[0],[0],[0],[0]
3174,[0],[0],0,[0],[0],[0],[0]
3175,[0],[0],0,[0],[0],[0],[0]
3176,[1088],[112],1,[1080],[101],[19],[22]
3177,[1091],[105],1,[1082],[97],[16],[18]
3178,[1094],[97],1,[1085],[90],[16],[18]
3179,[1096],[90],1,[1091],[82],[14],[18]
3180,[1096],[86],1,[1091],[78],[14],[15]
3181,[1099],[82],1,[1094],[75],[14],[15]
3182,[1102],[78],1,[1094],[71],[16],[15]
3183,[1102],[75],1,[1096],[67],[14],[18]
3184,[0],[0],0,[0],[0],[0],[0]
3185,[0],[0],0,[0],[0],[0],[0]
3186,[0],[0],0,[0],[0],[0],[0]
3187,[0],[0],0,[0],[0],[0],[0]
3188,[0],[0],0,[0],[0],[0],[0]
3189,[0],[0],0,[0],[0],[0],[0]
3190,[0],[0],0,[0],[0],[0],[0]
3191,[0],[0],0,[0],[0],[0],[0]
3192,[1105],[26],1,[1094],[15],[22],[26]
3193,[1105],[26],1,[1096],[15],[19],[26]
3194,[1105],[22],1,[1096],[15],[16],[18]
3195,[1108, 1099],[18, 18],1,[1105, 1099],[15, 18],[5, 2],[7, 3]
3196,[0],[0],0,[0],[0],[0],[0]
3197,[0],[0],0,[0],[0],[0],[0]
3198,[0],[0],0,[0],[0],[0],[0]
3199,[0],[0],0,[0],[0],[0],[0]
3200,[0],[0],0,[0],[0],[0],[0]
3201,[0],[0],0,[0],[0],[0],[0]
3202,[0],[0],0,[0],[0],[0],[0]
3203,[0],[0],0,[0],[0],[0],[0]
3204,[0],[0],0,[0],[0],[0],[0]
3205,[0],[0],0,[0],[0],[0],[0]
3206,[0],[0],0,[0],[0],[0],[0]
3207,[0],[0],0,[0],[0],[0],[0]
3208,[0],[0],0,[0],[0],[0],[0]
3209,[0],[0],0,[0],[0],[0],[0]
3210,[0],[0],0,[0],[0],[0],[0]
3211,[0],[0],0,[0],[0],[0],[0]
3212,[0],[0],0,[0],[0],[0],[0]
3213,[0],[0],0,[0],[0],[0],[0]
3214,[0],[0],0,[0],[0],[0],[0]
3215,[0],[0],0,[0],[0],[0],[0]
3216,[0],[0],0,[0],[0],[0],[0]
3217,[0],[0],0,[0],[0],[0],[0]
3218,[0],[0],0,[0],[0],[0],[0]
3219,[0],[0],0,[0],[0],[0],[0]
3220,[0],[0],0,[0],[0],[0],[0]
3221,[0],[0],0,[0],[0],[0],[0]
3222,[0],[0],0,[0],[0],[0],[0]
3223,[0],[0],0,[0],[0],[0],[0]
3224,[0],[0],0,[0],[0],[0],[0]
3225,[0],[0],0,[0],[0],[0],[0]
3226,[0],[0],0,[0],[0],[0],[0]
3227,[0],[0],0,[0],[0],[0],[0]
3228,[0],[0],0,[0],[0],[0],[0]
3229,[0],[0],0,[0],[0],[0],[0]
3230,[0],[0],0,[0],[0],[0],[0]
3231,[0],[0],0,[0],[0],[0],[0]
3232,[0],[0],0,[0],[0],[0],[0]
3233,[0],[0],0,[0],[0],[0],[0]
3234,[0],[0],0,[0],[0],[0],[0]
3235,[0],[0],0,[0],[0],[0],[0]
3236,[0],[0],0,[0],[0],[0],[0]
3237,[1054],[86],1,[1051],[82],[8],[11]
3238,[1057],[105],1,[1051],[97],[14],[18]
3239,[1057],[116],1,[1049],[105],[16],[26]
3240,[0],[0],0,[0],[0],[0],[0]
3241,[0],[0],0,[0],[0],[0],[0]
3242,[0],[0],0,[0],[0],[0],[0]
3243,[0],[0],0,[0],[0],[0],[0]
3244,[0],[0],0,[0],[0],[0],[0]
3245,[0],[0],0,[0],[0],[0],[0]
3246,[0],[0],0,[0],[0],[0],[0]
3247,[0],[0],0,[0],[0],[0],[0]
3248,[0],[0],0,[0],[0],[0],[0]
3249,[0],[0],0,[0],[0],[0],[0]
3250,[0],[0],0,[0],[0],[0],[0]
3251,[0],[0],0,[0],[0],[0],[0]
3252,[0],[0],0,[0],[0],[0],[0]
3253,[0],[0],0,[0],[0],[0],[0]
3254,[0],[0],0,[0],[0],[0],[0]
3255,[0],[0],0,[0],[0],[0],[0]
3256,[0],[0],0,[0],[0],[0],[0]
3257,[0],[0],0,[0],[0],[0],[0]
3258,[0],[0],0,[0],[0],[0],[0]
3259,[0],[0],0,[0],[0],[0],[0]
3260,[0],[0],0,[0],[0],[0],[0]
3261,[0],[0],0,[0],[0],[0],[0]
3262,[0],[0],0,[0],[0],[0],[0]
3263,[1054],[90],1,[1049],[82],[11],[18]
