flight_id,start_frame,end_frame,origin_track_ids,primary_origin_track_id,crossed_sides,crossed_sides_confidence,likely_net_hit,ended_near_net,counts_as_shot,counts_in_shot_stats,shot_id,dedupe_reason,reason_codes,net_crossing_frame,landing_x,landing_y,landing_confidence,bounce_frame,bounce_x,bounce_y,bounce_z,bounce_score,bounce_mode,bbox_source_x,bbox_source_y,bbox_source_w,bbox_source_h,bbox_sink_x,bbox_sink_y,bbox_sink_w,bbox_sink_h,bounce_hq_frame,window_frames
0,128,159,"5,3",5,1,0.7333333333333333,0,0,1,1,0,,,139,,,0.0,151,1.4483524936216932,9.952523083527868,0.020857947722237924,0.7303983907361324,valley,537.0,431.0,22.0,30.0,444.0,480.0,22.0,26.0,175,"128,129,130,131,132,133,134,135,136,137,138,139,140,141,142,143,144,145,146,148,149,150,151,152,153,154,155,156,157,158,159"
1,160,199,"5,4,7,6",5,1,0.8823529411764706,0,0,1,1,1,,,178,,,0.0,194,3.1086292254365953,1.2012648315852559,0.09930283001590823,0.6561918389880826,valley,781.0,183.0,19.0,26.0,579.0,183.0,25.0,30.0,,"160,164,165,166,167,168,169,170,171,172,173,174,175,176,177,178,179,180,181,185,186,187,188,189,190,191,192,193,194,195,196,197,198,199"
2,208,243,"8,15,9,10",15,1,0.4117647058823529,0,0,1,1,2,,,237,3.3416156568207507,9.715302273155206,0.9430874455608749,,,,,0.0,,,,,,,,,,,"208,209,210,211,212,213,214,215,216,217,218,219,220,223,224,225,226,227,228,229,230,231,232,233,234,235,236,237,238,239,240,241,242,243"
3,244,282,"15,11,12,13,14,17,18,16",15,1,0.09090909090909091,0,0,1,1,3,,,252,5.277533492075598,4.485900431364644,0.5219430083186327,264,4.808080697688217,3.4648669237267598,-0.11160705101987389,0.742164350257551,valley,891.0,232.0,22.0,26.0,708.0,225.0,19.0,30.0,288,"244,245,246,247,248,249,250,251,252,253,254,255,256,257,258,259,260,261,262,263,264,265,266,267,268,269,270,271,272,273,274,275,276,277,279,280,281,282,283,284,285,286,287,279,282"
4,283,297,"18,19,20",18,1,0.42857142857142855,0,0,1,1,4,,,286,5.009802330990188,10.998744046849325,0.8943055498037905,,,,,0.0,,,,,,,,,,,"283,284,285,286,287,288,289,290,291,292,293,294,295,297"
5,298,304,20,20,1,0.6666666666666666,0,0,1,1,5,,,300,0.8907095229804671,-1.261682440838583,0.9144120871341903,,,,,0.0,,,,,,,,,,,"298,299,300,301,302,303,304"
6,316,342,21,21,1,0.6923076923076923,0,0,1,1,6,,,325,,,0.0,339,-0.37747520642149723,10.933323257834438,0.06636004942319929,0.6604471194135664,valley,272.0,480.0,16.0,22.0,140.0,596.0,16.0,26.0,,"316,317,318,319,320,321,322,323,324,325,326,327,328,329,330,331,332,333,334,335,336,337,338,339,340,341,342"
7,520,535,22,22,0,0.0,0,0,1,1,7,,,,2.307170870405,13.432716547334662,0.9699414103108768,528,1.7289194555064293,13.75047553763238,0.5629321476069808,0.021880217757476395,valley,303.0,802.0,28.0,26.0,416.0,911.0,19.0,22.0,,"520,521,522,523,524,525,526,527,528,529,530,531,532,533,534,535"
8,665,692,"24,25",24,1,0.9285714285714286,0,0,1,1,8,,,678,,,0.0,687,1.1645437185179692,1.5405089431205123,0.46531151828315,0.5338129941790422,valley,666.0,168.0,19.0,22.0,450.0,176.0,30.0,26.0,711,"665,666,667,668,669,670,671,672,673,674,675,676,677,678,679,680,681,682,683,684,685,686,687,688,689,690,691,692"
9,704,735,"26,27,29,28",27,1,0.875,0,0,1,1,9,,,718,,,0.0,730,4.408970811415444,10.020612720213851,0.10333976427628855,0.6978686803735419,valley,911.0,453.0,19.0,26.0,818.0,420.0,22.0,26.0,754,"704,705,706,707,708,709,710,711,712,713,714,715,716,717,718,719,720,721,722,723,724,725,726,727,728,729,730,731,732,733,734,735"
10,751,788,"34,36,39,35,37,38,40,41",39,1,0.22727272727272727,0,0,1,1,10,,,756,,,0.0,764,2.62737999710143,2.5663827481743695,0.0886231101693351,0.70847999819359,valley,,,,,,,,,788,"751,752,753,754,755,756,757,758,759,760,761,762,763,764,765,766,767,761,762,763,764,765,766,767,768,769,770,771,772,773,774,775,776,777,778,779,780,781,782,783,784,785,786,787,788"
11,1018,1060,"45,46,47",45,1,0.45,0,0,1,1,11,,,1027,,,0.0,1043,0.8511742040130095,11.35181568434262,0.2009605127188241,0.7260007416363057,valley,393.0,506.0,16.0,30.0,320.0,592.0,16.0,18.0,,"1018,1019,1020,1021,1022,1023,1024,1025,1026,1027,1028,1029,1030,1031,1032,1033,1034,1035,1036,1037,1038,1039,1040,1041,1042,1043,1044,1045,1046,1047,1048,1049,1050,1051,1052,1053,1054,1055,1056,1057,1060"
12,1184,1216,"49,51,52",51,1,0.9375,0,0,1,1,12,,,1202,,,0.0,1211,3.4250821042642916,2.863364904628405,0.12283897437029445,0.6518306505279841,valley,798.0,206.0,19.0,30.0,610.0,206.0,19.0,26.0,1235,"1184,1185,1186,1187,1188,1189,1190,1191,1192,1193,1194,1195,1196,1197,1198,1199,1200,1201,1202,1203,1204,1205,1206,1207,1208,1209,1210,1211,1212,1213,1214,1215,1216"
13,1240,1273,"55,60",55,1,0.4375,0,0,1,1,13,,,1247,,,0.0,1263,3.2802615880051897,10.81052946437349,0.07108393335355778,0.6903407333146669,valley,750.0,502.0,22.0,22.0,703.0,502.0,19.0,26.0,1286,"1240,1241,1242,1243,1244,1245,1246,1247,1248,1249,1250,1251,1252,1253,1254,1255,1256,1257,1258,1259,1260,1261,1262,1263,1264,1265,1266,1267,1268,1269,1270,1272,1273"
14,1274,1297,60,60,1,0.7272727272727273,0,0,1,1,14,,,1290,3.8185517320860605,0.6936184461576929,0.9205094079541264,,,,,0.0,,,,,,,,,,,"1274,1275,1276,1277,1278,1280,1281,1282,1283,1284,1285,1286,1287,1288,1289,1290,1291,1292,1293,1294,1295,1296,1297"
15,1303,1391,"61,63,68,67",68,1,0.041666666666666664,1,0,1,1,15,,,1312,,,0.0,1321,3.3136780777502657,6.525708919420445,0.09548592281243273,0.5969535221646176,valley,781.0,288.0,16.0,30.0,632.0,288.0,19.0,30.0,1346,"1303,1304,1305,1306,1307,1308,1309,1310,1311,1312,1313,1314,1315,1316,1317,1318,1319,1320,1321,1322,1323,1324,1328,1329,1330,1331,1332,1333,1334,1335,1336,1337,1338,1339,1340,1341,1342,1343,1334,1335,1336,1337,1338,1339,1340,1341,1342,1343,1344,1345,1346,1347,1348,1349,1350,1351,1352,1353,1354,1355,1356,1357,1358,1359,1360,1361,1362,1363,1364,1365,1366,1367,1368,1369,1370,1371,1372,1373,1374,1375,1376,1377,1378,1379,1380,1381,1382,1383,1384,1385,1386,1387,1388,1389,1390,1391"
16,1441,1448,"75,74",75,0,0.0,0,0,1,1,16,,,1443,4.981944455854261,9.732573420884398,0.8527870920532572,,,,,0.0,,,,,,,,,,,"1441,1442,1443,1444,1445,1446,1447,1448"
17,1466,1471,76,76,0,0.0,0,0,0,0,,,low_displacement,,4.894827878158868,9.97646236234164,0.9025960656451355,,,,,0.0,,,,,,,,,,,"1466,1467,1468,1469,1470,1471"
18,1472,1511,76,76,0,0.0,0,0,1,1,17,,,,,,0.0,1482,4.7265582230790475,10.910614476789991,0.13558377229482588,0.7729440495093447,valley,975.0,517.0,19.0,30.0,902.0,468.0,16.0,26.0,1505,"1472,1473,1474,1475,1476,1477,1479,1480,1481,1482,1483,1484,1485,1486,1487,1488,1489,1490,1491,1492,1493,1494,1495,1496,1497,1498,1499,1500,1501,1502,1503,1504,1505,1506,1507,1508,1509,1510,1511"
19,1528,1531,78,78,0,0.0,0,0,0,0,,,low_displacement,,1.750810046069371,15.295745837124038,0.8747528086825085,,,,,0.0,,,,,,,,,,,"1528,1529,1530,1531,1528,1529,1530,1531"
20,1662,1692,"82,83,84,85,86",83,1,0.7857142857142857,0,0,1,1,18,,,1675,,,0.0,1687,1.2395203481336967,0.382936215337228,-0.02506479775844017,0.6169621394994066,valley,680.0,180.0,16.0,26.0,478.0,202.0,8.0,7.0,1711,"1662,1664,1665,1666,1668,1669,1670,1671,1672,1673,1674,1675,1676,1677,1678,1679,1680,1681,1682,1683,1684,1685,1686,1687,1688,1689,1690,1691,1692"
21,1711,1736,"87,88",88,1,0.17647058823529413,0,0,1,1,19,,,1714,,,0.0,1726,3.2971368795876876,10.520685854321755,0.12286723107817288,0.7189668402714344,valley,,,,,,,,,,"1711,1712,1713,1714,1715,1716,1717,1718,1719,1720,1721,1722,1723,1724,1725,1726,1727,1720,1721,1722,1723,1724,1725,1726,1727,1728,1729,1730,1731,1732,1733,1734,1735,1736"
22,1737,1766,"88,91",88,1,0.8571428571428571,0,0,1,1,20,,,1755,3.7962697520506072,1.9094111962360305,0.7776567231964302,,,,,0.0,,,,,,,,,,,"1737,1738,1740,1741,1742,1743,1744,1745,1746,1747,1748,1749,1750,1751,1752,1753,1754,1755,1756,1757,1758,1759,1760,1761,1762,1763,1764,1765,1766"
23,1767,1805,"91,89,90",91,1,0.3333333333333333,0,0,1,1,21,,,1773,,,0.0,1793,1.2084663179644854,10.298282831748967,0.07826025953305216,0.731306719245933,valley,492.0,442.0,28.0,33.0,405.0,498.0,25.0,37.0,1796,"1767,1768,1769,1770,1771,1772,1773,1774,1775,1777,1778,1779,1780,1781,1782,1783,1784,1785,1786,1787,1788,1790,1791,1792,1793,1794,1795,1796,1797,1798,1799,1800,1801,1802,1803,1804,1805"
24,1807,1841,"92,93",93,1,0.09090909090909091,1,1,1,1,22,,,1831,,,0.0,1838,2.107255443378247,6.77763129692039,0.10812271881115265,0.39967824334957053,valley,675.0,296.0,19.0,22.0,525.0,311.0,19.0,26.0,1841,"1807,1808,1809,1811,1812,1813,1814,1815,1816,1817,1818,1819,1820,1821,1822,1823,1814,1815,1816,1817,1818,1819,1820,1821,1822,1823,1824,1825,1826,1827,1828,1829,1830,1831,1832,1833,1834,1835,1836,1837,1838,1839,1840,1841"
25,1842,1887,93,93,0,0.0,1,0,1,1,23,,,,,,0.0,1855,1.8909413898622565,7.424463536521216,-0.08246057564082276,0.5622663245901506,valley,646.0,330.0,16.0,30.0,509.0,352.0,19.0,26.0,1859,"1842,1843,1844,1845,1846,1847,1848,1849,1850,1851,1852,1853,1854,1855,1856,1857,1858,1859,1860,1861,1862,1863,1864,1865,1866,1867,1868,1869,1870,1871,1872,1873,1874,1875,1876,1877,1878,1879,1880,1881,1882,1883,1884,1885,1886,1887"
26,1936,1943,94,94,0,0.0,0,0,0,0,,,low_displacement,,1.1168195180442502,12.223263477398904,0.9503775067467608,,,,,0.0,,,,,,,,,,,"1936,1937,1938,1939,1940,1941,1942,1943"
27,1984,2000,"96,97",96,0,0.0,0,0,0,0,,,low_displacement,,1.7380940421721165,13.663523817512555,0.7235664558455763,,,,,0.0,,,,,,,,,,,"1984,1985,1986,1987,1988,1989,1990,1991,1992,1993,1994,1995,1996,1997,2000"
28,2006,2019,99,99,0,0.0,0,0,0,0,,,low_displacement,,2.505330064042421,13.88743043856668,0.7623191172989723,,,,,0.0,,,,,,,,,,,"2006,2007,2008,2009,2010,2011,2012,2013,2014,2015,2016,2017,2018,2019"
29,2032,2048,100,100,0,0.0,0,0,0,0,,,low_displacement,,2.2606361540478885,14.20463003542141,0.650387329446011,,,,,0.0,,,,,,,,,,,"2032,2033,2034,2035,2036,2037,2038,2039,2042,2043,2045,2046,2048"
30,2072,2112,"103,104,106,107",103,1,0.9444444444444444,0,0,1,1,24,,,2090,,,0.0,2101,4.155964968648309,2.0195874156725466,0.2296877471314822,0.743821037278888,valley,846.0,187.0,19.0,26.0,649.0,183.0,16.0,26.0,2104,"2072,2073,2074,2075,2076,2077,2078,2079,2081,2082,2083,2084,2085,2086,2087,2088,2089,2090,2091,2092,2093,2094,2095,2096,2097,2098,2099,2100,2101,2102,2103,2108,2109,2108,2109,2112"
31,2113,2152,"107,108",107,1,0.85,0,0,1,1,25,,,2130,,,0.0,2140,1.6932256250514337,9.297634731141173,-0.03626861005550952,0.6990469638244247,valley,585.0,405.0,22.0,26.0,483.0,442.0,16.0,26.0,2143,"2113,2114,2115,2116,2117,2118,2119,2120,2121,2122,2123,2124,2125,2126,2127,2128,2129,2130,2131,2132,2133,2134,2135,2136,2137,2138,2139,2140,2141,2142,2143,2144,2145,2146,2147,2148,2149,2150,2151,2152"
32,2153,2173,"107,109,110",110,1,0.7,0,0,1,1,26,,,2167,0.652778044024166,1.3977205242485464,0.9047804697599211,,,,,0.0,,,,,,,,,,,"2153,2154,2155,2156,2158,2159,2160,2161,2162,2163,2164,2165,2166,2167,2168,2169,2170,2171,2172,2173"
33,2174,2192,"110,113,112,114,115,116",113,1,0.625,0,0,1,1,27,,,2179,4.049152437190721,11.24203667146287,0.9563681670437074,2192,3.868459425938483,10.789490219920147,0.1698941402262406,0.5,ground_hit_fallback,835.0,495.0,28.0,33.0,779.0,472.0,22.0,26.0,2195,"2174,2175,2176,2177,2178,2179,2180,2181,2182,2184,2185,2186,2188,2190,2191,2192"
34,2197,2210,"117,123,121,122",123,0,0.0,0,0,1,1,28,,,,-1.2973374013925438,-0.42924641475828906,0.8327836398077495,,,,,0.0,,,,,,,,,,,"2197,2198,2200,2201,2202,2203,2204,2205,2206,2207,2201,2202,2203,2204,2205,2206,2207,2208,2209,2210"
35,2229,2247,"125,124,126,127",125,0,0.0,0,0,1,1,29,,,,-0.9691817106822214,1.5336535237129896,0.9520637770962919,2247,-0.8359992555604085,1.9615035792768332,0.1703049057256516,0.5,ground_hit_fallback,545.0,191.0,25.0,26.0,323.0,217.0,22.0,22.0,2250,"2229,2230,2231,2232,2233,2234,2235,2236,2237,2238,2239,2240,2241,2242,2243,2244,2245,2246,2247"
36,2456,2485,"130,129,131,132,134,133,135",130,1,0.9230769230769231,0,0,1,1,30,,,2468,,,0.0,2478,5.48701632525475,10.307909934926585,-0.0032992613322733177,0.7759447796249356,valley,1071.0,491.0,19.0,22.0,961.0,435.0,19.0,26.0,2481,"2456,2457,2458,2459,2460,2461,2462,2463,2464,2465,2466,2467,2468,2469,2470,2471,2473,2474,2476,2477,2478,2479,2480,2481,2482,2483,2485"
37,2493,2521,"137,138",137,1,1.0,0,0,1,1,31,,,2507,3.8232385869101733,2.158185044763817,0.9426382425677076,,,,,0.0,,,,,,,,,,,"2493,2494,2495,2496,2497,2498,2499,2500,2501,2502,2503,2504,2505,2506,2507,2508,2509,2510,2511,2512,2513,2514,2515,2516,2517,2518,2519,2520,2521"
38,2536,2557,"139,144,140,141",139,1,0.7272727272727273,0,0,1,1,32,,,2550,5.311378769122394,11.910204559807498,0.9137321854335733,,,,,0.0,,,,,,,,,,,"2536,2537,2538,2539,2540,2541,2542,2543,2544,2545,2546,2547,2548,2549,2550,2551,2552,2553,2554,2555,2556,2557"
39,2559,2564,144,144,0,0.0,0,0,1,1,33,,,,5.15244867400323,12.023391252156257,0.9183308635800189,2564,5.091425275622463,11.321376195263298,0.37898982108836776,0.5,ground_hit_fallback,1063.0,525.0,16.0,26.0,987.0,472.0,14.0,18.0,2567,"2559,2560,2561,2562,2563,2564"
40,2570,2586,"144,146",144,1,0.6363636363636364,1,0,1,1,34,,,2585,2.3717000048398624,5.332775941994395,0.9121457311135444,,,,,0.0,,,,,,,,,,,"2570,2571,2572,2574,2575,2576,2577,2578,2579,2580,2581,2582,2583,2584,2585,2586,2587,2588,2589,2590,2591,2585,2586"
41,2587,2628,146,146,1,0.14285714285714285,1,0,1,1,35,,,2590,,,0.0,2595,2.748481376444159,6.754484860073568,0.0456923053152849,0.4135564433427543,valley,731.0,300.0,19.0,30.0,585.0,307.0,19.0,26.0,2598,"2587,2588,2589,2590,2591,2592,2593,2594,2595,2596,2597,2598,2599,2600,2601,2602,2603,2604,2605,2606,2607,2608,2609,2610,2611,2612,2613,2614,2615,2616,2617,2618,2619,2620,2621,2622,2623,2624,2625,2626,2627,2628"
42,2641,2649,147,147,1,0.5,0,0,1,1,36,,,2648,2.0583559425321734,1.304560845920956,0.8511157094102348,,,,,0.0,,,,,,,,,,,"2641,2642,2643,2644,2645,2646,2647,2648,2649"
43,2669,2695,"154,152,157,153,159,160,161",159,0,0.0,0,0,1,1,37,,,,,,0.0,2684,2.2109467955834594,3.284471047996796,0.12473670255218572,0.8801034462095414,valley,,,,,,,,,2687,"2669,2670,2671,2672,2673,2674,2675,2676,2677,2678,2679,2680,2681,2682,2683,2684,2685,2686,2687,2678,2679,2682,2683,2684,2685,2686,2687,2688,2689,2690,2691,2692,2693,2695"
44,2704,2710,"162,164,163",164,0,0.0,0,0,1,1,38,,,,3.7273248119777778,12.795294375413285,0.8576686554245396,,,,,0.0,,,,,,,,,,,"2704,2705,2706,2707,2708,2709,2710"
45,2711,2727,"164,167,165,166",167,0,0.0,0,0,1,1,39,,,,3.384181447910121,1.1625258972760393,0.9636094469583418,2727,3.319625836701706,0.925158171556717,0.3601896716339219,0.5,ground_hit_fallback,795.0,165.0,19.0,26.0,590.0,165.0,16.0,26.0,2730,"2711,2712,2713,2714,2715,2716,2717,2718,2719,2720,2721,2722,2723,2724,2725,2726,2727"
46,2736,2743,"169,168",169,0,0.0,0,0,0,0,,,low_displacement,,3.8735237890720953,-0.34107519106241246,0.9198732674903838,,,,,0.0,,,,,,,,,,,"2736,2737,2738,2739,2740,2742,2743"
47,2824,2852,172,172,1,0.7142857142857143,0,0,1,1,40,,,2834,,,0.0,2846,1.8885721953427475,11.709585886824385,0.16899821285944783,0.6582416970564445,valley,523.0,555.0,16.0,26.0,497.0,607.0,19.0,26.0,2849,"2824,2825,2826,2827,2828,2829,2830,2831,2832,2833,2834,2835,2836,2837,2838,2839,2840,2841,2842,2843,2844,2845,2846,2847,2848,2849,2850,2851,2852"
48,2853,2896,"172,173,177,179,180,181,182",173,1,0.85,0,0,1,1,41,,,2872,,,0.0,2888,3.8350648775542053,1.1879486026839317,-0.17993859120186606,0.7579806858021175,valley,824.0,202.0,16.0,18.0,627.0,202.0,19.0,22.0,2891,"2853,2854,2856,2857,2858,2859,2860,2861,2862,2863,2864,2865,2866,2867,2868,2869,2872,2873,2874,2875,2876,2877,2878,2879,2880,2881,2882,2883,2884,2885,2886,2887,2888,2889,2890,2891,2892,2893,2894,2895,2896"
49,2903,2915,"183,184",183,1,0.6666666666666666,0,0,1,1,42,,,2912,0.1151530738609754,14.774533104678955,0.9194550119063812,,,,,0.0,,,,,,,,,,,"2903,2904,2905,2906,2907,2908,2909,2910,2911,2912,2913,2914,2915"
50,2916,2939,184,184,1,0.7272727272727273,0,0,1,1,43,,,2926,1.9210686996056068,1.4443810943199153,0.9157837003273047,,,,,0.0,,,,,,,,,,,"2916,2919,2920,2921,2922,2923,2924,2925,2926,2927,2928,2929,2930,2931,2932,2933,2934,2935,2936,2937,2938,2939"
51,2940,2951,"184,185,186",185,1,0.8333333333333334,0,0,1,1,44,,,2947,5.282415825266037,13.116482040187815,0.9414925646584118,,,,,0.0,,,,,,,,,,,"2940,2941,2942,2943,2944,2945,2946,2947,2948,2949,2950,2951"
52,2953,2967,"187,188",188,1,0.7142857142857143,0,0,1,1,45,,,2963,2.882493844400249,-2.966166239614008,0.8649394944869038,,,,,0.0,,,,,,,,,,,"2953,2955,2956,2957,2958,2959,2960,2961,2962,2963,2964,2965,2966,2967"
53,2976,2993,"189,190,191,192",189,0,0.0,0,0,1,1,46,,,,3.306658368110272,-0.35873699505323353,0.9553845111167387,,,,,0.0,,,,,,,,,,,"2976,2977,2978,2979,2980,2981,2982,2983,2984,2985,2986,2987,2988,2989,2990,2991,2992,2993"
54,3040,3047,"195,194",195,0,0.0,0,0,0,0,,,low_displacement,,5.70881332569748,-0.9738053940286537,0.9215760911127213,,,,,0.0,,,,,,,,,,,"3040,3041,3042,3043,3044,3047"
55,3192,3198,209,209,0,0.0,0,0,1,1,47,,,,3.2438497345912354,16.123590507967,0.8876935131179833,,,,,0.0,,,,,,,,,,,"3192,3193,3194,3195,3196,3197,3198"
56,3302,3327,"213,211,212",213,1,0.6153846153846154,0,0,1,1,48,,,3310,,,0.0,3320,3.7820300609979287,11.565682258603305,-0.016446532921492008,0.6632379722974138,valley,826.0,592.0,16.0,22.0,798.0,562.0,25.0,26.0,3323,"3302,3303,3304,3305,3306,3307,3308,3309,3310,3311,3312,3313,3314,3315,3316,3317,3318,3319,3320,3321,3322,3323,3324,3325,3326,3327"
57,3334,3356,"214,215",214,0,0.0,0,0,1,1,49,,,,,,0.0,3353,7.070190137230455,10.739404021156098,0.040155399138285475,0.3228678165227444,valley,,,,,,,,,3356,"3334,3335,3336,3337,3338,3339,3340,3341,3342,3343,3344,3345,3346,3347,3348,3349,3350,3351,3352,3353,3354,3355,3356"
58,3504,3535,"227,228,229",227,1,0.3333333333333333,0,0,1,1,50,,,3509,,,0.0,3535,6.063702117508974,-0.9512550600159244,0.24449164196262885,0.5,ground_hit_fallback,953.0,150.0,8.0,18.0,734.0,153.0,2.0,3.0,,"3504,3505,3506,3507,3508,3509,3510,3511,3512,3513,3514,3515,3516,3517,3518,3519,3520,3521,3522,3523,3524,3525,3526,3527,3528,3529,3530,3531,3532,3535"
59,3680,3704,"230,232",230,1,0.8333333333333334,0,0,1,1,51,,,3690,,,0.0,3702,1.8827756803085736,12.134325642607864,0.10945307589984754,0.6551735866827572,valley,500.0,607.0,16.0,26.0,497.0,667.0,16.0,22.0,3705,"3680,3681,3682,3683,3684,3685,3686,3687,3688,3689,3690,3691,3692,3693,3694,3695,3696,3697,3698,3699,3700,3701,3702,3703,3704"
60,3705,3721,232,232,0,0.0,0,0,1,1,52,,,,3.675700236223275,0.44213548552238535,0.8495892260115617,,,,,0.0,,,,,,,,,,,"3705,3706,3707,3708,3709,3710,3711,3712,3713,3714,3715,3716,3717,3718,3719,3720,3721"
61,3740,3759,"234,235,236",235,0,0.0,0,0,1,1,53,,,,,,0.0,3756,3.5664059837270083,1.6015515310263169,0.3127148908780555,0.6763237048265631,valley,810.0,176.0,16.0,26.0,610.0,176.0,19.0,22.0,3759,"3740,3741,3742,3743,3744,3745,3746,3747,3748,3749,3750,3751,3752,3753,3754,3755,3756,3757,3758,3759"
62,3783,3804,237,237,1,0.7272727272727273,0,0,1,1,54,,,3791,2.1956724662952682,11.226219419218012,0.6913203174432012,3796,2.428865312623986,8.335573288731826,0.6005141686623432,0.6914050454305074,valley,683.0,303.0,19.0,22.0,554.0,315.0,16.0,26.0,3799,"3783,3784,3785,3786,3787,3788,3789,3790,3791,3792,3793,3794,3795,3796,3797,3798,3799,3800,3801,3802,3803,3804"
63,3805,3830,"237,238,239",237,1,0.46153846153846156,0,0,1,1,55,,,3811,,,0.0,3827,4.288497470915044,4.965875021019521,0.07525492765264019,0.6485897523866537,valley,863.0,251.0,19.0,30.0,691.0,240.0,19.0,30.0,3830,"3805,3806,3807,3808,3809,3810,3811,3812,3813,3814,3815,3816,3817,3818,3819,3820,3821,3822,3823,3824,3825,3826,3827,3828,3829,3830"
64,3856,3863,240,240,0,0.0,0,0,1,1,56,,,,3.696644360212577,9.588154821423348,0.9481688571321987,,,,,0.0,,,,,,,,,,,"3856,3857,3858,3859,3860,3861,3862,3863"
65,3869,3890,240,240,1,0.8181818181818182,0,0,1,1,57,,,3878,1.8683663368668915,2.539282650113143,0.9394807030483667,,,,,0.0,,,,,,,,,,,"3869,3870,3871,3872,3873,3874,3875,3876,3877,3878,3879,3880,3881,3882,3883,3884,3885,3886,3887,3888,3889,3890"
66,3891,3906,241,241,1,0.875,0,0,1,1,58,,,3898,1.686858186109446,9.451863186080555,0.954692434364227,,,,,0.0,,,,,,,,,,,"3891,3892,3893,3894,3895,3896,3897,3898,3899,3900,3901,3902,3903,3904,3905,3906"
67,3909,3922,"241,242,243",243,1,0.5714285714285714,0,0,1,1,59,,,3912,2.9908560057889555,1.3053660549164814,0.9257781571584378,,,,,0.0,,,,,,,,,,,"3909,3910,3911,3912,3913,3914,3915,3916,3917,3918,3919,3920,3921,3922"
68,3928,3965,"245,246,247",247,1,0.15789473684210525,1,1,1,1,60,,,3936,,,0.0,3945,2.37761922677842,6.341450349161093,0.02219919304964524,0.5049483670666963,valley,703.0,285.0,16.0,30.0,545.0,300.0,28.0,30.0,,"3928,3929,3930,3931,3932,3933,3934,3935,3936,3937,3938,3939,3940,3941,3942,3943,3944,3945,3946,3947,3948,3949,3950,3951,3952,3953,3954,3955,3956,3957,3958,3959,3960,3961,3962,3963,3964,3965"
69,4152,4189,"248,249,250,251",250,1,0.7894736842105263,0,0,1,1,61,,,4166,,,0.0,4176,3.7889618711654114,10.268023212888512,0.055186202341495516,0.6802654977465081,valley,824.0,461.0,25.0,37.0,750.0,450.0,25.0,33.0,4179,"4152,4153,4154,4155,4156,4157,4158,4159,4160,4161,4162,4163,4164,4165,4166,4167,4168,4169,4170,4171,4172,4173,4174,4175,4176,4177,4178,4179,4180,4181,4182,4183,4184,4185,4186,4187,4188,4189"
70,4190,4231,"251,252",251,1,0.1,1,0,1,1,62,,,4221,,,0.0,,,,,0.0,,,,,,,,,,,"4190,4191,4193,4194,4195,4196,4197,4198,4199,4200,4201,4202,4203,4204,4205,4206,4207,4208,4209,4210,4211,4212,4213,4214,4215,4216,4217,4218,4219,4220,4221,4222,4223,4224,4225,4226,4227,4228,4229,4230,4231"
71,4290,4328,"253,254,256,258,257",256,1,0.2916666666666667,0,0,1,1,63,,,4297,,,0.0,4310,4.877665517557222,4.196083852281518,0.1635913227260346,0.6235520333810767,valley,,,,,,,,,4313,"4290,4291,4292,4293,4294,4295,4296,4297,4298,4299,4300,4301,4302,4303,4304,4305,4306,4307,4308,4309,4310,4311,4312,4313,4314,4315,4316,4317,4318,4319,4310,4311,4312,4313,4314,4315,4316,4317,4318,4319,4320,4321,4322,4323,4324,4325,4326,4327,4328"
72,4474,4482,"263,262",263,0,0.0,0,0,1,1,64,,,,4.320852640482868,1.020892742674805,0.9092975256786777,4480,4.729992108647914,-0.6991060926963968,0.6280293053750814,0.6607019720688372,valley,871.0,127.0,28.0,33.0,660.0,127.0,14.0,18.0,4483,"4474,4475,4476,4477,4478,4479,4480,4481,4482"
73,4483,4517,"263,264",263,1,0.75,0,0,1,1,65,,,4495,,,0.0,4511,1.2099925602705,11.769101246045835,0.14531386733118445,0.6965258498866918,valley,,,,,,,,,4514,"4483,4484,4485,4486,4487,4488,4489,4490,4491,4492,4493,4494,4495,4496,4497,4498,4499,4500,4501,4502,4503,4504,4505,4506,4507,4508,4509,4510,4511,4512,4515,4516,4517"
74,4518,4559,"264,265,266,267,268,270,269,271",266,1,0.9,0,0,1,1,66,,,4536,,,0.0,4554,3.4394328843794297,1.5017827962341244,0.20441265918036855,0.6308965207606786,valley,801.0,180.0,19.0,30.0,601.0,180.0,19.0,26.0,4557,"4518,4519,4520,4521,4522,4523,4524,4525,4526,4527,4528,4529,4530,4531,4532,4533,4534,4535,4536,4537,4538,4539,4541,4542,4543,4544,4545,4546,4547,4548,4549,4550,4551,4552,4553,4554,4555,4556,4557,4558,4559"
75,4576,4600,273,273,1,1.0,0,0,1,1,67,,,4589,2.9639023843643675,9.262832687908835,0.8424795850739277,,,,,0.0,,,,,,,,,,,"4576,4577,4578,4579,4580,4581,4582,4583,4584,4585,4586,4587,4588,4589,4590,4591,4592,4593,4594,4595,4596,4597,4598,4599,4600"
76,4601,4615,274,274,1,0.16666666666666666,0,0,1,1,68,,,4606,4.442613150430251,5.184601498649372,0.9641124539408206,,,,,0.0,,,,,,,,,,,"4601,4602,4603,4604,4605,4606,4607,4598,4599,4600,4601,4602,4603,4604,4605,4606,4607,4608,4609,4610,4611,4612,4613,4614,4615"
77,4640,4650,275,275,1,0.8,0,0,1,1,69,,,4643,4.019769653202489,11.960683944113946,0.9246683452043838,,,,,0.0,,,,,,,,,,,"4640,4641,4642,4643,4644,4645,4646,4647,4648,4649,4650"
78,4657,4669,"276,277",276,1,1.0,0,0,1,1,70,,,4664,1.1992963638681808,-0.9604763601101833,0.9053467611619681,,,,,0.0,,,,,,,,,,,"4657,4658,4659,4660,4661,4662,4663,4664,4665,4666,4667,4668,4669"
79,4670,4682,277,277,1,0.6666666666666666,0,0,1,1,71,,,4679,2.4950873710989865,14.943980045193836,0.8454281679924562,,,,,0.0,,,,,,,,,,,"4670,4671,4672,4673,4674,4675,4676,4677,4678,4679,4680,4681,4682"
80,4697,4713,279,279,0,0.0,0,0,1,1,72,,,,2.44037342560291,15.12608588476392,0.9678595775613672,,,,,0.0,,,,,,,,,,,"4697,4698,4699,4700,4701,4702,4703,4697,4698,4699,4700,4701,4702,4703,4704,4705,4706,4707,4708,4709,4710,4711,4712,4713"
81,4943,4975,281,281,1,0.8666666666666667,0,0,1,1,73,,,4958,,,0.0,4973,1.3563810194984216,2.1852993291912863,0.2826199414438002,0.5885820251336582,valley,672.0,187.0,19.0,22.0,466.0,195.0,22.0,30.0,4976,"4943,4944,4945,4946,4949,4950,4951,4952,4953,4954,4955,4956,4957,4958,4959,4960,4961,4962,4963,4964,4965,4966,4967,4968,4969,4970,4971,4972,4973,4974,4975"
82,4984,5028,"287,288",288,1,0.6818181818181818,0,0,1,1,74,,,4999,,,0.0,5019,1.8194447710448087,12.499156789120455,0.01916321413478439,0.694050647194471,valley,469.0,667.0,16.0,26.0,486.0,727.0,19.0,26.0,5022,"4984,4985,4986,4987,4988,4989,4990,4991,4992,4993,4994,4995,4996,4997,4998,4999,5000,5001,5002,5003,5004,5005,5006,5007,5008,5009,5010,5012,5013,5014,5015,5016,5017,5018,5019,5020,5021,5022,5023,5024,5025,5026,5027,5028"
83,5029,5047,"288,291",291,1,0.3333333333333333,0,0,1,1,75,,,5045,2.4637516949915534,-1.3616277830697747,0.9146882041907562,,,,,0.0,,,,,,,,,,,"5029,5030,5031,5032,5033,5034,5036,5037,5038,5039,5040,5041,5042,5043,5044,5045,5046,5047"
84,5049,5054,"290,291,292",292,0,0.0,0,0,1,1,76,,,5050,4.145942647934305,7.582915603103242,0.8804218204235061,,,,,0.0,,,,,,,,,,,"5049,5050,5051,5052,5053,5054"
85,5055,5069,292,292,0,0.0,0,0,1,1,77,,,,,,0.0,5062,4.476065768934633,10.21966353800012,0.1818400049545552,0.6538830454418877,valley,925.0,457.0,16.0,22.0,838.0,423.0,19.0,26.0,5065,"5055,5056,5057,5058,5060,5061,5062,5063,5064,5065,5066,5067,5068,5069"
86,5070,5094,"292,294,293,295,296",295,1,0.6428571428571429,0,0,1,1,78,,,5087,2.5687079934623727,-0.15323268917543942,0.9149776328519118,,,,,0.0,,,,,,,,,,,"5070,5074,5075,5076,5077,5078,5079,5080,5081,5082,5083,5084,5085,5086,5087,5082,5083,5084,5085,5086,5087,5088,5089,5090,5091,5092,5093,5094"
87,5095,5201,"296,297,298,299,304,302,303",298,1,0.15789473684210525,1,0,1,1,79,,,5118,,,0.0,5167,-0.13829225126719535,5.220921628164703,-0.22154157299116228,0.5288706648323862,valley,531.0,273.0,16.0,22.0,345.0,315.0,19.0,22.0,5170,"5095,5096,5097,5098,5099,5100,5101,5102,5103,5104,5105,5106,5107,5108,5109,5110,5111,5112,5113,5114,5115,5116,5117,5118,5119,5120,5121,5122,5123,5124,5125,5126,5127,5128,5129,5130,5131,5132,5133,5134,5135,5136,5137,5138,5139,5140,5141,5142,5143,5144,5145,5146,5147,5148,5149,5150,5151,5152,5153,5154,5155,5156,5157,5158,5159,5160,5161,5162,5163,5164,5165,5166,5167,5168,5169,5173,5174,5175,5176,5177,5178,5179,5180,5181,5182,5183,5174,5175,5176,5177,5178,5179,5180,5181,5182,5183,5184,5185,5186,5187,5188,5189,5190,5191,5192,5193,5194,5195,5196,5197,5198,5199,5200,5201"
88,5208,5215,305,305,0,0.0,0,0,0,0,,,low_displacement,,-0.49809162718859834,5.861873970985574,0.9378476740927274,,,,,0.0,,,,,,,,,,,"5208,5209,5210,5211,5212,5213,5214,5215"
89,5384,5389,308,308,0,0.0,0,0,0,0,,,low_displacement,,2.147361031137291,3.462815816199323,0.9119464380099085,,,,,0.0,,,,,,,,,,,"5384,5385,5386,5387,5388,5389"
90,5390,5401,"308,309",309,0,0.0,0,0,0,0,,,low_displacement,,,,0.0,,,,,0.0,,,,,,,,,,,"5390,5391,5392,5393,5394,5395,5396,5397,5398,5399,5400,5401"
91,5544,5556,"311,310",311,1,0.5,0,0,1,1,80,,,5547,1.3888872333501794,6.607025860052462,0.9060494705923434,,,,,0.0,,,,,,,,,,,"5544,5545,5546,5547,5548,5549,5550,5551,5552,5553,5554,5555,5556"
92,5557,5583,"311,312",312,1,0.15384615384615385,0,0,1,1,81,,,5559,1.6479498356254987,5.581120842879952,0.7573956410930116,,,,,0.0,,,,,,,,,,,"5557,5558,5559,5560,5561,5562,5563,5564,5565,5566,5567,5568,5569,5570,5571,5572,5573,5574,5575,5576,5577,5578,5579,5580,5582,5583"
93,5669,5682,"316,315",316,0,0.0,0,0,1,1,82,,,,3.7214005130364614,3.646957778368952,0.7317749754445474,5677,3.4815733790158263,4.433202347002364,0.38682292191681533,0.6364900314177897,valley,801.0,217.0,19.0,26.0,621.0,217.0,22.0,26.0,,"5669,5670,5671,5672,5673,5674,5675,5676,5677,5678,5679,5680,5681,5682"
94,6093,6103,"318,317",318,0,0.0,0,0,0,0,,,low_displacement,,6.861526356409801,2.7003817544838276,0.9217945253249924,,,,,0.0,,,,,,,,,,,"6093,6094,6095,6097,6098,6099,6100,6101,6102,6103"
95,6480,6494,"320,319",320,0,0.0,0,0,0,0,,,low_displacement,,3.578919513852341,2.6847067313586876,0.7122710852597165,,,,,0.0,,,,,,,,,,,"6480,6481,6482,6483,6484,6485,6486,6487,6488,6489,6490,6491,6492,6493,6494"
96,6536,6541,"323,321",323,0,0.0,0,0,1,1,83,,,,,,0.0,6540,3.596781733254405,2.866387510576189,0.0570599981508817,0.5,ground_hit_fallback,810.0,213.0,16.0,22.0,621.0,210.0,19.0,26.0,6525,"6536,6537,6538,6539,6540,6541"
97,6542,6548,"323,322",323,0,0.0,0,0,0,0,,,low_displacement,,3.5849869116220936,2.4972916447580333,0.8611651651935465,,,,,0.0,,,,,,,,,,,"6542,6543,6544,6545,6546,6547,6548"
98,6968,6980,"328,327",328,0,0.0,0,0,1,1,84,,,,2.2838668893137144,1.811744046023402,0.7329035672242741,6972,2.52595126989382,2.8171336922498824,0.07219836265957902,0.7424317203484192,valley,739.0,210.0,19.0,26.0,551.0,217.0,19.0,22.0,6957,"6968,6969,6970,6971,6972,6973,6974,6975,6976,6977,6978,6979,6980"
99,7024,7031,"329,330",329,0,0.0,0,0,1,1,85,,,,2.31095427223248,4.588320167751272,0.8390720608611906,7027,2.3250001795134714,3.0130238727316936,0.13036403736663615,0.5365678505029511,valley,725.0,206.0,19.0,30.0,537.0,217.0,16.0,26.0,7012,"7024,7025,7026,7027,7028,7029,7030,7031"
100,7072,7084,"331,332,333",333,0,0.0,0,0,0,0,,,low_displacement,,2.097684144703023,3.065332360440341,0.7416990991261719,,,,,0.0,,,,,,,,,,,"7072,7073,7074,7075,7076,7077,7078,7079,7080,7081,7082,7083,7084"
101,7096,7114,"337,338,340,342,339",340,0,0.0,0,0,0,0,,,low_displacement,,2.340452145728434,2.8532848068205086,0.926394056697264,,,,,0.0,,,,,,,,,,,"7096,7097,7098,7099,7100,7101,7104,7105,7106,7107,7108,7109,7110,7111,7112,7113,7114"
102,7120,7127,"342,343",343,0,0.0,0,0,1,1,86,,,,,,0.0,7124,2.3468197523603824,2.8863360374998948,0.009760722153250079,0.7004862267342225,valley,728.0,213.0,16.0,26.0,540.0,225.0,16.0,22.0,7109,"7120,7121,7122,7123,7124,7125,7126,7127"
103,7128,7143,"343,344,345",343,0,0.0,0,0,0,0,,,low_displacement,,2.454736657141428,2.9455565806739816,0.8811436647402825,,,,,0.0,,,,,,,,,,,"7128,7129,7130,7131,7132,7136,7137,7138,7140,7141,7142,7143"
104,7168,7195,"350,346,347,348,351,349,352",350,0,0.0,0,0,0,0,,,low_displacement,,,,0.0,,,,,0.0,,,,,,,,,,,"7168,7169,7170,7171,7172,7173,7174,7175,7176,7177,7178,7179,7180,7181,7182,7183,7184,7185,7186,7187,7188,7189,7190,7191,7192,7195,7191,7195"
105,7505,7511,358,358,0,0.0,0,0,0,0,,,low_displacement,,0.8875266982064417,1.8204856327549737,0.7377721708617686,,,,,0.0,,,,,,,,,,,"7505,7506,7507,7508,7509,7510,7511"
106,7920,7966,"365,361,362,363,364,368,366,367,372,373",365,0,0.0,0,0,1,1,87,,,,,,0.0,7956,2.098417645683058,-0.1318579192272864,0.5640312310745745,0.764125582851308,valley,731.0,142.0,19.0,26.0,511.0,142.0,22.0,30.0,7941,"7920,7921,7922,7923,7924,7925,7926,7927,7928,7929,7930,7931,7932,7933,7934,7935,7936,7937,7939,7940,7941,7942,7943,7944,7945,7946,7947,7948,7949,7950,7951,7953,7954,7955,7956,7957,7961,7962,7965,7966"
107,8153,8187,378,378,1,0.4117647058823529,0,0,1,1,88,,,8160,,,0.0,8179,1.1085523769844565,12.105709966606856,-0.00016901728960583284,0.7226041024638231,valley,385.0,611.0,16.0,18.0,357.0,701.0,19.0,22.0,8163,"8153,8154,8155,8156,8157,8158,8159,8160,8161,8162,8163,8164,8165,8166,8167,8168,8169,8170,8171,8172,8173,8174,8175,8176,8177,8178,8179,8180,8181,8182,8184,8185,8186,8187"
108,8188,8222,"378,380",380,1,0.75,0,0,1,1,89,,,8211,2.758701990337631,1.5086344648015153,0.9308372397485891,,,,,0.0,,,,,,,,,,,"8188,8189,8191,8192,8193,8194,8196,8197,8198,8199,8200,8201,8202,8203,8204,8205,8206,8207,8208,8209,8210,8211,8212,8213,8214,8215,8216,8217,8218,8219,8220,8221,8222"
109,8223,8240,"380,381,382",381,0,0.0,0,0,1,1,90,,,,3.1482976625065975,1.0454772680734543,0.7515056373415125,8227,2.683569363314076,0.4865751021923401,-0.16391546403817436,0.8458424981962088,valley,756.0,191.0,25.0,22.0,556.0,191.0,19.0,30.0,8212,"8223,8226,8227,8228,8229,8232,8233,8234,8235,8236,8237,8238,8239,8240"
110,8583,8616,"385,386",386,1,0.6470588235294118,0,0,1,1,91,,,8594,,,0.0,8607,4.769853159790928,11.042621741564162,-0.03829486730581522,0.733550472221804,valley,981.0,547.0,19.0,30.0,905.0,498.0,36.0,30.0,8592,"8583,8584,8585,8586,8587,8588,8589,8590,8591,8592,8593,8594,8595,8596,8597,8598,8599,8600,8601,8602,8603,8604,8605,8606,8607,8608,8609,8610,8611,8612,8613,8614,8615,8616"
111,8622,8651,"386,387,388,389,390,392,391",390,1,0.8571428571428571,0,0,1,1,92,,,8636,,,0.0,8649,1.5812666732168736,1.39960699695159,0.09444560133824442,0.6174634997345785,valley,694.0,191.0,14.0,15.0,489.0,198.0,19.0,22.0,8633,"8622,8623,8624,8626,8628,8629,8630,8631,8632,8633,8634,8635,8636,8637,8638,8639,8640,8641,8642,8643,8644,8645,8646,8647,8648,8649,8650,8651"
112,8664,8692,"393,394",393,1,0.8571428571428571,0,0,1,1,93,,,8681,3.9677910217752226,11.293939742757066,0.9553239852586206,,,,,0.0,,,,,,,,,,,"8664,8665,8666,8667,8668,8669,8670,8671,8672,8673,8674,8675,8676,8677,8678,8679,8680,8681,8682,8683,8684,8685,8686,8687,8688,8689,8690,8691,8692"
113,8693,8722,"393,395,396,397",396,1,0.8571428571428571,0,0,1,1,94,,,8705,0.8504661153900264,0.8384794891670122,0.9491963407600206,,,,,0.0,,,,,,,,,,,"8693,8694,8695,8696,8697,8698,8699,8700,8701,8702,8703,8704,8705,8706,8707,8708,8709,8710,8711,8712,8713,8714,8715,8716,8717,8719,8720,8721,8722"
114,8728,8735,"401,402,403",401,0,0.0,0,0,1,1,95,,,,-0.15545669798349104,2.9681991407496984,0.8462401937384483,8729,0.5795846412221284,0.28532241099059164,-0.015689762066009694,0.6409228842694448,valley,,,,,,,,,8713,"8728,8729,8730,8731,8735,8728,8729,8730,8731,8735"
115,8751,8770,"405,406,407",407,1,0.8,0,0,1,1,96,,,8763,3.4308641146808103,12.405200678495351,0.9285580692506823,,,,,0.0,,,,,,,,,,,"8751,8752,8753,8754,8755,8756,8757,8758,8759,8760,8761,8762,8763,8764,8765,8766,8767,8768,8769,8770"
116,8772,8790,"407,408",408,1,0.7777777777777778,0,0,1,1,97,,,8779,0.002652427494624021,3.3917508335253723,0.9636460824927566,,,,,0.0,,,,,,,,,,,"8772,8773,8774,8775,8776,8777,8778,8779,8780,8781,8782,8783,8784,8785,8786,8787,8788,8789,8790"
117,8797,8802,"409,410",409,0,0.0,0,0,1,1,98,,,,-1.6838303582701941,-0.9976172617983523,0.8999671026912566,,,,,0.0,,,,,,,,,,,"8797,8798,8799,8800,8801,8802"
118,8811,8829,"411,414,415,418",414,1,0.8461538461538461,0,0,1,1,99,,,8822,2.2946700021220785,11.601298735787504,0.9086153751148934,,,,,0.0,,,,,,,,,,,"8811,8812,8813,8814,8815,8816,8817,8818,8819,8820,8821,8822,8823,8824,8825,8826,8827,8829,8831,8822,8823,8824,8825,8826,8827,8829"
119,8831,8847,"418,416,417",418,0,0.0,0,0,1,1,100,,,8832,2.5768307596781765,1.0085092671230926,0.6441052490387755,8839,2.0286096802211135,3.491573046605218,0.1304886477634204,0.7046708298248769,valley,703.0,217.0,19.0,26.0,517.0,228.0,19.0,26.0,8824,"8831,8832,8833,8834,8835,8836,8837,8838,8839,8840,8841,8842,8843,8844,8845,8846,8847"
120,8849,8855,419,419,0,0.0,0,0,0,0,,,low_displacement,,3.4061775279499784,13.287251627362972,0.871038024566027,,,,,0.0,,,,,,,,,,,"8849,8850,8851,8852,8854,8855"
121,8968,8977,"421,422,423",422,0,0.0,0,0,1,1,101,,,,3.5310711024810733,19.13953886652333,0.8199956938977617,,,,,0.0,,,,,,,,,,,"8968,8969,8970,8971,8972,8973,8974,8975,8976,8977"
122,8993,9024,"424,425",424,0,0.0,0,0,1,1,102,,,,,,0.0,9011,2.569179317224516,12.17388238094686,0.10021566267072402,0.7140311307007141,valley,613.0,618.0,19.0,37.0,624.0,648.0,16.0,26.0,8996,"8993,8994,8995,8996,8997,8998,8999,9000,9001,9002,9003,9006,9007,9008,9009,9010,9011,9012,9013,9014,9015,9016,9017,9018,9019,9021,9023,9024"
123,9141,9167,"429,430,431,432",430,1,0.38461538461538464,0,0,1,1,103,,,9146,,,0.0,9154,1.8368907179932525,2.9520870078914747,0.16730274756002217,0.6595777285319975,valley,694.0,206.0,16.0,22.0,503.0,217.0,19.0,22.0,9138,"9141,9142,9143,9144,9145,9146,9147,9148,9149,9150,9151,9152,9153,9154,9155,9156,9157,9158,9159,9161,9162,9163,9164,9165,9166,9167"
124,9176,9181,433,433,0,0.0,0,0,0,0,,,low_displacement,,1.9653243649870733,3.284318097739853,0.8983541925787848,,,,,0.0,,,,,,,,,,,"9176,9177,9178,9179,9180,9181"
125,9182,9210,"433,434,435",433,1,0.5714285714285714,0,0,1,1,104,,,9190,,,0.0,9200,3.088332529630334,9.138839190322907,-0.1926479568887185,0.7411197910570698,valley,748.0,438.0,11.0,11.0,644.0,412.0,19.0,33.0,9185,"9182,9183,9184,9185,9186,9187,9188,9189,9190,9191,9192,9193,9194,9195,9196,9197,9198,9199,9200,9201,9202,9203,9204,9205,9206,9207,9208,9209,9210"
126,9211,9223,435,435,0,0.0,0,0,1,1,105,,,,3.289054535224118,2.0297653725901714,0.8911196540938946,,,,,0.0,,,,,,,,,,,"9211,9212,9213,9214,9215,9216,9217,9218,9219,9220,9221,9222,9223"
127,9232,9271,"437,436,438",438,1,0.15,1,0,1,1,106,,,9238,,,0.0,9246,3.177696364597492,6.2679519093095095,0.04820819100495122,0.5558300301005314,valley,773.0,292.0,14.0,18.0,621.0,292.0,14.0,18.0,9230,"9232,9233,9234,9235,9236,9237,9238,9239,9240,9241,9242,9243,9244,9245,9246,9247,9248,9249,9250,9251,9252,9253,9254,9255,9256,9257,9258,9259,9260,9261,9262,9263,9264,9265,9266,9267,9268,9269,9270,9271"
128,9296,9319,"441,440,443",443,1,0.4375,0,0,1,1,107,,,9303,0.6838067890985577,12.469650084503002,0.9332068406601641,,,,,0.0,,,,,,,,,,,"9296,9297,9298,9299,9300,9301,9302,9303,9304,9305,9306,9307,9308,9309,9310,9311,9303,9304,9305,9306,9307,9308,9309,9310,9311,9312,9313,9314,9315,9316,9317,9318,9319"
129,9333,9342,444,444,0,0.0,0,0,1,1,108,,,,-0.26432143492095783,14.249385574518506,0.9362015099788801,,,,,0.0,,,,,,,,,,,"9333,9334,9335,9336,9337,9338,9339,9340,9341,9342"
130,9627,9636,"448,449",448,0,0.0,0,0,1,1,109,,,,7.236198945427141,5.193540000046635,0.7685856611938463,,,,,0.0,,,,,,,,,,,"9627,9628,9629,9630,9631,9632,9633,9636"
131,9639,9663,"450,451,452,453",450,1,0.36363636363636365,0,0,1,1,110,,,9643,,,0.0,9652,4.16131103555961,2.726134255167551,-0.02578632359826294,0.7252940416546494,valley,843.0,213.0,22.0,30.0,655.0,206.0,25.0,30.0,9636,"9639,9640,9641,9642,9643,9644,9645,9646,9647,9648,9649,9650,9651,9652,9653,9654,9655,9656,9657,9658,9659,9663"
132,9672,9702,"454,455,456",456,1,0.6428571428571429,0,0,1,1,111,,,9681,,,0.0,9692,5.233679126837018,10.101052085448636,0.06660556496546377,0.6958300248352453,valley,,,,,,,,,9677,"9672,9673,9674,9675,9676,9677,9678,9679,9680,9681,9682,9683,9684,9685,9689,9690,9691,9692,9693,9694,9695,9696,9697,9698,9699,9700,9701,9702"
133,9708,9725,"458,457,459",458,1,0.25,0,0,1,1,112,,,9724,1.4497402581238914,2.975243513960711,0.9012627009949992,,,,,0.0,,,,,,,,,,,"9708,9709,9710,9711,9712,9713,9716,9717,9718,9719,9720,9721,9722,9723,9724,9725"
134,9729,9735,462,462,0,0.0,0,0,1,1,113,,,,1.5404879568341496,3.3625754016508824,0.9522999824866034,9735,1.8430372663706134,3.982210950111863,0.4895614587988373,0.5,ground_hit_fallback,689.0,202.0,11.0,15.0,495.0,210.0,22.0,30.0,9720,"9729,9730,9731,9732,9733,9734,9735"
135,9736,9764,462,462,1,0.5714285714285714,0,0,1,1,114,,,9744,,,0.0,9760,2.679048624669729,10.394374030870427,0.03911664321195829,0.6504884926412376,valley,672.0,453.0,30.0,52.0,610.0,476.0,22.0,45.0,,"9736,9737,9738,9739,9740,9741,9742,9743,9744,9745,9746,9747,9748,9749,9750,9751,9752,9753,9754,9755,9756,9757,9758,9759,9760,9761,9762,9763,9764"
136,9765,9774,462,462,0,0.0,0,0,1,1,115,,,,1.5936112678922119,-2.6066781606499294,0.7843236634680457,,,,,0.0,,,,,,,,,,,"9765,9767,9768,9769,9770,9771,9772,9773,9774"
137,9811,9843,"463,465,464,466",465,1,1.0,0,0,1,1,116,,,9827,4.3105643472800566,10.769207914969245,0.5866253078809506,,,,,0.0,,,,,,,,,,,"9811,9812,9813,9814,9815,9816,9817,9818,9819,9820,9821,9822,9823,9824,9825,9826,9827,9828,9829,9830,9831,9832,9833,9834,9835,9836,9837,9838,9839,9840,9841,9842,9843"
138,9844,9871,"466,468,467",466,1,0.23076923076923078,0,0,1,1,117,,,9847,,,0.0,9869,1.549328932247945,0.7618957919260687,0.009825317073695494,0.5,ground_hit_fallback,700.0,191.0,5.0,7.0,489.0,198.0,19.0,18.0,9854,"9844,9845,9846,9847,9848,9849,9850,9851,9852,9853,9854,9855,9856,9857,9858,9859,9860,9861,9862,9863,9864,9865,9866,9867,9868,9869,9871"
139,9888,9904,469,469,1,0.75,0,0,1,1,118,,,9899,1.5975769897471679,12.079487370845596,0.9347134573119853,,,,,0.0,,,,,,,,,,,"9888,9889,9890,9891,9892,9893,9894,9895,9896,9897,9898,9899,9900,9901,9902,9903,9904"
140,9905,9926,"469,471,470",471,1,0.5454545454545454,0,0,1,1,119,,,9911,,,0.0,9925,0.3985444774439577,-0.04838111714518423,0.08448203700717727,0.5,ground_hit_fallback,644.0,176.0,14.0,18.0,421.0,187.0,16.0,18.0,9910,"9905,9906,9907,9908,9909,9910,9911,9912,9913,9914,9915,9916,9917,9918,9919,9920,9921,9922,9923,9924,9925,9926"
141,10072,10111,"474,475",474,1,0.2777777777777778,0,0,1,1,120,,,10077,,,0.0,10091,3.1206333169243394,10.598964606664738,0.1462067268433529,0.6689782904546017,valley,734.0,472.0,19.0,33.0,669.0,472.0,28.0,41.0,10075,"10072,10073,10074,10075,10076,10077,10078,10079,10080,10081,10082,10083,10084,10085,10086,10087,10088,10089,10090,10091,10092,10093,10094,10095,10096,10097,10098,10099,10100,10101,10102,10103,10104,10105,10106,10107,10111"
142,10120,10130,"476,477",477,0,0.0,0,0,0,0,,,low_displacement,,4.626739000634991,13.504873545387914,0.9321154273130023,,,,,0.0,,,,,,,,,,,"10120,10122,10123,10124,10128,10129,10130"
143,10187,10215,"478,480,481,482,483",481,1,0.7692307692307693,0,0,1,1,121,,,10199,-0.3412050874503203,-0.4993208707389112,0.8982201617519564,10215,0.45184356649463087,0.5943124727699614,0.4874341066016512,0.5,ground_hit_fallback,635.0,157.0,16.0,18.0,416.0,165.0,19.0,30.0,10199,"10187,10188,10190,10191,10193,10194,10195,10196,10197,10198,10199,10200,10201,10202,10203,10204,10205,10206,10207,10208,10209,10210,10211,10212,10213,10214,10215"
144,10750,10760,"489,490,491",490,0,0.0,0,0,1,1,122,,,,-0.5706314906060637,-0.7211052693550453,0.9229793380642932,,,,,0.0,,,,,,,,,,,"10750,10751,10753,10754,10755,10760"
145,10809,10828,"495,496,497",496,0,0.0,0,0,0,0,,,low_displacement,,0.9219514830756286,13.135572764724671,0.9151888538408034,,,,,0.0,,,,,,,,,,,"10809,10812,10813,10814,10816,10817,10818,10819,10820,10821,10822,10823,10824,10825,10826,10827,10828"
146,10872,10880,500,500,0,0.0,0,0,0,0,,,low_displacement,,1.0670364455141312,13.503635383498992,0.9692911627831235,,,,,0.0,,,,,,,,,,,"10872,10873,10874,10875,10876,10877,10879,10880"
147,10944,10994,502,502,1,0.64,0,0,1,1,123,,,10960,,,0.0,10984,0.7337425670838584,12.819280511295984,0.05883522104584671,0.722812804879192,valley,258.0,682.0,19.0,22.0,241.0,821.0,22.0,26.0,10969,"10944,10945,10946,10947,10948,10949,10950,10951,10952,10953,10954,10955,10956,10957,10958,10959,10960,10961,10962,10963,10964,10965,10966,10967,10968,10969,10970,10971,10972,10973,10974,10975,10976,10977,10978,10979,10980,10981,10982,10983,10984,10985,10986,10987,10988,10989,10990,10991,10992,10993,10994"
148,11096,11142,"503,505,506",503,1,1.0,0,0,1,1,124,,,11122,,,0.0,11139,4.590165070990577,-0.479283233009113,0.02899479388359083,0.6990709427162297,valley,863.0,168.0,22.0,26.0,655.0,161.0,19.0,26.0,11123,"11096,11097,11098,11099,11104,11105,11106,11107,11108,11109,11110,11111,11112,11113,11114,11115,11116,11117,11118,11119,11120,11121,11122,11123,11124,11125,11126,11127,11128,11129,11130,11131,11132,11133,11134,11135,11136,11137,11138,11139,11140,11141,11142"
149,11156,11175,509,509,1,0.6,0,0,1,1,125,,,11162,3.8436509199958304,10.718843620102515,0.9449263365228153,11174,3.8856766381242287,10.3228975832426,0.24935238100089308,0.5,ground_hit_fallback,843.0,446.0,19.0,22.0,767.0,438.0,16.0,22.0,11159,"11156,11157,11158,11159,11160,11161,11162,11163,11164,11165,11166,11167,11168,11169,11170,11171,11172,11173,11174,11175"
150,11189,11270,"510,511,512,518,513,514,515,516,517,519",518,1,0.044444444444444446,1,0,1,1,126,,,11203,,,0.0,11229,2.0449171375989503,6.371487678566586,0.12037456623806175,0.665767051965172,valley,,,,,,,,,,"11189,11190,11191,11192,11193,11194,11195,11196,11197,11198,11199,11200,11201,11202,11203,11204,11205,11206,11207,11208,11209,11210,11211,11212,11213,11214,11215,11216,11217,11218,11219,11221,11222,11223,11224,11225,11226,11227,11228,11229,11230,11231,11222,11223,11224,11225,11226,11227,11228,11229,11230,11231,11232,11233,11234,11235,11236,11237,11238,11239,11240,11241,11242,11243,11244,11245,11246,11247,11248,11249,11250,11251,11252,11253,11254,11255,11256,11257,11258,11259,11260,11261,11262,11263,11265,11266,11267,11268,11269,11270"
151,11329,11351,"520,521",520,1,0.18181818181818182,0,0,1,1,127,,,11331,4.344264201874158,11.682500503139519,0.9313818319972487,,,,,0.0,,,,,,,,,,,"11329,11330,11331,11332,11333,11334,11335,11336,11337,11338,11339,11340,11341,11342,11343,11344,11345,11346,11347,11348,11349,11350,11351"
152,11419,11431,524,524,0,0.0,0,0,1,1,128,,,,,,0.0,11427,4.215247203700221,13.734751884046009,-0.056186186414979744,0.6802018767004222,valley,950.0,990.0,14.0,26.0,1043.0,843.0,16.0,37.0,11411,"11419,11420,11421,11422,11423,11424,11425,11426,11427,11428,11429,11430,11431"
153,11545,11567,530,530,1,0.36363636363636365,0,0,1,1,129,,,11548,,,0.0,11562,-0.09570423614484902,1.7812351784600935,-0.036293137069932646,0.6795511424558752,valley,590.0,198.0,22.0,26.0,382.0,221.0,16.0,30.0,11546,"11545,11546,11547,11548,11549,11550,11551,11552,11553,11554,11555,11556,11557,11558,11559,11560,11561,11562,11563,11564,11565,11566,11567"
154,11585,11647,"534,537,535,538,540,539",540,1,0.1935483870967742,1,1,1,1,130,,,11607,,,0.0,11621,3.2549862668525797,5.608762054898975,-0.1746224548673947,0.6839796472214139,valley,779.0,285.0,16.0,26.0,624.0,296.0,14.0,18.0,11605,"11585,11586,11587,11588,11589,11590,11591,11592,11593,11594,11595,11596,11597,11598,11599,11600,11601,11602,11603,11604,11605,11607,11608,11609,11610,11611,11612,11613,11614,11615,11616,11617,11618,11619,11620,11621,11622,11623,11624,11625,11626,11627,11628,11629,11630,11631,11632,11633,11634,11635,11636,11637,11638,11639,11640,11641,11642,11643,11644,11645,11646,11647"
155,11668,11691,541,541,1,0.25,0,0,1,1,131,,,11671,3.3428041725366238,12.90110689093152,0.8951721933132386,,,,,0.0,,,,,,,,,,,"11668,11669,11670,11671,11672,11673,11674,11675,11676,11677,11678,11679,11680,11681,11682,11683,11684,11685,11686,11687,11688,11689,11690,11691"
156,11720,11735,544,544,0,0.0,0,0,0,0,,,low_displacement,,,,0.0,,,,,0.0,,,,,,,,,,,"11720,11721,11722,11723,11724,11725,11726,11727,11730,11731,11732,11733,11734,11735"
157,11792,11830,"545,546,548,549,550",546,1,0.9473684210526315,0,0,1,1,132,,,11811,,,0.0,11824,4.168703556182132,0.3290008088379608,0.022052594751935217,0.6935326501986522,valley,840.0,180.0,22.0,26.0,638.0,172.0,19.0,26.0,11832,"11792,11793,11794,11795,11796,11797,11798,11799,11800,11801,11802,11804,11805,11806,11807,11808,11809,11810,11811,11812,11813,11814,11815,11816,11817,11818,11819,11820,11821,11822,11823,11824,11825,11826,11827,11828,11829,11830"
158,11832,11863,"552,551,554,555",555,1,0.9375,0,0,1,1,133,,,11847,5.715792223425645,11.465687460588786,0.940649522836589,11863,5.625218145787819,11.218426017316872,0.33924069954456115,0.5,ground_hit_fallback,1153.0,532.0,19.0,26.0,1049.0,446.0,19.0,30.0,11870,"11832,11833,11834,11835,11836,11837,11838,11839,11840,11841,11842,11843,11844,11845,11846,11847,11848,11849,11850,11851,11852,11853,11854,11855,11856,11857,11858,11859,11860,11861,11862,11863"
159,11880,11905,"556,557,559,558,561",561,1,0.5,0,0,1,1,134,,,11901,1.2095588135633708,3.237728039724292,0.941780623775143,,,,,0.0,,,,,,,,,,,"11880,11881,11882,11883,11885,11886,11887,11888,11889,11890,11891,11892,11893,11894,11895,11896,11897,11898,11899,11900,11901,11902,11903,11897,11898,11899,11900,11901,11902,11903,11904,11905"
160,11906,11927,"561,562,563",562,1,0.6363636363636364,0,0,1,1,135,,,11913,,,0.0,11927,0.9914339569303534,9.716252174782994,-0.20300211443272875,0.5,ground_hit_fallback,497.0,438.0,25.0,30.0,388.0,495.0,33.0,26.0,11934,"11906,11907,11908,11909,11910,11911,11912,11913,11914,11915,11916,11917,11918,11919,11920,11921,11922,11923,11924,11925,11926,11927"
161,11941,11952,"564,565",565,1,1.0,0,0,1,1,136,,,11948,2.078773254198536,0.5667683147331477,0.9129382746712509,,,,,0.0,,,,,,,,,,,"11941,11943,11944,11945,11946,11947,11948,11949,11950,11951,11952"
162,11953,11979,565,565,1,0.46153846153846156,0,0,1,1,137,,,11959,3.5140682784611785,12.928683822355534,0.9418833200640606,,,,,0.0,,,,,,,,,,,"11953,11954,11955,11956,11957,11958,11959,11960,11961,11962,11963,11964,11965,11966,11967,11968,11969,11970,11971,11972,11973,11974,11975,11976,11977,11978,11979"
163,11980,12005,"565,566,567,568",567,1,0.4375,1,0,1,1,138,,,11988,,,0.0,11993,2.642147751560748,3.967905214516769,0.2800873553255787,0.6269940745183691,valley,,,,,,,,,12000,"11980,11981,11983,11984,11985,11986,11987,11988,11989,11990,11991,11992,11993,11994,11995,11996,11997,11998,11999,11993,11994,11995,11996,11997,11998,11999,12000,12001,12002,12003,12004,12005"
164,12048,12055,571,571,0,0.0,0,0,0,0,,,low_displacement,,3.286593278996404,13.885787926090723,0.8686644206272849,,,,,0.0,,,,,,,,,,,"12048,12049,12050,12051,12052,12055"
165,12112,12122,"573,574,575",574,0,0.0,0,0,1,1,139,,,,6.663639192053527,14.342201584805155,0.7956320065628437,,,,,0.0,,,,,,,,,,,"12112,12113,12114,12115,12116,12117,12118,12119,12120,12121,12122"
166,12144,12172,576,576,0,0.0,0,0,1,1,140,,,,,,0.0,12160,5.273356885053122,11.625258905241516,-0.03429370969638512,0.8096338453227052,valley,1088.0,622.0,25.0,33.0,1020.0,532.0,19.0,26.0,12168,"12144,12145,12146,12147,12148,12149,12150,12151,12152,12153,12154,12155,12156,12157,12158,12159,12160,12161,12162,12163,12168,12169,12170,12171,12172"
167,12234,12266,"577,578,579,580",579,1,0.6666666666666666,0,0,1,1,141,,,12247,,,0.0,12264,-0.8351702767124225,-0.788889084371915,-0.10865964256998906,0.728762890201224,valley,587.0,172.0,19.0,22.0,360.0,195.0,19.0,22.0,12271,"12234,12235,12239,12240,12241,12242,12243,12244,12245,12246,12247,12248,12249,12250,12251,12252,12253,12254,12255,12256,12257,12258,12259,12260,12261,12262,12263,12264,12265,12266"
168,12399,12455,585,585,1,0.25,0,0,1,1,142,,,12406,,,0.0,12415,0.2071318534528146,9.155056427348454,0.19245336566590687,0.7129553699603107,valley,433.0,360.0,22.0,33.0,292.0,435.0,19.0,30.0,12422,"12399,12400,12401,12402,12403,12404,12405,12406,12407,12408,12409,12410,12411,12412,12413,12414,12415,12416,12417,12418,12419,12420,12421,12422,12423,12424,12425,12426,12427,12428,12429,12430,12431,12432,12433,12434,12435,12436,12437,12438,12439,12440,12441,12442,12443,12444,12445,12447,12448,12449,12450,12451,12452,12453,12454,12455"
169,12504,12554,"589,590,591",589,1,0.7916666666666666,0,0,1,1,143,,,12536,,,0.0,12549,4.806832038941708,3.3524021526943955,0.3118896447364854,0.621509552432709,valley,897.0,202.0,16.0,26.0,705.0,195.0,19.0,26.0,12556,"12504,12505,12506,12507,12508,12509,12510,12511,12512,12513,12514,12515,12516,12517,12518,12519,12520,12521,12522,12523,12524,12527,12528,12529,12530,12531,12532,12533,12534,12535,12536,12537,12538,12539,12540,12541,12542,12543,12544,12545,12546,12547,12548,12549,12550,12551,12552,12553,12554"
170,12568,12592,594,594,1,0.4166666666666667,0,0,1,1,144,,,12573,,,0.0,12592,4.507495441688285,11.848067175608318,0.038162093567283506,0.5,ground_hit_fallback,961.0,615.0,16.0,30.0,925.0,558.0,25.0,52.0,12599,"12568,12569,12570,12571,12572,12573,12574,12575,12576,12577,12578,12579,12580,12581,12582,12583,12584,12585,12586,12587,12588,12589,12590,12591,12592"
171,12608,12623,595,595,1,0.5,0,0,1,1,145,,,12620,2.6579947248786375,0.18155151011102255,0.9207460448110522,,,,,0.0,,,,,,,,,,,"12608,12609,12610,12611,12612,12613,12614,12615,12616,12617,12618,12619,12620,12621,12622,12623"
172,12632,12669,"597,601",597,1,0.13043478260869565,1,0,1,1,146,,,12635,,,0.0,12645,4.124041228211129,7.956743272478846,-0.10507212209810035,0.6807590590288841,valley,855.0,360.0,22.0,26.0,731.0,352.0,19.0,22.0,12652,"12632,12633,12634,12635,12636,12637,12638,12639,12640,12641,12642,12643,12644,12645,12646,12647,12648,12649,12650,12651,12652,12653,12654,12655,12656,12657,12658,12659,12660,12661,12662,12663,12664,12665,12666,12667,12668,12669,12662,12663,12664,12665,12666,12667,12668,12669"
173,12757,12789,"602,609,607,608,610,611,612,613,614",610,1,1.0,0,0,1,1,147,,,12769,,,0.0,12782,2.0615319402404664,1.8868577745084458,-0.052091174735172885,0.6714715559163191,valley,711.0,198.0,28.0,37.0,520.0,206.0,19.0,30.0,12789,"12757,12758,12759,12760,12761,12762,12763,12764,12765,12766,12767,12760,12761,12762,12763,12764,12765,12766,12767,12768,12769,12770,12771,12772,12773,12774,12775,12776,12777,12778,12779,12780,12781,12782,12783,12784,12785,12786,12787,12788,12789"
174,12880,12918,"618,619",618,1,0.7368421052631579,0,0,1,1,148,,,12894,,,0.0,12907,4.768900465387304,11.156761442038402,-0.06822727739185197,0.7341952733866588,valley,978.0,558.0,28.0,41.0,916.0,510.0,25.0,30.0,12914,"12880,12881,12882,12883,12884,12885,12886,12887,12888,12889,12890,12891,12892,12893,12894,12895,12896,12897,12898,12899,12900,12901,12902,12903,12904,12905,12906,12907,12908,12909,12910,12911,12912,12913,12914,12915,12916,12917,12918"
175,12919,12960,"619,620,622,621,624,625",619,1,1.0,0,0,1,1,149,,,12940,,,0.0,12955,1.7568562687349347,1.304534526185158,-0.02465522976335066,0.7003361112875862,valley,,,,,,,,,12962,"12919,12920,12922,12923,12924,12925,12926,12927,12928,12929,12930,12931,12932,12933,12934,12935,12936,12937,12938,12939,12940,12941,12942,12943,12944,12945,12946,12947,12948,12949,12952,12953,12954,12955,12956,12957,12958,12959,12960"
176,12968,12988,"627,626",627,1,0.4,0,0,1,1,150,,,12985,3.617252503055882,12.485633147195186,0.9170941826502492,,,,,0.0,,,,,,,,,,,"12968,12969,12970,12971,12972,12973,12974,12975,12976,12977,12978,12979,12980,12981,12982,12983,12984,12985,12986,12987,12988"
177,12990,13007,"627,628,629,630",628,1,0.75,0,0,1,1,151,,,12997,,,0.0,13003,3.6861062111957046,3.857099291730215,0.12140872444487982,0.6916308386972686,valley,815.0,225.0,16.0,22.0,635.0,221.0,16.0,30.0,13010,"12990,12992,12993,12994,12995,12996,12997,12998,12999,13000,13001,13002,13003,13004,13005,13006,13007"
178,13016,13034,631,631,1,0.8888888888888888,0,0,1,1,152,,,13027,3.677861241986156,10.301257598484916,0.9508050967406769,,,,,0.0,,,,,,,,,,,"13016,13017,13018,13019,13020,13021,13022,13023,13024,13025,13026,13027,13028,13029,13030,13031,13032,13033,13034"
179,13048,13085,"633,634,635,636",633,1,1.0,0,0,1,1,153,,,13058,,,0.0,13076,0.9199065229037303,2.8951891201458357,0.1671855161310507,0.6996271759736692,valley,638.0,206.0,19.0,22.0,444.0,228.0,8.0,11.0,13083,"13048,13049,13050,13051,13052,13053,13054,13055,13048,13049,13050,13051,13052,13053,13054,13055,13056,13057,13058,13059,13060,13061,13062,13063,13064,13069,13070,13071,13072,13073,13076,13080,13081,13082,13083,13084,13085"
180,13096,13111,637,637,1,0.625,0,0,1,1,154,,,13107,2.1506184914942015,10.570753597222186,0.9323341551916626,,,,,0.0,,,,,,,,,,,"13096,13097,13098,13099,13100,13101,13102,13103,13104,13105,13106,13107,13108,13109,13110,13111"
181,13112,13145,"637,638,640,639",640,1,0.35294117647058826,0,0,1,1,155,,,13118,,,0.0,13122,2.3783196954665433,4.4180278433127285,0.18421635343787024,0.6279636375917023,valley,717.0,232.0,22.0,26.0,542.0,240.0,19.0,26.0,,"13112,13113,13114,13115,13116,13117,13118,13119,13120,13121,13122,13123,13124,13125,13126,13127,13128,13129,13130,13131,13132,13133,13134,13135,13136,13137,13138,13139,13140,13141,13142,13143,13144,13145"
182,13344,13382,"644,642,646",644,1,0.8333333333333334,0,0,1,1,156,,,13366,,,0.0,13379,0.0957550769351343,12.0246003600165,0.2466986511078737,0.6339791215474075,valley,233.0,555.0,19.0,26.0,143.0,690.0,16.0,22.0,13386,"13344,13345,13346,13347,13348,13349,13350,13351,13353,13354,13355,13356,13357,13358,13359,13360,13361,13362,13363,13364,13365,13366,13367,13368,13369,13370,13371,13372,13373,13374,13375,13377,13378,13379,13380,13382"
183,13393,13400,647,647,0,0.0,0,0,1,1,157,,,,4.67606086179782,1.6455587578981579,0.8581699816677016,,,,,0.0,,,,,,,,,,,"13393,13394,13395,13396,13397,13398,13399,13400"
184,13423,13439,"648,650,651",648,0,0.0,0,0,1,1,158,,,,4.893869671220143,2.819271653720429,0.9790610984706352,13439,4.884457612027015,2.6941935112755857,0.12607958150537968,0.5,ground_hit_fallback,,,,,,,,,13446,"13423,13424,13425,13426,13427,13428,13429,13430,13431,13432,13433,13434,13435,13436,13437,13438,13439"
185,13456,13519,"653,657,655,656,658",658,1,0.6,0,0,1,1,159,,,13474,,,0.0,13493,6.033813621517844,10.7135848652132,0.06962612052699768,0.8606415288059566,valley,1181.0,517.0,19.0,37.0,1051.0,431.0,22.0,37.0,13501,"13456,13457,13458,13459,13460,13461,13462,13463,13464,13465,13466,13467,13468,13469,13470,13471,13472,13473,13474,13475,13476,13477,13478,13479,13480,13481,13482,13483,13484,13485,13486,13487,13491,13492,13493,13494,13495,13496,13497,13498,13499,13500,13501,13502,13503,13504,13505,13506,13507,13508,13509,13510,13511,13512,13513,13514,13515,13516,13517,13518,13519"
186,13528,13538,664,664,0,0.0,0,0,0,0,,,low_displacement,,,,0.0,,,,,0.0,,,,,,,,,,,"13528,13529,13530,13531,13532,13533,13534,13535,13528,13529,13530,13531,13532,13533,13534,13535,13536,13537,13538"
187,13629,13653,"668,669,670",670,1,0.6428571428571429,0,0,1,1,160,,,13635,,,0.0,13648,0.4233003657914072,2.048471240531265,0.011104024680683985,0.7061013690759874,valley,615.0,198.0,25.0,30.0,413.0,221.0,19.0,22.0,13678,"13629,13630,13631,13629,13630,13631,13632,13633,13634,13635,13636,13637,13638,13639,13640,13641,13642,13643,13644,13645,13646,13647,13648,13649,13650,13651,13652,13653"
188,13663,13714,"672,673",673,1,0.7083333333333334,0,0,1,1,161,,,13683,,,0.0,13708,1.3841933270636648,13.43497584880166,0.1794564002623975,0.7110987634276542,valley,300.0,776.0,16.0,26.0,360.0,907.0,22.0,33.0,13738,"13663,13664,13665,13666,13667,13668,13669,13670,13671,13672,13673,13674,13675,13676,13677,13678,13679,13683,13684,13685,13686,13687,13688,13689,13690,13691,13692,13693,13694,13695,13696,13697,13698,13699,13700,13701,13702,13703,13704,13705,13706,13707,13708,13709,13710,13711,13712,13714"
189,13720,13732,"673,675",675,0,0.0,0,0,1,1,162,,,,1.6367413743503036,-3.5721508313746764,0.8565965120299477,,,,,0.0,,,,,,,,,,,"13720,13721,13722,13723,13724,13725,13726,13727,13722,13723,13724,13725,13726,13727,13728,13729,13730,13731,13732"
190,13751,13763,"676,677,678,679",678,0,0.0,0,0,1,1,163,,,,1.6640297777473307,-0.47508751358245327,0.9304751267786762,,,,,0.0,,,,,,,,,,,"13751,13752,13753,13754,13755,13756,13757,13758,13759,13760,13761,13762,13763"
191,13888,13943,"683,684,685,686,691,689,690",691,1,0.5625,0,0,1,1,164,,,13906,,,0.0,13923,0.42679137199728423,10.754060334145304,-0.06802312266333388,0.7591315295599637,valley,382.0,487.0,22.0,26.0,286.0,577.0,19.0,22.0,13952,"13888,13889,13890,13891,13892,13893,13894,13895,13896,13897,13898,13899,13900,13901,13902,13903,13904,13905,13906,13907,13908,13909,13910,13911,13912,13913,13914,13915,13916,13917,13918,13919,13912,13913,13914,13915,13916,13917,13918,13919,13920,13921,13922,13923,13924,13925,13926,13927,13928,13929,13930,13931,13932,13933,13934,13935,13936,13937,13938,13939,13940,13941,13942,13943"
192,13984,14026,"692,694,696",692,1,1.0,0,0,1,1,165,,,14009,,,0.0,14023,4.801658483568306,1.6280786821611883,0.08404200502287296,0.6683306152968864,valley,885.0,191.0,19.0,26.0,686.0,183.0,19.0,26.0,14053,"13984,13985,13986,13987,13988,13989,13990,13991,13992,13994,13995,13996,13997,13998,13999,14000,14001,14002,14003,14004,14005,14006,14007,14008,14009,14010,14011,14012,14013,14014,14015,14011,14012,14013,14014,14015,14016,14017,14018,14019,14020,14021,14022,14023,14024,14025,14026"
193,14027,14067,"696,695,697,699,698",699,1,0.95,0,0,1,1,166,,,14046,,,0.0,14067,4.037538146908699,12.294230667293332,0.09280013389924235,0.5,ground_hit_fallback,880.0,675.0,16.0,26.0,883.0,615.0,16.0,22.0,14097,"14027,14028,14029,14030,14031,14032,14033,14034,14035,14036,14037,14038,14039,14040,14041,14042,14043,14044,14045,14046,14047,14048,14049,14050,14051,14052,14053,14054,14055,14056,14057,14058,14059,14060,14061,14062,14063,14064,14065,14066,14067"
194,14082,14106,"700,702,703",700,1,1.0,0,0,1,1,167,,,14099,2.1345345956957957,3.1446073513892756,0.8256728313449905,14106,2.3729506301107186,4.397681016425533,0.37692629974422687,0.7087042972881363,valley,,,,,,,,,14135,"14082,14083,14084,14085,14086,14087,14088,14089,14090,14091,14092,14093,14094,14095,14096,14097,14098,14099,14100,14101,14102,14103,14104,14105,14106,14107,14108,14109,14110,14111,14102,14103,14104,14105,14106"
195,14107,14136,"702,703,704",704,1,0.6666666666666666,0,0,1,1,168,,,14117,4.0654264698293545,10.91499853405443,0.971188652282117,14136,3.942286771522792,10.434362267574794,0.28066050758717864,0.5,ground_hit_fallback,849.0,457.0,22.0,26.0,779.0,431.0,19.0,30.0,14166,"14107,14108,14109,14110,14111,14112,14113,14114,14115,14116,14117,14118,14119,14120,14121,14122,14123,14124,14125,14126,14127,14128,14129,14130,14131,14132,14133,14134,14135,14136"
196,14137,14152,704,704,1,0.375,0,0,1,1,169,,,14150,2.3127824995996535,1.1564386187234792,0.9154237856772074,,,,,0.0,,,,,,,,,,,"14137,14138,14139,14140,14141,14142,14143,14144,14145,14146,14147,14148,14149,14150,14151,14152"
197,14153,14189,"704,705,706,707,708,709",704,1,0.3125,0,0,1,1,170,,,14160,,,0.0,14179,5.892236799978772,9.516729658398077,0.046207468375044414,0.6772624379478074,valley,1102.0,435.0,19.0,26.0,961.0,378.0,22.0,22.0,14209,"14153,14157,14158,14159,14160,14161,14162,14163,14164,14165,14166,14167,14168,14169,14170,14171,14172,14173,14174,14175,14176,14177,14178,14179,14180,14181,14182,14183,14184,14185,14187,14188,14189"
198,14196,14223,"710,716,711,712",716,1,0.5555555555555556,0,0,1,1,171,,,14212,5.01858580930564,3.24603735397364,0.8924758152992559,,,,,0.0,,,,,,,,,,,"14196,14197,14198,14199,14200,14201,14202,14203,14204,14205,14206,14207,14200,14201,14202,14203,14204,14205,14206,14207,14208,14209,14210,14211,14212,14213,14214,14215,14216,14217,14218,14219,14220,14221,14222,14223"
199,14225,14247,"713,716,714,715",716,1,0.6363636363636364,0,0,1,1,172,,,14231,,,0.0,14246,6.255376784362781,8.457810167767846,-0.12975375331177474,0.5,ground_hit_fallback,1091.0,393.0,47.0,30.0,939.0,341.0,33.0,30.0,14276,"14225,14226,14227,14228,14229,14230,14231,14232,14233,14234,14235,14236,14237,14238,14239,14240,14241,14242,14243,14244,14245,14246,14247"
200,14256,14287,"720,717,718,719,721",720,1,0.9375,0,0,1,1,173,,,14272,,,0.0,14287,1.7434441642428467,4.392879746988262,0.16061812737810577,0.5,ground_hit_fallback,672.0,232.0,22.0,26.0,492.0,247.0,22.0,26.0,14317,"14256,14257,14258,14259,14260,14261,14262,14263,14264,14265,14266,14267,14268,14269,14270,14271,14272,14273,14274,14275,14276,14277,14278,14279,14280,14281,14282,14283,14284,14285,14286,14287"
201,14304,14326,"722,723,724",722,1,0.9,0,0,1,1,174,,,14315,2.8786625347165784,9.57045286098413,0.9099315752731156,,,,,0.0,,,,,,,,,,,"14304,14305,14306,14307,14308,14309,14310,14311,14312,14313,14314,14315,14316,14317,14318,14319,14320,14321,14325,14326"
202,14336,14354,"726,725",726,1,0.5555555555555556,0,0,1,1,175,,,14341,1.5282495598889303,4.975773498960604,0.9659593012982636,14353,1.562723630690273,4.975568813269154,0.25687566731208955,0.5,ground_hit_fallback,655.0,232.0,19.0,30.0,478.0,251.0,19.0,30.0,14383,"14336,14337,14338,14339,14340,14341,14342,14343,14344,14345,14346,14347,14348,14349,14350,14351,14352,14353,14354"
203,14376,14383,727,727,0,0.0,0,0,1,1,176,,,,2.3168107416958548,8.748289427773429,0.9443405792536717,,,,,0.0,,,,,,,,,,,"14376,14377,14378,14379,14380,14381,14382,14383"
204,14416,14426,728,728,1,0.8,0,0,1,1,177,,,14423,1.4597378831386725,5.325354896436943,0.9600426999454467,,,,,0.0,,,,,,,,,,,"14416,14417,14418,14419,14420,14421,14422,14423,14424,14425,14426"
205,14483,14501,"730,731",731,1,0.5555555555555556,1,1,1,1,178,,,14493,2.355945948758736,6.137418435209783,0.9247171790131128,,,,,0.0,,,,,,,,,,,"14483,14484,14485,14486,14487,14488,14489,14490,14491,14492,14493,14494,14495,14496,14497,14498,14499,14500,14501"
206,14522,14531,"732,733",732,1,0.6,0,1,1,1,179,,,14524,1.5588213778968516,7.683447203649844,0.9255120943156594,,,,,0.0,,,,,,,,,,,"14522,14523,14524,14525,14526,14527,14528,14529,14530,14531"
207,14592,14615,"737,735,736",737,1,0.75,1,0,1,1,180,,,14599,1.2740538688987515,7.845623192535041,0.9117984302022316,,,,,0.0,,,,,,,,,,,"14592,14593,14594,14595,14596,14597,14598,14599,14600,14601,14602,14603,14604,14605,14606,14607,14608,14609,14610,14611,14612,14613,14614,14615"
208,14632,14647,738,738,0,0.0,0,1,1,1,181,,,14643,0.5838448321883857,6.134758138126371,0.9424120075200286,,,,,0.0,,,,,,,,,,,"14632,14633,14634,14635,14636,14637,14638,14639,14640,14641,14642,14643,14644,14645,14646,14647"
209,14672,14677,739,739,1,0.6666666666666666,0,0,1,1,182,,,14676,2.7793934678180543,11.66561224804649,0.8801505697771441,,,,,0.0,,,,,,,,,,,"14672,14673,14674,14675,14676,14677"
210,14703,14742,741,741,1,0.15,1,0,1,1,183,,,14719,,,0.0,14728,0.008675882365545284,6.4295819068439695,-0.007852380350085397,0.6645009663040973,valley,514.0,292.0,11.0,18.0,334.0,333.0,19.0,22.0,14758,"14703,14704,14705,14706,14707,14708,14709,14710,14711,14712,14713,14714,14715,14716,14717,14718,14719,14720,14721,14722,14723,14724,14725,14726,14727,14728,14729,14730,14731,14732,14733,14734,14735,14736,14737,14738,14739,14740,14741,14742"
211,14743,14768,"741,740",741,0,0.0,0,0,1,1,184,,,,,,0.0,14760,-0.7237744839062188,7.79256551275332,-0.09539291457054766,0.34805430361976986,valley,410.0,337.0,16.0,22.0,233.0,405.0,16.0,22.0,,"14743,14744,14745,14746,14747,14748,14749,14750,14751,14752,14753,14754,14755,14756,14757,14758,14759,14760,14761,14762,14763,14764,14765,14766,14767,14768"
212,14888,14930,743,743,0,0.0,0,0,1,1,185,,,,,,0.0,14926,3.380606295494606,13.454041450013346,0.07256123937807502,0.7241998124536597,valley,734.0,851.0,25.0,45.0,838.0,817.0,22.0,37.0,14955,"14888,14889,14890,14891,14892,14893,14894,14895,14896,14897,14898,14899,14900,14901,14902,14903,14904,14905,14906,14907,14908,14909,14910,14911,14912,14913,14915,14916,14917,14918,14919,14920,14921,14922,14923,14924,14925,14926,14927,14928,14929,14930"
213,14992,14999,746,746,0,0.0,0,0,0,0,,,low_displacement,,4.93723283583415,12.84543266786531,0.9445463048180422,,,,,0.0,,,,,,,,,,,"14992,14993,14994,14995,14996,14997,14998,14999"
214,15008,15047,"747,748,749,751,750,752",751,1,0.8823529411764706,0,0,1,1,186,,,15028,,,0.0,15043,1.000645691152619,0.5769809284744358,-0.12406112691425042,0.7469051078107444,valley,663.0,191.0,22.0,26.0,458.0,202.0,19.0,26.0,15073,"15008,15009,15010,15013,15016,15017,15019,15020,15021,15022,15023,15024,15025,15026,15027,15028,15029,15030,15031,15032,15033,15034,15035,15036,15037,15038,15039,15040,15041,15042,15043,15044,15045,15046,15047"
215,15064,15099,"757,758",758,1,1.0,0,0,1,1,187,,,15080,,,0.0,15090,1.2522902969927696,9.172504143670048,0.1411556271188723,0.7014295552230141,valley,540.0,378.0,22.0,30.0,424.0,420.0,19.0,26.0,15120,"15064,15065,15066,15067,15068,15069,15070,15071,15068,15069,15070,15071,15072,15073,15074,15075,15076,15077,15078,15079,15080,15081,15082,15083,15084,15085,15086,15087,15088,15089,15090,15091,15092,15093,15094,15095,15096,15097,15098,15099"
216,15111,15127,760,760,1,0.375,0,0,1,1,188,,,15114,-0.054544477187014495,-3.3255825321610715,0.9369763714625798,,,,,0.0,,,,,,,,,,,"15111,15112,15113,15114,15115,15116,15117,15118,15119,15120,15121,15122,15123,15124,15125,15126,15127"
217,15157,15175,"763,768,765,766,767",768,0,0.0,0,0,1,1,189,,,,,,0.0,15160,-0.3483995801026988,-0.21660542158330198,-0.04540121891494042,0.29720237107652414,valley,,,,,,,,,,"15157,15160,15161,15162,15163,15164,15165,15166,15167,15160,15161,15162,15163,15164,15165,15166,15167,15168,15169,15170,15171,15172,15173,15174,15175"
218,15336,15362,"769,770,771",769,1,0.9230769230769231,0,0,1,1,190,,,15351,5.6435751674176355,13.339966322980269,0.9335361410434018,,,,,0.0,,,,,,,,,,,"15336,15337,15338,15339,15340,15341,15342,15343,15344,15345,15346,15347,15348,15349,15350,15351,15352,15353,15354,15355,15356,15357,15358,15359,15360,15361,15362"
219,15366,15375,771,771,0,0.0,0,0,1,1,191,,,,5.751753474548513,13.505117002151444,0.7933076544669447,15370,5.4708114532948535,12.062337569684367,-0.36158513695693273,0.7994733513151455,valley,1139.0,735.0,14.0,15.0,1068.0,596.0,30.0,37.0,15400,"15366,15367,15368,15369,15370,15371,15372,15373,15374,15375"
220,15382,15418,"773,774,775",773,1,0.8888888888888888,0,0,1,1,192,,,15398,,,0.0,15412,3.8024586415505106,1.4169456604729262,0.20118756684257022,0.6303074543613869,valley,821.0,176.0,22.0,33.0,621.0,176.0,25.0,30.0,15442,"15382,15383,15384,15385,15386,15387,15388,15389,15390,15391,15392,15393,15394,15395,15396,15397,15398,15399,15400,15401,15402,15403,15404,15405,15406,15407,15408,15409,15410,15411,15412,15413,15414,15415,15416,15417,15418"
221,15419,15449,"775,776,778,777,779,780,782",778,1,0.9333333333333333,0,0,1,1,193,,,15434,6.165722398600175,12.430713004412445,0.9468281192768928,15449,6.044346345521433,11.79079171817461,0.1323729572487622,0.5,ground_hit_fallback,1262.0,630.0,19.0,26.0,1147.0,510.0,25.0,30.0,15480,"15419,15420,15422,15423,15424,15425,15426,15427,15428,15429,15430,15431,15432,15433,15434,15435,15436,15437,15438,15439,15440,15441,15442,15443,15444,15445,15446,15447,15448,15449"
222,15461,15475,784,784,0,0.0,0,0,1,1,194,,,,0.38870149570915036,-0.3461417911103446,0.8723164005562503,,,,,0.0,,,,,,,,,,,"15461,15462,15463,15464,15465,15466,15467,15468,15469,15470,15471,15472,15473,15474,15475"
223,15484,15495,"786,785",786,0,0.0,0,0,1,1,195,,,,1.1972729695536832,1.0940096900717409,0.9481573570970231,,,,,0.0,,,,,,,,,,,"15484,15485,15486,15487,15488,15489,15490,15491,15492,15493,15494,15495"
224,15496,15515,"785,786",786,1,0.8,0,0,1,1,196,,,15508,2.5010624325442223,11.736630808813757,0.9497281534913776,,,,,0.0,,,,,,,,,,,"15496,15497,15498,15499,15500,15501,15502,15503,15504,15505,15506,15507,15508,15509,15510,15511,15512,15513,15514,15515"
225,15516,15533,"786,787,788",787,1,0.8571428571428571,0,0,1,1,197,,,15525,1.0171668046997255,2.314968710928656,0.938528797027806,,,,,0.0,,,,,,,,,,,"15516,15520,15521,15522,15523,15524,15525,15526,15527,15528,15529,15530,15531,15532,15533"
226,15534,15561,"788,790,789",790,1,0.9285714285714286,0,0,1,1,198,,,15547,2.6585088398241012,11.955584017738527,0.9190863594475902,,,,,0.0,,,,,,,,,,,"15534,15535,15536,15537,15538,15539,15540,15541,15542,15543,15544,15545,15546,15547,15548,15549,15550,15551,15552,15553,15554,15555,15556,15557,15558,15559,15560,15561"
227,15565,15583,"793,792,794,796,795",793,0,0.0,0,0,1,1,199,,,,3.507627274546346,0.6645269951057089,0.6575964484644947,15570,2.5622624933981797,2.987027691004279,0.32953351409716003,0.6948134710514864,valley,742.0,195.0,16.0,22.0,554.0,206.0,11.0,15.0,15600,"15565,15566,15567,15568,15569,15570,15571,15572,15576,15577,15578,15579,15580,15581,15582,15583"
228,15584,15612,"796,797,799,798",799,1,0.7857142857142857,0,0,1,1,200,,,15601,,,0.0,15609,5.764337213163159,7.941072466842677,-0.06482720617807303,0.7344715146446745,valley,1035.0,367.0,16.0,18.0,888.0,330.0,8.0,15.0,15638,"15584,15585,15586,15587,15588,15589,15590,15591,15592,15593,15594,15595,15596,15597,15598,15599,15600,15601,15602,15603,15604,15605,15606,15607,15609,15610,15611,15612"
229,15616,15663,"800,801,803,802,804,809,807,808,811,810",803,1,0.4,0,0,1,1,201,,,15627,,,0.0,15652,-0.0006697587358392987,1.179634385674099,-0.2832392583865869,0.7522651174691106,valley,604.0,202.0,25.0,30.0,396.0,228.0,19.0,26.0,15682,"15616,15618,15619,15620,15624,15625,15626,15627,15628,15629,15630,15631,15632,15633,15634,15635,15636,15637,15638,15639,15640,15641,15642,15643,15644,15645,15646,15647,15642,15643,15644,15645,15646,15647,15648,15649,15650,15651,15652,15653,15654,15655,15656,15657,15658,15659,15660,15661,15662,15663"
230,15672,15687,815,815,1,1.0,0,0,1,1,202,,,15680,2.9275518059430152,11.383475264627632,0.9447815238790241,,,,,0.0,,,,,,,,,,,"15672,15673,15674,15675,15676,15677,15678,15679,15680,15681,15682,15683,15684,15685,15686,15687"
231,15688,15704,"813,815,814",815,1,0.875,0,0,1,1,203,,,15698,1.2021921424964188,3.7829884311458732,0.9596491315198032,15704,1.18485954990682,3.554743793109414,0.10861620751619228,0.5,ground_hit_fallback,646.0,221.0,19.0,22.0,455.0,236.0,19.0,26.0,15734,"15688,15689,15690,15691,15692,15693,15694,15695,15696,15697,15698,15699,15700,15701,15702,15703,15704"
232,15705,15729,"815,816",816,1,0.75,0,0,1,1,204,,,15721,1.8904489087654377,10.478633795905726,0.9105483209555385,,,,,0.0,,,,,,,,,,,"15705,15706,15707,15708,15709,15710,15711,15712,15713,15714,15715,15716,15717,15718,15719,15720,15721,15722,15723,15724,15725,15726,15727,15728,15729"
233,15730,15749,"816,822,818,819",822,1,0.5454545454545454,0,0,1,1,205,,,15736,,,0.0,15740,1.2314380751610303,3.5367950840024553,0.2007838886529214,0.6530362170344914,valley,,,,,,,,,15762,"15730,15731,15732,15733,15734,15735,15736,15737,15738,15739,15740,15741,15742,15743,15740,15741,15742,15743,15744,15745,15747,15748,15749"
234,15872,15883,"824,823",824,0,0.0,0,0,1,1,206,,,,0.7748436288210523,8.22880731284772,0.9054028039582065,,,,,0.0,,,,,,,,,,,"15872,15873,15874,15875,15876,15877,15878,15879,15880,15881,15882,15883"
235,15884,15935,"825,827,826,828,829",825,1,0.2692307692307692,0,0,1,1,207,,,15890,,,0.0,15907,2.426677162027266,3.7457819661554694,0.10128518397417619,0.6888864401614134,valley,728.0,225.0,16.0,22.0,545.0,232.0,16.0,26.0,15937,"15884,15885,15886,15887,15888,15889,15890,15891,15892,15893,15894,15895,15896,15897,15898,15899,15900,15901,15902,15903,15904,15905,15906,15907,15908,15909,15910,15911,15912,15913,15914,15915,15916,15917,15918,15919,15920,15921,15922,15923,15924,15925,15926,15927,15928,15929,15930,15931,15932,15933,15934,15935"
236,15976,15983,"830,831",830,0,0.0,0,0,1,1,208,,,,4.015946210613134,0.6410947627109946,0.9294211836370605,15983,4.242992541212346,-0.11195024391201969,0.302618783475479,0.5,ground_hit_fallback,846.0,153.0,22.0,26.0,638.0,153.0,19.0,22.0,16014,"15976,15977,15978,15979,15980,15981,15982,15983"
237,16008,16072,"833,834",834,1,0.11428571428571428,0,0,1,1,209,,,16012,,,0.0,16029,3.5123027204721473,11.551329859087101,0.22366780706734346,0.7301221303905768,valley,,,,,,,,,16059,"16008,16009,16010,16011,16012,16013,16014,16015,16016,16017,16018,16019,16020,16021,16022,16023,16024,16025,16026,16027,16028,16029,16030,16031,16024,16025,16026,16027,16028,16029,16030,16031,16032,16033,16034,16035,16036,16037,16038,16039,16040,16042,16043,16044,16045,16046,16047,16048,16050,16051,16052,16053,16054,16055,16056,16057,16058,16059,16060,16061,16062,16063,16064,16065,16066,16067,16068,16069,16070,16071,16072"
238,16080,16096,835,835,0,0.0,0,0,0,0,,,low_displacement,,1.950195223346753,13.581373434713768,0.926603304543016,,,,,0.0,,,,,,,,,,,"16080,16081,16082,16083,16084,16085,16086,16087,16088,16089,16090,16091,16092,16093,16094,16095,16096"
239,16136,16182,"839,840,841",840,1,1.0,0,0,1,1,210,,,16160,,,0.0,16176,5.1392869065890014,1.4669391929518838,0.2069631994661627,0.6520967723862705,valley,905.0,183.0,22.0,26.0,708.0,176.0,8.0,11.0,16206,"16136,16137,16138,16139,16140,16141,16142,16143,16144,16145,16146,16147,16148,16149,16151,16152,16153,16154,16155,16156,16157,16158,16159,16160,16161,16162,16163,16164,16165,16166,16167,16168,16169,16170,16171,16172,16173,16174,16175,16176,16177,16178,16179,16180,16181,16182"
240,16189,16222,"843,842,844",843,1,0.4117647058823529,0,0,1,1,211,,,16196,,,0.0,16214,2.556484233216012,11.61348608998992,0.20299630611982789,0.6290411483781919,valley,,,,,,,,,16244,"16189,16190,16191,16192,16193,16194,16195,16196,16197,16198,16199,16200,16201,16202,16203,16204,16205,16206,16207,16208,16209,16210,16211,16212,16213,16214,16215,16216,16217,16218,16219,16220,16221,16222"
241,16223,16252,"844,846",844,1,0.6666666666666666,0,0,1,1,212,,,16243,0.9291027695274594,3.059803738070853,0.8984001227655072,16248,1.1002444261485138,4.797741531446671,0.7955962878649399,0.44832783276348065,valley,621.0,191.0,16.0,26.0,430.0,210.0,16.0,26.0,16277,"16223,16224,16225,16226,16227,16228,16229,16230,16231,16232,16233,16234,16235,16236,16237,16238,16239,16240,16241,16242,16243,16244,16245,16246,16247,16248,16249,16250,16251,16252"
242,16253,16286,846,846,1,0.375,0,0,1,1,213,,,16259,,,0.0,16281,2.803882823567608,9.039507271716932,0.3205193090758769,0.6833761090093668,valley,714.0,360.0,19.0,30.0,610.0,371.0,14.0,22.0,16311,"16253,16254,16255,16256,16257,16258,16259,16260,16261,16262,16263,16264,16265,16266,16267,16268,16269,16270,16271,16272,16273,16274,16275,16276,16277,16278,16279,16280,16281,16284,16285,16286"
243,16287,16314,"846,845,847,848",848,1,0.7368421052631579,0,0,1,1,214,,,16301,1.4591476298992065,4.566632426335339,0.7440924839947077,,,,,0.0,,,,,,,,,,,"16287,16288,16289,16290,16291,16292,16293,16294,16295,16296,16297,16298,16299,16300,16301,16302,16303,16304,16305,16306,16307,16308,16309,16310,16311,16312,16313,16314,16315,16316,16317,16318,16319,16310,16311,16312,16313,16314"
244,16315,16325,"848,849",848,1,0.4,1,1,1,1,215,,,16324,2.425547592551587,7.60684665876657,0.954531630132764,,,,,0.0,,,,,,,,,,,"16315,16316,16317,16318,16319,16320,16321,16322,16323,16324,16325"
245,16336,16351,850,850,1,0.375,1,1,1,1,216,,,16339,,,0.0,16347,2.6564165926783883,6.398600946866843,0.12343214737070429,0.2172959294269926,valley,725.0,285.0,16.0,26.0,576.0,296.0,11.0,18.0,16377,"16336,16337,16338,16339,16340,16341,16342,16343,16344,16345,16346,16347,16348,16349,16350,16351"
246,16408,16431,"855,854",855,1,0.25,1,0,1,1,217,,,16410,4.94516861223642,11.370834347093293,0.9321107417377779,,,,,0.0,,,,,,,,,,,"16408,16409,16410,16411,16412,16413,16414,16415,16408,16409,16410,16411,16412,16413,16414,16415,16416,16417,16418,16419,16420,16421,16422,16423,16424,16425,16426,16427,16428,16429,16430,16431"
247,16536,16543,856,856,0,0.0,0,0,0,0,,,low_displacement,,4.961803384709326,13.059738733201797,0.9467626284299246,,,,,0.0,,,,,,,,,,,"16536,16537,16538,16539,16540,16541,16542,16543"
248,16566,16597,"857,858",857,1,0.6666666666666666,0,0,1,1,218,,,16578,,,0.0,16593,1.6636967864204584,1.366287470078749,0.026689141984150844,0.6339995111880465,valley,697.0,191.0,16.0,22.0,495.0,202.0,19.0,22.0,16622,"16566,16567,16568,16571,16572,16573,16574,16575,16576,16577,16578,16579,16580,16581,16582,16583,16584,16585,16586,16587,16588,16589,16590,16591,16592,16593,16594,16595,16596,16597"
249,16608,16647,"862,861,863",862,1,0.95,0,0,1,1,219,,,16627,,,0.0,16643,1.1032071351966568,10.47757954549926,0.04673377904970444,0.6550404001778013,valley,478.0,457.0,16.0,30.0,390.0,521.0,19.0,30.0,16673,"16608,16609,16610,16611,16612,16613,16614,16615,16616,16617,16618,16619,16620,16621,16622,16623,16624,16625,16626,16627,16628,16629,16630,16631,16632,16633,16634,16635,16636,16637,16638,16639,16640,16641,16642,16643,16644,16645,16646,16647"
250,16668,16727,"865,866",866,1,0.2,1,0,1,1,220,,,16674,,,0.0,16695,1.8563170678749628,6.910794332125712,-0.07426056006108084,0.45959173267947717,valley,,,,,,,,,16725,"16668,16669,16670,16671,16672,16673,16674,16675,16676,16677,16678,16679,16680,16681,16682,16683,16684,16685,16686,16687,16688,16689,16690,16691,16692,16693,16694,16695,16696,16697,16698,16699,16700,16701,16702,16703,16704,16705,16706,16707,16708,16709,16710,16711,16712,16713,16714,16715,16716,16717,16718,16719,16720,16721,16722,16723,16724,16725,16726,16727"
251,16760,16774,867,867,0,0.0,0,0,1,1,221,,,,1.4957734137742436,1.9052964326451924,0.9630838035964728,,,,,0.0,,,,,,,,,,,"16760,16761,16762,16763,16764,16765,16766,16767,16768,16769,16770,16771,16772,16773,16774"
252,16775,16783,"867,868,869,870",868,0,0.0,0,0,1,1,222,,,,,,0.0,16779,1.4904370823025295,1.8712663436474593,-0.028801942629699262,0.7104349448921332,valley,680.0,202.0,22.0,26.0,483.0,217.0,19.0,18.0,,"16775,16776,16777,16778,16779,16780,16781,16783"
253,16920,16957,"871,873,872",871,1,0.6666666666666666,0,0,1,1,223,,,16932,,,0.0,16954,4.485543070538977,12.699945590302978,-0.1897954564367339,0.7460639037331955,valley,964.0,783.0,33.0,26.0,978.0,690.0,30.0,22.0,16984,"16920,16921,16922,16923,16924,16925,16926,16927,16928,16929,16930,16931,16932,16933,16934,16935,16936,16937,16938,16939,16940,16941,16942,16943,16944,16945,16946,16948,16949,16950,16951,16952,16953,16954,16955,16956,16957"
254,16965,17007,"875,877,878,879",878,1,0.75,0,0,1,1,224,,,16982,,,0.0,16999,3.8021587829179415,1.8271052459672887,0.18087498784992562,0.665460393523381,valley,821.0,187.0,22.0,26.0,624.0,187.0,22.0,26.0,17029,"16965,16967,16968,16969,16970,16971,16972,16974,16975,16976,16977,16978,16979,16980,16981,16982,16983,16984,16985,16986,16987,16988,16989,16990,16991,16992,16993,16994,16995,16996,16997,16998,16999,17000,17001,17002,17003,17004,17005,17006,17007"
255,17015,17031,"880,881,882",882,1,0.75,0,0,1,1,225,,,17025,3.1408611364953685,12.125774105509805,0.8951381113251837,,,,,0.0,,,,,,,,,,,"17015,17016,17017,17018,17019,17020,17021,17022,17023,17024,17025,17026,17027,17028,17029,17031"
256,17032,17075,"882,883,884,885",882,1,0.5,0,0,1,1,226,,,17043,,,0.0,17070,1.2619671747086267,2.1336240097122587,0.1013962578950034,0.7005863224692972,valley,666.0,191.0,19.0,30.0,466.0,210.0,19.0,30.0,17100,"17032,17033,17034,17035,17036,17037,17038,17039,17040,17041,17042,17043,17044,17045,17046,17047,17048,17049,17050,17051,17052,17053,17054,17055,17056,17057,17058,17059,17060,17061,17062,17063,17064,17065,17066,17067,17068,17069,17070,17071,17072,17073,17074,17075"
257,17088,17104,"886,888",888,1,1.0,0,0,1,1,227,,,17095,3.461428636661698,10.836603019479845,0.7996874530119096,,,,,0.0,,,,,,,,,,,"17088,17089,17090,17091,17092,17093,17094,17095,17096,17097,17100,17101,17102,17103,17104"
258,17105,17128,"888,887",888,1,0.5,0,0,1,1,228,,,17111,3.5366007036139226,1.8120649410503606,0.9539019436848573,,,,,0.0,,,,,,,,,,,"17105,17106,17107,17108,17109,17110,17111,17112,17113,17114,17115,17116,17117,17118,17119,17120,17121,17122,17123,17124,17125,17126,17127,17128"
259,17129,17151,"889,890,892",890,1,0.6363636363636364,0,0,1,1,229,,,17136,6.2507372120554,13.4552271771045,0.8242394791882081,17147,5.947363999823672,11.844688292633613,0.46845455487454757,0.7246240011967344,valley,1274.0,600.0,11.0,15.0,1158.0,472.0,11.0,18.0,17177,"17129,17130,17131,17132,17133,17134,17135,17136,17137,17138,17139,17140,17141,17142,17143,17144,17145,17147,17148,17149,17150,17151"
260,17152,17188,"893,895,897",893,1,0.6470588235294118,0,1,1,1,230,,,17171,,,0.0,17178,3.933533851253657,5.45177741896164,0.7533362445134202,0.6887694966285711,valley,,,,,,,,,17208,"17152,17153,17154,17155,17156,17157,17158,17159,17160,17161,17162,17163,17164,17165,17166,17167,17168,17169,17170,17171,17172,17173,17174,17175,17176,17177,17178,17179,17182,17183,17184,17185,17186,17187,17188"
261,17189,17199,"897,898",897,0,0.0,0,0,1,1,231,,,,4.4856447899270755,11.808770960346358,0.9441588184091337,,,,,0.0,,,,,,,,,,,"17189,17190,17191,17192,17193,17194,17195,17196,17197,17198,17199"
262,17216,17252,900,900,0,0.0,1,0,1,1,232,,,,,,0.0,17243,3.256116423945844,7.307132739836497,-0.04797602493117026,0.44145936196680646,valley,770.0,330.0,22.0,22.0,638.0,330.0,19.0,26.0,17267,"17216,17217,17218,17219,17220,17221,17222,17223,17224,17225,17226,17227,17228,17229,17230,17231,17232,17233,17234,17235,17236,17237,17238,17239,17240,17241,17242,17243,17244,17245,17246,17247,17248,17249,17250,17251,17252"
263,17312,17321,902,902,0,0.0,0,0,0,0,,,low_displacement,,3.3272907401502767,9.780235462877407,0.9319854223464877,,,,,0.0,,,,,,,,,,,"17312,17313,17314,17315,17316,17317,17318,17319,17320,17321"
264,17322,17354,"902,901",902,1,0.5333333333333333,0,0,1,1,233,,,17330,,,0.0,17344,4.296177778507402,2.629530642248689,0.2765381437348964,0.6438282075570753,valley,857.0,191.0,19.0,33.0,660.0,183.0,25.0,30.0,17374,"17322,17323,17324,17325,17326,17327,17328,17329,17330,17331,17332,17333,17334,17335,17336,17337,17338,17339,17340,17341,17342,17343,17344,17345,17346,17347,17348,17349,17352,17353,17354"
265,17584,17622,"905,909",909,1,0.631578947368421,0,0,1,1,234,,,17596,,,0.0,17608,2.569427890638009,10.120310196365063,0.11459907995968077,0.6893301524907198,valley,669.0,438.0,19.0,37.0,590.0,450.0,22.0,41.0,17638,"17584,17585,17586,17587,17588,17589,17590,17591,17592,17593,17594,17595,17596,17597,17598,17599,17600,17601,17602,17603,17604,17605,17606,17607,17608,17609,17610,17611,17612,17613,17614,17615,17616,17617,17618,17619,17620,17621,17622"
266,17623,17663,"909,911,910,912",909,1,0.95,0,0,1,1,235,,,17642,,,0.0,17655,4.376134270657222,2.4819859973860403,0.016732460268624294,0.6762223387518228,valley,,,,,,,,,17685,"17623,17624,17625,17626,17627,17628,17629,17630,17631,17632,17633,17634,17635,17636,17637,17638,17639,17640,17641,17642,17643,17644,17645,17646,17647,17648,17649,17650,17651,17652,17653,17654,17655,17656,17657,17658,17659,17660,17661,17663"
267,17669,17687,"912,913",913,1,0.7777777777777778,0,0,1,1,236,,,17681,1.5930582543920808,11.89720915008558,0.9170411324644925,,,,,0.0,,,,,,,,,,,"17669,17670,17671,17672,17673,17674,17675,17676,17677,17678,17679,17680,17681,17682,17683,17684,17685,17686,17687"
268,17712,17728,"914,915,917,916",917,0,0.0,0,0,1,1,237,,,,1.1784721231311202,5.917914643577772,0.8021033050196701,17718,1.5169954700322639,0.9191834281708005,0.2342982094518291,0.6684121823900927,valley,694.0,180.0,11.0,11.0,483.0,187.0,16.0,18.0,17748,"17712,17713,17714,17715,17716,17717,17718,17720,17721,17722,17723,17724,17725,17726,17727,17728"
269,17729,17739,917,917,1,0.6,0,0,1,1,238,,,17737,0.846968509324705,12.192170109351675,0.9310475645641816,,,,,0.0,,,,,,,,,,,"17729,17730,17731,17732,17733,17734,17735,17736,17737,17738,17739"
270,17740,17768,"917,919,918,920",919,1,0.4,0,0,1,1,239,,,17750,,,0.0,17758,1.507804315896363,2.8762310848039085,0.10491245029608054,0.6840678790684247,valley,,,,,,,,,17787,"17740,17741,17742,17743,17748,17749,17750,17751,17752,17753,17754,17755,17756,17757,17758,17759,17755,17756,17757,17758,17759,17760,17761,17762,17763,17764,17765,17766,17767,17768"
271,17776,17789,921,921,1,0.7142857142857143,0,0,1,1,240,,,17781,3.049033462251653,9.729278611385524,0.958843278778795,,,,,0.0,,,,,,,,,,,"17776,17777,17778,17779,17780,17781,17782,17783,17784,17785,17786,17787,17788,17789"
272,17790,17807,921,921,1,1.0,0,0,1,1,241,,,17798,1.088923084481802,2.9338116442117697,0.9480011680249958,,,,,0.0,,,,,,,,,,,"17790,17791,17792,17793,17794,17795,17796,17797,17798,17799,17802,17803,17804,17805,17806,17807"
273,17808,17815,921,921,0,0.0,0,0,1,1,242,,,,,,0.0,17813,1.0634326652419477,4.27272806751224,-0.052784434177374884,0.4376074086163355,valley,632.0,247.0,11.0,15.0,447.0,266.0,16.0,22.0,17843,"17808,17809,17810,17811,17812,17813,17814,17815"
274,17880,17891,"923,922",923,0,0.0,1,0,0,0,,,low_peak_z,17887,,,0.0,,,,,0.0,,,,,,,,,,,"17880,17881,17882,17883,17884,17885,17886,17887,17888,17889,17891"
275,18120,18183,"924,926,929,927,928,930",929,1,0.13793103448275862,1,0,1,1,243,,,18138,,,0.0,18147,4.764459832295456,6.078369959575895,-0.05907051622254045,0.6852660090751728,valley,908.0,296.0,16.0,18.0,745.0,281.0,25.0,26.0,18177,"18120,18125,18126,18127,18128,18129,18130,18131,18132,18133,18134,18135,18137,18138,18139,18140,18141,18142,18143,18144,18145,18146,18147,18148,18149,18150,18151,18152,18153,18154,18155,18156,18157,18158,18159,18160,18161,18162,18163,18164,18165,18166,18167,18168,18169,18170,18171,18172,18173,18174,18175,18176,18177,18178,18179,18180,18181,18182,18183"
276,18318,18386,"932,934",934,0,0.0,0,0,1,1,244,,,,,,0.0,18373,5.301748139322136,13.193971485399516,-0.1112850284136826,0.7636306417724004,valley,1198.0,892.0,16.0,22.0,1181.0,720.0,19.0,30.0,18403,"18318,18319,18320,18321,18322,18323,18324,18325,18326,18327,18328,18329,18330,18331,18332,18333,18334,18335,18336,18337,18338,18339,18340,18341,18342,18343,18344,18345,18346,18347,18348,18349,18350,18351,18352,18353,18354,18355,18356,18357,18358,18359,18360,18361,18362,18363,18364,18365,18368,18369,18371,18372,18373,18374,18375,18376,18377,18378,18379,18380,18381,18382,18383,18384,18385,18386"
277,18445,18473,"937,938",937,1,0.7142857142857143,0,0,1,1,245,,,18455,,,0.0,18468,1.5484225496238986,1.215853408072963,-0.10092358155511238,0.7263839103693132,valley,689.0,195.0,22.0,30.0,486.0,206.0,22.0,22.0,18498,"18445,18446,18447,18448,18449,18450,18451,18452,18453,18454,18455,18456,18457,18458,18459,18460,18461,18462,18463,18464,18465,18466,18467,18468,18469,18470,18471,18472,18473"
278,18489,18510,"940,941,942",940,1,0.4,0,0,1,1,246,,,18493,4.310898652804255,13.507694082421706,0.9503254016828,,,,,0.0,,,,,,,,,,,"18489,18490,18491,18492,18493,18494,18495,18496,18497,18498,18499,18500,18501,18502,18503,18504,18505,18506,18508,18509,18510"
279,18511,18559,"942,944,943",944,1,0.9583333333333334,0,0,1,1,247,,,18537,,,0.0,18546,6.5624867957434105,4.62376550553752,0.12519385799940608,0.6937976548592506,valley,1046.0,247.0,16.0,18.0,849.0,221.0,16.0,18.0,18576,"18511,18512,18513,18514,18515,18516,18517,18518,18519,18520,18521,18522,18523,18524,18525,18526,18527,18528,18529,18530,18531,18532,18533,18534,18535,18536,18537,18538,18539,18540,18541,18542,18543,18544,18545,18546,18547,18548,18549,18550,18551,18552,18553,18554,18555,18556,18557,18558,18559"
280,18670,18737,"948,945,946,947,949,950",948,1,0.6,0,0,1,1,248,,,18687,,,0.0,18706,2.660764997826754,11.307463413619324,0.05874267142514533,0.697762430476049,valley,652.0,540.0,22.0,26.0,621.0,558.0,25.0,26.0,18736,"18670,18671,18672,18673,18674,18675,18676,18677,18678,18679,18680,18681,18682,18683,18684,18685,18686,18687,18688,18689,18690,18691,18692,18693,18694,18695,18696,18697,18698,18699,18700,18701,18702,18703,18704,18705,18706,18707,18708,18709,18710,18711,18712,18713,18714,18715,18716,18717,18718,18719,18720,18721,18726,18727,18728,18729,18733,18734,18735,18736,18737"
281,18768,18815,"954,953,957,958",954,1,0.782608695652174,0,0,1,1,249,,,18796,,,0.0,18806,5.418972055590919,3.8213563907309407,0.21939552607603474,0.6991834068706076,valley,,,,,,,,,18839,"18768,18769,18770,18771,18772,18773,18774,18775,18776,18777,18778,18779,18780,18781,18782,18783,18784,18785,18786,18787,18788,18789,18790,18791,18792,18793,18794,18795,18796,18797,18798,18799,18800,18801,18802,18803,18804,18805,18806,18807,18808,18811,18812,18813,18814,18815"
282,18807,18815,"957,958",957,0,0.0,0,0,1,1,250,,,,6.949720205331857,1.255544306379149,0.8518152020413023,,,,,0.0,,,,,,,,,,,"18807,18808,18811,18812,18813,18814,18815"
283,18824,18878,960,960,1,0.52,0,0,1,1,251,,,18837,,,0.0,18865,4.014611675857817,12.000385790871686,0.1922114413342122,0.7011443471587497,valley,874.0,615.0,19.0,26.0,863.0,577.0,16.0,22.0,18895,"18824,18825,18826,18827,18828,18829,18830,18831,18832,18833,18834,18835,18836,18837,18838,18839,18840,18841,18842,18843,18844,18845,18846,18847,18848,18849,18850,18851,18852,18853,18854,18855,18856,18857,18858,18860,18861,18862,18863,18864,18865,18870,18871,18872,18873,18874,18875,18876,18877,18878"
284,18879,18893,"960,961,962",962,0,0.0,0,0,1,1,252,,,,3.2588437976117657,-1.9722470444342264,0.8684462978692509,,,,,0.0,,,,,,,,,,,"18879,18880,18881,18884,18885,18886,18887,18888,18889,18890,18891,18892,18893"
285,18903,18913,"965,966",965,0,0.0,0,0,1,1,253,,,,3.5181280940697746,6.421453987762188,0.9470613658525313,,,,,0.0,,,,,,,,,,,"18903,18904,18905,18906,18907,18908,18909,18910,18911,18903,18904,18905,18906,18907,18908,18909,18910,18911,18912,18913"
286,18914,18948,"966,967,969",969,0,0.0,0,0,1,1,254,,,18915,3.531539704459739,13.500687266833769,0.42787154704207725,18941,3.4581580713226767,12.168356115551568,0.7417791935576243,0.783165494428224,valley,776.0,551.0,19.0,22.0,779.0,528.0,19.0,22.0,18971,"18914,18915,18916,18917,18918,18919,18920,18921,18922,18923,18924,18925,18926,18927,18928,18929,18930,18931,18932,18933,18934,18935,18936,18937,18938,18939,18940,18941,18942,18943,18945,18946,18947,18948"
287,18995,19000,"971,972,970",972,0,0.0,0,0,0,0,,,low_displacement,,4.465831925951765,5.686533445649194,0.8625747663588256,,,,,0.0,,,,,,,,,,,"18995,18996,18997,18998,18999,19000,19001,19002,19003,19004,18998,18999,19000"
288,19002,19014,"972,973",973,1,0.6,0,0,1,1,255,,,19008,3.1478974951044023,11.713719750329314,0.9406092865084317,,,,,0.0,,,,,,,,,,,"19002,19003,19004,19008,19009,19010,19011,19012,19013,19014"
289,19015,19032,973,973,1,0.6666666666666666,0,0,1,1,256,,,19025,1.7673042891250943,3.713693237489391,0.9352303909133077,,,,,0.0,,,,,,,,,,,"19015,19016,19017,19018,19019,19020,19021,19022,19023,19024,19025,19026,19027,19028,19029,19030,19031,19032"
290,19040,19099,"974,977,976,978",977,1,0.1875,1,0,1,1,257,,,19046,,,0.0,19059,1.3344827159388095,6.124955442332619,-0.09117087728111684,0.6798788873739121,valley,621.0,288.0,16.0,30.0,461.0,315.0,19.0,26.0,19089,"19040,19041,19042,19043,19044,19045,19046,19047,19048,19049,19050,19051,19052,19053,19054,19055,19056,19057,19058,19059,19060,19061,19062,19063,19064,19065,19066,19067,19068,19069,19070,19071,19072,19073,19074,19075,19076,19077,19078,19079,19080,19081,19082,19083,19084,19085,19086,19087,19088,19089,19090,19091,19092,19093,19094,19095,19096,19097,19099,19094,19095,19096,19097,19099"
291,19112,19143,"979,980,981",981,1,0.375,0,0,1,1,258,,,19117,1.3405582052410103,11.877139306173701,0.9257796846551298,,,,,0.0,,,,,,,,,,,"19112,19113,19114,19115,19116,19117,19118,19119,19120,19121,19122,19123,19124,19125,19126,19127,19128,19129,19130,19131,19132,19133,19134,19135,19136,19137,19138,19139,19140,19141,19142,19143"
292,19168,19175,"982,983",982,0,0.0,0,0,1,1,259,,,,1.7004147395282845,2.545105179766262,0.9502103427744696,,,,,0.0,,,,,,,,,,,"19168,19169,19170,19171,19172,19173,19174,19175"
293,19224,19239,984,984,0,0.0,0,0,1,1,260,,,,,,0.0,19233,4.170304907962421,12.720188707377197,0.005817313147943537,0.6800001289628692,valley,911.0,735.0,22.0,48.0,936.0,682.0,16.0,30.0,19263,"19224,19225,19226,19227,19228,19229,19230,19231,19232,19233,19234,19235,19236,19237,19238,19239"
294,19249,19255,985,985,0,0.0,0,0,0,0,,,low_displacement,,4.719857074782614,13.327042899419355,0.8540700920213629,,,,,0.0,,,,,,,,,,,"19249,19250,19251,19252,19253,19254,19255"
295,19358,19381,"986,988,989,990",990,1,0.9,0,0,1,1,261,,,19369,1.1776969006412399,-2.013007691852879,0.8865919204512248,19381,1.7330593517460284,-0.6359743776832723,0.26077080774003125,0.5,ground_hit_fallback,711.0,153.0,22.0,26.0,497.0,161.0,19.0,26.0,19411,"19358,19359,19360,19361,19362,19364,19366,19367,19368,19369,19370,19371,19372,19373,19374,19375,19376,19378,19379,19380,19381"
296,19632,19661,"997,998,999,1001",999,1,0.6666666666666666,0,0,1,1,262,,,19642,,,0.0,19655,3.932614498660077,12.370291630740816,-0.010805008855435005,0.6285595462967128,valley,857.0,697.0,16.0,26.0,866.0,641.0,25.0,26.0,19685,"19632,19633,19634,19635,19636,19637,19638,19639,19640,19641,19642,19643,19644,19645,19646,19647,19648,19649,19650,19651,19652,19653,19654,19655,19656,19657,19658,19659,19660,19661"
297,19662,19703,"1001,1002,1003",1002,1,0.8,0,0,1,1,263,,,19688,,,0.0,19702,2.5886249642500627,1.9427607968743246,-0.06292384750712188,0.5,ground_hit_fallback,745.0,202.0,22.0,33.0,554.0,206.0,19.0,30.0,19732,"19662,19664,19665,19666,19667,19668,19669,19670,19671,19672,19673,19674,19675,19676,19677,19678,19679,19680,19681,19682,19683,19684,19685,19686,19687,19688,19689,19690,19691,19692,19693,19694,19695,19696,19697,19698,19699,19700,19701,19702,19703"
298,19712,19769,"1004,1006,1007,1009,1010,1011",1004,1,0.13793103448275862,1,0,1,1,264,,,19728,,,0.0,19735,2.067971195720947,5.333529586521607,-0.38582293887039043,0.7820578302425779,valley,689.0,292.0,16.0,26.0,520.0,307.0,33.0,30.0,19765,"19712,19713,19714,19715,19716,19717,19718,19719,19720,19721,19722,19723,19724,19725,19726,19727,19728,19729,19730,19731,19732,19733,19734,19735,19736,19737,19738,19739,19740,19741,19742,19743,19744,19745,19746,19747,19748,19749,19750,19751,19752,19753,19754,19755,19756,19757,19758,19759,19760,19761,19762,19763,19764,19765,19766,19767,19768,19769"
299,19773,19769,1014,1014,0,0.0,0,0,0,0,,,low_displacement,,2.5602031375292555,5.308177168744438,0.9215885166818008,,,,,0.0,,,,,,,,,,,"19773,19774,19775,19766,19767,19768,19769"
300,19784,19791,"1016,1015,1017",1016,0,0.0,0,0,0,0,,,low_peak_z,,,,0.0,,,,,0.0,,,,,,,,,,,"19784,19785,19786,19787,19788,19789,19790,19791"
301,19813,19823,"1018,1019",1019,0,0.0,0,0,1,1,265,,,,4.879604394807498,1.8820866258994753,0.9229967994368824,19818,4.665640126859298,1.6249075572067966,0.03470771257503458,0.3709501021081734,valley,877.0,198.0,16.0,18.0,680.0,187.0,14.0,22.0,19839,"19813,19814,19815,19816,19817,19818,19819,19820,19821,19822,19823"
302,19929,19980,"1022,1020,1021,1023,1024,1025",1022,1,0.64,0,0,1,1,266,,,19945,,,0.0,19960,1.8704774461714184,11.03238493964184,0.13361485458780548,0.6447614907477228,valley,,,,,,,,,19981,"19929,19930,19931,19932,19933,19934,19935,19936,19937,19938,19939,19940,19941,19942,19943,19944,19945,19946,19947,19948,19949,19950,19951,19952,19953,19954,19955,19956,19957,19958,19959,19960,19961,19962,19963,19964,19965,19966,19967,19968,19969,19970,19971,19972,19973,19974,19975,19976,19977,19980"
303,19983,20007,"1026,1027",1026,1,0.5,0,0,1,1,267,,,19989,6.256498779429968,0.9650655840762141,0.9630415204760326,20007,6.120440377886112,1.3631386004819461,0.2042233142409806,0.5,ground_hit_fallback,970.0,180.0,19.0,26.0,759.0,165.0,19.0,26.0,20028,"19983,19984,19985,19986,19987,19988,19989,19990,19991,19992,19993,19994,19995,19996,19997,19998,19999,20000,20001,20002,20003,20004,20005,20006,20007"
304,20025,20031,"1029,1030",1030,0,0.0,0,0,1,1,268,,,,5.885284792354646,3.2208037586708755,0.9087975715436918,20029,6.864659527036636,-0.03012052779651242,0.6082588697565754,0.11770507593805477,valley,1006.0,138.0,16.0,26.0,779.0,120.0,19.0,22.0,,"20025,20026,20028,20029,20030,20031"
305,20800,20836,"1035,1037,1036,1038",1037,1,0.5,0,0,1,1,269,,,20810,,,0.0,20823,3.592791792213151,10.623910850577118,0.009874815564344885,0.6947886624226124,valley,,,,,,,,,20844,"20800,20802,20803,20804,20805,20806,20807,20808,20809,20810,20811,20812,20813,20814,20815,20816,20817,20818,20819,20820,20821,20822,20823,20824,20825,20826,20827,20828,20829,20830,20831,20832,20833,20834,20835,20836"
306,20837,20875,"1038,1040",1040,1,0.9473684210526315,0,0,1,1,270,,,20858,2.457023659067574,1.443268720391849,0.9122728567498691,20875,2.456668597904897,1.7303955868274485,0.4207295902842789,0.5,ground_hit_fallback,742.0,172.0,19.0,22.0,540.0,176.0,19.0,26.0,20895,"20837,20838,20840,20841,20842,20843,20844,20845,20846,20847,20848,20849,20850,20851,20852,20853,20854,20855,20856,20857,20858,20859,20860,20861,20862,20863,20864,20865,20866,20867,20868,20869,20870,20871,20872,20873,20874,20875"
307,20876,20883,"1039,1040,1041",1040,0,0.0,0,0,1,1,271,,,,2.1879423643979954,6.853419701651336,0.8336834229687125,20876,2.3621638654645927,0.3687452706748857,-0.013535055380598848,0.5,ground_hit_fallback,739.0,176.0,22.0,30.0,534.0,187.0,25.0,26.0,20896,"20876,20877,20878,20879,20880,20881,20882,20883"
308,20904,20916,"1043,1044",1043,1,0.6666666666666666,0,0,1,1,272,,,20913,2.925552211850967,9.089537773115996,0.9368409481160574,,,,,0.0,,,,,,,,,,,"20904,20905,20906,20907,20908,20909,20910,20911,20912,20913,20914,20915,20916"
309,20918,20957,"1045,1049,1047,1048,1050",1049,1,0.7391304347826086,0,0,1,1,273,,,20929,,,0.0,20949,-0.5764836990903284,2.5793513533584473,-0.11872274564992225,0.710301674764291,valley,554.0,213.0,19.0,33.0,343.0,243.0,16.0,30.0,20969,"20918,20919,20921,20922,20923,20924,20925,20926,20927,20921,20922,20923,20924,20925,20926,20927,20928,20929,20930,20931,20932,20933,20934,20935,20936,20937,20938,20939,20940,20941,20942,20943,20944,20945,20946,20947,20948,20949,20950,20951,20952,20953,20954,20955,20956,20957"
310,21240,21247,"1053,1052,1054",1053,0,0.0,0,0,1,1,274,,,,0.20946484695046497,7.3780055892477,0.8462975611374763,,,,,0.0,,,,,,,,,,,"21240,21241,21242,21243,21244,21245,21246,21247"
311,21248,21276,"1054,1055",1054,1,0.6428571428571429,0,0,1,1,275,,,21257,-0.2119455143550697,13.017457290126702,0.9584141115801186,21275,-0.06057108560942126,12.224109499790096,0.2340751640233485,0.5,ground_hit_fallback,191.0,573.0,19.0,26.0,98.0,731.0,16.0,18.0,21296,"21248,21249,21250,21251,21252,21253,21254,21255,21256,21257,21258,21259,21260,21261,21262,21263,21264,21265,21266,21267,21268,21269,21270,21271,21272,21273,21274,21275,21276"
312,21328,21359,"1059,1057,1058",1059,0,0.0,0,0,1,1,276,,,,,,0.0,21340,3.0932634559019445,10.265438113483972,0.12571171154978877,0.7597364898604348,valley,734.0,457.0,19.0,26.0,663.0,457.0,19.0,26.0,21361,"21328,21329,21330,21331,21332,21333,21334,21335,21336,21337,21338,21339,21340,21341,21342,21343,21344,21345,21346,21347,21348,21349,21350,21351,21352,21353,21354,21355,21356,21357,21358,21359"
313,21381,21391,1060,1060,0,0.0,0,0,1,1,277,,,,,,0.0,21387,4.26793545033014,11.673104072458543,-0.02302061904832442,0.7248119318439492,valley,911.0,611.0,16.0,26.0,880.0,562.0,16.0,22.0,21408,"21381,21382,21383,21384,21385,21386,21387,21388,21389,21390,21391"
314,21400,21407,1062,1062,0,0.0,0,0,0,0,,,low_displacement,,4.677385468660225,12.562411107160163,0.8229040827117108,,,,,0.0,,,,,,,,,,,"21400,21401,21402,21403,21404,21405,21407"
315,21420,21431,"1063,1064",1064,0,0.0,0,0,1,1,278,,,,,,0.0,21426,4.606610299330306,13.143947661959245,-0.004189976551721486,0.6740025000573091,valley,1026.0,847.0,19.0,30.0,1051.0,720.0,25.0,30.0,21447,"21420,21422,21423,21424,21425,21426,21427,21428,21429,21430,21431"
316,21441,21447,"1065,1066",1066,0,0.0,0,0,0,0,,,low_displacement,,5.412260481087764,14.010387763099928,0.8677543660308453,,,,,0.0,,,,,,,,,,,"21441,21442,21443,21444,21445,21446,21447"
317,21545,21598,"1068,1069,1074,1070,1071,1072,1073,1076",1074,1,0.12,1,0,1,1,279,,,21555,,,0.0,21590,-0.5877860673729067,6.979488487963554,-0.04716153116158317,0.6132567089530937,valley,,,,,,,,,21611,"21545,21550,21551,21552,21553,21554,21555,21556,21557,21558,21559,21560,21561,21562,21563,21564,21565,21566,21567,21568,21569,21570,21571,21572,21573,21574,21575,21576,21577,21578,21579,21580,21581,21582,21583,21584,21585,21586,21587,21588,21589,21590,21591,21592,21593,21594,21595,21596,21597,21598"
318,21824,21876,"1081,1080,1082,1083,1084",1081,1,0.7692307692307693,0,0,1,1,280,,,21857,,,0.0,21870,4.450351833503573,2.944188137316914,0.2043484311196231,0.6896731556269451,valley,869.0,202.0,19.0,26.0,677.0,198.0,19.0,26.0,21891,"21824,21825,21826,21827,21828,21829,21830,21831,21832,21833,21834,21835,21836,21837,21838,21839,21840,21841,21842,21843,21844,21845,21846,21847,21848,21849,21850,21851,21852,21853,21854,21855,21856,21857,21858,21859,21860,21861,21862,21863,21864,21865,21866,21867,21868,21869,21870,21871,21872,21873,21874,21875,21876"
319,21888,21898,"1086,1087",1087,0,0.0,0,0,1,1,281,,,,3.1488040683366227,12.95371269498038,0.8728178228048225,,,,,0.0,,,,,,,,,,,"21888,21889,21890,21891,21892,21893,21894,21895,21896,21897,21898"
320,21910,21947,1088,1088,0,0.0,0,0,1,1,282,,,,,,0.0,21931,3.2333978021040686,12.077156681284713,0.09122949229686661,0.674724004403053,valley,731.0,618.0,19.0,37.0,736.0,615.0,16.0,30.0,21951,"21910,21911,21912,21913,21914,21915,21916,21917,21918,21919,21920,21921,21922,21923,21924,21925,21926,21927,21928,21929,21930,21931,21932,21933,21934,21935,21936,21937,21938,21939,21940,21941,21942,21943,21944,21945,21946,21947"
321,21948,21980,"1088,1089,1091",1089,1,0.8125,0,0,1,1,283,,,21961,3.010200957247309,2.3416687321084577,0.6442401405766592,,,,,0.0,,,,,,,,,,,"21948,21949,21950,21951,21952,21953,21954,21955,21956,21957,21958,21959,21960,21961,21962,21963,21964,21965,21966,21967,21968,21969,21970,21971,21972,21973,21974,21975,21976,21977,21978,21979,21980"
322,21981,22010,1091,1091,1,0.3333333333333333,0,0,1,1,284,,,21983,,,0.0,21996,4.094346791385979,7.614187337755347,0.04136420925631157,0.7120390059089843,valley,852.0,337.0,22.0,26.0,717.0,322.0,22.0,26.0,22016,"21981,21982,21983,21984,21985,21986,21987,21988,21989,21990,21991,21992,21993,21994,21995,21996,21997,21998,21999,22000,22001,22002,22003,22004,22005,22006,22007,22008,22009,22010"
323,22024,22055,"1094,1095",1094,1,0.9285714285714286,0,0,1,1,285,,,22037,,,0.0,22047,2.9720213833720632,5.712523723734606,0.17901208094136578,0.6899037388600061,valley,753.0,262.0,22.0,26.0,593.0,266.0,22.0,26.0,22068,"22024,22025,22026,22027,22028,22029,22030,22031,22032,22033,22034,22035,22036,22037,22038,22039,22040,22041,22042,22043,22044,22045,22046,22047,22048,22049,22054,22055"
324,22064,22082,"1096,1097,1098",1098,1,0.38461538461538464,1,0,1,1,286,,,22071,3.710631397555466,8.084709557322093,0.9402014783608454,22079,3.483239408623409,6.7479352465042375,0.4776512835181883,0.6863010129268973,valley,,,,,,,,,22099,"22064,22068,22069,22070,22071,22072,22073,22074,22075,22076,22077,22078,22079,22070,22071,22072,22073,22074,22075,22076,22077,22078,22079,22080,22081,22082"
325,22101,22122,"1099,1100,1101",1099,1,0.5454545454545454,0,0,1,1,287,,,22117,0.9105553474005879,5.196039276099656,0.9380159611848154,,,,,0.0,,,,,,,,,,,"22101,22102,22103,22104,22105,22106,22107,22108,22109,22110,22111,22112,22113,22114,22115,22116,22117,22118,22119,22120,22121,22122"
326,22128,22169,"1104,1102,1103,1105,1106",1106,1,0.9,0,0,1,1,288,,,22147,,,0.0,22169,1.160988309410202,13.922851498178185,0.36121719297299393,0.5,ground_hit_fallback,165.0,847.0,28.0,45.0,255.0,1012.0,14.0,26.0,,"22128,22129,22130,22131,22132,22133,22134,22135,22137,22138,22139,22140,22141,22142,22143,22144,22145,22146,22147,22148,22149,22150,22151,22152,22153,22154,22155,22156,22157,22158,22159,22160,22161,22162,22163,22164,22165,22166,22167,22168,22169"
327,22760,22767,1109,1109,0,0.0,0,0,0,0,,,low_displacement,,1.3663282513711545,13.19996263073933,0.8988606022432146,,,,,0.0,,,,,,,,,,,"22760,22761,22762,22763,22765,22766,22767"
328,23500,23533,"1111,1112,1114,1115,1116,1117",1114,1,0.9375,0,0,1,1,289,,,23516,,,0.0,23531,0.1467101436363586,1.0181055030137476,0.019338523464247775,0.6938242188487527,valley,615.0,183.0,19.0,30.0,402.0,206.0,19.0,26.0,23525,"23500,23502,23503,23504,23505,23506,23507,23508,23509,23510,23511,23512,23513,23514,23515,23516,23517,23518,23519,23520,23521,23522,23523,23524,23525,23526,23527,23528,23529,23530,23531,23532,23533"
329,23616,23717,"1122,1120,1121,1124",1122,1,0.27450980392156865,0,0,1,1,290,,,23630,,,0.0,23652,3.7061603629703823,8.061937158215457,0.01853538377523911,0.7070819292671571,valley,812.0,348.0,22.0,33.0,689.0,345.0,25.0,30.0,23645,"23616,23617,23618,23619,23620,23621,23622,23623,23624,23625,23626,23627,23628,23629,23630,23631,23632,23633,23634,23635,23636,23637,23638,23639,23640,23641,23642,23643,23644,23645,23646,23647,23648,23649,23650,23651,23652,23653,23654,23655,23656,23657,23658,23659,23660,23661,23662,23663,23664,23665,23666,23667,23668,23669,23670,23671,23672,23673,23674,23675,23676,23677,23678,23679,23680,23681,23682,23683,23684,23685,23686,23687,23688,23689,23690,23691,23692,23693,23694,23695,23696,23697,23698,23699,23700,23701,23702,23703,23704,23705,23706,23707,23708,23709,23710,23711,23712,23713,23714,23715,23716,23717"
330,23832,23874,"1128,1129,1130,1132,1131",1132,1,0.4444444444444444,1,0,1,1,291,,,23844,,,0.0,23855,2.122184075459349,6.8823842732371485,0.036644063672589766,0.5650757562362826,valley,675.0,303.0,19.0,22.0,528.0,322.0,19.0,22.0,23849,"23832,23835,23836,23839,23840,23843,23844,23845,23846,23847,23848,23849,23850,23851,23852,23853,23854,23855,23856,23857,23858,23859,23860,23861,23862,23863,23864,23865,23866,23867,23868,23869,23870,23871,23872,23873,23874"
331,23875,23976,"1132,1134",1134,0,0.0,1,0,1,1,292,,,,,,0.0,23891,1.018918547813155,7.304119684112024,-0.19764853780259517,0.45937841794484574,valley,576.0,337.0,14.0,18.0,427.0,371.0,19.0,22.0,23885,"23875,23876,23877,23878,23879,23880,23881,23882,23883,23884,23885,23886,23887,23888,23889,23890,23891,23892,23893,23894,23895,23896,23897,23898,23899,23900,23901,23902,23903,23904,23905,23906,23907,23908,23909,23910,23911,23912,23913,23914,23915,23916,23917,23918,23919,23920,23921,23922,23923,23924,23925,23926,23927,23928,23929,23930,23931,23932,23933,23934,23935,23936,23937,23938,23939,23940,23941,23942,23943,23944,23945,23946,23947,23948,23949,23950,23951,23952,23953,23954,23955,23956,23957,23958,23959,23960,23961,23962,23963,23964,23965,23966,23967,23968,23969,23970,23971,23972,23973,23976"
332,24233,24263,"1137,1138,1139",1139,1,1.0,0,0,1,1,293,,,24250,4.767603033910017,-1.4421316773175619,0.8750629446356185,24263,4.499522028417716,0.37989653122605205,0.4782503085508498,0.5,ground_hit_fallback,863.0,150.0,22.0,26.0,655.0,146.0,19.0,22.0,24257,"24233,24234,24235,24237,24238,24239,24240,24241,24242,24245,24246,24247,24248,24249,24250,24251,24252,24253,24254,24255,24256,24257,24258,24259,24260,24261,24262,24263"
333,24368,24373,1141,1141,0,0.0,0,0,1,1,294,,,,-0.5034559113081496,8.101967320258034,0.8063797342774728,,,,,0.0,,,,,,,,,,,"24368,24369,24370,24371,24372,24373"
334,24374,24391,"1143,1145,1144,1146",1145,0,0.0,0,0,1,1,295,,,,1.1216014735234312,1.4515392509608143,0.9293650151616784,,,,,0.0,,,,,,,,,,,"24374,24376,24377,24378,24379,24380,24381,24382,24383,24384,24385,24386,24387,24388,24389,24390,24391"
335,24472,24501,"1150,1151,1152,1153,1154",1154,1,0.8235294117647058,0,0,1,1,296,,,24482,,,0.0,24493,4.071828482890984,11.529365842780294,0.060252248236938755,0.7143632118038461,valley,877.0,581.0,16.0,26.0,843.0,543.0,19.0,26.0,24487,"24472,24473,24474,24475,24476,24477,24478,24479,24476,24477,24478,24479,24480,24481,24482,24483,24484,24485,24486,24487,24488,24489,24490,24491,24492,24493,24494,24495,24496,24497,24498,24499,24500,24501"
336,24502,24550,"1154,1160,1155,1157,1158",1154,1,0.9545454545454546,0,0,1,1,297,,,24528,,,0.0,24543,1.9337716849864064,1.1329797399586887,0.01795518863715273,0.7004831772111492,valley,714.0,187.0,19.0,26.0,511.0,198.0,19.0,26.0,24537,"24502,24503,24507,24508,24509,24510,24511,24512,24513,24515,24517,24518,24519,24520,24521,24522,24523,24524,24525,24526,24527,24528,24529,24530,24531,24532,24533,24534,24535,24536,24537,24538,24539,24540,24541,24542,24543,24544,24545,24546,24547,24548,24549,24550"
337,24551,24581,"1160,1159,1162,1161,1163",1162,1,0.9444444444444444,0,0,1,1,298,,,24567,,,0.0,24580,5.066085228792668,10.601219723105686,0.030456813976712738,0.5,ground_hit_fallback,1018.0,510.0,16.0,26.0,925.0,453.0,22.0,26.0,24575,"24551,24552,24553,24554,24555,24556,24557,24558,24559,24560,24561,24562,24563,24564,24565,24566,24567,24568,24569,24570,24571,24572,24573,24574,24575,24570,24571,24572,24573,24574,24575,24576,24577,24578,24579,24580,24581"
338,24589,24615,"1164,1165,1167,1166",1167,1,0.7272727272727273,0,0,1,1,299,,,24606,0.5188619083889003,2.440596279050526,0.9537780018943154,,,,,0.0,,,,,,,,,,,"24589,24590,24593,24595,24596,24597,24598,24599,24600,24601,24602,24603,24604,24605,24606,24607,24608,24609,24612,24613,24614,24615"
339,24624,24635,"1170,1168,1169,1171",1170,0,0.0,0,0,0,0,,,low_displacement,,0.552953045513136,3.0530554589297583,0.8412984326380045,,,,,0.0,,,,,,,,,,,"24624,24625,24626,24627,24628,24629,24630,24631,24632,24633,24634,24635"
340,24636,24651,"1171,1172,1173,1174,1175",1171,1,0.75,0,0,1,1,300,,,24645,6.157529249367658,10.402155876908255,0.9081149433316286,,,,,0.0,,,,,,,,,,,"24636,24637,24638,24639,24640,24641,24642,24643,24644,24645,24646,24647,24648,24649,24650,24651"
341,24657,24663,1176,1176,0,0.0,0,0,1,1,301,,,,6.871145336311637,10.414170773663393,0.8862226356990381,,,,,0.0,,,,,,,,,,,"24657,24658,24659,24660,24661,24662,24663"
342,24908,24935,"1178,1182,1179,1180,1181,1183",1182,1,0.8571428571428571,0,0,1,1,302,,,24920,,,0.0,24929,6.129140333866761,2.103277701185405,0.023785079608220627,0.729324823251299,valley,975.0,202.0,19.0,26.0,767.0,187.0,25.0,26.0,24923,"24908,24909,24910,24911,24912,24913,24914,24915,24916,24917,24918,24919,24920,24921,24922,24923,24924,24925,24926,24927,24928,24929,24930,24931,24932,24933,24934,24935"
343,24976,24983,1184,1184,0,0.0,0,0,1,1,303,,,,5.3258357286642095,2.068734905912328,0.9505623992533002,24983,5.311707281178585,2.020165613741824,0.4621457453891402,0.5,ground_hit_fallback,922.0,172.0,25.0,26.0,720.0,161.0,19.0,26.0,24977,"24976,24977,24978,24979,24980,24981,24982,24983"
344,25016,25023,"1186,1185",1186,0,0.0,0,0,0,0,,,low_peak_z,,,,0.0,,,,,0.0,,,,,,,,,,,"25016,25017,25018,25019,25020,25021,25022,25023"
345,25112,25144,"1190,1191,1193",1190,1,0.8125,0,0,1,1,304,,,25125,,,0.0,25140,1.7476533858829695,12.863783591843259,0.20172245736087469,0.6594440615966575,valley,424.0,690.0,16.0,22.0,461.0,768.0,16.0,22.0,25134,"25112,25113,25114,25115,25116,25117,25118,25119,25120,25121,25122,25123,25124,25125,25126,25127,25128,25129,25130,25132,25133,25134,25135,25136,25137,25138,25139,25140,25141,25142,25143,25144"
346,25145,25185,"1193,1195",1193,1,0.85,0,0,1,1,305,,,25169,,,0.0,25181,2.832808118671553,3.5429981776976476,0.13481667684187038,0.7037758097786269,valley,753.0,217.0,22.0,26.0,573.0,225.0,19.0,26.0,25175,"25145,25146,25147,25148,25149,25150,25151,25152,25153,25154,25155,25156,25157,25158,25159,25160,25161,25162,25163,25164,25165,25166,25167,25168,25169,25170,25171,25172,25173,25174,25175,25176,25177,25178,25179,25180,25181,25182,25183,25184,25185"
347,25199,25207,1196,1196,1,0.75,0,0,1,1,306,,,25205,3.6155433655096196,17.2205020752781,0.9111564101578679,,,,,0.0,,,,,,,,,,,"25199,25200,25201,25202,25203,25204,25205,25206,25207"
348,25208,25222,1196,1196,1,0.8571428571428571,0,0,1,1,307,,,25215,5.3459663353246265,3.6344485531038835,0.945197027595073,,,,,0.0,,,,,,,,,,,"25208,25209,25210,25211,25212,25214,25215,25216,25217,25218,25219,25220,25221,25222"
349,25233,25249,"1197,1202,1198,1199,1201,1203",1202,0,0.0,0,0,1,1,308,,,,,,0.0,25243,6.679923197776063,1.34357409704333,0.2401647294070628,0.41153140134497646,valley,,,,,,,,,25237,"25233,25234,25235,25236,25237,25238,25239,25240,25241,25242,25243,25244,25245,25246,25247,25238,25241,25242,25243,25244,25245,25246,25247,25249"
350,25352,25383,"1207,1208,1209,1210,1211,1212,1213",1210,0,0.0,0,0,1,1,309,,,,,,0.0,25370,3.1178329602815995,-0.8960074521312293,0.18364581199943508,0.21273253883075377,valley,787.0,157.0,19.0,18.0,573.0,157.0,16.0,22.0,25364,"25352,25353,25354,25359,25361,25363,25364,25365,25370,25375,25380,25381,25382,25383"
351,25472,25513,"1214,1215,1216,1217,1218,1221",1215,1,0.6190476190476191,0,0,1,1,310,,,25485,,,0.0,25494,4.036814622926442,9.758374772237147,0.04185760974410968,0.6884789346965711,valley,857.0,438.0,19.0,26.0,765.0,420.0,25.0,26.0,25488,"25472,25473,25474,25475,25476,25477,25478,25479,25480,25481,25482,25483,25484,25485,25486,25487,25488,25489,25490,25491,25492,25493,25494,25495,25496,25497,25498,25499,25500,25501,25502,25503,25504,25505,25506,25507,25508,25509,25510,25511,25512,25513"
352,25517,25551,"1221,1222,1223,1224",1222,1,0.6470588235294118,0,0,1,1,311,,,25528,,,0.0,25544,2.042316331070102,1.1560343856423074,-0.13816898692667667,0.7226882706955486,valley,717.0,198.0,22.0,26.0,520.0,206.0,19.0,26.0,25538,"25517,25518,25519,25520,25521,25522,25523,25524,25525,25526,25527,25528,25529,25530,25531,25532,25533,25534,25535,25536,25537,25538,25539,25540,25541,25542,25543,25544,25545,25546,25547,25548,25549,25550,25551"
353,25560,25579,"1225,1227",1227,1,0.2,1,1,1,1,312,,,25568,,,0.0,25577,2.8151334976030107,6.316887828412554,0.08815159550963614,0.4411328237689136,valley,745.0,288.0,8.0,15.0,593.0,296.0,8.0,15.0,25572,"25560,25561,25562,25563,25564,25565,25566,25567,25568,25569,25570,25571,25572,25573,25574,25575,25576,25577,25578,25579"
354,25580,25607,"1227,1226",1227,0,0.0,1,0,1,1,313,,,25584,,,0.0,25595,2.88383368762413,6.011222742527856,0.16282498081097252,0.3071606557494676,valley,748.0,270.0,16.0,22.0,590.0,277.0,19.0,22.0,25589,"25580,25581,25582,25583,25584,25585,25586,25587,25588,25589,25590,25591,25592,25593,25594,25595,25596,25597,25598,25599,25600,25601,25602,25603,25604,25605,25606,25607"
355,25635,25708,"1229,1228,1231",1231,1,0.1388888888888889,0,0,1,1,314,,,25638,,,0.0,25666,4.794082183561613,10.476899394428479,0.13901778242079388,0.6717236003261468,valley,975.0,483.0,16.0,26.0,888.0,435.0,16.0,30.0,25660,"25635,25636,25637,25638,25640,25641,25642,25643,25644,25645,25646,25647,25648,25649,25650,25651,25652,25653,25654,25655,25656,25657,25658,25659,25660,25661,25662,25663,25664,25665,25666,25667,25668,25669,25670,25671,25672,25673,25674,25675,25676,25677,25678,25679,25680,25681,25682,25683,25684,25685,25686,25687,25688,25689,25690,25691,25692,25693,25694,25695,25696,25697,25698,25699,25700,25701,25702,25703,25704,25705,25706,25707,25708"
356,26045,26080,"1234,1235,1236,1237",1234,1,0.3125,0,0,1,1,315,,,26050,,,0.0,26075,-0.08902612056605785,1.3488191320415313,0.010666040054358339,0.6963568117350196,valley,599.0,191.0,19.0,22.0,385.0,213.0,19.0,26.0,26069,"26045,26046,26047,26048,26049,26050,26051,26052,26053,26054,26055,26056,26057,26058,26059,26060,26061,26062,26063,26064,26065,26066,26067,26068,26069,26070,26071,26072,26073,26074,26075,26076,26080"
357,26089,26137,"1238,1239,1240,1241",1240,1,0.7727272727272727,0,0,1,1,316,,,26107,,,0.0,26131,0.8353084716187844,13.282829007039378,0.3618969170283428,0.6811665632217089,valley,202.0,712.0,16.0,22.0,210.0,873.0,16.0,22.0,26125,"26089,26090,26091,26092,26093,26094,26096,26097,26098,26099,26100,26101,26102,26103,26104,26105,26106,26107,26108,26109,26110,26111,26112,26113,26114,26115,26116,26117,26118,26119,26120,26121,26122,26123,26124,26125,26126,26127,26128,26129,26130,26131,26132,26136,26137"
358,26146,26153,"1242,1244",1244,0,0.0,0,0,1,1,317,,,,3.1538561162251346,-2.850490640439002,0.7792431769353633,,,,,0.0,,,,,,,,,,,"26146,26148,26149,26150,26151,26152,26153"
359,26181,26191,"1246,1245",1246,0,0.0,0,0,1,1,318,,,,3.208020986942916,2.0842828320375704,0.9478833297430034,,,,,0.0,,,,,,,,,,,"26181,26182,26183,26184,26185,26186,26187,26188,26189,26190,26191"
360,26200,26263,"1248,1249",1248,1,0.6285714285714286,0,0,1,1,319,,,26214,,,0.0,26224,4.139273192002578,8.533079582997146,0.20020233683018418,0.6704500680917347,valley,863.0,352.0,25.0,30.0,739.0,341.0,28.0,30.0,26218,"26200,26201,26202,26203,26204,26205,26206,26207,26200,26201,26202,26203,26204,26205,26206,26207,26208,26209,26210,26211,26212,26213,26214,26215,26216,26217,26218,26219,26220,26221,26222,26224,26225,26226,26227,26228,26229,26230,26231,26232,26233,26234,26235,26236,26237,26238,26239,26240,26241,26242,26243,26244,26245,26246,26247,26248,26249,26250,26251,26252,26253,26254,26255,26256,26257,26258,26259,26260,26261,26263"
361,26378,26407,"1251,1253,1255,1256,1257,1258",1255,1,0.6923076923076923,0,0,1,1,320,,,26389,0.629959787154168,-0.6955286979466706,0.9516176244728047,26407,0.9125953657543657,-0.244604904568412,0.07986808307203397,0.5,ground_hit_fallback,669.0,168.0,19.0,26.0,452.0,180.0,19.0,26.0,26401,"26378,26379,26382,26383,26384,26385,26386,26387,26388,26389,26390,26391,26392,26393,26394,26395,26396,26397,26398,26399,26401,26402,26403,26404,26405,26406,26407"
362,26414,26425,"1259,1261,1260",1259,0,0.0,0,0,1,1,321,,,,4.293832268575789,14.654544799337506,0.8361876294757836,,,,,0.0,,,,,,,,,,,"26414,26415,26416,26417,26418,26419,26420,26421,26422,26423,26424,26425"
363,26446,26471,1265,1265,0,0.0,0,0,1,1,322,,,,,,0.0,26464,3.5290216003197417,12.8109164330431,0.11936903131315191,0.6962827472242825,valley,776.0,720.0,22.0,56.0,821.0,690.0,30.0,48.0,,"26446,26447,26448,26449,26450,26451,26452,26453,26454,26455,26456,26457,26458,26459,26460,26461,26462,26463,26464,26465,26466,26467,26468,26469,26470,26471"
364,26665,26695,"1267,1269",1269,1,0.8461538461538461,0,0,1,1,323,,,26680,,,0.0,26690,4.673414048048896,0.9384502672696158,0.027903732592072572,0.6887414449403936,valley,874.0,183.0,16.0,22.0,672.0,176.0,16.0,30.0,26684,"26665,26666,26667,26668,26669,26670,26671,26674,26675,26676,26677,26680,26681,26682,26683,26684,26685,26686,26687,26688,26689,26690,26691,26692,26693,26694,26695"
365,26702,26744,1272,1272,1,0.5714285714285714,0,0,1,1,324,,,26714,,,0.0,26737,3.5178971902236293,12.764259008548244,0.05015440996200482,0.6872995516941662,valley,776.0,731.0,19.0,37.0,818.0,697.0,22.0,33.0,26731,"26702,26703,26704,26705,26706,26707,26708,26709,26710,26711,26712,26713,26714,26715,26716,26717,26718,26719,26720,26721,26722,26723,26724,26725,26726,26727,26728,26729,26730,26731,26732,26733,26734,26735,26736,26737,26738,26739,26740,26741,26742,26743,26744"
366,26745,26774,1272,1272,1,0.4,0,0,1,1,325,,,26769,1.0965864047827836,2.0530481184994542,0.9071892946298341,,,,,0.0,,,,,,,,,,,"26745,26746,26747,26748,26749,26750,26751,26752,26753,26754,26755,26756,26757,26758,26759,26760,26761,26762,26763,26764,26765,26766,26767,26768,26769,26770,26771,26772,26773,26774"
367,26775,26797,1273,1273,1,0.4,0,0,1,1,326,,,26779,,,0.0,26786,1.9606205975998159,8.681866970269922,0.147722765302714,0.7021849017643029,valley,630.0,348.0,16.0,37.0,511.0,382.0,19.0,41.0,26780,"26775,26776,26777,26778,26779,26780,26781,26782,26783,26777,26778,26779,26780,26781,26782,26783,26784,26785,26786,26787,26788,26789,26790,26791,26792,26793,26794,26795,26796,26797"
368,26798,26813,"1273,1274",1274,1,0.75,0,0,1,1,327,,,26808,1.470710924888163,-1.1796523298264603,0.9203404386691219,,,,,0.0,,,,,,,,,,,"26798,26799,26800,26801,26802,26803,26804,26805,26806,26807,26808,26809,26810,26811,26812,26813"
369,26814,26838,"1274,1278",1278,1,0.4166666666666667,0,0,1,1,328,,,26819,,,0.0,26837,3.456878534927252,12.04586135011883,0.09875095405350365,0.5,ground_hit_fallback,762.0,622.0,33.0,30.0,770.0,607.0,22.0,26.0,26831,"26814,26815,26816,26817,26818,26819,26820,26821,26822,26823,26824,26825,26826,26827,26828,26829,26830,26831,26832,26833,26834,26835,26836,26837,26838"
370,26839,26872,"1278,1276",1278,1,0.6875,0,0,1,1,329,,,26861,4.531993277873242,3.721836010056121,0.8668069769488228,,,,,0.0,,,,,,,,,,,"26839,26840,26841,26842,26843,26844,26845,26846,26847,26848,26849,26850,26851,26852,26853,26854,26855,26856,26857,26858,26859,26860,26861,26862,26863,26864,26865,26866,26868,26869,26870,26871,26872"
371,26873,26902,"1279,1280",1279,1,0.45,0,0,1,1,330,,,26876,,,0.0,26895,3.8470579270111416,10.980364158381558,0.12679650470003523,0.6705950874669225,valley,835.0,513.0,22.0,30.0,787.0,495.0,16.0,26.0,26889,"26873,26874,26875,26876,26877,26878,26879,26870,26871,26872,26873,26874,26875,26876,26877,26878,26879,26880,26881,26882,26883,26884,26885,26886,26887,26888,26889,26890,26891,26892,26893,26894,26895,26896,26897,26898,26899,26900,26901,26902"
372,26903,26947,"1280,1281,1282,1283,1284,1285",1280,1,0.9,0,0,1,1,331,,,26921,,,0.0,26940,2.1152018610114767,-0.7758887941436043,-0.08493445976324931,0.78791984280261,valley,731.0,165.0,25.0,33.0,528.0,187.0,8.0,7.0,26934,"26903,26904,26905,26906,26907,26908,26909,26910,26911,26912,26913,26914,26915,26916,26917,26918,26919,26920,26921,26922,26923,26924,26925,26926,26927,26928,26929,26930,26931,26932,26933,26934,26935,26936,26937,26938,26940,26944,26945,26946,26947"
373,27000,27009,"1289,1288",1289,0,0.0,0,0,0,0,,,low_displacement,,,,0.0,,,,,0.0,,,,,,,,,,,"27000,27001,27002,27003,27004,27005,27006,27007,27008,27009"
374,27120,27170,"1291,1292,1293",1292,1,0.52,0,0,1,1,332,,,27132,,,0.0,27153,4.0603848704460255,10.9605052473112,0.1785599993725704,0.7239223676224237,valley,871.0,510.0,16.0,26.0,815.0,483.0,19.0,22.0,,"27120,27121,27122,27123,27124,27125,27126,27127,27128,27129,27130,27131,27132,27133,27134,27135,27136,27137,27138,27139,27140,27141,27142,27143,27144,27145,27146,27147,27148,27149,27150,27151,27152,27153,27154,27155,27156,27157,27158,27159,27160,27161,27162,27163,27164,27165,27166,27167,27168,27169,27170"
375,27293,27305,"1298,1299",1298,1,0.5,0,0,1,1,333,,,27296,0.7213948057070536,-0.12110911034357752,0.9197385514099099,27303,1.39677355498002,0.8655610919005561,0.3171626238608054,0.6540580105842531,valley,683.0,168.0,25.0,22.0,475.0,176.0,19.0,22.0,27296,"27293,27294,27295,27296,27297,27298,27299,27300,27301,27302,27303,27304,27305"
376,27312,27325,"1300,1301,1303,1302",1301,0,0.0,0,0,1,1,334,,,,1.9015117730961895,7.988919096631633,0.8015597983086982,,,,,0.0,,,,,,,,,,,"27312,27316,27317,27318,27319,27320,27321,27322,27323,27324,27325"
377,27352,27381,1309,1309,0,0.0,0,0,1,1,335,,,,,,0.0,27368,2.5763803976222346,10.263120994864334,0.10989985542861103,0.738016625916496,valley,666.0,453.0,19.0,22.0,596.0,468.0,19.0,26.0,27362,"27352,27353,27354,27355,27356,27357,27358,27359,27360,27361,27362,27363,27364,27365,27366,27367,27368,27369,27370,27371,27372,27373,27374,27375,27376,27377,27378,27379,27380,27381"
378,27382,27404,1309,1309,1,1.0,0,0,1,1,336,,,27393,4.4079217240454724,1.0091081031023421,0.8912987781436893,,,,,0.0,,,,,,,,,,,"27382,27383,27384,27385,27386,27387,27388,27389,27390,27391,27392,27393,27394,27395,27396,27397,27398,27399,27400,27401,27402,27403,27404"
379,27405,27422,1309,1309,1,0.7777777777777778,0,0,1,1,337,,,27416,1.783439194029039,12.165179211608223,0.9290555813918673,,,,,0.0,,,,,,,,,,,"27405,27406,27407,27408,27409,27410,27411,27412,27413,27414,27415,27416,27417,27418,27419,27420,27421,27422"
380,27423,27439,"1309,1308,1310,1311,1312,1313,1314",1310,1,0.75,0,0,1,1,338,,,27429,2.0493950176752875,-2.3690548669675007,0.9290568864382203,,,,,0.0,,,,,,,,,,,"27423,27424,27425,27426,27427,27428,27429,27430,27431,27432,27433,27434,27435,27436,27438,27439"
381,27687,27720,"1316,1317,1318",1317,1,0.8125,0,0,1,1,339,,,27700,,,0.0,27712,5.242440725740998,10.33094685675956,-0.014809713764933008,0.7123292959243092,valley,1032.0,487.0,25.0,41.0,925.0,435.0,36.0,30.0,27706,"27687,27688,27689,27690,27691,27692,27693,27694,27695,27696,27697,27698,27699,27700,27701,27702,27703,27704,27705,27706,27707,27710,27711,27712,27713,27714,27715,27716,27717,27718,27719,27720"
382,27727,27767,"1319,1320,1321,1324,1325,1326",1324,1,0.7222222222222222,1,0,1,1,340,,,27743,,,0.0,27751,1.922585891594382,4.259465448037279,-0.049481926765905904,0.750126511192521,valley,686.0,243.0,22.0,26.0,511.0,258.0,19.0,26.0,27745,"27727,27728,27729,27730,27733,27735,27736,27737,27738,27739,27740,27741,27742,27743,27744,27745,27746,27748,27749,27750,27751,27752,27753,27754,27755,27756,27757,27758,27759,27760,27761,27762,27763,27764,27765,27766,27767"
383,27778,27839,"1327,1328,1329,1330,1331,1332",1331,1,0.4722222222222222,1,1,1,1,341,,,27819,,,0.0,27831,3.4668165781349845,6.321727040257109,0.10095689660088425,0.48424910560464474,valley,,,,,,,,,,"27778,27779,27780,27781,27782,27783,27784,27785,27786,27787,27788,27789,27790,27791,27792,27793,27794,27795,27796,27797,27798,27799,27800,27801,27802,27803,27804,27805,27806,27807,27808,27809,27810,27811,27812,27813,27814,27815,27816,27817,27818,27819,27820,27821,27822,27823,27824,27825,27826,27827,27828,27829,27830,27831,27832,27833,27834,27835,27836,27837,27838,27839,27830,27831,27832,27833,27834,27835,27836,27837,27838,27839"
384,28148,28154,1335,1335,0,0.0,0,0,0,0,,,low_displacement,,3.439752263278251,13.752586755043431,0.891793273777082,,,,,0.0,,,,,,,,,,,"28148,28149,28150,28151,28152,28153,28154"
385,28156,28184,"1338,1339,1340",1338,1,0.6428571428571429,0,0,1,1,342,,,28165,,,0.0,28175,1.7825442090169008,11.018565433614175,0.1523231910092706,0.6539240547008514,valley,540.0,487.0,19.0,33.0,483.0,547.0,19.0,22.0,28169,"28156,28157,28158,28159,28160,28161,28162,28163,28164,28165,28166,28167,28168,28169,28170,28172,28173,28174,28175,28176,28177,28178,28179,28180,28181,28182,28183,28184"
386,28185,28223,"1340,1342,1343,1347,1348",1342,1,0.7647058823529411,0,0,1,1,343,,,28209,,,0.0,28216,4.129243309902708,2.546229143024817,-0.09961601732046077,0.752423141006062,valley,,,,,,,,,28210,"28185,28188,28189,28190,28191,28192,28193,28194,28195,28196,28197,28199,28200,28201,28202,28203,28204,28205,28206,28207,28208,28209,28210,28211,28212,28213,28216,28217,28218,28219,28220,28221,28222,28223"
387,28232,28258,"1351,1352,1353",1351,1,0.8461538461538461,0,0,1,1,344,,,28243,,,0.0,28254,0.8105521032631993,10.799939766111462,0.08381129258695275,0.6821193537879446,valley,424.0,480.0,16.0,26.0,337.0,551.0,19.0,26.0,28248,"28232,28233,28234,28235,28236,28237,28238,28239,28240,28241,28242,28243,28244,28245,28246,28247,28248,28249,28250,28251,28252,28253,28254,28255,28256,28257,28258"
388,28259,28279,"1353,1354",1353,0,0.0,0,0,1,1,345,,,,-0.5160519672499171,-3.6718647530882755,0.8064255765105773,28259,0.32383367399247476,12.095637220935451,0.4931089074966408,0.5,ground_hit_fallback,250.0,532.0,14.0,18.0,163.0,663.0,16.0,22.0,28253,"28259,28264,28265,28266,28267,28268,28269,28270,28271,28272,28273,28274,28275,28276,28277,28278,28279"
389,28297,28311,"1356,1355,1357",1356,0,0.0,0,0,1,1,346,,,,0.08672605643650999,-0.968785645094806,0.9575443406108416,,,,,0.0,,,,,,,,,,,"28297,28298,28299,28300,28301,28302,28303,28304,28305,28306,28307,28310,28311"
390,28552,28583,"1358,1359",1359,1,0.9333333333333333,0,0,1,1,347,,,28566,,,0.0,28578,4.812109146911489,12.16592738646143,0.01621591059954497,0.7340634854249904,valley,1029.0,675.0,16.0,30.0,998.0,592.0,16.0,22.0,28572,"28552,28553,28554,28555,28556,28557,28558,28559,28560,28561,28562,28563,28564,28565,28566,28567,28568,28569,28570,28572,28573,28574,28575,28576,28577,28578,28579,28580,28581,28582,28583"
391,28587,28623,"1359,1360,1361,1362,1364",1362,1,0.9411764705882353,0,0,1,1,348,,,28608,,,0.0,28620,1.9975180638137269,2.0223784988186573,-0.1021435113352478,0.7473311463383951,valley,708.0,206.0,25.0,30.0,517.0,213.0,19.0,30.0,28614,"28587,28588,28589,28590,28591,28592,28594,28595,28597,28598,28599,28600,28601,28602,28603,28604,28605,28606,28607,28608,28609,28610,28611,28612,28613,28614,28615,28616,28617,28618,28619,28620,28621,28622,28623"
392,28632,28653,1368,1368,1,0.9090909090909091,0,0,1,1,349,,,28642,,,0.0,28653,3.2020978112912184,11.911015732848009,0.015777712850647774,0.5,ground_hit_fallback,728.0,615.0,19.0,22.0,725.0,611.0,16.0,22.0,28647,"28632,28633,28634,28635,28636,28637,28638,28639,28640,28641,28642,28643,28644,28645,28646,28647,28648,28649,28650,28651,28652,28653"
393,28654,28687,"1368,1369",1368,1,0.1875,1,0,1,1,350,,,28682,,,0.0,,,,,0.0,,,,,,,,,,,"28654,28655,28656,28657,28658,28659,28660,28661,28662,28663,28664,28665,28666,28667,28668,28669,28670,28671,28672,28673,28674,28675,28676,28677,28678,28679,28680,28681,28682,28683,28684,28685,28687"
394,28773,28799,"1370,1372",1370,1,0.6923076923076923,0,0,1,1,351,,,28782,3.9358898533183364,2.864782447015564,0.9580581821194856,,,,,0.0,,,,,,,,,,,"28773,28774,28775,28776,28777,28778,28779,28780,28781,28782,28783,28784,28785,28786,28787,28788,28789,28791,28792,28793,28794,28795,28796,28797,28798,28799"
395,28969,28995,"1378,1379",1379,1,0.46153846153846156,0,0,1,1,352,,,28975,,,0.0,28987,3.0723751232289587,11.905150865508228,0.13472193312533776,0.6133280459558276,valley,,,,,,,,,28981,"28969,28970,28971,28972,28973,28974,28975,28976,28977,28978,28979,28980,28981,28982,28983,28984,28985,28986,28987,28988,28989,28990,28991,28992,28993,28994,28995"
396,28996,29013,1379,1379,0,0.0,0,0,1,1,353,,,,5.543416396436991,0.07013927966787037,0.8100520162510173,,,,,0.0,,,,,,,,,,,"28996,29000,29001,29002,29003,29004,29005,29007,29008,29009,29010,29011,29012,29013"
397,29037,29055,1380,1380,0,0.0,0,0,1,1,354,,,,,,0.0,29053,5.590305273639844,2.0134816729010367,0.30015314913886115,0.6468575786955665,valley,936.0,176.0,28.0,37.0,734.0,161.0,22.0,37.0,29047,"29037,29038,29039,29040,29041,29042,29043,29044,29045,29046,29047,29048,29049,29050,29051,29052,29053,29054,29055"
398,29079,29104,"1387,1389",1387,1,0.9333333333333333,0,0,1,1,355,,,29090,0.4067397822312593,12.871776795513643,0.9590145882583035,,,,,0.0,,,,,,,,,,,"29079,29080,29081,29082,29083,29084,29085,29086,29087,29083,29084,29085,29086,29087,29088,29089,29090,29091,29092,29093,29094,29095,29096,29097,29098,29100,29101,29102,29103,29104"
399,29105,29148,"1389,1388,1394",1389,1,0.85,0,0,1,1,356,,,29132,,,0.0,29147,4.431110719441119,3.5006975054936618,0.12779597276631094,0.5,ground_hit_fallback,866.0,217.0,22.0,30.0,680.0,210.0,25.0,26.0,29141,"29105,29106,29110,29111,29112,29113,29114,29115,29116,29117,29118,29119,29120,29121,29122,29123,29124,29125,29126,29127,29128,29129,29130,29131,29132,29133,29134,29135,29136,29137,29138,29139,29140,29141,29142,29143,29144,29145,29146,29147,29148"
400,29149,29223,"1390,1394,1392,1393,1395,1396,1401,1398,1399,1400",1401,1,0.4878048780487805,0,0,1,1,357,,,29170,,,0.0,29195,6.447072761251306,8.64162721171877,-0.011336080828307615,0.6815120630868823,valley,1139.0,393.0,19.0,30.0,975.0,337.0,19.0,26.0,29189,"29149,29150,29151,29153,29154,29155,29156,29157,29158,29159,29160,29161,29162,29163,29164,29165,29166,29167,29168,29169,29170,29171,29172,29173,29174,29175,29176,29177,29178,29179,29180,29181,29182,29183,29174,29175,29176,29177,29178,29179,29180,29181,29182,29183,29184,29185,29186,29187,29188,29189,29190,29191,29192,29193,29194,29195,29196,29197,29198,29199,29200,29201,29202,29203,29204,29205,29206,29207,29208,29209,29210,29211,29212,29213,29214,29216,29217,29218,29219,29221,29222,29223"
401,29490,29511,"1403,1404,1405,1406,1407,1408,1409",1408,1,0.6,0,0,1,1,358,,,29497,,,0.0,29510,0.8948429694059645,0.26804645423466944,-0.1295143351327508,0.5,ground_hit_fallback,663.0,187.0,19.0,22.0,450.0,198.0,22.0,26.0,29504,"29490,29492,29493,29494,29495,29496,29497,29498,29499,29500,29501,29502,29503,29504,29505,29506,29507,29508,29510,29511"
402,29523,29570,"1410,1411",1410,1,0.7916666666666666,0,0,1,1,359,,,29542,,,0.0,29562,4.622236049971425,11.966281801734318,0.01064161049375656,0.6740110589699787,valley,,,,,,,,,29555,"29523,29524,29525,29526,29527,29528,29529,29530,29531,29532,29533,29534,29535,29536,29537,29538,29539,29540,29541,29542,29543,29544,29545,29546,29547,29548,29549,29550,29551,29552,29553,29554,29555,29556,29557,29558,29559,29560,29561,29562,29563,29564,29565,29566,29567,29568,29569,29570"
403,29578,29594,"1412,1413,1414,1415",1413,0,0.0,0,0,1,1,360,,,29594,-0.17697815509876857,2.7158509244513276,0.8898365302676918,,,,,0.0,,,,,,,,,,,"29578,29579,29581,29582,29583,29584,29585,29586,29587,29588,29589,29590,29591,29592,29593,29594"
404,29600,29648,"1416,1417,1419,1418",1419,1,0.7391304347826086,0,0,1,1,361,,,29620,,,0.0,29633,-0.25997146346488087,9.298525179932437,0.0571990986144133,0.6698766023206952,valley,382.0,378.0,22.0,37.0,233.0,461.0,16.0,30.0,29627,"29600,29602,29603,29604,29607,29608,29609,29610,29611,29612,29613,29614,29615,29616,29617,29618,29619,29620,29621,29622,29623,29624,29625,29626,29627,29628,29629,29630,29631,29632,29633,29634,29635,29636,29637,29638,29639,29640,29641,29642,29643,29644,29645,29646,29647,29648"
405,29649,29671,"1420,1421,1422",1421,1,0.2,0,0,1,1,362,,,29661,4.485768996009877,-0.03637881175025015,0.9250385850961889,,,,,0.0,,,,,,,,,,,"29649,29650,29651,29652,29653,29654,29655,29656,29657,29658,29659,29660,29661,29662,29663,29656,29657,29658,29659,29660,29661,29662,29663,29664,29665,29666,29667,29668,29669,29670,29671"
406,29672,29719,"1421,1423",1423,1,0.7083333333333334,0,0,1,1,363,,,29689,,,0.0,29699,3.352055155302166,8.402205299751966,0.14539522755509182,0.7088531982311033,valley,779.0,345.0,16.0,37.0,655.0,345.0,28.0,45.0,29693,"29672,29673,29674,29675,29676,29677,29678,29679,29680,29681,29682,29683,29684,29685,29686,29687,29688,29689,29690,29691,29692,29693,29694,29695,29696,29697,29698,29699,29700,29701,29702,29703,29704,29705,29706,29707,29708,29709,29710,29711,29712,29713,29714,29715,29716,29717,29718,29719"
407,29782,29794,1425,1425,0,0.0,0,0,1,1,364,,,,0.8226101913143085,13.029114821594662,0.7146103064651848,29788,1.1051025034421658,12.479531767697111,0.06290491855873093,0.7283235158401328,valley,351.0,641.0,16.0,30.0,343.0,738.0,14.0,37.0,29782,"29782,29783,29784,29785,29786,29787,29788,29789,29790,29791,29792,29793,29794"
408,29800,29807,"1426,1428,1427",1428,0,0.0,0,0,1,1,365,,,,1.0957062256021077,13.118001401108602,0.5689272131157048,29807,1.0057392020403793,13.09605004690448,0.09607314015887525,0.5,ground_hit_fallback,272.0,723.0,16.0,22.0,289.0,858.0,16.0,22.0,29801,"29800,29801,29802,29803,29804,29805,29806,29807"
409,29933,29940,"1433,1434",1433,0,0.0,0,0,1,1,366,,,,9.927608072873955,3.9850184882692616,0.6936130172139958,,,,,0.0,,,,,,,,,,,"29933,29934,29935,29936,29937,29940"
410,29942,29958,"1436,1437",1436,1,0.375,0,0,1,1,367,,,29945,5.223827438167618,-0.10813046998273812,0.9517663574474364,29958,5.109321831110012,-0.06562938354642256,0.06104221764178064,0.5,ground_hit_fallback,897.0,172.0,16.0,22.0,686.0,161.0,19.0,22.0,29952,"29942,29943,29944,29945,29946,29947,29948,29949,29950,29951,29952,29953,29954,29955,29956,29957,29958"
411,29976,30002,1442,1442,1,0.38461538461538464,0,0,1,1,368,,,29981,,,0.0,29994,3.4687964311999857,9.986629982592873,0.07587754745292052,0.6758010714971994,valley,781.0,446.0,22.0,22.0,705.0,438.0,19.0,26.0,29988,"29976,29977,29978,29979,29980,29981,29982,29983,29984,29985,29986,29987,29988,29989,29990,29991,29992,29993,29994,29995,29996,29997,29998,29999,30000,30001,30002"
412,30003,30027,1442,1442,1,0.25,0,1,1,1,369,,,30023,3.6156198077901402,4.007355941699041,0.9203090578913826,,,,,0.0,,,,,,,,,,,"30003,30004,30005,30006,30007,30008,30009,30010,30011,30012,30013,30014,30015,30016,30017,30018,30019,30020,30021,30022,30023,30024,30025,30026,30027"
413,30031,30047,"1440,1442,1443",1443,1,0.625,0,0,1,1,370,,,30033,4.7577799605210975,13.065199848793263,0.8830456518550394,,,,,0.0,,,,,,,,,,,"30031,30033,30034,30035,30036,30037,30038,30039,30040,30041,30042,30043,30044,30045,30046,30047"
414,30039,30054,"1443,1444",1443,0,0.0,0,0,1,1,371,,,,4.373559897061077,12.27990333532521,0.792308345082617,30048,4.7011208077718,9.218042862054176,0.47693349777520666,0.82021013890283,valley,950.0,382.0,16.0,22.0,824.0,326.0,8.0,11.0,30042,"30039,30040,30041,30042,30043,30044,30045,30046,30047,30048,30053,30054"
415,30055,30084,"1444,1447,1445,1446,1448,1449",1447,1,0.2,0,1,1,1,372,,,30066,1.676497820377815,4.166060699400059,0.7300758624739541,,,,,0.0,,,,,,,,,,,"30055,30056,30057,30058,30059,30060,30061,30062,30063,30064,30065,30066,30067,30068,30069,30070,30071,30072,30073,30074,30075,30076,30077,30078,30079,30080,30081,30082,30083,30084"
416,30085,30096,1449,1449,0,0.0,0,0,1,1,373,,,,3.6838313213861538,11.720920813330572,0.9521239892224024,,,,,0.0,,,,,,,,,,,"30085,30086,30087,30088,30089,30090,30091,30092,30093,30094,30095,30096"
417,30097,30191,"1449,1451,1450,1453,1452",1453,1,0.06,1,0,1,1,374,,,30110,,,0.0,30152,3.874652328123153,7.101785619679426,-0.22255867925688833,0.5667879368204795,valley,826.0,337.0,22.0,30.0,691.0,326.0,19.0,30.0,30146,"30097,30098,30099,30101,30102,30103,30104,30105,30106,30107,30108,30109,30110,30111,30114,30115,30116,30117,30118,30119,30120,30121,30122,30123,30124,30127,30128,30129,30130,30131,30132,30133,30134,30135,30136,30137,30138,30139,30140,30141,30142,30143,30134,30135,30136,30137,30138,30139,30140,30141,30142,30143,30144,30145,30146,30147,30148,30149,30150,30151,30152,30153,30154,30155,30156,30157,30158,30159,30160,30161,30162,30163,30164,30165,30166,30167,30168,30169,30170,30171,30172,30173,30174,30175,30176,30177,30178,30179,30180,30181,30182,30183,30184,30185,30186,30187,30188,30189,30190,30191"
418,30216,30221,1455,1455,0,0.0,0,0,1,1,375,,,,3.777297933548362,13.13345994711862,0.8589236012148544,,,,,0.0,,,,,,,,,,,"30216,30217,30218,30219,30220,30221"
419,30282,30290,"1458,1459",1459,0,0.0,0,0,1,1,376,,,,5.0968794074441846,12.010482894098175,0.8874745787015763,,,,,0.0,,,,,,,,,,,"30282,30283,30284,30285,30286,30287,30288,30289,30290"
420,30296,30302,"1460,1461",1461,0,0.0,0,0,1,1,377,,,,5.292991103032875,12.691006659475095,0.9228324098899479,,,,,0.0,,,,,,,,,,,"30296,30298,30299,30300,30301,30302"
421,30363,30396,"1467,1468,1469,1470,1471,1472,1473",1469,1,0.7333333333333333,0,0,1,1,378,,,30377,,,0.0,30391,0.8072497874584093,0.7404614846963078,-0.17812936220848963,0.7448717324552467,valley,646.0,195.0,33.0,26.0,447.0,210.0,19.0,26.0,30385,"30363,30364,30365,30368,30370,30371,30372,30373,30374,30375,30376,30377,30378,30379,30380,30381,30382,30383,30384,30385,30386,30387,30388,30389,30390,30391,30392,30393,30394,30395,30396"
422,30408,30446,"1477,1476,1478,1481",1481,1,0.7777777777777778,0,0,1,1,379,,,30425,,,0.0,30438,4.254390931632941,10.363849678471723,0.13197119490664733,0.6857594467576495,valley,894.0,472.0,19.0,22.0,815.0,442.0,16.0,22.0,30432,"30408,30409,30410,30411,30412,30413,30414,30415,30416,30417,30418,30419,30420,30421,30425,30426,30427,30428,30429,30430,30431,30432,30433,30434,30435,30436,30437,30438,30439,30440,30441,30442,30443,30444,30445,30446"
423,30454,30470,"1483,1484",1484,1,0.5,1,1,1,1,380,,,30464,,,0.0,30468,2.2479769209062,6.616760964664087,0.2180455665550456,0.12329213516963536,valley,689.0,281.0,16.0,26.0,537.0,296.0,19.0,22.0,30462,"30454,30455,30456,30457,30458,30459,30460,30461,30462,30463,30464,30465,30466,30467,30468,30469,30470"
424,30532,30565,"1487,1486,1488",1487,1,0.17647058823529413,0,0,1,1,381,,,30535,2.279497179985632,0.27245106364917326,0.9598314539338568,,,,,0.0,,,,,,,,,,,"30532,30533,30534,30535,30536,30537,30538,30539,30540,30541,30542,30543,30544,30545,30546,30547,30548,30549,30550,30551,30552,30553,30554,30555,30556,30557,30558,30559,30560,30561,30562,30563,30564,30565"
425,30715,30743,"1491,1490,1492,1493",1491,1,0.5,0,0,1,1,382,,,30722,,,0.0,30733,4.643125292345118,10.293895241206236,0.06963092616953048,0.6938510586379241,valley,942.0,472.0,30.0,30.0,860.0,438.0,19.0,26.0,30726,"30715,30716,30717,30718,30719,30720,30721,30722,30723,30724,30725,30726,30727,30728,30729,30730,30731,30732,30733,30734,30735,30736,30737,30738,30739,30740,30741,30742,30743"
426,30744,30775,"1491,1494",1494,1,1.0,0,0,1,1,383,,,30761,1.1866808988028552,0.2835130951388347,0.9250188159017115,,,,,0.0,,,,,,,,,,,"30744,30745,30747,30748,30749,30751,30752,30754,30755,30756,30757,30758,30759,30760,30761,30762,30763,30764,30765,30766,30767,30768,30769,30770,30771,30772,30773,30774,30775"
427,30792,30830,"1497,1495,1496,1498,1499,1500",1498,1,0.7083333333333334,0,0,1,1,384,,,30808,,,0.0,30830,7.024471046236108,11.378448789009731,0.14515726687735508,0.5,ground_hit_fallback,1417.0,585.0,19.0,30.0,1234.0,457.0,25.0,33.0,30824,"30792,30793,30794,30795,30796,30797,30798,30799,30800,30801,30802,30803,30804,30805,30806,30807,30808,30809,30810,30811,30812,30813,30814,30815,30807,30808,30809,30810,30811,30812,30813,30814,30815,30816,30817,30818,30819,30820,30821,30822,30823,30824,30825,30826,30827,30828,30829,30830"
428,30870,30903,"1502,1503,1504,1505,1506",1504,1,0.6470588235294118,0,0,1,1,385,,,30881,3.2673375673062965,-0.30696916256566453,0.9468568289473742,30903,3.6820873261241562,-0.9052050914480816,0.4191094866275389,0.5,ground_hit_fallback,812.0,131.0,30.0,45.0,599.0,131.0,22.0,37.0,30897,"30870,30871,30872,30873,30874,30875,30876,30877,30878,30879,30880,30881,30882,30883,30884,30885,30886,30887,30888,30889,30890,30891,30892,30893,30894,30895,30896,30897,30898,30899,30900,30901,30902,30903"
429,31064,31073,"1508,1509",1509,0,0.0,0,0,0,0,,,low_displacement,,3.5097544869320902,13.935834274424051,0.8812596279726993,,,,,0.0,,,,,,,,,,,"31064,31065,31069,31070,31071,31072,31073"
430,31078,31122,"1512,1515,1520,1516,1517,1518",1520,0,0.0,1,0,1,1,386,,,31096,,,0.0,31117,2.9290260547427294,5.5590765616511675,0.05871037321035466,0.3460685436707956,valley,753.0,266.0,16.0,26.0,593.0,273.0,16.0,26.0,31110,"31078,31079,31081,31082,31083,31084,31085,31086,31087,31088,31089,31090,31091,31092,31093,31094,31095,31096,31097,31098,31099,31100,31101,31102,31103,31104,31105,31106,31107,31108,31109,31110,31111,31112,31113,31114,31115,31116,31117,31118,31119,31120,31121,31122"
431,31128,31151,"1520,1522,1521",1522,0,0.0,0,0,1,1,387,,,,,,0.0,31134,2.8325764608910737,4.616726382295639,-0.13510502474824904,0.48930919580875565,valley,750.0,258.0,16.0,22.0,585.0,266.0,11.0,22.0,31128,"31128,31129,31130,31131,31132,31133,31134,31135,31136,31137,31138,31139,31140,31141,31142,31143,31144,31145,31146,31147,31148,31150,31151"
432,31160,31194,"1524,1523,1525",1524,1,0.45,0,0,1,1,388,,,31169,4.950600204769037,10.430165056967171,0.9660286141861856,31193,4.766779871132684,9.78806866611255,0.6655655207766387,0.7216862809810491,valley,,,,,,,,,31187,"31160,31161,31162,31163,31164,31165,31166,31167,31168,31169,31170,31171,31172,31173,31174,31175,31176,31177,31178,31179,31180,31181,31182,31183,31184,31185,31186,31187,31188,31189,31190,31191,31192,31193,31194,31190,31191,31192,31193,31194"
433,31233,31244,1526,1526,0,0.0,0,0,1,1,389,,,,,,0.0,31243,5.765000519910259,13.534564892278077,0.007374453550333726,0.5,ground_hit_fallback,1369.0,967.0,16.0,22.0,1316.0,738.0,25.0,37.0,31237,"31233,31234,31235,31238,31239,31240,31241,31242,31243,31244"
434,31329,31347,"1531,1532,1534,1533",1534,1,0.5555555555555556,0,0,1,1,390,,,31334,0.36213050086385934,1.2307671416243968,0.949069881465016,31346,0.4612064611716139,1.019648479534717,0.004737163239487918,0.5,ground_hit_fallback,632.0,187.0,16.0,26.0,421.0,206.0,19.0,26.0,31340,"31329,31330,31331,31332,31333,31334,31335,31336,31337,31338,31339,31340,31341,31342,31343,31344,31345,31346,31347"
435,31361,31399,"1537,1536,1539,1540,1541",1541,1,1.0,0,0,1,1,391,,,31382,,,0.0,31396,-0.6799714957793732,10.820901235633361,0.11014254707660243,0.656490584195795,valley,244.0,461.0,19.0,26.0,95.0,592.0,16.0,22.0,31390,"31361,31362,31363,31364,31365,31366,31367,31368,31371,31372,31373,31374,31375,31376,31377,31378,31379,31380,31381,31382,31383,31384,31385,31386,31387,31388,31389,31390,31391,31392,31393,31394,31395,31396,31397,31398,31399"
436,31556,31606,"1549,1552,1553",1552,1,0.76,0,0,1,1,392,,,31588,,,0.0,31603,5.361343461399812,1.522551785378596,0.16181222349839786,0.6870600409010674,valley,922.0,187.0,19.0,22.0,714.0,172.0,22.0,22.0,31596,"31556,31557,31558,31559,31560,31561,31562,31563,31564,31565,31566,31568,31569,31570,31571,31572,31573,31574,31575,31576,31577,31578,31579,31580,31581,31582,31583,31584,31585,31586,31587,31588,31589,31590,31591,31592,31593,31594,31595,31596,31597,31598,31599,31600,31601,31602,31603,31604,31605,31606"
437,31609,31615,1555,1555,0,0.0,0,0,0,0,,,low_displacement,,3.4480980105395265,13.499216844639676,0.8882442957962977,,,,,0.0,,,,,,,,,,,"31609,31610,31611,31612,31613,31614,31615"
438,31617,31661,"1556,1558",1556,1,0.4090909090909091,0,0,1,1,393,,,31626,,,0.0,31646,2.028913227944657,11.554329808343095,0.18256563496361156,0.6926176763493176,valley,545.0,547.0,30.0,26.0,520.0,577.0,19.0,26.0,31640,"31617,31618,31619,31620,31621,31622,31623,31624,31625,31626,31627,31628,31629,31630,31631,31632,31633,31634,31635,31636,31637,31638,31639,31640,31641,31642,31643,31644,31645,31646,31647,31648,31649,31650,31651,31652,31653,31654,31655,31656,31657,31658,31659,31660,31661"
439,31662,31679,"1556,1560,1561,1565,1564",1565,1,0.8571428571428571,0,0,1,1,394,,,31674,6.789518961478876,-1.5552822080548871,0.8377796773266337,,,,,0.0,,,,,,,,,,,"31662,31664,31665,31666,31668,31670,31671,31672,31673,31674,31675,31676,31677,31678,31679"
440,31671,31678,"1565,1564",1564,1,0.75,0,0,1,1,395,,,31674,6.4775014791015035,0.48392544013709493,0.8822666786895145,,,,,0.0,,,,,,,,,,,"31671,31672,31673,31674,31675,31676,31677,31678"
441,31679,31689,"1565,1564",1565,1,1.0,0,0,1,1,396,,,31685,5.712982217745466,12.767232152775968,0.8542416318559449,,,,,0.0,,,,,,,,,,,"31679,31680,31681,31682,31683,31684,31685,31686,31687,31688,31689"
442,31704,31709,1566,1566,0,0.0,0,0,1,1,397,,,,5.765034085210411,12.772830016597513,0.9113241399258616,,,,,0.0,,,,,,,,,,,"31704,31705,31706,31707,31708,31709"
443,31715,31728,"1567,1568,1569,1570",1567,0,0.0,0,0,1,1,398,,,,-0.7799625138547799,-3.553507989424552,0.9356135466302337,,,,,0.0,,,,,,,,,,,"31715,31716,31717,31718,31719,31720,31721,31722,31723,31724,31725,31726,31727,31728"
444,31849,31911,"1576,1577,1579,1578",1579,1,0.3548387096774194,0,0,1,1,399,,,31860,,,0.0,31878,3.47307916986487,9.943311621657436,-0.018340620950592523,0.7357729364566753,valley,781.0,450.0,22.0,30.0,703.0,438.0,25.0,37.0,31872,"31849,31850,31851,31852,31853,31854,31855,31856,31857,31858,31859,31860,31861,31862,31863,31864,31865,31866,31867,31868,31869,31870,31871,31872,31873,31874,31875,31876,31877,31878,31879,31880,31881,31882,31883,31884,31885,31886,31887,31888,31889,31890,31891,31892,31893,31894,31895,31896,31897,31898,31899,31900,31901,31902,31903,31904,31905,31906,31907,31908,31909,31910,31911"
445,32029,32036,"1583,1584,1585",1585,0,0.0,0,0,1,1,400,,,,-16.960297610925444,30.45366206399083,0.3406459959132905,,,,,0.0,,,,,,,,,,,"32029,32030,32032,32034,32035,32036"
446,32038,32053,"1586,1587,1588,1589,1590",1587,0,0.0,0,0,1,1,401,,,32039,,,0.0,32052,0.33647266486966804,0.7132327704639518,-0.026997761184421543,0.5,ground_hit_fallback,627.0,187.0,22.0,26.0,416.0,202.0,19.0,26.0,32046,"32038,32039,32040,32041,32042,32043,32044,32045,32046,32047,32048,32049,32050,32051,32052,32053"
447,32062,32072,"1593,1594,1595",1594,0,0.0,0,0,1,1,402,,,,4.1031567688876,11.697241152650044,0.8200581368672125,,,,,0.0,,,,,,,,,,,"32062,32063,32064,32065,32066,32067,32068,32069,32070,32071,32072"
448,32098,32130,1597,1597,0,0.0,0,0,1,1,403,,,,,,0.0,32114,4.206612193439167,13.162994786480281,-0.009583512082656398,0.7376486845703205,valley,928.0,828.0,22.0,45.0,975.0,735.0,28.0,45.0,32107,"32098,32099,32100,32101,32102,32103,32104,32105,32108,32109,32110,32111,32112,32113,32114,32115,32116,32117,32118,32119,32120,32121,32122,32123,32124,32125,32126,32127,32128,32129,32130"
449,32131,32143,"1597,1598",1598,0,0.0,0,0,1,1,404,,,,0.5264205420874597,2.160752949302971,0.8920794541343342,,,,,0.0,,,,,,,,,,,"32131,32134,32135,32136,32137,32138,32140,32141,32142,32143"
450,32152,32223,"1600,1602",1602,1,0.05263157894736842,1,0,1,1,405,,,32165,,,0.0,32192,1.6191769601868968,6.124837074203775,0.03122937159800676,0.3752189760526462,valley,644.0,281.0,16.0,26.0,483.0,303.0,19.0,26.0,32186,"32152,32153,32154,32155,32156,32157,32158,32159,32152,32153,32154,32155,32156,32157,32158,32159,32160,32161,32162,32163,32164,32165,32166,32167,32168,32169,32170,32171,32172,32173,32174,32175,32176,32177,32178,32179,32180,32181,32182,32183,32184,32185,32186,32187,32188,32189,32190,32191,32192,32193,32194,32195,32196,32197,32198,32199,32200,32201,32202,32203,32204,32205,32206,32207,32208,32209,32210,32211,32216,32217,32218,32219,32220,32221,32222,32223"
451,32256,32325,1603,1603,1,0.22857142857142856,0,0,1,1,406,,,32264,,,0.0,32288,1.1242820461557432,10.468008987215889,0.03689968192129722,0.7224308380825366,valley,478.0,461.0,22.0,33.0,393.0,517.0,19.0,30.0,32282,"32256,32257,32258,32259,32260,32261,32262,32263,32264,32265,32266,32267,32268,32269,32270,32271,32272,32273,32274,32275,32276,32277,32278,32279,32280,32281,32282,32283,32284,32285,32286,32287,32288,32289,32290,32291,32292,32293,32294,32295,32296,32297,32298,32299,32300,32301,32302,32303,32304,32305,32306,32307,32308,32309,32310,32311,32312,32313,32314,32315,32316,32317,32318,32319,32320,32321,32322,32323,32324,32325"
452,32334,32341,1604,1604,0,0.0,0,0,0,0,,,low_displacement,,0.4753089673635133,12.895356992278199,0.9141076678687564,,,,,0.0,,,,,,,,,,,"32334,32335,32336,32337,32338,32339,32340,32341"
453,32352,32358,1605,1605,0,0.0,0,0,0,0,,,low_displacement,,0.29304720737415835,12.763611303504582,0.9036183341676322,,,,,0.0,,,,,,,,,,,"32352,32353,32354,32355,32356,32357,32358"
454,32464,32495,"1607,1609,1610,1611,1612,1613,1614",1613,1,0.9166666666666666,0,0,1,1,407,,,32482,4.399221585712707,-1.3345066713680396,0.904205880104942,32494,4.052861640058596,-0.16849044524673218,0.24169624961782255,0.5,ground_hit_fallback,838.0,161.0,16.0,22.0,627.0,153.0,19.0,22.0,32488,"32464,32469,32470,32471,32472,32473,32477,32478,32479,32480,32481,32482,32483,32484,32485,32486,32487,32488,32489,32490,32491,32492,32493,32494,32495"
455,32512,32544,"1616,1619",1616,1,0.625,0,0,1,1,408,,,32522,,,0.0,32532,2.88022077588498,9.467692462532401,-0.06353726711416563,0.6673173583266788,valley,714.0,423.0,22.0,26.0,627.0,431.0,16.0,30.0,32526,"32512,32513,32514,32515,32516,32517,32518,32519,32520,32521,32522,32523,32524,32525,32526,32527,32528,32529,32530,32531,32532,32533,32534,32535,32536,32537,32538,32539,32540,32541,32542,32543,32544"
456,32545,32583,1619,1619,1,0.15789473684210525,1,0,1,1,409,,,32560,,,0.0,32579,4.808720644311602,5.908768283227161,-0.007733183301009916,0.6501618378325797,valley,911.0,285.0,19.0,26.0,748.0,270.0,19.0,26.0,32573,"32545,32546,32547,32548,32549,32550,32551,32552,32553,32554,32555,32556,32557,32558,32559,32560,32561,32562,32563,32564,32565,32566,32567,32568,32569,32570,32571,32572,32573,32574,32575,32576,32577,32578,32579,32580,32581,32582,32583"
457,32597,32627,"1622,1620",1622,1,0.4,0,0,1,1,410,,,32602,,,0.0,32627,5.420215450021521,8.259572806784263,-0.04801143778269079,0.5,ground_hit_fallback,1004.0,382.0,19.0,26.0,863.0,341.0,11.0,11.0,32621,"32597,32598,32599,32600,32601,32602,32603,32604,32605,32606,32607,32608,32609,32610,32611,32612,32613,32614,32615,32616,32617,32619,32620,32621,32622,32623,32624,32625,32626,32627"
458,32640,32647,1623,1623,0,0.0,0,0,0,0,,,low_displacement,,5.40406431310624,9.598660230930312,0.9648312482265825,,,,,0.0,,,,,,,,,,,"32640,32641,32642,32643,32644,32645,32646,32647"
459,32664,32671,1624,1624,0,0.0,0,0,0,0,,,low_displacement;low_peak_z,,5.589898135759487,10.091213113025558,0.9518091686618307,,,,,0.0,,,,,,,,,,,"32664,32665,32666,32667,32668,32669,32670,32671"
460,32685,32711,"1625,1626,1628,1627",1625,1,0.5384615384615384,0,0,1,1,411,,,32692,0.5623221145002466,-1.23706084000389,0.9399369219088038,,,,,0.0,,,,,,,,,,,"32685,32686,32687,32688,32689,32690,32691,32692,32693,32694,32695,32696,32697,32698,32699,32700,32701,32702,32703,32704,32705,32706,32707,32708,32709,32710,32711"
461,32864,32903,"1630,1629,1631,1633,1632,1634,1635,1636",1633,1,0.75,0,0,1,1,412,,,32879,,,0.0,32894,5.468530813153745,10.900320935982762,-0.11576975119623967,0.8497741907500298,valley,1085.0,558.0,22.0,30.0,992.0,480.0,16.0,26.0,32887,"32864,32865,32866,32867,32868,32869,32870,32871,32872,32873,32874,32875,32876,32877,32878,32879,32880,32881,32882,32883,32884,32885,32886,32887,32888,32889,32890,32891,32892,32893,32894,32895,32896,32897,32898,32899,32900,32901,32902,32903"
462,32912,32943,"1637,1639,1640,1642,1641,1643",1640,1,0.8,0,0,1,1,413,,,32925,,,0.0,32934,2.4821795420264174,2.855492374169412,0.08378702794959558,0.6393257881716483,valley,736.0,206.0,16.0,30.0,545.0,213.0,25.0,30.0,32928,"32912,32913,32915,32916,32917,32918,32919,32920,32921,32922,32923,32924,32925,32926,32927,32928,32929,32930,32931,32932,32933,32934,32935,32936,32937,32938,32939,32940,32941,32942,32943"
463,32952,32985,"1644,1646,1645,1648,1647,1649",1648,1,0.8666666666666667,0,0,1,1,414,,,32967,,,0.0,,,,,0.0,,,,,,,,,,,"32952,32953,32954,32955,32956,32957,32958,32959,32960,32961,32962,32963,32964,32965,32966,32967,32968,32969,32970,32971,32973,32974,32975,32976,32977,32978,32979,32980,32984,32985"
464,33000,33029,"1651,1652,1654,1653",1654,1,0.85,0,0,1,1,415,,,33017,3.919154043407312,10.47672873389585,0.9244934139820605,,,,,0.0,,,,,,,,,,,"33000,33001,33002,33003,33004,33005,33006,33007,33008,33009,33010,33011,33012,33013,33014,33015,33016,33017,33018,33019,33020,33021,33022,33023,33014,33015,33016,33017,33018,33019,33020,33021,33022,33023,33024,33025,33026,33027,33028,33029"
465,33031,33051,"1656,1657,1658,1659,1660",1656,0,0.0,0,0,1,1,416,,,33032,,,0.0,33040,1.416955640908837,1.374323902089305,-0.08945474952848897,0.7500645826690246,valley,683.0,198.0,16.0,26.0,478.0,206.0,22.0,30.0,33033,"33031,33032,33033,33034,33035,33036,33037,33038,33039,33040,33041,33042,33043,33048,33049,33050,33051"
466,33182,33199,"1661,1662,1663,1664,1665,1666",1662,0,0.0,0,0,1,1,417,,,,5.0492857209256785,-0.39753175044987454,0.9386296997125996,,,,,0.0,,,,,,,,,,,"33182,33183,33184,33185,33186,33187,33188,33189,33190,33193,33195,33196,33197,33198,33199"
467,33280,33315,"1669,1670,1671",1670,1,0.875,0,0,1,1,418,,,33297,,,0.0,33312,0.7978829813608055,12.513678025455079,-0.01958881535304613,0.6886357721164651,valley,303.0,652.0,16.0,22.0,278.0,772.0,22.0,30.0,33306,"33280,33281,33282,33283,33284,33288,33289,33290,33291,33292,33293,33294,33295,33296,33297,33298,33299,33300,33301,33303,33304,33305,33306,33307,33308,33309,33310,33311,33312,33313,33314,33315"
468,33316,33343,"1671,1673",1673,1,0.4166666666666667,0,0,1,1,419,,,33339,4.338349589854279,0.7247008777343336,0.8852662619243191,,,,,0.0,,,,,,,,,,,"33316,33317,33321,33322,33323,33324,33325,33326,33327,33328,33329,33330,33331,33332,33333,33334,33335,33336,33337,33338,33339,33340,33341,33342,33343"
469,33345,33360,"1678,1677",1678,0,0.0,0,0,1,1,420,,,,,,0.0,33354,4.4649715430761585,9.89761955380628,0.23801551556706357,0.7575398413320056,valley,919.0,427.0,16.0,22.0,826.0,401.0,14.0,26.0,33347,"33345,33346,33347,33348,33349,33350,33351,33352,33353,33354,33355,33356,33357,33358,33359,33360"
470,33368,33440,"1684,1686",1686,0,0.0,0,0,1,1,421,,,,,,0.0,33411,2.747738304146053,9.90801067284765,-0.0181421145247036,0.6242467438691742,valley,694.0,446.0,16.0,26.0,615.0,457.0,19.0,26.0,33405,"33368,33369,33370,33371,33372,33375,33376,33377,33378,33379,33380,33381,33382,33383,33384,33385,33386,33387,33388,33389,33390,33391,33392,33393,33394,33395,33396,33397,33398,33399,33400,33401,33402,33403,33404,33405,33406,33407,33398,33399,33400,33401,33402,33403,33404,33405,33406,33407,33408,33409,33410,33411,33412,33413,33414,33415,33416,33417,33418,33419,33420,33421,33422,33423,33424,33425,33426,33427,33428,33429,33430,33431,33432,33433,33434,33435,33436,33437,33438,33439,33440"
471,33455,33468,"1688,1689,1690",1689,0,0.0,0,0,1,1,422,,,,10.66774866217791,11.997280136108621,0.7688982800346533,33455,1.537668688743401,10.076406264838415,0.025709113300266928,0.5,ground_hit_fallback,548.0,442.0,14.0,22.0,458.0,491.0,19.0,18.0,33448,"33455,33456,33457,33458,33459,33460,33461,33462,33463,33464,33465,33467,33468"
472,33645,33676,"1693,1694,1695",1695,1,0.7142857142857143,0,0,1,1,423,,,33658,,,0.0,33670,0.4462869006721658,1.9043325142560512,-0.0011698451796525733,0.679583276177576,valley,621.0,198.0,19.0,26.0,416.0,221.0,19.0,22.0,33663,"33645,33646,33648,33649,33652,33653,33654,33655,33656,33657,33658,33659,33660,33661,33662,33663,33664,33665,33666,33667,33668,33669,33670,33671,33672,33673,33674,33675,33676"
473,33689,33739,"1698,1699",1699,1,0.64,0,0,1,1,424,,,33705,,,0.0,33725,3.2559921411561406,11.01772049917091,-0.014037740769181184,0.7231392350631447,valley,745.0,525.0,22.0,30.0,705.0,525.0,19.0,30.0,33718,"33689,33690,33691,33692,33693,33694,33695,33696,33697,33698,33699,33700,33701,33702,33703,33704,33705,33706,33707,33708,33709,33710,33711,33712,33713,33714,33715,33716,33717,33718,33719,33720,33721,33722,33723,33724,33725,33726,33727,33728,33729,33730,33731,33732,33733,33734,33735,33736,33737,33738,33739"
474,33740,33759,1699,1699,1,1.0,0,0,1,1,425,,,33751,1.7150573688123592,-1.3383463008379,0.9100421838456665,,,,,0.0,,,,,,,,,,,"33740,33741,33742,33743,33744,33745,33747,33748,33749,33750,33751,33752,33753,33754,33755,33756,33757,33758,33759"
475,33934,33984,"1701,1703,1704",1703,1,0.64,0,0,1,1,426,,,33950,,,0.0,33967,0.7952147732654282,11.015720973653552,0.18675181734058377,0.7412314657035755,valley,405.0,480.0,25.0,33.0,323.0,558.0,16.0,22.0,,"33934,33935,33936,33937,33938,33939,33940,33941,33942,33943,33944,33945,33946,33947,33948,33949,33950,33951,33952,33953,33954,33955,33956,33957,33958,33959,33960,33961,33962,33963,33964,33965,33966,33967,33968,33969,33970,33971,33972,33973,33974,33975,33976,33977,33978,33979,33980,33981,33982,33983,33984"
476,34125,34161,"1705,1707",1705,1,0.8823529411764706,0,0,1,1,427,,,34140,,,0.0,34151,6.199734194173928,1.2699745088024343,0.09548803502139691,0.6524175051058663,valley,973.0,187.0,19.0,22.0,762.0,168.0,19.0,22.0,34144,"34125,34126,34127,34128,34129,34130,34131,34132,34133,34134,34135,34136,34137,34138,34139,34140,34141,34142,34143,34144,34145,34146,34147,34148,34149,34150,34151,34152,34153,34154,34155,34156,34157,34161"
477,34240,34259,"1716,1713,1714,1715",1716,0,0.0,0,0,1,1,428,,,,1.8778122262753498,0.6922634120362818,0.927663445034299,,,,,0.0,,,,,,,,,,,"34240,34241,34242,34243,34244,34245,34246,34247,34248,34249,34250,34251,34252,34253,34254,34255,34256,34257,34258,34259"
478,34361,34398,"1719,1720",1719,1,0.5263157894736842,0,0,1,1,429,,,34371,,,0.0,34383,4.223778232387498,10.640022134137375,0.19827958960893355,0.6703288682981483,valley,894.0,483.0,19.0,26.0,821.0,450.0,22.0,30.0,34376,"34361,34362,34363,34364,34365,34366,34367,34368,34369,34370,34371,34372,34373,34374,34375,34376,34377,34378,34379,34380,34381,34382,34383,34384,34385,34386,34387,34388,34389,34390,34391,34392,34393,34394,34395,34396,34397,34398"
479,34399,34447,"1720,1721,1725,1723,1724,1726,1727",1725,1,0.9583333333333334,0,0,1,1,430,,,34423,,,0.0,34438,1.9780745341587034,1.832587313910345,-0.005641140487811391,0.6817525778807038,valley,708.0,195.0,22.0,30.0,514.0,206.0,19.0,30.0,34432,"34399,34400,34401,34402,34403,34404,34405,34406,34408,34409,34410,34411,34412,34413,34414,34415,34416,34417,34418,34419,34420,34421,34422,34423,34424,34425,34426,34427,34428,34429,34430,34431,34432,34433,34434,34435,34436,34437,34438,34439,34440,34441,34442,34443,34444,34445,34446,34447"
480,34456,34482,"1729,1730",1730,1,0.7647058823529411,0,0,1,1,431,,,34469,3.5794272507928087,9.268097978712795,0.8040145699759061,,,,,0.0,,,,,,,,,,,"34456,34457,34458,34459,34460,34461,34462,34463,34456,34457,34458,34459,34460,34461,34462,34463,34464,34465,34466,34467,34468,34469,34470,34471,34472,34473,34474,34475,34476,34477,34478,34479,34480,34481,34482"
481,34483,34495,"1730,1731",1730,0,0.0,0,0,1,1,432,,,,1.4482665920537108,3.403181315638494,0.9581543442400964,34495,1.543972705111853,3.6763222320715148,0.18059421781588103,0.5,ground_hit_fallback,666.0,217.0,22.0,26.0,478.0,232.0,22.0,26.0,34488,"34483,34484,34485,34486,34487,34488,34489,34490,34491,34492,34493,34494,34495"
482,34553,34599,1734,1734,1,0.8076923076923077,1,0,1,1,433,,,34560,,,0.0,34582,2.1575092928187543,5.983257061902465,-0.2080324415689052,0.43687311931791467,valley,689.0,300.0,16.0,22.0,534.0,311.0,19.0,22.0,34575,"34553,34554,34555,34556,34557,34558,34559,34553,34554,34555,34556,34557,34558,34559,34560,34561,34562,34563,34564,34567,34568,34569,34570,34571,34572,34573,34574,34575,34576,34577,34578,34579,34580,34581,34582,34583,34584,34585,34586,34587,34588,34589,34590,34591,34592,34593,34594,34595,34596,34597,34598,34599"
483,34616,34631,"1736,1735,1737",1736,0,0.0,0,0,1,1,434,,,,1.986973510718079,5.6085220207745525,0.9230731789245314,34629,2.19430893110514,5.214821116367247,0.7994500343292481,0.43137619206591493,valley,703.0,206.0,14.0,15.0,523.0,206.0,14.0,22.0,34622,"34616,34617,34618,34619,34620,34621,34622,34623,34624,34625,34626,34627,34628,34629,34630,34631"
484,34640,34663,"1739,1744,1738,1742,1743,1745",1744,0,0.0,0,0,1,1,435,,,,4.658431953522147,0.33721939869289397,0.9410182008948128,,,,,0.0,,,,,,,,,,,"34640,34641,34642,34643,34644,34645,34646,34647,34648,34649,34650,34651,34652,34653,34654,34655,34646,34648,34649,34650,34651,34652,34653,34654,34655,34656,34657,34658,34659,34660,34661,34662,34663"
485,34744,34746,1747,1747,0,0.0,0,0,1,1,436,,,,1.4282911915109024,19.689238782502557,0.8597183854897159,,,,,0.0,,,,,,,,,,,"34744,34745,34746,34744,34745,34746"
486,34792,34830,"1748,1750,1751",1748,1,0.9411764705882353,0,0,1,1,437,,,34813,,,0.0,34827,0.6052276165212298,12.063637209842797,0.11676259395782296,0.6819224982265254,valley,309.0,581.0,16.0,22.0,253.0,697.0,16.0,22.0,,"34792,34793,34794,34795,34796,34799,34801,34802,34803,34804,34805,34806,34807,34808,34809,34810,34811,34812,34813,34814,34815,34816,34817,34818,34820,34821,34822,34823,34824,34825,34826,34827,34828,34829,34830"
487,34831,34871,"1751,1752,1753,1755,1757",1753,1,0.9047619047619048,0,0,1,1,438,,,34853,3.6584779381720143,0.814843632671753,0.9280977565595465,34871,3.6665104854540775,1.053362688306656,0.22655808561806268,0.5,ground_hit_fallback,815.0,176.0,16.0,22.0,613.0,172.0,19.0,22.0,34839,"34831,34832,34837,34838,34839,34840,34841,34842,34843,34844,34845,34846,34847,34842,34843,34844,34845,34846,34847,34848,34849,34850,34851,34852,34853,34854,34855,34856,34857,34858,34859,34860,34861,34862,34863,34864,34865,34866,34867,34868,34869,34870,34871"
488,34876,34888,"1757,1758",1757,0,0.0,0,0,1,1,439,,,,5.608416172501506,16.992504512743604,0.8298014168987327,,,,,0.0,,,,,,,,,,,"34876,34877,34878,34879,34880,34881,34882,34883,34884,34885,34886,34887,34888"
489,34912,34935,"1764,1761",1764,0,0.0,1,0,1,1,440,,,,5.157175409684605,6.957404874406042,0.9531998807936212,34935,5.127121944101313,7.007031143015396,0.2191487038678197,0.5,ground_hit_fallback,956.0,300.0,19.0,22.0,795.0,277.0,22.0,26.0,34903,"34912,34913,34914,34915,34918,34919,34920,34921,34922,34923,34924,34925,34927,34928,34929,34930,34931,34932,34933,34934,34935"
490,34937,34943,1766,1766,0,0.0,0,0,0,0,,,low_displacement,,3.6927635604532516,14.577601470079031,0.909663779339889,,,,,0.0,,,,,,,,,,,"34937,34938,34939,34940,34941,34942,34943,34936,34937,34938,34939,34940,34941,34942,34943"
491,34945,35034,"1770,1767,1768,1769,1771",1770,1,0.14893617021276595,1,0,0,0,,,low_displacement,34949,,,0.0,,,,,0.0,,,,,,,,,,,"34945,34946,34947,34948,34949,34950,34951,34952,34953,34954,34955,34956,34957,34958,34959,34960,34961,34962,34963,34964,34965,34966,34967,34968,34969,34970,34971,34972,34973,34974,34975,34976,34977,34978,34979,34980,34981,34982,34983,34984,34985,34986,34987,34988,34989,34990,34991,34992,34993,34994,34995,34996,34997,34998,34999,35000,35001,35002,35003,35004,35005,35006,35007,35008,35009,35010,35011,35012,35013,35014,35015,35016,35017,35018,35019,35020,35021,35022,35023,35024,35025,35026,35027,35028,35029,35030,35031,35032,35033,35034,35030,35031,35032,35033,35034"
492,35122,35147,"1775,1777,1776",1777,0,0.0,0,0,1,1,441,,,,5.277867404629801,7.903489807455094,0.9419470008981983,,,,,0.0,,,,,,,,,,,"35122,35123,35124,35125,35126,35127,35128,35129,35130,35131,35132,35133,35134,35135,35126,35127,35128,35129,35130,35131,35132,35133,35134,35135,35136,35137,35138,35139,35140,35141,35142,35143,35144,35145,35146,35147"
493,35155,35163,"1779,1780",1779,0,0.0,0,0,1,1,442,,,,4.063349786014596,-2.7141096032520897,0.8794611909805001,,,,,0.0,,,,,,,,,,,"35155,35156,35157,35158,35159,35160,35161,35162,35163"
494,35199,35207,"1781,1782",1781,0,0.0,0,0,1,1,443,,,,0.8853464725403986,0.28131717043787474,0.9236756013978911,,,,,0.0,,,,,,,,,,,"35199,35200,35201,35202,35203,35204,35205,35206,35207"
495,35224,35226,1784,1784,0,0.0,0,0,0,0,,,low_displacement,,2.8558063370872784,12.681478269269261,0.8814492501302356,,,,,0.0,,,,,,,,,,,"35224,35225,35226,35224,35225,35226"
496,35336,35345,1787,1787,0,0.0,0,0,0,0,,,low_displacement,,2.948166036741263,13.399713467329239,0.8776301722582032,,,,,0.0,,,,,,,,,,,"35336,35337,35338,35343,35344,35345"
497,35352,35381,"1788,1789,1790,1791,1792,1793",1792,1,0.7857142857142857,0,0,1,1,444,,,35362,,,0.0,35377,4.916128311335143,12.450848689882118,0.11442253957947912,0.7609424187174246,valley,1068.0,712.0,16.0,22.0,1043.0,607.0,19.0,22.0,35345,"35352,35353,35354,35355,35356,35357,35358,35359,35360,35361,35362,35363,35364,35365,35366,35367,35368,35369,35370,35372,35373,35374,35375,35376,35377,35378,35379,35380,35381"
498,35389,35423,"1794,1797,1800,1801,1802",1797,1,0.9375,0,0,1,1,445,,,35407,,,0.0,35413,3.863672941533026,3.591212215722443,0.30772275506189395,0.4332755400226701,valley,829.0,210.0,16.0,26.0,644.0,202.0,19.0,26.0,35381,"35389,35390,35391,35392,35393,35394,35395,35397,35398,35399,35400,35401,35402,35403,35404,35405,35406,35407,35408,35409,35410,35411,35412,35413,35414,35415,35418,35419,35420,35421,35422,35423"
499,35440,35449,1804,1804,1,0.8,0,0,1,1,446,,,35446,3.8842475032416246,10.774293210620083,0.9488555865526962,,,,,0.0,,,,,,,,,,,"35440,35441,35442,35443,35444,35445,35446,35447,35448,35449"
500,35450,35463,1804,1804,1,0.7142857142857143,0,0,1,1,447,,,35455,3.623266891595905,2.3178107735306464,0.9638016880432828,,,,,0.0,,,,,,,,,,,"35450,35451,35452,35453,35454,35455,35456,35457,35458,35459,35460,35461,35462,35463"
501,35474,35499,"1807,1806,1808",1807,1,0.9230769230769231,0,0,1,1,448,,,35486,4.352797221242114,10.141854812337176,0.9407981313714026,,,,,0.0,,,,,,,,,,,"35474,35475,35476,35477,35478,35479,35480,35481,35482,35483,35484,35485,35486,35487,35488,35489,35490,35491,35492,35493,35494,35495,35496,35497,35498,35499"
502,35528,35535,1813,1813,0,0.0,0,0,0,0,,,low_displacement,,4.501264007371281,4.210860889446367,0.966326461955954,,,,,0.0,,,,,,,,,,,"35528,35529,35530,35531,35532,35533,35534,35535"
503,35758,35767,1820,1820,0,0.0,0,0,0,0,,,low_displacement,,5.428502719870143,9.78597866557177,0.8743342550744413,,,,,0.0,,,,,,,,,,,"35758,35759,35760,35761,35762,35763,35764,35765,35766,35767"
504,35776,35802,"1821,1822,1823",1821,0,0.0,0,0,1,1,449,,,,5.241573891504833,11.784003846906934,0.5883367425488875,35783,4.748463381250966,11.101687927113232,-0.05725790517232454,0.7317804288412919,valley,973.0,562.0,30.0,26.0,911.0,506.0,25.0,26.0,35749,"35776,35777,35778,35779,35780,35781,35782,35783,35784,35785,35786,35790,35791,35795,35796,35797,35798,35799,35800,35802,35798,35799,35800,35802"
505,35970,35991,"1825,1826,1828,1827,1829,1831",1828,1,1.0,0,0,1,1,450,,,35981,-0.06002031061477098,0.5113551422776244,0.9179026202386174,35991,0.40470560972947284,0.9727420514820859,0.17748312503616437,0.5,ground_hit_fallback,,,,,,,,,35957,"35970,35971,35972,35974,35975,35976,35977,35978,35979,35980,35981,35982,35983,35984,35985,35986,35987,35988,35989,35990,35991"
506,35992,35999,"1831,1832",1831,0,0.0,0,0,1,1,451,,,,-1.3956148099048005,-0.3744606182704051,0.8583256660305042,,,,,0.0,,,,,,,,,,,"35992,35993,35994,35995,35996,35997,35998,35999"
507,36008,36054,"1833,1834",1834,1,0.6086956521739131,0,0,1,1,452,,,36022,,,0.0,36042,1.847263035019885,11.913575511558658,0.03461123281430756,0.6957943451144561,valley,506.0,577.0,25.0,52.0,492.0,637.0,25.0,45.0,36008,"36008,36009,36010,36011,36012,36013,36014,36015,36016,36017,36018,36019,36020,36021,36022,36023,36024,36025,36026,36027,36028,36029,36030,36031,36032,36033,36034,36035,36036,36037,36038,36039,36040,36041,36042,36043,36044,36045,36046,36047,36048,36049,36050,36051,36052,36053,36054"
508,36055,36064,1834,1834,0,0.0,0,0,1,1,453,,,,3.8901522106879436,0.27003475878406213,0.7575487983304667,,,,,0.0,,,,,,,,,,,"36055,36056,36057,36058,36059,36060,36061,36062,36063,36064"
509,36109,36133,"1838,1836,1837,1839",1839,1,0.75,0,0,1,1,454,,,36117,5.026486083263159,12.636918851782346,0.9568861709174801,,,,,0.0,,,,,,,,,,,"36109,36110,36111,36112,36113,36114,36115,36116,36117,36118,36119,36120,36121,36122,36123,36124,36125,36126,36127,36128,36129,36130,36131,36132,36133"
510,36140,36154,1840,1840,0,0.0,0,0,1,1,455,,,,2.260336725967917,2.976843583052375,0.859406914612813,,,,,0.0,,,,,,,,,,,"36140,36141,36142,36143,36144,36145,36146,36147,36148,36149,36150,36151,36152,36153,36154"
511,36167,36176,"1841,1843,1842",1841,0,0.0,0,0,1,1,456,,,36168,2.374935249363334,3.279752348797305,0.9532516419023696,,,,,0.0,,,,,,,,,,,"36167,36168,36169,36170,36171,36172,36173,36174,36175,36176"
512,36177,36204,"1843,1844,1845",1845,1,0.5,0,0,1,1,457,,,36184,,,0.0,36193,2.764243234516475,10.225865652427505,0.11766075151918987,0.6643536891257944,valley,691.0,446.0,19.0,45.0,618.0,457.0,16.0,22.0,36159,"36177,36178,36179,36180,36181,36182,36183,36184,36185,36186,36187,36188,36189,36190,36191,36192,36193,36194,36195,36196,36197,36198,36199,36200,36201,36202,36203,36204"
513,36205,36241,"1845,1846",1845,1,0.5,0,0,1,1,458,,,36233,1.9373484313754772,4.43774645131302,0.9409184546538106,36239,1.9691580981542054,4.889171433988819,0.5226534963948133,0.6200292516041415,valley,686.0,217.0,19.0,22.0,503.0,221.0,22.0,30.0,36205,"36205,36206,36207,36208,36209,36210,36211,36212,36213,36214,36215,36216,36217,36218,36219,36220,36221,36222,36223,36224,36225,36226,36227,36228,36229,36230,36231,36232,36233,36234,36235,36236,36237,36238,36239,36240,36241"
514,36242,36281,"1846,1849,1848",1846,1,0.36,0,0,1,1,459,,,36251,0.9949966135666156,10.873086581391714,0.5420692565867223,36279,0.964594724281806,10.288526807836542,0.49255581123549863,0.6484859234829148,valley,,,,,,,,,36245,"36242,36243,36244,36245,36246,36247,36248,36249,36250,36251,36252,36253,36254,36255,36256,36257,36258,36259,36260,36261,36262,36263,36264,36265,36266,36267,36268,36269,36270,36271,36272,36273,36274,36275,36276,36277,36278,36279,36280,36281,36282,36283,36284,36285,36286,36287,36278,36279,36280,36281"
515,36282,36295,"1849,1848",1849,0,0.0,0,0,1,1,460,,,,3.4685655695091278,4.48222681663298,0.9083106863767829,,,,,0.0,,,,,,,,,,,"36282,36283,36284,36285,36286,36287,36288,36289,36290,36291,36292,36293,36294,36295"
516,36304,36327,"1850,1853",1850,0,0.0,0,0,1,1,461,,,,4.887214986702322,3.9368483627738238,0.6645603702390359,36319,4.363968768990281,2.6820469864909953,0.31413226987795717,0.7227623630623269,valley,860.0,191.0,25.0,26.0,669.0,183.0,19.0,30.0,36285,"36304,36305,36306,36307,36308,36309,36310,36311,36312,36313,36314,36315,36316,36317,36318,36319,36324,36325,36326,36327"
517,36328,36354,"1851,1853,1852,1854",1853,1,0.8461538461538461,0,0,1,1,462,,,36339,4.32573760094104,9.101455127858582,0.9089752474117737,,,,,0.0,,,,,,,,,,,"36328,36329,36330,36331,36332,36333,36334,36335,36336,36337,36338,36339,36340,36341,36342,36343,36344,36345,36346,36347,36348,36349,36350,36351,36352,36353,36354"
518,36355,36383,"1855,1856",1855,1,0.11764705882352941,0,0,1,1,463,,,36357,,,0.0,36376,4.6171694914084505,1.5118330125949342,-0.17194458479674068,0.7059135010864874,valley,,,,,,,,,36342,"36355,36356,36357,36358,36359,36360,36361,36362,36363,36364,36365,36368,36369,36370,36371,36372,36373,36374,36375,36376,36377,36378,36379,36380,36381,36382,36383,36376,36377,36378,36379,36380,36381,36382,36383"
519,36400,36410,"1858,1857",1858,1,0.6,0,0,1,1,464,,,36408,3.9762046616005735,8.14662870689521,0.9457232300704685,,,,,0.0,,,,,,,,,,,"36400,36401,36402,36403,36404,36405,36406,36407,36408,36409,36410"
520,36432,36439,1859,1859,0,0.0,0,0,1,1,465,,,36439,5.150928895094963,4.009972994949223,0.9428943936780096,,,,,0.0,,,,,,,,,,,"36432,36433,36434,36435,36436,36437,36438,36439"
521,36464,36490,"1861,1862,1863",1863,1,0.6666666666666666,0,0,1,1,466,,,36479,4.9457457479653755,10.8527955682672,0.9293785523647468,,,,,0.0,,,,,,,,,,,"36464,36465,36466,36467,36468,36469,36470,36471,36472,36473,36474,36475,36476,36477,36478,36479,36470,36471,36472,36473,36474,36475,36476,36477,36478,36479,36480,36481,36482,36483,36484,36485,36486,36487,36488,36489,36490"
522,36491,36511,"1863,1865,1864,1866",1865,1,0.2222222222222222,0,0,1,1,467,,,36496,0.6764771029905612,-11.210959270814277,0.507006181705616,36498,3.7938545153768635,4.5294822736491085,0.12315500367666132,0.5,ground_hit_fallback,824.0,236.0,19.0,30.0,649.0,236.0,19.0,22.0,36464,"36491,36492,36496,36497,36498,36499,36500,36501,36502,36503,36504,36505,36506,36507,36508,36509,36510,36511"
523,36668,36707,1871,1871,1,0.55,0,0,1,1,468,,,36679,,,0.0,36700,1.5870510874554609,12.943896259594664,0.1471162827541157,0.7083242098166829,valley,390.0,705.0,16.0,26.0,427.0,798.0,16.0,22.0,36666,"36668,36669,36670,36671,36672,36673,36674,36675,36676,36677,36678,36679,36680,36681,36682,36683,36684,36685,36686,36687,36688,36689,36690,36691,36692,36693,36694,36695,36696,36697,36698,36699,36700,36701,36702,36703,36704,36705,36706,36707"
524,36752,36775,"1872,1873,1874",1874,0,0.0,0,0,1,1,469,,,36774,5.421929306652203,0.04936754595495785,0.8106508609617834,,,,,0.0,,,,,,,,,,,"36752,36753,36755,36756,36757,36758,36759,36760,36761,36762,36765,36766,36767,36765,36766,36767,36768,36769,36770,36771,36772,36773,36774,36775"
525,36785,36791,"1880,1879",1880,0,0.0,0,0,1,1,470,,,,5.244411175503584,1.3704807865221749,0.9032678450871681,36789,5.099105189490366,1.3951750850577156,0.26392052765403307,0.4308234086937827,valley,905.0,176.0,16.0,18.0,700.0,172.0,19.0,22.0,36754,"36785,36786,36787,36788,36789,36790,36791"
526,36800,36847,"1881,1883,1882,1884",1883,1,0.875,0,0,1,1,471,,,36827,,,0.0,36839,2.1499046985413144,9.319188940766487,0.1885558574438626,0.6852786048681532,valley,635.0,382.0,19.0,30.0,534.0,412.0,19.0,26.0,36805,"36800,36801,36802,36803,36804,36805,36806,36807,36808,36809,36810,36811,36812,36813,36814,36815,36816,36817,36818,36819,36820,36821,36822,36823,36824,36825,36826,36827,36828,36829,36830,36831,36832,36833,36834,36835,36836,36837,36838,36839,36840,36841,36842,36843,36844,36845,36846,36847"
527,36856,36871,"1885,1887,1888",1887,1,0.3,0,0,1,1,472,,,36868,4.8982605077132595,2.946996821012158,0.9281289689266891,,,,,0.0,,,,,,,,,,,"36856,36857,36859,36860,36861,36862,36863,36859,36860,36861,36862,36863,36864,36865,36866,36867,36868,36869,36870,36871"
528,36888,36901,1889,1889,0,0.0,0,0,1,1,473,,,,3.8654495928004917,9.659193465871644,0.9577619713140801,,,,,0.0,,,,,,,,,,,"36888,36889,36890,36891,36892,36893,36894,36895,36896,36897,36898,36899,36900,36901"
529,36912,36935,1890,1890,1,0.3333333333333333,1,0,1,1,474,,,36925,,,0.0,36929,3.918696072750368,6.639856230466968,0.29567897713421765,0.0987618387296307,valley,838.0,277.0,16.0,26.0,686.0,273.0,19.0,22.0,36895,"36912,36913,36914,36915,36916,36917,36918,36919,36920,36921,36922,36923,36924,36925,36926,36927,36928,36929,36930,36931,36932,36933,36934,36935"
530,36952,36960,1893,1893,0,0.0,1,1,0,0,,,low_displacement;low_peak_z,,,,0.0,,,,,0.0,,,,,,,,,,,"36952,36953,36954,36955,36956,36957,36958,36959,36952,36953,36954,36955,36956,36957,36958,36959,36960"
531,37030,37043,"1895,1896,1897",1896,0,0.0,0,0,1,1,475,,,,3.226021814915218,10.141460600377687,0.8347593232707111,,,,,0.0,,,,,,,,,,,"37030,37031,37034,37035,37036,37037,37038,37039,37043"
532,37096,37106,"1898,1899,1900,1902",1902,0,0.0,0,0,1,1,476,,,,,,0.0,37105,4.512774856143631,11.615847238886996,-0.08362869010047547,0.5,ground_hit_fallback,953.0,618.0,11.0,22.0,914.0,547.0,14.0,37.0,37071,"37096,37097,37099,37103,37104,37105,37106"
533,37112,37140,"1905,1904,1906,1907,1908",1905,0,0.0,0,0,1,1,477,,,,,,0.0,37135,5.079635899083097,12.997740117283772,-0.10227748013840454,0.9807366252014145,valley,1125.0,840.0,25.0,30.0,1125.0,712.0,5.0,3.0,37101,"37112,37113,37114,37115,37116,37117,37118,37119,37120,37121,37122,37123,37124,37125,37126,37127,37132,37135,37137,37138,37139,37140"
534,37248,37279,"1911,1912,1913,1915,1918,1916,1917",1911,1,0.8666666666666667,0,0,1,1,478,,,37262,,,0.0,37272,1.270603805633506,1.655549082858391,0.017242406617541395,0.7031221776425793,valley,669.0,195.0,22.0,26.0,466.0,206.0,22.0,30.0,37238,"37248,37249,37250,37251,37253,37254,37255,37256,37257,37258,37259,37260,37261,37262,37263,37264,37265,37266,37267,37268,37269,37270,37271,37272,37273,37274,37275,37276,37277,37278,37279"
535,37288,37328,"1920,1919",1920,1,0.45,0,0,1,1,479,,,37297,,,0.0,37320,3.3929357107738842,12.275033790958911,0.0414760836277317,0.6460347967250657,valley,753.0,656.0,22.0,33.0,770.0,645.0,22.0,26.0,37286,"37288,37289,37290,37291,37292,37293,37294,37295,37296,37297,37298,37299,37300,37301,37302,37303,37304,37305,37306,37307,37308,37309,37310,37311,37312,37313,37314,37315,37316,37317,37318,37319,37320,37321,37322,37323,37324,37325,37326,37327,37328"
536,37329,37346,"1920,1921,1922",1922,1,0.375,0,0,1,1,480,,,37344,3.1150575187124683,-2.4719914213773517,0.9038418875805146,,,,,0.0,,,,,,,,,,,"37329,37330,37332,37333,37334,37335,37336,37337,37338,37339,37340,37341,37342,37343,37344,37345,37346"
537,37347,37382,"1922,1923,1924",1924,1,0.23529411764705882,0,0,1,1,481,,,37353,,,0.0,37365,3.83111037494071,11.05432221792395,0.08747362921995006,0.6570363487142595,valley,832.0,525.0,25.0,41.0,787.0,502.0,16.0,26.0,37331,"37347,37348,37349,37352,37353,37354,37355,37356,37357,37358,37359,37360,37361,37362,37363,37364,37365,37366,37367,37368,37369,37370,37371,37372,37373,37374,37375,37376,37377,37378,37379,37380,37381,37382"
538,37510,37521,1926,1926,0,0.0,0,0,1,1,482,,,,-0.006407794652290022,-4.2844157271000896,0.8420884248348844,,,,,0.0,,,,,,,,,,,"37510,37511,37512,37514,37515,37516,37517,37518,37519,37520,37521"
539,37537,37555,1927,1927,0,0.0,0,0,1,1,483,,,,,,0.0,37553,1.8437977993882708,-0.7204369638366899,0.10770270654133718,0.5,ground_hit_fallback,720.0,153.0,19.0,37.0,503.0,157.0,22.0,45.0,37519,"37537,37538,37539,37540,37541,37542,37543,37544,37545,37546,37547,37548,37549,37550,37551,37552,37553,37555"
540,37656,37687,"1928,1929",1928,1,0.9333333333333333,0,0,1,1,484,,,37671,,,0.0,37683,5.122899708546733,11.606317271971484,0.041147283825409886,0.6922081808444478,valley,1060.0,607.0,28.0,26.0,998.0,528.0,22.0,22.0,37649,"37656,37657,37658,37660,37661,37662,37663,37664,37665,37666,37667,37668,37669,37670,37671,37672,37673,37674,37675,37676,37678,37679,37680,37681,37682,37683,37684,37685,37686,37687"
541,37693,37728,"1929,1930,1934,1933",1930,1,1.0,0,0,1,1,485,,,37710,,,0.0,37723,3.353914316934532,1.7662203672709182,0.09491057201444697,0.7444613731828955,valley,,,,,,,,,37689,"37693,37695,37696,37697,37698,37699,37700,37701,37702,37703,37704,37705,37706,37707,37708,37709,37710,37711,37712,37713,37714,37715,37716,37717,37721,37722,37723,37724,37725,37726,37727,37728"
542,37744,37757,1939,1939,1,1.0,0,0,1,1,486,,,37751,3.078643849862495,10.866925262959523,0.9531036528267336,,,,,0.0,,,,,,,,,,,"37744,37745,37746,37747,37748,37749,37750,37751,37752,37753,37754,37755,37756,37757"
543,37758,37767,1939,1939,0,0.0,0,0,1,1,487,,,,5.150593747848558,4.370263955820494,0.9146662763578017,,,,,0.0,,,,,,,,,,,"37758,37759,37760,37761,37762,37763,37764,37765,37766,37767"
544,37800,37819,"1941,1942",1942,1,0.6666666666666666,0,0,1,1,488,,,37810,2.7124190535690853,12.021417209199193,0.9052196798232357,,,,,0.0,,,,,,,,,,,"37800,37801,37802,37803,37804,37805,37806,37807,37808,37809,37810,37811,37812,37813,37814,37815,37816,37817,37818,37819,37820,37821,37822,37823,37814,37815,37816,37817,37818,37819"
545,37820,37851,"1942,1943,1944",1943,1,0.375,0,0,1,1,489,,,37826,2.3229986594861565,-2.490894781098529,0.535243958899424,37831,3.136021735495283,2.9257007118450815,-0.009754877650024696,0.8407755703878147,valley,776.0,213.0,22.0,30.0,590.0,217.0,22.0,30.0,37796,"37820,37821,37822,37823,37824,37825,37826,37827,37828,37829,37830,37831,37832,37833,37834,37835,37836,37837,37838,37839,37840,37841,37842,37843,37844,37845,37846,37847,37848,37849,37850,37851"
546,38072,38117,"1947,1948",1947,1,0.6521739130434783,0,0,1,1,490,,,38087,,,0.0,38104,1.7470630297966856,11.638128671534652,0.13415433984160963,0.6619062136985256,valley,,,,,,,,,38070,"38072,38073,38074,38075,38076,38077,38078,38079,38080,38081,38082,38083,38084,38085,38086,38087,38088,38089,38090,38091,38092,38093,38094,38095,38096,38097,38098,38099,38100,38101,38102,38103,38104,38105,38106,38107,38108,38109,38110,38111,38112,38113,38114,38115,38116,38117"
547,38118,38191,"1948,1949,1951,1950",1951,1,0.21621621621621623,1,0,1,1,491,,,38134,,,0.0,38142,2.6770812892210634,6.582325102264036,-0.013116522674490483,0.3158674072928954,valley,722.0,300.0,22.0,26.0,579.0,311.0,16.0,22.0,38108,"38118,38119,38120,38121,38122,38123,38124,38125,38126,38127,38128,38129,38130,38131,38132,38133,38134,38135,38136,38137,38138,38139,38140,38141,38142,38143,38144,38145,38146,38147,38148,38149,38150,38151,38152,38153,38154,38155,38156,38157,38158,38159,38160,38161,38162,38163,38164,38165,38166,38167,38168,38169,38170,38171,38172,38173,38174,38175,38176,38177,38178,38179,38180,38181,38182,38183,38184,38185,38186,38187,38188,38189,38190,38191"
548,38208,38223,1952,1952,0,0.0,0,0,1,1,492,,,,2.291164979934585,6.488540366025153,0.6018683122121183,,,,,0.0,,,,,,,,,,,"38208,38209,38210,38211,38212,38213,38214,38215,38216,38217,38218,38219,38220,38221,38222,38223"
549,38265,38279,"1954,1953,1955",1954,0,0.0,0,0,1,1,493,,,,,,0.0,38275,1.4771196527148762,0.6601418221887627,0.2716416864895308,0.7992171318260315,valley,691.0,172.0,16.0,18.0,480.0,176.0,19.0,26.0,38241,"38265,38266,38267,38268,38269,38270,38271,38272,38273,38274,38275,38276,38277,38278,38279"
550,38398,38431,"1958,1959,1961",1961,1,0.6470588235294118,0,0,1,1,494,,,38409,,,0.0,38418,3.8153104325543143,9.16097373151893,0.1542796709628078,0.6922544463925615,valley,826.0,390.0,25.0,26.0,725.0,382.0,19.0,26.0,38384,"38398,38399,38400,38401,38402,38403,38404,38405,38406,38407,38408,38409,38410,38411,38412,38413,38414,38415,38416,38417,38418,38419,38420,38421,38422,38423,38424,38425,38426,38427,38428,38429,38430,38431"
551,38432,38482,"1961,1963,1962,1964",1961,1,0.8333333333333334,0,0,1,1,495,,,38454,,,0.0,38467,3.3729293053055067,1.5325987959281093,-0.1986123193411231,0.7394236249688756,valley,793.0,206.0,22.0,26.0,601.0,206.0,19.0,30.0,38433,"38432,38433,38434,38437,38438,38439,38440,38441,38442,38443,38444,38445,38446,38447,38448,38449,38450,38451,38452,38453,38454,38455,38456,38457,38458,38459,38460,38461,38462,38463,38464,38465,38466,38467,38468,38469,38470,38472,38473,38474,38475,38476,38477,38478,38479,38480,38481,38482"
552,38483,38495,"1964,1966",1966,1,1.0,0,0,1,1,496,,,38490,0.5726524763905649,15.5048750677832,0.914490763025416,,,,,0.0,,,,,,,,,,,"38483,38484,38485,38486,38487,38488,38489,38490,38491,38492,38495,38490,38491,38492,38495"
553,38722,38733,"1970,1971,1972,1973",1970,0,0.0,0,0,1,1,497,,,,4.719695059596172,0.21112456928017342,0.8657806035590476,38722,1.489727948615239,0.044521936459680944,0.4678262961640085,0.5,ground_hit_fallback,700.0,153.0,11.0,11.0,480.0,157.0,16.0,33.0,38688,"38722,38723,38724,38725,38726,38727,38728,38729,38730,38731,38732,38733"
554,38888,38930,"1976,1978,1977",1978,1,0.85,0,0,1,1,498,,,38904,,,0.0,38918,0.9205073959179675,10.452617094192448,0.0035669307045278487,0.7318097253016992,valley,455.0,461.0,22.0,30.0,365.0,525.0,19.0,30.0,38884,"38888,38889,38890,38891,38892,38893,38894,38895,38896,38897,38898,38899,38900,38901,38902,38903,38904,38905,38906,38907,38908,38909,38910,38911,38912,38913,38914,38916,38917,38918,38919,38920,38921,38922,38923,38924,38925,38926,38927,38930"
555,38931,38975,"1978,1979",1978,1,0.7272727272727273,0,0,1,1,499,,,38960,,,0.0,38968,2.6646432674996747,4.4327108676692255,-0.08111230115239643,0.7281898676803369,valley,,,,,,,,,38934,"38931,38932,38934,38935,38936,38937,38938,38939,38940,38941,38942,38943,38944,38945,38946,38947,38948,38949,38950,38951,38952,38953,38954,38955,38956,38957,38958,38959,38960,38961,38962,38963,38964,38965,38966,38967,38968,38969,38970,38971,38972,38973,38974,38975"
556,38984,38999,"1980,1981",1980,1,0.5,1,1,1,1,500,,,38995,4.204138687531448,8.94513868026344,0.9385522354675808,,,,,0.0,,,,,,,,,,,"38984,38985,38986,38987,38988,38989,38990,38991,38992,38993,38994,38995,38996,38997,38998,38999"
557,39016,39047,1983,1983,0,0.0,1,0,1,1,501,,,,,,0.0,39022,3.5555605360960065,5.894013650009626,0.0508186591920321,0.29108365127980895,valley,804.0,277.0,16.0,22.0,646.0,277.0,19.0,26.0,38988,"39016,39017,39018,39019,39020,39021,39022,39023,39024,39025,39026,39027,39028,39029,39030,39031,39032,39033,39034,39035,39036,39037,39038,39039,39040,39041,39042,39043,39044,39045,39046,39047"
558,39072,39128,"1984,1985",1985,1,0.2962962962962963,0,0,1,1,502,,,39080,,,0.0,39109,3.933437575184668,10.678534059171955,0.06106888944984945,0.7063804945298291,valley,849.0,495.0,16.0,33.0,787.0,472.0,19.0,37.0,39075,"39072,39075,39076,39077,39078,39079,39080,39081,39082,39083,39084,39085,39086,39087,39088,39089,39090,39091,39092,39093,39094,39095,39096,39097,39098,39099,39100,39101,39102,39103,39104,39105,39106,39107,39108,39109,39110,39111,39112,39113,39114,39115,39116,39117,39118,39119,39120,39121,39122,39123,39124,39125,39126,39127,39128"
559,39287,39305,"1991,1992,1993",1993,1,0.7777777777777778,0,0,1,1,503,,,39295,-0.12091246233869768,-0.4016803979325143,0.9387461867337945,39305,0.559690143824467,0.9702578222107272,0.4121311891171895,0.5,ground_hit_fallback,641.0,165.0,11.0,15.0,421.0,180.0,16.0,22.0,39271,"39287,39289,39290,39291,39292,39293,39294,39295,39296,39297,39298,39299,39300,39301,39302,39303,39304,39305"
560,39320,39359,"1994,1996",1994,1,0.5,0,0,1,1,504,,,39330,,,0.0,39349,3.6842926363678936,11.500574082080178,0.1456510988723707,0.61926862527149,valley,810.0,555.0,25.0,41.0,779.0,532.0,28.0,37.0,39315,"39320,39321,39322,39323,39324,39325,39326,39327,39328,39329,39330,39331,39332,39333,39334,39335,39336,39337,39338,39339,39340,39341,39342,39343,39344,39345,39346,39347,39348,39349,39350,39351,39352,39353,39354,39355,39356,39357,39358,39359"
561,39360,39386,"1996,1997,1998,2000,1999",1998,1,0.23076923076923078,0,0,1,1,505,,,39384,4.56794446437357,1.8837178186645964,0.9028135173143521,,,,,0.0,,,,,,,,,,,"39360,39361,39362,39364,39365,39366,39367,39368,39369,39370,39371,39372,39373,39374,39375,39376,39377,39378,39379,39380,39381,39382,39383,39384,39385,39386"
562,39387,39413,2000,2000,1,0.38461538461538464,0,0,1,1,506,,,39392,,,0.0,39401,4.011634401576402,10.00708409092097,0.17958192258367944,0.6697957664238405,valley,855.0,438.0,22.0,26.0,770.0,420.0,22.0,26.0,39367,"39387,39388,39389,39390,39391,39392,39393,39394,39395,39396,39397,39398,39399,39400,39401,39402,39403,39404,39405,39406,39407,39408,39409,39410,39411,39412,39413"
563,39414,39426,2000,2000,0,0.0,0,0,1,1,507,,,,4.044258095946112,-1.3321471476533997,0.8121055625325616,,,,,0.0,,,,,,,,,,,"39414,39415,39416,39417,39418,39420,39421,39422,39423,39424,39425,39426"
564,39456,39463,"2002,2001,2003",2002,0,0.0,0,0,1,1,508,,,,3.7192412293728654,-0.922498881317777,0.8487114489450959,,,,,0.0,,,,,,,,,,,"39456,39457,39458,39459,39460,39461,39462,39463"
565,39592,39649,"2006,2007",2006,1,0.6428571428571429,0,0,1,1,509,,,39610,,,0.0,39627,2.4690980412909056,11.28435787813852,0.10072820768122792,0.6878627675394651,valley,624.0,521.0,25.0,45.0,593.0,547.0,19.0,41.0,39592,"39592,39593,39594,39595,39596,39597,39598,39599,39600,39601,39602,39603,39604,39605,39606,39607,39608,39609,39610,39611,39612,39613,39614,39615,39616,39617,39618,39619,39620,39621,39622,39623,39624,39625,39626,39627,39628,39629,39630,39631,39632,39633,39634,39635,39636,39637,39638,39639,39640,39641,39642,39643,39644,39645,39648,39649"
566,39778,39802,"2010,2011,2013,2012",2013,1,1.0,0,0,1,1,510,,,39790,5.338594103457184,-0.6614402681151397,0.9238043011476191,39802,5.1911970320526475,-0.2725545726055003,-0.018369116251644613,0.5,ground_hit_fallback,902.0,172.0,14.0,22.0,694.0,172.0,8.0,11.0,39767,"39778,39779,39780,39781,39782,39783,39784,39785,39786,39787,39788,39789,39790,39791,39792,39793,39794,39795,39796,39797,39798,39799,39800,39801,39802"
567,39803,39813,"2012,2013,2019,2014",2019,0,0.0,0,0,1,1,511,,,,3.2388507330880523,8.841161038531661,0.7613858996945759,39803,5.212562504213958,0.45292245275716425,0.09212888462568003,0.5,ground_hit_fallback,908.0,172.0,14.0,22.0,703.0,172.0,8.0,15.0,39768,"39803,39804,39808,39809,39810,39811,39812,39813"
568,39814,39824,"2019,2015,2016,2017",2019,0,0.0,0,0,1,1,512,,,,0.3777862232343905,8.911130560981874,0.8786285502334833,,,,,0.0,,,,,,,,,,,"39814,39815,39816,39817,39818,39819,39820,39821,39822,39823,39824"
569,39832,39871,"2023,2021",2023,1,0.5,0,0,1,1,513,,,39842,,,0.0,39853,0.44703623033364615,8.621727841930669,0.3277028948492413,0.6879298753145092,valley,483.0,341.0,5.0,11.0,326.0,382.0,22.0,33.0,39819,"39832,39833,39834,39835,39836,39837,39838,39839,39840,39841,39842,39843,39844,39845,39846,39847,39848,39849,39850,39851,39852,39853,39854,39855,39856,39857,39858,39859,39860,39861,39862,39863,39864,39865,39866,39867,39868,39869,39870,39871"
570,39878,39920,"2025,2026,2027,2028,2033,2029,2030,2031,2032",2033,1,0.25,1,0,1,1,514,,,39884,,,0.0,39911,6.540595720395785,6.9536002654120495,-0.13508948094262863,0.5926705469539268,valley,1091.0,333.0,19.0,26.0,911.0,292.0,25.0,26.0,,"39878,39879,39880,39881,39883,39884,39885,39887,39888,39889,39890,39891,39892,39893,39895,39896,39897,39898,39899,39900,39901,39902,39903,39904,39905,39906,39907,39908,39909,39910,39911,39912,39913,39914,39915,39916,39917,39918,39919,39920"
571,40058,40063,2035,2035,0,0.0,0,0,0,0,,,low_displacement,,6.16061913642429,11.544716616610238,0.8848942350571356,,,,,0.0,,,,,,,,,,,"40058,40059,40060,40061,40062,40063"
572,40088,40095,"2036,2037",2037,0,0.0,0,0,1,1,515,,,,,,0.0,40093,6.526695949789044,11.991934316632957,-0.019163187624251066,0.6896480996079752,valley,1366.0,693.0,19.0,26.0,1229.0,532.0,19.0,26.0,40059,"40088,40089,40090,40091,40092,40093,40094,40095"
573,40244,40284,"2041,2042,2043,2044,2045,2046",2043,1,0.6666666666666666,0,0,1,1,516,,,40258,,,0.0,40276,1.56799604931465,0.2064554784179471,0.1768831047622541,0.7505290177255111,valley,700.0,165.0,19.0,26.0,480.0,180.0,36.0,22.0,40242,"40244,40245,40246,40247,40249,40251,40252,40253,40254,40255,40256,40257,40258,40259,40260,40261,40262,40263,40264,40265,40266,40267,40268,40269,40270,40271,40272,40273,40274,40275,40276,40280,40281,40282,40283,40284"
574,40285,40341,"2046,2048,2047,2052",2052,1,0.8461538461538461,0,0,1,1,517,,,40307,,,0.0,40318,5.691594665174591,8.905247849024612,-0.054253272597929225,0.6785941472826711,valley,,,,,,,,,40284,"40285,40286,40287,40288,40289,40290,40291,40292,40293,40294,40295,40296,40297,40298,40299,40300,40301,40302,40303,40304,40305,40306,40307,40308,40309,40314,40315,40316,40317,40318,40319,40320,40321,40322,40323,40324,40325,40326,40327,40328,40329,40330,40331,40332,40333,40334,40335,40336,40337,40338,40339,40341"
575,40353,40391,"2057,2054,2055,2056,2058,2059",2057,1,0.8421052631578947,0,0,1,1,518,,,40369,,,0.0,40387,1.5327863394948384,1.0495733628956359,-0.10621294018423288,0.7211346385517743,valley,689.0,195.0,22.0,26.0,489.0,202.0,19.0,30.0,40353,"40353,40354,40355,40356,40357,40358,40359,40360,40361,40362,40363,40364,40365,40366,40367,40368,40369,40370,40371,40372,40373,40374,40375,40376,40377,40378,40379,40380,40381,40382,40383,40384,40385,40386,40387,40388,40389,40390,40391"
576,40552,40557,"2063,2061,2062",2063,0,0.0,0,0,1,1,519,,,,1.4583591119319124,-5.060477436766812,0.7768098611280412,40555,0.6636138292823308,0.22979651684102897,0.7514112715766348,0.6098478322306282,valley,655.0,142.0,11.0,18.0,424.0,131.0,19.0,45.0,40521,"40552,40553,40554,40555,40556,40557"
577,40558,40592,"2063,2065",2065,1,0.6666666666666666,0,0,1,1,520,,,40568,,,0.0,40584,4.26491504741614,13.284042451727762,-0.16289083391764692,0.8115044434659044,valley,942.0,892.0,16.0,30.0,998.0,776.0,19.0,26.0,40550,"40558,40559,40560,40561,40562,40563,40564,40565,40566,40567,40568,40569,40570,40571,40572,40573,40574,40575,40576,40577,40578,40579,40580,40581,40582,40583,40584,40585,40586,40587,40592"
578,40598,40610,2067,2067,0,0.0,0,0,1,1,521,,,,5.563401814671311,1.2139025969785742,0.8945965081747116,,,,,0.0,,,,,,,,,,,"40598,40599,40600,40601,40602,40603,40604,40605,40606,40607,40608,40609,40610"
579,40619,40640,"2069,2070",2069,0,0.0,0,0,1,1,522,,,,,,0.0,40640,5.700070714131488,1.0438222694599801,0.06928521573431823,0.5,ground_hit_fallback,942.0,191.0,11.0,7.0,734.0,176.0,14.0,15.0,40606,"40619,40620,40621,40622,40623,40624,40625,40626,40627,40628,40629,40630,40631,40632,40633,40634,40635,40636,40637,40638,40639,40640"
580,40784,40822,"2071,2074,2075,2076,2079",2075,1,0.8888888888888888,0,0,1,1,523,,,40802,,,0.0,40818,0.4536973371063304,11.24871808665804,0.026458451661714122,0.6906199587920576,valley,354.0,517.0,16.0,22.0,270.0,615.0,14.0,18.0,40784,"40784,40785,40786,40787,40788,40789,40791,40793,40794,40795,40796,40797,40798,40799,40800,40801,40802,40803,40804,40805,40806,40807,40808,40809,40810,40811,40812,40813,40814,40815,40816,40817,40818,40819,40820,40821,40822"
581,40823,40879,"2079,2077,2080,2081,2082,2084",2079,1,0.72,0,0,1,1,524,,,40845,,,0.0,40863,3.2185104594265255,0.7595207519644873,0.26792652463989164,0.6857849811680786,valley,787.0,168.0,22.0,26.0,585.0,168.0,19.0,22.0,40829,"40823,40824,40829,40830,40831,40832,40833,40834,40835,40836,40837,40838,40839,40840,40841,40842,40843,40844,40845,40846,40847,40848,40849,40850,40851,40852,40853,40854,40855,40856,40857,40858,40859,40860,40861,40862,40863,40864,40865,40866,40867,40868,40869,40870,40872,40873,40874,40877,40878,40879"
582,40884,40900,"2086,2090",2090,1,0.7272727272727273,0,0,1,1,525,,,40894,3.671558005739288,13.93283886854731,0.928239038023398,,,,,0.0,,,,,,,,,,,"40884,40885,40886,40887,40888,40889,40890,40891,40892,40893,40894,40895,40890,40891,40892,40893,40894,40895,40896,40897,40898,40899,40900"
583,40901,40939,"2090,2088,2089",2090,1,0.5,0,0,1,1,526,,,40910,,,0.0,40923,5.053593394321274,3.7263871994946527,0.25931425954834,0.6653958252321672,valley,916.0,210.0,19.0,30.0,728.0,202.0,16.0,22.0,40889,"40901,40902,40903,40904,40905,40906,40907,40908,40909,40910,40911,40912,40913,40914,40915,40916,40917,40918,40919,40920,40921,40922,40923,40924,40925,40926,40927,40928,40929,40930,40931,40932,40933,40934,40935,40939"
584,40940,40951,2090,2090,0,0.0,0,0,1,1,527,,,,4.520243746948981,11.808367719491706,0.8649783638766299,,,,,0.0,,,,,,,,,,,"40940,40941,40942,40943,40944,40945,40946,40947,40948,40949,40950,40951"
585,40968,40973,2091,2091,0,0.0,0,0,1,1,528,,,,4.006788082433319,12.184498751881858,0.9052864585748177,,,,,0.0,,,,,,,,,,,"40968,40969,40970,40971,40972,40973"
586,40974,40992,"2092,2094,2095,2096",2092,1,0.4,0,0,1,1,529,,,40978,5.093907270954445,-3.482276969511995,0.9485231588646641,,,,,0.0,,,,,,,,,,,"40974,40975,40976,40977,40978,40979,40980,40981,40982,40983,40984,40985,40986,40987,40988,40989,40986,40987,40988,40989,40992"
587,41249,41302,"2105,2107,2106,2108,2109,2110,2111,2112,2113,2114,2115",2112,1,0.7307692307692307,0,0,1,1,530,,,41268,,,0.0,41279,4.52492916989757,10.30556436905107,0.05047614248364951,0.6871614282858406,valley,,,,,,,,,41244,"41249,41250,41251,41252,41253,41254,41255,41256,41257,41258,41259,41260,41261,41262,41263,41264,41265,41266,41267,41268,41269,41270,41271,41272,41273,41274,41275,41276,41277,41278,41279,41280,41281,41282,41283,41284,41285,41286,41287,41288,41289,41290,41291,41292,41293,41294,41295,41296,41297,41298,41299,41300,41302"
588,41304,41329,2116,2116,1,0.5384615384615384,0,0,1,1,531,,,41311,,,0.0,41329,0.7456117740267634,-0.2644128002127175,-0.14129317475869385,0.5,ground_hit_fallback,658.0,176.0,22.0,26.0,450.0,202.0,11.0,18.0,41295,"41304,41305,41306,41307,41308,41309,41310,41311,41312,41313,41314,41315,41316,41317,41318,41319,41320,41321,41322,41323,41324,41325,41326,41327,41328,41329"
589,41352,41368,"2117,2119,2118",2117,1,1.0,1,0,1,1,532,,,41360,2.7756266339069833,9.0901216250656,0.9235782359627552,,,,,0.0,,,,,,,,,,,"41352,41353,41354,41355,41356,41357,41358,41359,41360,41361,41362,41363,41364,41365,41366,41367,41368"
590,41369,41399,"2121,2120,2122",2121,1,0.95,0,0,1,1,533,,,41379,,,0.0,41396,2.8895715857610753,5.062127200809698,0.14832419875952674,0.6029263708524589,valley,753.0,251.0,16.0,22.0,585.0,247.0,19.0,30.0,41362,"41369,41370,41371,41372,41373,41374,41375,41366,41367,41369,41370,41371,41372,41373,41374,41375,41376,41377,41378,41379,41380,41381,41382,41383,41384,41385,41386,41387,41388,41389,41390,41391,41392,41393,41394,41395,41396,41397,41398,41399"
591,41415,41439,"2123,2124",2124,1,0.5,1,1,1,1,534,,,41416,,,0.0,41428,3.62962865406169,6.3288783108499445,0.07203208644520309,0.5940503304011028,valley,810.0,285.0,16.0,30.0,658.0,285.0,19.0,26.0,41394,"41415,41416,41417,41418,41419,41420,41421,41422,41423,41424,41425,41426,41427,41428,41429,41430,41431,41432,41433,41434,41435,41436,41437,41438,41439"
592,41448,41455,2125,2125,0,0.0,0,0,0,0,,,low_displacement,,3.76733695110904,6.166707385110755,0.9708733275717429,,,,,0.0,,,,,,,,,,,"41448,41449,41450,41451,41452,41453,41454,41455"
593,41464,41469,"2127,2128",2127,0,0.0,1,0,0,0,,,low_displacement,41465,2.936606382827539,5.070328892263656,0.8132344794257933,,,,,0.0,,,,,,,,,,,"41464,41465,41466,41467,41468,41469"
594,41471,41469,"2132,2130",2132,0,0.0,1,0,1,1,535,,,41465,2.734965803781877,6.420484766189237,0.8332303431388618,,,,,0.0,,,,,,,,,,,"41471,41464,41465,41466,41467,41468,41469"
595,41471,41511,"2132,2134,2133",2134,0,0.0,1,0,1,1,536,,,41480,,,0.0,41485,2.5480610905560477,6.009965923077306,-0.028977455329449953,0.5929218214521061,valley,720.0,281.0,19.0,30.0,565.0,292.0,19.0,30.0,41451,"41471,41474,41475,41476,41477,41478,41479,41480,41481,41482,41483,41484,41485,41486,41487,41488,41489,41490,41491,41492,41493,41494,41495,41496,41497,41498,41499,41500,41501,41502,41503,41504,41505,41506,41507,41508,41509,41510,41511"
596,41520,41528,2135,2135,1,0.75,1,1,1,1,537,,,41522,3.3066386654184803,9.000338418395852,0.8720294788452765,,,,,0.0,,,,,,,,,,,"41520,41521,41522,41523,41524,41525,41526,41527,41528"
597,41536,41591,"2136,2137",2137,0,0.0,0,0,1,1,538,,,,,,0.0,41555,3.2664369091805483,8.784575104269003,0.1497064953719054,0.7059085847355344,valley,770.0,367.0,14.0,22.0,658.0,367.0,19.0,37.0,41521,"41536,41537,41538,41539,41540,41541,41542,41543,41544,41545,41546,41547,41548,41549,41550,41551,41552,41553,41554,41555,41556,41557,41558,41559,41560,41561,41562,41563,41564,41565,41566,41567,41558,41559,41560,41561,41562,41563,41564,41565,41566,41567,41568,41569,41570,41571,41572,41573,41574,41575,41576,41577,41578,41579,41580,41581,41582,41583,41584,41585,41586,41587,41588,41589,41590,41591"
598,41633,41663,"2138,2139,2141",2139,0,0.0,0,0,1,1,539,,,,,,0.0,41659,5.201043935579005,12.582184472435426,-0.09559474172709059,0.743936101230857,valley,,,,,,,,,41625,"41633,41634,41637,41638,41639,41640,41641,41642,41643,41644,41645,41646,41647,41648,41649,41650,41651,41652,41653,41654,41658,41659,41660,41661,41662,41663,41658,41659,41660,41661,41662,41663"
599,41757,41793,"2150,2149,2151,2152",2150,1,0.9473684210526315,0,0,1,1,540,,,41770,,,0.0,41788,0.8439485873729784,-0.08420922234168948,0.18487370939226722,0.682241207752966,valley,660.0,165.0,22.0,26.0,441.0,176.0,28.0,26.0,41753,"41757,41758,41759,41757,41758,41759,41760,41761,41762,41763,41764,41765,41766,41767,41768,41769,41770,41771,41772,41773,41774,41775,41776,41777,41778,41779,41780,41781,41782,41783,41784,41785,41786,41787,41788,41789,41790,41792,41793"
600,41801,41856,"2154,2153,2155,2156",2155,1,0.696969696969697,0,0,1,1,541,,,41824,,,0.0,41844,2.052264879047371,11.780197733649912,0.0823982697795799,0.7029753184132109,valley,545.0,577.0,19.0,26.0,528.0,615.0,16.0,30.0,41810,"41801,41802,41803,41804,41805,41806,41807,41808,41809,41810,41811,41812,41813,41814,41815,41816,41817,41818,41819,41820,41821,41822,41823,41824,41825,41826,41827,41828,41829,41830,41831,41832,41833,41834,41835,41836,41837,41838,41839,41840,41841,41842,41843,41844,41845,41846,41847,41848,41849,41850,41851,41852,41853,41854,41855,41846,41847,41848,41849,41850,41851,41852,41853,41854,41855,41856"
601,41857,41935,"2156,2158,2159",2158,0,0.0,1,0,1,1,542,,,41877,,,0.0,41895,2.7004757625734492,8.06963639709857,0.02669731487009308,0.4091486356908888,valley,714.0,348.0,19.0,22.0,590.0,356.0,19.0,30.0,41861,"41857,41858,41859,41860,41861,41862,41863,41864,41865,41866,41867,41868,41869,41870,41871,41872,41873,41874,41875,41876,41877,41878,41879,41880,41881,41882,41883,41884,41885,41886,41887,41888,41889,41890,41891,41892,41893,41894,41895,41896,41897,41898,41899,41900,41901,41902,41903,41904,41905,41906,41907,41908,41909,41910,41911,41912,41913,41914,41915,41916,41917,41918,41919,41920,41921,41922,41923,41924,41925,41926,41927,41928,41929,41931,41932,41935"
602,41952,42028,"2160,2162",2162,0,0.0,0,0,1,1,543,,,,,,0.0,42019,0.24280615537837846,12.334610115765503,0.06358626243999765,0.7235039804470904,valley,233.0,603.0,19.0,37.0,165.0,753.0,22.0,30.0,41985,"41952,41953,41954,41955,41956,41957,41958,41959,41960,41961,41962,41963,41964,41965,41966,41967,41968,41969,41970,41971,41972,41973,41974,41975,41976,41977,41978,41979,41980,41981,41982,41983,41984,41985,41987,41988,41989,41990,41991,41992,41993,41994,41997,41998,41999,42000,42001,42002,42003,42004,42005,42006,42007,42008,42009,42010,42011,42012,42013,42014,42015,42016,42017,42018,42019,42020,42021,42022,42023,42024,42025,42026,42027,42028"
603,42069,42079,"2164,2165",2165,0,0.0,0,0,0,0,,,low_displacement,,0.8822894923718387,13.790523331896587,0.882640926274556,,,,,0.0,,,,,,,,,,,"42069,42071,42072,42073,42074,42075,42079"
604,42128,42134,"2166,2167,2169",2167,0,0.0,0,0,0,0,,,low_displacement,,1.2109150641182915,13.584702686986478,0.8851174278812581,,,,,0.0,,,,,,,,,,,"42128,42130,42131,42132,42133,42134"
605,42135,42167,"2169,2171,2172,2173",2169,1,0.9375,0,0,1,1,544,,,42152,,,0.0,42162,4.647558977841156,0.716942281817694,-0.07626109388327507,0.7325140183395801,valley,871.0,187.0,19.0,26.0,669.0,180.0,19.0,30.0,42128,"42135,42136,42137,42138,42139,42140,42141,42142,42143,42144,42145,42146,42147,42148,42149,42150,42151,42152,42153,42154,42155,42156,42157,42158,42159,42160,42161,42162,42163,42164,42166,42167"
606,42176,42223,2174,2174,1,0.391304347826087,0,0,1,1,545,,,42185,,,0.0,42218,3.0097216760061873,13.407005149886247,0.5829747630061881,0.6678098060444444,valley,646.0,761.0,16.0,30.0,756.0,757.0,14.0,26.0,42184,"42176,42177,42178,42179,42180,42181,42182,42183,42184,42185,42186,42187,42188,42189,42190,42191,42192,42193,42194,42195,42196,42197,42198,42199,42200,42201,42202,42203,42204,42205,42206,42207,42208,42209,42210,42211,42212,42213,42214,42215,42216,42217,42218,42219,42220,42221,42223"
607,42240,42265,"2177,2176,2178,2179",2179,1,0.3076923076923077,0,0,1,1,546,,,42244,,,0.0,42254,4.56979086974037,9.293968353450573,0.06176190491004263,0.6198805716136787,valley,919.0,412.0,22.0,26.0,810.0,382.0,25.0,33.0,42220,"42240,42241,42242,42243,42244,42245,42246,42247,42248,42249,42250,42251,42252,42253,42254,42255,42256,42257,42258,42259,42260,42261,42262,42263,42264,42265"
608,42272,42304,"2180,2181,2183",2181,1,0.6666666666666666,0,0,1,1,547,,,42295,1.2541373388201018,4.513080671428567,0.9220843115960928,,,,,0.0,,,,,,,,,,,"42272,42273,42277,42278,42279,42280,42281,42282,42283,42284,42285,42286,42287,42288,42289,42290,42291,42292,42293,42294,42295,42296,42297,42298,42299,42300,42301,42302,42303,42304"
609,42305,42337,"2183,2182,2184",2183,1,0.5,1,0,1,1,548,,,42313,,,0.0,42324,2.672669771306007,7.998250278261452,-0.002977200776312472,0.67748130735213,valley,711.0,348.0,19.0,26.0,587.0,356.0,19.0,30.0,42290,"42305,42306,42307,42308,42309,42310,42311,42312,42313,42314,42315,42316,42317,42318,42319,42320,42321,42322,42323,42324,42325,42326,42327,42328,42329,42330,42331,42332,42333,42334,42335,42336,42337"
610,42339,42358,2184,2184,1,0.8,0,0,1,1,549,,,42351,2.348273449830058,3.9268497154033115,0.9462540803058016,42358,2.4449195381469435,4.705586136238711,0.4023783750097092,0.5,ground_hit_fallback,722.0,221.0,19.0,22.0,548.0,228.0,14.0,22.0,42303,"42339,42340,42341,42342,42343,42344,42345,42346,42347,42348,42349,42350,42351,42352,42353,42354,42355,42356,42357,42358"
611,42359,42385,"2184,2185",2184,1,0.8461538461538461,0,0,1,1,550,,,42374,3.230908132490682,8.402715692719934,0.9667474436195904,42385,3.1208388207342974,7.939266875764623,0.48195642602048494,0.5,ground_hit_fallback,759.0,300.0,19.0,26.0,627.0,307.0,19.0,22.0,42341,"42359,42360,42361,42362,42363,42364,42365,42366,42367,42368,42369,42370,42371,42372,42373,42374,42375,42376,42377,42378,42379,42380,42381,42382,42383,42384,42385"
612,42400,42411,"2188,2186",2188,0,0.0,0,0,1,1,551,,,,5.38842875661633,6.370416425922952,0.9249742279865544,,,,,0.0,,,,,,,,,,,"42400,42401,42402,42403,42404,42405,42406,42407,42408,42409,42410,42411"
613,42412,42423,"2188,2187,2189",2189,1,0.3333333333333333,1,0,1,1,552,,,42414,,,0.0,42420,5.594281692135818,4.356497878633533,-0.1621368865938635,0.7492263632715837,valley,959.0,258.0,19.0,26.0,776.0,243.0,19.0,15.0,42376,"42412,42413,42414,42415,42416,42417,42418,42419,42420,42421,42422,42423"
614,42433,42463,"2192,2190,2191",2192,1,0.8,0,0,1,1,553,,,42445,,,0.0,42459,5.834316503833801,7.7886900063277125,0.5669298081466643,0.6725936494642035,valley,1051.0,292.0,22.0,30.0,888.0,258.0,19.0,22.0,42415,"42433,42434,42435,42436,42437,42438,42439,42440,42441,42442,42443,42444,42445,42446,42447,42448,42449,42450,42451,42452,42453,42454,42455,42456,42457,42458,42459,42460,42461,42462,42463"
615,42473,42495,"2194,2196,2195,2197,2198",2196,1,0.8,0,0,1,1,554,,,42485,0.4665911906139355,4.773617678687276,0.938926110620749,,,,,0.0,,,,,,,,,,,"42473,42477,42478,42479,42480,42481,42482,42483,42484,42485,42486,42487,42488,42489,42490,42491,42492,42493,42494,42495"
616,42504,42509,"2200,2199",2200,0,0.0,0,0,1,1,555,,,,-1.54079219019573,3.3534493696168024,0.8886067102090598,,,,,0.0,,,,,,,,,,,"42504,42505,42506,42507,42508,42509"
617,42528,42538,2201,2201,0,0.0,0,0,1,1,556,,,,1.4316846575441604,9.9377544743033,0.9367634684885351,,,,,0.0,,,,,,,,,,,"42528,42529,42530,42531,42532,42533,42534,42535,42538"
618,42539,42554,"2201,2202,2203",2202,1,0.625,0,0,1,1,557,,,42544,-0.1335504632095713,3.679859117602577,0.9291002865435647,,,,,0.0,,,,,,,,,,,"42539,42540,42541,42542,42543,42544,42545,42546,42547,42548,42549,42550,42551,42552,42553,42554"
619,42574,42596,"2205,2206",2206,1,0.7272727272727273,0,0,1,1,558,,,42589,0.8502545457060413,10.64620387799518,0.9241535703830824,,,,,0.0,,,,,,,,,,,"42574,42575,42576,42577,42578,42579,42580,42581,42582,42583,42584,42585,42586,42587,42588,42589,42590,42591,42592,42593,42594,42595,42596"
620,42597,42604,"2208,2209,2210",2208,0,0.0,0,0,1,1,559,,,,9.425937510228708,8.40654541349888,0.8711980890426243,,,,,0.0,,,,,,,,,,,"42597,42598,42599,42600,42601,42602,42603,42604"
621,42606,42626,"2212,2216,2217,2218,2219",2212,0,0.0,0,0,1,1,560,,,,6.456623828899863,3.6561942089353696,0.7168746570541402,,,,,0.0,,,,,,,,,,,"42606,42607,42608,42609,42610,42611,42612,42613,42614,42615,42616,42617,42618,42619,42620,42621,42624,42625,42626"
622,42869,42874,2221,2221,0,0.0,0,0,1,1,561,,,,2.7602699938432047,8.008898031434374,0.9022151788020796,,,,,0.0,,,,,,,,,,,"42869,42870,42871,42872,42873,42874"
623,42875,42916,"2221,2220,2224,2223,2225,2226",2221,0,0.0,1,0,1,1,562,,,42913,,,0.0,,,,,0.0,,,,,,,,,,,"42875,42876,42877,42878,42879,42880,42881,42882,42883,42884,42885,42886,42887,42888,42889,42890,42891,42892,42893,42894,42895,42896,42897,42898,42899,42900,42901,42902,42903,42904,42905,42906,42907,42908,42909,42910,42911,42912,42913,42914,42915,42916"
624,43040,43049,2227,2227,0,0.0,0,0,0,0,,,low_displacement,,-0.7482851698029324,9.271238434361976,0.9049664399617328,,,,,0.0,,,,,,,,,,,"43040,43041,43042,43043,43044,43045,43046,43047,43048,43049"
625,43056,43090,"2230,2229",2230,0,0.0,0,0,1,1,563,,,,2.6730998800186807,10.754167881732666,0.49963063692046883,43062,-0.16782080219529938,9.17021511074745,0.20326579854770088,0.679604938712546,valley,399.0,371.0,11.0,15.0,244.0,438.0,14.0,22.0,43018,"43056,43057,43058,43059,43060,43061,43062,43063,43064,43065,43066,43067,43068,43069,43070,43071,43072,43073,43074,43076,43077,43078,43079,43080,43081,43082,43083,43084,43085,43086,43087,43088,43089,43090"
626,43096,43127,2231,2231,0,0.0,0,0,1,1,564,,,,2.8583659774446075,10.310605286339673,0.5480854273054453,,,,,0.0,,,,,,,,,,,"43096,43097,43098,43099,43100,43101,43102,43103,43104,43105,43106,43107,43108,43109,43110,43111,43112,43113,43114,43115,43116,43117,43118,43119,43120,43121,43122,43123,43124,43125,43126,43127"
627,43136,43143,2232,2232,0,0.0,0,0,1,1,565,,,,,,0.0,43142,3.42762536518933,11.324323996247752,0.00455939840353814,0.5,ground_hit_fallback,767.0,555.0,22.0,33.0,736.0,547.0,22.0,26.0,43098,"43136,43137,43138,43139,43140,43141,43142,43143"
628,43300,43318,2238,2238,1,0.7777777777777778,1,1,1,1,566,,,43312,1.4975347347606829,5.012428963977415,0.8891532310202618,,,,,0.0,,,,,,,,,,,"43300,43301,43302,43303,43304,43305,43306,43307,43308,43309,43310,43311,43312,43313,43314,43315,43316,43317,43318"
629,43319,43426,"2238,2239,2242,2241",2238,1,0.04081632653061224,1,0,1,1,567,,,43320,,,0.0,43389,-0.40971981857890327,6.968225861659885,-0.24076274865430314,0.4696360903011997,valley,,,,,,,,,,"43319,43320,43321,43322,43323,43324,43328,43329,43330,43331,43332,43333,43334,43335,43336,43337,43338,43339,43340,43341,43342,43343,43344,43345,43346,43347,43348,43349,43350,43351,43352,43353,43354,43355,43356,43357,43358,43359,43360,43361,43362,43363,43364,43365,43366,43367,43368,43369,43370,43371,43372,43373,43374,43375,43376,43377,43378,43379,43380,43381,43384,43385,43386,43387,43388,43389,43392,43393,43394,43395,43396,43397,43398,43399,43400,43401,43402,43403,43404,43405,43406,43407,43408,43409,43410,43411,43412,43413,43414,43415,43416,43417,43420,43421,43422,43423,43424,43426"
630,43792,43822,"2247,2250",2247,1,0.5333333333333333,0,0,1,1,568,,,43800,,,0.0,43809,3.3492945786474237,9.509938740634187,-0.17074843600430434,0.7410358069511569,valley,767.0,438.0,22.0,30.0,677.0,435.0,30.0,30.0,43764,"43792,43793,43794,43795,43796,43797,43798,43799,43800,43801,43802,43803,43804,43805,43806,43807,43808,43809,43810,43811,43812,43813,43814,43815,43816,43817,43818,43819,43820,43821,43822"
631,43823,43857,2250,2250,1,1.0,0,0,1,1,569,,,43842,,,0.0,43857,1.7844787555833506,1.9366304834830643,-0.024679811428992338,0.5,ground_hit_fallback,700.0,195.0,19.0,33.0,506.0,221.0,14.0,15.0,43813,"43823,43825,43826,43827,43828,43829,43831,43832,43833,43834,43835,43836,43837,43838,43839,43840,43841,43842,43843,43844,43845,43846,43847,43848,43849,43850,43851,43852,43853,43854,43855,43856,43857"
632,43872,43891,"2253,2252",2253,1,0.6,0,0,1,1,570,,,43886,4.473216448038759,12.716912813810845,0.9139100969413239,,,,,0.0,,,,,,,,,,,"43872,43873,43874,43875,43876,43877,43878,43879,43880,43881,43882,43883,43884,43885,43886,43887,43888,43889,43890,43891"
633,43892,43923,"2253,2254,2255,2256,2257",2254,1,0.2857142857142857,1,0,1,1,571,,,43896,-1.460973207019435,-3.850751091667135,0.5483184388740711,43900,2.035675829468381,4.777476512764977,0.20335039177219283,0.771969767451806,valley,691.0,236.0,19.0,26.0,517.0,251.0,19.0,22.0,,"43892,43893,43894,43895,43896,43897,43898,43899,43900,43901,43902,43903,43904,43905,43906,43907,43908,43909,43910,43911,43912,43913,43914,43916,43917,43918,43919,43922,43923"
634,44063,44084,"2259,2260,2261,2262,2263,2264",2262,0,0.0,0,0,1,1,572,,,,5.361652714491926,-0.8275943488779202,0.9461336940318174,,,,,0.0,,,,,,,,,,,"44063,44066,44068,44071,44072,44073,44075,44078,44079,44080,44084"
635,44200,44205,"2269,2267,2268",2269,0,0.0,0,0,1,1,573,,,,3.548139115956079,2.3956150555884053,0.8559100320824358,,,,,0.0,,,,,,,,,,,"44200,44201,44202,44203,44204,44205"
636,44206,44234,"2269,2270,2272,2271",2272,1,0.7692307692307693,0,0,1,1,574,,,44216,,,0.0,44229,0.7804835055945833,12.052732769228248,0.2051150583053829,0.645357685334957,valley,329.0,573.0,22.0,26.0,281.0,675.0,19.0,26.0,44184,"44206,44207,44208,44209,44210,44211,44212,44213,44214,44215,44216,44217,44218,44219,44220,44221,44223,44224,44225,44226,44227,44228,44229,44232,44233,44234"
637,44243,44280,"2274,2277,2276,2278,2283,2281,2282,2284",2277,1,0.9473684210526315,0,0,1,1,575,,,44261,,,0.0,44274,3.113823774222782,1.924268323300275,0.4601426815022265,0.6414609334224404,valley,781.0,172.0,16.0,22.0,582.0,172.0,19.0,22.0,44229,"44243,44244,44245,44246,44247,44248,44249,44250,44251,44252,44253,44254,44255,44256,44257,44258,44259,44260,44261,44262,44263,44264,44265,44266,44267,44268,44269,44270,44271,44272,44273,44274,44275,44276,44277,44278,44279,44280"
638,44288,44316,"2285,2286",2286,1,0.9166666666666666,0,0,1,1,576,,,44302,1.0222992122428511,15.189290188396027,0.916520333222439,,,,,0.0,,,,,,,,,,,"44288,44289,44290,44291,44292,44293,44294,44295,44296,44297,44298,44299,44300,44301,44302,44303,44304,44305,44306,44307,44308,44309,44310,44311,44316"
639,44317,44351,"2287,2289",2287,1,1.0,0,0,1,1,577,,,44334,0.8053191276564895,3.3085188903643,0.9219808283588679,,,,,0.0,,,,,,,,,,,"44317,44318,44319,44320,44321,44322,44323,44324,44325,44326,44327,44328,44329,44330,44331,44332,44333,44334,44335,44336,44337,44338,44339,44340,44341,44342,44343,44344,44345,44346,44347,44348,44349,44350,44351"
640,44343,44356,2289,2289,1,0.7142857142857143,0,0,1,1,578,,,44352,2.022803153801614,10.063585226084212,0.9453711886305944,,,,,0.0,,,,,,,,,,,"44343,44344,44345,44346,44347,44348,44349,44350,44351,44352,44353,44354,44355,44356"
641,44369,44383,2290,2290,1,0.42857142857142855,1,1,1,1,579,,,44380,1.743601452470116,5.694945448284338,0.9503262652990918,,,,,0.0,,,,,,,,,,,"44369,44370,44371,44372,44373,44374,44375,44376,44377,44378,44379,44380,44381,44382,44383"
642,44489,44497,2294,2294,0,0.0,0,0,1,1,580,,,,3.43548664506969,1.4328278550811895,0.8110654703173502,,,,,0.0,,,,,,,,,,,"44489,44490,44491,44492,44493,44494,44495,44496,44497"
643,44527,44551,"2297,2296,2303,2300,2301,2302,2304",2303,0,0.0,0,0,1,1,581,,,,,,0.0,44540,3.2457891527937397,3.143900195384397,0.12089653255133825,0.8477970594985029,valley,,,,,,,,,44495,"44527,44528,44529,44530,44531,44532,44533,44538,44539,44540,44541,44542,44543,44544,44545,44546,44547,44548,44549,44550,44551"
644,44560,44570,"2306,2305",2306,0,0.0,0,0,1,1,582,,,,3.2646988126369827,1.830103612657813,0.863153253177038,44563,3.5205006642495684,2.132167759107084,0.36532737356481704,0.5237915724102687,valley,807.0,183.0,16.0,18.0,610.0,180.0,16.0,26.0,44518,"44560,44561,44562,44563,44566,44567,44568,44569,44570"
645,44585,44591,"2309,2308",2309,0,0.0,0,0,0,0,,,low_displacement,,1.987134327711035,-0.41082586756411554,0.8505653515709002,,,,,0.0,,,,,,,,,,,"44585,44586,44587,44589,44590,44591"
646,44704,44725,"2311,2313,2312,2314",2313,1,0.9090909090909091,0,0,1,1,583,,,44714,6.649089591565158,14.146582435601028,0.908595537935742,,,,,0.0,,,,,,,,,,,"44704,44705,44706,44707,44708,44709,44710,44711,44712,44713,44714,44715,44716,44717,44718,44719,44720,44721,44722,44723,44724,44725"
647,44948,44967,"2318,2319,2320",2319,1,0.7,0,0,1,1,584,,,44955,1.2333958682916757,0.8674816701563515,0.9389391214832197,44967,1.459832487261712,1.285413861380082,0.13033771135186,0.5,ground_hit_fallback,680.0,183.0,28.0,26.0,478.0,191.0,22.0,30.0,44922,"44948,44949,44950,44951,44952,44953,44954,44955,44956,44957,44958,44959,44960,44961,44962,44963,44964,44965,44966,44967"
648,44984,45018,"2322,2321,2324",2322,1,0.35294117647058826,0,0,1,1,585,,,44990,,,0.0,45004,3.470211262261507,10.513488074396909,-0.008331932419228139,0.6883098740391022,valley,779.0,487.0,22.0,37.0,717.0,480.0,22.0,26.0,44959,"44984,44985,44986,44987,44988,44989,44990,44991,44992,44993,44994,44995,44996,44997,44998,44999,45000,45001,45002,45003,45004,45005,45006,45007,45008,45009,45010,45011,45012,45013,45014,45015,45016,45017,45018"
649,45019,45041,"2324,2325",2325,1,0.6363636363636364,0,0,1,1,586,,,45035,3.3304633262676666,3.1112859377324877,0.8942658512531229,,,,,0.0,,,,,,,,,,,"45019,45020,45021,45022,45023,45024,45025,45026,45027,45028,45029,45030,45031,45032,45033,45034,45035,45036,45037,45038,45039,45040,45041"
650,45048,45059,2327,2327,0,0.0,0,0,1,1,587,,,,3.227600092962995,5.142865998347349,0.9217902224364525,45052,3.3062020109417847,5.553840130788025,0.20108319486568504,0.3304717752732158,valley,784.0,255.0,16.0,22.0,621.0,258.0,19.0,22.0,45007,"45048,45049,45050,45051,45052,45053,45054,45055,45056,45057,45058,45059"
651,45072,45090,2328,2328,1,0.6666666666666666,0,0,1,1,588,,,45078,4.077817571721956,8.67773321142007,0.9630889809938449,45090,3.974583446885584,8.218757939027817,0.41202477355227174,0.5,ground_hit_fallback,849.0,318.0,19.0,26.0,720.0,315.0,19.0,26.0,45045,"45072,45073,45074,45075,45076,45077,45078,45079,45080,45081,45082,45083,45084,45085,45086,45087,45088,45089,45090"
652,45120,45127,2329,2329,0,0.0,0,0,1,1,589,,,45121,5.535560468526861,5.012189217715383,0.9615979572286257,45127,5.363154135491683,5.608416810953713,0.3538364705511121,0.5,ground_hit_fallback,961.0,247.0,19.0,26.0,784.0,225.0,16.0,30.0,45082,"45120,45121,45122,45123,45124,45125,45126,45127"
653,45192,45205,"2334,2333",2334,0,0.0,0,0,1,1,590,,,,,,0.0,45202,4.311046026303788,4.305229732300319,-0.0922768861749681,0.3064349300957,valley,863.0,255.0,11.0,15.0,691.0,247.0,8.0,15.0,45147,"45192,45193,45194,45195,45196,45197,45198,45199,45200,45201,45202,45203,45204,45205"
654,45264,45294,2336,2336,1,0.8,0,0,1,1,591,,,45276,,,0.0,45293,1.7302035063236745,9.23803417263493,0.02345593217290709,0.5,ground_hit_fallback,590.0,393.0,22.0,30.0,483.0,431.0,22.0,26.0,45237,"45264,45265,45266,45267,45268,45269,45270,45271,45272,45273,45274,45275,45276,45277,45278,45279,45280,45281,45282,45283,45284,45285,45286,45287,45288,45289,45290,45291,45292,45293,45294"
655,45325,45351,2337,2337,0,0.0,0,0,1,1,592,,,,1.1233313745820461,13.425843590163307,0.9591511465967504,,,,,0.0,,,,,,,,,,,"45325,45326,45327,45328,45329,45330,45331,45332,45333,45334,45335,45336,45337,45338,45339,45340,45341,45342,45343,45344,45345,45346,45347,45348,45349,45350,45351"
656,45499,45515,"2343,2344,2345",2344,1,0.375,0,0,1,1,593,,,45502,,,0.0,45512,4.177995043056205,0.498330560446945,-0.07726683467426199,0.7150858900710668,valley,840.0,183.0,25.0,26.0,641.0,183.0,16.0,22.0,45456,"45499,45500,45501,45502,45503,45504,45505,45506,45507,45508,45509,45510,45511,45512,45514,45515"
657,45536,45571,2347,2347,1,0.3888888888888889,0,0,1,1,594,,,45541,,,0.0,45556,3.5282899563091634,9.80476715593796,0.03947451819117198,0.6759473532936052,valley,793.0,438.0,19.0,26.0,708.0,431.0,19.0,26.0,45500,"45536,45537,45538,45539,45540,45541,45542,45543,45544,45545,45546,45547,45548,45549,45550,45551,45552,45553,45554,45555,45556,45557,45558,45559,45560,45561,45562,45563,45564,45565,45566,45567,45568,45569,45570,45571"
658,45572,45600,"2347,2349,2348",2349,1,0.2777777777777778,1,1,1,1,595,,,45597,,,0.0,,,,,0.0,,,,,,,,,,,"45572,45573,45574,45576,45577,45580,45581,45582,45583,45584,45585,45586,45587,45588,45589,45590,45591,45592,45593,45594,45595,45596,45597,45598,45599,45590,45591,45592,45593,45594,45595,45596,45597,45598,45599,45600"
659,45601,45639,2349,2349,0,0.0,1,0,1,1,596,,,,,,0.0,45610,3.126302141774151,7.099223107380006,-0.055345461571931764,0.3195022382722438,valley,762.0,322.0,16.0,22.0,624.0,326.0,16.0,22.0,45554,"45601,45602,45603,45604,45605,45606,45607,45608,45609,45610,45611,45612,45613,45614,45615,45616,45617,45618,45619,45620,45621,45622,45623,45624,45625,45626,45627,45628,45629,45630,45631,45632,45633,45634,45635,45636,45637,45638,45639"
660,45648,45679,2350,2350,0,0.0,0,0,0,0,,,low_displacement,,,,0.0,,,,,0.0,,,,,,,,,,,"45648,45649,45650,45651,45652,45653,45654,45655,45656,45657,45658,45659,45660,45661,45664,45665,45666,45667,45668,45672,45673,45674,45679"
661,45688,45705,2352,2352,0,0.0,0,0,1,1,597,,,,4.5265567535412705,10.771826939741372,0.9260586677063557,,,,,0.0,,,,,,,,,,,"45688,45689,45690,45691,45692,45693,45694,45695,45688,45689,45690,45691,45692,45693,45694,45695,45696,45697,45698,45699,45700,45701,45702,45703,45704,45705"
662,45720,45748,2353,2353,0,0.0,0,0,1,1,598,,,,,,0.0,45730,3.492113356986234,11.283674318539761,0.06613871042754482,0.7181669909997994,valley,781.0,540.0,19.0,41.0,748.0,528.0,19.0,37.0,45674,"45720,45721,45722,45724,45725,45726,45727,45728,45729,45730,45731,45732,45733,45736,45740,45741,45744,45745,45746,45747,45748"
663,45765,45791,"2354,2356",2356,0,0.0,0,0,1,1,599,,,,4.201607179666676,13.339526815420847,0.609136115293893,45784,4.074269388175499,13.231740509413992,-0.036161370250653135,0.7725751361715888,valley,,,,,,,,,45728,"45765,45766,45767,45768,45769,45770,45771,45772,45773,45774,45775,45780,45781,45782,45783,45784,45785,45786,45787,45788,45789,45790,45791,45782,45783,45784,45785,45786,45787,45788,45789,45790,45791"
664,45801,45806,2358,2358,0,0.0,0,0,0,0,,,low_displacement,,4.279484986968196,14.16691735024153,0.9352029450768462,,,,,0.0,,,,,,,,,,,"45801,45802,45803,45804,45805,45806"
665,45892,45915,"2359,2360",2360,1,0.8181818181818182,0,0,1,1,600,,,45903,,,0.0,45913,0.880942578340291,2.486934625884082,-0.05503929925637219,0.6659229929892236,valley,638.0,210.0,22.0,30.0,441.0,228.0,19.0,22.0,45857,"45892,45894,45895,45896,45898,45899,45900,45901,45902,45903,45904,45905,45906,45907,45908,45909,45910,45911,45912,45913,45914,45915"
666,45928,45965,"2361,2362,2363,2364",2363,1,0.6666666666666666,0,0,1,1,601,,,45941,,,0.0,45952,2.460246878007153,10.483352308416958,0.13642148676750843,0.6530274723443572,valley,646.0,457.0,19.0,37.0,582.0,480.0,16.0,30.0,45896,"45928,45929,45930,45931,45932,45934,45935,45936,45937,45938,45939,45940,45941,45942,45943,45944,45945,45946,45947,45948,45949,45950,45951,45952,45953,45954,45955,45956,45957,45958,45959,45960,45961,45962,45963,45964,45965"
667,45974,45979,2368,2368,1,1.0,0,0,1,1,602,,,45977,4.188785643868959,-0.47145097573978223,0.8977487898919083,,,,,0.0,,,,,,,,,,,"45974,45975,45976,45977,45978,45979"
668,45980,46010,"2368,2367",2368,1,0.35714285714285715,0,0,1,1,603,,,45987,,,0.0,45994,3.7814735239438315,8.548697946558924,0.016888639681171824,0.6535558862576615,valley,824.0,371.0,16.0,33.0,708.0,363.0,19.0,30.0,45938,"45980,45983,45984,45985,45986,45987,45988,45989,45990,45991,45992,45993,45994,45995,45996,45997,45998,45999,46000,46001,46002,46003,46004,46005,46006,46007,46008,46009,46010"
669,46011,46207,"2368,2369,2370,2371,2372,2373",2371,1,0.04716981132075472,1,1,1,1,604,,,46024,,,0.0,46128,2.6140639849333085,6.644280288032078,-0.03488035068346562,0.6689251175220761,valley,717.0,303.0,22.0,22.0,570.0,315.0,22.0,26.0,46072,"46011,46012,46013,46014,46015,46016,46017,46018,46019,46020,46021,46022,46023,46024,46025,46026,46027,46028,46033,46034,46035,46036,46037,46038,46039,46040,46041,46042,46043,46044,46045,46046,46047,46048,46049,46050,46051,46052,46053,46054,46055,46056,46057,46058,46059,46060,46061,46062,46063,46064,46065,46066,46067,46068,46069,46070,46071,46072,46073,46074,46075,46076,46077,46078,46079,46070,46071,46072,46073,46074,46075,46076,46077,46078,46079,46080,46081,46082,46083,46084,46085,46086,46087,46088,46089,46090,46091,46092,46093,46094,46095,46096,46097,46098,46099,46100,46101,46102,46103,46104,46105,46106,46107,46108,46109,46110,46111,46112,46113,46114,46115,46116,46117,46118,46119,46120,46121,46122,46123,46124,46125,46126,46127,46128,46129,46130,46131,46132,46133,46134,46135,46136,46137,46138,46139,46140,46141,46142,46143,46144,46145,46146,46147,46148,46149,46150,46151,46152,46153,46154,46155,46156,46157,46158,46159,46160,46161,46162,46163,46164,46165,46166,46167,46168,46169,46170,46171,46172,46173,46174,46175,46166,46167,46168,46169,46170,46171,46172,46173,46174,46175,46176,46177,46178,46179,46180,46181,46182,46183,46184,46185,46186,46187,46188,46189,46190,46191,46192,46193,46194,46195,46196,46197,46198,46199,46200,46201,46202,46203,46204,46205,46206,46207"
670,46232,46239,"2374,2375",2375,0,0.0,0,0,0,0,,,low_displacement;low_peak_z,,2.181882165476447,6.078211036453585,0.9250744666077655,,,,,0.0,,,,,,,,,,,"46232,46233,46236,46237,46238,46239"
671,46440,46471,"2376,2377,2378,2380,2379,2381,2383",2383,1,0.625,1,0,1,1,605,,,46450,,,0.0,46459,4.305174191071179,10.05049505421923,0.09298735325565843,0.6595976523605239,valley,,,,,,,,,46403,"46440,46441,46442,46443,46444,46445,46446,46447,46448,46449,46450,46451,46452,46453,46454,46455,46456,46457,46458,46459,46460,46461,46462,46463,46464,46465,46466,46467,46468,46469,46470,46471"
672,46472,46514,"2383,2384,2385",2383,1,1.0,0,0,1,1,606,,,46495,,,0.0,46514,3.941095370819352,0.3747265294792612,-0.11888271352917279,0.5,ground_hit_fallback,832.0,191.0,11.0,15.0,621.0,183.0,30.0,26.0,46458,"46472,46473,46477,46478,46479,46480,46481,46482,46484,46485,46486,46487,46488,46489,46490,46491,46492,46493,46494,46495,46496,46497,46498,46499,46500,46501,46502,46503,46504,46505,46506,46507,46508,46509,46510,46511,46512,46513,46514"
673,46528,46565,"2387,2388,2389,2390,2394,2395",2395,1,0.5909090909090909,0,0,1,1,607,,,46541,,,0.0,46556,4.232227926979152,11.208630009170289,0.20734778324111147,0.7274886387738002,valley,,,,,,,,,46500,"46528,46529,46530,46531,46532,46533,46534,46535,46536,46537,46538,46539,46540,46541,46542,46543,46544,46545,46546,46547,46549,46551,46552,46553,46554,46555,46556,46557,46558,46559,46551,46552,46553,46554,46555,46556,46557,46558,46559,46560,46561,46562,46563,46564,46565"
674,46566,46594,2395,2395,1,0.7142857142857143,0,0,1,1,608,,,46584,2.4312586494672934,3.859118854138501,0.9289042684268005,46594,2.46829505007587,4.5222857474119,0.3530013935464291,0.5,ground_hit_fallback,725.0,221.0,19.0,26.0,551.0,232.0,14.0,18.0,46537,"46566,46567,46568,46569,46570,46571,46572,46573,46574,46575,46576,46577,46578,46579,46580,46581,46582,46583,46584,46586,46587,46588,46589,46590,46591,46592,46593,46594"
675,46600,46624,"2398,2397,2400,2399,2401,2402",2400,1,0.3333333333333333,1,0,1,1,609,,,46613,,,0.0,46621,5.532349404724387,6.032959943103123,0.09250377980475477,0.7268655261785453,valley,975.0,285.0,22.0,22.0,804.0,255.0,25.0,26.0,46566,"46600,46601,46602,46603,46604,46605,46606,46607,46608,46609,46610,46611,46612,46613,46614,46615,46616,46617,46618,46619,46620,46621,46622,46623,46624"
676,46625,46630,"2402,2403",2402,0,0.0,0,0,1,1,610,,,,6.621106555949414,7.566467933086133,0.8839789654934693,,,,,0.0,,,,,,,,,,,"46625,46626,46627,46628,46629,46630"
677,46631,46637,2403,2403,0,0.0,0,0,1,1,611,,,,6.0234146145659695,11.58418656893651,0.9026749988572722,,,,,0.0,,,,,,,,,,,"46631,46632,46633,46634,46635,46636,46637"
678,46771,46815,"2405,2406,2407,2408",2406,1,0.5454545454545454,0,0,1,1,612,,,46783,,,0.0,46808,4.5990743169375286,-0.009355897220515885,0.15486985420821675,0.672609699604066,valley,869.0,168.0,16.0,22.0,658.0,157.0,16.0,22.0,46749,"46771,46772,46773,46774,46775,46776,46777,46778,46779,46780,46781,46782,46783,46784,46785,46786,46787,46788,46789,46790,46791,46792,46793,46794,46795,46796,46797,46798,46799,46800,46801,46802,46803,46804,46805,46806,46807,46808,46809,46810,46811,46812,46813,46814,46815"
679,46898,46928,"2409,2410",2410,1,0.7333333333333333,0,0,1,1,613,,,46908,,,0.0,46924,0.9591976259777333,12.942734320525869,0.1984662230374994,0.6369416644999963,valley,275.0,686.0,19.0,26.0,278.0,817.0,16.0,26.0,46868,"46898,46899,46900,46901,46902,46903,46904,46905,46906,46907,46908,46909,46910,46911,46912,46913,46914,46916,46917,46918,46919,46920,46921,46922,46923,46924,46925,46926,46927,46928"
680,46934,46959,2414,2414,1,0.6923076923076923,0,0,1,1,614,,,46951,2.053505518417364,0.20433594397398913,0.9340587709898296,,,,,0.0,,,,,,,,,,,"46934,46935,46936,46937,46938,46939,46940,46941,46942,46943,46944,46945,46946,46947,46948,46949,46950,46951,46952,46953,46954,46955,46956,46957,46958,46959"
681,46992,47015,2418,2418,1,0.25,1,1,1,1,615,,,47012,2.8586393448179073,7.527438116245129,0.943901378632929,,,,,0.0,,,,,,,,,,,"46992,46993,46994,46995,46996,46997,46998,46999,47000,47001,47002,47003,47004,47005,47006,47007,47008,47009,47010,47011,47012,47013,47014,47015"
682,47024,47032,"2419,2420",2420,0,0.0,1,0,1,1,616,,,,2.9362586723729605,5.4383198090786955,0.8963627746447801,,,,,0.0,,,,,,,,,,,"47024,47025,47026,47027,47028,47029,47030,47031,47032"
683,47243,47283,"2423,2424,2425",2423,1,0.7,0,0,1,1,617,,,47256,,,0.0,47267,4.22983158326608,9.832322735995913,-0.00901863845138351,0.6910051051716135,valley,883.0,450.0,16.0,22.0,790.0,427.0,25.0,22.0,47211,"47243,47244,47245,47246,47247,47248,47249,47250,47251,47252,47253,47254,47255,47256,47257,47258,47259,47260,47261,47262,47263,47264,47265,47266,47267,47268,47269,47270,47271,47272,47273,47274,47275,47276,47277,47278,47279,47280,47281,47282,47283"
684,47284,47317,"2423,2426,2427,2428",2428,1,1.0,0,0,1,1,618,,,47303,,,0.0,47317,2.286466208629761,2.6870123930484375,0.24281905641729296,0.5,ground_hit_fallback,725.0,198.0,19.0,22.0,534.0,202.0,14.0,22.0,47261,"47284,47285,47287,47288,47289,47293,47294,47295,47296,47297,47298,47299,47300,47301,47302,47303,47304,47305,47306,47307,47308,47309,47310,47311,47312,47313,47314,47315,47316,47317"
685,47336,47354,"2429,2430,2431",2430,1,0.8888888888888888,0,0,1,1,619,,,47343,3.028338633299364,8.804057482261548,0.9328130093369882,,,,,0.0,,,,,,,,,,,"47336,47337,47338,47339,47340,47341,47342,47343,47344,47345,47346,47347,47348,47349,47350,47352,47353,47354"
686,47361,47375,"2433,2434,2435",2435,0,0.0,0,0,1,1,620,,,,-0.4798193481084656,-3.680861506307713,0.9154511203764386,47362,1.359908032680201,1.9562167014039193,0.14555322819347927,0.5,ground_hit_fallback,675.0,195.0,16.0,22.0,472.0,202.0,19.0,22.0,47306,"47361,47362,47363,47364,47365,47366,47367,47369,47370,47373,47374,47375"
687,47508,47519,"2438,2440",2440,0,0.0,0,0,1,1,621,,,,5.051558190086658,10.357497286603481,0.8633330645513452,,,,,0.0,,,,,,,,,,,"47508,47509,47511,47512,47513,47514,47515,47516,47517,47518,47519"
688,47529,47551,2443,2443,0,0.0,0,0,1,1,622,,,,,,0.0,47547,4.511568500909718,10.635178994357037,0.1710602036502067,0.719448243691358,valley,939.0,487.0,14.0,33.0,860.0,450.0,16.0,22.0,,"47529,47530,47531,47532,47533,47534,47535,47536,47538,47539,47540,47541,47542,47543,47544,47545,47546,47547,47548,47549,47550,47551"
689,47862,47890,"2445,2446",2445,1,0.9285714285714286,0,0,1,1,623,,,47875,,,0.0,47890,1.5001658852650983,-0.35361959026197454,-0.09339954168998155,0.5,ground_hit_fallback,700.0,176.0,16.0,26.0,489.0,187.0,19.0,22.0,47821,"47862,47863,47864,47865,47866,47867,47868,47869,47870,47871,47872,47873,47874,47875,47876,47877,47878,47879,47880,47881,47882,47883,47884,47885,47886,47887,47888,47889,47890"
690,47902,47917,"2448,2449,2450",2449,0,0.0,0,0,1,1,624,,,,3.5719663538848403,10.076611045520131,0.8715651067926865,,,,,0.0,,,,,,,,,,,"47902,47903,47904,47905,47906,47907,47908,47909,47910,47911,47912,47913,47914,47915,47916,47917"
691,47924,47961,2451,2451,1,0.10526315789473684,0,0,1,1,625,,,47926,,,0.0,47947,3.4593908447333863,11.420147917424522,0.07739721322396953,0.7177208324080064,valley,776.0,555.0,19.0,33.0,745.0,543.0,22.0,33.0,47878,"47924,47925,47926,47927,47928,47929,47930,47931,47932,47933,47934,47935,47936,47937,47938,47939,47940,47941,47942,47943,47944,47945,47946,47947,47948,47949,47950,47951,47952,47953,47954,47955,47956,47957,47958,47959,47960,47961"
692,47962,47983,"2451,2452",2452,1,0.6363636363636364,0,0,1,1,626,,,47977,0.7143468553420651,0.6866253408927943,0.9289411324402179,,,,,0.0,,,,,,,,,,,"47962,47963,47964,47965,47966,47967,47968,47969,47970,47971,47972,47973,47974,47975,47976,47977,47978,47979,47980,47981,47982,47983"
693,47992,48029,"2454,2457",2454,1,0.7619047619047619,0,0,1,1,627,,,48001,,,0.0,48021,3.0434195063952814,11.239902923914688,0.28225514850687006,0.6869420671952482,valley,711.0,510.0,22.0,26.0,672.0,517.0,30.0,26.0,47951,"47992,47993,47994,47995,47996,47997,47998,47999,47993,47994,47995,47996,47997,47998,47999,48000,48001,48002,48003,48004,48005,48006,48007,48008,48009,48010,48011,48012,48013,48014,48015,48017,48018,48019,48021,48022,48023,48024,48025,48026,48027,48028,48029"
694,48030,48056,"2457,2456",2457,1,0.9230769230769231,0,0,1,1,628,,,48045,2.2770475771252494,1.7570214526918324,0.9224138155249477,,,,,0.0,,,,,,,,,,,"48030,48031,48032,48033,48034,48035,48036,48037,48038,48039,48040,48041,48042,48043,48044,48045,48046,48047,48048,48049,48050,48051,48052,48053,48054,48055,48056"
695,48057,48078,"2457,2458,2459,2460",2459,1,0.2727272727272727,1,0,1,1,629,,,48060,5.801128425288123,10.852203653720592,0.6740840011437215,48064,4.335139945401103,8.096284418925244,0.06737162570746946,0.6655573570511921,valley,883.0,352.0,19.0,26.0,750.0,337.0,22.0,26.0,47995,"48057,48058,48059,48060,48061,48062,48063,48064,48065,48066,48067,48068,48069,48070,48071,48072,48073,48074,48075,48076,48077,48078"
696,48084,48106,"2461,2462,2464,2463",2462,1,0.6875,0,0,1,1,630,,,48096,3.3731785624573205,2.2406970203664205,0.9288531597290939,,,,,0.0,,,,,,,,,,,"48084,48085,48086,48087,48088,48089,48090,48091,48092,48093,48094,48095,48087,48088,48089,48090,48091,48092,48093,48094,48095,48096,48097,48098,48099,48100,48101,48102,48103,48104,48105,48106"
697,48107,48140,"2464,2465",2465,1,0.35294117647058826,0,0,1,1,631,,,48113,,,0.0,48125,3.9243767302751946,11.14209939170604,0.021222604404890433,0.6731447274891733,valley,846.0,547.0,22.0,26.0,804.0,517.0,19.0,26.0,48056,"48107,48108,48109,48110,48111,48112,48113,48114,48115,48116,48117,48118,48119,48120,48121,48122,48123,48124,48125,48126,48127,48128,48129,48130,48131,48132,48133,48134,48135,48136,48137,48138,48139,48140"
698,48276,48295,"2467,2468",2468,0,0.0,0,0,0,0,,,low_peak_z,,,,0.0,,,,,0.0,,,,,,,,,,,"48276,48277,48278,48279,48280,48281,48282,48285,48286,48287,48288,48289,48290,48291,48292,48293,48294,48295"
699,48435,48469,"2475,2476,2477,2479,2478",2477,1,0.75,0,0,1,1,632,,,48449,,,0.0,48460,5.377910612265763,2.506699522238648,0.252228489729184,0.6697603519810708,valley,928.0,191.0,25.0,30.0,731.0,180.0,19.0,26.0,48391,"48435,48436,48437,48438,48439,48440,48443,48444,48445,48446,48447,48448,48449,48450,48451,48452,48453,48454,48455,48456,48457,48458,48459,48460,48461,48462,48463,48464,48465,48466,48467,48468,48469"
700,48471,48479,"2483,2484",2483,0,0.0,0,0,1,1,633,,,,5.050696563932108,11.575888088474484,0.862443581958553,,,,,0.0,,,,,,,,,,,"48471,48472,48473,48474,48475,48476,48477,48478,48479"
701,48497,48511,2487,2487,0,0.0,0,0,1,1,634,,,,5.321621631055178,9.297346205631207,0.980896467742107,,,,,0.0,,,,,,,,,,,"48497,48498,48499,48500,48501,48502,48503,48504,48505,48506,48507,48508,48509,48510,48511"
702,48521,48559,"2489,2491,2492,2493,2494,2495,2496,2498",2495,1,0.7333333333333333,0,0,1,1,635,,,48536,,,0.0,,,,,0.0,,,,,,,,,,,"48521,48522,48523,48528,48529,48530,48531,48532,48533,48534,48535,48536,48537,48542,48543,48544,48545,48546,48547,48548,48549,48550,48551,48552,48553,48554,48555,48556,48557,48558,48559"
703,48560,48567,"2498,2497",2498,1,0.5,1,0,1,1,636,,,48566,2.216914804776324,7.032695867869002,0.9121932969255382,,,,,0.0,,,,,,,,,,,"48560,48561,48562,48563,48564,48565,48566,48567"
704,48576,48581,2499,2499,0,0.0,0,0,0,0,,,low_displacement,,2.70353024535293,12.883630905231772,0.8885219158418867,,,,,0.0,,,,,,,,,,,"48576,48577,48578,48579,48580,48581"
705,48592,48607,"2507,2500,2501",2507,0,0.0,0,0,0,0,,,low_peak_z,,,,0.0,,,,,0.0,,,,,,,,,,,"48592,48593,48594,48595,48596,48597,48598,48599,48600,48601,48602,48603,48604,48605,48607"
706,48608,48615,2507,2507,0,0.0,0,0,0,0,,,low_displacement;low_peak_z,,-0.6645607712696596,5.230100434982739,0.9529425097948949,,,,,0.0,,,,,,,,,,,"48608,48609,48610,48611,48612,48613,48614,48615"
707,48621,48639,"2507,2504,2505",2507,0,0.0,0,0,0,0,,,low_peak_z,,,,0.0,,,,,0.0,,,,,,,,,,,"48621,48622,48623,48624,48628,48629,48630,48631,48632,48633,48634,48635,48636,48637,48638,48639"
708,48656,48694,"2508,2509,2510,2512,2511",2512,1,0.3157894736842105,0,0,1,1,637,,,48659,4.871325082481438,10.633762736062105,0.655615892631509,,,,,0.0,,,,,,,,,,,"48656,48657,48658,48659,48660,48661,48662,48663,48664,48665,48666,48667,48668,48669,48670,48671,48672,48673,48674,48675,48676,48677,48678,48679,48680,48681,48682,48683,48684,48685,48686,48687,48688,48689,48690,48691,48692,48693,48694"
709,48712,48735,"2513,2514",2514,0,0.0,0,0,1,1,638,,,,4.3388698294329044,12.458547110587677,0.7540394827632978,48728,4.23078100938447,12.175929480455306,0.016972470775680648,0.7292205144972381,valley,916.0,675.0,14.0,15.0,905.0,607.0,19.0,26.0,48659,"48712,48714,48715,48716,48717,48718,48719,48720,48721,48722,48723,48724,48725,48726,48727,48728,48729,48730,48731,48732,48733,48734,48735"
710,48777,48790,2516,2516,0,0.0,0,0,0,0,,,low_displacement,,3.9196845996589444,14.068713158756404,0.9176037036904178,,,,,0.0,,,,,,,,,,,"48777,48778,48779,48780,48781,48784,48785,48786,48788,48789,48790"
711,48859,48903,"2520,2521,2522,2523,2525,2524",2521,1,0.18181818181818182,0,0,1,1,639,,,48863,,,0.0,48891,0.2266651837359679,3.9998915716872903,-0.06572940538599203,0.7054983900119909,valley,579.0,236.0,19.0,30.0,385.0,262.0,19.0,30.0,48822,"48859,48861,48862,48863,48864,48865,48866,48867,48868,48869,48870,48871,48872,48873,48874,48875,48876,48877,48878,48879,48880,48881,48882,48883,48884,48885,48886,48887,48888,48889,48890,48891,48892,48893,48894,48895,48896,48897,48898,48899,48900,48901,48902,48903"
712,48976,49033,"2527,2528,2529,2530,2531",2531,1,0.5862068965517241,0,0,1,1,640,,,48993,,,0.0,49013,3.476324812503326,11.34675663943387,0.04879708026274443,0.7025563576768281,valley,779.0,551.0,19.0,33.0,745.0,543.0,25.0,26.0,,"48976,48977,48978,48979,48980,48981,48982,48983,48984,48985,48986,48987,48988,48989,48990,48991,48992,48993,48994,48995,48996,48997,48998,48999,49000,49001,49002,49003,49004,49005,49006,49007,49008,49009,49010,49011,49012,49013,49014,49015,49016,49017,49018,49019,49020,49021,49022,49023,49024,49025,49026,49027,49028,49029,49030,49031,49032,49033"
713,49184,49206,"2533,2534,2535,2536",2535,1,0.6,0,0,1,1,641,,,49192,1.0750646137723696,-1.789092964756426,0.9135368312368463,49206,1.3570037688792147,-0.9741198640406985,0.21519950298774848,0.5,ground_hit_fallback,697.0,153.0,19.0,22.0,478.0,161.0,19.0,26.0,49137,"49184,49185,49186,49189,49190,49191,49192,49193,49194,49195,49196,49197,49198,49199,49200,49201,49202,49203,49204,49205,49206"
714,49456,49494,"2554,2555,2553,2556,2558,2557",2558,1,0.8947368421052632,0,0,1,1,642,,,49474,,,0.0,49485,4.719761689275302,10.630678535802474,0.014929786077139795,0.6473526434179664,valley,964.0,506.0,19.0,30.0,885.0,465.0,19.0,26.0,49416,"49456,49457,49458,49459,49460,49461,49462,49464,49465,49466,49467,49468,49469,49470,49471,49472,49473,49474,49475,49476,49477,49478,49479,49480,49481,49482,49483,49484,49485,49486,49487,49488,49489,49490,49491,49492,49493,49494"
715,49495,49530,"2558,2560,2562,2564",2560,1,0.9333333333333333,0,0,1,1,643,,,49514,,,0.0,49527,1.0961489476577704,2.3425586866227075,0.05239465222802453,0.6333361391739774,valley,,,,,,,,,49458,"49495,49496,49497,49502,49503,49504,49505,49507,49508,49509,49510,49511,49512,49513,49514,49515,49516,49517,49518,49519,49520,49521,49522,49523,49524,49525,49526,49527,49528,49529,49530"
716,49544,49553,"2566,2567",2567,1,0.4,1,0,1,1,644,,,49552,1.377202189494,9.203519047750307,0.9259257874463932,,,,,0.0,,,,,,,,,,,"49544,49545,49546,49547,49548,49549,49550,49551,49552,49553"
717,49562,49582,"2568,2571,2569",2568,1,0.8,0,0,1,1,645,,,49569,2.9632622454681963,4.091695398110172,0.9362426040976817,,,,,0.0,,,,,,,,,,,"49562,49563,49564,49565,49566,49567,49568,49569,49570,49571,49572,49573,49574,49575,49576,49577,49578,49579,49580,49581,49582"
718,49583,49594,"2571,2570",2571,1,0.8333333333333334,0,0,1,1,646,,,49588,2.4931215454280378,12.258296207615466,0.9384986691259809,,,,,0.0,,,,,,,,,,,"49583,49584,49585,49586,49587,49588,49589,49590,49591,49592,49593,49594"
719,49595,49615,2571,2571,1,0.7,0,0,1,1,647,,,49609,3.6674333917741686,3.0624230649842055,0.925916911562471,,,,,0.0,,,,,,,,,,,"49595,49596,49597,49598,49599,49600,49601,49602,49603,49604,49605,49606,49607,49608,49609,49610,49611,49612,49613,49614,49615"
720,49616,49640,"2571,2572,2574,2575,2576",2574,1,0.26666666666666666,0,0,1,1,648,,,49620,5.714818951902647,14.298719229287556,0.5376877599671122,49624,4.230107476833048,9.299148009512763,0.04113312386643031,0.7326770272442744,valley,,,,,,,,,,"49616,49617,49618,49619,49620,49624,49625,49626,49627,49628,49629,49630,49631,49624,49625,49626,49627,49628,49629,49630,49631,49632,49633,49634,49635,49636,49637,49638,49639,49640"
721,49824,49863,"2583,2580,2581,2582,2586,2584,2585",2583,1,0.75,0,0,1,1,649,,,49839,,,0.0,49858,3.8387709843125295,1.039622030115332,0.209054875401538,0.7025481967279494,valley,826.0,176.0,16.0,30.0,621.0,168.0,19.0,26.0,49789,"49824,49825,49826,49827,49828,49829,49830,49831,49832,49833,49834,49835,49836,49837,49838,49839,49840,49841,49842,49843,49844,49845,49846,49847,49848,49849,49850,49851,49852,49853,49854,49855,49856,49857,49858,49859,49860,49861,49862,49863"
722,49984,50022,"2587,2588",2587,1,0.7368421052631579,0,0,1,1,650,,,49998,,,0.0,50020,0.904933355699507,13.419775610811229,0.1973267416972071,0.5,ground_hit_fallback,199.0,761.0,33.0,30.0,236.0,918.0,19.0,22.0,49947,"49984,49985,49986,49987,49988,49989,49990,49991,49992,49993,49994,49995,49996,49997,49998,49999,50000,50001,50002,50003,50004,50005,50006,50007,50008,50009,50010,50011,50012,50013,50014,50015,50016,50017,50018,50019,50020,50022"
723,50034,50072,"2589,2590,2591,2592,2593",2589,1,0.8421052631578947,0,0,1,1,651,,,50056,,,0.0,50068,2.9387687315016087,4.391667762957084,0.37511349815607,0.6404083413131624,valley,762.0,217.0,19.0,30.0,582.0,217.0,16.0,22.0,49995,"50034,50035,50036,50037,50038,50039,50040,50041,50042,50043,50044,50045,50046,50047,50048,50049,50050,50051,50052,50053,50054,50055,50056,50057,50058,50059,50060,50061,50062,50063,50064,50065,50066,50067,50068,50069,50070,50071,50072"
724,50088,50148,"2595,2594,2598",2598,1,0.45714285714285713,1,0,1,1,652,,,50101,,,0.0,50120,2.461880320764351,5.9011094165982705,-0.012829553835958407,0.2909885439486354,valley,714.0,281.0,19.0,26.0,556.0,292.0,19.0,22.0,50047,"50088,50089,50090,50091,50092,50093,50094,50095,50096,50097,50098,50099,50100,50101,50102,50103,50104,50105,50106,50107,50108,50109,50110,50111,50102,50103,50104,50105,50106,50107,50108,50109,50110,50111,50112,50113,50114,50115,50116,50117,50118,50119,50120,50121,50122,50123,50124,50125,50126,50127,50128,50129,50130,50131,50132,50133,50134,50135,50136,50137,50138,50139,50140,50141,50142,50143,50144,50145,50146,50147,50148"
725,50159,50175,"2599,2600,2603,2601,2602",2603,0,0.0,0,0,1,1,653,,,,1.4971888119234644,0.2609649644344909,0.8813094876158969,,,,,0.0,,,,,,,,,,,"50159,50160,50161,50162,50163,50164,50165,50166,50167,50168,50169,50170,50171,50172,50173,50174,50175"
726,50304,50334,"2604,2609,2605",2609,1,0.6666666666666666,0,0,1,1,654,,,50314,,,0.0,50330,3.1185894795429174,12.999470564818884,0.023391015045623575,0.6827406854903868,valley,689.0,772.0,16.0,22.0,756.0,757.0,16.0,22.0,50257,"50304,50305,50306,50307,50308,50309,50310,50311,50312,50313,50314,50315,50316,50317,50318,50319,50320,50321,50322,50323,50324,50325,50326,50327,50328,50329,50330,50331,50332,50333,50334"
727,50335,50383,"2609,2606,2607",2609,1,0.9130434782608695,0,0,1,1,655,,,50363,,,0.0,50375,5.760886140133863,3.4836346351677747,0.4236713847949325,0.6926184147568837,valley,967.0,198.0,22.0,22.0,767.0,180.0,25.0,26.0,50302,"50335,50336,50339,50340,50341,50342,50343,50344,50345,50346,50347,50348,50349,50350,50351,50352,50353,50354,50355,50356,50357,50358,50359,50360,50361,50362,50363,50364,50365,50366,50367,50368,50369,50370,50371,50372,50373,50374,50375,50376,50377,50378,50379,50380,50381,50382,50383"
728,50392,50414,"2614,2615,2618",2618,1,0.5454545454545454,1,1,1,1,656,,,50405,,,0.0,,,,,0.0,,,,,,,,,,,"50392,50393,50394,50395,50396,50397,50398,50399,50400,50401,50402,50403,50404,50405,50406,50407,50408,50409,50410,50411,50412,50413,50414"
729,50464,50479,2619,2619,0,0.0,0,0,1,1,657,,,,,,0.0,50475,2.671880276030968,4.554603478223438,0.009085533775202492,0.24395247174153725,valley,739.0,247.0,16.0,22.0,568.0,255.0,19.0,22.0,50402,"50464,50465,50466,50468,50469,50470,50471,50472,50473,50474,50475,50476,50477,50478,50479"
730,50496,50521,"2620,2622,2621",2622,1,0.6153846153846154,0,0,1,1,658,,,50504,5.057155675595091,11.331063460963367,0.9354590282850754,,,,,0.0,,,,,,,,,,,"50496,50497,50498,50499,50500,50501,50502,50503,50504,50505,50506,50507,50508,50509,50510,50511,50512,50513,50514,50515,50516,50517,50518,50519,50520,50521"
731,50528,50535,2623,2623,0,0.0,0,0,1,1,659,,,,6.010361569359777,11.754379207844988,0.8628994647951864,,,,,0.0,,,,,,,,,,,"50528,50529,50530,50531,50532,50533,50534,50535"
732,50541,50551,2624,2624,0,0.0,0,0,1,1,660,,,,4.798618004452343,12.843732678492785,0.8602950843908614,50543,5.366746069470288,11.487974086255264,-0.02930844227722673,0.637503294884962,valley,1102.0,607.0,19.0,26.0,1023.0,517.0,19.0,30.0,50470,"50541,50542,50543,50544,50545,50546,50547,50548,50549,50550,50551"
733,50574,50591,"2625,2626",2625,0,0.0,0,0,1,1,661,,,,4.539638409483581,13.642663001686408,0.871397813856509,50587,4.748342255501729,13.402634919998645,-0.15588726558169697,0.7522308711311823,valley,,,,,,,,,50514,"50574,50575,50576,50577,50578,50579,50580,50581,50582,50583,50584,50585,50586,50587,50590,50591"
734,50697,50726,"2629,2630,2631,2632,2633,2634",2632,1,0.5833333333333334,0,0,1,1,662,,,50709,,,0.0,50717,0.9620602484342331,2.082771333178137,-0.06830710749284297,0.7240701512943943,valley,649.0,206.0,16.0,26.0,450.0,225.0,19.0,22.0,50644,"50697,50700,50703,50705,50706,50707,50708,50709,50710,50711,50712,50713,50714,50715,50716,50717,50718,50719,50720,50721,50722,50723,50724,50725,50726"
735,50736,50767,"2635,2636,2637",2636,1,0.5,0,0,1,1,663,,,50746,,,0.0,50761,3.619048682056277,11.319879664501588,0.07131593175946804,0.6495852802024853,valley,801.0,551.0,16.0,22.0,765.0,532.0,22.0,33.0,50688,"50736,50740,50741,50742,50743,50744,50745,50746,50747,50748,50749,50750,50751,50752,50753,50754,50755,50756,50757,50758,50759,50760,50761,50762,50763,50764,50765,50766,50767"
736,50775,50783,2640,2640,0,0.0,0,0,1,1,664,,,,4.133012630023199,0.4961656626133131,0.8844991813444776,,,,,0.0,,,,,,,,,,,"50775,50776,50777,50778,50779,50780,50781,50782,50783"
737,50792,50809,2641,2641,1,0.3333333333333333,0,0,1,1,665,,,50795,5.652099776877436,12.486446639297842,0.9383970532414386,,,,,0.0,,,,,,,,,,,"50792,50793,50794,50795,50796,50797,50798,50799,50800,50801,50802,50803,50804,50805,50806,50807,50808,50809"
738,50810,50855,"2642,2643,2645",2645,1,0.21052631578947367,1,0,1,1,666,,,50820,,,0.0,50845,1.3373903596003704,7.505101722559708,-0.0193747084912555,0.6241268642875548,valley,596.0,326.0,16.0,26.0,452.0,360.0,19.0,22.0,50772,"50810,50815,50816,50817,50818,50819,50820,50821,50822,50823,50824,50825,50826,50827,50828,50832,50833,50834,50835,50836,50837,50838,50839,50840,50841,50842,50843,50844,50845,50846,50847,50848,50849,50850,50851,50852,50853,50854,50855"
739,51048,51095,"2647,2648,2649,2654,2650,2651,2652,2653",2654,1,0.9130434782608695,0,0,1,1,667,,,51070,,,0.0,51084,4.145394349393282,0.6072712717466686,0.22810620769015166,0.6646992129263684,valley,840.0,168.0,22.0,26.0,638.0,165.0,19.0,26.0,51011,"51048,51049,51050,51051,51052,51053,51054,51055,51056,51057,51058,51060,51061,51062,51063,51064,51065,51066,51067,51068,51069,51070,51071,51072,51073,51074,51075,51076,51077,51078,51079,51080,51081,51082,51083,51084,51085,51086,51087,51088,51089,51090,51091,51092,51093,51094,51095"
740,51102,51156,2655,2655,1,0.6666666666666666,0,0,1,1,668,,,51120,,,0.0,51140,1.9194196621625692,11.537134729749503,0.10138973843285834,0.6765753091764201,valley,537.0,547.0,19.0,26.0,503.0,596.0,22.0,26.0,51067,"51102,51103,51104,51105,51106,51107,51108,51109,51110,51111,51112,51113,51114,51115,51116,51117,51118,51119,51120,51121,51122,51123,51124,51125,51126,51127,51128,51129,51130,51131,51132,51133,51134,51135,51136,51137,51138,51139,51140,51141,51142,51143,51144,51145,51146,51147,51148,51149,51150,51151,51152,51153,51154,51155,51156"
741,51157,51177,"2655,2659,2660,2661,2663",2663,1,0.7,0,0,1,1,669,,,51171,5.509601210152604,0.3429519205032818,0.8877361907060011,,,,,0.0,,,,,,,,,,,"51157,51158,51160,51161,51162,51164,51166,51167,51164,51166,51167,51168,51169,51170,51171,51172,51173,51174,51175,51176,51177"
742,51178,51199,2663,2663,1,0.36363636363636365,0,0,1,1,670,,,51182,2.7717843229340935,11.504170612747789,0.8620359427738538,,,,,0.0,,,,,,,,,,,"51178,51179,51180,51181,51182,51183,51184,51185,51186,51187,51188,51189,51190,51191,51192,51193,51194,51195,51196,51197,51198,51199"
743,51203,51240,"2663,2666,2671,2668,2669,2670",2671,1,0.9411764705882353,0,0,1,1,671,,,51204,-0.8894438801626814,8.839293426204456,0.8598427184068466,51240,-0.6991656605085126,8.640969446562188,0.3482967397063774,0.5,ground_hit_fallback,368.0,330.0,19.0,22.0,185.0,401.0,19.0,26.0,51167,"51203,51204,51205,51207,51208,51209,51210,51211,51212,51213,51214,51217,51218,51219,51220,51221,51222,51223,51224,51225,51226,51227,51228,51229,51230,51231,51232,51233,51234,51235,51236,51237,51238,51239,51240"
744,51311,51335,2673,2673,0,0.0,0,0,1,1,672,,,,,,0.0,51329,0.4072036748573282,11.664474902385463,0.016460983594683398,0.30460858016771686,valley,306.0,551.0,42.0,26.0,241.0,663.0,19.0,22.0,51256,"51311,51312,51313,51314,51315,51316,51317,51318,51319,51320,51321,51322,51323,51324,51325,51326,51327,51328,51329,51330,51331,51332,51333,51334,51335"
745,51346,51371,"2674,2675",2675,0,0.0,0,0,1,1,673,,,,-0.2555377525338267,12.633019949397267,0.9671483507714314,51371,-0.24509410276312593,12.581156506692725,0.1493645863981108,0.5,ground_hit_fallback,126.0,611.0,22.0,37.0,42.0,806.0,14.0,22.0,51298,"51346,51347,51348,51349,51350,51351,51352,51353,51354,51355,51356,51357,51358,51359,51360,51361,51362,51363,51364,51365,51366,51367,51370,51371"
746,51383,51405,"2676,2677",2677,0,0.0,0,0,1,1,674,,,,1.0040582211701525,12.05977203848919,0.8437735351434562,,,,,0.0,,,,,,,,,,,"51383,51384,51385,51386,51387,51388,51389,51390,51391,51392,51393,51394,51395,51396,51397,51398,51399,51400,51401,51402,51403,51404,51405"
747,51416,51439,2678,2678,0,0.0,0,0,1,1,675,,,,1.658502888076021,12.174389544670504,0.755103648163284,51430,1.362466127758991,12.172972603570868,0.09232892734031317,0.6670899107741638,valley,416.0,607.0,19.0,26.0,399.0,682.0,19.0,37.0,51357,"51416,51417,51418,51419,51420,51421,51422,51423,51424,51425,51426,51427,51428,51429,51430,51431,51432,51433,51434,51435,51436,51437,51438,51439"
748,51500,51506,2679,2679,0,0.0,0,0,1,1,676,,,,4.241659089320435,14.03508758112869,0.9567032244550309,51506,4.212338339088268,14.024966375666638,0.10518829104056948,0.5,ground_hit_fallback,967.0,1050.0,16.0,22.0,1088.0,900.0,22.0,26.0,51433,"51500,51501,51502,51503,51504,51505,51506"
749,51593,51703,"2681,2682,2683,2684,2686,2685",2686,1,0.05555555555555555,1,0,1,1,677,,,51606,,,0.0,51663,1.6863886038020126,9.159405285808344,-0.055675525288020555,0.3677160943645728,valley,587.0,401.0,25.0,26.0,483.0,435.0,19.0,26.0,51590,"51593,51595,51597,51598,51599,51601,51602,51603,51604,51605,51606,51607,51608,51609,51610,51611,51612,51613,51614,51615,51616,51617,51618,51619,51620,51621,51622,51623,51624,51625,51626,51627,51628,51629,51630,51631,51632,51633,51634,51635,51636,51637,51638,51639,51640,51641,51642,51643,51644,51645,51646,51647,51648,51649,51650,51651,51652,51653,51654,51655,51656,51657,51658,51659,51660,51661,51662,51663,51664,51665,51666,51667,51668,51669,51670,51671,51672,51673,51674,51675,51676,51677,51678,51679,51680,51681,51682,51683,51684,51685,51686,51687,51688,51689,51690,51691,51692,51693,51694,51695,51696,51697,51698,51699,51700,51701,51702,51703"
750,51720,51751,"2687,2689,2690",2689,1,0.6,0,0,1,1,678,,,51732,1.3462266476370233,-1.421229098536589,0.9173509730749037,,,,,0.0,,,,,,,,,,,"51720,51721,51722,51723,51724,51725,51726,51727,51728,51729,51730,51731,51732,51733,51734,51735,51736,51737,51738,51739,51740,51741,51742,51743,51736,51737,51738,51739,51740,51741,51742,51743,51744,51745,51746,51747,51748,51749,51750,51751"
751,51952,51983,"2692,2693,2694",2692,1,0.6875,0,0,1,1,679,,,51963,,,0.0,51973,4.804676800275207,11.291689284103906,0.016269592820094658,0.6557422909286684,valley,995.0,573.0,19.0,26.0,933.0,510.0,16.0,26.0,51891,"51952,51953,51954,51955,51956,51957,51958,51959,51960,51961,51962,51963,51964,51965,51966,51967,51968,51969,51970,51971,51972,51973,51974,51975,51976,51977,51978,51979,51980,51981,51982,51983"
752,51984,52031,"2695,2692,2696,2698,2699",2696,1,1.0,0,0,1,1,680,,,52007,,,0.0,52026,3.6826398494810766,0.6426269811153702,0.009567656194734653,0.7514850867629876,valley,,,,,,,,,51944,"51984,51985,51986,51987,51988,51989,51990,51991,51992,51993,51994,51995,51996,51997,51998,51999,52000,52001,52002,52003,52004,52005,52006,52007,52008,52009,52010,52011,52012,52013,52014,52015,52016,52017,52018,52019,52020,52021,52023,52024,52025,52026,52027,52028,52029,52030,52031"
753,52040,52111,"2700,2701,2704,2702,2703",2704,1,0.25806451612903225,1,0,1,1,681,,,52062,,,0.0,52079,2.6308201728478116,6.137873197590245,0.10245739941031573,0.2497580907831432,valley,725.0,277.0,19.0,22.0,573.0,288.0,14.0,22.0,,"52040,52041,52042,52043,52044,52045,52046,52047,52048,52050,52051,52052,52053,52054,52055,52056,52057,52058,52059,52060,52061,52062,52063,52064,52065,52066,52067,52068,52071,52072,52073,52074,52075,52076,52077,52078,52079,52080,52081,52082,52083,52084,52085,52086,52087,52088,52089,52090,52091,52092,52093,52094,52095,52096,52097,52098,52099,52100,52104,52105,52106,52107,52111"
754,52270,52311,"2707,2708,2709",2707,1,0.6666666666666666,0,0,1,1,682,,,52284,,,0.0,52298,1.7476795764511324,11.1908292034649,0.21280953489843224,0.6632167061150263,valley,525.0,502.0,16.0,22.0,475.0,547.0,16.0,30.0,52215,"52270,52271,52272,52273,52274,52275,52276,52277,52278,52279,52280,52281,52282,52283,52284,52285,52286,52287,52288,52289,52290,52291,52292,52293,52294,52295,52296,52297,52298,52299,52300,52301,52302,52303,52304,52305,52306,52307,52308,52309,52310,52311"
755,52312,52351,"2709,2712,2711,2714",2709,1,0.85,0,0,1,1,683,,,52329,,,0.0,52345,3.5302716400548135,-0.12106575526241414,-0.1464188127179593,0.7512533986186207,valley,804.0,180.0,22.0,26.0,599.0,183.0,25.0,26.0,52263,"52312,52313,52314,52315,52316,52317,52318,52319,52320,52321,52322,52323,52324,52325,52326,52327,52328,52329,52330,52331,52332,52333,52334,52335,52336,52337,52338,52339,52340,52341,52342,52343,52344,52345,52346,52347,52348,52349,52350,52351"
756,52359,52398,"2715,2716",2715,1,0.7,0,0,1,1,684,,,52373,,,0.0,52397,1.2819814537433185,13.6297874936994,0.1211603336709004,0.5,ground_hit_fallback,258.0,825.0,19.0,22.0,331.0,963.0,19.0,26.0,,"52359,52360,52361,52362,52363,52364,52365,52366,52367,52368,52369,52370,52371,52372,52373,52374,52375,52376,52377,52378,52379,52380,52381,52382,52383,52384,52385,52386,52387,52388,52389,52390,52391,52392,52393,52394,52395,52396,52397,52398"
757,52663,52700,"2717,2718,2719,2721",2718,1,0.75,0,0,1,1,685,,,52679,,,0.0,52692,1.4813903593500062,1.096994156511709,-0.002551263896402922,0.7350270674451957,valley,683.0,183.0,28.0,41.0,480.0,195.0,25.0,33.0,52610,"52663,52664,52669,52670,52671,52672,52673,52674,52675,52676,52677,52678,52679,52680,52681,52682,52683,52684,52685,52686,52687,52688,52689,52690,52691,52692,52693,52696,52697,52698,52699,52700"
758,52712,52742,"2722,2723,2725",2725,1,0.6,0,0,1,1,686,,,52721,,,0.0,52734,3.585926362806223,11.088373731342564,-0.03769988381985456,0.68970230823078,valley,793.0,540.0,22.0,37.0,753.0,525.0,16.0,26.0,52652,"52712,52713,52714,52715,52716,52717,52718,52719,52720,52721,52722,52723,52724,52725,52726,52727,52728,52729,52730,52731,52732,52733,52734,52735,52736,52737,52738,52739,52740,52741,52742"
759,52743,52760,"2725,2728,2729",2728,0,0.0,1,1,1,1,687,,,52759,3.893268017317085,3.983157417640575,0.9386036650976788,,,,,0.0,,,,,,,,,,,"52743,52744,52746,52747,52748,52749,52750,52751,52752,52753,52754,52755,52756,52757,52758,52759,52760"
760,52768,52807,"2730,2732,2733",2733,0,0.0,0,0,1,1,688,,,,,,0.0,52780,3.9723248390772086,7.264566185585402,-0.05270549482372644,0.6433559688301601,valley,840.0,330.0,16.0,22.0,703.0,318.0,19.0,30.0,52698,"52768,52769,52770,52771,52772,52773,52774,52775,52776,52777,52778,52779,52780,52781,52782,52783,52784,52785,52786,52787,52788,52789,52790,52791,52792,52793,52794,52795,52796,52797,52798,52799,52790,52791,52792,52793,52794,52795,52796,52797,52798,52799,52800,52801,52802,52803,52804,52805,52806,52807"
761,52896,52927,2735,2735,0,0.0,0,0,1,1,689,,,,,,0.0,52909,2.6686806157784804,12.426638565693464,-0.031331586758097885,0.7624563461234559,valley,621.0,675.0,16.0,33.0,646.0,690.0,25.0,30.0,52827,"52896,52897,52898,52902,52903,52904,52905,52906,52907,52908,52909,52910,52911,52912,52913,52914,52915,52916,52917,52918,52919,52920,52921,52922,52923,52924,52925,52926,52927"
762,53096,53140,"2739,2740,2741,2743,2742,2745",2741,1,0.6111111111111112,0,0,1,1,690,,,53110,,,0.0,53124,5.809002242371992,1.0217366398025263,0.0032009238030497045,0.7291741427112697,valley,942.0,183.0,22.0,30.0,736.0,172.0,16.0,30.0,53042,"53096,53097,53098,53099,53100,53101,53102,53106,53107,53108,53109,53110,53111,53112,53113,53114,53115,53116,53117,53118,53119,53120,53121,53122,53123,53124,53125,53126,53127,53132,53133,53134,53137,53138,53139,53140"
763,53141,53199,"2745,2746,2747",2747,1,0.06896551724137931,1,0,1,1,691,,,53159,,,0.0,53171,2.9391097158148565,6.188631557235325,-0.009938738744692088,0.453321750701541,valley,750.0,288.0,16.0,22.0,599.0,296.0,19.0,22.0,53088,"53141,53142,53143,53144,53145,53146,53147,53148,53149,53150,53151,53152,53153,53154,53155,53156,53157,53158,53159,53160,53161,53162,53163,53164,53165,53166,53167,53168,53169,53170,53171,53172,53173,53174,53175,53176,53177,53178,53179,53180,53181,53182,53183,53184,53185,53186,53187,53188,53189,53190,53191,53192,53193,53194,53195,53196,53197,53198,53199"
764,53218,53255,2748,2748,1,0.10526315789473684,0,0,1,1,692,,,53219,,,0.0,53245,3.1064121374182783,9.344125899344021,0.06324170506699822,0.6378148634577979,valley,742.0,401.0,22.0,33.0,646.0,408.0,25.0,30.0,53163,"53218,53219,53220,53221,53222,53223,53224,53225,53226,53227,53228,53229,53230,53231,53232,53233,53234,53235,53236,53237,53238,53239,53240,53241,53242,53243,53244,53245,53246,53247,53248,53249,53250,53251,53252,53253,53254,53255"
765,53456,53469,"2752,2758",2758,1,0.6666666666666666,1,0,1,1,693,,,53466,1.3742655307129694,3.055993559577775,0.871338700115221,,,,,0.0,,,,,,,,,,,"53456,53457,53458,53459,53460,53462,53463,53464,53465,53466,53467,53468,53469"
766,53470,53477,"2758,2755",2758,1,0.75,1,0,1,1,694,,,53473,1.8980050506796786,9.220733555062216,0.8766562490103305,,,,,0.0,,,,,,,,,,,"53470,53471,53472,53473,53474,53475,53476,53477"
767,53481,53561,"2758,2757",2758,0,0.0,0,0,1,1,695,,,,,,0.0,53491,1.4515959902014202,7.165600041593039,-0.06244875744231626,0.6206534364019838,valley,613.0,318.0,16.0,26.0,466.0,348.0,19.0,26.0,,"53481,53482,53483,53484,53485,53486,53487,53488,53489,53490,53491,53492,53493,53494,53495,53496,53497,53498,53499,53500,53501,53502,53503,53504,53505,53506,53507,53508,53509,53510,53511,53512,53513,53514,53515,53516,53517,53518,53519,53520,53521,53522,53523,53524,53525,53526,53527,53528,53529,53530,53531,53532,53533,53534,53535,53536,53537,53538,53539,53540,53541,53542,53543,53544,53545,53546,53547,53548,53549,53550,53551,53552,53553,53554,53555,53556,53557,53558,53559,53560,53561"
768,53669,53711,"2759,2761,2760,2763,2764",2761,1,0.7368421052631579,0,0,1,1,696,,,53683,,,0.0,53701,1.2420018974154756,1.7722308852935473,0.28040110704348864,0.7277638413862768,valley,675.0,187.0,5.0,11.0,464.0,195.0,19.0,26.0,53602,"53669,53670,53671,53672,53673,53674,53675,53676,53677,53678,53679,53680,53681,53682,53683,53684,53685,53686,53687,53688,53689,53690,53691,53692,53693,53694,53695,53696,53697,53698,53699,53700,53701,53704,53707,53708,53709,53710,53711"
769,53810,53839,"2765,2766,2767",2765,1,0.8,0,0,1,1,697,,,53822,,,0.0,53829,4.016779686922344,9.745780229741541,0.021945621572957208,0.6541560310781348,valley,855.0,442.0,19.0,22.0,765.0,420.0,19.0,26.0,53729,"53810,53811,53812,53813,53814,53815,53816,53817,53818,53819,53820,53821,53822,53823,53824,53825,53826,53827,53828,53829,53830,53831,53832,53833,53834,53835,53836,53837,53838,53839"
770,53840,53882,"2765,2768,2770,2769,2772",2770,1,1.0,0,0,1,1,698,,,53863,,,0.0,53878,2.7432362476132752,1.765107550602572,0.2155966266929692,0.6678544844909514,valley,759.0,187.0,19.0,22.0,559.0,187.0,19.0,26.0,53779,"53840,53842,53844,53845,53846,53847,53848,53849,53850,53851,53852,53853,53854,53855,53856,53857,53858,53859,53860,53861,53862,53863,53864,53865,53866,53867,53868,53869,53870,53871,53872,53873,53874,53875,53876,53877,53878,53879,53880,53881,53882"
771,53883,53914,2772,2772,1,0.5,0,0,1,1,699,,,53907,4.121914357274681,11.841070593211926,0.8226335540073212,,,,,0.0,,,,,,,,,,,"53883,53884,53885,53886,53887,53888,53889,53890,53891,53892,53893,53894,53895,53896,53897,53898,53899,53900,53901,53902,53903,53904,53905,53906,53907,53908,53909,53910,53911,53912,53913,53914"
772,53915,53931,"2771,2772,2777,2773,2774",2772,1,0.375,0,0,1,1,700,,,53918,,,0.0,53927,1.4416484020357148,1.1973509752673266,0.022251445039490392,0.7482431491416786,valley,683.0,187.0,22.0,30.0,480.0,198.0,19.0,26.0,53828,"53915,53916,53917,53918,53919,53920,53921,53922,53923,53924,53925,53926,53927,53928,53929,53930,53931"
773,53932,53967,"2774,2775,2777,2776,2779,2780",2779,1,0.6190476190476191,0,0,1,1,701,,,53955,0.9905067772171274,12.339647650104611,0.9266365246502463,,,,,0.0,,,,,,,,,,,"53932,53933,53935,53936,53937,53938,53939,53940,53941,53942,53943,53944,53945,53946,53947,53948,53949,53950,53951,53945,53946,53947,53948,53949,53950,53951,53952,53953,53954,53955,53956,53957,53958,53959,53960,53961,53962,53963,53964,53965,53966,53967"
774,53974,53994,"2781,2782,2784,2783,2785,2786",2785,0,0.0,0,0,1,1,702,,,53976,8.126089317918158,2.0398801073523964,0.6858667542061305,53982,5.448812257598334,4.623981732151009,0.22450820953517336,0.7147679600962045,valley,953.0,232.0,22.0,26.0,767.0,217.0,25.0,30.0,53882,"53974,53976,53978,53979,53980,53981,53982,53983,53984,53985,53986,53987,53988,53989,53990,53991,53992,53993,53994"
775,54007,54015,"2787,2788,2789",2789,0,0.0,0,0,1,1,703,,,,6.827454886369321,1.7815030272166208,0.9003585221832301,54013,6.926471096436764,2.137553262541971,0.4414979792173561,0.17232313040157743,valley,1037.0,176.0,19.0,30.0,815.0,146.0,25.0,33.0,53914,"54007,54009,54011,54012,54013,54014,54015"
776,54025,54032,2790,2790,0,0.0,0,0,0,0,,,low_displacement,,3.7895396544728026,13.846416863871976,0.8868675767197036,,,,,0.0,,,,,,,,,,,"54025,54026,54027,54028,54029,54031,54032"
777,54240,54284,"2793,2794,2795",2795,1,0.7727272727272727,0,0,1,1,704,,,54257,,,0.0,54270,1.3365927686503765,11.067527776384573,0.25832472111840854,0.6338574222538325,valley,475.0,480.0,19.0,26.0,407.0,547.0,16.0,22.0,54170,"54240,54241,54242,54243,54244,54245,54246,54247,54248,54249,54250,54251,54252,54253,54254,54255,54256,54257,54258,54259,54260,54261,54262,54263,54264,54265,54266,54267,54268,54269,54270,54271,54272,54273,54274,54275,54276,54277,54278,54279,54280,54281,54282,54283,54284"
778,54285,54323,"2795,2796,2797,2798,2799",2799,1,0.9444444444444444,0,0,1,1,705,,,54305,,,0.0,54319,3.7913764521344904,3.675412416855181,0.20074765669352068,0.6449552283172757,valley,824.0,217.0,19.0,26.0,641.0,213.0,16.0,26.0,54220,"54285,54287,54288,54289,54290,54291,54292,54294,54295,54297,54298,54299,54300,54301,54302,54303,54304,54305,54306,54307,54308,54309,54310,54311,54312,54313,54314,54315,54316,54317,54318,54319,54320,54321,54322,54323"
779,54336,54371,"2801,2802,2803",2803,1,0.5,0,0,1,1,706,,,54345,,,0.0,54362,1.9602099161295774,11.661432668574054,0.10681833295690679,0.6461393625557191,valley,537.0,562.0,19.0,22.0,511.0,607.0,19.0,18.0,54263,"54336,54337,54338,54339,54340,54341,54342,54343,54344,54345,54346,54347,54348,54349,54350,54351,54352,54353,54354,54355,54356,54357,54358,54359,54360,54361,54362,54363,54364,54365,54366,54367,54368,54369,54370,54371"
780,54372,54380,"2803,2804",2803,0,0.0,0,0,1,1,707,,,,5.022880180480992,4.3069969130446655,0.815922186196573,,,,,0.0,,,,,,,,,,,"54372,54373,54374,54375,54376,54377,54378,54380"
781,54382,54395,"2803,2805,2806",2803,1,0.8333333333333334,0,0,1,1,708,,,54389,4.548307846994542,0.8761565091740593,0.9551371357289669,,,,,0.0,,,,,,,,,,,"54382,54383,54384,54385,54386,54387,54388,54389,54390,54391,54394,54395"
782,54396,54412,"2806,2807",2807,1,1.0,0,0,1,1,709,,,54404,2.811271398486486,13.111616258774259,0.9222020042083696,,,,,0.0,,,,,,,,,,,"54396,54397,54398,54399,54400,54401,54402,54403,54404,54405,54406,54407,54408,54409,54410,54411,54412"
783,54414,54433,"2807,2808",2808,1,0.8,0,0,1,1,710,,,54422,3.3265280902064918,2.344707982974203,0.8903271855201271,,,,,0.0,,,,,,,,,,,"54414,54415,54416,54417,54418,54419,54420,54421,54422,54423,54424,54425,54426,54427,54428,54429,54430,54431,54432,54433"
784,54435,54451,2809,2809,1,0.625,0,0,1,1,711,,,54441,2.7788409053721814,10.784835426937336,0.9438465179257971,,,,,0.0,,,,,,,,,,,"54435,54436,54437,54439,54440,54441,54442,54443,54444,54445,54446,54447,54448,54449,54450,54451"
785,54452,54487,"2809,2810",2809,1,0.7777777777777778,0,0,1,1,712,,,54466,,,0.0,54481,5.815004608307312,3.2777734417861666,0.06700901249969604,0.6760965386015272,valley,964.0,221.0,22.0,22.0,770.0,202.0,19.0,26.0,54381,"54452,54453,54454,54455,54456,54457,54458,54459,54460,54461,54462,54463,54464,54465,54466,54467,54468,54469,54470,54471,54472,54473,54474,54475,54476,54477,54478,54479,54480,54481,54482,54483,54484,54485,54486,54487"
786,54504,54516,"2812,2813",2812,0,0.0,0,0,1,1,713,,,,2.9237586632185284,7.230964562305575,0.908182036921173,,,,,0.0,,,,,,,,,,,"54504,54505,54506,54507,54508,54509,54510,54511,54512,54513,54514,54515,54516"
787,54536,54558,"2814,2815",2815,1,0.9090909090909091,0,0,1,1,714,,,54549,1.6301735896686296,3.4373546462919675,0.9375532859920986,,,,,0.0,,,,,,,,,,,"54536,54537,54538,54539,54540,54541,54542,54543,54544,54545,54546,54547,54548,54549,54550,54551,54552,54553,54554,54555,54556,54557,54558"
788,54559,54567,"2815,2816,2818",2816,1,0.75,1,0,1,1,715,,,54565,4.660410421559641,9.923050685866496,0.9134221516615533,,,,,0.0,,,,,,,,,,,"54559,54560,54561,54562,54563,54564,54565,54566,54567"
789,54574,54590,2821,2821,1,0.875,0,0,1,1,716,,,54581,4.159803539998454,0.9218864446186501,0.9239715009225131,,,,,0.0,,,,,,,,,,,"54574,54575,54576,54577,54578,54579,54580,54581,54582,54583,54584,54585,54586,54587,54588,54589,54590"
790,54591,54609,"2821,2819,2820,2822",2821,1,0.8888888888888888,0,0,1,1,717,,,54601,3.249861064766976,12.054420004186147,0.9094046397507777,,,,,0.0,,,,,,,,,,,"54591,54592,54593,54594,54595,54596,54597,54598,54599,54600,54601,54602,54603,54604,54605,54606,54607,54609"
791,54610,54623,"2822,2823",2823,1,0.2857142857142857,0,0,1,1,718,,,54622,3.2005127545322107,3.7265170683006996,0.9289335687361845,,,,,0.0,,,,,,,,,,,"54610,54611,54612,54613,54614,54615,54616,54617,54618,54619,54620,54621,54622,54623"
792,54632,54656,"2824,2825",2825,1,0.6363636363636364,0,0,1,1,719,,,54641,2.9736191159568706,11.483741637108954,0.899565193559639,,,,,0.0,,,,,,,,,,,"54632,54633,54636,54637,54638,54639,54640,54641,54642,54643,54644,54645,54646,54647,54648,54649,54650,54651,54652,54653,54654,54655,54656"
793,54657,54673,"2825,2826",2825,1,1.0,0,0,1,1,720,,,54666,5.276436143405302,0.8656547798963317,0.9214590257054633,,,,,0.0,,,,,,,,,,,"54657,54658,54659,54660,54661,54662,54663,54664,54665,54666,54667,54668,54669,54670,54671,54672,54673"
794,54674,54685,"2826,2827",2827,1,0.6,1,1,1,1,721,,,54683,3.6021473489801275,8.08574645975933,0.95412962284449,,,,,0.0,,,,,,,,,,,"54674,54675,54676,54677,54680,54681,54682,54683,54684,54685"
795,54776,54805,2829,2829,1,0.26666666666666666,0,0,1,1,722,,,54779,3.9178592880653156,11.127807714119724,0.9568049548027067,,,,,0.0,,,,,,,,,,,"54776,54777,54778,54779,54780,54781,54782,54783,54784,54785,54786,54787,54788,54789,54790,54791,54792,54793,54794,54795,54796,54797,54798,54799,54800,54801,54802,54803,54804,54805"
796,54818,54828,2830,2830,0,0.0,0,0,1,1,723,,,,3.6204103907194463,12.693360035398635,0.932439064656186,,,,,0.0,,,,,,,,,,,"54818,54819,54820,54821,54822,54823,54826,54827,54828"
797,54846,54855,"2831,2832,2833",2833,0,0.0,0,0,0,0,,,low_displacement,,,,0.0,,,,,0.0,,,,,,,,,,,"54846,54847,54849,54851,54852,54853,54854,54855"
798,54988,55015,"2835,2837,2838,2840,2843,2841,2842",2843,1,0.6666666666666666,0,0,1,1,724,,,55000,,,0.0,55009,1.4822148872471026,2.0423654139188194,-0.07214535024866997,0.6987333867448373,valley,677.0,206.0,22.0,22.0,483.0,221.0,19.0,22.0,54887,"54988,54990,54991,54993,54995,54996,54997,54999,55000,55001,55002,55003,55004,55005,55006,55007,55008,55009,55010,55011,55012,55013,55014,55015"
799,55024,55062,"2846,2845,2847,2850",2850,1,0.7894736842105263,0,0,1,1,725,,,55039,,,0.0,55054,4.442811174916813,10.67428132721827,-0.058357304229868845,0.7071433841561898,valley,916.0,517.0,30.0,30.0,846.0,472.0,28.0,37.0,54933,"55024,55025,55026,55027,55028,55029,55030,55031,55032,55033,55034,55035,55036,55037,55038,55039,55040,55041,55042,55043,55044,55045,55046,55047,55048,55049,55050,55051,55052,55053,55054,55055,55056,55057,55058,55059,55060,55061,55062"
800,55068,55092,"2850,2851",2850,1,0.9166666666666666,0,0,1,1,726,,,55080,-1.3781971098720698,1.5532553228455175,0.9468442163500375,55091,-0.7343933002016492,2.5064472627250076,0.399963855213854,0.5,ground_hit_fallback,540.0,183.0,22.0,26.0,320.0,210.0,19.0,26.0,54970,"55068,55069,55071,55072,55073,55074,55075,55076,55077,55078,55079,55080,55081,55082,55083,55084,55085,55086,55087,55088,55089,55090,55091,55092"
801,55261,55285,"2856,2857,2858,2859,2860,2861",2861,1,0.5,0,0,1,1,727,,,55266,-0.9245998304285931,11.550931487091592,0.5425512189454837,,,,,0.0,,,,,,,,,,,"55261,55262,55265,55266,55270,55271,55275,55280,55282,55283,55284,55285"
802,55375,55399,"2865,2868,2867",2868,1,0.25,0,0,1,1,728,,,55397,4.875063879459619,2.7154674850195324,0.9315907470676735,,,,,0.0,,,,,,,,,,,"55375,55376,55377,55378,55379,55380,55381,55382,55383,55384,55385,55386,55387,55388,55389,55390,55391,55392,55393,55394,55395,55396,55397,55398,55399"
803,55403,55415,2868,2868,0,0.0,0,0,1,1,729,,,,5.428979693024986,2.4372939539377416,0.7966316391228456,55409,4.773458969445157,3.9386237424547375,0.2227122936674064,0.5356473358532448,valley,900.0,221.0,14.0,22.0,711.0,206.0,19.0,33.0,55287,"55403,55404,55405,55406,55407,55408,55409,55410,55411,55412,55413,55414,55415"
804,55429,55479,"2878,2877",2878,1,0.92,0,0,1,1,730,,,55452,,,0.0,55471,4.519260552778266,9.427972196667035,-0.2887401195602983,0.805612682289563,valley,908.0,457.0,25.0,33.0,815.0,431.0,8.0,7.0,55349,"55429,55430,55431,55432,55433,55434,55435,55436,55437,55438,55439,55440,55441,55442,55443,55444,55445,55446,55447,55448,55449,55450,55451,55452,55453,55454,55455,55456,55457,55458,55459,55460,55461,55462,55463,55464,55465,55466,55467,55468,55469,55470,55471,55473,55474,55475,55476,55477,55478,55479"
805,55512,55532,2881,2881,1,0.8,0,0,1,1,731,,,55520,4.781722514990446,12.757837862538977,0.9136697903142859,,,,,0.0,,,,,,,,,,,"55512,55513,55514,55515,55516,55517,55518,55519,55520,55521,55522,55523,55524,55525,55526,55527,55528,55529,55530,55531,55532"
806,55536,55568,"2883,2886,2884,2885,2887,2890,2889",2886,1,0.125,0,0,1,1,732,,,55564,8.63945473106951,7.309726486838972,0.7899990020090086,,,,,0.0,,,,,,,,,,,"55536,55537,55538,55539,55540,55541,55542,55543,55544,55545,55546,55547,55548,55549,55550,55551,55552,55553,55554,55555,55556,55557,55558,55559,55560,55561,55562,55563,55564,55565,55566,55568"
807,55712,55719,"2898,2896",2898,0,0.0,0,0,1,1,733,,,,4.256165129674998,12.278984420188067,0.6397397123555638,,,,,0.0,,,,,,,,,,,"55712,55713,55714,55715,55716,55719"
808,55721,55747,"2898,2897",2898,0,0.0,0,0,1,1,734,,,,,,0.0,55742,4.22904541116042,12.637570868109941,-0.09113144843994903,0.7285228933338039,valley,919.0,757.0,19.0,22.0,936.0,675.0,16.0,22.0,,"55721,55722,55723,55724,55725,55726,55727,55728,55729,55730,55731,55732,55733,55734,55735,55736,55737,55738,55739,55742,55743,55744,55745,55746,55747"
809,56465,56498,2901,2901,0,0.0,0,0,1,1,735,,,,-0.5998261237269855,9.30572736634394,0.7896572956058788,56468,-0.11437685738529701,8.296672768680203,0.05788245331115505,0.7097896227015956,valley,441.0,345.0,19.0,26.0,278.0,405.0,22.0,26.0,56346,"56465,56466,56467,56468,56469,56470,56471,56472,56473,56474,56475,56476,56477,56478,56479,56480,56481,56482,56483,56484,56485,56486,56487,56488,56489,56490,56491,56492,56493,56494,56495,56496,56498"
810,56504,56687,"2901,2904,2903,2905,2906",2904,0,0.0,0,0,1,1,736,,,,,,0.0,56631,0.05565229783632297,8.691875049432003,-0.03095188550949146,0.6629438808381533,valley,,,,,,,,,,"56504,56505,56506,56507,56508,56509,56510,56511,56512,56513,56514,56515,56516,56517,56518,56519,56520,56521,56522,56523,56524,56525,56526,56527,56528,56529,56530,56531,56532,56533,56534,56535,56536,56538,56539,56540,56541,56542,56543,56544,56545,56546,56547,56548,56549,56550,56551,56552,56553,56554,56555,56556,56557,56558,56559,56560,56561,56562,56563,56564,56565,56566,56567,56568,56569,56570,56571,56572,56573,56574,56575,56576,56577,56578,56579,56580,56581,56582,56583,56584,56585,56586,56587,56588,56589,56590,56591,56592,56593,56594,56595,56596,56597,56598,56599,56600,56601,56602,56603,56604,56605,56606,56607,56608,56609,56610,56611,56612,56613,56614,56615,56616,56617,56618,56619,56620,56621,56622,56623,56624,56625,56626,56627,56628,56629,56630,56631,56632,56633,56634,56635,56636,56637,56638,56639,56630,56631,56632,56633,56634,56635,56636,56637,56638,56639,56640,56641,56642,56643,56644,56645,56646,56647,56648,56649,56650,56651,56652,56653,56654,56655,56656,56657,56658,56659,56660,56661,56662,56663,56664,56665,56666,56667,56668,56669,56670,56671,56672,56673,56674,56675,56676,56680,56681,56682,56683,56684,56685,56686,56687"
811,56852,56881,"2910,2909",2910,0,0.0,0,0,1,1,737,,,,,,0.0,56866,2.433754941979667,11.287112927688286,0.05413043392336103,0.6930725797959121,valley,621.0,536.0,19.0,30.0,587.0,551.0,19.0,37.0,56744,"56852,56853,56854,56855,56856,56857,56858,56859,56860,56861,56862,56863,56864,56865,56866,56867,56868,56869,56870,56871,56872,56873,56874,56875,56876,56877,56878,56879,56880,56881"
812,56888,56935,"2912,2914,2913,2915",2915,1,0.3793103448275862,1,0,1,1,738,,,56899,,,0.0,56911,2.3072465778569127,6.354534014213806,-0.07936114778245162,0.5524461318415859,valley,694.0,300.0,22.0,26.0,542.0,311.0,25.0,22.0,,"56888,56889,56890,56891,56892,56893,56894,56895,56896,56897,56898,56899,56900,56901,56902,56903,56904,56905,56906,56907,56908,56909,56910,56911,56912,56913,56914,56915,56916,56917,56918,56919,56920,56921,56922,56923,56924,56925,56926,56927,56918,56919,56920,56921,56922,56923,56924,56925,56926,56927,56928,56929,56930,56931,56932,56933,56934,56935"
813,57040,57082,"2917,2920,2918,2919,2921,2922",2917,1,0.9,0,0,1,1,739,,,57059,,,0.0,57079,2.274114057168845,2.1722418905759397,0.18432376041177267,0.5,ground_hit_fallback,728.0,191.0,19.0,26.0,531.0,202.0,19.0,26.0,,"57040,57041,57042,57043,57044,57045,57046,57048,57049,57050,57051,57052,57053,57054,57055,57056,57057,57058,57059,57060,57061,57062,57063,57064,57065,57066,57067,57068,57069,57070,57071,57072,57073,57074,57075,57076,57077,57078,57079,57082"
814,57256,57261,"2923,2924",2923,0,0.0,0,0,1,1,740,,,,7.233019079308523,12.603157646104336,0.8134857663353541,,,,,0.0,,,,,,,,,,,"57256,57257,57258,57259,57260,57261"
815,57262,57293,"2925,2926,2927",2925,1,0.6666666666666666,0,0,1,1,741,,,57272,,,0.0,57288,5.683589715412744,11.51195404029086,0.06919380168887557,0.7017897240291873,valley,1164.0,603.0,25.0,26.0,1065.0,502.0,28.0,26.0,57166,"57262,57263,57264,57265,57266,57267,57268,57269,57270,57271,57272,57273,57274,57275,57276,57277,57278,57279,57280,57281,57282,57283,57284,57285,57286,57287,57288,57289,57290,57291,57293"
816,57300,57334,"2929,2931,2932",2931,1,0.9411764705882353,0,0,1,1,742,,,57317,2.126981998482471,0.41303672438463757,0.915728677931898,,,,,0.0,,,,,,,,,,,"57300,57301,57303,57304,57305,57306,57307,57308,57309,57310,57311,57312,57313,57314,57315,57316,57317,57318,57319,57320,57321,57322,57323,57324,57325,57326,57327,57328,57329,57330,57331,57332,57333,57334"
817,57336,57341,2934,2934,0,0.0,0,0,0,0,,,low_displacement,,2.6663261446150486,13.189978838623873,0.8866639460636909,,,,,0.0,,,,,,,,,,,"57336,57337,57338,57339,57340,57341"
818,57354,57368,"2935,2937,2936,2938",2937,0,0.0,0,0,1,1,743,,,,1.7911954012157685,12.375088968324352,0.8500779883015387,,,,,0.0,,,,,,,,,,,"57354,57355,57356,57357,57358,57359,57360,57361,57362,57363,57364,57365,57366,57367,57368"
819,57376,57388,2939,2939,1,0.3333333333333333,0,0,1,1,744,,,57378,1.421530485216645,11.410660517132081,0.9502136516464278,,,,,0.0,,,,,,,,,,,"57376,57377,57378,57379,57380,57381,57382,57383,57384,57385,57386,57387,57388"
820,57389,57407,"2941,2940,2942",2941,1,0.18181818181818182,0,0,1,1,745,,,57391,0.588562271615427,-0.5505263645176077,0.6435338116010527,57397,1.0190617667996182,4.024079362682295,0.11423516965894231,0.7149828791652655,valley,630.0,228.0,19.0,18.0,441.0,247.0,19.0,30.0,57274,"57389,57390,57391,57392,57393,57394,57395,57396,57397,57398,57399,57400,57401,57402,57403,57404,57405,57406,57407,57404,57405,57406,57407"
821,57414,57445,2944,2944,1,0.75,0,0,1,1,746,,,57434,1.8639470842123838,11.14322786779436,0.9428560953863634,,,,,0.0,,,,,,,,,,,"57414,57415,57416,57417,57418,57419,57420,57421,57422,57423,57424,57425,57426,57427,57428,57429,57430,57431,57432,57433,57434,57435,57436,57437,57438,57439,57440,57441,57442,57443,57444,57445"
822,57446,57474,"2944,2946,2949",2946,1,0.6428571428571429,0,0,1,1,747,,,57455,,,0.0,57471,4.901729874660019,1.4543403343604098,0.3612939089153162,0.6136630145709739,valley,891.0,168.0,22.0,26.0,689.0,161.0,19.0,30.0,57349,"57446,57447,57448,57449,57450,57451,57452,57453,57454,57455,57456,57457,57458,57459,57460,57461,57462,57463,57464,57465,57466,57467,57468,57469,57470,57471,57472,57473,57474"
823,57476,57489,"2949,2952,2950,2953",2952,0,0.0,0,0,1,1,748,,,,6.0459494857414215,5.168130721677762,0.5299274560381178,57476,5.307185171818116,1.42719746006901,0.3771425926658658,0.5,ground_hit_fallback,919.0,172.0,19.0,22.0,717.0,165.0,8.0,11.0,57354,"57476,57480,57483,57484,57485,57486,57487,57488,57489"
824,57541,57547,"2955,2956",2955,0,0.0,0,0,1,1,749,,,,4.052610007327139,8.86065772457705,0.881768268410791,,,,,0.0,,,,,,,,,,,"57541,57542,57543,57544,57545,57547"
825,57554,57567,"2958,2959",2958,0,0.0,0,0,1,1,750,,,,0.16470588437266853,0.05615078165176346,0.6724638230505782,57559,1.949689612847901,2.449774657425536,0.09092523220043613,0.7369681971610766,valley,703.0,202.0,22.0,26.0,511.0,213.0,19.0,26.0,57437,"57554,57555,57556,57557,57558,57559,57560,57562,57563,57564,57565,57566,57567"
826,57625,57631,2963,2963,0,0.0,0,0,0,0,,,low_displacement,,3.1397061803176074,14.315706318074424,0.8894391181288176,,,,,0.0,,,,,,,,,,,"57625,57626,57627,57628,57629,57630,57631"
827,57708,57748,"2964,2966,2967",2967,1,0.75,0,0,1,1,751,,,57723,,,0.0,57747,5.7400464702415945,12.74515192831797,0.004692339994093686,0.5,ground_hit_fallback,1274.0,791.0,19.0,22.0,1203.0,633.0,19.0,30.0,57625,"57708,57709,57710,57711,57712,57713,57714,57715,57716,57717,57718,57719,57720,57721,57722,57723,57724,57725,57726,57727,57728,57729,57730,57731,57732,57733,57734,57735,57736,57737,57738,57739,57740,57741,57742,57743,57744,57745,57746,57747,57748"
828,57858,57896,"2969,2971,2970,2972,2973,2974,2976,2977,2978",2976,1,0.625,0,0,1,1,752,,,57870,,,0.0,57886,1.4340939203214458,-0.8361261720482034,0.0415145714420353,0.7187995238675946,valley,,,,,,,,,57764,"57858,57859,57862,57863,57864,57865,57866,57867,57868,57869,57870,57871,57872,57873,57874,57875,57876,57877,57879,57880,57881,57882,57883,57884,57885,57886,57887,57888,57889,57890,57891,57896"
829,57904,57929,"2981,2979,2980,2982",2981,0,0.0,0,0,1,1,753,,,,,,0.0,57920,-0.2685284177634943,-0.616414921441844,0.06144598718280603,0.7354763901093228,valley,613.0,165.0,19.0,26.0,388.0,180.0,16.0,30.0,57798,"57904,57905,57906,57907,57909,57910,57911,57912,57913,57915,57916,57917,57920,57921,57922,57923,57924,57925,57926,57928,57929"
830,57943,58007,"2983,2984,2985",2985,1,0.2777777777777778,0,0,1,1,754,,,57954,,,0.0,57976,2.0254119619053426,12.635979428202893,0.48931454462302293,0.7105603388375519,valley,,,,,,,,,57854,"57943,57944,57945,57946,57947,57948,57949,57950,57951,57952,57954,57955,57956,57957,57958,57959,57960,57961,57962,57963,57964,57965,57966,57967,57968,57969,57970,57971,57972,57973,57974,57975,57976,57977,57978,57979,57980,57981,57982,57983,57974,57975,57976,57977,57978,57979,57980,57981,57982,57983,57984,57985,57986,57987,57988,57989,57990,57991,57992,57993,57994,57995,57996,57997,58000,58001,58002,58003,58004,58005,58006,58007"
831,58023,58031,2986,2986,0,0.0,0,0,0,0,,,low_displacement,,1.9024652922657688,14.011744702210558,0.776068943213868,,,,,0.0,,,,,,,,,,,"58023,58024,58025,58026,58027,58028,58029,58030,58031"
832,58154,58164,2987,2987,0,0.0,0,0,0,0,,,low_displacement,,2.3029424133549656,13.701639009561434,0.9268002333861156,,,,,0.0,,,,,,,,,,,"58154,58155,58156,58157,58158,58159,58164"
833,58170,58191,2991,2991,1,0.7272727272727273,0,0,1,1,755,,,58184,5.672797551949946,-0.4142949937240985,0.9325078262576669,,,,,0.0,,,,,,,,,,,"58170,58171,58172,58173,58174,58175,58176,58177,58178,58179,58180,58181,58182,58183,58184,58185,58186,58187,58188,58189,58190,58191"
834,58200,58214,"2992,2993",2992,0,0.0,0,0,1,1,756,,,,-0.649956442986749,16.28733674303746,0.807463436263137,58200,5.67035890153176,-0.4163188390420771,0.15750353260767724,0.5,ground_hit_fallback,928.0,161.0,19.0,22.0,711.0,153.0,16.0,18.0,58078,"58200,58201,58202,58203,58204,58205,58206,58207,58208,58209,58210,58211,58212,58213,58214"
835,58234,58273,"2996,2995,2999",2996,0,0.0,0,0,1,1,757,,,,,,0.0,58253,0.7654771313990079,10.936764246938242,0.03992076734706984,0.7573441450357977,valley,410.0,487.0,22.0,33.0,329.0,573.0,16.0,26.0,58131,"58234,58235,58236,58237,58238,58239,58240,58241,58242,58243,58244,58245,58246,58247,58248,58249,58250,58251,58252,58253,58254,58255,58256,58257,58258,58259,58260,58261,58262,58263,58264,58265,58266,58267,58268,58269,58270,58271,58262,58263,58264,58265,58266,58267,58268,58269,58270,58271,58272,58273"
836,58274,58298,"2999,2998,3000",2999,1,0.4166666666666667,0,0,1,1,758,,,58294,3.845918594035528,4.1218865051490114,0.9439094611364007,,,,,0.0,,,,,,,,,,,"58274,58275,58276,58277,58278,58279,58280,58281,58282,58283,58284,58285,58286,58287,58288,58289,58290,58291,58292,58293,58294,58295,58296,58297,58298"
837,58299,58343,"3000,3001",3000,1,0.5909090909090909,0,0,1,1,759,,,58312,,,0.0,58328,2.1000197878306217,8.662726398260823,0.20412808732432497,0.6518425788337393,valley,644.0,352.0,16.0,33.0,525.0,367.0,19.0,37.0,58206,"58299,58300,58301,58302,58303,58304,58305,58306,58307,58308,58309,58310,58311,58312,58313,58314,58315,58316,58317,58318,58319,58320,58321,58322,58323,58324,58325,58326,58327,58328,58329,58330,58331,58332,58333,58334,58335,58336,58337,58338,58339,58340,58342,58343"
838,58344,58356,"3001,3003",3003,1,1.0,0,0,1,1,760,,,58350,5.511889689699657,3.570314851467976,0.9259934823189666,,,,,0.0,,,,,,,,,,,"58344,58345,58346,58347,58348,58349,58350,58351,58352,58353,58354,58355,58356"
839,58360,58373,"3005,3006",3005,1,0.5,0,0,1,1,761,,,58363,4.2884940233365585,10.747420453331756,0.9400647240816341,,,,,0.0,,,,,,,,,,,"58360,58361,58362,58363,58364,58365,58366,58367,58360,58361,58362,58363,58364,58365,58366,58367,58368,58369,58370,58371,58373"
840,58377,58397,"3009,3008",3009,1,0.9,1,0,1,1,762,,,58389,2.2703238996736608,5.626336257273336,0.9628791166928532,58397,2.344712920373561,5.457186059399746,0.19863458339643536,0.5,ground_hit_fallback,708.0,247.0,19.0,33.0,551.0,277.0,2.0,3.0,58275,"58377,58378,58379,58380,58381,58382,58383,58384,58385,58386,58387,58388,58389,58390,58391,58392,58393,58394,58395,58396,58397"
841,58414,58442,"3011,3012",3012,1,0.42857142857142855,0,0,1,1,763,,,58418,,,0.0,58434,1.8300027856460939,8.559083353438314,0.1165047839648845,0.6533443884784234,valley,618.0,356.0,19.0,26.0,497.0,382.0,19.0,33.0,58312,"58414,58415,58416,58417,58418,58419,58420,58421,58422,58423,58424,58425,58426,58427,58428,58429,58430,58431,58432,58433,58434,58435,58436,58437,58438,58439,58440,58441,58442"
842,58451,58471,"3013,3016",3016,1,0.26666666666666666,1,1,1,1,764,,,58457,,,0.0,58467,1.468400468388342,6.733331898645163,0.05239436773396844,0.4049242481061848,valley,621.0,296.0,16.0,30.0,466.0,322.0,19.0,18.0,58345,"58451,58452,58453,58454,58455,58456,58457,58458,58459,58460,58461,58462,58463,58454,58455,58456,58457,58458,58459,58460,58461,58462,58463,58464,58465,58466,58467,58468,58469,58470,58471"
843,58536,58575,"3018,3017,3019,3020",3019,0,0.0,0,0,1,1,765,,,58538,,,0.0,58567,1.5528298555056734,2.5208819360942805,-0.01651838171998321,0.7303726281902616,valley,680.0,210.0,19.0,26.0,486.0,225.0,19.0,22.0,58445,"58536,58537,58538,58539,58540,58541,58542,58543,58544,58545,58546,58547,58548,58549,58550,58551,58552,58553,58554,58555,58556,58557,58558,58559,58550,58551,58552,58553,58554,58555,58556,58557,58558,58559,58560,58561,58562,58563,58564,58565,58566,58567,58568,58569,58570,58571,58572,58573,58574,58575"
844,58584,58592,"3021,3022",3021,0,0.0,0,0,1,1,766,,,,,,0.0,,,,,0.0,,,,,,,,,,,"58584,58585,58586,58587,58588,58589,58590,58591,58592"
845,58607,58615,"3025,3026,3027",3025,0,0.0,0,0,1,1,767,,,,1.849379321357663,-0.3493146603429296,0.9387171039303421,,,,,0.0,,,,,,,,,,,"58607,58608,58609,58610,58611,58612,58613,58615"
846,58680,58719,"3028,3029,3030,3034,3031",3029,1,0.95,0,0,1,1,768,,,58699,,,0.0,58706,4.034933783143991,9.66406660326027,0.0836889497714921,0.6994873103862027,valley,855.0,420.0,25.0,41.0,762.0,412.0,22.0,26.0,58584,"58680,58681,58682,58683,58684,58685,58686,58687,58688,58689,58690,58691,58692,58693,58694,58695,58696,58697,58698,58699,58700,58701,58702,58703,58704,58705,58706,58707,58708,58709,58710,58711,58712,58713,58714,58715,58716,58717,58718,58719"
847,58720,58759,"3034,3033,3037,3039,3038,3040",3034,1,1.0,0,0,1,1,769,,,58740,,,0.0,58753,1.5438257782204887,2.797549097757754,0.08338381830893038,0.6615973970366595,valley,677.0,206.0,19.0,30.0,483.0,217.0,19.0,33.0,58631,"58720,58721,58724,58725,58726,58727,58728,58729,58730,58731,58732,58733,58734,58735,58736,58737,58738,58739,58740,58741,58744,58745,58746,58747,58748,58749,58750,58751,58752,58753,58754,58755,58756,58757,58758,58759"
848,58768,58821,"3042,3041",3042,1,0.37037037037037035,1,0,1,1,770,,,58781,,,0.0,58787,2.300615029706675,6.486494020801688,0.12411398837215426,0.5365473677735404,valley,694.0,285.0,19.0,22.0,542.0,300.0,19.0,22.0,58665,"58768,58769,58770,58771,58772,58773,58774,58775,58776,58777,58778,58779,58780,58781,58782,58783,58784,58785,58786,58787,58788,58789,58790,58791,58792,58793,58794,58795,58796,58797,58798,58799,58800,58801,58802,58803,58804,58805,58806,58807,58808,58809,58810,58811,58812,58813,58814,58815,58816,58817,58818,58819,58820,58821"
849,58952,58967,"3047,3048",3048,0,0.0,0,0,0,0,,,low_displacement,,3.3819687476267926,0.775864185585925,0.8417538781477378,,,,,0.0,,,,,,,,,,,"58952,58953,58958,58959,58960,58961,58962,58964,58965,58966,58967"
850,58992,58999,"3053,3054",3053,0,0.0,0,0,1,1,771,,,,3.5613136654943234,-1.100654737555093,0.9074896216289403,58999,3.6023803222457342,-0.8874656507983048,0.2248401583736026,0.5,ground_hit_fallback,812.0,153.0,19.0,26.0,599.0,150.0,16.0,26.0,58877,"58992,58993,58994,58995,58996,58999"
851,59040,59135,"3055,3060,3056,3057,3058,3059,3061",3060,1,0.25,1,0,1,1,772,,,59053,,,0.0,59100,1.4975614798836747,5.048658784968198,-0.05641958651198076,0.4103792998835738,valley,649.0,262.0,16.0,22.0,478.0,285.0,19.0,18.0,58978,"59040,59041,59042,59043,59044,59045,59046,59047,59048,59049,59050,59051,59052,59053,59054,59055,59056,59057,59058,59059,59060,59061,59062,59063,59064,59065,59066,59067,59068,59069,59070,59071,59072,59073,59074,59075,59076,59077,59078,59079,59080,59081,59082,59083,59084,59085,59086,59087,59088,59089,59090,59091,59092,59093,59094,59095,59096,59097,59098,59099,59100,59101,59102,59103,59104,59105,59106,59107,59108,59109,59110,59111,59112,59113,59114,59115,59116,59117,59118,59119,59120,59121,59122,59123,59124,59125,59126,59127,59128,59129,59130,59131,59132,59133,59134,59135"
852,59152,59189,3062,3062,1,0.42105263157894735,0,0,1,1,773,,,59159,,,0.0,59180,3.6723676910666256,11.124919571381398,0.03197490689406379,0.6765748974158242,valley,804.0,536.0,28.0,30.0,765.0,521.0,22.0,26.0,59058,"59152,59153,59154,59155,59156,59157,59158,59159,59160,59161,59162,59163,59164,59165,59166,59167,59168,59169,59170,59171,59172,59173,59174,59175,59176,59177,59178,59179,59180,59181,59182,59183,59184,59185,59186,59187,59188,59189"
853,59631,59652,"3066,3067,3068,3069",3066,1,0.5454545454545454,0,0,1,1,774,,,59637,,,0.0,59649,1.5195104381503906,0.5791466282978881,0.0038583512899110772,0.6559392310883472,valley,694.0,183.0,16.0,22.0,486.0,191.0,19.0,22.0,59527,"59631,59632,59633,59634,59635,59636,59637,59638,59639,59640,59641,59642,59643,59644,59645,59646,59647,59648,59649,59650,59651,59652"
854,59660,59718,"3070,3074",3070,1,0.6896551724137931,0,0,1,1,775,,,59681,,,0.0,59702,2.0994899912192526,11.262042762219355,0.13385859726135418,0.6822273785643386,valley,,,,,,,,,59580,"59660,59661,59662,59664,59665,59666,59667,59668,59669,59670,59671,59672,59673,59674,59675,59676,59677,59678,59679,59680,59681,59682,59683,59684,59685,59686,59687,59688,59689,59690,59691,59692,59693,59694,59695,59696,59697,59698,59699,59700,59701,59702,59703,59704,59705,59706,59707,59708,59709,59710,59711,59712,59713,59714,59715,59716,59717,59718"
855,59719,59736,3074,3074,1,0.3333333333333333,0,0,1,1,776,,,59734,3.07627291350265,-0.37059166433358115,0.9222085965770301,,,,,0.0,,,,,,,,,,,"59719,59720,59721,59722,59723,59724,59725,59726,59727,59728,59729,59730,59731,59732,59733,59734,59735,59736"
856,59744,59762,3075,3075,0,0.0,0,0,1,1,777,,,,4.657899611322809,15.080747299699176,0.9574850277908399,,,,,0.0,,,,,,,,,,,"59744,59745,59746,59747,59748,59749,59750,59751,59752,59753,59754,59755,59756,59757,59758,59759,59760,59761,59762"
857,59897,59903,3077,3077,0,0.0,0,0,0,0,,,low_displacement,,2.373872944506135,13.440636011889962,0.8528007073085474,,,,,0.0,,,,,,,,,,,"59897,59898,59899,59900,59901,59902,59903"
858,60046,60071,"3078,3079,3080,3081,3082,3084,3083",3081,1,0.8181818181818182,0,0,1,1,778,,,60058,5.605626128534425,-2.391242374066204,0.8160018333070543,,,,,0.0,,,,,,,,,,,"60046,60047,60048,60049,60050,60052,60055,60056,60057,60058,60059,60060,60061,60062,60063,60064,60065,60066,60067,60068,60069,60070,60071"
859,60080,60184,"3085,3088,3087,3090,3089",3090,1,0.5208333333333334,0,0,1,1,779,,,60111,,,0.0,60121,3.810692766586331,8.126927076705744,0.041348787701684486,0.7384037175337393,valley,826.0,352.0,16.0,33.0,703.0,337.0,19.0,41.0,60000,"60080,60081,60082,60083,60084,60085,60089,60090,60091,60092,60096,60097,60098,60099,60100,60101,60102,60103,60104,60105,60106,60107,60108,60109,60110,60111,60112,60113,60114,60115,60116,60117,60118,60119,60120,60121,60122,60123,60124,60125,60126,60127,60128,60129,60130,60131,60132,60133,60134,60135,60136,60137,60138,60139,60140,60141,60142,60143,60144,60145,60146,60147,60148,60149,60150,60151,60152,60153,60154,60155,60156,60157,60158,60159,60160,60161,60162,60163,60164,60165,60166,60167,60168,60169,60170,60171,60172,60173,60174,60175,60176,60177,60178,60180,60181,60184"
860,60216,60231,3093,3093,0,0.0,0,0,0,0,,,low_displacement,,,,0.0,,,,,0.0,,,,,,,,,,,"60216,60217,60218,60219,60220,60221,60223,60224,60225,60226,60227,60228,60230,60231"
861,60250,60263,3095,3095,0,0.0,0,0,0,0,,,low_displacement,,3.934130275741835,13.898712413736108,0.805021205710193,,,,,0.0,,,,,,,,,,,"60250,60251,60252,60253,60254,60255,60256,60257,60258,60259,60260,60261,60262,60263"
862,60280,60295,3098,3098,0,0.0,0,0,0,0,,,low_displacement,,3.871981365802779,13.761269330851254,0.7152069117539556,,,,,0.0,,,,,,,,,,,"60280,60281,60282,60283,60284,60285,60286,60287,60280,60281,60282,60283,60284,60285,60286,60287,60288,60289,60290,60291,60292,60293,60294,60295"
863,60360,60398,"3100,3101,3102",3102,1,0.75,0,0,1,1,780,,,60384,,,0.0,60396,1.2259338550753094,1.4639957065207643,-0.026773645021890502,0.713840636148336,valley,669.0,195.0,22.0,30.0,466.0,202.0,19.0,33.0,60272,"60360,60362,60363,60364,60365,60366,60367,60369,60370,60371,60372,60373,60375,60376,60377,60378,60379,60380,60381,60382,60383,60379,60380,60381,60382,60383,60384,60385,60386,60387,60388,60389,60390,60391,60392,60393,60394,60395,60396,60397,60398"
864,60416,60452,"3104,3105",3104,1,0.5,0,0,1,1,781,,,60425,,,0.0,60443,3.276415991695576,11.96442126787023,0.044695067816814316,0.6352550564361616,valley,739.0,611.0,19.0,37.0,736.0,607.0,25.0,30.0,60319,"60416,60417,60418,60419,60420,60421,60422,60423,60424,60425,60426,60427,60428,60429,60430,60431,60432,60433,60434,60435,60436,60437,60438,60439,60440,60441,60442,60443,60444,60445,60446,60447,60448,60449,60450,60451,60452"
865,60453,60487,"3105,3106",3106,1,0.9,0,0,1,1,782,,,60475,,,0.0,60479,1.2436836957923618,4.612866475391271,0.5812763347639072,0.1956189748853422,valley,,,,,,,,,60355,"60453,60454,60455,60456,60457,60458,60459,60460,60461,60462,60463,60464,60465,60466,60467,60468,60469,60470,60471,60472,60473,60474,60475,60476,60477,60478,60479,60475,60476,60477,60478,60479,60480,60481,60482,60483,60484,60485,60486,60487"
866,60504,60518,"3108,3107",3108,1,1.0,0,0,1,1,783,,,60512,3.5714382447114428,10.031986733638178,0.9377807942406359,,,,,0.0,,,,,,,,,,,"60504,60505,60506,60507,60508,60509,60510,60511,60512,60513,60514,60515,60516,60517,60518"
867,60519,60527,"3107,3108",3108,1,1.0,0,0,1,1,784,,,60523,0.7476245945542606,2.272504892833977,0.9332932683006132,,,,,0.0,,,,,,,,,,,"60519,60520,60521,60522,60523,60524,60525,60526,60527"
868,60536,60561,"3109,3110,3111",3109,1,0.5384615384615384,0,0,1,1,785,,,60543,3.6750680039157793,9.539766900699934,0.8350184586751052,,,,,0.0,,,,,,,,,,,"60536,60537,60538,60539,60540,60541,60542,60543,60544,60545,60546,60547,60548,60549,60550,60551,60552,60553,60554,60555,60556,60557,60558,60559,60560,60561"
869,60568,60577,"3115,3114",3115,0,0.0,0,0,1,1,786,,,,3.78377796687838,3.263087179817862,0.9250416227600794,60570,4.794415058779432,2.5717536061547577,0.32139283582301914,0.378178740012775,valley,,,,,,,,,60446,"60568,60569,60570,60571,60572,60573,60574,60575,60568,60569,60570,60571,60572,60573,60574,60575,60576,60577"
870,60583,60608,"3116,3118,3117,3119,3120,3121",3118,0,0.0,0,0,1,1,787,,,,,,0.0,60594,3.865323372701597,1.1994177713187284,0.06419302006287708,0.24449799331581612,valley,826.0,187.0,19.0,26.0,627.0,183.0,19.0,26.0,60470,"60583,60584,60585,60586,60587,60588,60589,60590,60591,60592,60593,60594,60595,60596,60597,60598,60599,60600,60601,60602,60607,60608"
871,60664,60733,3124,3124,1,0.42857142857142855,0,0,1,1,788,,,60673,,,0.0,60683,2.948167378795742,9.178409112906186,-0.03505103237110063,0.718895417966678,valley,725.0,405.0,25.0,33.0,627.0,408.0,22.0,33.0,60559,"60664,60665,60666,60667,60668,60669,60670,60671,60666,60667,60668,60669,60670,60671,60672,60673,60674,60675,60676,60677,60678,60679,60680,60681,60682,60683,60684,60685,60686,60687,60688,60689,60690,60691,60692,60696,60697,60698,60699,60700,60701,60702,60703,60704,60705,60706,60707,60708,60709,60710,60711,60712,60713,60714,60715,60716,60717,60718,60719,60720,60721,60722,60723,60724,60727,60728,60729,60730,60731,60732,60733"
872,60760,60762,3126,3126,0,0.0,0,0,0,0,,,low_displacement,,1.9469569199470418,14.41947025496413,0.9337196031685306,,,,,0.0,,,,,,,,,,,"60760,60761,60762,60760,60761,60762"
873,60784,60797,3127,3127,0,0.0,0,0,0,0,,,low_displacement,,2.1456591110562844,13.995244465024006,0.9286646325894277,,,,,0.0,,,,,,,,,,,"60784,60785,60786,60787,60788,60789,60792,60793,60794,60795,60796,60797"
874,60912,60943,"3129,3130",3129,1,0.2,0,0,1,1,789,,,60941,4.213069985905527,4.070012884976768,0.5566696656952371,,,,,0.0,,,,,,,,,,,"60912,60913,60914,60915,60916,60917,60918,60919,60920,60921,60922,60923,60924,60925,60926,60927,60928,60929,60931,60932,60933,60934,60935,60936,60937,60938,60939,60940,60941,60942,60943"
875,60961,60975,"3133,3134",3134,0,0.0,0,0,1,1,790,,,,3.5763980992173674,15.803095277678768,0.8516159432137298,,,,,0.0,,,,,,,,,,,"60961,60962,60963,60964,60965,60966,60967,60968,60969,60970,60971,60972,60973,60974,60975"
876,60987,61007,3135,3135,0,0.0,0,0,1,1,791,,,,4.053871064586292,12.580858743387184,0.9788046092351073,61007,4.065368146672658,12.499788777805295,0.08904186853156304,0.5,ground_hit_fallback,885.0,690.0,22.0,48.0,902.0,645.0,19.0,26.0,60883,"60987,60988,60989,60990,60991,60992,60993,60994,60995,60996,60997,60998,60999,61000,61001,61002,61003,61004,61005,61006,61007"
877,61019,61046,"3136,3138,3143",3138,1,0.9230769230769231,0,0,1,1,792,,,61035,2.5296169024040873,1.6542142723399316,0.776449105988839,,,,,0.0,,,,,,,,,,,"61019,61020,61021,61022,61023,61024,61025,61026,61028,61029,61030,61031,61032,61033,61034,61035,61036,61037,61038,61039,61040,61041,61042,61043,61044,61045,61046"
878,61047,61095,"3143,3142",3143,1,0.43478260869565216,1,0,1,1,793,,,61054,,,0.0,61087,4.964794420795684,6.505079552096618,-0.19501512844754743,0.6642280757146046,valley,928.0,318.0,19.0,26.0,776.0,300.0,14.0,22.0,60963,"61047,61050,61051,61052,61053,61054,61055,61056,61057,61058,61059,61060,61061,61063,61064,61065,61066,61067,61068,61069,61070,61071,61072,61073,61074,61075,61076,61077,61078,61079,61080,61081,61082,61083,61084,61085,61086,61087,61088,61089,61090,61091,61092,61093,61094,61095"
879,61115,61151,"3145,3147",3145,0,0.0,0,0,1,1,794,,,,,,0.0,61150,6.720869408630577,7.889620221566773,-0.16169158874841116,0.48804517865008795,valley,,,,,,,,,61026,"61115,61116,61117,61118,61119,61120,61121,61122,61123,61124,61125,61126,61127,61128,61129,61130,61131,61132,61133,61134,61135,61136,61137,61138,61139,61140,61141,61142,61143,61144,61145,61146,61147,61148,61149,61150,61151,61144,61145,61146,61147,61148,61149,61150,61151"
880,61153,61158,3148,3148,0,0.0,0,0,0,0,,,low_displacement,,3.4454506625600185,15.38162826625391,0.8652214199743824,,,,,0.0,,,,,,,,,,,"61153,61154,61155,61156,61157,61158"
881,61160,61167,"3149,3150",3149,0,0.0,0,0,1,1,795,,,,6.3553655112884195,9.696108649205527,0.8903478469344186,,,,,0.0,,,,,,,,,,,"61160,61161,61162,61163,61164,61167"
882,61225,61233,"3154,3155",3154,0,0.0,0,0,1,1,796,,,,0.6627645406910503,1.610534690578234,0.8112272095565903,,,,,0.0,,,,,,,,,,,"61225,61226,61227,61228,61229,61230,61231,61232,61233"
883,61259,61289,"3156,3158,3157,3161,3159,3160,3162",3161,0,0.0,0,0,1,1,797,,,,,,0.0,61273,2.461391575158597,1.1086762724562078,0.07914410985527986,0.80229651184722,valley,742.0,172.0,22.0,41.0,540.0,191.0,22.0,30.0,61149,"61259,61260,61261,61262,61263,61264,61265,61266,61267,61268,61269,61270,61271,61272,61273,61274,61275,61276,61277,61278,61279,61280,61281,61282,61283,61284,61285,61286,61287,61288,61289"
884,61384,61419,"3163,3167,3165",3167,1,0.6666666666666666,0,0,1,1,798,,,61396,,,0.0,61402,3.2171711222735206,7.915070511876834,0.29489913921297806,0.6830754146666371,valley,767.0,322.0,19.0,26.0,635.0,315.0,25.0,30.0,61261,"61384,61385,61386,61387,61388,61389,61390,61391,61392,61393,61394,61395,61396,61397,61398,61399,61400,61401,61402,61403,61404,61405,61406,61407,61408,61409,61410,61411,61412,61413,61414,61415,61416,61417,61418,61419"
885,61420,61454,"3167,3168",3168,1,0.6470588235294118,0,0,1,1,799,,,61444,,,0.0,61453,0.8753407111572423,3.878473119346307,0.21152775063335594,0.5,ground_hit_fallback,618.0,217.0,22.0,22.0,427.0,236.0,25.0,30.0,61312,"61420,61421,61422,61423,61424,61425,61426,61427,61428,61429,61430,61431,61432,61433,61434,61435,61436,61437,61438,61439,61440,61441,61442,61443,61444,61445,61446,61447,61448,61449,61450,61451,61452,61453,61454"
886,61472,61487,3174,3174,1,1.0,0,0,1,1,800,,,61480,3.1854534094253055,9.388877537824204,0.9212777753002388,,,,,0.0,,,,,,,,,,,"61472,61473,61474,61475,61476,61477,61478,61479,61480,61481,61482,61483,61484,61485,61486,61487"
887,61488,61500,"3174,3171",3174,1,0.8333333333333334,0,0,1,1,801,,,61493,2.583047964726487,2.637185317949317,0.9354638158505073,,,,,0.0,,,,,,,,,,,"61488,61489,61490,61491,61492,61493,61494,61495,61496,61497,61498,61499,61500"
888,61501,61515,3174,3174,1,1.0,0,0,1,1,802,,,61509,5.749643758280174,10.108994737388308,0.9275204562004296,,,,,0.0,,,,,,,,,,,"61501,61504,61505,61506,61507,61508,61509,61510,61511,61512,61513,61514,61515"
889,61516,61538,"3174,3172,3173,3175",3175,1,0.6666666666666666,0,0,1,1,803,,,61527,4.313662451208132,3.497467039599578,0.9468962003847212,61538,4.39650744516038,3.6077823420005117,0.3897852818707328,0.5,ground_hit_fallback,871.0,206.0,11.0,15.0,680.0,195.0,16.0,22.0,61397,"61516,61517,61518,61520,61521,61522,61523,61524,61525,61526,61527,61528,61529,61530,61531,61532,61533,61534,61535,61527,61528,61529,61530,61531,61532,61533,61534,61535,61536,61537,61538"
890,61553,61559,"3176,3177",3176,0,0.0,0,0,1,1,804,,,,2.8822061938379093,18.305783324492676,0.7644998236287436,,,,,0.0,,,,,,,,,,,"61553,61554,61555,61556,61557,61558,61559"
891,61596,61623,"3179,3180",3179,1,0.8571428571428571,0,0,1,1,805,,,61608,,,0.0,61616,3.7428061151948158,4.103949572579246,0.2643767162741,0.7002899602072373,valley,821.0,221.0,19.0,22.0,641.0,217.0,19.0,26.0,61475,"61596,61597,61598,61599,61600,61601,61602,61603,61604,61605,61606,61607,61608,61609,61610,61611,61612,61613,61614,61615,61616,61617,61618,61619,61620,61621,61622,61623"
892,61640,61650,3181,3181,1,0.8,0,0,1,1,806,,,61647,4.439194963130164,12.277576302765999,0.9274903539324313,,,,,0.0,,,,,,,,,,,"61640,61641,61642,61643,61644,61645,61646,61647,61648,61649,61650"
893,61656,61681,3183,3183,0,0.0,0,0,0,0,,,low_displacement,,3.7613131890397753,13.869959897497237,0.7237652300944585,,,,,0.0,,,,,,,,,,,"61656,61657,61658,61659,61660,61661,61662,61663,61664,61665,61666,61667,61668,61669,61670,61672,61673,61674,61675,61678,61679,61680,61681"
894,61704,61726,"3185,3187,3188",3185,0,0.0,0,0,0,0,,,low_displacement,,,,0.0,,,,,0.0,,,,,,,,,,,"61704,61705,61706,61707,61708,61709,61710,61711,61712,61713,61714,61715,61716,61717,61718,61719,61720,61721,61722,61723,61724,61725,61726"
895,61879,61885,3192,3192,0,0.0,0,0,0,0,,,low_displacement,,3.4306374815301646,15.466048309928363,0.8864412604691345,,,,,0.0,,,,,,,,,,,"61879,61880,61881,61882,61883,61884,61885"
896,62024,62064,"3198,3199,3200",3200,1,0.95,0,0,1,1,807,,,62044,,,0.0,62054,0.9781539705802862,10.526023469563224,0.16990759492290497,0.5903027395124624,valley,458.0,450.0,19.0,22.0,365.0,517.0,16.0,22.0,61913,"62024,62025,62026,62027,62028,62029,62030,62031,62033,62034,62035,62036,62037,62038,62039,62040,62041,62042,62043,62044,62045,62046,62047,62048,62049,62050,62051,62052,62053,62054,62055,62056,62057,62058,62059,62060,62061,62062,62063,62064"
897,62066,62092,"3200,3203,3202,3204",3203,1,0.38461538461538464,1,0,1,1,808,,,62088,,,0.0,,,,,0.0,,,,,,,,,,,"62066,62067,62068,62069,62070,62071,62072,62073,62074,62075,62076,62077,62078,62079,62080,62081,62082,62083,62084,62085,62086,62087,62088,62089,62090,62091,62092"
898,62144,62159,3206,3206,0,0.0,0,0,1,1,809,,,,3.2063471613729315,10.49214783319485,0.9240110709270367,,,,,0.0,,,,,,,,,,,"62144,62145,62146,62147,62148,62149,62150,62151,62152,62153,62154,62155,62156,62157,62158,62159"
899,62172,62209,"3208,3209,3210",3209,0,0.0,0,0,1,1,810,,,62173,,,0.0,62188,2.3594239749732226,3.3077408051770014,-0.09975787407640802,0.6868718650325047,valley,725.0,225.0,19.0,33.0,542.0,232.0,19.0,37.0,62047,"62172,62173,62174,62175,62176,62177,62178,62179,62180,62181,62182,62183,62184,62185,62186,62187,62188,62189,62190,62191,62192,62193,62194,62195,62196,62197,62198,62199,62200,62201,62202,62203,62204,62205,62206,62207,62208,62209"
900,62216,62223,"3212,3211",3212,0,0.0,0,0,0,0,,,low_displacement;low_peak_z,,2.228377970564336,1.3703784408166229,0.9723170230610549,,,,,0.0,,,,,,,,,,,"62216,62217,62218,62219,62220,62221,62222,62223"
901,62304,62311,"3214,3215",3214,0,0.0,0,0,0,0,,,low_displacement,,2.3954633580726785,-0.25638949912020875,0.9497841617671701,,,,,0.0,,,,,,,,,,,"62304,62305,62306,62307,62308,62309,62310,62311"
902,62352,62391,"3216,3217,3220",3217,1,0.6666666666666666,0,0,1,1,811,,,62366,,,0.0,62375,3.5482089624945248,9.41509420679795,-0.05101331183394642,0.7037652549214147,valley,793.0,420.0,25.0,30.0,703.0,416.0,16.0,30.0,62234,"62352,62353,62354,62355,62358,62359,62360,62361,62362,62363,62364,62365,62366,62367,62368,62369,62370,62371,62373,62374,62375,62376,62377,62378,62379,62380,62381,62382,62383,62384,62385,62386,62387,62388,62389,62390,62391"
903,62392,62435,"3220,3219,3221,3224",3220,1,0.9,0,0,1,1,812,,,62414,,,0.0,62435,3.2192180475442522,0.052905373376368914,-0.15580035662414815,0.5,ground_hit_fallback,793.0,195.0,14.0,7.0,582.0,183.0,25.0,26.0,62294,"62392,62393,62394,62395,62396,62397,62398,62399,62400,62401,62402,62403,62404,62405,62406,62407,62408,62409,62410,62411,62412,62413,62414,62415,62416,62417,62418,62419,62420,62421,62422,62423,62424,62425,62426,62427,62432,62433,62434,62435"
904,62436,62451,"3224,3222,3223,3225,3226",3224,0,0.0,0,0,1,1,813,,,,2.0844429911543196,8.121412813155917,0.6273582973139311,62444,3.0833874954316967,0.30108835264034894,0.7059013758879562,0.7446275424640553,valley,784.0,142.0,16.0,18.0,570.0,138.0,16.0,18.0,,"62436,62437,62439,62440,62441,62442,62443,62444,62445,62446,62447,62448,62449,62450,62451"
905,62493,62495,3228,3228,0,0.0,0,0,0,0,,,low_displacement,,2.2666953440518234,12.08434514204458,0.9151579521811866,,,,,0.0,,,,,,,,,,,"62493,62494,62495,62493,62494,62495"
906,62496,62519,"3228,3229",3228,1,1.0,0,0,1,1,814,,,62508,,,0.0,62514,2.183455140737797,3.39033961894701,0.04661120696620458,0.7036471938609032,valley,714.0,221.0,16.0,26.0,528.0,232.0,16.0,22.0,62373,"62496,62497,62498,62499,62500,62501,62502,62503,62504,62505,62506,62507,62508,62509,62510,62511,62512,62513,62514,62515,62516,62517,62518,62519"
907,62535,62559,"3232,3230",3232,1,0.9,0,0,1,1,815,,,62547,1.2299324837709047,11.231710661165932,0.9226355278891939,,,,,0.0,,,,,,,,,,,"62535,62536,62537,62538,62539,62540,62541,62542,62543,62544,62545,62546,62547,62548,62549,62550,62551,62552,62553,62554,62559"
908,62560,62590,"3232,3231,3234,3233,3237,3236",3232,1,0.7333333333333333,0,0,1,1,816,,,62571,,,0.0,62584,2.5614236226102505,2.8639301531613945,0.0006829836655892763,0.6919325771242095,valley,,,,,,,,,62443,"62560,62561,62562,62563,62564,62565,62566,62567,62568,62569,62570,62571,62572,62573,62574,62575,62576,62577,62578,62579,62580,62581,62582,62583,62584,62585,62586,62587,62588,62589,62590"
909,62591,62591,"3237,3236",3237,0,0.0,0,0,0,0,,,low_displacement,,3.0086982036916137,1.1283876535905573,0.8830191940805139,,,,,0.0,,,,,,,,,,,"62591,62582,62583,62584,62585,62586,62587,62588,62589,62590,62591"
910,62600,62671,"3239,3238,3240",3240,1,0.5428571428571428,0,0,1,1,817,,,62619,,,0.0,62650,2.6643672081704954,13.521558117709274,0.10423418157338915,0.6727195519214092,valley,570.0,847.0,14.0,15.0,680.0,862.0,22.0,48.0,,"62600,62601,62602,62603,62604,62605,62606,62607,62608,62609,62610,62611,62612,62613,62614,62615,62616,62617,62618,62619,62620,62621,62622,62623,62624,62625,62626,62627,62628,62629,62630,62631,62632,62633,62634,62635,62636,62637,62638,62640,62641,62642,62643,62644,62645,62646,62647,62648,62649,62650,62651,62652,62653,62654,62655,62656,62657,62658,62659,62660,62661,62662,62663,62664,62665,62666,62667,62668,62669,62670,62671"
911,62917,62948,"3241,3244,3245,3246,3247,3248",3245,1,0.5384615384615384,0,0,1,1,818,,,62929,,,0.0,62943,0.9401308228214675,0.5339292576239796,-0.012317895968863457,0.7388482680017082,valley,660.0,183.0,22.0,26.0,452.0,195.0,19.0,26.0,62802,"62917,62920,62924,62925,62926,62927,62928,62929,62930,62931,62932,62933,62934,62935,62936,62937,62938,62939,62940,62941,62942,62943,62944,62945,62946,62948"
912,62952,63005,"3249,3251,3250",3251,1,0.6296296296296297,0,0,1,1,819,,,62969,,,0.0,62996,2.8805649214671503,13.53778545725863,0.120632413379969,0.7062169529201738,valley,615.0,855.0,16.0,26.0,734.0,862.0,16.0,22.0,62855,"62952,62953,62954,62955,62956,62957,62958,62959,62960,62961,62962,62963,62964,62965,62966,62967,62968,62969,62970,62971,62972,62973,62974,62975,62976,62977,62978,62979,62980,62981,62982,62983,62984,62985,62986,62987,62988,62989,62990,62991,62992,62993,62994,62995,62996,62997,62998,62999,63000,63001,63002,63003,63004,63005"
913,63227,63253,"3254,3255,3257,3256,3258",3257,1,0.8333333333333334,0,0,1,1,820,,,63239,,,0.0,63247,4.071780186931088,2.1952855118859063,0.09865737768028104,0.6824738547252203,valley,835.0,198.0,28.0,22.0,646.0,195.0,16.0,22.0,63106,"63227,63228,63229,63230,63231,63233,63235,63236,63237,63238,63239,63240,63241,63242,63243,63244,63245,63246,63247,63248,63249,63250,63251,63252,63253"
914,63265,63270,"3266,3261",3266,0,0.0,0,0,1,1,821,,,,3.776768329452668,6.482297543334633,0.8690982985287798,,,,,0.0,,,,,,,,,,,"63265,63266,63267,63268,63269,63270"
915,63271,63302,"3266,3267",3266,1,0.5625,0,0,1,1,822,,,63280,,,0.0,63287,3.2576544520145365,8.34971144727421,-0.04990675345973905,0.6873883337555965,valley,765.0,367.0,25.0,33.0,644.0,371.0,33.0,26.0,63146,"63271,63272,63273,63274,63275,63276,63277,63278,63279,63280,63281,63282,63283,63284,63285,63286,63287,63288,63289,63290,63291,63292,63293,63294,63295,63296,63297,63298,63299,63300,63301,63302"
916,63304,63328,"3268,3269,3270",3269,1,0.9166666666666666,0,0,1,1,823,,,63315,4.750834192254835,2.0057958372789733,0.9499555895789131,,,,,0.0,,,,,,,,,,,"63304,63305,63306,63307,63308,63309,63310,63311,63312,63313,63314,63315,63316,63317,63318,63319,63320,63321,63322,63323,63324,63325,63326,63327,63328"
917,63334,63381,"3271,3272,3275",3275,1,0.5714285714285714,0,0,1,1,824,,,63366,,,0.0,63377,2.6879249706253616,7.974672111218879,0.028448956961022454,0.7146364166252134,valley,714.0,345.0,16.0,30.0,587.0,345.0,19.0,37.0,63235,"63334,63335,63336,63337,63338,63339,63340,63341,63342,63343,63344,63345,63346,63347,63348,63349,63350,63351,63352,63353,63354,63355,63356,63357,63358,63359,63351,63352,63353,63354,63355,63356,63357,63358,63359,63360,63361,63362,63363,63364,63365,63366,63367,63368,63369,63370,63371,63372,63373,63374,63375,63376,63377,63378,63379,63380,63381"
918,63392,63411,"3276,3277",3277,1,0.8,1,0,1,1,825,,,63404,1.770716383600175,5.623172671161898,0.9540749219954825,,,,,0.0,,,,,,,,,,,"63392,63393,63394,63395,63396,63397,63398,63399,63400,63401,63402,63403,63404,63405,63406,63407,63408,63409,63410,63411"
919,63440,63455,"3279,3280",3280,1,0.38461538461538464,0,0,1,1,826,,,63447,1.0904361960933187,7.774143878121656,0.91646282868921,,,,,0.0,,,,,,,,,,,"63440,63441,63442,63443,63444,63445,63446,63447,63448,63449,63450,63451,63452,63453,63454,63455,63446,63447,63448,63449,63450,63451,63452,63453,63454,63455"
920,63560,63579,"3283,3286,3284,3285",3286,1,0.3,0,0,1,1,827,,,63566,5.909144813315646,5.245604762806897,0.91032546656792,,,,,0.0,,,,,,,,,,,"63560,63561,63562,63563,63564,63565,63566,63567,63568,63569,63570,63571,63572,63573,63574,63575,63576,63577,63578,63579"
921,63580,63595,"3286,3288",3286,1,0.875,0,0,1,1,828,,,63586,5.624767751385066,11.678529497226279,0.8787512754379607,,,,,0.0,,,,,,,,,,,"63580,63581,63582,63583,63584,63585,63586,63587,63588,63589,63590,63591,63592,63593,63594,63595"
922,63596,63616,"3288,3287,3291",3288,1,0.8,0,0,1,1,829,,,63604,2.4340750011439782,2.8842039171407094,0.9220291891852184,63613,3.1698330148606484,3.571229155387698,0.5924288322430211,0.6673080475157182,valley,776.0,187.0,30.0,22.0,593.0,187.0,16.0,22.0,63472,"63596,63597,63598,63599,63600,63601,63602,63603,63604,63605,63606,63607,63608,63609,63610,63611,63612,63613,63614,63616"
923,63617,63635,"3291,3290",3291,1,1.0,0,0,1,1,830,,,63626,0.8814386125829237,11.401980591109021,0.9288134964322536,,,,,0.0,,,,,,,,,,,"63617,63618,63619,63620,63621,63622,63623,63624,63625,63626,63627,63628,63629,63630,63631,63632,63633,63634,63635"
924,63636,63656,"3291,3293,3294",3293,1,0.7777777777777778,0,0,1,1,831,,,63643,2.9460594366536554,1.3858932871400311,0.9462122410387327,,,,,0.0,,,,,,,,,,,"63636,63637,63638,63639,63640,63641,63642,63643,63644,63645,63646,63647,63648,63649,63650,63651,63652,63655,63656"
925,63657,63674,3296,3296,1,0.7777777777777778,0,0,1,1,832,,,63668,1.8045983670636878,9.993777252942245,0.9475734719387596,,,,,0.0,,,,,,,,,,,"63657,63658,63659,63660,63661,63662,63663,63664,63665,63666,63667,63668,63669,63670,63671,63672,63673,63674"
926,63680,63711,"3296,3295",3296,1,0.75,0,0,1,1,833,,,63692,,,0.0,63706,1.9576841938466536,4.517636702904596,0.10521168377186374,0.6279211191210807,valley,689.0,236.0,19.0,30.0,514.0,251.0,14.0,26.0,63565,"63680,63681,63682,63683,63684,63685,63686,63687,63688,63689,63690,63691,63692,63693,63694,63695,63696,63697,63698,63699,63700,63701,63702,63703,63704,63705,63706,63707,63708,63709,63710,63711"
927,63720,63744,"3297,3299,3302,3298,3300",3302,1,0.8823529411764706,0,0,1,1,834,,,63733,0.5617531087089289,9.643410525539963,0.937069414522251,,,,,0.0,,,,,,,,,,,"63720,63721,63722,63723,63724,63725,63726,63727,63728,63729,63730,63731,63732,63733,63734,63735,63736,63737,63738,63739,63740,63741,63742,63743,63734,63735,63737,63738,63739,63740,63741,63742,63743,63744"
928,63745,63775,"3302,3301,3303,3304",3302,1,0.4,0,0,1,1,835,,,63751,,,0.0,63759,3.2929639935942463,2.9747081470792267,0.09793349612556845,0.6810705227159206,valley,781.0,213.0,33.0,22.0,599.0,206.0,22.0,30.0,63618,"63745,63746,63747,63748,63749,63750,63751,63752,63753,63754,63755,63756,63757,63758,63759,63760,63761,63762,63763,63764,63765,63766,63767,63768,63769,63770,63771,63772,63773,63774,63775"
929,63896,63908,"3306,3305",3306,0,0.0,0,0,1,1,836,,,,5.532335242569457,0.08410847853216857,0.9234490223521161,63906,5.696198164590312,-0.6223595770406689,0.7822260591608927,0.4426482326836625,valley,933.0,127.0,19.0,18.0,711.0,112.0,14.0,18.0,63765,"63896,63897,63898,63899,63900,63901,63902,63903,63904,63905,63906,63907,63908"
930,63909,63959,"3306,3307,3308",3308,1,0.68,0,0,1,1,837,,,63926,,,0.0,63945,2.0479794550549553,11.774665670543458,0.0663613587963553,0.7091125667188776,valley,545.0,573.0,19.0,30.0,528.0,618.0,16.0,30.0,63803,"63909,63910,63911,63912,63913,63914,63915,63916,63917,63918,63919,63920,63921,63922,63923,63924,63925,63926,63927,63928,63929,63930,63931,63932,63933,63934,63935,63936,63937,63938,63940,63941,63942,63943,63944,63945,63946,63947,63948,63949,63950,63951,63952,63953,63954,63955,63956,63957,63958,63959"
931,64124,64136,"3314,3315",3314,1,0.8333333333333334,0,0,1,1,838,,,64129,0.5035560950504041,-0.9835577693910516,0.926381340221719,,,,,0.0,,,,,,,,,,,"64124,64125,64126,64127,64128,64129,64130,64131,64132,64133,64134,64135,64136"
932,64160,64192,3316,3316,1,0.5625,0,0,1,1,839,,,64169,,,0.0,64180,1.6015705163861127,8.810017290224328,-0.03841800124744349,0.683811254141432,valley,587.0,382.0,25.0,26.0,475.0,412.0,19.0,30.0,64039,"64160,64161,64162,64163,64164,64165,64166,64167,64168,64169,64170,64171,64172,64173,64174,64175,64176,64177,64178,64179,64180,64181,64182,64183,64184,64185,64186,64187,64188,64189,64190,64191,64192"
933,64193,64223,"3316,3320,3318,3319,3322,3321",3320,1,0.6842105263157895,0,0,1,1,840,,,64208,4.012656348670139,3.446763868157954,0.7748530032852647,,,,,0.0,,,,,,,,,,,"64193,64194,64197,64198,64199,64200,64201,64202,64203,64204,64205,64206,64207,64208,64209,64210,64211,64212,64213,64214,64215,64216,64217,64218,64219,64220,64221,64222,64223,64215,64216,64217,64218,64219,64220,64221,64222,64223"
934,64224,64235,3322,3322,0,0.0,0,0,1,1,841,,,,4.044702455268421,12.34290720194343,0.9350250042421482,,,,,0.0,,,,,,,,,,,"64224,64225,64226,64227,64228,64229,64230,64231,64232,64233,64234,64235"
935,64236,64260,"3322,3323",3322,1,1.0,0,0,1,1,842,,,64250,4.555163464425795,3.1528700009402018,0.8934106402892373,,,,,0.0,,,,,,,,,,,"64236,64239,64240,64241,64242,64243,64244,64245,64246,64247,64248,64249,64250,64251,64252,64253,64254,64255,64256,64257,64258,64259,64260"
936,64261,64271,"3325,3324",3325,1,0.6,0,0,1,1,843,,,64264,0.48721844478550835,12.626654072978518,0.8983668003565,,,,,0.0,,,,,,,,,,,"64261,64262,64263,64264,64265,64266,64267,64268,64269,64270,64271"
937,64272,64290,"3325,3326",3326,1,0.7142857142857143,0,0,1,1,844,,,64280,0.6520989497782868,1.9324875470402576,0.9283021052199822,,,,,0.0,,,,,,,,,,,"64272,64276,64277,64278,64279,64280,64281,64282,64283,64284,64285,64286,64287,64288,64290"
938,64517,64535,"3336,3335",3336,0,0.0,0,0,1,1,845,,,,,,0.0,64533,-0.45038804935734333,12.046681105040605,0.05090907040862902,0.7076865653269605,valley,165.0,570.0,16.0,33.0,53.0,731.0,19.0,33.0,,"64517,64518,64519,64520,64521,64522,64523,64524,64525,64526,64527,64528,64529,64530,64531,64532,64533,64534,64535"
939,64731,64759,"3338,3339",3338,1,0.9285714285714286,0,0,1,1,846,,,64745,,,0.0,64755,4.628473879043489,2.649578990006688,0.20767407145321926,0.5268902774569697,valley,880.0,198.0,16.0,26.0,686.0,187.0,19.0,30.0,64614,"64731,64732,64733,64734,64735,64736,64737,64739,64740,64741,64742,64743,64744,64745,64746,64747,64748,64749,64750,64751,64752,64753,64754,64755,64756,64757,64758,64759"
940,64765,64789,"3338,3340,3341,3342",3341,0,0.0,1,1,1,1,847,,,64784,4.503699289169256,7.540468871140081,0.9614997525876997,,,,,0.0,,,,,,,,,,,"64765,64766,64767,64768,64769,64770,64771,64772,64773,64774,64775,64776,64777,64778,64779,64780,64781,64782,64783,64784,64785,64786,64787,64788,64789"
941,64800,64832,"3343,3344",3344,0,0.0,0,0,1,1,848,,,,,,0.0,64818,4.995391424368776,4.804963834923242,-0.06976823154818845,0.4059895776502483,valley,916.0,262.0,16.0,22.0,742.0,247.0,19.0,22.0,64676,"64800,64801,64802,64803,64804,64805,64806,64807,64808,64809,64810,64811,64812,64813,64814,64815,64816,64817,64818,64819,64820,64821,64822,64823,64824,64825,64826,64827,64828,64829,64830,64831,64832"
942,64872,64885,3345,3345,1,0.2857142857142857,0,0,1,1,849,,,64874,4.699255605378868,10.901649196851338,0.952751644097598,,,,,0.0,,,,,,,,,,,"64872,64873,64874,64875,64876,64877,64878,64879,64880,64881,64882,64883,64884,64885"
943,65037,65053,3351,3351,1,0.5,0,0,1,1,850,,,65041,,,0.0,65052,1.006087723224012,0.9203586128636161,-0.1447899953957026,0.5,ground_hit_fallback,663.0,195.0,16.0,26.0,458.0,210.0,19.0,22.0,64911,"65037,65038,65039,65040,65041,65042,65043,65044,65045,65046,65047,65048,65049,65050,65051,65052,65053"
944,65064,65108,"3352,3353",3353,1,0.6666666666666666,0,0,1,1,851,,,65080,,,0.0,65097,0.9812161929605105,11.450655230350213,0.12176221971254186,0.6602085790093354,valley,407.0,521.0,19.0,30.0,345.0,607.0,19.0,30.0,64956,"65064,65065,65066,65067,65068,65069,65070,65071,65072,65073,65074,65075,65076,65077,65080,65081,65082,65083,65084,65085,65086,65087,65088,65089,65090,65091,65092,65093,65094,65095,65096,65097,65098,65099,65100,65101,65102,65103,65104,65105,65106,65107,65108"
945,65109,65131,"3353,3357,3355,3356",3357,1,0.36363636363636365,0,0,1,1,852,,,65127,1.520586916656697,0.1939840597919904,0.9107311891799489,,,,,0.0,,,,,,,,,,,"65109,65110,65112,65113,65114,65115,65116,65117,65118,65119,65120,65121,65122,65123,65124,65125,65126,65127,65128,65129,65130,65131"
946,65132,65152,"3356,3357,3358",3358,1,0.3,0,0,1,1,853,,,65135,3.065172286781509,15.198623974815177,0.9453635089157824,65152,2.855441052341035,14.254464592753823,0.4472411860760914,0.5,ground_hit_fallback,551.0,993.0,25.0,63.0,767.0,990.0,22.0,48.0,65010,"65132,65133,65134,65135,65136,65137,65138,65139,65140,65141,65142,65143,65144,65145,65146,65147,65148,65149,65150,65151,65152"
947,65414,65439,"3370,3372,3371",3372,1,0.9090909090909091,0,0,1,1,854,,,65427,4.480954407793418,0.17440664686258778,0.9411212483401448,65439,4.36269502151844,1.1744597285527192,0.1882532418560725,0.5,ground_hit_fallback,857.0,180.0,19.0,26.0,655.0,172.0,19.0,26.0,65297,"65414,65415,65416,65417,65418,65422,65423,65424,65425,65426,65427,65428,65429,65430,65431,65432,65433,65434,65435,65436,65437,65438,65439"
948,65440,65503,"3373,3375,3374,3376,3377,3379,3378,3380",3379,1,0.9333333333333333,0,0,1,1,855,,,65476,,,0.0,65491,3.483076614627062,10.195175011545814,0.21160381727098,0.6713367585411465,valley,787.0,435.0,19.0,45.0,711.0,423.0,16.0,48.0,65350,"65440,65441,65443,65444,65445,65446,65447,65448,65449,65450,65451,65452,65453,65454,65455,65456,65457,65458,65459,65460,65461,65465,65466,65467,65468,65469,65470,65471,65472,65473,65474,65475,65476,65477,65478,65479,65480,65481,65482,65483,65484,65485,65486,65487,65488,65489,65490,65491,65492,65493,65494,65495,65496,65497,65498,65499,65500,65501,65502,65503"
949,65509,65543,3381,3381,1,0.6470588235294118,0,0,1,1,856,,,65520,,,0.0,65536,3.9016182957465553,2.683289885279059,0.027626204752566608,0.7152174557472142,valley,829.0,210.0,19.0,26.0,641.0,210.0,19.0,22.0,65394,"65509,65510,65511,65512,65513,65514,65515,65516,65517,65518,65519,65520,65521,65522,65523,65524,65525,65526,65527,65528,65529,65530,65531,65532,65533,65534,65535,65536,65537,65538,65539,65540,65541,65542,65543"
950,65560,65570,3386,3386,1,0.5555555555555556,0,0,1,1,857,,,65566,4.300410401942047,10.126212523690452,0.951579550489893,,,,,0.0,,,,,,,,,,,"65560,65561,65562,65563,65564,65565,65566,65567,65561,65562,65563,65564,65565,65566,65567,65568,65569,65570"
951,65571,65590,"3386,3384,3389,3390",3386,1,0.6666666666666666,0,0,1,1,858,,,65578,2.3987211333388707,1.9094720007660761,0.9334020776278384,,,,,0.0,,,,,,,,,,,"65571,65572,65574,65575,65576,65577,65578,65579,65580,65581,65582,65583,65584,65585,65586,65587,65588,65589,65590"
952,65592,65640,"3394,3393",3394,0,0.0,0,0,1,1,859,,,,,,0.0,65616,2.943314186961416,7.6475082162795545,0.14609372518177288,0.6257134227949468,valley,742.0,322.0,19.0,26.0,604.0,326.0,28.0,30.0,65474,"65592,65593,65594,65595,65596,65597,65598,65599,65600,65601,65602,65603,65604,65605,65606,65607,65608,65609,65610,65611,65612,65613,65614,65615,65616,65617,65618,65619,65620,65621,65622,65623,65624,65625,65626,65627,65628,65629,65630,65631,65632,65633,65634,65635,65636,65637,65638,65639,65640"
953,65641,65659,"3394,3396,3395,3397",3396,1,0.375,0,0,1,1,860,,,65647,11.050804087004234,4.6740688582294805,0.8331352139925342,,,,,0.0,,,,,,,,,,,"65641,65642,65643,65644,65647,65648,65649,65650,65651,65652,65653,65654,65655,65656,65657,65658,65659"
954,65660,65667,3397,3397,0,0.0,0,0,1,1,861,,,65659,10.510660391206649,5.515993450075731,0.9072342201260517,,,,,0.0,,,,,,,,,,,"65660,65661,65662,65663,65654,65655,65656,65657,65658,65659,65660,65661,65662,65663,65664,65665,65666,65667"
955,65766,65777,"3398,3399,3400",3400,0,0.0,0,0,1,1,862,,,,5.8061519190336215,14.732930660593412,0.8349969816201503,,,,,0.0,,,,,,,,,,,"65766,65767,65768,65769,65770,65771,65772,65773,65774,65775,65776,65777"
956,65790,65818,"3403,3401",3403,0,0.0,0,0,1,1,863,,,65791,3.542276310121987,10.758277130447876,0.542809513469979,,,,,0.0,,,,,,,,,,,"65790,65791,65792,65793,65794,65795,65796,65797,65798,65799,65800,65801,65802,65803,65804,65805,65806,65807,65808,65809,65810,65811,65812,65813,65814,65815,65816,65817,65818"
957,65832,65839,3404,3404,0,0.0,0,0,0,0,,,low_displacement,,3.3110267991633977,11.7437334365918,0.9013499018438329,,,,,0.0,,,,,,,,,,,"65832,65833,65834,65835,65836,65837,65838,65839"
958,65849,65855,3406,3406,0,0.0,0,0,0,0,,,low_displacement,,4.172785512789764,12.17257906629812,0.8064380247647351,,,,,0.0,,,,,,,,,,,"65849,65850,65851,65852,65853,65854,65855"
959,66029,66090,"3411,3410,3416,3412,3413,3414",3416,1,0.23333333333333334,1,0,1,1,864,,,66030,,,0.0,66040,2.1616428409134567,6.919917507440163,0.04797717130078727,0.5770861590804959,valley,,,,,,,,,65894,"66029,66030,66031,66032,66033,66034,66035,66036,66037,66038,66039,66040,66041,66042,66043,66044,66045,66046,66047,66048,66049,66050,66051,66052,66053,66054,66055,66056,66057,66058,66059,66060,66061,66062,66063,66064,66065,66066,66067,66068,66069,66070,66071,66072,66073,66074,66075,66076,66077,66078,66079,66080,66081,66082,66083,66084,66085,66087,66088,66089,66090"
960,66104,66151,"3416,3417",3416,0,0.0,0,0,0,0,,,low_peak_z,,,,0.0,,,,,0.0,,,,,,,,,,,"66104,66105,66106,66107,66108,66109,66110,66111,66112,66113,66114,66115,66116,66117,66118,66119,66120,66121,66122,66123,66124,66125,66126,66127,66128,66129,66130,66131,66132,66133,66134,66135,66136,66137,66138,66139,66140,66141,66142,66143,66134,66135,66136,66137,66138,66139,66140,66141,66142,66143,66144,66145,66146,66147,66148,66149,66150,66151"
961,66360,66367,3419,3419,0,0.0,0,0,0,0,,,low_displacement,,1.7529231154016063,14.223723991920604,0.918490773949002,,,,,0.0,,,,,,,,,,,"66360,66361,66362,66363,66364,66365,66367"
962,66488,66532,"3420,3421,3422,3424",3422,1,0.8,0,0,1,1,865,,,66517,,,0.0,66528,5.131801371094733,0.896100553401169,0.06384083754593206,0.7367536322182169,valley,900.0,180.0,22.0,30.0,697.0,172.0,19.0,22.0,66382,"66488,66491,66493,66494,66495,66496,66497,66498,66499,66500,66501,66502,66503,66504,66505,66506,66508,66509,66510,66511,66512,66513,66514,66515,66516,66517,66518,66519,66520,66521,66522,66523,66524,66525,66526,66527,66528,66529,66530,66531,66532"
963,66533,66553,"3424,3425,3426",3426,0,0.0,0,0,1,1,866,,,,3.3119728937782913,7.351358494970128,0.7892541061319536,66533,5.350226465543557,0.43154972671440817,0.4499761477964981,0.5,ground_hit_fallback,916.0,153.0,16.0,22.0,703.0,142.0,16.0,22.0,66386,"66533,66534,66535,66540,66542,66543,66544,66545,66546,66547,66548,66549,66550,66551,66552,66553"
964,66563,66601,3427,3427,0,0.0,0,0,1,1,867,,,,,,0.0,66584,2.0562444455370166,11.135119722098015,0.26095084005342917,0.6902794538642798,valley,568.0,491.0,22.0,33.0,523.0,532.0,16.0,26.0,66437,"66563,66564,66565,66566,66567,66568,66569,66570,66571,66572,66573,66574,66575,66576,66577,66578,66579,66580,66581,66582,66583,66584,66585,66586,66587,66588,66589,66590,66591,66592,66593,66594,66595,66596,66597,66598,66599,66600,66601"
965,66602,66631,"3427,3428,3429,3433,3435",3433,1,0.8125,0,0,1,1,868,,,66618,,,0.0,66627,3.9122675184107503,2.247899265859836,-0.07978811176512224,0.708192383852851,valley,829.0,210.0,19.0,30.0,641.0,206.0,14.0,26.0,66480,"66602,66603,66605,66606,66607,66610,66611,66612,66613,66614,66615,66616,66617,66618,66619,66620,66621,66622,66623,66619,66620,66621,66622,66623,66624,66625,66626,66627,66628,66629,66630,66631"
966,66640,66663,"3436,3438,3437",3436,1,0.6666666666666666,0,0,1,1,869,,,66656,2.257186103322273,10.817476956070504,0.9318768702985951,,,,,0.0,,,,,,,,,,,"66640,66641,66642,66643,66644,66645,66646,66647,66648,66649,66650,66651,66652,66653,66654,66655,66656,66657,66658,66659,66660,66661,66662,66663"
967,66664,66679,"3437,3438",3438,1,0.875,0,0,1,1,870,,,66671,4.896254599245209,4.038102141896838,0.9407335104510612,,,,,0.0,,,,,,,,,,,"66664,66665,66666,66667,66668,66669,66670,66671,66672,66673,66674,66675,66676,66677,66678,66679"
968,66707,66713,"3441,3442",3441,0,0.0,0,0,1,1,871,,,,4.168759320740766,9.2636971826153,0.9127303085588517,,,,,0.0,,,,,,,,,,,"66707,66708,66709,66710,66711,66712,66713"
969,66715,66742,"3447,3448,3449,3450,3451,3452,3453",3453,1,0.18181818181818182,0,0,1,1,872,,,66717,,,0.0,66732,0.43123995079515565,0.9237270916461924,0.04110020873528486,0.7718954615804301,valley,638.0,195.0,8.0,11.0,416.0,198.0,22.0,22.0,,"66715,66716,66717,66718,66719,66720,66721,66722,66723,66724,66725,66726,66727,66732,66734,66735,66736,66737,66738,66740,66741,66742"
970,66946,66997,3455,3455,1,0.24,0,0,1,1,873,,,66952,,,0.0,66993,4.133370752259584,13.226008210634047,-0.046420705628516856,0.6993559370948261,valley,916.0,858.0,11.0,15.0,975.0,768.0,14.0,15.0,66847,"66946,66947,66948,66949,66950,66951,66952,66953,66954,66955,66956,66957,66958,66959,66960,66961,66962,66963,66964,66965,66966,66967,66968,66969,66970,66971,66972,66973,66974,66975,66976,66977,66978,66979,66980,66982,66983,66984,66985,66986,66987,66988,66989,66990,66991,66992,66993,66994,66995,66996,66997"
971,67016,67031,"3456,3457",3457,0,0.0,0,0,0,0,,,low_displacement,,4.3452609144624965,13.943497652854902,0.7751973647594301,,,,,0.0,,,,,,,,,,,"67016,67017,67019,67020,67021,67022,67023,67026,67027,67028,67029,67030,67031"
972,67064,67071,3459,3459,0,0.0,0,0,0,0,,,low_displacement,,4.161025617203424,13.677919073088843,0.9523757989826778,,,,,0.0,,,,,,,,,,,"67064,67065,67066,67067,67068,67069,67070,67071"
973,67158,67183,"3461,3462,3463,3464,3465",3464,1,1.0,0,0,1,1,874,,,67172,0.584666990982992,0.46720233937072564,0.9268672149296608,67183,0.7597173939712047,0.7476856897745066,-0.01342177048128157,0.5,ground_hit_fallback,655.0,187.0,11.0,18.0,441.0,202.0,19.0,26.0,67036,"67158,67159,67160,67161,67162,67164,67166,67167,67168,67169,67170,67171,67172,67173,67174,67175,67176,67177,67178,67179,67180,67181,67182,67183"
974,67194,67238,"3471,3469,3470",3471,1,0.8181818181818182,0,0,1,1,875,,,67212,,,0.0,67222,0.9244618856085829,9.209984618409418,0.033084207680770916,0.6675062379974972,valley,506.0,386.0,25.0,33.0,385.0,438.0,22.0,30.0,67075,"67194,67195,67196,67197,67198,67199,67200,67201,67202,67203,67204,67205,67206,67207,67208,67209,67210,67211,67212,67213,67214,67215,67216,67217,67218,67219,67220,67221,67222,67223,67224,67225,67226,67227,67228,67229,67230,67231,67232,67233,67234,67235,67236,67237,67238"
975,67239,67279,"3475,3478,3477",3478,1,0.3,0,0,1,1,876,,,67254,,,0.0,,,,,0.0,,,,,,,,,,,"67239,67241,67242,67243,67244,67245,67246,67247,67248,67249,67250,67251,67252,67253,67254,67255,67256,67257,67258,67259,67260,67261,67262,67263,67264,67265,67266,67267,67268,67269,67270,67271,67272,67273,67274,67275,67276,67277,67278,67279"
976,67303,67315,"3480,3479,3481",3480,1,0.8333333333333334,0,0,1,1,877,,,67307,1.7654333620039986,4.119156586913498,0.9141703046102103,,,,,0.0,,,,,,,,,,,"67303,67304,67305,67306,67307,67308,67309,67310,67311,67312,67313,67314,67315"
977,67316,67324,"3481,3487",3481,0,0.0,1,0,1,1,878,,,67324,2.2871553065230428,7.569094291966442,0.9345999981592972,,,,,0.0,,,,,,,,,,,"67316,67317,67318,67319,67320,67321,67322,67323,67324"
978,67325,67351,"3487,3482,3483,3484,3485,3486",3487,0,0.0,1,0,1,1,879,,,67327,,,0.0,67346,2.3583408745567835,5.200414270979351,-0.12653805094043324,0.6624075137014789,valley,708.0,270.0,22.0,26.0,545.0,281.0,25.0,30.0,67199,"67325,67326,67327,67330,67331,67332,67333,67335,67336,67337,67338,67339,67340,67341,67342,67343,67344,67345,67346,67347,67348,67349,67350,67351"
979,67360,67395,"3488,3489,3490,3491",3488,0,0.0,0,0,1,1,880,,,,3.1667508741884087,3.3949834290508605,0.4935595434701947,67377,2.9153295808463735,3.8471295099647165,0.331939457105749,0.7697778501731394,valley,756.0,206.0,30.0,30.0,582.0,217.0,14.0,18.0,67240,"67360,67361,67362,67363,67364,67365,67366,67367,67368,67369,67370,67371,67372,67373,67374,67375,67376,67377,67378,67379,67381,67382,67383,67384,67385,67386,67387,67388,67389,67390,67391,67392,67393,67394,67395"
980,67396,67469,3491,3491,1,0.35135135135135137,0,0,1,1,881,,,67409,,,0.0,67437,2.893888375564803,10.586577551795072,0.11934326196346312,0.6975498729561254,valley,700.0,472.0,22.0,33.0,641.0,480.0,25.0,41.0,67298,"67396,67397,67398,67399,67400,67401,67402,67403,67404,67405,67406,67407,67408,67409,67410,67411,67412,67413,67414,67415,67416,67417,67418,67419,67420,67421,67422,67423,67424,67425,67426,67427,67428,67429,67430,67431,67432,67433,67434,67435,67436,67437,67438,67439,67440,67441,67442,67443,67444,67445,67446,67447,67448,67449,67450,67451,67452,67453,67454,67455,67456,67457,67458,67459,67460,67461,67462,67463,67464,67465,67466,67467,67468,67469"
981,67568,67573,3492,3492,0,0.0,0,0,0,0,,,low_displacement,,1.8507923006987284,14.486198351949277,0.8357129698698518,,,,,0.0,,,,,,,,,,,"67568,67569,67570,67571,67572,67573"
982,67584,67593,3493,3493,0,0.0,0,0,1,1,882,,,,2.2839140957255872,14.271779153395237,0.9448135421455842,,,,,0.0,,,,,,,,,,,"67584,67585,67586,67587,67588,67589,67592,67593"
983,67624,67647,3494,3494,0,0.0,0,0,0,0,,,low_displacement,,,,0.0,,,,,0.0,,,,,,,,,,,"67624,67625,67626,67627,67632,67633,67634,67635,67636,67637,67638,67639,67640,67641,67642,67643,67644,67645,67646,67647"
984,67744,67801,"3495,3496,3497,3502,3498,3499,3500,3501",3502,1,0.92,0,0,1,1,883,,,67774,,,0.0,67788,4.395920821386366,1.9995947923530935,0.29762476936179816,0.7134543877166182,valley,863.0,183.0,19.0,26.0,663.0,172.0,19.0,33.0,67650,"67744,67747,67748,67750,67751,67752,67753,67754,67758,67759,67760,67761,67762,67764,67765,67766,67767,67768,67769,67770,67771,67772,67773,67774,67775,67776,67777,67778,67779,67780,67781,67782,67783,67784,67785,67786,67787,67788,67789,67790,67791,67792,67793,67794,67795,67796,67797,67798,67799,67800,67801"
985,67802,67842,"3502,3503,3505,3504,3508,3507,3510",3510,1,0.95,1,0,1,1,884,,,67819,,,0.0,67828,1.010213855713605,8.318922598485821,-0.009919108821045963,0.6520317077565283,valley,545.0,356.0,16.0,22.0,410.0,397.0,19.0,22.0,67689,"67802,67803,67804,67805,67806,67807,67808,67809,67810,67811,67812,67813,67814,67815,67816,67817,67818,67819,67820,67821,67822,67823,67824,67825,67826,67827,67828,67829,67830,67831,67832,67833,67834,67835,67836,67837,67838,67839,67840,67841,67842"
986,67843,67871,"3510,3512",3512,1,1.0,0,0,1,1,885,,,67862,4.414556411293977,3.0657216537741228,0.9289376804732945,,,,,0.0,,,,,,,,,,,"67843,67844,67845,67846,67847,67848,67849,67850,67851,67852,67853,67854,67855,67856,67857,67858,67859,67860,67861,67862,67863,67864,67865,67866,67867,67868,67869,67870,67871,67862,67863,67864,67865,67866,67867,67868,67869,67870,67871"
987,67872,67887,"3512,3513,3514",3513,1,0.42857142857142855,0,0,1,1,886,,,67875,,,0.0,67881,4.998758036294211,9.591323197530365,0.10578734550946578,0.8048633310430567,valley,981.0,427.0,22.0,26.0,871.0,390.0,19.0,22.0,67742,"67872,67873,67874,67875,67876,67877,67878,67879,67880,67881,67882,67883,67884,67887"
988,68056,68064,3519,3519,0,0.0,0,0,1,1,887,,,,-0.5798771956480842,-4.32165479781224,0.8228863823849165,,,,,0.0,,,,,,,,,,,"68056,68057,68058,68059,68060,68061,68062,68063,68064"
989,68085,68102,"3520,3522,3521,3523",3522,0,0.0,0,0,1,1,888,,,,1.512017484842898,2.787791916059726,0.8692860394309303,,,,,0.0,,,,,,,,,,,"68085,68086,68087,68088,68089,68090,68091,68092,68093,68094,68095,68096,68097,68098,68099,68101,68102"
990,68320,68360,"3529,3530,3532,3531,3533",3533,1,0.7777777777777778,0,0,1,1,889,,,68334,,,0.0,68348,5.170569552078014,11.625798759208557,0.07146432145039938,0.6383974156455725,valley,,,,,,,,,68208,"68320,68321,68322,68323,68324,68325,68326,68327,68328,68329,68330,68331,68332,68333,68334,68335,68336,68337,68338,68339,68341,68342,68343,68344,68345,68346,68347,68348,68349,68350,68351,68352,68353,68354,68355,68360"
991,68366,68409,"3534,3535,3536,3537,3538,3539,3540",3534,1,0.6470588235294118,0,0,1,1,890,,,68377,,,0.0,68395,1.386641879061933,3.1343640758868414,0.6003313175993092,0.6829582765514618,valley,663.0,180.0,16.0,22.0,466.0,195.0,11.0,15.0,68256,"68366,68367,68368,68369,68370,68371,68372,68373,68374,68375,68376,68377,68378,68383,68384,68385,68386,68387,68388,68389,68390,68391,68392,68393,68394,68395,68400,68402,68403,68404,68406,68407,68408,68409"
992,68450,68463,"3541,3545,3543",3545,0,0.0,0,0,1,1,891,,,,2.1324016714073797,13.576445959942212,0.6389019931341164,68459,2.7184875196855067,13.74735757419068,0.73799418705129,0.821619701773781,valley,548.0,810.0,16.0,22.0,697.0,825.0,14.0,15.0,68320,"68450,68451,68452,68453,68454,68455,68456,68458,68459,68460,68461,68462,68463"
993,68469,68478,3546,3546,0,0.0,0,0,1,1,892,,,,2.819332668812839,15.53223120249985,0.9091499645681074,,,,,0.0,,,,,,,,,,,"68469,68470,68471,68472,68473,68474,68475,68476,68477,68478"
994,68574,68584,3549,3549,0,0.0,0,0,1,1,893,,,,4.381100503461143,1.424947595272041,0.8712549677738632,,,,,0.0,,,,,,,,,,,"68574,68575,68576,68577,68578,68579,68580,68581,68582,68583,68584"
995,68597,68623,"3552,3551",3552,1,0.23076923076923078,0,0,1,1,894,,,68600,,,0.0,68616,4.341057071371453,3.3898259070875483,0.20974073253114867,0.7266846137623189,valley,863.0,210.0,19.0,30.0,675.0,202.0,19.0,26.0,68477,"68597,68598,68599,68600,68601,68602,68603,68604,68605,68606,68607,68608,68609,68610,68611,68612,68613,68614,68615,68616,68617,68618,68619,68620,68621,68622,68623"
996,68634,68639,3554,3554,0,0.0,0,0,0,0,,,low_displacement,,3.583732327291156,13.196823356849896,0.8743643417360074,,,,,0.0,,,,,,,,,,,"68634,68635,68636,68637,68638,68639"
997,68655,68666,3556,3556,0,0.0,0,0,0,0,,,low_displacement,,3.4921377574858172,14.616679233913628,0.8995769470097201,,,,,0.0,,,,,,,,,,,"68655,68656,68657,68658,68659,68663,68664,68665,68666"
998,68729,68732,3561,3561,0,0.0,0,0,0,0,,,low_displacement,,4.510735067458743,0.5557684873861775,0.9408179921614563,,,,,0.0,,,,,,,,,,,"68729,68730,68731,68732,68733,68734,68735,68728,68729,68730,68731,68732"
999,68733,68776,"3561,3560,3562",3562,1,0.8095238095238095,0,0,1,1,895,,,68751,,,0.0,68765,1.0413538828533424,10.37855069681536,0.19904164800710866,0.6704955155788666,valley,469.0,438.0,22.0,26.0,374.0,495.0,25.0,33.0,68626,"68733,68734,68735,68737,68738,68739,68740,68741,68742,68743,68744,68745,68746,68747,68748,68749,68750,68751,68752,68753,68754,68755,68756,68757,68758,68759,68760,68761,68762,68763,68764,68765,68766,68767,68768,68769,68770,68772,68773,68774,68775,68776"
1000,68777,68811,"3562,3564,3563",3564,1,0.8823529411764706,0,0,1,1,896,,,68797,5.0311454535956015,3.018340335895628,0.94319810658878,68811,4.724810788336873,3.347618592451198,0.41806150311087364,0.5,ground_hit_fallback,891.0,195.0,16.0,26.0,700.0,187.0,19.0,22.0,68672,"68777,68779,68780,68781,68782,68783,68784,68785,68786,68787,68788,68789,68790,68791,68792,68793,68794,68795,68796,68797,68798,68799,68800,68801,68802,68803,68804,68805,68806,68807,68808,68809,68810,68811"
1001,68832,68841,3565,3565,1,0.4,0,1,1,1,897,,,68840,4.081464690514868,11.837388540959815,0.9244163276069587,,,,,0.0,,,,,,,,,,,"68832,68833,68834,68835,68836,68837,68838,68839,68840,68841"
1002,68849,68862,"3568,3569",3569,1,0.7142857142857143,0,0,1,1,898,,,68854,0.6327405824764538,5.251811283069465,0.9432851697015848,,,,,0.0,,,,,,,,,,,"68849,68850,68851,68852,68853,68854,68855,68856,68857,68858,68859,68860,68861,68862"
1003,68895,68916,"3572,3573,3574,3575,3577",3573,1,1.0,0,0,1,1,899,,,68906,0.5179418416783845,1.194889419541008,0.9058482402699175,,,,,0.0,,,,,,,,,,,"68895,68896,68897,68898,68899,68900,68901,68902,68903,68904,68905,68906,68907,68908,68909,68910,68911,68912,68913,68914,68915,68916"
1004,68917,68954,"3576,3580,3579,3581,3583,3582",3580,0,0.0,0,0,1,1,900,,,,,,0.0,68930,0.23418138237644737,-0.37936791365494127,-0.18044515296443597,0.8178516367786195,valley,635.0,180.0,19.0,26.0,419.0,195.0,19.0,30.0,68791,"68917,68920,68921,68922,68923,68924,68925,68926,68927,68928,68929,68930,68931,68932,68933,68934,68935,68936,68937,68938,68939,68940,68941,68942,68943,68947,68948,68949,68950,68951,68952,68953,68954"
1005,69116,69139,"3586,3587",3586,1,1.0,0,0,1,1,901,,,69128,4.797690839187852,11.260376493161917,0.9545941226008035,,,,,0.0,,,,,,,,,,,"69116,69117,69118,69119,69120,69121,69122,69123,69124,69125,69126,69127,69128,69129,69130,69131,69132,69133,69134,69135,69136,69137,69138,69139"
1006,69143,69163,3586,3586,0,0.0,0,0,1,1,902,,,,5.052492706344526,14.737367471204987,0.9101517903851851,69156,4.88280579611272,12.717627295802878,0.7664833853159543,0.0292064272782356,valley,1116.0,652.0,16.0,26.0,1088.0,543.0,28.0,30.0,,"69143,69144,69145,69146,69147,69148,69149,69150,69151,69152,69153,69154,69155,69156,69157,69158,69159,69160,69161,69162,69163"
1007,69360,69375,3590,3590,1,0.5,0,0,1,1,903,,,69363,1.1408905846917845,-1.4578043910255847,0.9330243319702216,,,,,0.0,,,,,,,,,,,"69360,69361,69362,69363,69364,69365,69366,69367,69368,69369,69370,69371,69372,69373,69374,69375"
1008,69400,69409,"3596,3595,3597,3598",3596,0,0.0,0,0,1,1,904,,,,-0.4441444086477073,-0.4121084185955064,0.9491092418398104,,,,,0.0,,,,,,,,,,,"69400,69401,69402,69403,69404,69405,69406,69408,69409"
1009,69415,69426,"3599,3600,3601,3602",3600,0,0.0,0,0,1,1,905,,,,-0.39970020211345214,5.013443773072682,0.8776590266912692,69415,-0.6162437664308895,-0.5825259960784983,0.022796385407239272,0.5,ground_hit_fallback,593.0,168.0,22.0,26.0,365.0,187.0,22.0,26.0,69276,"69415,69416,69418,69419,69420,69421,69424,69425,69426"
1010,69528,69607,"3605,3606",3605,1,0.45,0,0,1,1,906,,,69546,,,0.0,69564,1.8149778769495901,11.21321612015941,0.23537776297814972,0.7132039848837254,valley,534.0,502.0,16.0,33.0,483.0,543.0,19.0,26.0,69426,"69528,69529,69530,69531,69532,69533,69534,69535,69536,69537,69538,69539,69540,69541,69542,69543,69544,69545,69546,69547,69548,69549,69550,69551,69552,69553,69554,69555,69556,69557,69558,69559,69560,69561,69562,69563,69564,69565,69566,69567,69568,69569,69570,69571,69572,69573,69574,69575,69576,69577,69578,69579,69580,69581,69582,69583,69584,69585,69586,69587,69588,69589,69590,69591,69592,69593,69594,69595,69596,69597,69598,69599,69600,69601,69602,69603,69604,69605,69606,69607"
1011,69616,69633,3607,3607,0,0.0,0,0,0,0,,,low_displacement,,2.56928148008865,14.365527400473242,0.8996538353418317,,,,,0.0,,,,,,,,,,,"69616,69617,69618,69619,69620,69621,69622,69623,69624,69625,69626,69627,69628,69629,69630,69631,69632,69633"
1012,69733,69777,"3610,3611",3610,1,0.7727272727272727,0,0,1,1,907,,,69761,4.353970722191501,0.2397723431108112,0.607359646856908,,,,,0.0,,,,,,,,,,,"69733,69734,69735,69736,69737,69738,69739,69740,69741,69742,69743,69744,69745,69746,69747,69748,69749,69750,69751,69752,69753,69754,69755,69756,69757,69758,69759,69760,69761,69762,69763,69764,69765,69766,69767,69768,69769,69770,69771,69772,69773,69774,69775,69776,69777"
1013,69877,69887,"3616,3619,3618",3619,0,0.0,0,0,1,1,908,,,,1.915623712448103,1.8115817496433566,0.9289419584197396,,,,,0.0,,,,,,,,,,,"69877,69878,69879,69880,69881,69882,69883,69884,69885,69886,69887"
1014,69978,69980,3621,3621,0,0.0,0,0,0,0,,,low_displacement,,2.5993692545800666,0.8852602997568891,0.9258188396197713,,,,,0.0,,,,,,,,,,,"69978,69979,69980,69978,69979,69980"
1015,70032,70062,3623,3623,1,0.4666666666666667,0,0,1,1,909,,,70039,,,0.0,70053,3.464149408081704,11.773080365700418,-0.042887011751615134,0.6908859553490094,valley,770.0,611.0,22.0,33.0,762.0,592.0,19.0,26.0,69914,"70032,70033,70034,70035,70036,70037,70038,70039,70040,70041,70042,70043,70044,70045,70046,70047,70048,70049,70050,70051,70052,70053,70054,70055,70056,70057,70058,70059,70060,70061,70062"
1016,70063,70089,"3623,3626,3627",3626,1,0.375,0,0,1,1,910,,,70084,2.3703956741509757,-0.014339246466963829,0.9043881662575608,,,,,0.0,,,,,,,,,,,"70063,70064,70065,70066,70067,70068,70069,70070,70071,70072,70073,70074,70075,70076,70077,70078,70079,70074,70075,70076,70077,70078,70079,70080,70081,70082,70083,70084,70085,70086,70087,70088,70089"
1017,70264,70271,"3636,3634,3635,3637",3636,0,0.0,0,0,1,1,911,,,,3.610190123565483,-0.5417667204763524,0.8520654422302549,70267,3.603631565830301,-0.2493562816364019,0.30621517403109877,0.5942003605854659,valley,,,,,,,,,70129,"70264,70265,70266,70267,70269,70270,70271"
1018,70288,70295,3638,3638,0,0.0,0,0,1,1,912,,,,3.610749378138356,-0.7448700004587638,0.861553803925273,70295,3.603631565830301,-0.2493562816364019,0.30621517403109877,0.5,ground_hit_fallback,815.0,157.0,14.0,18.0,601.0,153.0,16.0,22.0,70156,"70288,70289,70290,70291,70292,70295"
1019,70336,70368,"3640,3639,3641,3642,3647",3647,1,0.7,0,0,1,1,913,,,70350,,,0.0,70361,1.9145794569936219,11.706777388497468,0.07324379355973383,0.6384278032084985,valley,,,,,,,,,70222,"70336,70337,70338,70339,70340,70341,70342,70343,70344,70345,70346,70347,70348,70349,70350,70351,70352,70353,70354,70355,70356,70357,70358,70359,70360,70361,70362,70363,70364,70365,70366,70367,70360,70361,70362,70363,70364,70365,70366,70367,70368"
1020,70369,70423,"3647,3646,3648,3649,3650",3647,1,0.9259259259259259,0,0,1,1,914,,,70394,,,0.0,70414,1.085116385955535,0.8204339453395448,0.01201480453356929,0.7435816570046481,valley,669.0,183.0,16.0,26.0,461.0,198.0,19.0,26.0,70275,"70369,70370,70371,70372,70373,70374,70375,70376,70377,70378,70379,70380,70381,70382,70383,70384,70385,70386,70387,70388,70389,70390,70391,70392,70393,70394,70395,70396,70397,70398,70399,70400,70401,70402,70403,70404,70405,70406,70407,70408,70409,70410,70411,70412,70413,70414,70415,70416,70417,70418,70419,70420,70421,70422,70423"
1021,70431,70455,"3651,3652,3653",3652,1,0.75,0,0,1,1,915,,,70446,2.633710680304963,9.901057162479088,0.8706369362475479,,,,,0.0,,,,,,,,,,,"70431,70432,70433,70434,70435,70436,70437,70438,70439,70440,70441,70442,70443,70444,70445,70446,70447,70448,70449,70450,70451,70453,70454,70455"
1022,70456,70478,3654,3654,1,0.3333333333333333,0,0,1,1,916,,,70459,4.300337200710473,1.488236856931917,0.9543011350676731,70478,4.193521786229381,1.4514513669827522,0.3154984612199687,0.5,ground_hit_fallback,849.0,172.0,19.0,26.0,646.0,172.0,19.0,22.0,70339,"70456,70457,70458,70459,70460,70461,70462,70463,70457,70458,70459,70460,70461,70462,70463,70464,70465,70466,70467,70468,70469,70470,70471,70472,70473,70474,70475,70476,70477,70478"
1023,70479,70496,"3654,3655,3656,3657",3655,0,0.0,0,0,1,1,917,,,,2.984884164607948,8.059525696108937,0.30277320044787875,70480,4.188526317028678,2.0327529815917273,0.20086757248520826,0.5,ground_hit_fallback,857.0,202.0,2.0,3.0,655.0,187.0,14.0,18.0,70341,"70479,70480,70484,70485,70486,70487,70490,70491,70492,70493,70494,70495,70496"
1024,70535,70559,"3658,3663,3660",3658,1,1.0,0,0,1,1,918,,,70547,,,0.0,70557,5.508679011838849,2.3370718785818667,0.1047127362936422,0.6651533674034755,valley,,,,,,,,,70418,"70535,70536,70537,70538,70539,70540,70541,70542,70543,70544,70545,70546,70547,70548,70549,70550,70551,70552,70553,70554,70555,70556,70557,70558,70559"
1025,70551,70564,"3663,3660",3663,0,0.0,0,0,1,1,919,,,,5.6408643681055635,0.9587680751872525,0.6178335417789607,70557,5.508679011838849,2.3370718785818667,0.1047127362936422,0.7173035978399044,valley,,,,,,,,,70418,"70551,70552,70553,70554,70555,70556,70557,70558,70559,70560,70561,70562,70563,70564"
1026,70565,70593,"3661,3663,3662,3665",3663,1,0.5833333333333334,0,0,1,1,920,,,70587,4.4250150770845815,11.925447325610062,0.854867316326246,,,,,0.0,,,,,,,,,,,"70565,70566,70567,70568,70569,70570,70571,70572,70573,70574,70575,70576,70577,70578,70579,70584,70585,70586,70587,70588,70589,70590,70591,70592,70593"
1027,70594,70606,"3665,3666,3667,3668",3666,1,0.5,0,0,1,1,921,,,70598,1.619063575086488,1.6405521283432511,0.485207288898426,70603,2.4082141544155364,2.6296860787794323,0.27518925281246887,0.6573983894163251,valley,734.0,191.0,19.0,30.0,540.0,198.0,19.0,22.0,70464,"70594,70596,70597,70598,70599,70600,70601,70602,70603,70604,70605,70606"
1028,70607,70619,"3668,3669",3668,0,0.0,0,0,1,1,922,,,,0.4580400584788269,5.134740749316709,0.9360881438761599,,,,,0.0,,,,,,,,,,,"70607,70608,70609,70610,70611,70612,70613,70614,70615,70616,70617,70618,70619"
1029,70625,70641,"3672,3670,3671",3672,0,0.0,1,0,1,1,923,,,,-1.0119696933594002,5.94249019927716,0.9269190249766351,70629,-0.04229895484044821,4.9672678308753095,0.3137862774445406,0.26594501507572305,valley,540.0,232.0,16.0,22.0,343.0,262.0,19.0,22.0,,"70625,70626,70627,70628,70629,70630,70631,70632,70633,70634,70635,70636,70637,70638,70641"
1030,70904,70942,"3674,3676,3675,3677,3678,3680",3678,1,0.9473684210526315,0,0,1,1,924,,,70922,,,0.0,70934,4.495243785859989,10.881892722428773,-0.06576055673388836,0.7175309154279572,valley,,,,,,,,,70795,"70904,70905,70906,70907,70908,70909,70910,70911,70912,70913,70914,70915,70916,70917,70918,70919,70920,70921,70922,70923,70924,70925,70926,70927,70928,70929,70930,70931,70932,70933,70934,70935,70936,70937,70938,70939,70940,70941,70942"
1031,70943,70982,"3680,3679,3682,3683",3682,1,0.8823529411764706,0,0,1,1,925,,,70963,,,0.0,70976,2.3214314848888367,1.6109490363918653,0.19370139799887287,0.3610740109713695,valley,731.0,180.0,22.0,30.0,534.0,187.0,16.0,30.0,70837,"70943,70944,70945,70949,70950,70951,70952,70953,70956,70957,70958,70959,70960,70961,70962,70963,70964,70965,70966,70967,70968,70969,70970,70971,70972,70973,70974,70975,70976,70977,70978,70979,70980,70982"
1032,70983,71010,"3685,3684,3686,3687,3688,3689,3690,3691",3685,1,0.5714285714285714,0,0,1,1,926,,,71003,5.3743668092962835,10.937239276686903,0.9242758017156387,,,,,0.0,,,,,,,,,,,"70983,70984,70985,70986,70987,70988,70989,70990,70991,70992,70993,70994,70995,70996,70997,70998,70999,71000,71001,71002,71003,71004,71005,71006,71007,71008,71009,71010"
1033,71012,71029,"3693,3694,3695,3696",3693,0,0.0,0,0,1,1,927,,,71013,-1.5416040049019415,-2.5974356385333905,0.9030199034154662,,,,,0.0,,,,,,,,,,,"71012,71013,71014,71015,71016,71017,71018,71019,71020,71021,71022,71023,71024,71028,71029"
1034,71154,71159,"3697,3698",3697,0,0.0,0,0,0,0,,,low_displacement,,0.5760839449837827,4.747468479389896,0.849885270890332,,,,,0.0,,,,,,,,,,,"71154,71155,71156,71157,71158,71159"
1035,71322,71369,"3703,3704",3704,1,1.0,0,0,1,1,928,,,71345,,,0.0,71362,1.1112264735234145,12.197515869653323,0.2754094882968676,0.7060153026159504,valley,368.0,581.0,19.0,30.0,337.0,675.0,16.0,26.0,71223,"71322,71323,71324,71325,71326,71327,71328,71329,71330,71331,71332,71333,71334,71335,71336,71337,71338,71339,71340,71341,71342,71343,71344,71345,71346,71347,71348,71349,71350,71351,71352,71353,71354,71356,71357,71358,71359,71360,71361,71362,71365,71366,71367,71368,71369"
1036,71376,71415,3711,3711,1,0.95,0,0,1,1,929,,,71397,,,0.0,71410,2.3299139917231693,3.1079558629290425,0.12474599050463375,0.6827663628058129,valley,722.0,210.0,22.0,30.0,537.0,217.0,19.0,22.0,71271,"71376,71377,71378,71379,71380,71381,71382,71383,71384,71385,71386,71387,71388,71389,71390,71391,71392,71393,71394,71395,71396,71397,71398,71399,71400,71401,71402,71403,71404,71405,71406,71407,71408,71409,71410,71411,71412,71413,71414,71415"
1037,71432,71465,"3714,3713",3714,1,0.8666666666666667,0,0,1,1,930,,,71448,,,0.0,71458,2.734368401978039,8.550377540050597,0.010631861199772885,0.67728390527802,valley,711.0,363.0,16.0,37.0,599.0,378.0,16.0,30.0,71319,"71432,71433,71434,71435,71436,71440,71441,71442,71443,71444,71445,71446,71447,71448,71449,71450,71451,71452,71453,71454,71455,71456,71457,71458,71459,71460,71461,71462,71463,71464,71465"
1038,71466,71482,"3714,3716",3716,1,0.5714285714285714,0,0,1,1,931,,,71479,3.841918983383489,4.011111742975477,0.9331311688845934,,,,,0.0,,,,,,,,,,,"71466,71470,71471,71472,71473,71474,71475,71476,71477,71478,71479,71480,71481,71482"
1039,71632,71675,"3721,3723",3723,1,0.6363636363636364,0,0,1,1,932,,,71646,,,0.0,71669,3.9141525217495223,13.185608829687164,0.004141840846475731,0.7056819841555875,valley,863.0,832.0,19.0,26.0,928.0,761.0,19.0,22.0,,"71632,71633,71634,71635,71636,71637,71638,71639,71640,71641,71642,71643,71644,71645,71646,71647,71648,71649,71650,71651,71652,71653,71654,71655,71656,71657,71658,71659,71660,71661,71662,71663,71664,71665,71666,71667,71668,71669,71670,71671,71672,71673,71674,71675"
1040,71803,71810,"3728,3729",3729,0,0.0,0,0,1,1,933,,,,-1.7840170649340132,-0.6935175346726492,0.7643965792100695,,,,,0.0,,,,,,,,,,,"71803,71804,71807,71808,71809,71810"
1041,71812,71831,"3730,3731,3732,3733",3730,0,0.0,0,0,1,1,934,,,71813,,,0.0,71826,-0.17908713903674878,2.1371082652524915,0.23405388880614186,0.7055504659207725,valley,579.0,187.0,22.0,26.0,365.0,213.0,22.0,22.0,71687,"71812,71813,71814,71815,71816,71817,71818,71819,71820,71821,71822,71823,71824,71825,71826,71827,71828,71829,71830,71831"
1042,71840,71892,3734,3734,1,0.6538461538461539,0,0,1,1,935,,,71857,,,0.0,71879,3.472474190793694,11.728726346241023,0.07196820970076345,0.685858305494462,valley,776.0,592.0,19.0,26.0,759.0,577.0,25.0,26.0,71740,"71840,71841,71842,71843,71844,71845,71846,71847,71848,71849,71850,71851,71852,71853,71854,71855,71856,71857,71858,71859,71860,71861,71862,71863,71864,71865,71866,71867,71868,71869,71870,71871,71872,71874,71875,71876,71877,71878,71879,71880,71881,71882,71883,71884,71885,71886,71887,71888,71889,71890,71891,71892"
1043,71893,71900,"3734,3735",3735,0,0.0,0,0,1,1,936,,,,-2.04340340896447,-2.285249872163515,0.7453407743842702,,,,,0.0,,,,,,,,,,,"71893,71894,71895,71896,71898,71899,71900,71894,71895,71896,71898,71899,71900"
1044,71943,71971,"3738,3736,3737,3739,3740",3738,0,0.0,0,0,1,1,937,,,,-0.09711793502937294,0.9198974176472161,0.4862848601142456,71955,0.18000306320808512,1.9035699648278017,0.04194486051637669,0.8306997700246357,valley,607.0,195.0,16.0,30.0,396.0,213.0,19.0,30.0,71816,"71943,71944,71945,71946,71947,71948,71949,71950,71951,71952,71953,71954,71955,71956,71957,71958,71959,71960,71961,71962,71963,71964,71965,71966,71967,71968,71969,71970,71971"
1045,71972,71999,"3740,3741",3740,1,0.6470588235294118,0,0,1,1,938,,,71983,,,0.0,71993,1.4622295924044026,10.590210137555708,0.05046260500338473,0.6321540243170186,valley,,,,,,,,,71854,"71972,71973,71974,71975,71976,71977,71978,71979,71980,71981,71982,71983,71984,71985,71986,71987,71988,71989,71990,71991,71992,71993,71994,71995,71996,71997,71998,71999,71993,71994,71995,71996,71997,71998,71999"
1046,72000,72015,3741,3741,0,0.0,0,0,1,1,939,,,,1.9241101307683035,3.021288047553215,0.9178663971189569,72001,1.8277731209034107,12.565140233637022,0.3957049501455323,0.5,ground_hit_fallback,452.0,615.0,22.0,41.0,469.0,690.0,25.0,26.0,71862,"72000,72001,72003,72004,72005,72006,72007,72008,72009,72010,72011,72012,72013,72014,72015"
1047,72037,72089,"3744,3745,3747,3748,3749",3747,1,0.7,0,0,1,1,940,,,72059,,,0.0,72073,1.7805887374495533,8.736051014714322,0.10396680733251196,0.6632185869103899,valley,610.0,356.0,19.0,45.0,492.0,378.0,19.0,52.0,71934,"72037,72039,72040,72041,72042,72043,72044,72045,72046,72047,72048,72049,72050,72051,72052,72053,72054,72055,72056,72057,72058,72059,72060,72061,72062,72063,72064,72065,72066,72067,72068,72069,72070,72071,72072,72073,72074,72075,72076,72077,72078,72079,72080,72081,72082,72083,72084,72085,72086,72087,72089,72090,72091,72092,72093,72094,72095,72086,72087,72089"
1048,72090,72111,"3749,3751,3750",3749,1,0.45454545454545453,0,0,1,1,941,,,72106,5.09610694555005,4.9075721883544094,0.9329888418801968,,,,,0.0,,,,,,,,,,,"72090,72091,72092,72093,72094,72095,72096,72097,72098,72099,72100,72101,72102,72103,72104,72105,72106,72107,72108,72109,72110,72111"
1049,72134,72167,"3754,3755",3754,1,0.5294117647058824,0,0,1,1,942,,,72143,,,0.0,72157,2.211780031001549,3.6207482091335166,-0.16505404993250927,0.7492104885288339,valley,711.0,236.0,22.0,30.0,534.0,247.0,19.0,33.0,72018,"72134,72135,72136,72137,72138,72139,72140,72141,72142,72143,72144,72145,72146,72147,72148,72149,72150,72151,72152,72153,72154,72155,72156,72157,72158,72159,72160,72161,72162,72163,72164,72165,72166,72167"
1050,72176,72191,"3756,3759,3758",3759,0,0.0,0,0,1,1,943,,,,1.1549944859239984,7.281565756098177,0.9481565069540808,,,,,0.0,,,,,,,,,,,"72176,72177,72178,72179,72180,72181,72182,72183,72184,72185,72186,72187,72188,72189,72190,72191,72182,72183,72184,72185,72186,72187,72188,72189,72190,72191"
1051,72210,72223,"3761,3760",3761,1,0.5714285714285714,0,0,1,1,944,,,72219,3.604340331082521,4.2289096863690965,0.9196580528633762,,,,,0.0,,,,,,,,,,,"72210,72211,72212,72213,72214,72215,72216,72217,72218,72219,72220,72221,72222,72223"
1052,72232,72249,"3762,3763",3762,1,0.3333333333333333,1,1,1,1,945,,,72246,3.530485200741932,7.599180194717968,0.9449765791396064,,,,,0.0,,,,,,,,,,,"72232,72233,72234,72235,72236,72237,72238,72239,72240,72241,72242,72243,72244,72245,72246,72247,72248,72249"
1053,72272,72279,3764,3764,0,0.0,0,0,0,0,,,low_displacement,,4.348408383427536,6.988626073545755,0.9175368866999405,,,,,0.0,,,,,,,,,,,"72272,72273,72274,72275,72276,72277,72278,72279"
1054,72360,72386,"3765,3766,3770",3765,0,0.0,1,0,1,1,946,,,,,,0.0,72381,3.9274208800971,6.0713376522916676,0.3288413535212946,0.632844309910314,valley,,,,,,,,,72242,"72360,72361,72362,72363,72364,72365,72366,72367,72368,72369,72370,72371,72372,72373,72374,72375,72376,72381,72382,72383,72384,72385,72386"
1055,72393,72407,"3770,3768",3770,1,0.2857142857142857,1,1,0,0,,,low_displacement,72401,3.6406641533736246,6.642524937409677,0.8583984951780251,,,,,0.0,,,,,,,,,,,"72393,72394,72395,72396,72397,72398,72399,72400,72401,72402,72403,72404,72406,72407"
1056,72416,72423,3771,3771,0,0.0,0,0,0,0,,,low_displacement,,2.863026502042579,13.479712216277631,0.9199840917284652,,,,,0.0,,,,,,,,,,,"72416,72417,72418,72419,72420,72421,72422,72423"
1057,72430,72436,3772,3772,0,0.0,0,0,0,0,,,low_displacement,,2.832758036436042,13.10895736645836,0.9047239390526916,,,,,0.0,,,,,,,,,,,"72430,72431,72432,72433,72434,72435,72436"
1058,72488,72499,"3773,3778,3774",3778,0,0.0,0,0,1,1,947,,,,1.3453638226553526,6.378521179194028,0.8690171649949444,,,,,0.0,,,,,,,,,,,"72488,72489,72490,72495,72496,72497,72498,72499"
1059,72500,72535,"3775,3778,3776,3779",3778,0,0.0,0,0,1,1,948,,,,0.34585775629339754,5.143469216980409,0.9702060766758391,72535,0.4575880359757294,5.322228115693259,0.3666553208693788,0.5,ground_hit_fallback,568.0,236.0,19.0,26.0,379.0,262.0,19.0,26.0,72396,"72500,72501,72502,72503,72504,72505,72506,72507,72508,72509,72510,72511,72512,72513,72514,72515,72516,72517,72518,72519,72520,72521,72522,72523,72524,72525,72526,72527,72528,72529,72530,72531,72532,72533,72534,72535"
1060,72568,72603,"3783,3787,3784,3785,3791,3788",3783,0,0.0,0,0,1,1,949,,,,,,0.0,72582,0.17618369837165915,4.958860947925162,0.12451171305139219,0.6387815028309548,valley,556.0,243.0,19.0,30.0,365.0,273.0,16.0,22.0,72443,"72568,72569,72570,72571,72572,72573,72574,72575,72576,72577,72578,72579,72580,72581,72582,72583,72584,72585,72586,72587,72588,72589,72590,72591,72593,72594,72595,72596,72597,72598,72599,72600,72601,72602,72603"
1061,72604,72615,"3791,3790",3791,0,0.0,0,0,0,0,,,low_displacement,,0.0015896076290674022,5.221027592867559,0.9070174835324785,,,,,0.0,,,,,,,,,,,"72604,72605,72606,72607,72608,72609,72610,72611,72612,72614,72615"
1062,73720,73725,3795,3795,0,0.0,0,0,0,0,,,low_displacement,,0.7992730692421662,13.320755344289235,0.9206884167728773,,,,,0.0,,,,,,,,,,,"73720,73721,73722,73723,73724,73725"
1063,73726,73770,"3796,3797,3798,3799,3800,3801,3803,3804,3805,3806,3807",3804,1,0.5,0,0,1,1,950,,,73739,,,0.0,73755,5.6267384024722755,1.3933103457885352,0.2628378790552013,0.6009591279086527,valley,939.0,176.0,16.0,26.0,731.0,161.0,19.0,30.0,,"73726,73727,73728,73729,73732,73734,73735,73736,73737,73738,73739,73740,73741,73742,73743,73744,73745,73746,73747,73748,73749,73750,73751,73752,73753,73754,73755,73756,73757,73758,73759,73760,73761,73762,73763,73764,73765,73766,73767,73769,73770"
1064,74352,74380,"3808,3810,3809",3808,1,0.8461538461538461,0,0,1,1,951,,,74365,,,0.0,74380,3.522163036670981,0.2664443206574276,0.03811777898274116,0.5,ground_hit_fallback,807.0,172.0,19.0,30.0,601.0,176.0,19.0,26.0,74240,"74352,74353,74354,74355,74356,74359,74360,74361,74362,74363,74364,74365,74366,74367,74368,74369,74370,74371,74372,74373,74374,74375,74376,74377,74378,74379,74380"
1065,74381,74389,"3810,3811",3810,0,0.0,0,0,1,1,952,,,,4.536750115937815,6.487800601752355,0.8610449522932271,74381,3.624420199422029,-0.24147003191405503,0.04986451243236267,0.5,ground_hit_fallback,812.0,168.0,19.0,22.0,604.0,168.0,19.0,22.0,74241,"74381,74382,74383,74384,74385,74386,74387,74388,74389"
1066,75225,75233,"3816,3817",3816,0,0.0,0,0,1,1,953,,,,0.6693792245130137,21.874051957264925,0.8670356312189971,,,,,0.0,,,,,,,,,,,"75225,75226,75227,75228,75229,75233"
1067,78970,78979,"3835,3834",3835,0,0.0,0,0,1,1,954,,,,6.839438245140125,0.17696109886243122,0.8431410621569735,78976,6.4979176833401056,-0.2282292501795098,0.5587688902514465,0.44747211967322165,valley,981.0,142.0,19.0,18.0,759.0,127.0,11.0,18.0,,"78970,78971,78972,78973,78974,78976,78977,78978,78979"
1068,79713,79735,"3837,3838,3839,3841",3841,0,0.0,0,0,1,1,955,,,,,,0.0,79728,2.8746536668264393,10.772219458747387,0.15854310851793407,0.8188840392654019,valley,700.0,495.0,11.0,11.0,646.0,498.0,14.0,18.0,79567,"79713,79714,79715,79716,79717,79718,79719,79720,79721,79725,79726,79727,79728,79729,79730,79731,79732,79733,79734,79735"
1069,79819,79855,3844,3844,0,0.0,0,0,1,1,956,,,,,,0.0,79850,3.77947811752065,13.653170913433339,-0.034366358234475314,0.6855861852323082,valley,829.0,941.0,22.0,30.0,942.0,855.0,19.0,26.0,79689,"79819,79820,79821,79822,79823,79824,79825,79826,79827,79828,79829,79830,79832,79833,79834,79835,79836,79837,79838,79839,79840,79841,79842,79843,79844,79845,79846,79847,79848,79849,79850,79851,79852,79853,79854,79855"
1070,79933,79967,"3845,3848,3849",3845,1,0.9375,0,0,1,1,957,,,79948,3.448250449445709,0.03295859877568397,0.952585458491625,79966,3.6777958596094007,0.18400037385652723,0.08171876870305184,0.5,ground_hit_fallback,,,,,,,,,79805,"79933,79934,79935,79936,79937,79938,79939,79940,79941,79942,79943,79944,79945,79946,79947,79948,79949,79950,79951,79952,79953,79954,79955,79956,79957,79960,79961,79962,79963,79964,79965,79966,79967"
1071,79984,80020,"3851,3852",3852,1,0.2222222222222222,0,0,1,1,958,,,79989,,,0.0,80007,3.0841825560016485,11.856370462905137,0.17768373605886723,0.6718191365644405,valley,705.0,585.0,25.0,30.0,703.0,585.0,16.0,26.0,79846,"79984,79985,79987,79988,79989,79990,79991,79992,79993,79994,79995,79996,79997,79998,79999,80000,80001,80002,80003,80004,80005,80006,80007,80008,80009,80010,80011,80012,80013,80014,80015,80016,80017,80018,80019,80020"
1072,80021,80055,"3852,3853,3854",3853,1,0.875,0,0,1,1,959,,,80042,,,0.0,80051,3.9151100281594364,3.0774548577676555,0.12397344539262178,0.6570361932328879,valley,832.0,210.0,16.0,30.0,646.0,206.0,14.0,22.0,79890,"80021,80022,80024,80025,80026,80027,80029,80030,80031,80032,80033,80034,80035,80036,80037,80038,80039,80040,80041,80042,80043,80044,80045,80046,80047,80048,80049,80050,80051,80052,80053,80054,80055"
1073,80080,80112,"3855,3856,3857",3856,1,0.26666666666666666,0,0,1,1,960,,,80085,,,0.0,80102,3.065964475616461,10.667440855448188,0.16310814016893715,0.6558509560396173,valley,728.0,480.0,14.0,15.0,669.0,487.0,16.0,26.0,79941,"80080,80082,80083,80084,80085,80086,80087,80088,80089,80090,80091,80092,80093,80094,80095,80096,80097,80098,80099,80100,80101,80102,80104,80105,80106,80107,80108,80109,80110,80111,80112"
1074,80113,80143,3857,3857,1,0.8,0,0,1,1,961,,,80132,3.8220517189703775,2.2205197967358288,0.9707705079490245,80143,3.687769637014631,3.415002952116616,0.4254119508649481,0.5,ground_hit_fallback,818.0,195.0,19.0,26.0,630.0,195.0,16.0,22.0,79982,"80113,80114,80115,80116,80117,80118,80119,80120,80121,80122,80123,80124,80125,80126,80127,80128,80129,80130,80131,80132,80133,80134,80135,80136,80137,80138,80139,80140,80141,80142,80143"
1075,80152,80159,3859,3859,0,0.0,0,0,0,0,,,low_displacement,,3.1493217054565235,14.701052057609278,0.8883630085351943,,,,,0.0,,,,,,,,,,,"80152,80153,80154,80156,80157,80158,80159"
1076,80161,80184,3860,3860,1,0.75,0,0,1,1,962,,,80170,,,0.0,80179,2.3722273004819088,10.97678961302076,0.13263226483786994,0.5875993396741606,valley,621.0,502.0,19.0,22.0,573.0,528.0,19.0,18.0,80018,"80161,80162,80163,80164,80165,80166,80167,80168,80169,80170,80171,80172,80173,80174,80175,80176,80177,80178,80179,80180,80181,80182,80183,80184"
1077,80185,80231,"3860,3861,3862,3863",3860,1,0.9565217391304348,0,0,1,1,963,,,80210,,,0.0,80222,0.1159573955897164,3.3718803860065796,-0.025445084917132377,0.7126095744627123,valley,585.0,225.0,14.0,22.0,382.0,251.0,19.0,22.0,80061,"80185,80186,80187,80188,80189,80190,80191,80192,80193,80194,80195,80196,80197,80198,80199,80200,80201,80202,80203,80204,80205,80206,80207,80208,80209,80210,80211,80212,80213,80214,80215,80216,80217,80218,80219,80220,80221,80222,80223,80224,80225,80226,80227,80228,80229,80230,80231"
1078,80240,80275,"3864,3865,3866,3868,3867",3865,1,0.6,0,0,1,1,964,,,80252,,,0.0,80269,4.297821143710574,10.954636988369451,0.027496451025474045,0.7192389628359604,valley,902.0,525.0,22.0,37.0,843.0,495.0,25.0,26.0,80108,"80240,80241,80242,80243,80244,80245,80246,80247,80248,80249,80250,80251,80252,80253,80254,80255,80252,80253,80254,80255,80256,80257,80258,80259,80260,80261,80262,80263,80264,80265,80266,80267,80268,80269,80270,80271,80272,80273,80274,80275"
1079,80285,80311,"3871,3869,3870,3872",3871,1,0.9230769230769231,0,0,1,1,965,,,80297,4.313039760489715,0.4669792054635291,0.9521984461804327,,,,,0.0,,,,,,,,,,,"80285,80286,80287,80288,80289,80290,80291,80292,80293,80294,80295,80296,80297,80298,80299,80300,80301,80302,80303,80304,80305,80306,80307,80308,80309,80310,80311"
1080,80324,80363,"3873,3876,3877",3876,1,0.75,0,0,1,1,966,,,80341,3.418722635197302,11.745451216143733,0.9528143219906294,80363,4.460817570401597,12.207886000275728,-0.01794460783636964,0.5,ground_hit_fallback,961.0,686.0,11.0,15.0,953.0,622.0,2.0,3.0,80202,"80324,80325,80326,80327,80328,80329,80330,80331,80332,80333,80334,80335,80336,80337,80338,80339,80340,80341,80342,80343,80344,80345,80346,80347,80348,80349,80350,80351,80342,80343,80344,80345,80346,80347,80348,80349,80350,80351,80352,80353,80354,80355,80356,80357,80358,80359,80361,80362,80363"
1081,80400,80420,"3880,3879,3882",3880,1,0.8571428571428571,0,0,1,1,967,,,80405,2.827908632231595,10.604146837373545,0.8029369800920475,,,,,0.0,,,,,,,,,,,"80400,80401,80402,80403,80404,80405,80408,80409,80410,80411,80412,80417,80418,80419,80420"
1082,80421,80447,"3882,3883,3881",3882,1,0.29411764705882354,0,0,1,1,968,,,80426,,,0.0,80445,1.9761609481026954,1.8482271175403078,0.20800773662073535,0.8622151908100018,valley,,,,,,,,,80284,"80421,80422,80423,80424,80425,80426,80427,80428,80429,80430,80431,80432,80433,80434,80435,80436,80437,80438,80439,80440,80441,80442,80443,80444,80445,80446,80447,80439,80442,80443,80444,80445,80446,80447"
1083,80464,80477,3884,3884,0,0.0,0,0,1,1,969,,,,1.123383346449391,11.439396357179332,0.9023856198662064,,,,,0.0,,,,,,,,,,,"80464,80465,80466,80467,80468,80469,80470,80471,80472,80473,80474,80475,80476,80477"
1084,80488,80495,3885,3885,0,0.0,0,0,1,1,970,,,80489,0.6860421018961889,3.4207258466884713,0.9526432447150448,,,,,0.0,,,,,,,,,,,"80488,80489,80490,80491,80492,80493,80494,80495"
1085,80527,80536,3887,3887,1,0.8,0,0,1,1,971,,,80531,4.038790322824152,11.499123450389153,0.9318664106449781,,,,,0.0,,,,,,,,,,,"80527,80528,80529,80530,80531,80532,80533,80534,80535,80536"
1086,80537,80583,"3888,3889,3891,3890,3892",3891,1,0.6428571428571429,0,0,1,1,972,,,80545,,,0.0,80556,3.084838656261456,5.371484734885772,0.2557468309748838,0.6267846426880405,valley,770.0,247.0,14.0,22.0,601.0,247.0,16.0,33.0,80395,"80537,80538,80539,80540,80541,80542,80543,80534,80535,80536,80537,80538,80539,80540,80541,80542,80543,80544,80545,80546,80547,80548,80549,80550,80551,80552,80553,80555,80556,80557,80558,80559,80560,80561,80562,80563,80564,80565,80566,80567,80568,80569,80570,80571,80572,80573,80574,80575,80576,80577,80578,80579,80580,80581,80582,80583"
1087,80636,80639,3894,3894,0,0.0,0,0,1,1,973,,,,2.50817375987801,-0.5111077994370404,0.960097612159974,80639,2.5092999236876645,-0.5433761487366411,-0.012047011938202346,0.8332840102342132,valley,,,,,,,,,80478,"80636,80637,80638,80639,80636,80637,80638,80639"
1088,80768,80784,"3897,3898,3899,3902,3901",3899,1,1.0,0,0,1,1,974,,,80776,5.734263381568588,14.821660049244377,0.8932561139107476,,,,,0.0,,,,,,,,,,,"80768,80769,80770,80771,80772,80773,80774,80775,80776,80777,80778,80779,80780,80781,80782,80783,80784"
1089,80786,80795,"3905,3906,3907",3907,0,0.0,0,0,1,1,975,,,,,,0.0,80795,5.343635181969365,13.457717051368679,-0.025561040612508634,0.5,ground_hit_fallback,1240.0,952.0,16.0,26.0,1229.0,746.0,16.0,26.0,80634,"80786,80787,80789,80790,80791,80792,80793,80794,80795"
1090,80916,80935,"3910,3912",3912,1,0.4444444444444444,0,0,1,1,976,,,80922,,,0.0,80933,1.0978896189068226,1.4679315133668034,-0.08388701486681782,0.6467281199653545,valley,663.0,198.0,16.0,26.0,461.0,210.0,19.0,30.0,80772,"80916,80917,80918,80921,80922,80923,80924,80925,80926,80927,80928,80929,80930,80931,80932,80933,80934,80935"
1091,80944,81008,"3913,3914,3915,3916,3919,3920,3921",3913,1,0.7666666666666667,0,0,1,1,977,,,80967,,,0.0,81003,6.544454525082294,11.712361564215527,0.6273551922858545,0.7542171430601012,valley,1397.0,558.0,19.0,22.0,1234.0,427.0,19.0,26.0,80842,"80944,80945,80946,80947,80948,80949,80950,80951,80952,80953,80954,80955,80956,80957,80958,80959,80960,80961,80962,80963,80964,80965,80966,80967,80968,80969,80970,80971,80972,80973,80974,80975,80976,80977,80978,80979,80980,80981,80983,80984,80985,80986,80987,80988,80989,80990,80991,80992,80993,80994,80995,80996,80997,80998,81001,81002,81003,81004,81005,81008"
1092,81016,81019,"3929,3928",3929,1,0.5,0,0,1,1,978,,,81017,0.8767255448389237,0.39959519992581427,0.8930802153361106,,,,,0.0,,,,,,,,,,,"81016,81017,81018,81014,81015,81016,81017,81018,81019"
1093,81021,81050,"3929,3930",3930,1,0.2857142857142857,0,0,1,1,979,,,81026,,,0.0,81035,4.256719395884844,9.738810655230818,0.007441099143253638,0.6681836020174096,valley,885.0,442.0,19.0,26.0,790.0,416.0,22.0,30.0,80874,"81021,81022,81024,81025,81026,81027,81028,81029,81030,81031,81032,81033,81034,81035,81036,81037,81038,81039,81040,81041,81042,81043,81044,81045,81046,81047,81048,81049,81050"
1094,81051,81082,"3930,3931",3931,1,0.9375,0,0,1,1,980,,,81068,,,0.0,81082,-0.11403266581042049,1.3215904611805591,-0.2416481064648366,0.5,ground_hit_fallback,601.0,210.0,11.0,18.0,390.0,232.0,11.0,18.0,80921,"81051,81052,81053,81054,81055,81056,81057,81058,81059,81060,81061,81062,81063,81064,81065,81066,81067,81068,81069,81070,81071,81072,81073,81074,81075,81076,81077,81078,81079,81080,81081,81082"
1095,81096,81122,"3932,3934,3933",3934,1,0.6111111111111112,0,0,1,1,981,,,81107,,,0.0,81117,1.64428882555102,9.330302725814782,-0.034962734885655156,0.7559212869776706,valley,,,,,,,,,80956,"81096,81097,81098,81099,81100,81101,81102,81103,81104,81105,81106,81107,81108,81109,81110,81111,81112,81113,81114,81115,81116,81117,81118,81119,81110,81111,81113,81114,81115,81116,81117,81118,81119,81120,81121,81122"
1096,81123,81136,"3934,3935",3935,0,0.0,0,0,1,1,982,,,,1.5860786633789663,2.9355651845914004,0.9009440508371207,,,,,0.0,,,,,,,,,,,"81123,81127,81128,81129,81130,81131,81132,81133,81134,81135,81136"
1097,81144,81160,"3936,3937,3938",3938,1,0.25,1,1,1,1,983,,,81146,,,0.0,81157,2.523904766365889,6.490282270401799,0.1609554365966197,0.41720857728988253,valley,720.0,292.0,5.0,7.0,570.0,300.0,2.0,7.0,80996,"81144,81145,81146,81147,81148,81149,81150,81151,81152,81153,81154,81155,81156,81157,81158,81159,81160"
1098,81202,81255,"3942,3945,3948,3946,3947",3948,1,0.8064516129032258,0,0,1,1,984,,,81231,,,0.0,81255,3.4407647193088473,11.015871515944164,0.12353686620004112,0.5,ground_hit_fallback,776.0,517.0,19.0,22.0,728.0,502.0,22.0,30.0,81094,"81202,81203,81204,81205,81206,81207,81208,81209,81210,81211,81212,81213,81214,81215,81208,81209,81210,81211,81212,81213,81214,81215,81216,81217,81218,81219,81220,81221,81222,81223,81224,81225,81226,81227,81228,81229,81230,81231,81232,81233,81234,81235,81236,81237,81238,81239,81240,81241,81242,81243,81244,81245,81246,81247,81248,81249,81250,81251,81252,81253,81254,81255"
1099,81291,81312,"3950,3951",3951,0,0.0,0,0,1,1,985,,,,,,0.0,81308,1.697106674531418,13.120895694830587,0.17578979905022774,0.7330839101298858,valley,,,,,,,,,81146,"81291,81292,81293,81296,81297,81298,81299,81300,81301,81302,81303,81304,81305,81306,81307,81308,81309,81302,81303,81304,81305,81306,81307,81308,81309,81312"
1100,81376,81415,"3955,3954,3958,3959",3955,1,1.0,0,0,1,1,986,,,81401,,,0.0,81414,5.157906002750854,2.440470483515753,0.11385524202366781,0.5,ground_hit_fallback,914.0,202.0,19.0,22.0,717.0,187.0,19.0,30.0,81253,"81376,81377,81378,81379,81380,81381,81382,81383,81384,81385,81386,81387,81388,81389,81392,81393,81394,81395,81396,81397,81398,81399,81400,81401,81402,81403,81404,81405,81406,81407,81401,81402,81403,81404,81405,81406,81407,81408,81409,81410,81411,81412,81413,81414,81415"
1101,81443,81471,3963,3963,0,0.0,0,0,1,1,987,,,,,,0.0,81462,3.882694232382584,12.132353467531653,-0.028952107858419396,0.6771183326624346,valley,846.0,652.0,16.0,41.0,846.0,611.0,19.0,48.0,81301,"81443,81444,81445,81446,81447,81448,81449,81450,81451,81452,81453,81455,81456,81457,81458,81459,81460,81461,81462,81463,81464,81465,81466,81467,81468,81469,81470,81471"
1102,81478,81498,"3965,3967,3964,3969",3965,1,0.9333333333333333,1,0,1,1,988,,,81492,1.8692838452474438,3.288570005696892,0.9288549676069634,81502,2.592475195574007,5.652529411567798,0.644656030472599,0.7410359431754394,valley,,,,,,,,,81341,"81478,81479,81480,81481,81482,81483,81484,81485,81486,81487,81488,81489,81490,81491,81492,81493,81494,81495,81496,81497,81498,81499,81500,81501,81502,81503,81494,81495,81497,81498"
1103,81499,81532,"3967,3969",3969,1,0.29411764705882354,1,0,1,1,989,,,81504,,,0.0,81520,3.558112099622095,8.71435425327346,-0.012904393233657885,0.6603896873067938,valley,795.0,382.0,22.0,33.0,686.0,371.0,25.0,41.0,81359,"81499,81500,81501,81502,81503,81504,81505,81506,81507,81508,81509,81510,81511,81512,81513,81514,81515,81516,81517,81518,81519,81520,81521,81522,81523,81524,81525,81526,81527,81528,81529,81530,81531,81532"
1104,81541,81551,3970,3970,0,0.0,0,0,1,1,990,,,,4.52612459902686,4.602199171168534,0.9252372232682944,,,,,0.0,,,,,,,,,,,"81541,81542,81543,81544,81545,81546,81547,81548,81549,81550,81551"
1105,81560,81599,"3971,3973,3972,3974",3973,1,0.6190476190476191,0,0,1,1,991,,,81571,,,0.0,81589,0.8036842140041092,8.01856098696457,0.12252059952664451,0.7077441782088542,valley,534.0,330.0,19.0,22.0,385.0,375.0,25.0,26.0,81428,"81560,81561,81562,81563,81565,81566,81567,81568,81569,81570,81571,81572,81573,81574,81575,81576,81577,81578,81579,81580,81581,81582,81583,81584,81585,81586,81587,81588,81589,81590,81591,81592,81596,81597,81598,81599,81590,81591,81592,81596,81597,81598,81599"
1106,81608,81663,"3975,3976,3977,3982,3978,3979,3980,3981,3984,3983",3982,1,0.5,1,0,1,1,992,,,81621,,,0.0,81625,3.236071343900324,4.157684449751251,0.49900710554619465,0.7361548970772354,valley,781.0,202.0,22.0,30.0,601.0,202.0,19.0,26.0,81464,"81608,81609,81610,81611,81612,81613,81614,81615,81616,81617,81618,81619,81620,81621,81622,81623,81624,81625,81626,81627,81628,81629,81630,81631,81632,81633,81634,81635,81636,81637,81638,81639,81640,81641,81642,81643,81644,81645,81646,81647,81648,81649,81650,81651,81652,81653,81654,81655,81656,81657,81658,81659,81660,81661,81662,81663"
1107,81672,81696,"3985,3987,3986,3988,3989",3987,1,0.8666666666666667,1,0,1,1,993,,,81690,4.275211850803697,5.399220591776164,0.9309701512434136,81695,3.782510108951188,6.056834336208404,0.5502330770762409,0.305722118499531,valley,,,,,,,,,81534,"81672,81673,81674,81675,81676,81677,81678,81679,81680,81681,81682,81683,81684,81685,81686,81687,81688,81689,81690,81691,81692,81693,81694,81695,81690,81691,81692,81693,81694,81695,81696"
1108,81716,81743,"3992,3990,3991",3992,1,0.42857142857142855,0,0,1,1,994,,,81719,,,0.0,81738,1.5814485592990448,8.201851335527339,0.18185189584579375,0.643948014415969,valley,601.0,330.0,16.0,30.0,469.0,367.0,19.0,26.0,81577,"81716,81717,81718,81719,81720,81721,81722,81723,81724,81725,81726,81727,81728,81729,81730,81731,81732,81733,81734,81735,81736,81737,81738,81739,81740,81741,81742,81743"
1109,81755,81773,"3993,3994",3993,1,0.3333333333333333,1,0,1,1,995,,,81768,4.893429368591389,6.441812962780075,0.926892577250717,,,,,0.0,,,,,,,,,,,"81755,81756,81757,81758,81759,81760,81761,81762,81763,81764,81765,81766,81767,81768,81769,81770,81771,81772,81773"
1110,81784,81796,3998,3998,0,0.0,1,0,1,1,996,,,,,,0.0,81789,4.844527983000274,7.071726205689167,-0.019116405340138698,0.3045409690110523,valley,,,,,,,,,,"81784,81785,81786,81787,81788,81789,81790,81791,81784,81785,81786,81787,81788,81789,81790,81791,81792,81793,81794,81795,81796"
1111,82070,82075,4001,4001,0,0.0,0,0,0,0,,,low_displacement,,4.033746212033756,14.058292695170996,0.8700037576462492,,,,,0.0,,,,,,,,,,,"82070,82071,82072,82073,82074,82075"
1112,82149,82191,"4002,4004,4005,4006,4008,4009,4010",4008,1,0.8095238095238095,0,0,1,1,997,,,82174,,,0.0,82184,1.033032322824494,2.4409538504840693,0.13241193401334428,0.6705783466083047,valley,652.0,202.0,11.0,18.0,450.0,217.0,19.0,26.0,82023,"82149,82150,82151,82152,82153,82154,82155,82156,82157,82158,82159,82160,82162,82165,82166,82167,82168,82169,82170,82171,82172,82173,82174,82175,82171,82172,82173,82174,82175,82176,82177,82178,82179,82180,82181,82182,82183,82184,82188,82189,82190,82191"
1113,82207,82238,"4011,4012",4011,1,0.5625,0,0,1,1,998,,,82216,,,0.0,82228,3.7634536267704046,10.176579339012697,0.09125009540661821,0.6699616686668479,valley,824.0,457.0,19.0,26.0,745.0,442.0,25.0,30.0,82067,"82207,82208,82209,82210,82211,82212,82213,82214,82215,82216,82217,82218,82219,82220,82221,82222,82223,82224,82225,82226,82227,82228,82229,82230,82231,82232,82233,82234,82235,82236,82237,82238"
1114,82239,82268,"4011,4013,4014",4014,1,1.0,0,0,1,1,999,,,82256,,,0.0,82266,2.1222662993495645,2.4150073291066505,0.10411603700134098,0.6075149931935764,valley,717.0,202.0,19.0,26.0,523.0,206.0,19.0,30.0,82105,"82239,82240,82245,82246,82248,82249,82250,82251,82252,82253,82254,82255,82256,82257,82258,82259,82260,82261,82262,82263,82264,82265,82266,82267,82268"
1115,82280,82335,4015,4015,1,0.3076923076923077,0,0,1,1,1000,,,82291,,,0.0,82312,3.6742839530947022,11.84364375568968,0.038502735732375726,0.6870720296361739,valley,807.0,596.0,22.0,56.0,795.0,577.0,25.0,48.0,82151,"82280,82281,82282,82283,82284,82288,82289,82290,82291,82292,82293,82294,82295,82296,82297,82298,82299,82300,82301,82302,82303,82304,82305,82306,82307,82308,82309,82310,82311,82312,82313,82314,82315,82316,82317,82318,82319,82320,82321,82322,82323,82324,82325,82326,82327,82328,82329,82330,82331,82332,82333,82334,82335"
1116,82514,82549,"4021,4023,4024",4024,1,0.9375,0,0,1,1,1001,,,82533,,,0.0,82544,2.010953725794187,3.718390014354437,0.39703477779962615,0.63751376727698,valley,700.0,202.0,19.0,26.0,511.0,210.0,19.0,30.0,82383,"82514,82515,82516,82517,82518,82520,82524,82525,82526,82527,82528,82529,82530,82531,82532,82533,82534,82535,82536,82537,82538,82539,82540,82541,82542,82543,82544,82545,82546,82547,82548,82549"
1117,82624,82654,"4027,4028,4030",4027,1,0.8571428571428571,0,0,1,1,1002,,,82636,,,0.0,82648,4.180117966780331,11.445084245373579,0.05461326569262326,0.722359960159818,valley,,,,,,,,,82488,"82624,82625,82626,82627,82628,82629,82630,82631,82632,82633,82634,82635,82636,82637,82638,82639,82640,82641,82642,82644,82645,82647,82648,82649,82650,82651,82652,82653,82654"
1118,82655,82695,"4030,4032",4032,1,0.7368421052631579,0,0,1,1,1003,,,82682,4.9439748588236965,1.5788224718660189,0.9388232633914481,,,,,0.0,,,,,,,,,,,"82655,82656,82660,82661,82662,82663,82664,82665,82666,82667,82668,82669,82670,82671,82672,82673,82674,82675,82676,82677,82678,82679,82680,82681,82682,82683,82684,82685,82686,82687,82688,82689,82690,82691,82692,82693,82694,82695"
1119,82720,82735,4033,4033,1,0.75,0,0,1,1,1004,,,82730,4.969486125882073,10.737214539978318,0.9552093108870598,,,,,0.0,,,,,,,,,,,"82720,82721,82722,82723,82724,82725,82726,82727,82728,82729,82730,82731,82732,82733,82734,82735"
1120,82736,82759,"4034,4035,4036,4038,4039",4038,1,0.42857142857142855,0,0,1,1,1005,,,82743,,,0.0,82757,2.794423981389335,2.3973858663971725,-0.05303547354846749,0.6765804733680858,valley,756.0,213.0,22.0,26.0,568.0,213.0,19.0,26.0,82596,"82736,82738,82739,82740,82741,82742,82743,82744,82745,82746,82747,82748,82749,82750,82751,82746,82747,82748,82749,82750,82751,82752,82753,82754,82755,82756,82757,82758,82759"
1121,82768,82782,"4040,4041,4042",4040,0,0.0,0,0,1,1,1006,,,,0.18330302151299227,7.452405795640599,0.9004384206264023,82782,0.5100882771591307,4.233756651430711,0.45118974795260147,0.5,ground_hit_fallback,593.0,210.0,11.0,15.0,393.0,232.0,19.0,22.0,82620,"82768,82769,82770,82771,82772,82773,82774,82775,82776,82777,82778,82779,82780,82781,82782"
1122,82816,82823,4043,4043,0,0.0,0,0,0,0,,,low_displacement,,2.1340898115690567,11.484263411507348,0.9269388399246956,,,,,0.0,,,,,,,,,,,"82816,82817,82818,82819,82820,82821,82822,82823"
1123,82831,82855,"4047,4045,4049,4046,4050,4051,4052",4050,0,0.0,0,0,1,1,1007,,,,,,0.0,82839,-0.37300485002060313,4.045639965684682,-0.12747481043930176,0.40917882024509405,valley,,,,,,,,,82678,"82831,82832,82833,82834,82835,82836,82837,82838,82839,82840,82841,82842,82843,82844,82845,82846,82847,82838,82839,82841,82842,82843,82844,82845,82846,82847,82848,82849,82850,82851,82852,82853,82854,82855"
1124,82864,82895,"4053,4054,4055,4058,4056,4057",4053,0,0.0,0,0,1,1,1008,,,,,,0.0,82895,3.573115211525577,0.7184083641277468,0.09712576131710726,0.5,ground_hit_fallback,810.0,180.0,16.0,18.0,607.0,180.0,19.0,22.0,82734,"82864,82865,82866,82867,82868,82869,82870,82871,82872,82873,82874,82875,82876,82877,82878,82879,82880,82881,82882,82883,82884,82885,82886,82887,82888,82889,82890,82891,82892,82893,82894,82895"
1125,83034,83058,"4062,4063",4063,1,0.7,0,0,1,1,1009,,,83041,,,0.0,83053,1.622196396673778,12.45181345137315,0.15719214044198715,0.6879191130391573,valley,435.0,637.0,16.0,26.0,441.0,712.0,16.0,26.0,82892,"83034,83035,83036,83037,83038,83039,83040,83041,83042,83043,83048,83049,83050,83051,83052,83053,83054,83055,83056,83057,83058"
1126,83065,83104,"4064,4065,4066,4067,4068,4069",4065,1,0.9444444444444444,0,0,1,1,1010,,,83086,,,0.0,83104,6.358854767398654,1.256417155444126,0.17208006238107387,0.5,ground_hit_fallback,992.0,191.0,2.0,3.0,770.0,161.0,16.0,30.0,82943,"83065,83066,83067,83068,83073,83074,83075,83076,83077,83078,83079,83080,83081,83082,83083,83084,83085,83086,83087,83088,83089,83090,83091,83092,83093,83094,83095,83096,83097,83098,83099,83100,83101,83102,83103,83104"
1127,83328,83353,"4071,4072",4072,1,0.9166666666666666,0,0,1,1,1011,,,83338,,,0.0,83351,5.150517759137539,12.520892690524857,0.11128982187225489,0.597447452874795,valley,1125.0,731.0,19.0,26.0,1085.0,607.0,22.0,26.0,83189,"83328,83329,83330,83331,83332,83333,83334,83335,83336,83337,83338,83339,83340,83341,83342,83343,83344,83345,83347,83348,83349,83350,83351,83352,83353"
1128,83360,83458,"4075,4073,4074,4076,4077",4077,0,0.0,1,0,1,1,1012,,,,,,0.0,83384,5.714142335499314,6.742930482102992,0.039921577814443054,0.5808572754035104,valley,1006.0,307.0,19.0,26.0,843.0,281.0,14.0,22.0,,"83360,83361,83362,83363,83364,83365,83366,83367,83368,83369,83370,83371,83372,83373,83374,83375,83376,83377,83378,83379,83384,83385,83386,83387,83388,83389,83390,83391,83392,83393,83394,83395,83396,83397,83398,83399,83400,83401,83402,83403,83404,83408,83409,83410,83411,83412,83413,83414,83415,83416,83417,83418,83419,83420,83421,83422,83423,83424,83425,83426,83427,83428,83429,83430,83431,83432,83433,83434,83435,83436,83437,83438,83439,83440,83441,83442,83443,83444,83445,83446,83447,83448,83449,83450,83451,83452,83453,83454,83455,83456,83457,83458"
1129,83720,83751,"4082,4081",4082,1,1.0,0,0,1,1,1013,,,83736,1.2142320704540635,-0.5484296919521707,0.9168142381598683,83751,1.437017163289711,0.7319355058365424,0.35464983364699076,0.5,ground_hit_fallback,691.0,165.0,14.0,18.0,478.0,176.0,19.0,26.0,83590,"83720,83721,83722,83723,83724,83725,83727,83728,83729,83730,83731,83732,83733,83734,83735,83736,83737,83738,83739,83740,83741,83742,83743,83744,83745,83746,83747,83748,83749,83750,83751"
1130,83776,83806,"4083,4084",4083,1,0.4666666666666667,0,0,1,1,1014,,,83783,,,0.0,83797,3.632725838807916,10.981249669366395,0.023316651813949818,0.6392219369295018,valley,798.0,525.0,28.0,30.0,756.0,510.0,19.0,26.0,83636,"83776,83777,83778,83779,83780,83781,83782,83783,83784,83785,83786,83787,83788,83789,83790,83791,83792,83793,83794,83795,83796,83797,83798,83799,83800,83801,83802,83803,83804,83805,83806"
1131,83812,83822,"4085,4087",4087,0,0.0,0,0,1,1,1015,,,,2.735381979642672,-0.2626544660652357,0.9057890508662724,,,,,0.0,,,,,,,,,,,"83812,83813,83815,83816,83817,83818,83819,83820,83821,83822"
1132,83823,83844,"4087,4089",4087,1,0.2222222222222222,0,0,1,1,1016,,,83829,,,0.0,83835,3.2708956311284085,8.865653589844936,0.07271427444136336,0.6853463087232579,valley,767.0,393.0,16.0,18.0,655.0,367.0,25.0,41.0,83673,"83823,83828,83829,83830,83831,83832,83833,83834,83835,83836,83837,83838,83839,83840,83841,83842,83843,83844"
1133,83845,83857,"4089,4090,4091",4089,0,0.0,0,0,1,1,1017,,,,3.355459585743899,2.651943512648442,0.8692632649846863,,,,,0.0,,,,,,,,,,,"83845,83846,83847,83848,83849,83851,83855,83856,83857"
1134,83875,83897,"4093,4094,4095",4093,1,0.18181818181818182,0,0,1,1,1018,,,83876,0.9323623449156231,10.946404356033892,0.9385970674043925,83896,1.1485847341581974,9.922381469887366,0.4074460847841408,0.5,ground_hit_fallback,495.0,393.0,28.0,26.0,390.0,435.0,19.0,26.0,83735,"83875,83876,83877,83879,83880,83881,83882,83883,83884,83885,83886,83887,83888,83889,83890,83891,83892,83893,83894,83895,83896,83897"
1135,83912,83925,"4097,4098,4100,4099,4102",4097,1,0.8571428571428571,0,0,1,1,1019,,,83918,4.460261005111725,-1.0081475843478422,0.8102028563874083,,,,,0.0,,,,,,,,,,,"83912,83913,83914,83915,83916,83917,83918,83919,83920,83921,83922,83923,83924,83925"
1136,83926,83971,"4102,4101,4105,4103,4104,4106,4107",4105,0,0.0,0,0,1,1,1020,,,,,,0.0,83948,0.3598985773678778,5.05740214222969,0.07484573204130518,0.6731191512723134,valley,568.0,247.0,16.0,33.0,382.0,281.0,19.0,26.0,83787,"83926,83927,83928,83929,83930,83931,83932,83933,83934,83935,83936,83937,83938,83939,83940,83941,83942,83943,83944,83945,83946,83947,83948,83949,83950,83951,83952,83953,83954,83955,83956,83957,83958,83959,83960,83961,83962,83963,83964,83965,83966,83969,83970,83971"
1137,84066,84078,"4108,4110",4110,0,0.0,0,0,1,1,1021,,,,2.000020877081111,9.72103619021124,0.9324134518276896,,,,,0.0,,,,,,,,,,,"84066,84067,84068,84069,84070,84071,84072,84073,84074,84075,84076,84077,84078"
1138,84112,84127,4112,4112,0,0.0,0,0,1,1,1022,,,,2.10316032423741,13.544212318497312,0.9628225068332887,,,,,0.0,,,,,,,,,,,"84112,84113,84114,84115,84116,84117,84118,84119,84120,84121,84122,84123,84124,84125,84126,84127"
1139,84216,84223,4113,4113,0,0.0,0,0,0,0,,,low_displacement,,2.3434442919251213,14.303244393593994,0.9405391338279747,,,,,0.0,,,,,,,,,,,"84216,84217,84218,84219,84220,84221,84222,84223"
1140,84412,84418,4118,4118,0,0.0,0,0,0,0,,,low_displacement,,2.4278921234860067,13.6899658266396,0.9142929004525939,,,,,0.0,,,,,,,,,,,"84412,84413,84414,84415,84416,84417,84418"
1141,84424,84455,"4118,4119,4121,4122",4119,1,1.0,0,0,1,1,1023,,,84440,,,0.0,84451,3.4914038619496965,2.062099795468491,0.09484394806490393,0.6822809198815823,valley,804.0,191.0,16.0,33.0,610.0,195.0,19.0,30.0,84290,"84424,84425,84426,84427,84428,84429,84430,84432,84433,84434,84435,84436,84437,84438,84439,84440,84441,84442,84443,84444,84445,84446,84447,84448,84449,84450,84451,84452,84453,84454,84455"
1142,84463,84500,"4123,4124",4124,1,0.7894736842105263,0,0,1,1,1024,,,84478,,,0.0,84495,2.2722585624230023,12.60133407093397,-0.0019369661857771003,0.6921568138560412,valley,537.0,690.0,28.0,30.0,576.0,727.0,19.0,26.0,84334,"84463,84464,84465,84466,84467,84468,84469,84470,84471,84472,84473,84474,84475,84476,84477,84478,84479,84480,84481,84482,84483,84484,84485,84486,84487,84488,84489,84490,84491,84492,84493,84494,84495,84496,84497,84498,84499,84500"
1143,84501,84519,"4124,4126",4126,0,0.0,0,0,1,1,1025,,,,2.6640849854940565,3.0242706586211003,0.9284222237234175,,,,,0.0,,,,,,,,,,,"84501,84502,84504,84505,84506,84507,84508,84509,84511,84512,84513,84514,84515,84516,84517,84518,84519"
1144,84528,84574,"4128,4129",4128,1,0.25925925925925924,0,0,1,1,1026,,,84535,,,0.0,84566,3.7371744576284005,10.420441973320195,0.6314111247139991,0.6585167241672668,valley,,,,,,,,,84405,"84528,84529,84530,84531,84532,84533,84534,84535,84536,84537,84538,84539,84540,84541,84542,84543,84544,84545,84546,84547,84548,84549,84550,84551,84552,84553,84554,84555,84556,84557,84558,84559,84560,84561,84562,84563,84564,84565,84566,84567,84568,84570,84571,84572,84573,84574,84575,84566,84567,84568,84570,84571,84572,84573,84574"
1145,84575,84599,"4129,4130",4129,1,0.75,0,0,1,1,1027,,,84591,4.976796567144692,5.277833607402649,0.9673324324671109,84599,4.994584944685682,5.153435151675495,0.09819611112829918,0.5,ground_hit_fallback,922.0,255.0,19.0,26.0,745.0,240.0,25.0,30.0,84438,"84575,84576,84577,84578,84579,84580,84581,84582,84583,84584,84585,84586,84587,84588,84589,84590,84591,84592,84593,84594,84595,84596,84597,84598,84599"
1146,84616,84639,"4132,4131,4133,4134",4132,1,0.6,0,0,1,1,1028,,,84621,,,0.0,84638,6.2761646857378395,9.134367128182987,-0.12634370444813214,0.5,ground_hit_fallback,1130.0,431.0,22.0,26.0,978.0,371.0,25.0,30.0,84477,"84616,84617,84618,84619,84620,84621,84622,84623,84624,84625,84626,84627,84628,84629,84630,84631,84636,84637,84638,84639"
1147,84648,84671,"4135,4136,4137",4137,1,0.375,0,1,1,1,1029,,,84669,3.688542264107483,4.95551717672724,0.935989416145226,,,,,0.0,,,,,,,,,,,"84648,84649,84651,84652,84653,84654,84655,84656,84657,84658,84659,84660,84661,84662,84663,84664,84665,84666,84667,84668,84669,84670,84671,84662,84663,84664,84665,84666,84667,84668,84669,84670,84671"
1148,84680,84695,4138,4138,1,0.5,0,0,1,1,1030,,,84684,4.125003612163659,8.469298483047671,0.9636358970793832,84695,4.173394571652738,8.164733159772055,0.004786891055509557,0.5,ground_hit_fallback,869.0,356.0,14.0,22.0,736.0,352.0,22.0,26.0,84533,"84680,84681,84682,84683,84684,84685,84686,84687,84688,84689,84690,84691,84692,84693,84694,84695"
1149,84703,84719,4139,4139,0,0.0,0,0,1,1,1031,,,,4.794957804448147,7.73181778926241,0.8715958650031727,84704,4.085830681671143,9.003101791891574,0.4727003456029397,0.5,ground_hit_fallback,866.0,348.0,19.0,26.0,748.0,337.0,25.0,26.0,84543,"84703,84704,84705,84706,84707,84708,84709,84710,84711,84712,84713,84714,84715,84716,84717,84718,84719"
1150,84864,84885,4143,4143,0,0.0,0,0,1,1,1032,,,,6.545783899787372,9.162558839463166,0.9197442327503694,84864,6.4377888319147445,7.5390130240006386,0.26477767394596796,0.5,ground_hit_fallback,1108.0,322.0,16.0,18.0,936.0,277.0,8.0,18.0,84702,"84864,84865,84866,84867,84868,84869,84872,84873,84874,84875,84876,84877,84878,84879,84880,84881,84882,84883,84884,84885"
1151,84894,84930,"4144,4145,4149,4146,4147,4148",4149,0,0.0,0,0,1,1,1033,,,,,,0.0,84911,6.347141987452922,10.19220901089826,-0.1691938537479274,0.825225950233588,valley,1189.0,513.0,19.0,26.0,1049.0,431.0,19.0,18.0,84750,"84894,84895,84896,84897,84898,84899,84900,84901,84902,84903,84904,84906,84907,84908,84909,84910,84911,84912,84913,84914,84915,84916,84917,84918,84919,84920,84921,84922,84923,84924,84925,84926,84927,84928,84929,84930"
1152,84938,84943,4150,4150,0,0.0,0,0,0,0,,,low_displacement,,,,0.0,,,,,0.0,,,,,,,,,,,"84938,84939,84940,84941,84942,84943"
1153,85056,85079,"4156,4157,4158,4159",4157,1,1.0,0,0,1,1,1034,,,85069,0.006977323641760513,-0.3252392933527748,0.9078708801412138,,,,,0.0,,,,,,,,,,,"85056,85057,85058,85062,85063,85064,85065,85066,85067,85068,85069,85070,85071,85072,85073,85074,85075,85076,85077,85078,85079"
1154,85096,85139,"4160,4161,4162,4163,4164",4164,1,0.8,0,0,1,1,1035,,,85114,,,0.0,85130,3.5047719335309018,11.239720235982366,0.1558690543422525,0.660925730908807,valley,784.0,532.0,16.0,26.0,748.0,521.0,19.0,22.0,84969,"85096,85097,85098,85099,85100,85104,85105,85106,85107,85108,85109,85110,85111,85112,85113,85114,85115,85116,85117,85118,85119,85120,85121,85122,85123,85124,85126,85127,85128,85129,85130,85131,85132,85133,85134,85135,85136,85137,85138,85139"
1155,85140,85169,"4164,4166,4167",4166,1,0.38461538461538464,0,0,1,1,1036,,,85165,1.0123593925696497,1.4032903866046702,0.905804417603507,,,,,0.0,,,,,,,,,,,"85140,85141,85144,85145,85146,85148,85149,85151,85152,85153,85154,85155,85156,85157,85158,85159,85160,85161,85162,85163,85164,85165,85166,85167,85168,85169"
1156,85170,85192,"4166,4168,4169,4170",4170,1,0.4,0,0,1,1,1037,,,85174,4.504560360281473,17.2241790885534,0.6258307071683832,85176,2.6830129014990796,8.377166718280138,0.2773066465566636,0.5,ground_hit_fallback,708.0,337.0,19.0,26.0,587.0,348.0,19.0,22.0,85015,"85170,85171,85172,85173,85174,85176,85177,85178,85179,85180,85181,85182,85183,85184,85185,85186,85188,85189,85190,85191,85192"
1157,85193,85201,"4170,4171,4172",4172,0,0.0,0,0,1,1,1038,,,,3.8679308668323693,0.615374245869619,0.7652158450643711,,,,,0.0,,,,,,,,,,,"85193,85194,85196,85198,85199,85200,85201"
1158,85238,85249,"4178,4176,4177,4179",4178,0,0.0,0,0,1,1,1039,,,,3.8332122884588604,2.046855856861537,0.9620577376646785,,,,,0.0,,,,,,,,,,,"85238,85239,85240,85241,85242,85243,85244,85245,85246,85247,85238,85239,85240,85241,85242,85243,85244,85245,85246,85247,85248,85249"
1159,85355,85404,"4184,4185,4186",4185,1,0.68,1,0,1,1,1040,,,85372,,,0.0,85378,1.2812411043221312,8.735880939205831,0.055269286700430076,0.6653193158247371,valley,559.0,363.0,19.0,30.0,435.0,401.0,19.0,37.0,,"85355,85356,85357,85358,85359,85360,85361,85362,85363,85364,85365,85366,85367,85368,85369,85370,85371,85372,85373,85374,85375,85376,85377,85378,85379,85380,85381,85382,85383,85384,85385,85386,85387,85388,85389,85390,85391,85392,85393,85394,85395,85396,85397,85398,85399,85400,85401,85402,85403,85404"
1160,85600,85639,"4188,4189,4190",4190,1,0.7647058823529411,0,0,1,1,1041,,,85627,,,0.0,85639,2.8390852416257806,2.59237221557391,0.36386662490556887,0.5,ground_hit_fallback,762.0,187.0,19.0,26.0,568.0,191.0,19.0,22.0,85478,"85600,85601,85602,85603,85604,85605,85608,85609,85610,85611,85612,85613,85614,85615,85616,85617,85621,85622,85623,85624,85625,85626,85627,85628,85629,85630,85631,85632,85633,85634,85635,85636,85637,85638,85639"
1161,85656,85693,"4193,4192",4193,1,0.7368421052631579,0,0,1,1,1042,,,85670,,,0.0,85682,3.0172732978839765,10.120549183191162,0.10704723015804163,0.6520230726590283,valley,722.0,438.0,22.0,37.0,655.0,453.0,11.0,22.0,85521,"85656,85657,85658,85659,85660,85661,85662,85663,85664,85665,85666,85667,85668,85669,85670,85671,85672,85673,85674,85675,85676,85677,85678,85679,85680,85681,85682,85683,85684,85685,85686,85687,85688,85689,85690,85691,85692,85693"
1162,85694,85712,4193,4193,0,0.0,0,0,1,1,1043,,,,4.198444998378074,2.689471049350452,0.9172436642084278,,,,,0.0,,,,,,,,,,,"85694,85695,85696,85697,85698,85700,85701,85702,85703,85704,85705,85706,85707,85708,85709,85710,85711,85712"
1163,85718,85722,4195,4195,0,0.0,0,0,1,1,1044,,,,4.202072788991568,1.666859474821972,0.9410438775739085,85721,4.056540637591277,3.6057675921374823,0.7516637216679172,0.5503368144081806,valley,,,,,,,,,85560,"85718,85719,85720,85721,85722,85718,85719,85720,85721,85722"
1164,85750,85765,"4198,4199",4198,0,0.0,0,0,1,1,1045,,,85751,2.5688561512751646,9.877766095921752,0.8355966170230169,,,,,0.0,,,,,,,,,,,"85750,85751,85752,85753,85754,85755,85756,85757,85758,85759,85760,85761,85762,85763,85764,85765"
1165,85766,85791,"4199,4200",4199,1,0.38461538461538464,0,0,1,1,1046,,,85771,,,0.0,85790,-0.9682153138881011,0.6727548471884042,0.020640995320346356,0.5,ground_hit_fallback,562.0,180.0,19.0,30.0,334.0,202.0,19.0,30.0,,"85766,85767,85768,85769,85770,85771,85772,85773,85774,85775,85776,85777,85778,85779,85780,85781,85782,85783,85784,85785,85786,85787,85788,85789,85790,85791"
1166,86080,86127,"4204,4205",4205,1,0.5217391304347826,0,0,1,1,1047,,,86092,,,0.0,86110,4.30623870804104,12.210907297549394,-0.05340535319376727,0.751846245107718,valley,,,,,,,,,85949,"86080,86081,86082,86083,86084,86085,86086,86087,86088,86089,86090,86091,86092,86093,86094,86095,86096,86097,86098,86099,86100,86101,86102,86103,86104,86105,86106,86107,86108,86109,86110,86111,86112,86113,86114,86115,86116,86118,86119,86120,86121,86122,86123,86125,86126,86127"
1167,86332,86367,"4209,4211,4212,4213",4209,1,1.0,0,0,1,1,1048,,,86351,4.689478745609304,0.17651430510732347,0.9227324979264219,,,,,0.0,,,,,,,,,,,"86332,86333,86334,86335,86336,86337,86338,86340,86341,86342,86343,86344,86345,86346,86347,86348,86349,86350,86351,86352,86353,86354,86355,86356,86357,86358,86359,86360,86361,86362,86363,86364,86365,86366,86367"
1168,86392,86430,4218,4218,1,0.4444444444444444,0,0,1,1,1049,,,86400,,,0.0,86416,3.51110401043651,10.17559732707009,-0.03690995791399487,0.7825138136840589,valley,787.0,453.0,22.0,48.0,720.0,468.0,14.0,22.0,86255,"86392,86393,86394,86395,86396,86397,86398,86399,86400,86401,86402,86403,86404,86405,86406,86407,86408,86409,86410,86411,86414,86415,86416,86417,86418,86419,86420,86421,86422,86423,86424,86425,86426,86427,86428,86429,86430"
1169,86431,86464,4218,4218,1,0.8823529411764706,0,0,1,1,1050,,,86450,,,0.0,86464,5.137414421469618,3.171591894627838,0.04148781916104127,0.5,ground_hit_fallback,916.0,221.0,16.0,18.0,731.0,221.0,5.0,3.0,86302,"86431,86432,86433,86434,86435,86436,86437,86438,86439,86440,86441,86442,86443,86444,86445,86446,86447,86448,86449,86450,86451,86452,86453,86454,86455,86456,86457,86458,86459,86460,86461,86462,86463,86464"
1170,86480,86488,"4219,4220",4219,0,0.0,0,0,1,1,1051,,,,1.3340416623563343,9.23959036812665,0.9109502724653212,,,,,0.0,,,,,,,,,,,"86480,86481,86482,86483,86484,86485,86486,86487,86488"
1171,86489,86535,"4223,4222,4226,4224,4225,4227",4223,1,0.25,1,0,1,1,1052,,,86493,,,0.0,86500,2.2295094607538357,6.497781190493402,0.10863497825083979,0.4292914714154472,valley,689.0,285.0,16.0,26.0,537.0,300.0,19.0,33.0,86339,"86489,86490,86491,86492,86493,86494,86495,86486,86487,86489,86490,86491,86492,86493,86494,86495,86496,86497,86498,86499,86500,86501,86502,86503,86504,86505,86506,86507,86508,86509,86510,86511,86512,86513,86514,86515,86516,86517,86518,86519,86520,86521,86522,86523,86524,86525,86526,86527,86528,86529,86530,86531,86532,86533,86534,86535"
1172,86560,86577,"4230,4229,4231",4230,0,0.0,0,0,1,1,1053,,,86576,2.9337750676172196,11.087595218381576,0.5755300851531391,,,,,0.0,,,,,,,,,,,"86560,86561,86562,86563,86564,86565,86566,86567,86568,86569,86570,86571,86572,86573,86574,86575,86576,86577"
1173,86607,86623,4233,4233,0,0.0,0,0,1,1,1054,,,,,,0.0,86621,3.9278061523125727,12.70281279598834,-0.00644977170502159,0.7354854312751131,valley,860.0,735.0,19.0,41.0,888.0,686.0,22.0,30.0,86458,"86607,86608,86609,86610,86611,86612,86615,86616,86617,86618,86619,86620,86621,86622,86623"
1174,86644,86655,4234,4234,0,0.0,0,0,0,0,,,low_displacement,,4.076200449962285,12.696942519564494,0.9345968970701543,,,,,0.0,,,,,,,,,,,"86644,86645,86646,86647,86648,86649,86650,86651,86652,86653,86654,86655"
1175,86671,86677,"4236,4235",4236,0,0.0,0,0,1,1,1055,,,,3.8720076693992196,14.808657687024155,0.7090461582553994,86675,4.229379671205351,13.842341672543192,0.16194536343656196,0.7362299858616457,valley,967.0,990.0,16.0,22.0,1071.0,847.0,16.0,26.0,,"86671,86672,86673,86674,86675,86676,86677"
1176,86784,86799,"4237,4238,4239,4240,4241",4239,1,0.7142857142857143,0,0,1,1,1056,,,86791,0.17559831616522414,1.5963784392406408,0.9463934377316781,86799,0.7363676497635285,3.1570245248879774,0.4838394411277389,0.5,ground_hit_fallback,621.0,191.0,16.0,18.0,419.0,206.0,19.0,22.0,,"86784,86785,86786,86789,86790,86791,86792,86793,86794,86795,86796,86797,86798,86799"
1177,86824,86859,4243,4243,1,0.4444444444444444,0,0,1,1,1057,,,86832,,,0.0,86848,3.3425356802262245,11.525653737199166,0.1329205520282386,0.6740336600875639,valley,756.0,551.0,19.0,41.0,731.0,551.0,22.0,30.0,86671,"86824,86825,86826,86827,86828,86829,86830,86831,86832,86833,86834,86835,86836,86837,86838,86839,86840,86841,86842,86843,86844,86845,86846,86847,86848,86849,86850,86851,86852,86853,86854,86855,86856,86857,86858,86859"
1178,86860,86910,"4243,4244,4245,4246,4250,4247,4248,4249,4251",4250,1,0.45454545454545453,0,0,1,1,1058,,,86878,,,0.0,,,,,0.0,,,,,,,,,,,"86860,86861,86862,86863,86864,86865,86869,86873,86874,86875,86876,86877,86878,86879,86880,86881,86882,86883,86884,86885,86886,86887,86888,86889,86890,86891,86892,86893,86894,86895,86896,86897,86898,86899,86900,86901,86902,86903,86904,86905,86906,86907,86908,86909,86910"
1179,87202,87239,"4253,4254,4256,4257",4254,1,0.7058823529411765,0,0,1,1,1059,,,87217,,,0.0,87230,3.2679973385348666,2.3897867362396568,0.2695144665023541,0.6571790152028206,valley,790.0,191.0,16.0,22.0,596.0,191.0,19.0,26.0,87054,"87202,87203,87204,87205,87206,87207,87208,87212,87213,87214,87215,87216,87217,87218,87219,87220,87221,87222,87223,87224,87225,87226,87227,87228,87229,87230,87231,87232,87233,87234,87235,87236,87237,87238,87239"
1180,87256,87284,4259,4259,1,0.35714285714285715,0,0,1,1,1060,,,87261,,,0.0,87275,3.2239398599370537,10.86094952347674,0.0049602324339108605,0.6741554368743801,valley,745.0,510.0,19.0,33.0,697.0,510.0,19.0,33.0,87099,"87256,87257,87258,87259,87260,87261,87262,87263,87264,87265,87266,87267,87268,87269,87270,87271,87272,87273,87274,87275,87276,87277,87278,87279,87280,87281,87282,87283,87284"
1181,87285,87322,"4259,4261,4260",4259,1,0.8235294117647058,0,0,1,1,1061,,,87300,,,0.0,87312,6.838366452141326,0.5898641306467169,-0.07499492443474409,0.7128779425651922,valley,1001.0,187.0,22.0,26.0,787.0,165.0,19.0,30.0,87135,"87285,87286,87287,87288,87289,87290,87292,87293,87294,87295,87296,87297,87298,87299,87300,87301,87302,87303,87304,87305,87306,87307,87308,87309,87310,87311,87312,87313,87314,87315,87316,87317,87321,87322"
1182,87562,87590,"4271,4270,4272,4273",4271,1,0.8571428571428571,0,0,1,1,1062,,,87574,,,0.0,87583,3.4813733935783064,11.005808249030775,0.06469779086396699,0.690212228171793,valley,781.0,517.0,19.0,33.0,736.0,513.0,19.0,26.0,87407,"87562,87563,87564,87565,87566,87567,87568,87569,87570,87571,87572,87573,87574,87575,87576,87577,87578,87579,87580,87581,87582,87583,87584,87585,87586,87587,87588,87589,87590"
1183,87591,87623,4273,4273,1,0.625,0,0,1,1,1063,,,87614,3.051057821379635,3.2193320243848262,0.947713394902825,87623,3.1539539189878916,3.88312896202185,0.35669493286587795,0.5,ground_hit_fallback,779.0,206.0,19.0,30.0,593.0,206.0,22.0,30.0,87447,"87591,87592,87594,87595,87596,87597,87598,87599,87600,87601,87602,87603,87604,87605,87606,87607,87608,87609,87610,87611,87612,87613,87614,87615,87616,87617,87618,87619,87620,87621,87622,87623"
1184,87632,87644,"4275,4277,4278",4275,0,0.0,0,0,1,1,1064,,,,4.541747566004947,7.12770362052718,0.874238257313059,87635,3.351500393673014,2.999455911280265,0.584301975615741,0.11876156926986753,valley,795.0,180.0,19.0,26.0,601.0,176.0,19.0,22.0,87459,"87632,87633,87634,87635,87636,87637,87641,87642,87643,87644"
1185,87656,87695,"4279,4280",4280,0,0.0,1,0,1,1,1065,,,,,,0.0,87667,4.844334348460022,5.413042077189303,-0.2174938203784862,0.5576148291639103,valley,908.0,285.0,16.0,22.0,745.0,277.0,11.0,22.0,87491,"87656,87657,87658,87659,87660,87661,87662,87663,87664,87665,87666,87667,87668,87669,87670,87671,87672,87673,87674,87675,87676,87677,87678,87679,87680,87681,87682,87683,87684,87685,87686,87687,87688,87689,87693,87694,87695"
1186,87743,87751,4282,4282,0,0.0,0,0,0,0,,,low_displacement,,4.633250402752795,2.9395799632273474,0.8763675577402525,,,,,0.0,,,,,,,,,,,"87743,87743,87744,87745,87746,87747,87748,87749,87750,87751"
1187,87872,87907,"4284,4285,4286",4285,1,0.8125,1,0,1,1,1066,,,87887,,,0.0,87894,2.3890392555906357,9.749684268016363,0.08397026855396561,0.6671114748063108,valley,655.0,416.0,19.0,33.0,568.0,442.0,19.0,30.0,87717,"87872,87873,87877,87878,87879,87880,87881,87882,87883,87884,87885,87886,87887,87888,87889,87890,87891,87892,87893,87894,87895,87896,87897,87898,87899,87900,87901,87902,87903,87904,87905,87906,87907"
1188,87908,87915,"4285,4289",4285,0,0.0,0,0,0,0,,,low_displacement,,2.6870990024376864,6.477230703506876,0.8003986794556875,,,,,0.0,,,,,,,,,,,"87908,87909,87910,87911,87912,87913,87914,87915"
1189,87926,87935,"4291,4292",4291,1,0.4,1,0,1,1,1067,,,87931,2.6500816908846314,6.188097847324414,0.9512885815504126,,,,,0.0,,,,,,,,,,,"87926,87927,87928,87929,87930,87931,87932,87933,87934,87935"
1190,87944,87950,"4293,4294",4293,0,0.0,1,0,0,0,,,low_displacement,,2.6050327336512074,7.6229249874704355,0.9166058211560681,,,,,0.0,,,,,,,,,,,"87944,87945,87946,87947,87948,87949,87950"
1191,87981,88002,"4295,4296,4297,4298",4297,1,0.2727272727272727,0,0,1,1,1068,,,87984,1.149276171000028,2.031528731276956,0.9374075261367915,,,,,0.0,,,,,,,,,,,"87981,87982,87983,87984,87985,87986,87987,87988,87989,87990,87991,87992,87993,87994,87995,87996,87997,87998,87999,88000,88001,88002"
1192,88104,88122,"4300,4301,4302,4303,4305",4300,0,0.0,1,0,1,1,1069,,,88119,5.588415452038376,9.242282738012436,0.8982456175922213,,,,,0.0,,,,,,,,,,,"88104,88105,88106,88107,88108,88109,88111,88112,88113,88114,88115,88116,88117,88118,88119,88120,88121,88122"
1193,88129,88161,"4309,4306,4307,4308",4309,1,0.125,1,0,1,1,1070,,,88130,,,0.0,88143,5.870238462773262,5.967822988240428,-0.010545685702410879,0.5679391501951344,valley,1006.0,288.0,16.0,26.0,832.0,262.0,19.0,22.0,,"88129,88130,88131,88132,88133,88134,88135,88136,88137,88138,88139,88140,88141,88142,88143,88144,88145,88146,88147,88148,88149,88150,88151,88152,88153,88154,88155,88156,88157,88158,88159,88161"
1194,88315,88344,4313,4313,1,0.13333333333333333,0,0,1,1,1071,,,88317,3.8954935215890947,15.325036761561066,0.9476892392496046,,,,,0.0,,,,,,,,,,,"88315,88316,88317,88318,88319,88320,88321,88322,88323,88324,88325,88326,88327,88328,88329,88330,88331,88332,88333,88334,88335,88336,88337,88338,88339,88340,88341,88342,88343,88344"
1195,88473,88495,4319,4319,1,0.7272727272727273,0,0,1,1,1072,,,88488,0.6916151195805393,1.0200212904759898,0.9306286051287984,,,,,0.0,,,,,,,,,,,"88473,88474,88475,88476,88477,88479,88480,88481,88482,88483,88484,88485,88486,88487,88488,88489,88490,88491,88492,88493,88494,88495"
1196,88520,88557,"4322,4323,4325",4325,1,0.5263157894736842,0,0,1,1,1073,,,88530,,,0.0,88539,2.6574100830691996,8.622697657311932,-0.10706807540941199,0.7475987770789612,valley,703.0,382.0,16.0,33.0,590.0,390.0,25.0,37.0,88363,"88520,88521,88522,88523,88524,88525,88526,88527,88528,88529,88530,88531,88532,88533,88534,88535,88536,88537,88538,88539,88540,88541,88542,88543,88544,88545,88546,88547,88548,88549,88550,88551,88552,88553,88554,88555,88556,88557"
1197,88558,88593,"4325,4326",4325,1,0.47058823529411764,0,0,1,1,1074,,,88586,2.492129289833219,3.699627770266636,0.9443070226815531,,,,,0.0,,,,,,,,,,,"88558,88559,88560,88561,88562,88564,88565,88566,88567,88568,88569,88570,88571,88572,88573,88574,88575,88576,88577,88578,88579,88580,88581,88582,88583,88584,88585,88586,88587,88588,88589,88590,88591,88592,88593"
1198,88800,88839,"4335,4337,4338,4339",4335,1,0.8888888888888888,0,0,1,1,1075,,,88823,,,0.0,88838,5.439391204961732,1.8163431875065044,0.06618478117819038,0.5,ground_hit_fallback,928.0,195.0,19.0,22.0,725.0,180.0,19.0,30.0,88662,"88800,88801,88802,88803,88804,88805,88806,88807,88808,88810,88813,88814,88815,88816,88817,88818,88819,88820,88821,88822,88823,88824,88825,88826,88827,88828,88829,88830,88831,88832,88833,88834,88835,88836,88837,88838,88839"
1199,88864,88890,"4341,4343,4344",4343,1,0.23076923076923078,0,0,1,1,1076,,,88867,,,0.0,88883,2.9774666225400144,11.109548467011347,0.09959528180562138,0.6337484821698781,valley,705.0,521.0,16.0,22.0,666.0,528.0,16.0,22.0,88706,"88864,88865,88866,88867,88868,88869,88870,88871,88872,88873,88874,88875,88876,88877,88878,88879,88880,88881,88882,88883,88884,88885,88886,88887,88888,88889,88890"
1200,88891,88912,4344,4344,1,0.5555555555555556,0,0,1,1,1077,,,88908,8.463286879997334,1.8322538500971692,0.934036437971826,,,,,0.0,,,,,,,,,,,"88891,88893,88894,88895,88896,88897,88900,88901,88902,88903,88904,88905,88906,88907,88908,88909,88910,88911,88912"
1201,88920,88943,"4346,4349,4347,4348",4349,0,0.0,0,0,1,1,1078,,,,,,0.0,88938,6.2319677155885245,2.687837473773442,0.035397651482675485,0.3986632365890636,valley,990.0,210.0,16.0,26.0,784.0,195.0,22.0,26.0,88761,"88920,88921,88922,88923,88924,88925,88926,88927,88928,88929,88930,88931,88932,88933,88934,88935,88936,88937,88938,88939,88940,88941,88942,88943"
1202,88977,88995,"4350,4353,4355,4354",4355,0,0.0,0,0,1,1,1079,,,,1.0211747351153746,0.3015414365566862,0.8857214231003654,,,,,0.0,,,,,,,,,,,"88977,88978,88979,88980,88981,88982,88983,88984,88985,88986,88987,88988,88989,88990,88991,88982,88983,88984,88985,88986,88987,88988,88989,88990,88991,88992,88993,88994,88995"
1203,88996,89004,"4355,4356,4357",4355,0,0.0,0,0,1,1,1080,,,,1.1982560639668651,-2.044432807968746,0.9412957795590795,,,,,0.0,,,,,,,,,,,"88996,88997,88998,88999,89000,89002,89003,89004"
1204,89072,89099,"4358,4360,4362,4361",4362,1,0.5625,0,0,1,1,1081,,,89081,,,0.0,89094,4.5623795419229864,12.170601973457007,0.012566142678632986,0.6370004886672629,valley,978.0,675.0,19.0,26.0,956.0,600.0,25.0,26.0,88917,"89072,89073,89074,89075,89076,89077,89078,89079,89080,89081,89082,89083,89084,89085,89086,89087,89084,89085,89086,89087,89088,89089,89090,89091,89092,89093,89094,89095,89096,89097,89098,89099"
1205,89100,89151,"4362,4363,4364,4365,4370,4367,4368,4369",4365,1,0.9565217391304348,0,0,1,1,1082,,,89125,,,0.0,89141,2.735471316505768,2.0538190822882783,0.05028539795284459,0.784120815403924,valley,756.0,198.0,19.0,30.0,562.0,202.0,19.0,26.0,88965,"89100,89104,89105,89106,89107,89108,89109,89110,89111,89112,89113,89114,89115,89116,89117,89118,89119,89120,89121,89122,89123,89124,89125,89126,89127,89128,89129,89130,89131,89132,89133,89134,89135,89136,89137,89138,89139,89140,89141,89142,89143,89144,89148,89149,89150,89151"
1206,89160,89183,"4371,4374,4375",4371,1,0.38461538461538464,0,0,1,1,1083,,,89169,1.9429528065676804,7.751259996852175,0.9358639651978925,,,,,0.0,,,,,,,,,,,"89160,89161,89162,89163,89164,89165,89166,89167,89168,89169,89170,89171,89172,89173,89174,89175,89178,89180,89181,89182,89183,89178,89180,89181,89182,89183"
1207,89189,89199,"4375,4376",4376,0,0.0,0,0,1,1,1084,,,,2.6361184151431205,-0.34390583931324237,0.9061525678865311,89192,2.4503163629322193,3.1295750156576574,0.33917141768391446,0.3257562617117509,valley,734.0,198.0,19.0,26.0,542.0,202.0,16.0,26.0,89015,"89189,89190,89191,89192,89193,89194,89195,89196,89197,89198,89199"
1208,89208,89226,4377,4377,1,1.0,0,0,1,1,1085,,,89218,3.467398394555554,14.227690134123815,0.9255234433215043,,,,,0.0,,,,,,,,,,,"89208,89209,89210,89211,89212,89213,89214,89215,89216,89217,89218,89219,89220,89221,89222,89223,89224,89225,89226"
1209,89227,89248,"4377,4378,4379,4381,4380",4378,1,0.5555555555555556,0,0,1,1,1086,,,89233,,,0.0,89248,-0.6694023708567007,-0.5499014073468178,0.4979842364149496,0.5,ground_hit_fallback,587.0,142.0,25.0,26.0,354.0,157.0,22.0,30.0,89071,"89227,89228,89230,89231,89232,89233,89234,89235,89236,89237,89238,89239,89240,89241,89242,89243,89244,89245,89248"
1210,89258,89271,"4383,4382,4384",4383,0,0.0,0,0,1,1,1087,,,,,,0.0,89266,-0.8759108019948396,-0.6956153252467185,0.012126715494187756,0.5700349929128921,valley,582.0,168.0,25.0,22.0,351.0,183.0,25.0,30.0,89089,"89258,89259,89260,89261,89262,89263,89264,89265,89266,89267,89268,89271"
1211,89344,89352,"4385,4386",4385,0,0.0,0,0,1,1,1088,,,,2.760485704543265,2.384734881934814,0.9509372045291355,,,,,0.0,,,,,,,,,,,"89344,89345,89346,89347,89348,89349,89350,89351,89352"
1212,89504,89539,"4390,4391,4392",4391,1,0.7647058823529411,0,0,1,1,1089,,,89517,,,0.0,89528,2.529156327589968,11.215187673241573,0.07478487881981888,0.6959700117361871,valley,638.0,528.0,19.0,22.0,599.0,547.0,22.0,33.0,89351,"89504,89505,89506,89507,89508,89509,89510,89511,89512,89513,89514,89515,89516,89517,89518,89519,89520,89521,89522,89525,89526,89527,89528,89529,89530,89531,89532,89533,89534,89535,89536,89537,89538,89539"
1213,89540,89557,4392,4392,0,0.0,0,0,1,1,1090,,,,2.740815248913128,1.6458021939063912,0.869263527498954,,,,,0.0,,,,,,,,,,,"89540,89541,89542,89543,89544,89545,89546,89549,89550,89551,89552,89553,89554,89555,89556,89557"
1214,89574,89592,"4398,4399,4400",4398,0,0.0,0,0,1,1,1091,,,,2.9314077043301983,2.1459974138543907,0.9531349279232957,89592,2.947564985308991,1.9045559329063408,0.08325108881276577,0.5,ground_hit_fallback,770.0,198.0,16.0,26.0,576.0,202.0,11.0,11.0,89415,"89574,89575,89576,89577,89578,89579,89580,89581,89582,89583,89584,89585,89586,89587,89588,89589,89590,89591,89592"
1215,89607,89671,"4406,4402,4403,4404,4407",4406,0,0.0,1,0,1,1,1092,,,89629,,,0.0,89668,3.061623850665206,4.544690248421524,-0.16781503564325995,0.5128120604582216,valley,767.0,262.0,16.0,18.0,604.0,273.0,5.0,11.0,89491,"89607,89608,89609,89610,89611,89612,89613,89614,89615,89616,89617,89618,89619,89620,89621,89622,89623,89624,89625,89626,89627,89628,89629,89630,89631,89632,89633,89634,89635,89636,89637,89638,89639,89640,89641,89642,89643,89644,89645,89646,89647,89648,89649,89650,89651,89652,89653,89654,89656,89657,89658,89659,89660,89661,89662,89663,89664,89665,89666,89667,89668,89669,89670,89671"
1216,89688,89703,"4410,4409,4411",4410,0,0.0,0,0,1,1,1093,,,,0.593683655480429,3.2175466788712326,0.8797997329749974,89688,2.9718249372134196,4.015907612622165,0.19588534395275303,0.5,ground_hit_fallback,773.0,232.0,2.0,11.0,585.0,228.0,16.0,18.0,89511,"89688,89689,89690,89691,89692,89693,89694,89695,89696,89697,89698,89699,89700,89701,89702,89703"
1217,89872,89895,"4413,4414,4415",4413,1,0.75,0,0,1,1,1094,,,89881,,,0.0,89892,4.313039143914894,11.846846776195349,-0.02683384910765696,0.6955046776189759,valley,922.0,633.0,16.0,26.0,897.0,577.0,19.0,22.0,89715,"89872,89873,89874,89875,89876,89877,89878,89879,89880,89881,89882,89883,89884,89885,89886,89887,89888,89889,89890,89891,89892,89893,89894,89895"
1218,89896,89941,"4415,4416,4417,4419,4418",4416,1,0.9523809523809523,0,0,1,1,1095,,,89920,,,0.0,89941,3.9728424016475463,-0.2528431865717806,0.005737641972725527,0.5,ground_hit_fallback,829.0,172.0,22.0,26.0,624.0,168.0,16.0,26.0,89764,"89896,89897,89901,89902,89903,89904,89905,89906,89908,89909,89910,89911,89912,89913,89914,89915,89916,89917,89918,89919,89920,89921,89922,89923,89924,89925,89926,89927,89928,89929,89930,89931,89932,89933,89934,89935,89936,89937,89938,89939,89940,89941"
1219,89952,89968,"4421,4420",4421,1,0.375,0,0,1,1,1096,,,89966,4.649351783494633,13.259133627436418,0.9188396104880632,,,,,0.0,,,,,,,,,,,"89952,89953,89954,89955,89956,89957,89958,89959,89960,89961,89962,89963,89964,89965,89966,89967,89968"
1220,89975,89996,"4422,4423,4425",4422,1,0.7,0,0,1,1,1097,,,89982,3.5236801684212367,2.3034220532602525,0.9138212996801635,,,,,0.0,,,,,,,,,,,"89975,89976,89977,89978,89979,89980,89981,89982,89983,89984,89985,89988,89989,89990,89991,89992,89993,89994,89995,89996"
1221,89997,90019,"4425,4424,4426,4427,4429,4428",4425,1,0.7,0,0,1,1,1098,,,90004,,,0.0,90016,6.933667004492072,7.620517949704748,-0.08088233249767995,0.7172153214822714,valley,1153.0,356.0,22.0,26.0,970.0,303.0,22.0,26.0,89839,"89997,89998,89999,90000,90001,90002,90003,90004,90005,90006,90007,90009,90011,90012,90013,90014,90015,90016,90017,90018,90019"
1222,90136,90175,"4436,4434,4435,4437",4436,1,0.2631578947368421,0,0,1,1,1099,,,90139,,,0.0,90167,5.226654301507706,2.771676182890616,0.018922797634285615,0.7335567009379644,valley,919.0,213.0,19.0,26.0,725.0,202.0,19.0,22.0,89990,"90136,90137,90138,90139,90140,90141,90142,90143,90144,90145,90146,90147,90148,90149,90150,90151,90152,90153,90154,90155,90156,90157,90158,90159,90160,90161,90162,90163,90165,90166,90167,90168,90169,90170,90171,90172,90173,90174,90175"
1223,90328,90378,"4442,4443",4443,1,0.4,0,0,1,1,1100,,,90335,,,0.0,90366,0.7029186422697498,10.766547326651896,-0.012179083291949055,0.7244381669515207,valley,413.0,487.0,25.0,22.0,326.0,562.0,19.0,22.0,90189,"90328,90329,90330,90331,90332,90333,90334,90335,90336,90337,90338,90339,90340,90341,90342,90343,90344,90345,90346,90347,90348,90349,90350,90351,90352,90353,90354,90355,90356,90357,90359,90360,90361,90362,90363,90364,90365,90366,90367,90368,90369,90370,90371,90372,90373,90374,90375,90376,90377,90378"
