row_index,camera,bounce_frame,clip_name,clip_path,status,decode_s,crop_s,write_s,total_s,updated_at
0,source,151,bounce_151_00000.mp4,/home/jetson/Desktop/cv_output/bounce_clips/source/bounce_151_00000.mp4,ok,4.338405,0.000087,1.434174,5.772700,2026-05-28 21:53:33
0,sink,151,bounce_151_00000.mp4,/home/jetson/Desktop/cv_output/bounce_clips/sink/bounce_151_00000.mp4,ok,1.544353,0.000089,0.492014,2.036492,2026-05-28 21:53:36
0,hq,151,bounce_151_00000.mp4,/home/jetson/Desktop/cv_output/bounce_clips/hq/bounce_151_00000.mp4,ok,3.613711,0.000083,0.450484,4.064304,2026-05-28 21:53:40
1,source,194,bounce_194_00001.mp4,/home/jetson/Desktop/cv_output/bounce_clips/source/bounce_194_00001.mp4,ok,0.356275,0.000089,0.510387,0.866781,2026-05-28 21:53:40
1,sink,194,bounce_194_00001.mp4,/home/jetson/Desktop/cv_output/bounce_clips/sink/bounce_194_00001.mp4,ok,0.506052,0.000090,0.410248,0.916418,2026-05-28 21:53:41
3,source,264,bounce_264_00003.mp4,/home/jetson/Desktop/cv_output/bounce_clips/source/bounce_264_00003.mp4,ok,0.559768,0.000078,0.484754,1.044629,2026-05-28 21:53:42
3,sink,264,bounce_264_00003.mp4,/home/jetson/Desktop/cv_output/bounce_clips/sink/bounce_264_00003.mp4,ok,0.524278,0.000115,0.438360,0.962781,2026-05-28 21:53:43
3,hq,264,bounce_264_00003.mp4,/home/jetson/Desktop/cv_output/bounce_clips/hq/bounce_264_00003.mp4,ok,1.230142,0.000085,0.485018,1.715274,2026-05-28 21:53:45
6,source,339,bounce_339_00006.mp4,/home/jetson/Desktop/cv_output/bounce_clips/source/bounce_339_00006.mp4,ok,1.153903,0.000093,0.586163,1.740189,2026-05-28 21:53:47
6,sink,339,bounce_339_00006.mp4,/home/jetson/Desktop/cv_output/bounce_clips/sink/bounce_339_00006.mp4,ok,1.301765,0.000094,0.406044,1.707931,2026-05-28 21:53:49
7,source,528,bounce_528_00007.mp4,/home/jetson/Desktop/cv_output/bounce_clips/source/bounce_528_00007.mp4,ok,4.356645,0.000082,0.360833,4.717591,2026-05-28 21:53:53
7,sink,528,bounce_528_00007.mp4,/home/jetson/Desktop/cv_output/bounce_clips/sink/bounce_528_00007.mp4,ok,2.512086,0.000087,0.395537,2.907739,2026-05-28 21:53:56
8,source,687,bounce_687_00008.mp4,/home/jetson/Desktop/cv_output/bounce_clips/source/bounce_687_00008.mp4,ok,0.684779,0.000090,0.432624,1.117524,2026-05-28 21:53:57
8,sink,687,bounce_687_00008.mp4,/home/jetson/Desktop/cv_output/bounce_clips/sink/bounce_687_00008.mp4,ok,1.057990,0.000085,0.522696,1.580799,2026-05-28 21:53:59
8,hq,687,bounce_687_00008.mp4,/home/jetson/Desktop/cv_output/bounce_clips/hq/bounce_687_00008.mp4,ok,1.686370,0.000089,0.506431,2.192919,2026-05-28 21:54:01
9,source,730,bounce_730_00009.mp4,/home/jetson/Desktop/cv_output/bounce_clips/source/bounce_730_00009.mp4,ok,0.665319,0.000263,1.309055,1.974665,2026-05-28 21:54:03
9,sink,730,bounce_730_00009.mp4,/home/jetson/Desktop/cv_output/bounce_clips/sink/bounce_730_00009.mp4,ok,0.243546,0.000081,0.393361,0.637016,2026-05-28 21:54:04
9,hq,730,bounce_730_00009.mp4,/home/jetson/Desktop/cv_output/bounce_clips/hq/bounce_730_00009.mp4,ok,0.522660,0.000075,0.479442,1.002203,2026-05-28 21:54:05
10,source,764,bounce_764_00010.mp4,/home/jetson/Desktop/cv_output/bounce_clips/source/bounce_764_00010.mp4,failed,0.288038,0.000000,0.000000,0.288170,2026-05-28 21:54:05
10,sink,764,bounce_764_00010.mp4,/home/jetson/Desktop/cv_output/bounce_clips/sink/bounce_764_00010.mp4,failed,0.287548,0.000000,0.000000,0.287662,2026-05-28 21:54:05
11,source,1043,bounce_1043_00011.mp4,/home/jetson/Desktop/cv_output/bounce_clips/source/bounce_1043_00011.mp4,ok,0.811288,0.000091,0.412223,1.223631,2026-05-28 21:54:07
11,sink,1043,bounce_1043_00011.mp4,/home/jetson/Desktop/cv_output/bounce_clips/sink/bounce_1043_00011.mp4,ok,0.623936,0.000088,0.368237,0.992289,2026-05-28 21:54:08
12,source,1211,bounce_1211_00012.mp4,/home/jetson/Desktop/cv_output/bounce_clips/source/bounce_1211_00012.mp4,ok,0.447950,0.000088,0.346780,0.794846,2026-05-28 21:54:08
12,sink,1211,bounce_1211_00012.mp4,/home/jetson/Desktop/cv_output/bounce_clips/sink/bounce_1211_00012.mp4,ok,0.699922,0.000095,0.868325,1.568373,2026-05-28 21:54:10
12,hq,1211,bounce_1211_00012.mp4,/home/jetson/Desktop/cv_output/bounce_clips/hq/bounce_1211_00012.mp4,ok,3.524865,0.000088,0.569119,4.094102,2026-05-28 21:54:14
13,source,1263,bounce_1263_00013.mp4,/home/jetson/Desktop/cv_output/bounce_clips/source/bounce_1263_00013.mp4,ok,0.484009,0.000086,0.347513,0.831638,2026-05-28 21:54:15
13,sink,1263,bounce_1263_00013.mp4,/home/jetson/Desktop/cv_output/bounce_clips/sink/bounce_1263_00013.mp4,ok,0.777501,0.000089,0.456116,1.233736,2026-05-28 21:54:16
13,hq,1263,bounce_1263_00013.mp4,/home/jetson/Desktop/cv_output/bounce_clips/hq/bounce_1263_00013.mp4,ok,1.562060,0.000083,0.567997,2.130167,2026-05-28 21:54:18
15,source,1321,bounce_1321_00015.mp4,/home/jetson/Desktop/cv_output/bounce_clips/source/bounce_1321_00015.mp4,ok,0.366018,0.000118,0.396875,0.763054,2026-05-28 21:54:19
15,sink,1321,bounce_1321_00015.mp4,/home/jetson/Desktop/cv_output/bounce_clips/sink/bounce_1321_00015.mp4,ok,0.491306,0.000084,0.342028,0.833447,2026-05-28 21:54:20
15,hq,1321,bounce_1321_00015.mp4,/home/jetson/Desktop/cv_output/bounce_clips/hq/bounce_1321_00015.mp4,ok,0.515959,0.000085,0.570326,1.086400,2026-05-28 21:54:21
18,source,1482,bounce_1482_00018.mp4,/home/jetson/Desktop/cv_output/bounce_clips/source/bounce_1482_00018.mp4,ok,1.629611,0.000093,0.365456,1.995191,2026-05-28 21:54:23
18,sink,1482,bounce_1482_00018.mp4,/home/jetson/Desktop/cv_output/bounce_clips/sink/bounce_1482_00018.mp4,ok,2.333633,0.000093,0.403069,2.736823,2026-05-28 21:54:26
18,hq,1482,bounce_1482_00018.mp4,/home/jetson/Desktop/cv_output/bounce_clips/hq/bounce_1482_00018.mp4,ok,0.566026,0.000087,0.368210,0.934354,2026-05-28 21:54:27
20,source,1687,bounce_1687_00020.mp4,/home/jetson/Desktop/cv_output/bounce_clips/source/bounce_1687_00020.mp4,ok,0.292613,0.000089,0.482863,0.775594,2026-05-28 21:54:27
20,sink,1687,bounce_1687_00020.mp4,/home/jetson/Desktop/cv_output/bounce_clips/sink/bounce_1687_00020.mp4,ok,0.675334,0.000118,0.483149,1.158635,2026-05-28 21:54:29
20,hq,1687,bounce_1687_00020.mp4,/home/jetson/Desktop/cv_output/bounce_clips/hq/bounce_1687_00020.mp4,ok,2.520801,0.000089,0.758813,3.279808,2026-05-28 21:54:32
21,source,1726,bounce_1726_00021.mp4,/home/jetson/Desktop/cv_output/bounce_clips/source/bounce_1726_00021.mp4,failed,0.451604,0.000000,0.000000,0.451713,2026-05-28 21:54:32
21,sink,1726,bounce_1726_00021.mp4,/home/jetson/Desktop/cv_output/bounce_clips/sink/bounce_1726_00021.mp4,failed,0.387239,0.000000,0.000000,0.387359,2026-05-28 21:54:33
23,source,1793,bounce_1793_00023.mp4,/home/jetson/Desktop/cv_output/bounce_clips/source/bounce_1793_00023.mp4,ok,1.354303,0.000082,1.603965,2.958380,2026-05-28 21:54:36
23,sink,1793,bounce_1793_00023.mp4,/home/jetson/Desktop/cv_output/bounce_clips/sink/bounce_1793_00023.mp4,ok,2.671181,0.000084,0.427197,3.098492,2026-05-28 21:54:39
23,hq,1793,bounce_1793_00023.mp4,/home/jetson/Desktop/cv_output/bounce_clips/hq/bounce_1793_00023.mp4,ok,0.711388,0.000089,0.586175,1.297684,2026-05-28 21:54:40
24,source,1838,bounce_1838_00024.mp4,/home/jetson/Desktop/cv_output/bounce_clips/source/bounce_1838_00024.mp4,ok,0.479844,0.000089,0.822728,1.302691,2026-05-28 21:54:41
24,sink,1838,bounce_1838_00024.mp4,/home/jetson/Desktop/cv_output/bounce_clips/sink/bounce_1838_00024.mp4,ok,0.453458,0.000081,0.393214,0.846780,2026-05-28 21:54:42
24,hq,1838,bounce_1838_00024.mp4,/home/jetson/Desktop/cv_output/bounce_clips/hq/bounce_1838_00024.mp4,ok,3.297240,0.000086,0.616481,3.913836,2026-05-28 21:54:46
25,source,1855,bounce_1855_00025.mp4,/home/jetson/Desktop/cv_output/bounce_clips/source/bounce_1855_00025.mp4,ok,0.580913,0.000084,0.439164,1.020191,2026-05-28 21:54:47
25,sink,1855,bounce_1855_00025.mp4,/home/jetson/Desktop/cv_output/bounce_clips/sink/bounce_1855_00025.mp4,ok,0.511636,0.000086,0.382145,0.893899,2026-05-28 21:54:48
25,hq,1855,bounce_1855_00025.mp4,/home/jetson/Desktop/cv_output/bounce_clips/hq/bounce_1855_00025.mp4,ok,0.191055,0.000091,0.548457,0.739635,2026-05-28 21:54:49
30,source,2101,bounce_2101_00030.mp4,/home/jetson/Desktop/cv_output/bounce_clips/source/bounce_2101_00030.mp4,ok,4.343671,0.000093,0.540865,4.884658,2026-05-28 21:54:54
30,sink,2101,bounce_2101_00030.mp4,/home/jetson/Desktop/cv_output/bounce_clips/sink/bounce_2101_00030.mp4,ok,2.576025,0.000077,0.360680,2.936809,2026-05-28 21:54:57
30,hq,2101,bounce_2101_00030.mp4,/home/jetson/Desktop/cv_output/bounce_clips/hq/bounce_2101_00030.mp4,ok,0.659620,0.000086,0.588417,1.248156,2026-05-28 21:54:58
31,source,2140,bounce_2140_00031.mp4,/home/jetson/Desktop/cv_output/bounce_clips/source/bounce_2140_00031.mp4,ok,0.251343,0.000083,0.488149,0.739606,2026-05-28 21:54:59
31,sink,2140,bounce_2140_00031.mp4,/home/jetson/Desktop/cv_output/bounce_clips/sink/bounce_2140_00031.mp4,ok,0.373827,0.000096,0.898516,1.272469,2026-05-28 21:55:00
31,hq,2140,bounce_2140_00031.mp4,/home/jetson/Desktop/cv_output/bounce_clips/hq/bounce_2140_00031.mp4,ok,0.368586,0.000078,0.445957,0.814647,2026-05-28 21:55:01
33,source,2192,bounce_2192_00033.mp4,/home/jetson/Desktop/cv_output/bounce_clips/source/bounce_2192_00033.mp4,ok,0.415124,0.000086,0.699854,1.115094,2026-05-28 21:55:02
33,sink,2192,bounce_2192_00033.mp4,/home/jetson/Desktop/cv_output/bounce_clips/sink/bounce_2192_00033.mp4,ok,0.384395,0.000099,0.408106,0.792628,2026-05-28 21:55:03
33,hq,2192,bounce_2192_00033.mp4,/home/jetson/Desktop/cv_output/bounce_clips/hq/bounce_2192_00033.mp4,ok,0.509035,0.000085,0.499079,1.008225,2026-05-28 21:55:04
35,source,2247,bounce_2247_00035.mp4,/home/jetson/Desktop/cv_output/bounce_clips/source/bounce_2247_00035.mp4,ok,1.747995,0.000083,0.491085,2.239191,2026-05-28 21:55:06
35,sink,2247,bounce_2247_00035.mp4,/home/jetson/Desktop/cv_output/bounce_clips/sink/bounce_2247_00035.mp4,ok,0.971990,0.000089,0.375587,1.347695,2026-05-28 21:55:07
35,hq,2247,bounce_2247_00035.mp4,/home/jetson/Desktop/cv_output/bounce_clips/hq/bounce_2247_00035.mp4,ok,2.071561,0.000097,0.603790,2.675480,2026-05-28 21:55:10
36,source,2478,bounce_2478_00036.mp4,/home/jetson/Desktop/cv_output/bounce_clips/source/bounce_2478_00036.mp4,ok,0.533559,0.000082,0.458296,0.991967,2026-05-28 21:55:11
36,sink,2478,bounce_2478_00036.mp4,/home/jetson/Desktop/cv_output/bounce_clips/sink/bounce_2478_00036.mp4,ok,0.480194,0.000098,0.451305,0.931630,2026-05-28 21:55:12
36,hq,2478,bounce_2478_00036.mp4,/home/jetson/Desktop/cv_output/bounce_clips/hq/bounce_2478_00036.mp4,ok,1.824176,0.000089,0.687169,2.511465,2026-05-28 21:55:14
39,source,2564,bounce_2564_00039.mp4,/home/jetson/Desktop/cv_output/bounce_clips/source/bounce_2564_00039.mp4,ok,0.785829,0.000088,0.448351,1.234299,2026-05-28 21:55:16
39,sink,2564,bounce_2564_00039.mp4,/home/jetson/Desktop/cv_output/bounce_clips/sink/bounce_2564_00039.mp4,ok,0.776437,0.000090,0.476491,1.253048,2026-05-28 21:55:17
39,hq,2564,bounce_2564_00039.mp4,/home/jetson/Desktop/cv_output/bounce_clips/hq/bounce_2564_00039.mp4,ok,1.878031,0.000144,0.439912,2.318114,2026-05-28 21:55:19
41,source,2595,bounce_2595_00041.mp4,/home/jetson/Desktop/cv_output/bounce_clips/source/bounce_2595_00041.mp4,ok,0.285723,0.000080,0.354076,0.639906,2026-05-28 21:55:20
41,sink,2595,bounce_2595_00041.mp4,/home/jetson/Desktop/cv_output/bounce_clips/sink/bounce_2595_00041.mp4,ok,0.429274,0.000087,0.736147,1.165535,2026-05-28 21:55:21
41,hq,2595,bounce_2595_00041.mp4,/home/jetson/Desktop/cv_output/bounce_clips/hq/bounce_2595_00041.mp4,ok,0.391534,0.000085,0.563455,0.955104,2026-05-28 21:55:22
43,source,2684,bounce_2684_00043.mp4,/home/jetson/Desktop/cv_output/bounce_clips/source/bounce_2684_00043.mp4,failed,0.637755,0.000000,0.000000,0.637902,2026-05-28 21:55:23
43,sink,2684,bounce_2684_00043.mp4,/home/jetson/Desktop/cv_output/bounce_clips/sink/bounce_2684_00043.mp4,failed,0.470393,0.000000,0.000000,0.470501,2026-05-28 21:55:23
45,source,2727,bounce_2727_00045.mp4,/home/jetson/Desktop/cv_output/bounce_clips/source/bounce_2727_00045.mp4,ok,0.889763,0.000091,0.550304,1.440187,2026-05-28 21:55:25
45,sink,2727,bounce_2727_00045.mp4,/home/jetson/Desktop/cv_output/bounce_clips/sink/bounce_2727_00045.mp4,ok,1.106950,0.000093,0.693540,1.800616,2026-05-28 21:55:26
45,hq,2727,bounce_2727_00045.mp4,/home/jetson/Desktop/cv_output/bounce_clips/hq/bounce_2727_00045.mp4,ok,2.170201,0.000125,0.588700,2.759055,2026-05-28 21:55:29
47,source,2846,bounce_2846_00047.mp4,/home/jetson/Desktop/cv_output/bounce_clips/source/bounce_2846_00047.mp4,ok,0.666486,0.000091,0.397520,1.064128,2026-05-28 21:55:30
47,sink,2846,bounce_2846_00047.mp4,/home/jetson/Desktop/cv_output/bounce_clips/sink/bounce_2846_00047.mp4,ok,3.098850,0.000100,0.360811,3.459788,2026-05-28 21:55:34
47,hq,2846,bounce_2846_00047.mp4,/home/jetson/Desktop/cv_output/bounce_clips/hq/bounce_2846_00047.mp4,ok,3.738119,0.000084,0.447209,4.185442,2026-05-28 21:55:38
48,source,2888,bounce_2888_00048.mp4,/home/jetson/Desktop/cv_output/bounce_clips/source/bounce_2888_00048.mp4,ok,0.441548,0.000091,0.589023,1.030695,2026-05-28 21:55:39
48,sink,2888,bounce_2888_00048.mp4,/home/jetson/Desktop/cv_output/bounce_clips/sink/bounce_2888_00048.mp4,ok,0.297624,0.000094,0.498155,0.795902,2026-05-28 21:55:40
48,hq,2888,bounce_2888_00048.mp4,/home/jetson/Desktop/cv_output/bounce_clips/hq/bounce_2888_00048.mp4,ok,0.565025,0.000101,0.488793,1.053949,2026-05-28 21:55:41
56,source,3320,bounce_3320_00056.mp4,/home/jetson/Desktop/cv_output/bounce_clips/source/bounce_3320_00056.mp4,ok,0.341611,0.000086,0.317885,0.659948,2026-05-28 21:55:42
56,sink,3320,bounce_3320_00056.mp4,/home/jetson/Desktop/cv_output/bounce_clips/sink/bounce_3320_00056.mp4,ok,0.331220,0.000081,0.381276,0.712607,2026-05-28 21:55:42
56,hq,3320,bounce_3320_00056.mp4,/home/jetson/Desktop/cv_output/bounce_clips/hq/bounce_3320_00056.mp4,ok,2.711312,0.000094,0.444424,3.155860,2026-05-28 21:55:45
57,source,3353,bounce_3353_00057.mp4,/home/jetson/Desktop/cv_output/bounce_clips/source/bounce_3353_00057.mp4,failed,0.198693,0.000000,0.000000,0.198798,2026-05-28 21:55:46
57,sink,3353,bounce_3353_00057.mp4,/home/jetson/Desktop/cv_output/bounce_clips/sink/bounce_3353_00057.mp4,failed,0.270001,0.000000,0.000000,0.270092,2026-05-28 21:55:46
58,source,3535,bounce_3535_00058.mp4,/home/jetson/Desktop/cv_output/bounce_clips/source/bounce_3535_00058.mp4,ok,1.942345,0.000092,0.509791,2.452258,2026-05-28 21:55:48
58,sink,3535,bounce_3535_00058.mp4,/home/jetson/Desktop/cv_output/bounce_clips/sink/bounce_3535_00058.mp4,ok,1.523824,0.000326,0.506579,2.030757,2026-05-28 21:55:50
59,source,3702,bounce_3702_00059.mp4,/home/jetson/Desktop/cv_output/bounce_clips/source/bounce_3702_00059.mp4,ok,1.858552,0.000089,0.360733,2.219406,2026-05-28 21:55:53
59,sink,3702,bounce_3702_00059.mp4,/home/jetson/Desktop/cv_output/bounce_clips/sink/bounce_3702_00059.mp4,ok,1.466592,0.000089,0.468772,1.935483,2026-05-28 21:55:55
59,hq,3702,bounce_3702_00059.mp4,/home/jetson/Desktop/cv_output/bounce_clips/hq/bounce_3702_00059.mp4,ok,2.605216,0.000092,0.413431,3.018767,2026-05-28 21:55:58
61,source,3756,bounce_3756_00061.mp4,/home/jetson/Desktop/cv_output/bounce_clips/source/bounce_3756_00061.mp4,ok,0.305769,0.000093,0.560812,0.866702,2026-05-28 21:55:58
61,sink,3756,bounce_3756_00061.mp4,/home/jetson/Desktop/cv_output/bounce_clips/sink/bounce_3756_00061.mp4,ok,0.425684,0.000093,0.495850,0.921659,2026-05-28 21:55:59
61,hq,3756,bounce_3756_00061.mp4,/home/jetson/Desktop/cv_output/bounce_clips/hq/bounce_3756_00061.mp4,ok,0.686803,0.000088,0.436752,1.123672,2026-05-28 21:56:01
62,source,3796,bounce_3796_00062.mp4,/home/jetson/Desktop/cv_output/bounce_clips/source/bounce_3796_00062.mp4,ok,0.421478,0.000107,0.412538,0.834157,2026-05-28 21:56:01
62,sink,3796,bounce_3796_00062.mp4,/home/jetson/Desktop/cv_output/bounce_clips/sink/bounce_3796_00062.mp4,ok,0.732777,0.000090,0.585835,1.318729,2026-05-28 21:56:03
62,hq,3796,bounce_3796_00062.mp4,/home/jetson/Desktop/cv_output/bounce_clips/hq/bounce_3796_00062.mp4,ok,1.542792,0.000091,0.321073,1.863986,2026-05-28 21:56:05
63,source,3827,bounce_3827_00063.mp4,/home/jetson/Desktop/cv_output/bounce_clips/source/bounce_3827_00063.mp4,ok,0.183505,0.000089,0.417855,0.601477,2026-05-28 21:56:05
63,sink,3827,bounce_3827_00063.mp4,/home/jetson/Desktop/cv_output/bounce_clips/sink/bounce_3827_00063.mp4,ok,0.294535,0.000085,0.536753,0.831401,2026-05-28 21:56:06
63,hq,3827,bounce_3827_00063.mp4,/home/jetson/Desktop/cv_output/bounce_clips/hq/bounce_3827_00063.mp4,ok,0.686865,0.000076,0.492040,1.179007,2026-05-28 21:56:07
68,source,3945,bounce_3945_00068.mp4,/home/jetson/Desktop/cv_output/bounce_clips/source/bounce_3945_00068.mp4,ok,1.407340,0.000086,0.348740,1.756195,2026-05-28 21:56:09
68,sink,3945,bounce_3945_00068.mp4,/home/jetson/Desktop/cv_output/bounce_clips/sink/bounce_3945_00068.mp4,ok,2.092706,0.000088,0.560291,2.653301,2026-05-28 21:56:12
69,source,4176,bounce_4176_00069.mp4,/home/jetson/Desktop/cv_output/bounce_clips/source/bounce_4176_00069.mp4,ok,0.993737,0.000086,0.474848,1.468701,2026-05-28 21:56:13
69,sink,4176,bounce_4176_00069.mp4,/home/jetson/Desktop/cv_output/bounce_clips/sink/bounce_4176_00069.mp4,ok,1.159683,0.000086,0.476538,1.636335,2026-05-28 21:56:15
69,hq,4176,bounce_4176_00069.mp4,/home/jetson/Desktop/cv_output/bounce_clips/hq/bounce_4176_00069.mp4,ok,2.342691,0.000085,0.366368,2.709170,2026-05-28 21:56:17
71,source,4310,bounce_4310_00071.mp4,/home/jetson/Desktop/cv_output/bounce_clips/source/bounce_4310_00071.mp4,failed,2.222651,0.000000,0.000000,2.222757,2026-05-28 21:56:20
71,sink,4310,bounce_4310_00071.mp4,/home/jetson/Desktop/cv_output/bounce_clips/sink/bounce_4310_00071.mp4,failed,1.426028,0.000000,0.000000,1.426129,2026-05-28 21:56:21
72,source,4480,bounce_4480_00072.mp4,/home/jetson/Desktop/cv_output/bounce_clips/source/bounce_4480_00072.mp4,ok,0.901487,0.000100,0.593490,1.495111,2026-05-28 21:56:23
72,sink,4480,bounce_4480_00072.mp4,/home/jetson/Desktop/cv_output/bounce_clips/sink/bounce_4480_00072.mp4,ok,1.699371,0.000092,0.466067,2.165559,2026-05-28 21:56:25
72,hq,4480,bounce_4480_00072.mp4,/home/jetson/Desktop/cv_output/bounce_clips/hq/bounce_4480_00072.mp4,ok,1.774333,0.000088,0.463194,2.237644,2026-05-28 21:56:27
73,source,4511,bounce_4511_00073.mp4,/home/jetson/Desktop/cv_output/bounce_clips/source/bounce_4511_00073.mp4,failed,0.971606,0.000000,0.000000,0.971738,2026-05-28 21:56:28
73,sink,4511,bounce_4511_00073.mp4,/home/jetson/Desktop/cv_output/bounce_clips/sink/bounce_4511_00073.mp4,failed,0.442719,0.000000,0.000000,0.442810,2026-05-28 21:56:28
74,source,4554,bounce_4554_00074.mp4,/home/jetson/Desktop/cv_output/bounce_clips/source/bounce_4554_00074.mp4,ok,0.370830,0.000092,0.448948,0.819902,2026-05-28 21:56:29
74,sink,4554,bounce_4554_00074.mp4,/home/jetson/Desktop/cv_output/bounce_clips/sink/bounce_4554_00074.mp4,ok,0.260200,0.000085,0.356547,0.616859,2026-05-28 21:56:30
74,hq,4554,bounce_4554_00074.mp4,/home/jetson/Desktop/cv_output/bounce_clips/hq/bounce_4554_00074.mp4,ok,0.585279,0.000084,0.367429,0.952819,2026-05-28 21:56:31
81,source,4973,bounce_4973_00081.mp4,/home/jetson/Desktop/cv_output/bounce_clips/source/bounce_4973_00081.mp4,ok,1.852060,0.000095,0.500912,2.353098,2026-05-28 21:56:33
81,sink,4973,bounce_4973_00081.mp4,/home/jetson/Desktop/cv_output/bounce_clips/sink/bounce_4973_00081.mp4,ok,1.347126,0.000087,0.398129,1.745369,2026-05-28 21:56:35
81,hq,4973,bounce_4973_00081.mp4,/home/jetson/Desktop/cv_output/bounce_clips/hq/bounce_4973_00081.mp4,ok,0.860895,0.000086,0.480670,1.341678,2026-05-28 21:56:36
82,source,5019,bounce_5019_00082.mp4,/home/jetson/Desktop/cv_output/bounce_clips/source/bounce_5019_00082.mp4,ok,1.509000,0.000091,0.411076,1.920196,2026-05-28 21:56:38
82,sink,5019,bounce_5019_00082.mp4,/home/jetson/Desktop/cv_output/bounce_clips/sink/bounce_5019_00082.mp4,ok,1.118711,0.000087,0.674983,1.793809,2026-05-28 21:56:40
82,hq,5019,bounce_5019_00082.mp4,/home/jetson/Desktop/cv_output/bounce_clips/hq/bounce_5019_00082.mp4,ok,0.624763,0.000086,0.471634,1.096513,2026-05-28 21:56:41
85,source,5062,bounce_5062_00085.mp4,/home/jetson/Desktop/cv_output/bounce_clips/source/bounce_5062_00085.mp4,ok,0.251470,0.000084,0.382370,0.633951,2026-05-28 21:56:42
85,sink,5062,bounce_5062_00085.mp4,/home/jetson/Desktop/cv_output/bounce_clips/sink/bounce_5062_00085.mp4,ok,0.316988,0.000072,0.316621,0.633708,2026-05-28 21:56:42
85,hq,5062,bounce_5062_00085.mp4,/home/jetson/Desktop/cv_output/bounce_clips/hq/bounce_5062_00085.mp4,ok,0.492676,0.000090,1.746143,2.238939,2026-05-28 21:56:45
87,source,5167,bounce_5167_00087.mp4,/home/jetson/Desktop/cv_output/bounce_clips/source/bounce_5167_00087.mp4,ok,0.438345,0.000088,0.308027,0.746490,2026-05-28 21:56:45
87,sink,5167,bounce_5167_00087.mp4,/home/jetson/Desktop/cv_output/bounce_clips/sink/bounce_5167_00087.mp4,ok,0.324867,0.000086,0.348589,0.673572,2026-05-28 21:56:46
87,hq,5167,bounce_5167_00087.mp4,/home/jetson/Desktop/cv_output/bounce_clips/hq/bounce_5167_00087.mp4,ok,1.308206,0.000085,0.488303,1.796625,2026-05-28 21:56:48
93,source,5677,bounce_5677_00093.mp4,/home/jetson/Desktop/cv_output/bounce_clips/source/bounce_5677_00093.mp4,ok,1.681033,0.000093,0.334542,2.015697,2026-05-28 21:56:50
93,sink,5677,bounce_5677_00093.mp4,/home/jetson/Desktop/cv_output/bounce_clips/sink/bounce_5677_00093.mp4,ok,1.179277,0.000086,0.672107,1.851498,2026-05-28 21:56:52
96,source,6540,bounce_6540_00096.mp4,/home/jetson/Desktop/cv_output/bounce_clips/source/bounce_6540_00096.mp4,ok,2.606131,0.000084,0.562733,3.168977,2026-05-28 21:56:55
96,sink,6540,bounce_6540_00096.mp4,/home/jetson/Desktop/cv_output/bounce_clips/sink/bounce_6540_00096.mp4,ok,2.292051,0.000084,0.357399,2.649561,2026-05-28 21:56:58
96,hq,6540,bounce_6540_00096.mp4,/home/jetson/Desktop/cv_output/bounce_clips/hq/bounce_6540_00096.mp4,ok,0.454802,0.000083,0.511013,0.965924,2026-05-28 21:56:59
98,source,6972,bounce_6972_00098.mp4,/home/jetson/Desktop/cv_output/bounce_clips/source/bounce_6972_00098.mp4,ok,0.773476,0.000090,0.495395,1.268993,2026-05-28 21:57:00
98,sink,6972,bounce_6972_00098.mp4,/home/jetson/Desktop/cv_output/bounce_clips/sink/bounce_6972_00098.mp4,ok,0.598272,0.000083,0.495626,1.094009,2026-05-28 21:57:01
98,hq,6972,bounce_6972_00098.mp4,/home/jetson/Desktop/cv_output/bounce_clips/hq/bounce_6972_00098.mp4,ok,0.997501,0.000078,0.416881,1.414487,2026-05-28 21:57:02
99,source,7027,bounce_7027_00099.mp4,/home/jetson/Desktop/cv_output/bounce_clips/source/bounce_7027_00099.mp4,ok,0.517366,0.000088,0.487498,1.004981,2026-05-28 21:57:03
99,sink,7027,bounce_7027_00099.mp4,/home/jetson/Desktop/cv_output/bounce_clips/sink/bounce_7027_00099.mp4,ok,0.374318,0.000099,0.560536,0.934980,2026-05-28 21:57:04
99,hq,7027,bounce_7027_00099.mp4,/home/jetson/Desktop/cv_output/bounce_clips/hq/bounce_7027_00099.mp4,ok,0.903694,0.000081,0.355217,1.259018,2026-05-28 21:57:06
102,source,7124,bounce_7124_00102.mp4,/home/jetson/Desktop/cv_output/bounce_clips/source/bounce_7124_00102.mp4,ok,0.850533,0.000091,0.607549,1.458206,2026-05-28 21:57:07
102,sink,7124,bounce_7124_00102.mp4,/home/jetson/Desktop/cv_output/bounce_clips/sink/bounce_7124_00102.mp4,ok,0.617604,0.000095,0.457420,1.075150,2026-05-28 21:57:08
102,hq,7124,bounce_7124_00102.mp4,/home/jetson/Desktop/cv_output/bounce_clips/hq/bounce_7124_00102.mp4,ok,1.487223,0.000083,1.129275,2.616610,2026-05-28 21:57:11
106,source,7956,bounce_7956_00106.mp4,/home/jetson/Desktop/cv_output/bounce_clips/source/bounce_7956_00106.mp4,ok,1.167657,0.000071,0.455458,1.623212,2026-05-28 21:57:12
106,sink,7956,bounce_7956_00106.mp4,/home/jetson/Desktop/cv_output/bounce_clips/sink/bounce_7956_00106.mp4,ok,1.282257,0.000080,0.600996,1.883360,2026-05-28 21:57:14
106,hq,7956,bounce_7956_00106.mp4,/home/jetson/Desktop/cv_output/bounce_clips/hq/bounce_7956_00106.mp4,ok,2.851329,0.000090,1.591627,4.443075,2026-05-28 21:57:19
107,source,8179,bounce_8179_00107.mp4,/home/jetson/Desktop/cv_output/bounce_clips/source/bounce_8179_00107.mp4,ok,0.544036,0.000087,0.467889,1.012046,2026-05-28 21:57:20
107,sink,8179,bounce_8179_00107.mp4,/home/jetson/Desktop/cv_output/bounce_clips/sink/bounce_8179_00107.mp4,ok,0.432111,0.000092,0.420878,0.853112,2026-05-28 21:57:21
107,hq,8179,bounce_8179_00107.mp4,/home/jetson/Desktop/cv_output/bounce_clips/hq/bounce_8179_00107.mp4,ok,1.129207,0.000088,0.719153,1.848477,2026-05-28 21:57:22
109,source,8227,bounce_8227_00109.mp4,/home/jetson/Desktop/cv_output/bounce_clips/source/bounce_8227_00109.mp4,ok,0.564404,0.000086,0.569730,1.134254,2026-05-28 21:57:24
109,sink,8227,bounce_8227_00109.mp4,/home/jetson/Desktop/cv_output/bounce_clips/sink/bounce_8227_00109.mp4,ok,0.445740,0.000099,1.347700,1.793571,2026-05-28 21:57:25
109,hq,8227,bounce_8227_00109.mp4,/home/jetson/Desktop/cv_output/bounce_clips/hq/bounce_8227_00109.mp4,ok,0.716797,0.000085,0.539283,1.256194,2026-05-28 21:57:27
110,source,8607,bounce_8607_00110.mp4,/home/jetson/Desktop/cv_output/bounce_clips/source/bounce_8607_00110.mp4,ok,0.986195,0.000080,0.379905,1.366208,2026-05-28 21:57:28
110,sink,8607,bounce_8607_00110.mp4,/home/jetson/Desktop/cv_output/bounce_clips/sink/bounce_8607_00110.mp4,ok,1.053598,0.000091,1.877374,2.931092,2026-05-28 21:57:31
110,hq,8607,bounce_8607_00110.mp4,/home/jetson/Desktop/cv_output/bounce_clips/hq/bounce_8607_00110.mp4,ok,1.127497,0.000083,0.347417,1.475025,2026-05-28 21:57:32
111,source,8649,bounce_8649_00111.mp4,/home/jetson/Desktop/cv_output/bounce_clips/source/bounce_8649_00111.mp4,ok,0.323479,0.000077,0.382433,0.706014,2026-05-28 21:57:33
111,sink,8649,bounce_8649_00111.mp4,/home/jetson/Desktop/cv_output/bounce_clips/sink/bounce_8649_00111.mp4,ok,0.366896,0.000087,0.501408,0.868418,2026-05-28 21:57:34
111,hq,8649,bounce_8649_00111.mp4,/home/jetson/Desktop/cv_output/bounce_clips/hq/bounce_8649_00111.mp4,ok,0.539231,0.000101,0.458271,0.997634,2026-05-28 21:57:35
114,source,8729,bounce_8729_00114.mp4,/home/jetson/Desktop/cv_output/bounce_clips/source/bounce_8729_00114.mp4,failed,0.774488,0.000000,0.000000,0.774589,2026-05-28 21:57:36
114,sink,8729,bounce_8729_00114.mp4,/home/jetson/Desktop/cv_output/bounce_clips/sink/bounce_8729_00114.mp4,failed,0.617144,0.000000,0.000000,0.617229,2026-05-28 21:57:36
119,source,8839,bounce_8839_00119.mp4,/home/jetson/Desktop/cv_output/bounce_clips/source/bounce_8839_00119.mp4,ok,0.816887,0.000092,0.617795,1.434805,2026-05-28 21:57:38
119,sink,8839,bounce_8839_00119.mp4,/home/jetson/Desktop/cv_output/bounce_clips/sink/bounce_8839_00119.mp4,ok,0.488211,0.000091,0.479662,0.967995,2026-05-28 21:57:39
119,hq,8839,bounce_8839_00119.mp4,/home/jetson/Desktop/cv_output/bounce_clips/hq/bounce_8839_00119.mp4,ok,3.044306,0.000083,0.598502,3.642916,2026-05-28 21:57:43
122,source,9011,bounce_9011_00122.mp4,/home/jetson/Desktop/cv_output/bounce_clips/source/bounce_9011_00122.mp4,ok,0.696275,0.000082,0.572263,1.268647,2026-05-28 21:57:44
122,sink,9011,bounce_9011_00122.mp4,/home/jetson/Desktop/cv_output/bounce_clips/sink/bounce_9011_00122.mp4,ok,0.464457,0.000085,0.548356,1.012927,2026-05-28 21:57:45
122,hq,9011,bounce_9011_00122.mp4,/home/jetson/Desktop/cv_output/bounce_clips/hq/bounce_9011_00122.mp4,ok,1.339526,0.000085,0.637490,1.977131,2026-05-28 21:57:47
123,source,9154,bounce_9154_00123.mp4,/home/jetson/Desktop/cv_output/bounce_clips/source/bounce_9154_00123.mp4,ok,1.281061,0.000094,0.595222,1.876409,2026-05-28 21:57:49
123,sink,9154,bounce_9154_00123.mp4,/home/jetson/Desktop/cv_output/bounce_clips/sink/bounce_9154_00123.mp4,ok,1.251901,0.000138,0.425428,1.677500,2026-05-28 21:57:50
123,hq,9154,bounce_9154_00123.mp4,/home/jetson/Desktop/cv_output/bounce_clips/hq/bounce_9154_00123.mp4,ok,2.380170,0.000090,0.439274,2.819566,2026-05-28 21:57:53
125,source,9200,bounce_9200_00125.mp4,/home/jetson/Desktop/cv_output/bounce_clips/source/bounce_9200_00125.mp4,ok,0.394998,0.000092,0.442846,0.837967,2026-05-28 21:57:54
125,sink,9200,bounce_9200_00125.mp4,/home/jetson/Desktop/cv_output/bounce_clips/sink/bounce_9200_00125.mp4,ok,0.427788,0.000083,0.431312,0.859209,2026-05-28 21:57:55
125,hq,9200,bounce_9200_00125.mp4,/home/jetson/Desktop/cv_output/bounce_clips/hq/bounce_9200_00125.mp4,ok,2.316056,0.000090,0.514885,2.831062,2026-05-28 21:57:58
127,source,9246,bounce_9246_00127.mp4,/home/jetson/Desktop/cv_output/bounce_clips/source/bounce_9246_00127.mp4,ok,0.303061,0.000090,0.449047,0.752229,2026-05-28 21:57:58
127,sink,9246,bounce_9246_00127.mp4,/home/jetson/Desktop/cv_output/bounce_clips/sink/bounce_9246_00127.mp4,ok,0.443009,0.000083,0.465001,0.908122,2026-05-28 21:57:59
127,hq,9246,bounce_9246_00127.mp4,/home/jetson/Desktop/cv_output/bounce_clips/hq/bounce_9246_00127.mp4,ok,0.397260,0.000094,0.593145,0.990530,2026-05-28 21:58:00
131,source,9652,bounce_9652_00131.mp4,/home/jetson/Desktop/cv_output/bounce_clips/source/bounce_9652_00131.mp4,ok,1.820571,0.000087,0.411195,2.231908,2026-05-28 21:58:03
131,sink,9652,bounce_9652_00131.mp4,/home/jetson/Desktop/cv_output/bounce_clips/sink/bounce_9652_00131.mp4,ok,1.479622,0.000092,0.498096,1.977841,2026-05-28 21:58:05
131,hq,9652,bounce_9652_00131.mp4,/home/jetson/Desktop/cv_output/bounce_clips/hq/bounce_9652_00131.mp4,ok,4.659035,0.000087,0.451947,5.111097,2026-05-28 21:58:10
132,source,9692,bounce_9692_00132.mp4,/home/jetson/Desktop/cv_output/bounce_clips/source/bounce_9692_00132.mp4,failed,1.963886,0.000000,0.000000,1.964314,2026-05-28 21:58:12
132,sink,9692,bounce_9692_00132.mp4,/home/jetson/Desktop/cv_output/bounce_clips/sink/bounce_9692_00132.mp4,failed,1.652788,0.000000,0.000000,1.652888,2026-05-28 21:58:13
134,source,9735,bounce_9735_00134.mp4,/home/jetson/Desktop/cv_output/bounce_clips/source/bounce_9735_00134.mp4,ok,0.403951,0.000084,0.489350,0.893415,2026-05-28 21:58:14
134,sink,9735,bounce_9735_00134.mp4,/home/jetson/Desktop/cv_output/bounce_clips/sink/bounce_9735_00134.mp4,ok,0.390466,0.000085,1.116596,1.507176,2026-05-28 21:58:16
134,hq,9735,bounce_9735_00134.mp4,/home/jetson/Desktop/cv_output/bounce_clips/hq/bounce_9735_00134.mp4,ok,1.150105,0.000092,0.482510,1.632740,2026-05-28 21:58:17
135,source,9760,bounce_9760_00135.mp4,/home/jetson/Desktop/cv_output/bounce_clips/source/bounce_9760_00135.mp4,ok,0.246485,0.000090,0.559502,0.806108,2026-05-28 21:58:18
135,sink,9760,bounce_9760_00135.mp4,/home/jetson/Desktop/cv_output/bounce_clips/sink/bounce_9760_00135.mp4,ok,0.273350,0.000087,0.449811,0.723280,2026-05-28 21:58:19
138,source,9869,bounce_9869_00138.mp4,/home/jetson/Desktop/cv_output/bounce_clips/source/bounce_9869_00138.mp4,ok,0.949120,0.000092,0.483325,1.432565,2026-05-28 21:58:20
138,sink,9869,bounce_9869_00138.mp4,/home/jetson/Desktop/cv_output/bounce_clips/sink/bounce_9869_00138.mp4,ok,0.984785,0.000122,0.437785,1.422722,2026-05-28 21:58:22
138,hq,9869,bounce_9869_00138.mp4,/home/jetson/Desktop/cv_output/bounce_clips/hq/bounce_9869_00138.mp4,ok,1.813658,0.000090,0.764763,2.578542,2026-05-28 21:58:24
140,source,9925,bounce_9925_00140.mp4,/home/jetson/Desktop/cv_output/bounce_clips/source/bounce_9925_00140.mp4,ok,1.204296,0.000090,0.378275,1.582691,2026-05-28 21:58:26
140,sink,9925,bounce_9925_00140.mp4,/home/jetson/Desktop/cv_output/bounce_clips/sink/bounce_9925_00140.mp4,ok,0.953732,0.000091,0.670091,1.623943,2026-05-28 21:58:28
140,hq,9925,bounce_9925_00140.mp4,/home/jetson/Desktop/cv_output/bounce_clips/hq/bounce_9925_00140.mp4,ok,2.331778,0.000088,0.394881,2.726774,2026-05-28 21:58:30
141,source,10091,bounce_10091_00141.mp4,/home/jetson/Desktop/cv_output/bounce_clips/source/bounce_10091_00141.mp4,ok,0.464080,0.000087,0.597525,1.061725,2026-05-28 21:58:31
141,sink,10091,bounce_10091_00141.mp4,/home/jetson/Desktop/cv_output/bounce_clips/sink/bounce_10091_00141.mp4,ok,0.588761,0.000091,0.557409,1.146290,2026-05-28 21:58:33
141,hq,10091,bounce_10091_00141.mp4,/home/jetson/Desktop/cv_output/bounce_clips/hq/bounce_10091_00141.mp4,ok,1.995352,0.000095,0.741933,2.737411,2026-05-28 21:58:35
143,source,10215,bounce_10215_00143.mp4,/home/jetson/Desktop/cv_output/bounce_clips/source/bounce_10215_00143.mp4,ok,0.579920,0.000088,0.556645,1.136681,2026-05-28 21:58:37
143,sink,10215,bounce_10215_00143.mp4,/home/jetson/Desktop/cv_output/bounce_clips/sink/bounce_10215_00143.mp4,ok,0.451035,0.000085,0.382322,0.833470,2026-05-28 21:58:37
143,hq,10215,bounce_10215_00143.mp4,/home/jetson/Desktop/cv_output/bounce_clips/hq/bounce_10215_00143.mp4,ok,0.864936,0.000085,0.444060,1.309109,2026-05-28 21:58:39
147,source,10984,bounce_10984_00147.mp4,/home/jetson/Desktop/cv_output/bounce_clips/source/bounce_10984_00147.mp4,ok,3.325992,0.000079,0.459809,3.785907,2026-05-28 21:58:42
147,sink,10984,bounce_10984_00147.mp4,/home/jetson/Desktop/cv_output/bounce_clips/sink/bounce_10984_00147.mp4,ok,2.190035,0.000098,0.368623,2.558786,2026-05-28 21:58:45
147,hq,10984,bounce_10984_00147.mp4,/home/jetson/Desktop/cv_output/bounce_clips/hq/bounce_10984_00147.mp4,ok,0.607443,0.000084,0.318753,0.926314,2026-05-28 21:58:46
148,source,11139,bounce_11139_00148.mp4,/home/jetson/Desktop/cv_output/bounce_clips/source/bounce_11139_00148.mp4,ok,1.347409,0.000083,0.438156,1.785678,2026-05-28 21:58:48
148,sink,11139,bounce_11139_00148.mp4,/home/jetson/Desktop/cv_output/bounce_clips/sink/bounce_11139_00148.mp4,ok,1.433885,0.000089,0.444609,1.878613,2026-05-28 21:58:50
148,hq,11139,bounce_11139_00148.mp4,/home/jetson/Desktop/cv_output/bounce_clips/hq/bounce_11139_00148.mp4,ok,2.728229,0.000087,0.446766,3.175111,2026-05-28 21:58:53
149,source,11174,bounce_11174_00149.mp4,/home/jetson/Desktop/cv_output/bounce_clips/source/bounce_11174_00149.mp4,ok,0.326609,0.000092,0.434484,0.761216,2026-05-28 21:58:54
149,sink,11174,bounce_11174_00149.mp4,/home/jetson/Desktop/cv_output/bounce_clips/sink/bounce_11174_00149.mp4,ok,0.354975,0.000087,0.506000,0.861093,2026-05-28 21:58:54
149,hq,11174,bounce_11174_00149.mp4,/home/jetson/Desktop/cv_output/bounce_clips/hq/bounce_11174_00149.mp4,ok,0.532810,0.000090,0.522341,1.055272,2026-05-28 21:58:56
150,source,11229,bounce_11229_00150.mp4,/home/jetson/Desktop/cv_output/bounce_clips/source/bounce_11229_00150.mp4,failed,0.339112,0.000000,0.000000,0.339232,2026-05-28 21:58:56
150,sink,11229,bounce_11229_00150.mp4,/home/jetson/Desktop/cv_output/bounce_clips/sink/bounce_11229_00150.mp4,failed,0.484787,0.000000,0.000000,0.484944,2026-05-28 21:58:56
152,source,11427,bounce_11427_00152.mp4,/home/jetson/Desktop/cv_output/bounce_clips/source/bounce_11427_00152.mp4,ok,0.745155,0.000084,0.490182,1.235452,2026-05-28 21:58:58
152,sink,11427,bounce_11427_00152.mp4,/home/jetson/Desktop/cv_output/bounce_clips/sink/bounce_11427_00152.mp4,ok,2.203751,0.000079,0.372556,2.576416,2026-05-28 21:59:00
152,hq,11427,bounce_11427_00152.mp4,/home/jetson/Desktop/cv_output/bounce_clips/hq/bounce_11427_00152.mp4,ok,1.589927,0.000087,0.503803,2.093844,2026-05-28 21:59:02
153,source,11562,bounce_11562_00153.mp4,/home/jetson/Desktop/cv_output/bounce_clips/source/bounce_11562_00153.mp4,ok,1.827344,0.000082,0.316743,2.144198,2026-05-28 21:59:04
153,sink,11562,bounce_11562_00153.mp4,/home/jetson/Desktop/cv_output/bounce_clips/sink/bounce_11562_00153.mp4,ok,2.094687,0.000092,0.385616,2.480424,2026-05-28 21:59:07
153,hq,11562,bounce_11562_00153.mp4,/home/jetson/Desktop/cv_output/bounce_clips/hq/bounce_11562_00153.mp4,ok,1.960274,0.000077,0.446768,2.407313,2026-05-28 21:59:09
154,source,11621,bounce_11621_00154.mp4,/home/jetson/Desktop/cv_output/bounce_clips/source/bounce_11621_00154.mp4,ok,1.575107,0.000105,0.527133,2.102373,2026-05-28 21:59:11
154,sink,11621,bounce_11621_00154.mp4,/home/jetson/Desktop/cv_output/bounce_clips/sink/bounce_11621_00154.mp4,ok,1.290838,0.000087,0.469798,1.760756,2026-05-28 21:59:13
154,hq,11621,bounce_11621_00154.mp4,/home/jetson/Desktop/cv_output/bounce_clips/hq/bounce_11621_00154.mp4,ok,2.802597,0.000088,0.387495,3.190212,2026-05-28 21:59:16
157,source,11824,bounce_11824_00157.mp4,/home/jetson/Desktop/cv_output/bounce_clips/source/bounce_11824_00157.mp4,ok,2.532162,0.000155,0.495307,3.027652,2026-05-28 21:59:19
157,sink,11824,bounce_11824_00157.mp4,/home/jetson/Desktop/cv_output/bounce_clips/sink/bounce_11824_00157.mp4,ok,0.719139,0.000083,0.362613,1.081861,2026-05-28 21:59:21
157,hq,11824,bounce_11824_00157.mp4,/home/jetson/Desktop/cv_output/bounce_clips/hq/bounce_11824_00157.mp4,ok,2.360981,0.000094,0.471814,2.832921,2026-05-28 21:59:23
158,source,11863,bounce_11863_00158.mp4,/home/jetson/Desktop/cv_output/bounce_clips/source/bounce_11863_00158.mp4,ok,0.298039,0.000090,0.465628,0.763789,2026-05-28 21:59:24
158,sink,11863,bounce_11863_00158.mp4,/home/jetson/Desktop/cv_output/bounce_clips/sink/bounce_11863_00158.mp4,ok,0.204404,0.000085,0.318982,0.523498,2026-05-28 21:59:25
158,hq,11863,bounce_11863_00158.mp4,/home/jetson/Desktop/cv_output/bounce_clips/hq/bounce_11863_00158.mp4,ok,0.283395,0.000080,0.526130,0.809632,2026-05-28 21:59:25
160,source,11927,bounce_11927_00160.mp4,/home/jetson/Desktop/cv_output/bounce_clips/source/bounce_11927_00160.mp4,ok,0.473196,0.000091,0.720322,1.193641,2026-05-28 21:59:27
160,sink,11927,bounce_11927_00160.mp4,/home/jetson/Desktop/cv_output/bounce_clips/sink/bounce_11927_00160.mp4,ok,0.508162,0.000090,0.428659,0.936940,2026-05-28 21:59:28
160,hq,11927,bounce_11927_00160.mp4,/home/jetson/Desktop/cv_output/bounce_clips/hq/bounce_11927_00160.mp4,ok,2.260547,0.000090,0.522620,2.783285,2026-05-28 21:59:30
163,source,11993,bounce_11993_00163.mp4,/home/jetson/Desktop/cv_output/bounce_clips/source/bounce_11993_00163.mp4,failed,1.469300,0.000000,0.000000,1.469409,2026-05-28 21:59:32
163,sink,11993,bounce_11993_00163.mp4,/home/jetson/Desktop/cv_output/bounce_clips/sink/bounce_11993_00163.mp4,failed,0.462655,0.000000,0.000000,0.462742,2026-05-28 21:59:32
166,source,12160,bounce_12160_00166.mp4,/home/jetson/Desktop/cv_output/bounce_clips/source/bounce_12160_00166.mp4,ok,1.267890,0.000093,0.511135,1.779148,2026-05-28 21:59:34
166,sink,12160,bounce_12160_00166.mp4,/home/jetson/Desktop/cv_output/bounce_clips/sink/bounce_12160_00166.mp4,ok,2.073085,0.000080,0.474326,2.547517,2026-05-28 21:59:37
166,hq,12160,bounce_12160_00166.mp4,/home/jetson/Desktop/cv_output/bounce_clips/hq/bounce_12160_00166.mp4,ok,0.627111,0.000094,0.588279,1.215517,2026-05-28 21:59:38
167,source,12264,bounce_12264_00167.mp4,/home/jetson/Desktop/cv_output/bounce_clips/source/bounce_12264_00167.mp4,ok,1.398393,0.000092,0.453234,1.851747,2026-05-28 21:59:40
167,sink,12264,bounce_12264_00167.mp4,/home/jetson/Desktop/cv_output/bounce_clips/sink/bounce_12264_00167.mp4,ok,0.613449,0.000087,0.332651,0.946215,2026-05-28 21:59:41
167,hq,12264,bounce_12264_00167.mp4,/home/jetson/Desktop/cv_output/bounce_clips/hq/bounce_12264_00167.mp4,ok,1.588798,0.000087,0.531831,2.120744,2026-05-28 21:59:43
168,source,12415,bounce_12415_00168.mp4,/home/jetson/Desktop/cv_output/bounce_clips/source/bounce_12415_00168.mp4,ok,1.829992,0.000088,0.316115,2.146224,2026-05-28 21:59:45
168,sink,12415,bounce_12415_00168.mp4,/home/jetson/Desktop/cv_output/bounce_clips/sink/bounce_12415_00168.mp4,ok,0.340541,0.000092,0.418488,0.759151,2026-05-28 21:59:46
168,hq,12415,bounce_12415_00168.mp4,/home/jetson/Desktop/cv_output/bounce_clips/hq/bounce_12415_00168.mp4,ok,1.178623,0.000087,0.583163,1.761902,2026-05-28 21:59:48
169,source,12549,bounce_12549_00169.mp4,/home/jetson/Desktop/cv_output/bounce_clips/source/bounce_12549_00169.mp4,ok,0.717935,0.000089,0.390543,1.108598,2026-05-28 21:59:49
169,sink,12549,bounce_12549_00169.mp4,/home/jetson/Desktop/cv_output/bounce_clips/sink/bounce_12549_00169.mp4,ok,1.353207,0.000090,0.389472,1.742795,2026-05-28 21:59:50
169,hq,12549,bounce_12549_00169.mp4,/home/jetson/Desktop/cv_output/bounce_clips/hq/bounce_12549_00169.mp4,ok,3.078020,0.000077,0.588363,3.666488,2026-05-28 21:59:54
170,source,12592,bounce_12592_00170.mp4,/home/jetson/Desktop/cv_output/bounce_clips/source/bounce_12592_00170.mp4,ok,0.482967,0.000088,0.467108,0.950190,2026-05-28 21:59:55
170,sink,12592,bounce_12592_00170.mp4,/home/jetson/Desktop/cv_output/bounce_clips/sink/bounce_12592_00170.mp4,ok,0.369271,0.000089,0.548099,0.917488,2026-05-28 21:59:56
170,hq,12592,bounce_12592_00170.mp4,/home/jetson/Desktop/cv_output/bounce_clips/hq/bounce_12592_00170.mp4,ok,0.454001,0.000087,0.444290,0.898406,2026-05-28 21:59:57
172,source,12645,bounce_12645_00172.mp4,/home/jetson/Desktop/cv_output/bounce_clips/source/bounce_12645_00172.mp4,ok,0.321409,0.000084,0.346317,0.667838,2026-05-28 21:59:58
172,sink,12645,bounce_12645_00172.mp4,/home/jetson/Desktop/cv_output/bounce_clips/sink/bounce_12645_00172.mp4,ok,0.426421,0.000088,0.417801,0.844342,2026-05-28 21:59:59
172,hq,12645,bounce_12645_00172.mp4,/home/jetson/Desktop/cv_output/bounce_clips/hq/bounce_12645_00172.mp4,ok,0.680516,0.000088,0.646160,1.326795,2026-05-28 22:00:00
173,source,12782,bounce_12782_00173.mp4,/home/jetson/Desktop/cv_output/bounce_clips/source/bounce_12782_00173.mp4,ok,3.251232,0.000086,0.375715,3.627058,2026-05-28 22:00:03
173,sink,12782,bounce_12782_00173.mp4,/home/jetson/Desktop/cv_output/bounce_clips/sink/bounce_12782_00173.mp4,ok,0.769129,0.000085,0.356562,1.125805,2026-05-28 22:00:05
173,hq,12782,bounce_12782_00173.mp4,/home/jetson/Desktop/cv_output/bounce_clips/hq/bounce_12782_00173.mp4,ok,2.180995,0.000093,0.523566,2.704684,2026-05-28 22:00:07
174,source,12907,bounce_12907_00174.mp4,/home/jetson/Desktop/cv_output/bounce_clips/source/bounce_12907_00174.mp4,ok,0.341694,0.000088,0.392013,0.733826,2026-05-28 22:00:08
174,sink,12907,bounce_12907_00174.mp4,/home/jetson/Desktop/cv_output/bounce_clips/sink/bounce_12907_00174.mp4,ok,1.535256,0.000086,0.519814,2.055186,2026-05-28 22:00:10
174,hq,12907,bounce_12907_00174.mp4,/home/jetson/Desktop/cv_output/bounce_clips/hq/bounce_12907_00174.mp4,ok,1.784151,0.000087,0.364801,2.149066,2026-05-28 22:00:12
175,source,12955,bounce_12955_00175.mp4,/home/jetson/Desktop/cv_output/bounce_clips/source/bounce_12955_00175.mp4,failed,0.339145,0.000000,0.000000,0.339248,2026-05-28 22:00:13
175,sink,12955,bounce_12955_00175.mp4,/home/jetson/Desktop/cv_output/bounce_clips/sink/bounce_12955_00175.mp4,failed,0.260934,0.000000,0.000000,0.261027,2026-05-28 22:00:13
177,source,13003,bounce_13003_00177.mp4,/home/jetson/Desktop/cv_output/bounce_clips/source/bounce_13003_00177.mp4,ok,0.657484,0.000084,0.580207,1.237807,2026-05-28 22:00:14
177,sink,13003,bounce_13003_00177.mp4,/home/jetson/Desktop/cv_output/bounce_clips/sink/bounce_13003_00177.mp4,ok,0.388300,0.000096,0.438307,0.826735,2026-05-28 22:00:15
177,hq,13003,bounce_13003_00177.mp4,/home/jetson/Desktop/cv_output/bounce_clips/hq/bounce_13003_00177.mp4,ok,0.494537,0.000085,0.443405,0.938055,2026-05-28 22:00:16
179,source,13076,bounce_13076_00179.mp4,/home/jetson/Desktop/cv_output/bounce_clips/source/bounce_13076_00179.mp4,ok,1.881568,0.000083,0.502316,2.383996,2026-05-28 22:00:18
179,sink,13076,bounce_13076_00179.mp4,/home/jetson/Desktop/cv_output/bounce_clips/sink/bounce_13076_00179.mp4,ok,0.488072,0.000074,0.376719,0.864891,2026-05-28 22:00:19
179,hq,13076,bounce_13076_00179.mp4,/home/jetson/Desktop/cv_output/bounce_clips/hq/bounce_13076_00179.mp4,ok,0.628011,0.000087,0.426118,1.054243,2026-05-28 22:00:20
181,source,13122,bounce_13122_00181.mp4,/home/jetson/Desktop/cv_output/bounce_clips/source/bounce_13122_00181.mp4,ok,0.529932,0.000091,0.853636,1.383690,2026-05-28 22:00:22
181,sink,13122,bounce_13122_00181.mp4,/home/jetson/Desktop/cv_output/bounce_clips/sink/bounce_13122_00181.mp4,ok,0.308361,0.000093,0.472341,0.780824,2026-05-28 22:00:22
182,source,13379,bounce_13379_00182.mp4,/home/jetson/Desktop/cv_output/bounce_clips/source/bounce_13379_00182.mp4,ok,1.305852,0.000087,0.392406,1.698373,2026-05-28 22:00:24
182,sink,13379,bounce_13379_00182.mp4,/home/jetson/Desktop/cv_output/bounce_clips/sink/bounce_13379_00182.mp4,ok,0.685367,0.000090,0.367760,1.053246,2026-05-28 22:00:25
182,hq,13379,bounce_13379_00182.mp4,/home/jetson/Desktop/cv_output/bounce_clips/hq/bounce_13379_00182.mp4,ok,2.343556,0.000097,0.372249,2.715931,2026-05-28 22:00:28
184,source,13439,bounce_13439_00184.mp4,/home/jetson/Desktop/cv_output/bounce_clips/source/bounce_13439_00184.mp4,failed,0.357547,0.000000,0.000000,0.357947,2026-05-28 22:00:28
184,sink,13439,bounce_13439_00184.mp4,/home/jetson/Desktop/cv_output/bounce_clips/sink/bounce_13439_00184.mp4,failed,0.533177,0.000000,0.000000,0.533261,2026-05-28 22:00:29
185,source,13493,bounce_13493_00185.mp4,/home/jetson/Desktop/cv_output/bounce_clips/source/bounce_13493_00185.mp4,ok,0.428553,0.000085,0.569668,0.998337,2026-05-28 22:00:30
185,sink,13493,bounce_13493_00185.mp4,/home/jetson/Desktop/cv_output/bounce_clips/sink/bounce_13493_00185.mp4,ok,0.569215,0.000270,0.607520,1.177037,2026-05-28 22:00:31
185,hq,13493,bounce_13493_00185.mp4,/home/jetson/Desktop/cv_output/bounce_clips/hq/bounce_13493_00185.mp4,ok,1.079806,0.000090,0.384965,1.464889,2026-05-28 22:00:32
187,source,13648,bounce_13648_00187.mp4,/home/jetson/Desktop/cv_output/bounce_clips/source/bounce_13648_00187.mp4,ok,0.650856,0.000103,0.894898,1.545890,2026-05-28 22:00:34
187,sink,13648,bounce_13648_00187.mp4,/home/jetson/Desktop/cv_output/bounce_clips/sink/bounce_13648_00187.mp4,ok,0.611280,0.000192,0.736951,1.348478,2026-05-28 22:00:38
187,hq,13648,bounce_13648_00187.mp4,/home/jetson/Desktop/cv_output/bounce_clips/hq/bounce_13648_00187.mp4,ok,1.921163,0.000084,0.343083,2.264358,2026-05-28 22:00:40
188,source,13708,bounce_13708_00188.mp4,/home/jetson/Desktop/cv_output/bounce_clips/source/bounce_13708_00188.mp4,ok,0.577457,0.000076,0.605430,1.182989,2026-05-28 22:00:42
188,sink,13708,bounce_13708_00188.mp4,/home/jetson/Desktop/cv_output/bounce_clips/sink/bounce_13708_00188.mp4,ok,0.565888,0.000083,0.489817,1.055814,2026-05-28 22:00:43
188,hq,13708,bounce_13708_00188.mp4,/home/jetson/Desktop/cv_output/bounce_clips/hq/bounce_13708_00188.mp4,ok,2.912621,0.000108,0.421863,3.334625,2026-05-28 22:00:46
191,source,13923,bounce_13923_00191.mp4,/home/jetson/Desktop/cv_output/bounce_clips/source/bounce_13923_00191.mp4,ok,1.633880,0.000088,0.478653,2.112653,2026-05-28 22:00:48
191,sink,13923,bounce_13923_00191.mp4,/home/jetson/Desktop/cv_output/bounce_clips/sink/bounce_13923_00191.mp4,ok,1.866144,0.000080,0.377691,2.243945,2026-05-28 22:00:50
191,hq,13923,bounce_13923_00191.mp4,/home/jetson/Desktop/cv_output/bounce_clips/hq/bounce_13923_00191.mp4,ok,2.868122,0.000097,0.378215,3.246464,2026-05-28 22:00:54
192,source,14023,bounce_14023_00192.mp4,/home/jetson/Desktop/cv_output/bounce_clips/source/bounce_14023_00192.mp4,ok,1.855374,0.000095,0.384375,2.239874,2026-05-28 22:00:56
192,sink,14023,bounce_14023_00192.mp4,/home/jetson/Desktop/cv_output/bounce_clips/sink/bounce_14023_00192.mp4,ok,0.846928,0.000086,0.559387,1.406429,2026-05-28 22:00:57
192,hq,14023,bounce_14023_00192.mp4,/home/jetson/Desktop/cv_output/bounce_clips/hq/bounce_14023_00192.mp4,ok,1.075859,0.000088,0.557449,1.633424,2026-05-28 22:00:59
193,source,14067,bounce_14067_00193.mp4,/home/jetson/Desktop/cv_output/bounce_clips/source/bounce_14067_00193.mp4,ok,0.227138,0.000082,0.380919,0.608166,2026-05-28 22:00:59
193,sink,14067,bounce_14067_00193.mp4,/home/jetson/Desktop/cv_output/bounce_clips/sink/bounce_14067_00193.mp4,ok,0.468329,0.000078,0.559542,1.027974,2026-05-28 22:01:00
193,hq,14067,bounce_14067_00193.mp4,/home/jetson/Desktop/cv_output/bounce_clips/hq/bounce_14067_00193.mp4,ok,1.582847,0.000090,0.431750,2.014717,2026-05-28 22:01:03
194,source,14106,bounce_14106_00194.mp4,/home/jetson/Desktop/cv_output/bounce_clips/source/bounce_14106_00194.mp4,failed,2.862481,0.000000,0.000000,2.862583,2026-05-28 22:01:05
194,sink,14106,bounce_14106_00194.mp4,/home/jetson/Desktop/cv_output/bounce_clips/sink/bounce_14106_00194.mp4,failed,0.316858,0.000000,0.000000,0.316979,2026-05-28 22:01:06
195,source,14136,bounce_14136_00195.mp4,/home/jetson/Desktop/cv_output/bounce_clips/source/bounce_14136_00195.mp4,ok,0.263520,0.000089,0.535705,0.799345,2026-05-28 22:01:07
195,sink,14136,bounce_14136_00195.mp4,/home/jetson/Desktop/cv_output/bounce_clips/sink/bounce_14136_00195.mp4,ok,0.171482,0.000083,0.421794,0.593389,2026-05-28 22:01:07
195,hq,14136,bounce_14136_00195.mp4,/home/jetson/Desktop/cv_output/bounce_clips/hq/bounce_14136_00195.mp4,ok,0.845088,0.000082,2.210915,3.056109,2026-05-28 22:01:10
197,source,14179,bounce_14179_00197.mp4,/home/jetson/Desktop/cv_output/bounce_clips/source/bounce_14179_00197.mp4,ok,0.498756,0.000091,0.479519,0.978404,2026-05-28 22:01:11
197,sink,14179,bounce_14179_00197.mp4,/home/jetson/Desktop/cv_output/bounce_clips/sink/bounce_14179_00197.mp4,ok,0.299763,0.000086,0.376636,0.676511,2026-05-28 22:01:12
197,hq,14179,bounce_14179_00197.mp4,/home/jetson/Desktop/cv_output/bounce_clips/hq/bounce_14179_00197.mp4,ok,0.702083,0.000097,0.512533,1.214744,2026-05-28 22:01:13
199,source,14246,bounce_14246_00199.mp4,/home/jetson/Desktop/cv_output/bounce_clips/source/bounce_14246_00199.mp4,ok,0.889431,0.000090,0.425581,1.315131,2026-05-28 22:01:14
199,sink,14246,bounce_14246_00199.mp4,/home/jetson/Desktop/cv_output/bounce_clips/sink/bounce_14246_00199.mp4,ok,0.563208,0.000086,2.113126,2.676448,2026-05-28 22:01:17
199,hq,14246,bounce_14246_00199.mp4,/home/jetson/Desktop/cv_output/bounce_clips/hq/bounce_14246_00199.mp4,ok,0.819912,0.000082,0.564525,1.384550,2026-05-28 22:01:18
200,source,14287,bounce_14287_00200.mp4,/home/jetson/Desktop/cv_output/bounce_clips/source/bounce_14287_00200.mp4,ok,0.353554,0.000086,0.463813,0.817481,2026-05-28 22:01:19
200,sink,14287,bounce_14287_00200.mp4,/home/jetson/Desktop/cv_output/bounce_clips/sink/bounce_14287_00200.mp4,ok,0.405398,0.000110,0.445042,0.850577,2026-05-28 22:01:20
200,hq,14287,bounce_14287_00200.mp4,/home/jetson/Desktop/cv_output/bounce_clips/hq/bounce_14287_00200.mp4,ok,0.726116,0.000091,0.778516,1.504770,2026-05-28 22:01:22
202,source,14353,bounce_14353_00202.mp4,/home/jetson/Desktop/cv_output/bounce_clips/source/bounce_14353_00202.mp4,ok,0.515984,0.000091,0.481091,0.997195,2026-05-28 22:01:23
202,sink,14353,bounce_14353_00202.mp4,/home/jetson/Desktop/cv_output/bounce_clips/sink/bounce_14353_00202.mp4,ok,1.234620,0.000081,0.465949,1.700677,2026-05-28 22:01:24
202,hq,14353,bounce_14353_00202.mp4,/home/jetson/Desktop/cv_output/bounce_clips/hq/bounce_14353_00202.mp4,ok,1.072081,0.000087,0.563890,1.636089,2026-05-28 22:01:26
210,source,14728,bounce_14728_00210.mp4,/home/jetson/Desktop/cv_output/bounce_clips/source/bounce_14728_00210.mp4,ok,4.111692,0.000106,0.416017,4.527847,2026-05-28 22:01:31
210,sink,14728,bounce_14728_00210.mp4,/home/jetson/Desktop/cv_output/bounce_clips/sink/bounce_14728_00210.mp4,ok,0.362267,0.000086,0.339479,0.701862,2026-05-28 22:01:31
210,hq,14728,bounce_14728_00210.mp4,/home/jetson/Desktop/cv_output/bounce_clips/hq/bounce_14728_00210.mp4,ok,1.247056,0.000091,0.707059,1.954236,2026-05-28 22:01:33
211,source,14760,bounce_14760_00211.mp4,/home/jetson/Desktop/cv_output/bounce_clips/source/bounce_14760_00211.mp4,ok,0.296946,0.000086,0.504113,0.801174,2026-05-28 22:01:34
211,sink,14760,bounce_14760_00211.mp4,/home/jetson/Desktop/cv_output/bounce_clips/sink/bounce_14760_00211.mp4,ok,0.267985,0.000090,0.357504,0.625606,2026-05-28 22:01:35
212,source,14926,bounce_14926_00212.mp4,/home/jetson/Desktop/cv_output/bounce_clips/source/bounce_14926_00212.mp4,ok,1.655027,0.000087,0.516828,2.171973,2026-05-28 22:01:37
212,sink,14926,bounce_14926_00212.mp4,/home/jetson/Desktop/cv_output/bounce_clips/sink/bounce_14926_00212.mp4,ok,1.380833,0.000087,2.976070,4.357045,2026-05-28 22:01:41
212,hq,14926,bounce_14926_00212.mp4,/home/jetson/Desktop/cv_output/bounce_clips/hq/bounce_14926_00212.mp4,ok,3.193855,0.000089,0.376501,3.570476,2026-05-28 22:01:45
214,source,15043,bounce_15043_00214.mp4,/home/jetson/Desktop/cv_output/bounce_clips/source/bounce_15043_00214.mp4,ok,1.850799,0.000087,0.641741,2.492656,2026-05-28 22:01:48
214,sink,15043,bounce_15043_00214.mp4,/home/jetson/Desktop/cv_output/bounce_clips/sink/bounce_15043_00214.mp4,ok,1.341675,0.000427,0.467760,1.809894,2026-05-28 22:01:49
214,hq,15043,bounce_15043_00214.mp4,/home/jetson/Desktop/cv_output/bounce_clips/hq/bounce_15043_00214.mp4,ok,2.361839,0.000090,0.374658,2.736614,2026-05-28 22:01:52
215,source,15090,bounce_15090_00215.mp4,/home/jetson/Desktop/cv_output/bounce_clips/source/bounce_15090_00215.mp4,ok,1.216059,0.000096,0.582632,1.798824,2026-05-28 22:01:54
215,sink,15090,bounce_15090_00215.mp4,/home/jetson/Desktop/cv_output/bounce_clips/sink/bounce_15090_00215.mp4,ok,0.447905,0.000083,0.523747,0.971766,2026-05-28 22:01:55
215,hq,15090,bounce_15090_00215.mp4,/home/jetson/Desktop/cv_output/bounce_clips/hq/bounce_15090_00215.mp4,ok,0.704370,0.000079,0.378099,1.082572,2026-05-28 22:01:56
217,source,15160,bounce_15160_00217.mp4,/home/jetson/Desktop/cv_output/bounce_clips/source/bounce_15160_00217.mp4,failed,0.664295,0.000000,0.000000,0.664407,2026-05-28 22:01:57
217,sink,15160,bounce_15160_00217.mp4,/home/jetson/Desktop/cv_output/bounce_clips/sink/bounce_15160_00217.mp4,failed,0.973045,0.000000,0.000000,0.973142,2026-05-28 22:01:58
219,source,15370,bounce_15370_00219.mp4,/home/jetson/Desktop/cv_output/bounce_clips/source/bounce_15370_00219.mp4,ok,0.526977,0.000092,0.518975,1.046076,2026-05-28 22:01:59
219,sink,15370,bounce_15370_00219.mp4,/home/jetson/Desktop/cv_output/bounce_clips/sink/bounce_15370_00219.mp4,ok,1.308487,0.000089,0.394474,1.703077,2026-05-28 22:02:00
219,hq,15370,bounce_15370_00219.mp4,/home/jetson/Desktop/cv_output/bounce_clips/hq/bounce_15370_00219.mp4,ok,0.588684,0.000084,0.564451,1.153247,2026-05-28 22:02:02
220,source,15412,bounce_15412_00220.mp4,/home/jetson/Desktop/cv_output/bounce_clips/source/bounce_15412_00220.mp4,ok,0.357728,0.000091,0.600084,0.957935,2026-05-28 22:02:03
220,sink,15412,bounce_15412_00220.mp4,/home/jetson/Desktop/cv_output/bounce_clips/sink/bounce_15412_00220.mp4,ok,0.362388,0.000083,0.350824,0.713321,2026-05-28 22:02:03
220,hq,15412,bounce_15412_00220.mp4,/home/jetson/Desktop/cv_output/bounce_clips/hq/bounce_15412_00220.mp4,ok,1.323356,0.000085,0.741915,2.065385,2026-05-28 22:02:05
221,source,15449,bounce_15449_00221.mp4,/home/jetson/Desktop/cv_output/bounce_clips/source/bounce_15449_00221.mp4,ok,1.074619,0.000079,0.516197,1.590925,2026-05-28 22:02:07
221,sink,15449,bounce_15449_00221.mp4,/home/jetson/Desktop/cv_output/bounce_clips/sink/bounce_15449_00221.mp4,ok,0.402778,0.000092,1.065495,1.468395,2026-05-28 22:02:08
221,hq,15449,bounce_15449_00221.mp4,/home/jetson/Desktop/cv_output/bounce_clips/hq/bounce_15449_00221.mp4,ok,0.643924,0.000082,0.479947,1.123982,2026-05-28 22:02:10
227,source,15570,bounce_15570_00227.mp4,/home/jetson/Desktop/cv_output/bounce_clips/source/bounce_15570_00227.mp4,ok,1.226180,0.000089,0.578834,1.805136,2026-05-28 22:02:11
227,sink,15570,bounce_15570_00227.mp4,/home/jetson/Desktop/cv_output/bounce_clips/sink/bounce_15570_00227.mp4,ok,0.540184,0.000089,0.731011,1.271313,2026-05-28 22:02:13
227,hq,15570,bounce_15570_00227.mp4,/home/jetson/Desktop/cv_output/bounce_clips/hq/bounce_15570_00227.mp4,ok,2.363072,0.000088,0.388794,2.751983,2026-05-28 22:02:15
228,source,15609,bounce_15609_00228.mp4,/home/jetson/Desktop/cv_output/bounce_clips/source/bounce_15609_00228.mp4,ok,0.228462,0.000079,0.436691,0.665261,2026-05-28 22:02:16
228,sink,15609,bounce_15609_00228.mp4,/home/jetson/Desktop/cv_output/bounce_clips/sink/bounce_15609_00228.mp4,ok,0.575872,0.000082,0.699947,1.275925,2026-05-28 22:02:17
228,hq,15609,bounce_15609_00228.mp4,/home/jetson/Desktop/cv_output/bounce_clips/hq/bounce_15609_00228.mp4,ok,1.233438,0.000089,0.448025,1.681582,2026-05-28 22:02:19
229,source,15652,bounce_15652_00229.mp4,/home/jetson/Desktop/cv_output/bounce_clips/source/bounce_15652_00229.mp4,ok,0.251707,0.000087,0.400972,0.652796,2026-05-28 22:02:20
229,sink,15652,bounce_15652_00229.mp4,/home/jetson/Desktop/cv_output/bounce_clips/sink/bounce_15652_00229.mp4,ok,0.392352,0.000090,0.500065,0.892534,2026-05-28 22:02:21
229,hq,15652,bounce_15652_00229.mp4,/home/jetson/Desktop/cv_output/bounce_clips/hq/bounce_15652_00229.mp4,ok,0.633174,0.000090,0.640270,1.273565,2026-05-28 22:02:22
231,source,15704,bounce_15704_00231.mp4,/home/jetson/Desktop/cv_output/bounce_clips/source/bounce_15704_00231.mp4,ok,1.289682,0.000095,0.684254,1.974066,2026-05-28 22:02:24
231,sink,15704,bounce_15704_00231.mp4,/home/jetson/Desktop/cv_output/bounce_clips/sink/bounce_15704_00231.mp4,ok,0.623664,0.000093,0.566851,1.190638,2026-05-28 22:02:25
231,hq,15704,bounce_15704_00231.mp4,/home/jetson/Desktop/cv_output/bounce_clips/hq/bounce_15704_00231.mp4,ok,0.730431,0.000089,0.384771,1.115321,2026-05-28 22:02:26
233,source,15740,bounce_15740_00233.mp4,/home/jetson/Desktop/cv_output/bounce_clips/source/bounce_15740_00233.mp4,failed,0.251325,0.000000,0.000000,0.251419,2026-05-28 22:02:26
233,sink,15740,bounce_15740_00233.mp4,/home/jetson/Desktop/cv_output/bounce_clips/sink/bounce_15740_00233.mp4,failed,1.566033,0.000000,0.000000,1.566154,2026-05-28 22:02:28
235,source,15907,bounce_15907_00235.mp4,/home/jetson/Desktop/cv_output/bounce_clips/source/bounce_15907_00235.mp4,ok,0.404536,0.000504,0.518646,0.923715,2026-05-28 22:02:29
235,sink,15907,bounce_15907_00235.mp4,/home/jetson/Desktop/cv_output/bounce_clips/sink/bounce_15907_00235.mp4,ok,1.406975,0.000080,0.394323,1.801402,2026-05-28 22:02:31
235,hq,15907,bounce_15907_00235.mp4,/home/jetson/Desktop/cv_output/bounce_clips/hq/bounce_15907_00235.mp4,ok,3.369804,0.000097,0.547856,3.917789,2026-05-28 22:02:36
236,source,15983,bounce_15983_00236.mp4,/home/jetson/Desktop/cv_output/bounce_clips/source/bounce_15983_00236.mp4,ok,0.968023,0.000088,0.420648,1.388789,2026-05-28 22:02:37
236,sink,15983,bounce_15983_00236.mp4,/home/jetson/Desktop/cv_output/bounce_clips/sink/bounce_15983_00236.mp4,ok,0.455615,0.000080,0.474848,0.930570,2026-05-28 22:02:38
236,hq,15983,bounce_15983_00236.mp4,/home/jetson/Desktop/cv_output/bounce_clips/hq/bounce_15983_00236.mp4,ok,0.671602,0.000088,0.623983,1.295700,2026-05-28 22:02:40
237,source,16029,bounce_16029_00237.mp4,/home/jetson/Desktop/cv_output/bounce_clips/source/bounce_16029_00237.mp4,failed,0.598625,0.000000,0.000000,0.598752,2026-05-28 22:02:40
237,sink,16029,bounce_16029_00237.mp4,/home/jetson/Desktop/cv_output/bounce_clips/sink/bounce_16029_00237.mp4,failed,0.628063,0.000000,0.000000,0.628175,2026-05-28 22:02:41
239,source,16176,bounce_16176_00239.mp4,/home/jetson/Desktop/cv_output/bounce_clips/source/bounce_16176_00239.mp4,ok,0.960763,0.000083,0.405738,1.366613,2026-05-28 22:02:42
239,sink,16176,bounce_16176_00239.mp4,/home/jetson/Desktop/cv_output/bounce_clips/sink/bounce_16176_00239.mp4,ok,1.319359,0.000092,0.557527,1.877005,2026-05-28 22:02:44
239,hq,16176,bounce_16176_00239.mp4,/home/jetson/Desktop/cv_output/bounce_clips/hq/bounce_16176_00239.mp4,ok,3.488615,0.000093,0.645516,4.134253,2026-05-28 22:02:48
240,source,16214,bounce_16214_00240.mp4,/home/jetson/Desktop/cv_output/bounce_clips/source/bounce_16214_00240.mp4,failed,0.304230,0.000000,0.000000,0.304333,2026-05-28 22:02:49
240,sink,16214,bounce_16214_00240.mp4,/home/jetson/Desktop/cv_output/bounce_clips/sink/bounce_16214_00240.mp4,failed,0.507594,0.000000,0.000000,0.507696,2026-05-28 22:02:49
241,source,16248,bounce_16248_00241.mp4,/home/jetson/Desktop/cv_output/bounce_clips/source/bounce_16248_00241.mp4,ok,0.183713,0.000082,0.365355,0.549179,2026-05-28 22:02:50
241,sink,16248,bounce_16248_00241.mp4,/home/jetson/Desktop/cv_output/bounce_clips/sink/bounce_16248_00241.mp4,ok,0.235691,0.000093,0.468233,0.704050,2026-05-28 22:02:50
241,hq,16248,bounce_16248_00241.mp4,/home/jetson/Desktop/cv_output/bounce_clips/hq/bounce_16248_00241.mp4,ok,2.115606,0.000081,0.460647,2.576364,2026-05-28 22:02:53
242,source,16281,bounce_16281_00242.mp4,/home/jetson/Desktop/cv_output/bounce_clips/source/bounce_16281_00242.mp4,ok,0.462134,0.000083,0.511506,0.973755,2026-05-28 22:02:54
242,sink,16281,bounce_16281_00242.mp4,/home/jetson/Desktop/cv_output/bounce_clips/sink/bounce_16281_00242.mp4,ok,0.526210,0.000094,0.638758,1.165091,2026-05-28 22:02:55
242,hq,16281,bounce_16281_00242.mp4,/home/jetson/Desktop/cv_output/bounce_clips/hq/bounce_16281_00242.mp4,ok,0.365766,0.000095,0.405214,0.771103,2026-05-28 22:02:56
245,source,16347,bounce_16347_00245.mp4,/home/jetson/Desktop/cv_output/bounce_clips/source/bounce_16347_00245.mp4,ok,0.464265,0.000095,0.362700,0.827088,2026-05-28 22:02:57
245,sink,16347,bounce_16347_00245.mp4,/home/jetson/Desktop/cv_output/bounce_clips/sink/bounce_16347_00245.mp4,ok,0.534996,0.000092,0.606053,1.141171,2026-05-28 22:02:58
245,hq,16347,bounce_16347_00245.mp4,/home/jetson/Desktop/cv_output/bounce_clips/hq/bounce_16347_00245.mp4,ok,1.388681,0.000091,0.413140,1.801941,2026-05-28 22:03:00
248,source,16593,bounce_16593_00248.mp4,/home/jetson/Desktop/cv_output/bounce_clips/source/bounce_16593_00248.mp4,ok,0.969109,0.000086,0.395434,1.364659,2026-05-28 22:03:01
248,sink,16593,bounce_16593_00248.mp4,/home/jetson/Desktop/cv_output/bounce_clips/sink/bounce_16593_00248.mp4,ok,0.729671,0.000089,0.521990,1.251775,2026-05-28 22:03:02
248,hq,16593,bounce_16593_00248.mp4,/home/jetson/Desktop/cv_output/bounce_clips/hq/bounce_16593_00248.mp4,ok,1.111417,0.000093,0.521781,1.633320,2026-05-28 22:03:04
249,source,16643,bounce_16643_00249.mp4,/home/jetson/Desktop/cv_output/bounce_clips/source/bounce_16643_00249.mp4,ok,0.951653,0.000083,0.358061,1.309826,2026-05-28 22:03:05
249,sink,16643,bounce_16643_00249.mp4,/home/jetson/Desktop/cv_output/bounce_clips/sink/bounce_16643_00249.mp4,ok,0.342030,0.000087,0.536575,0.878720,2026-05-28 22:03:06
249,hq,16643,bounce_16643_00249.mp4,/home/jetson/Desktop/cv_output/bounce_clips/hq/bounce_16643_00249.mp4,ok,0.712424,0.000090,0.642587,1.355133,2026-05-28 22:03:07
250,source,16695,bounce_16695_00250.mp4,/home/jetson/Desktop/cv_output/bounce_clips/source/bounce_16695_00250.mp4,failed,0.474877,0.000000,0.000000,0.475027,2026-05-28 22:03:08
250,sink,16695,bounce_16695_00250.mp4,/home/jetson/Desktop/cv_output/bounce_clips/sink/bounce_16695_00250.mp4,failed,0.561875,0.000000,0.000000,0.561968,2026-05-28 22:03:09
252,source,16779,bounce_16779_00252.mp4,/home/jetson/Desktop/cv_output/bounce_clips/source/bounce_16779_00252.mp4,ok,1.074193,0.000080,0.539450,1.613751,2026-05-28 22:03:10
252,sink,16779,bounce_16779_00252.mp4,/home/jetson/Desktop/cv_output/bounce_clips/sink/bounce_16779_00252.mp4,ok,1.263742,0.000084,1.529453,2.793308,2026-05-28 22:03:13
253,source,16954,bounce_16954_00253.mp4,/home/jetson/Desktop/cv_output/bounce_clips/source/bounce_16954_00253.mp4,ok,1.071757,0.000093,0.812551,1.884433,2026-05-28 22:03:15
253,sink,16954,bounce_16954_00253.mp4,/home/jetson/Desktop/cv_output/bounce_clips/sink/bounce_16954_00253.mp4,ok,0.604830,0.000113,0.551872,1.156846,2026-05-28 22:03:16
253,hq,16954,bounce_16954_00253.mp4,/home/jetson/Desktop/cv_output/bounce_clips/hq/bounce_16954_00253.mp4,ok,1.744128,0.000085,0.731400,2.475642,2026-05-28 22:03:18
254,source,16999,bounce_16999_00254.mp4,/home/jetson/Desktop/cv_output/bounce_clips/source/bounce_16999_00254.mp4,ok,0.549524,0.000089,0.364661,0.914304,2026-05-28 22:03:19
254,sink,16999,bounce_16999_00254.mp4,/home/jetson/Desktop/cv_output/bounce_clips/sink/bounce_16999_00254.mp4,ok,0.632805,0.000091,0.524468,1.157395,2026-05-28 22:03:21
254,hq,16999,bounce_16999_00254.mp4,/home/jetson/Desktop/cv_output/bounce_clips/hq/bounce_16999_00254.mp4,ok,0.390323,0.000091,0.337482,0.727925,2026-05-28 22:03:21
256,source,17070,bounce_17070_00256.mp4,/home/jetson/Desktop/cv_output/bounce_clips/source/bounce_17070_00256.mp4,ok,0.751396,0.000084,0.485562,1.237071,2026-05-28 22:03:23
256,sink,17070,bounce_17070_00256.mp4,/home/jetson/Desktop/cv_output/bounce_clips/sink/bounce_17070_00256.mp4,ok,0.526517,0.000104,0.434668,0.961318,2026-05-28 22:03:24
256,hq,17070,bounce_17070_00256.mp4,/home/jetson/Desktop/cv_output/bounce_clips/hq/bounce_17070_00256.mp4,ok,1.308646,0.000093,0.437508,1.746280,2026-05-28 22:03:25
259,source,17147,bounce_17147_00259.mp4,/home/jetson/Desktop/cv_output/bounce_clips/source/bounce_17147_00259.mp4,ok,2.219467,0.000090,0.410639,2.630226,2026-05-28 22:03:28
259,sink,17147,bounce_17147_00259.mp4,/home/jetson/Desktop/cv_output/bounce_clips/sink/bounce_17147_00259.mp4,ok,0.491221,0.000086,0.563803,1.055138,2026-05-28 22:03:29
259,hq,17147,bounce_17147_00259.mp4,/home/jetson/Desktop/cv_output/bounce_clips/hq/bounce_17147_00259.mp4,ok,0.778984,0.000082,0.380150,1.159272,2026-05-28 22:03:30
260,source,17178,bounce_17178_00260.mp4,/home/jetson/Desktop/cv_output/bounce_clips/source/bounce_17178_00260.mp4,failed,0.238781,0.000000,0.000000,0.238876,2026-05-28 22:03:30
260,sink,17178,bounce_17178_00260.mp4,/home/jetson/Desktop/cv_output/bounce_clips/sink/bounce_17178_00260.mp4,failed,2.536022,0.000000,0.000000,2.536117,2026-05-28 22:03:33
262,source,17243,bounce_17243_00262.mp4,/home/jetson/Desktop/cv_output/bounce_clips/source/bounce_17243_00262.mp4,ok,1.047729,0.000084,0.456277,1.504120,2026-05-28 22:03:34
262,sink,17243,bounce_17243_00262.mp4,/home/jetson/Desktop/cv_output/bounce_clips/sink/bounce_17243_00262.mp4,ok,0.458328,0.000090,0.488094,0.946540,2026-05-28 22:03:35
262,hq,17243,bounce_17243_00262.mp4,/home/jetson/Desktop/cv_output/bounce_clips/hq/bounce_17243_00262.mp4,ok,2.160858,0.000093,0.498997,2.659978,2026-05-28 22:03:38
264,source,17344,bounce_17344_00264.mp4,/home/jetson/Desktop/cv_output/bounce_clips/source/bounce_17344_00264.mp4,ok,0.911560,0.000088,0.301429,1.213108,2026-05-28 22:03:39
264,sink,17344,bounce_17344_00264.mp4,/home/jetson/Desktop/cv_output/bounce_clips/sink/bounce_17344_00264.mp4,ok,1.178580,0.000110,0.635959,1.814682,2026-05-28 22:03:41
264,hq,17344,bounce_17344_00264.mp4,/home/jetson/Desktop/cv_output/bounce_clips/hq/bounce_17344_00264.mp4,ok,2.774433,0.000075,0.410677,3.185209,2026-05-28 22:03:44
265,source,17608,bounce_17608_00265.mp4,/home/jetson/Desktop/cv_output/bounce_clips/source/bounce_17608_00265.mp4,ok,1.340338,0.000094,0.400222,1.740686,2026-05-28 22:03:46
265,sink,17608,bounce_17608_00265.mp4,/home/jetson/Desktop/cv_output/bounce_clips/sink/bounce_17608_00265.mp4,ok,0.473646,0.000089,0.411919,0.885682,2026-05-28 22:03:47
265,hq,17608,bounce_17608_00265.mp4,/home/jetson/Desktop/cv_output/bounce_clips/hq/bounce_17608_00265.mp4,ok,2.652616,0.000090,0.429497,3.082232,2026-05-28 22:03:50
266,source,17655,bounce_17655_00266.mp4,/home/jetson/Desktop/cv_output/bounce_clips/source/bounce_17655_00266.mp4,failed,0.309411,0.000000,0.000000,0.309508,2026-05-28 22:03:50
266,sink,17655,bounce_17655_00266.mp4,/home/jetson/Desktop/cv_output/bounce_clips/sink/bounce_17655_00266.mp4,failed,0.950153,0.000000,0.000000,0.950254,2026-05-28 22:03:51
268,source,17718,bounce_17718_00268.mp4,/home/jetson/Desktop/cv_output/bounce_clips/source/bounce_17718_00268.mp4,ok,2.792470,0.000091,0.420063,3.212654,2026-05-28 22:03:55
268,sink,17718,bounce_17718_00268.mp4,/home/jetson/Desktop/cv_output/bounce_clips/sink/bounce_17718_00268.mp4,ok,0.360603,0.000086,0.334931,0.695649,2026-05-28 22:03:55
268,hq,17718,bounce_17718_00268.mp4,/home/jetson/Desktop/cv_output/bounce_clips/hq/bounce_17718_00268.mp4,ok,0.732114,0.000082,0.369535,1.101764,2026-05-28 22:03:56
270,source,17758,bounce_17758_00270.mp4,/home/jetson/Desktop/cv_output/bounce_clips/source/bounce_17758_00270.mp4,failed,0.508999,0.000000,0.000000,0.509113,2026-05-28 22:03:57
270,sink,17758,bounce_17758_00270.mp4,/home/jetson/Desktop/cv_output/bounce_clips/sink/bounce_17758_00270.mp4,failed,0.262203,0.000000,0.000000,0.262335,2026-05-28 22:03:57
273,source,17813,bounce_17813_00273.mp4,/home/jetson/Desktop/cv_output/bounce_clips/source/bounce_17813_00273.mp4,ok,0.442038,0.000089,0.499913,0.942069,2026-05-28 22:03:58
273,sink,17813,bounce_17813_00273.mp4,/home/jetson/Desktop/cv_output/bounce_clips/sink/bounce_17813_00273.mp4,ok,1.274078,0.000084,1.209032,2.483220,2026-05-28 22:04:01
273,hq,17813,bounce_17813_00273.mp4,/home/jetson/Desktop/cv_output/bounce_clips/hq/bounce_17813_00273.mp4,ok,3.067940,0.000080,0.599816,3.667864,2026-05-28 22:04:04
275,source,18147,bounce_18147_00275.mp4,/home/jetson/Desktop/cv_output/bounce_clips/source/bounce_18147_00275.mp4,ok,1.190218,0.000085,0.620398,1.810734,2026-05-28 22:04:06
275,sink,18147,bounce_18147_00275.mp4,/home/jetson/Desktop/cv_output/bounce_clips/sink/bounce_18147_00275.mp4,ok,0.445227,0.000093,0.544487,0.989837,2026-05-28 22:04:07
275,hq,18147,bounce_18147_00275.mp4,/home/jetson/Desktop/cv_output/bounce_clips/hq/bounce_18147_00275.mp4,ok,1.058254,0.000085,0.612101,1.670468,2026-05-28 22:04:09
276,source,18373,bounce_18373_00276.mp4,/home/jetson/Desktop/cv_output/bounce_clips/source/bounce_18373_00276.mp4,ok,2.030914,0.000082,0.325783,2.356809,2026-05-28 22:04:11
276,sink,18373,bounce_18373_00276.mp4,/home/jetson/Desktop/cv_output/bounce_clips/sink/bounce_18373_00276.mp4,ok,3.866832,0.000090,0.401760,4.268712,2026-05-28 22:04:15
276,hq,18373,bounce_18373_00276.mp4,/home/jetson/Desktop/cv_output/bounce_clips/hq/bounce_18373_00276.mp4,ok,0.421991,0.000080,0.346119,0.768218,2026-05-28 22:04:16
277,source,18468,bounce_18468_00277.mp4,/home/jetson/Desktop/cv_output/bounce_clips/source/bounce_18468_00277.mp4,ok,1.941077,0.000088,0.437739,2.378935,2026-05-28 22:04:19
277,sink,18468,bounce_18468_00277.mp4,/home/jetson/Desktop/cv_output/bounce_clips/sink/bounce_18468_00277.mp4,ok,0.740018,0.000093,0.553262,1.293403,2026-05-28 22:04:20
277,hq,18468,bounce_18468_00277.mp4,/home/jetson/Desktop/cv_output/bounce_clips/hq/bounce_18468_00277.mp4,ok,0.801284,0.000143,0.352134,1.153593,2026-05-28 22:04:21
279,source,18546,bounce_18546_00279.mp4,/home/jetson/Desktop/cv_output/bounce_clips/source/bounce_18546_00279.mp4,ok,0.461949,0.000083,0.624175,1.086236,2026-05-28 22:04:22
279,sink,18546,bounce_18546_00279.mp4,/home/jetson/Desktop/cv_output/bounce_clips/sink/bounce_18546_00279.mp4,ok,1.631944,0.000090,0.481999,2.114061,2026-05-28 22:04:24
279,hq,18546,bounce_18546_00279.mp4,/home/jetson/Desktop/cv_output/bounce_clips/hq/bounce_18546_00279.mp4,ok,3.121846,0.000091,0.419134,3.541101,2026-05-28 22:04:28
280,source,18706,bounce_18706_00280.mp4,/home/jetson/Desktop/cv_output/bounce_clips/source/bounce_18706_00280.mp4,ok,1.518254,0.000092,0.512729,2.031104,2026-05-28 22:04:30
280,sink,18706,bounce_18706_00280.mp4,/home/jetson/Desktop/cv_output/bounce_clips/sink/bounce_18706_00280.mp4,ok,1.457080,0.000082,0.374675,1.831862,2026-05-28 22:04:32
280,hq,18706,bounce_18706_00280.mp4,/home/jetson/Desktop/cv_output/bounce_clips/hq/bounce_18706_00280.mp4,ok,2.757619,0.000093,0.631675,3.389419,2026-05-28 22:04:35
281,source,18806,bounce_18806_00281.mp4,/home/jetson/Desktop/cv_output/bounce_clips/source/bounce_18806_00281.mp4,failed,0.793505,0.000000,0.000000,0.793630,2026-05-28 22:04:36
281,sink,18806,bounce_18806_00281.mp4,/home/jetson/Desktop/cv_output/bounce_clips/sink/bounce_18806_00281.mp4,failed,0.531967,0.000000,0.000000,0.532061,2026-05-28 22:04:36
283,source,18865,bounce_18865_00283.mp4,/home/jetson/Desktop/cv_output/bounce_clips/source/bounce_18865_00283.mp4,ok,0.332863,0.000093,0.594821,0.927808,2026-05-28 22:04:37
283,sink,18865,bounce_18865_00283.mp4,/home/jetson/Desktop/cv_output/bounce_clips/sink/bounce_18865_00283.mp4,ok,0.554664,0.000088,0.595523,1.150304,2026-05-28 22:04:39
283,hq,18865,bounce_18865_00283.mp4,/home/jetson/Desktop/cv_output/bounce_clips/hq/bounce_18865_00283.mp4,ok,0.596102,0.000095,0.394116,0.990345,2026-05-28 22:04:40
286,source,18941,bounce_18941_00286.mp4,/home/jetson/Desktop/cv_output/bounce_clips/source/bounce_18941_00286.mp4,ok,0.924225,0.000092,0.624783,1.549134,2026-05-28 22:04:41
286,sink,18941,bounce_18941_00286.mp4,/home/jetson/Desktop/cv_output/bounce_clips/sink/bounce_18941_00286.mp4,ok,0.740874,0.000085,0.552989,1.293975,2026-05-28 22:04:42
286,hq,18941,bounce_18941_00286.mp4,/home/jetson/Desktop/cv_output/bounce_clips/hq/bounce_18941_00286.mp4,ok,0.583037,0.000086,0.325415,0.908568,2026-05-28 22:04:43
290,source,19059,bounce_19059_00290.mp4,/home/jetson/Desktop/cv_output/bounce_clips/source/bounce_19059_00290.mp4,ok,3.619932,0.000104,0.316830,3.936897,2026-05-28 22:04:47
290,sink,19059,bounce_19059_00290.mp4,/home/jetson/Desktop/cv_output/bounce_clips/sink/bounce_19059_00290.mp4,ok,0.742429,0.000213,0.355713,1.098382,2026-05-28 22:04:48
290,hq,19059,bounce_19059_00290.mp4,/home/jetson/Desktop/cv_output/bounce_clips/hq/bounce_19059_00290.mp4,ok,2.477100,0.000107,0.473758,2.951002,2026-05-28 22:04:51
293,source,19233,bounce_19233_00293.mp4,/home/jetson/Desktop/cv_output/bounce_clips/source/bounce_19233_00293.mp4,ok,1.413998,0.000087,0.512313,1.926427,2026-05-28 22:04:53
293,sink,19233,bounce_19233_00293.mp4,/home/jetson/Desktop/cv_output/bounce_clips/sink/bounce_19233_00293.mp4,ok,0.808543,0.000088,0.489468,1.298130,2026-05-28 22:04:55
293,hq,19233,bounce_19233_00293.mp4,/home/jetson/Desktop/cv_output/bounce_clips/hq/bounce_19233_00293.mp4,ok,1.059724,0.000091,0.556638,1.616482,2026-05-28 22:04:56
295,source,19381,bounce_19381_00295.mp4,/home/jetson/Desktop/cv_output/bounce_clips/source/bounce_19381_00295.mp4,ok,2.183042,0.000090,0.399784,2.582950,2026-05-28 22:04:59
295,sink,19381,bounce_19381_00295.mp4,/home/jetson/Desktop/cv_output/bounce_clips/sink/bounce_19381_00295.mp4,ok,1.408751,0.000090,0.508877,1.917744,2026-05-28 22:05:01
295,hq,19381,bounce_19381_00295.mp4,/home/jetson/Desktop/cv_output/bounce_clips/hq/bounce_19381_00295.mp4,ok,1.993485,0.000089,0.362314,2.355918,2026-05-28 22:05:03
296,source,19655,bounce_19655_00296.mp4,/home/jetson/Desktop/cv_output/bounce_clips/source/bounce_19655_00296.mp4,ok,1.429385,0.000085,0.542402,1.971903,2026-05-28 22:05:05
296,sink,19655,bounce_19655_00296.mp4,/home/jetson/Desktop/cv_output/bounce_clips/sink/bounce_19655_00296.mp4,ok,0.474156,0.000092,0.399954,0.874234,2026-05-28 22:05:06
296,hq,19655,bounce_19655_00296.mp4,/home/jetson/Desktop/cv_output/bounce_clips/hq/bounce_19655_00296.mp4,ok,1.656271,0.000092,0.488398,2.144792,2026-05-28 22:05:08
297,source,19702,bounce_19702_00297.mp4,/home/jetson/Desktop/cv_output/bounce_clips/source/bounce_19702_00297.mp4,ok,0.351223,0.000090,0.414616,0.765955,2026-05-28 22:05:09
297,sink,19702,bounce_19702_00297.mp4,/home/jetson/Desktop/cv_output/bounce_clips/sink/bounce_19702_00297.mp4,ok,0.583888,0.000094,0.498776,1.082787,2026-05-28 22:05:10
297,hq,19702,bounce_19702_00297.mp4,/home/jetson/Desktop/cv_output/bounce_clips/hq/bounce_19702_00297.mp4,ok,0.718966,0.000093,0.477527,1.196618,2026-05-28 22:05:11
298,source,19735,bounce_19735_00298.mp4,/home/jetson/Desktop/cv_output/bounce_clips/source/bounce_19735_00298.mp4,ok,0.432377,0.000083,0.416130,0.848621,2026-05-28 22:05:12
298,sink,19735,bounce_19735_00298.mp4,/home/jetson/Desktop/cv_output/bounce_clips/sink/bounce_19735_00298.mp4,ok,0.271900,0.000089,0.436593,0.708609,2026-05-28 22:05:13
298,hq,19735,bounce_19735_00298.mp4,/home/jetson/Desktop/cv_output/bounce_clips/hq/bounce_19735_00298.mp4,ok,0.378956,0.000091,0.414139,0.793216,2026-05-28 22:05:14
301,source,19818,bounce_19818_00301.mp4,/home/jetson/Desktop/cv_output/bounce_clips/source/bounce_19818_00301.mp4,ok,1.069987,0.000084,0.463301,1.533402,2026-05-28 22:05:15
301,sink,19818,bounce_19818_00301.mp4,/home/jetson/Desktop/cv_output/bounce_clips/sink/bounce_19818_00301.mp4,ok,1.011192,0.000088,0.542030,1.553339,2026-05-28 22:05:17
301,hq,19818,bounce_19818_00301.mp4,/home/jetson/Desktop/cv_output/bounce_clips/hq/bounce_19818_00301.mp4,ok,0.549211,0.000082,0.383603,0.932926,2026-05-28 22:05:18
302,source,19960,bounce_19960_00302.mp4,/home/jetson/Desktop/cv_output/bounce_clips/source/bounce_19960_00302.mp4,failed,1.622946,0.000000,0.000000,1.623083,2026-05-28 22:05:19
302,sink,19960,bounce_19960_00302.mp4,/home/jetson/Desktop/cv_output/bounce_clips/sink/bounce_19960_00302.mp4,failed,0.968561,0.000000,0.000000,0.968655,2026-05-28 22:05:20
303,source,20007,bounce_20007_00303.mp4,/home/jetson/Desktop/cv_output/bounce_clips/source/bounce_20007_00303.mp4,ok,0.820807,0.000082,0.426381,1.247299,2026-05-28 22:05:21
303,sink,20007,bounce_20007_00303.mp4,/home/jetson/Desktop/cv_output/bounce_clips/sink/bounce_20007_00303.mp4,ok,0.252589,0.000083,0.351416,0.604115,2026-05-28 22:05:22
303,hq,20007,bounce_20007_00303.mp4,/home/jetson/Desktop/cv_output/bounce_clips/hq/bounce_20007_00303.mp4,ok,1.551170,0.000097,0.492868,2.044166,2026-05-28 22:05:24
304,source,20029,bounce_20029_00304.mp4,/home/jetson/Desktop/cv_output/bounce_clips/source/bounce_20029_00304.mp4,ok,0.163446,0.000087,0.372657,0.536222,2026-05-28 22:05:25
304,sink,20029,bounce_20029_00304.mp4,/home/jetson/Desktop/cv_output/bounce_clips/sink/bounce_20029_00304.mp4,ok,0.182106,0.000087,0.356446,0.538666,2026-05-28 22:05:25
305,source,20823,bounce_20823_00305.mp4,/home/jetson/Desktop/cv_output/bounce_clips/source/bounce_20823_00305.mp4,failed,2.352787,0.000000,0.000000,2.352881,2026-05-28 22:05:28
305,sink,20823,bounce_20823_00305.mp4,/home/jetson/Desktop/cv_output/bounce_clips/sink/bounce_20823_00305.mp4,failed,1.280619,0.000000,0.000000,1.280719,2026-05-28 22:05:29
306,source,20875,bounce_20875_00306.mp4,/home/jetson/Desktop/cv_output/bounce_clips/source/bounce_20875_00306.mp4,ok,0.351562,0.000090,0.575898,0.927581,2026-05-28 22:05:30
306,sink,20875,bounce_20875_00306.mp4,/home/jetson/Desktop/cv_output/bounce_clips/sink/bounce_20875_00306.mp4,ok,0.628709,0.000084,0.584823,1.213643,2026-05-28 22:05:31
306,hq,20875,bounce_20875_00306.mp4,/home/jetson/Desktop/cv_output/bounce_clips/hq/bounce_20875_00306.mp4,ok,1.427142,0.000092,0.335553,1.762835,2026-05-28 22:05:33
307,source,20876,bounce_20876_00307.mp4,/home/jetson/Desktop/cv_output/bounce_clips/source/bounce_20876_00307.mp4,ok,1.465421,0.000091,0.428802,1.894344,2026-05-28 22:05:35
307,sink,20876,bounce_20876_00307.mp4,/home/jetson/Desktop/cv_output/bounce_clips/sink/bounce_20876_00307.mp4,ok,1.305582,0.000151,0.320496,1.626262,2026-05-28 22:05:36
307,hq,20876,bounce_20876_00307.mp4,/home/jetson/Desktop/cv_output/bounce_clips/hq/bounce_20876_00307.mp4,ok,1.974129,0.000090,0.591049,2.565296,2026-05-28 22:05:39
309,source,20949,bounce_20949_00309.mp4,/home/jetson/Desktop/cv_output/bounce_clips/source/bounce_20949_00309.mp4,ok,0.349432,0.000080,0.432904,0.782446,2026-05-28 22:05:40
309,sink,20949,bounce_20949_00309.mp4,/home/jetson/Desktop/cv_output/bounce_clips/sink/bounce_20949_00309.mp4,ok,1.273631,0.000088,0.540253,1.814001,2026-05-28 22:05:41
309,hq,20949,bounce_20949_00309.mp4,/home/jetson/Desktop/cv_output/bounce_clips/hq/bounce_20949_00309.mp4,ok,2.469368,0.000077,0.364294,2.833763,2026-05-28 22:05:44
311,source,21275,bounce_21275_00311.mp4,/home/jetson/Desktop/cv_output/bounce_clips/source/bounce_21275_00311.mp4,ok,1.802126,0.000089,0.438732,2.240978,2026-05-28 22:05:47
311,sink,21275,bounce_21275_00311.mp4,/home/jetson/Desktop/cv_output/bounce_clips/sink/bounce_21275_00311.mp4,ok,0.371577,0.000126,0.424075,0.795807,2026-05-28 22:05:47
311,hq,21275,bounce_21275_00311.mp4,/home/jetson/Desktop/cv_output/bounce_clips/hq/bounce_21275_00311.mp4,ok,1.504185,0.000093,0.547285,2.051594,2026-05-28 22:05:49
312,source,21340,bounce_21340_00312.mp4,/home/jetson/Desktop/cv_output/bounce_clips/source/bounce_21340_00312.mp4,ok,1.469297,0.000088,0.372987,1.842404,2026-05-28 22:05:51
312,sink,21340,bounce_21340_00312.mp4,/home/jetson/Desktop/cv_output/bounce_clips/sink/bounce_21340_00312.mp4,ok,0.380855,0.000091,0.767580,1.148556,2026-05-28 22:05:52
312,hq,21340,bounce_21340_00312.mp4,/home/jetson/Desktop/cv_output/bounce_clips/hq/bounce_21340_00312.mp4,ok,0.745503,0.000085,0.648371,1.393991,2026-05-28 22:05:54
313,source,21387,bounce_21387_00313.mp4,/home/jetson/Desktop/cv_output/bounce_clips/source/bounce_21387_00313.mp4,ok,0.285612,0.000082,0.353661,0.639384,2026-05-28 22:05:54
313,sink,21387,bounce_21387_00313.mp4,/home/jetson/Desktop/cv_output/bounce_clips/sink/bounce_21387_00313.mp4,ok,0.277407,0.000082,0.322146,0.599663,2026-05-28 22:05:55
313,hq,21387,bounce_21387_00313.mp4,/home/jetson/Desktop/cv_output/bounce_clips/hq/bounce_21387_00313.mp4,ok,0.841570,0.000093,0.532739,1.374432,2026-05-28 22:05:56
315,source,21426,bounce_21426_00315.mp4,/home/jetson/Desktop/cv_output/bounce_clips/source/bounce_21426_00315.mp4,ok,0.392664,0.000090,0.558083,0.950867,2026-05-28 22:05:57
315,sink,21426,bounce_21426_00315.mp4,/home/jetson/Desktop/cv_output/bounce_clips/sink/bounce_21426_00315.mp4,ok,0.582355,0.000086,0.437442,1.019966,2026-05-28 22:05:58
315,hq,21426,bounce_21426_00315.mp4,/home/jetson/Desktop/cv_output/bounce_clips/hq/bounce_21426_00315.mp4,ok,0.251656,0.000082,0.374209,0.625975,2026-05-28 22:05:59
317,source,21590,bounce_21590_00317.mp4,/home/jetson/Desktop/cv_output/bounce_clips/source/bounce_21590_00317.mp4,failed,1.928717,0.000000,0.000000,1.928830,2026-05-28 22:06:01
317,sink,21590,bounce_21590_00317.mp4,/home/jetson/Desktop/cv_output/bounce_clips/sink/bounce_21590_00317.mp4,failed,1.113859,0.000000,0.000000,1.113964,2026-05-28 22:06:02
318,source,21870,bounce_21870_00318.mp4,/home/jetson/Desktop/cv_output/bounce_clips/source/bounce_21870_00318.mp4,ok,1.098398,0.000094,0.558078,1.656600,2026-05-28 22:06:04
318,sink,21870,bounce_21870_00318.mp4,/home/jetson/Desktop/cv_output/bounce_clips/sink/bounce_21870_00318.mp4,ok,0.524200,0.000092,0.543704,1.068024,2026-05-28 22:06:05
318,hq,21870,bounce_21870_00318.mp4,/home/jetson/Desktop/cv_output/bounce_clips/hq/bounce_21870_00318.mp4,ok,0.647566,0.000086,0.432564,1.080245,2026-05-28 22:06:06
320,source,21931,bounce_21931_00320.mp4,/home/jetson/Desktop/cv_output/bounce_clips/source/bounce_21931_00320.mp4,ok,1.463786,0.000095,0.486548,1.950460,2026-05-28 22:06:08
320,sink,21931,bounce_21931_00320.mp4,/home/jetson/Desktop/cv_output/bounce_clips/sink/bounce_21931_00320.mp4,ok,0.684669,0.000093,0.369344,1.054136,2026-05-28 22:06:09
320,hq,21931,bounce_21931_00320.mp4,/home/jetson/Desktop/cv_output/bounce_clips/hq/bounce_21931_00320.mp4,ok,0.531489,0.000110,4.143009,4.674642,2026-05-28 22:06:14
322,source,21996,bounce_21996_00322.mp4,/home/jetson/Desktop/cv_output/bounce_clips/source/bounce_21996_00322.mp4,ok,0.846292,0.000082,0.470889,1.317291,2026-05-28 22:06:15
322,sink,21996,bounce_21996_00322.mp4,/home/jetson/Desktop/cv_output/bounce_clips/sink/bounce_21996_00322.mp4,ok,0.912046,0.000087,0.361879,1.274041,2026-05-28 22:06:16
322,hq,21996,bounce_21996_00322.mp4,/home/jetson/Desktop/cv_output/bounce_clips/hq/bounce_21996_00322.mp4,ok,2.632514,0.000076,0.436401,3.069015,2026-05-28 22:06:19
323,source,22047,bounce_22047_00323.mp4,/home/jetson/Desktop/cv_output/bounce_clips/source/bounce_22047_00323.mp4,ok,0.580150,0.000087,0.481542,1.061806,2026-05-28 22:06:20
323,sink,22047,bounce_22047_00323.mp4,/home/jetson/Desktop/cv_output/bounce_clips/sink/bounce_22047_00323.mp4,ok,0.605441,0.000089,0.636862,1.242420,2026-05-28 22:06:22
323,hq,22047,bounce_22047_00323.mp4,/home/jetson/Desktop/cv_output/bounce_clips/hq/bounce_22047_00323.mp4,ok,0.766425,0.000429,0.431354,1.198237,2026-05-28 22:06:23
324,source,22079,bounce_22079_00324.mp4,/home/jetson/Desktop/cv_output/bounce_clips/source/bounce_22079_00324.mp4,failed,0.246402,0.000000,0.000000,0.246505,2026-05-28 22:06:23
324,sink,22079,bounce_22079_00324.mp4,/home/jetson/Desktop/cv_output/bounce_clips/sink/bounce_22079_00324.mp4,failed,0.223852,0.000000,0.000000,0.223943,2026-05-28 22:06:23
326,source,22169,bounce_22169_00326.mp4,/home/jetson/Desktop/cv_output/bounce_clips/source/bounce_22169_00326.mp4,ok,1.000005,0.000091,0.610650,1.610774,2026-05-28 22:06:25
326,sink,22169,bounce_22169_00326.mp4,/home/jetson/Desktop/cv_output/bounce_clips/sink/bounce_22169_00326.mp4,ok,0.597812,0.000093,0.576931,1.174867,2026-05-28 22:06:26
328,source,23531,bounce_23531_00328.mp4,/home/jetson/Desktop/cv_output/bounce_clips/source/bounce_23531_00328.mp4,ok,0.427541,0.000089,0.621369,1.049030,2026-05-28 22:06:27
328,sink,23531,bounce_23531_00328.mp4,/home/jetson/Desktop/cv_output/bounce_clips/sink/bounce_23531_00328.mp4,ok,1.581603,0.000096,0.445395,2.027123,2026-05-28 22:06:29
328,hq,23531,bounce_23531_00328.mp4,/home/jetson/Desktop/cv_output/bounce_clips/hq/bounce_23531_00328.mp4,ok,2.408005,0.000090,0.408691,2.816814,2026-05-28 22:06:32
329,source,23652,bounce_23652_00329.mp4,/home/jetson/Desktop/cv_output/bounce_clips/source/bounce_23652_00329.mp4,ok,0.434545,0.000088,0.511691,0.946353,2026-05-28 22:06:33
329,sink,23652,bounce_23652_00329.mp4,/home/jetson/Desktop/cv_output/bounce_clips/sink/bounce_23652_00329.mp4,ok,1.089213,0.000089,0.468385,1.557718,2026-05-28 22:06:35
329,hq,23652,bounce_23652_00329.mp4,/home/jetson/Desktop/cv_output/bounce_clips/hq/bounce_23652_00329.mp4,ok,1.475956,0.000088,0.392793,1.868864,2026-05-28 22:06:36
330,source,23855,bounce_23855_00330.mp4,/home/jetson/Desktop/cv_output/bounce_clips/source/bounce_23855_00330.mp4,ok,2.100713,0.000095,0.524167,2.625007,2026-05-28 22:06:39
330,sink,23855,bounce_23855_00330.mp4,/home/jetson/Desktop/cv_output/bounce_clips/sink/bounce_23855_00330.mp4,ok,0.413964,0.000107,0.353937,0.768036,2026-05-28 22:06:40
330,hq,23855,bounce_23855_00330.mp4,/home/jetson/Desktop/cv_output/bounce_clips/hq/bounce_23855_00330.mp4,ok,2.721104,0.000089,0.437068,3.158290,2026-05-28 22:06:43
331,source,23891,bounce_23891_00331.mp4,/home/jetson/Desktop/cv_output/bounce_clips/source/bounce_23891_00331.mp4,ok,0.265988,0.000086,0.338441,0.604543,2026-05-28 22:06:44
331,sink,23891,bounce_23891_00331.mp4,/home/jetson/Desktop/cv_output/bounce_clips/sink/bounce_23891_00331.mp4,ok,0.479292,0.006624,0.614276,1.101137,2026-05-28 22:06:45
331,hq,23891,bounce_23891_00331.mp4,/home/jetson/Desktop/cv_output/bounce_clips/hq/bounce_23891_00331.mp4,ok,0.456296,0.000090,0.529129,0.985543,2026-05-28 22:06:46
332,source,24263,bounce_24263_00332.mp4,/home/jetson/Desktop/cv_output/bounce_clips/source/bounce_24263_00332.mp4,ok,0.921384,0.000082,0.339024,1.260522,2026-05-28 22:06:47
332,sink,24263,bounce_24263_00332.mp4,/home/jetson/Desktop/cv_output/bounce_clips/sink/bounce_24263_00332.mp4,ok,0.299176,0.000103,0.414552,0.713866,2026-05-28 22:06:48
332,hq,24263,bounce_24263_00332.mp4,/home/jetson/Desktop/cv_output/bounce_clips/hq/bounce_24263_00332.mp4,ok,2.680374,0.000105,0.397978,3.078488,2026-05-28 22:06:51
335,source,24493,bounce_24493_00335.mp4,/home/jetson/Desktop/cv_output/bounce_clips/source/bounce_24493_00335.mp4,ok,0.523962,0.000091,0.402337,0.926421,2026-05-28 22:06:52
335,sink,24493,bounce_24493_00335.mp4,/home/jetson/Desktop/cv_output/bounce_clips/sink/bounce_24493_00335.mp4,ok,2.019165,0.000110,0.325394,2.344697,2026-05-28 22:06:54
335,hq,24493,bounce_24493_00335.mp4,/home/jetson/Desktop/cv_output/bounce_clips/hq/bounce_24493_00335.mp4,ok,2.402708,0.000087,0.459183,2.862006,2026-05-28 22:06:57
336,source,24543,bounce_24543_00336.mp4,/home/jetson/Desktop/cv_output/bounce_clips/source/bounce_24543_00336.mp4,ok,0.541263,0.000085,0.418152,0.959529,2026-05-28 22:06:58
336,sink,24543,bounce_24543_00336.mp4,/home/jetson/Desktop/cv_output/bounce_clips/sink/bounce_24543_00336.mp4,ok,0.310236,0.000090,0.425007,0.735364,2026-05-28 22:06:59
336,hq,24543,bounce_24543_00336.mp4,/home/jetson/Desktop/cv_output/bounce_clips/hq/bounce_24543_00336.mp4,ok,1.490107,0.000089,0.495069,1.985295,2026-05-28 22:07:01
337,source,24580,bounce_24580_00337.mp4,/home/jetson/Desktop/cv_output/bounce_clips/source/bounce_24580_00337.mp4,ok,0.286078,0.000086,0.543863,0.830057,2026-05-28 22:07:01
337,sink,24580,bounce_24580_00337.mp4,/home/jetson/Desktop/cv_output/bounce_clips/sink/bounce_24580_00337.mp4,ok,0.291750,0.000079,0.353431,0.645284,2026-05-28 22:07:02
337,hq,24580,bounce_24580_00337.mp4,/home/jetson/Desktop/cv_output/bounce_clips/hq/bounce_24580_00337.mp4,ok,0.367147,0.000092,0.423793,0.791061,2026-05-28 22:07:03
342,source,24929,bounce_24929_00342.mp4,/home/jetson/Desktop/cv_output/bounce_clips/source/bounce_24929_00342.mp4,ok,1.183876,0.000088,0.523368,1.707361,2026-05-28 22:07:05
342,sink,24929,bounce_24929_00342.mp4,/home/jetson/Desktop/cv_output/bounce_clips/sink/bounce_24929_00342.mp4,ok,0.557286,0.000106,0.515623,1.073045,2026-05-28 22:07:06
342,hq,24929,bounce_24929_00342.mp4,/home/jetson/Desktop/cv_output/bounce_clips/hq/bounce_24929_00342.mp4,ok,1.897758,0.000094,0.450507,2.348387,2026-05-28 22:07:08
343,source,24983,bounce_24983_00343.mp4,/home/jetson/Desktop/cv_output/bounce_clips/source/bounce_24983_00343.mp4,ok,0.426465,0.000082,0.523352,0.949927,2026-05-28 22:07:09
343,sink,24983,bounce_24983_00343.mp4,/home/jetson/Desktop/cv_output/bounce_clips/sink/bounce_24983_00343.mp4,ok,0.569104,0.000084,0.417098,0.986312,2026-05-28 22:07:10
343,hq,24983,bounce_24983_00343.mp4,/home/jetson/Desktop/cv_output/bounce_clips/hq/bounce_24983_00343.mp4,ok,0.476928,0.000090,0.587424,1.064475,2026-05-28 22:07:11
345,source,25140,bounce_25140_00345.mp4,/home/jetson/Desktop/cv_output/bounce_clips/source/bounce_25140_00345.mp4,ok,3.638751,0.000089,0.441384,4.080252,2026-05-28 22:07:15
345,sink,25140,bounce_25140_00345.mp4,/home/jetson/Desktop/cv_output/bounce_clips/sink/bounce_25140_00345.mp4,ok,1.896340,0.000101,0.357784,2.254253,2026-05-28 22:07:17
345,hq,25140,bounce_25140_00345.mp4,/home/jetson/Desktop/cv_output/bounce_clips/hq/bounce_25140_00345.mp4,ok,0.763062,0.000093,0.576431,1.339616,2026-05-28 22:07:19
346,source,25181,bounce_25181_00346.mp4,/home/jetson/Desktop/cv_output/bounce_clips/source/bounce_25181_00346.mp4,ok,0.453296,0.000082,0.508153,0.961559,2026-05-28 22:07:20
346,sink,25181,bounce_25181_00346.mp4,/home/jetson/Desktop/cv_output/bounce_clips/sink/bounce_25181_00346.mp4,ok,0.286844,0.000087,0.378310,0.665272,2026-05-28 22:07:20
346,hq,25181,bounce_25181_00346.mp4,/home/jetson/Desktop/cv_output/bounce_clips/hq/bounce_25181_00346.mp4,ok,0.316761,0.000086,0.539205,0.856077,2026-05-28 22:07:21
349,source,25243,bounce_25243_00349.mp4,/home/jetson/Desktop/cv_output/bounce_clips/source/bounce_25243_00349.mp4,failed,0.689167,0.000000,0.000000,0.689296,2026-05-28 22:07:22
349,sink,25243,bounce_25243_00349.mp4,/home/jetson/Desktop/cv_output/bounce_clips/sink/bounce_25243_00349.mp4,failed,2.141549,0.000000,0.000000,2.141664,2026-05-28 22:07:24
350,source,25370,bounce_25370_00350.mp4,/home/jetson/Desktop/cv_output/bounce_clips/source/bounce_25370_00350.mp4,ok,1.525817,0.000132,0.521583,2.047571,2026-05-28 22:07:26
350,sink,25370,bounce_25370_00350.mp4,/home/jetson/Desktop/cv_output/bounce_clips/sink/bounce_25370_00350.mp4,ok,1.215909,0.000084,0.342770,1.558796,2026-05-28 22:07:28
350,hq,25370,bounce_25370_00350.mp4,/home/jetson/Desktop/cv_output/bounce_clips/hq/bounce_25370_00350.mp4,ok,0.478093,0.000086,0.676940,1.155603,2026-05-28 22:07:29
351,source,25494,bounce_25494_00351.mp4,/home/jetson/Desktop/cv_output/bounce_clips/source/bounce_25494_00351.mp4,ok,1.794624,0.000088,0.322264,2.117009,2026-05-28 22:07:31
351,sink,25494,bounce_25494_00351.mp4,/home/jetson/Desktop/cv_output/bounce_clips/sink/bounce_25494_00351.mp4,ok,0.996853,0.000091,0.418441,1.415414,2026-05-28 22:07:32
351,hq,25494,bounce_25494_00351.mp4,/home/jetson/Desktop/cv_output/bounce_clips/hq/bounce_25494_00351.mp4,ok,0.728731,0.000092,0.443850,1.172703,2026-05-28 22:07:34
352,source,25544,bounce_25544_00352.mp4,/home/jetson/Desktop/cv_output/bounce_clips/source/bounce_25544_00352.mp4,ok,1.604419,0.000089,0.416372,2.020909,2026-05-28 22:07:36
352,sink,25544,bounce_25544_00352.mp4,/home/jetson/Desktop/cv_output/bounce_clips/sink/bounce_25544_00352.mp4,ok,0.264459,0.000117,0.780603,1.045212,2026-05-28 22:07:37
352,hq,25544,bounce_25544_00352.mp4,/home/jetson/Desktop/cv_output/bounce_clips/hq/bounce_25544_00352.mp4,ok,0.699368,0.000085,0.398238,1.097719,2026-05-28 22:07:38
353,source,25577,bounce_25577_00353.mp4,/home/jetson/Desktop/cv_output/bounce_clips/source/bounce_25577_00353.mp4,ok,0.246461,0.000093,0.394223,0.640825,2026-05-28 22:07:38
353,sink,25577,bounce_25577_00353.mp4,/home/jetson/Desktop/cv_output/bounce_clips/sink/bounce_25577_00353.mp4,ok,0.379578,0.000086,0.349767,0.729459,2026-05-28 22:07:39
353,hq,25577,bounce_25577_00353.mp4,/home/jetson/Desktop/cv_output/bounce_clips/hq/bounce_25577_00353.mp4,ok,0.279302,0.000079,0.537851,0.817259,2026-05-28 22:07:40
354,source,25595,bounce_25595_00354.mp4,/home/jetson/Desktop/cv_output/bounce_clips/source/bounce_25595_00354.mp4,ok,0.249351,0.000087,0.507065,0.756533,2026-05-28 22:07:41
354,sink,25595,bounce_25595_00354.mp4,/home/jetson/Desktop/cv_output/bounce_clips/sink/bounce_25595_00354.mp4,ok,0.204822,0.000088,0.544327,0.749264,2026-05-28 22:07:42
354,hq,25595,bounce_25595_00354.mp4,/home/jetson/Desktop/cv_output/bounce_clips/hq/bounce_25595_00354.mp4,ok,0.438479,0.000083,0.376478,0.815068,2026-05-28 22:07:42
355,source,25666,bounce_25666_00355.mp4,/home/jetson/Desktop/cv_output/bounce_clips/source/bounce_25666_00355.mp4,ok,1.747287,0.000089,0.454511,2.201917,2026-05-28 22:07:45
355,sink,25666,bounce_25666_00355.mp4,/home/jetson/Desktop/cv_output/bounce_clips/sink/bounce_25666_00355.mp4,ok,0.584141,0.000086,0.367916,0.952172,2026-05-28 22:07:46
355,hq,25666,bounce_25666_00355.mp4,/home/jetson/Desktop/cv_output/bounce_clips/hq/bounce_25666_00355.mp4,ok,0.502935,0.000087,0.366780,0.869831,2026-05-28 22:07:46
356,source,26075,bounce_26075_00356.mp4,/home/jetson/Desktop/cv_output/bounce_clips/source/bounce_26075_00356.mp4,ok,1.449313,0.000088,0.512264,1.961696,2026-05-28 22:07:48
356,sink,26075,bounce_26075_00356.mp4,/home/jetson/Desktop/cv_output/bounce_clips/sink/bounce_26075_00356.mp4,ok,0.549014,0.000089,0.387641,0.936772,2026-05-28 22:07:49
356,hq,26075,bounce_26075_00356.mp4,/home/jetson/Desktop/cv_output/bounce_clips/hq/bounce_26075_00356.mp4,ok,2.521087,0.000091,0.613094,3.134301,2026-05-28 22:07:52
357,source,26131,bounce_26131_00357.mp4,/home/jetson/Desktop/cv_output/bounce_clips/source/bounce_26131_00357.mp4,ok,1.095783,0.000085,0.463294,1.559193,2026-05-28 22:07:54
357,sink,26131,bounce_26131_00357.mp4,/home/jetson/Desktop/cv_output/bounce_clips/sink/bounce_26131_00357.mp4,ok,0.394559,0.000094,0.592189,0.986874,2026-05-28 22:07:55
357,hq,26131,bounce_26131_00357.mp4,/home/jetson/Desktop/cv_output/bounce_clips/hq/bounce_26131_00357.mp4,ok,0.656552,0.000130,0.406824,1.063532,2026-05-28 22:07:56
360,source,26224,bounce_26224_00360.mp4,/home/jetson/Desktop/cv_output/bounce_clips/source/bounce_26224_00360.mp4,ok,4.622018,0.000098,0.580508,5.202654,2026-05-28 22:08:01
360,sink,26224,bounce_26224_00360.mp4,/home/jetson/Desktop/cv_output/bounce_clips/sink/bounce_26224_00360.mp4,ok,1.501162,0.000078,0.418396,1.919664,2026-05-28 22:08:03
360,hq,26224,bounce_26224_00360.mp4,/home/jetson/Desktop/cv_output/bounce_clips/hq/bounce_26224_00360.mp4,ok,1.718479,0.000092,0.735328,2.453929,2026-05-28 22:08:06
361,source,26407,bounce_26407_00361.mp4,/home/jetson/Desktop/cv_output/bounce_clips/source/bounce_26407_00361.mp4,ok,0.711982,0.000086,0.350768,1.062864,2026-05-28 22:08:07
361,sink,26407,bounce_26407_00361.mp4,/home/jetson/Desktop/cv_output/bounce_clips/sink/bounce_26407_00361.mp4,ok,1.568188,0.000305,0.554021,2.122542,2026-05-28 22:08:09
361,hq,26407,bounce_26407_00361.mp4,/home/jetson/Desktop/cv_output/bounce_clips/hq/bounce_26407_00361.mp4,ok,1.044992,0.000094,0.524141,1.569257,2026-05-28 22:08:10
363,source,26464,bounce_26464_00363.mp4,/home/jetson/Desktop/cv_output/bounce_clips/source/bounce_26464_00363.mp4,ok,0.858037,0.000091,0.499915,1.358075,2026-05-28 22:08:12
363,sink,26464,bounce_26464_00363.mp4,/home/jetson/Desktop/cv_output/bounce_clips/sink/bounce_26464_00363.mp4,ok,1.576370,0.000090,0.345869,1.922358,2026-05-28 22:08:14
364,source,26690,bounce_26690_00364.mp4,/home/jetson/Desktop/cv_output/bounce_clips/source/bounce_26690_00364.mp4,ok,1.772623,0.000084,0.498266,2.271001,2026-05-28 22:08:16
364,sink,26690,bounce_26690_00364.mp4,/home/jetson/Desktop/cv_output/bounce_clips/sink/bounce_26690_00364.mp4,ok,0.816129,0.000091,0.327899,1.144150,2026-05-28 22:08:17
364,hq,26690,bounce_26690_00364.mp4,/home/jetson/Desktop/cv_output/bounce_clips/hq/bounce_26690_00364.mp4,ok,0.700977,0.000090,0.799211,1.500309,2026-05-28 22:08:19
365,source,26737,bounce_26737_00365.mp4,/home/jetson/Desktop/cv_output/bounce_clips/source/bounce_26737_00365.mp4,ok,1.431661,0.000084,0.403012,1.834787,2026-05-28 22:08:21
365,sink,26737,bounce_26737_00365.mp4,/home/jetson/Desktop/cv_output/bounce_clips/sink/bounce_26737_00365.mp4,ok,0.213366,0.000092,0.315311,0.528797,2026-05-28 22:08:21
365,hq,26737,bounce_26737_00365.mp4,/home/jetson/Desktop/cv_output/bounce_clips/hq/bounce_26737_00365.mp4,ok,0.383635,0.000079,0.495644,0.879386,2026-05-28 22:08:22
367,source,26786,bounce_26786_00367.mp4,/home/jetson/Desktop/cv_output/bounce_clips/source/bounce_26786_00367.mp4,ok,0.514365,0.000127,0.530770,1.045292,2026-05-28 22:08:23
367,sink,26786,bounce_26786_00367.mp4,/home/jetson/Desktop/cv_output/bounce_clips/sink/bounce_26786_00367.mp4,ok,0.361064,0.000095,0.429257,0.790445,2026-05-28 22:08:24
367,hq,26786,bounce_26786_00367.mp4,/home/jetson/Desktop/cv_output/bounce_clips/hq/bounce_26786_00367.mp4,ok,0.467319,0.000085,0.358773,0.826207,2026-05-28 22:08:25
369,source,26837,bounce_26837_00369.mp4,/home/jetson/Desktop/cv_output/bounce_clips/source/bounce_26837_00369.mp4,ok,0.998209,0.000089,1.398001,2.396334,2026-05-28 22:08:27
369,sink,26837,bounce_26837_00369.mp4,/home/jetson/Desktop/cv_output/bounce_clips/sink/bounce_26837_00369.mp4,ok,0.544401,0.000121,0.507052,1.051605,2026-05-28 22:08:28
369,hq,26837,bounce_26837_00369.mp4,/home/jetson/Desktop/cv_output/bounce_clips/hq/bounce_26837_00369.mp4,ok,1.707583,0.000090,0.423145,2.130848,2026-05-28 22:08:30
371,source,26895,bounce_26895_00371.mp4,/home/jetson/Desktop/cv_output/bounce_clips/source/bounce_26895_00371.mp4,ok,0.483835,0.000088,0.500152,0.984106,2026-05-28 22:08:31
371,sink,26895,bounce_26895_00371.mp4,/home/jetson/Desktop/cv_output/bounce_clips/sink/bounce_26895_00371.mp4,ok,0.815490,0.000090,0.408439,1.224049,2026-05-28 22:08:32
371,hq,26895,bounce_26895_00371.mp4,/home/jetson/Desktop/cv_output/bounce_clips/hq/bounce_26895_00371.mp4,ok,0.556146,0.000085,1.334198,1.890457,2026-05-28 22:08:34
372,source,26940,bounce_26940_00372.mp4,/home/jetson/Desktop/cv_output/bounce_clips/source/bounce_26940_00372.mp4,ok,0.705550,0.000098,0.447070,1.152757,2026-05-28 22:08:36
372,sink,26940,bounce_26940_00372.mp4,/home/jetson/Desktop/cv_output/bounce_clips/sink/bounce_26940_00372.mp4,ok,0.293332,0.000085,0.516446,0.809890,2026-05-28 22:08:36
372,hq,26940,bounce_26940_00372.mp4,/home/jetson/Desktop/cv_output/bounce_clips/hq/bounce_26940_00372.mp4,ok,0.497914,0.000091,0.360347,0.858379,2026-05-28 22:08:37
374,source,27153,bounce_27153_00374.mp4,/home/jetson/Desktop/cv_output/bounce_clips/source/bounce_27153_00374.mp4,ok,2.079826,0.000084,0.394165,2.474103,2026-05-28 22:08:40
374,sink,27153,bounce_27153_00374.mp4,/home/jetson/Desktop/cv_output/bounce_clips/sink/bounce_27153_00374.mp4,ok,0.338725,0.000086,0.320952,0.659792,2026-05-28 22:08:40
375,source,27303,bounce_27303_00375.mp4,/home/jetson/Desktop/cv_output/bounce_clips/source/bounce_27303_00375.mp4,ok,3.711909,0.000092,0.370614,4.082648,2026-05-28 22:08:44
375,sink,27303,bounce_27303_00375.mp4,/home/jetson/Desktop/cv_output/bounce_clips/sink/bounce_27303_00375.mp4,ok,1.949385,0.000092,0.535202,2.484709,2026-05-28 22:08:47
375,hq,27303,bounce_27303_00375.mp4,/home/jetson/Desktop/cv_output/bounce_clips/hq/bounce_27303_00375.mp4,ok,2.349846,0.000086,0.499291,2.849251,2026-05-28 22:08:50
377,source,27368,bounce_27368_00377.mp4,/home/jetson/Desktop/cv_output/bounce_clips/source/bounce_27368_00377.mp4,ok,0.634018,0.000085,0.435380,1.069511,2026-05-28 22:08:51
377,sink,27368,bounce_27368_00377.mp4,/home/jetson/Desktop/cv_output/bounce_clips/sink/bounce_27368_00377.mp4,ok,0.595530,0.000089,0.485398,1.081047,2026-05-28 22:08:52
377,hq,27368,bounce_27368_00377.mp4,/home/jetson/Desktop/cv_output/bounce_clips/hq/bounce_27368_00377.mp4,ok,0.573695,0.000088,1.235428,1.809241,2026-05-28 22:08:54
381,source,27712,bounce_27712_00381.mp4,/home/jetson/Desktop/cv_output/bounce_clips/source/bounce_27712_00381.mp4,ok,1.890735,0.000086,0.955089,2.845940,2026-05-28 22:08:57
381,sink,27712,bounce_27712_00381.mp4,/home/jetson/Desktop/cv_output/bounce_clips/sink/bounce_27712_00381.mp4,ok,1.632207,0.000103,0.460775,2.093117,2026-05-28 22:08:59
381,hq,27712,bounce_27712_00381.mp4,/home/jetson/Desktop/cv_output/bounce_clips/hq/bounce_27712_00381.mp4,ok,0.647489,0.000080,0.521161,1.168760,2026-05-28 22:09:00
382,source,27751,bounce_27751_00382.mp4,/home/jetson/Desktop/cv_output/bounce_clips/source/bounce_27751_00382.mp4,ok,0.356955,0.000089,0.494038,0.851115,2026-05-28 22:09:01
382,sink,27751,bounce_27751_00382.mp4,/home/jetson/Desktop/cv_output/bounce_clips/sink/bounce_27751_00382.mp4,ok,0.613480,0.000090,0.544029,1.157629,2026-05-28 22:09:02
382,hq,27751,bounce_27751_00382.mp4,/home/jetson/Desktop/cv_output/bounce_clips/hq/bounce_27751_00382.mp4,ok,0.447362,0.000081,0.304163,0.751634,2026-05-28 22:09:03
383,source,27831,bounce_27831_00383.mp4,/home/jetson/Desktop/cv_output/bounce_clips/source/bounce_27831_00383.mp4,failed,2.403202,0.000000,0.000000,2.403309,2026-05-28 22:09:05
383,sink,27831,bounce_27831_00383.mp4,/home/jetson/Desktop/cv_output/bounce_clips/sink/bounce_27831_00383.mp4,failed,0.515400,0.000000,0.000000,0.515511,2026-05-28 22:09:06
385,source,28175,bounce_28175_00385.mp4,/home/jetson/Desktop/cv_output/bounce_clips/source/bounce_28175_00385.mp4,ok,1.913544,0.000079,0.306075,2.219726,2026-05-28 22:09:08
385,sink,28175,bounce_28175_00385.mp4,/home/jetson/Desktop/cv_output/bounce_clips/sink/bounce_28175_00385.mp4,ok,0.367422,0.000091,0.408359,0.775903,2026-05-28 22:09:09
385,hq,28175,bounce_28175_00385.mp4,/home/jetson/Desktop/cv_output/bounce_clips/hq/bounce_28175_00385.mp4,ok,2.486752,0.000085,0.335208,2.822074,2026-05-28 22:09:11
386,source,28216,bounce_28216_00386.mp4,/home/jetson/Desktop/cv_output/bounce_clips/source/bounce_28216_00386.mp4,failed,0.214363,0.000000,0.000000,0.214469,2026-05-28 22:09:12
386,sink,28216,bounce_28216_00386.mp4,/home/jetson/Desktop/cv_output/bounce_clips/sink/bounce_28216_00386.mp4,failed,0.446064,0.000000,0.000000,0.446200,2026-05-28 22:09:13
387,source,28254,bounce_28254_00387.mp4,/home/jetson/Desktop/cv_output/bounce_clips/source/bounce_28254_00387.mp4,ok,0.427665,0.000166,0.457227,0.885093,2026-05-28 22:09:14
387,sink,28254,bounce_28254_00387.mp4,/home/jetson/Desktop/cv_output/bounce_clips/sink/bounce_28254_00387.mp4,ok,0.355687,0.000091,0.490089,0.845896,2026-05-28 22:09:14
387,hq,28254,bounce_28254_00387.mp4,/home/jetson/Desktop/cv_output/bounce_clips/hq/bounce_28254_00387.mp4,ok,0.544322,0.000086,0.378698,0.923135,2026-05-28 22:09:15
388,source,28259,bounce_28259_00388.mp4,/home/jetson/Desktop/cv_output/bounce_clips/source/bounce_28259_00388.mp4,ok,0.965789,0.000079,0.377309,1.343205,2026-05-28 22:09:17
388,sink,28259,bounce_28259_00388.mp4,/home/jetson/Desktop/cv_output/bounce_clips/sink/bounce_28259_00388.mp4,ok,1.751551,0.000090,0.459992,2.211661,2026-05-28 22:09:19
388,hq,28259,bounce_28259_00388.mp4,/home/jetson/Desktop/cv_output/bounce_clips/hq/bounce_28259_00388.mp4,ok,0.287161,0.000095,0.449194,0.736480,2026-05-28 22:09:20
390,source,28578,bounce_28578_00390.mp4,/home/jetson/Desktop/cv_output/bounce_clips/source/bounce_28578_00390.mp4,ok,0.364853,0.000089,0.431227,0.796198,2026-05-28 22:09:20
390,sink,28578,bounce_28578_00390.mp4,/home/jetson/Desktop/cv_output/bounce_clips/sink/bounce_28578_00390.mp4,ok,2.275314,0.000090,0.456200,2.731632,2026-05-28 22:09:23
390,hq,28578,bounce_28578_00390.mp4,/home/jetson/Desktop/cv_output/bounce_clips/hq/bounce_28578_00390.mp4,ok,1.707753,0.000091,0.355706,2.063580,2026-05-28 22:09:25
391,source,28620,bounce_28620_00391.mp4,/home/jetson/Desktop/cv_output/bounce_clips/source/bounce_28620_00391.mp4,ok,0.889637,0.000095,0.454639,1.344403,2026-05-28 22:09:27
391,sink,28620,bounce_28620_00391.mp4,/home/jetson/Desktop/cv_output/bounce_clips/sink/bounce_28620_00391.mp4,ok,0.316007,0.000084,0.549246,0.865365,2026-05-28 22:09:27
391,hq,28620,bounce_28620_00391.mp4,/home/jetson/Desktop/cv_output/bounce_clips/hq/bounce_28620_00391.mp4,ok,1.163389,0.000089,0.535005,1.698513,2026-05-28 22:09:29
392,source,28653,bounce_28653_00392.mp4,/home/jetson/Desktop/cv_output/bounce_clips/source/bounce_28653_00392.mp4,ok,0.257149,0.000088,0.358923,0.616188,2026-05-28 22:09:30
392,sink,28653,bounce_28653_00392.mp4,/home/jetson/Desktop/cv_output/bounce_clips/sink/bounce_28653_00392.mp4,ok,0.185543,0.000076,0.362633,0.548278,2026-05-28 22:09:30
392,hq,28653,bounce_28653_00392.mp4,/home/jetson/Desktop/cv_output/bounce_clips/hq/bounce_28653_00392.mp4,ok,0.498032,0.000090,0.513957,1.012111,2026-05-28 22:09:31
395,source,28987,bounce_28987_00395.mp4,/home/jetson/Desktop/cv_output/bounce_clips/source/bounce_28987_00395.mp4,failed,0.350897,0.000000,0.000000,0.351000,2026-05-28 22:09:32
395,sink,28987,bounce_28987_00395.mp4,/home/jetson/Desktop/cv_output/bounce_clips/sink/bounce_28987_00395.mp4,failed,1.538571,0.000000,0.000000,1.538704,2026-05-28 22:09:33
397,source,29053,bounce_29053_00397.mp4,/home/jetson/Desktop/cv_output/bounce_clips/source/bounce_29053_00397.mp4,ok,0.637606,0.000086,0.441724,1.079449,2026-05-28 22:09:34
397,sink,29053,bounce_29053_00397.mp4,/home/jetson/Desktop/cv_output/bounce_clips/sink/bounce_29053_00397.mp4,ok,0.773746,0.000085,0.528337,1.302193,2026-05-28 22:09:36
397,hq,29053,bounce_29053_00397.mp4,/home/jetson/Desktop/cv_output/bounce_clips/hq/bounce_29053_00397.mp4,ok,2.541210,0.000127,0.515316,3.056684,2026-05-28 22:09:39
399,source,29147,bounce_29147_00399.mp4,/home/jetson/Desktop/cv_output/bounce_clips/source/bounce_29147_00399.mp4,ok,1.827137,0.000075,0.384387,2.211624,2026-05-28 22:09:41
399,sink,29147,bounce_29147_00399.mp4,/home/jetson/Desktop/cv_output/bounce_clips/sink/bounce_29147_00399.mp4,ok,0.525819,0.000092,0.619711,1.145652,2026-05-28 22:09:42
399,hq,29147,bounce_29147_00399.mp4,/home/jetson/Desktop/cv_output/bounce_clips/hq/bounce_29147_00399.mp4,ok,0.758458,0.000089,0.437847,1.196422,2026-05-28 22:09:43
400,source,29195,bounce_29195_00400.mp4,/home/jetson/Desktop/cv_output/bounce_clips/source/bounce_29195_00400.mp4,ok,0.297835,0.000086,0.421155,0.719104,2026-05-28 22:09:44
400,sink,29195,bounce_29195_00400.mp4,/home/jetson/Desktop/cv_output/bounce_clips/sink/bounce_29195_00400.mp4,ok,0.463029,0.000077,0.496301,0.959432,2026-05-28 22:09:45
400,hq,29195,bounce_29195_00400.mp4,/home/jetson/Desktop/cv_output/bounce_clips/hq/bounce_29195_00400.mp4,ok,2.924740,0.000082,0.403733,3.328583,2026-05-28 22:09:48
401,source,29510,bounce_29510_00401.mp4,/home/jetson/Desktop/cv_output/bounce_clips/source/bounce_29510_00401.mp4,ok,1.794364,0.000089,0.503638,2.298119,2026-05-28 22:09:51
401,sink,29510,bounce_29510_00401.mp4,/home/jetson/Desktop/cv_output/bounce_clips/sink/bounce_29510_00401.mp4,ok,1.139986,0.000092,0.579721,1.719829,2026-05-28 22:09:52
401,hq,29510,bounce_29510_00401.mp4,/home/jetson/Desktop/cv_output/bounce_clips/hq/bounce_29510_00401.mp4,ok,2.446290,0.000084,0.719571,3.165971,2026-05-28 22:09:56
402,source,29562,bounce_29562_00402.mp4,/home/jetson/Desktop/cv_output/bounce_clips/source/bounce_29562_00402.mp4,failed,0.464457,0.000000,0.000000,0.464560,2026-05-28 22:09:56
402,sink,29562,bounce_29562_00402.mp4,/home/jetson/Desktop/cv_output/bounce_clips/sink/bounce_29562_00402.mp4,failed,1.226411,0.000000,0.000000,1.226536,2026-05-28 22:09:57
404,source,29633,bounce_29633_00404.mp4,/home/jetson/Desktop/cv_output/bounce_clips/source/bounce_29633_00404.mp4,ok,1.809335,0.000088,0.629520,2.438972,2026-05-28 22:10:00
404,sink,29633,bounce_29633_00404.mp4,/home/jetson/Desktop/cv_output/bounce_clips/sink/bounce_29633_00404.mp4,ok,0.860586,0.000154,0.694806,1.555580,2026-05-28 22:10:01
404,hq,29633,bounce_29633_00404.mp4,/home/jetson/Desktop/cv_output/bounce_clips/hq/bounce_29633_00404.mp4,ok,0.766267,0.000096,0.501852,1.268245,2026-05-28 22:10:03
406,source,29699,bounce_29699_00406.mp4,/home/jetson/Desktop/cv_output/bounce_clips/source/bounce_29699_00406.mp4,ok,0.584852,0.000090,0.716262,1.301233,2026-05-28 22:10:04
406,sink,29699,bounce_29699_00406.mp4,/home/jetson/Desktop/cv_output/bounce_clips/sink/bounce_29699_00406.mp4,ok,2.253377,0.000089,0.345800,2.599299,2026-05-28 22:10:06
406,hq,29699,bounce_29699_00406.mp4,/home/jetson/Desktop/cv_output/bounce_clips/hq/bounce_29699_00406.mp4,ok,0.662591,0.000088,0.445107,1.107816,2026-05-28 22:10:08
407,source,29788,bounce_29788_00407.mp4,/home/jetson/Desktop/cv_output/bounce_clips/source/bounce_29788_00407.mp4,ok,0.925742,0.000085,0.494497,1.420354,2026-05-28 22:10:09
407,sink,29788,bounce_29788_00407.mp4,/home/jetson/Desktop/cv_output/bounce_clips/sink/bounce_29788_00407.mp4,ok,0.437055,0.000088,0.645322,1.082493,2026-05-28 22:10:10
407,hq,29788,bounce_29788_00407.mp4,/home/jetson/Desktop/cv_output/bounce_clips/hq/bounce_29788_00407.mp4,ok,1.034569,0.000083,0.425819,1.460501,2026-05-28 22:10:12
408,source,29807,bounce_29807_00408.mp4,/home/jetson/Desktop/cv_output/bounce_clips/source/bounce_29807_00408.mp4,ok,0.197232,0.000088,0.439615,0.636966,2026-05-28 22:10:12
408,sink,29807,bounce_29807_00408.mp4,/home/jetson/Desktop/cv_output/bounce_clips/sink/bounce_29807_00408.mp4,ok,0.345107,0.000078,0.479859,0.825068,2026-05-28 22:10:13
408,hq,29807,bounce_29807_00408.mp4,/home/jetson/Desktop/cv_output/bounce_clips/hq/bounce_29807_00408.mp4,ok,0.520358,0.000085,0.562102,1.082575,2026-05-28 22:10:14
410,source,29958,bounce_29958_00410.mp4,/home/jetson/Desktop/cv_output/bounce_clips/source/bounce_29958_00410.mp4,ok,1.949013,0.000084,0.568106,2.517234,2026-05-28 22:10:17
410,sink,29958,bounce_29958_00410.mp4,/home/jetson/Desktop/cv_output/bounce_clips/sink/bounce_29958_00410.mp4,ok,2.008410,0.000093,1.641286,3.649819,2026-05-28 22:10:20
410,hq,29958,bounce_29958_00410.mp4,/home/jetson/Desktop/cv_output/bounce_clips/hq/bounce_29958_00410.mp4,ok,1.837208,0.000093,0.495387,2.332717,2026-05-28 22:10:23
411,source,29994,bounce_29994_00411.mp4,/home/jetson/Desktop/cv_output/bounce_clips/source/bounce_29994_00411.mp4,ok,0.339525,0.000091,0.499741,0.839389,2026-05-28 22:10:23
411,sink,29994,bounce_29994_00411.mp4,/home/jetson/Desktop/cv_output/bounce_clips/sink/bounce_29994_00411.mp4,ok,0.341173,0.000086,0.418758,0.760047,2026-05-28 22:10:24
411,hq,29994,bounce_29994_00411.mp4,/home/jetson/Desktop/cv_output/bounce_clips/hq/bounce_29994_00411.mp4,ok,0.410527,0.000078,0.469458,0.880092,2026-05-28 22:10:25
414,source,30048,bounce_30048_00414.mp4,/home/jetson/Desktop/cv_output/bounce_clips/source/bounce_30048_00414.mp4,ok,0.386876,0.000087,0.468700,0.855695,2026-05-28 22:10:26
414,sink,30048,bounce_30048_00414.mp4,/home/jetson/Desktop/cv_output/bounce_clips/sink/bounce_30048_00414.mp4,ok,1.134642,0.000086,0.475123,1.609877,2026-05-28 22:10:28
414,hq,30048,bounce_30048_00414.mp4,/home/jetson/Desktop/cv_output/bounce_clips/hq/bounce_30048_00414.mp4,ok,0.609648,0.000086,0.582181,1.191945,2026-05-28 22:10:29
417,source,30152,bounce_30152_00417.mp4,/home/jetson/Desktop/cv_output/bounce_clips/source/bounce_30152_00417.mp4,ok,2.004241,0.000088,0.518528,2.522887,2026-05-28 22:10:31
417,sink,30152,bounce_30152_00417.mp4,/home/jetson/Desktop/cv_output/bounce_clips/sink/bounce_30152_00417.mp4,ok,0.491153,0.000085,0.451103,0.942369,2026-05-28 22:10:32
417,hq,30152,bounce_30152_00417.mp4,/home/jetson/Desktop/cv_output/bounce_clips/hq/bounce_30152_00417.mp4,ok,0.913405,0.000088,0.834765,1.748287,2026-05-28 22:10:34
421,source,30391,bounce_30391_00421.mp4,/home/jetson/Desktop/cv_output/bounce_clips/source/bounce_30391_00421.mp4,ok,2.334474,0.000094,0.406716,2.741313,2026-05-28 22:10:37
421,sink,30391,bounce_30391_00421.mp4,/home/jetson/Desktop/cv_output/bounce_clips/sink/bounce_30391_00421.mp4,ok,0.582822,0.000085,0.567872,1.150807,2026-05-28 22:10:38
421,hq,30391,bounce_30391_00421.mp4,/home/jetson/Desktop/cv_output/bounce_clips/hq/bounce_30391_00421.mp4,ok,3.470556,0.000078,0.824240,4.294900,2026-05-28 22:10:42
422,source,30438,bounce_30438_00422.mp4,/home/jetson/Desktop/cv_output/bounce_clips/source/bounce_30438_00422.mp4,ok,0.545069,0.000084,0.747761,1.292942,2026-05-28 22:10:44
422,sink,30438,bounce_30438_00422.mp4,/home/jetson/Desktop/cv_output/bounce_clips/sink/bounce_30438_00422.mp4,ok,0.468414,0.000099,0.418284,0.886828,2026-05-28 22:10:44
422,hq,30438,bounce_30438_00422.mp4,/home/jetson/Desktop/cv_output/bounce_clips/hq/bounce_30438_00422.mp4,ok,2.117995,0.000088,0.411973,2.530084,2026-05-28 22:10:47
423,source,30468,bounce_30468_00423.mp4,/home/jetson/Desktop/cv_output/bounce_clips/source/bounce_30468_00423.mp4,ok,0.262663,0.000088,0.467735,0.730517,2026-05-28 22:10:48
423,sink,30468,bounce_30468_00423.mp4,/home/jetson/Desktop/cv_output/bounce_clips/sink/bounce_30468_00423.mp4,ok,0.293575,0.000085,0.494538,0.788227,2026-05-28 22:10:49
423,hq,30468,bounce_30468_00423.mp4,/home/jetson/Desktop/cv_output/bounce_clips/hq/bounce_30468_00423.mp4,ok,0.464438,0.000093,0.447431,0.911993,2026-05-28 22:10:49
425,source,30733,bounce_30733_00425.mp4,/home/jetson/Desktop/cv_output/bounce_clips/source/bounce_30733_00425.mp4,ok,0.542183,0.000090,0.599408,1.141712,2026-05-28 22:10:51
425,sink,30733,bounce_30733_00425.mp4,/home/jetson/Desktop/cv_output/bounce_clips/sink/bounce_30733_00425.mp4,ok,1.590003,0.000088,0.448557,2.038674,2026-05-28 22:10:53
425,hq,30733,bounce_30733_00425.mp4,/home/jetson/Desktop/cv_output/bounce_clips/hq/bounce_30733_00425.mp4,ok,4.707360,0.000099,0.377172,5.084661,2026-05-28 22:10:58
427,source,30830,bounce_30830_00427.mp4,/home/jetson/Desktop/cv_output/bounce_clips/source/bounce_30830_00427.mp4,ok,1.508046,0.000085,0.478795,1.986952,2026-05-28 22:11:00
427,sink,30830,bounce_30830_00427.mp4,/home/jetson/Desktop/cv_output/bounce_clips/sink/bounce_30830_00427.mp4,ok,3.394077,0.000154,1.088760,4.483040,2026-05-28 22:11:04
427,hq,30830,bounce_30830_00427.mp4,/home/jetson/Desktop/cv_output/bounce_clips/hq/bounce_30830_00427.mp4,ok,0.910889,0.000128,0.670874,1.581938,2026-05-28 22:11:06
428,source,30903,bounce_30903_00428.mp4,/home/jetson/Desktop/cv_output/bounce_clips/source/bounce_30903_00428.mp4,ok,0.770663,0.000138,0.641874,1.412721,2026-05-28 22:11:07
428,sink,30903,bounce_30903_00428.mp4,/home/jetson/Desktop/cv_output/bounce_clips/sink/bounce_30903_00428.mp4,ok,2.125839,0.000088,0.314588,2.440543,2026-05-28 22:11:10
428,hq,30903,bounce_30903_00428.mp4,/home/jetson/Desktop/cv_output/bounce_clips/hq/bounce_30903_00428.mp4,ok,1.259020,0.000077,0.697407,1.956527,2026-05-28 22:11:12
430,source,31117,bounce_31117_00430.mp4,/home/jetson/Desktop/cv_output/bounce_clips/source/bounce_31117_00430.mp4,ok,1.248311,0.000080,0.423959,1.672377,2026-05-28 22:11:13
430,sink,31117,bounce_31117_00430.mp4,/home/jetson/Desktop/cv_output/bounce_clips/sink/bounce_31117_00430.mp4,ok,1.069405,0.000094,0.636823,1.706354,2026-05-28 22:11:15
430,hq,31117,bounce_31117_00430.mp4,/home/jetson/Desktop/cv_output/bounce_clips/hq/bounce_31117_00430.mp4,ok,2.578839,0.000105,0.543867,3.122841,2026-05-28 22:11:18
431,source,31134,bounce_31134_00431.mp4,/home/jetson/Desktop/cv_output/bounce_clips/source/bounce_31134_00431.mp4,ok,0.153629,0.000082,0.540256,0.693995,2026-05-28 22:11:19
431,sink,31134,bounce_31134_00431.mp4,/home/jetson/Desktop/cv_output/bounce_clips/sink/bounce_31134_00431.mp4,ok,0.177407,0.000092,0.503990,0.681517,2026-05-28 22:11:20
431,hq,31134,bounce_31134_00431.mp4,/home/jetson/Desktop/cv_output/bounce_clips/hq/bounce_31134_00431.mp4,ok,0.301431,0.000086,0.419179,0.720727,2026-05-28 22:11:20
432,source,31193,bounce_31193_00432.mp4,/home/jetson/Desktop/cv_output/bounce_clips/source/bounce_31193_00432.mp4,failed,1.316703,0.000000,0.000000,1.317169,2026-05-28 22:11:22
432,sink,31193,bounce_31193_00432.mp4,/home/jetson/Desktop/cv_output/bounce_clips/sink/bounce_31193_00432.mp4,failed,0.514547,0.000000,0.000000,0.515026,2026-05-28 22:11:22
433,source,31243,bounce_31243_00433.mp4,/home/jetson/Desktop/cv_output/bounce_clips/source/bounce_31243_00433.mp4,ok,0.352251,0.000088,0.523782,0.876150,2026-05-28 22:11:23
433,sink,31243,bounce_31243_00433.mp4,/home/jetson/Desktop/cv_output/bounce_clips/sink/bounce_31243_00433.mp4,ok,2.153842,0.000095,0.511224,2.665189,2026-05-28 22:11:26
433,hq,31243,bounce_31243_00433.mp4,/home/jetson/Desktop/cv_output/bounce_clips/hq/bounce_31243_00433.mp4,ok,1.550387,0.000079,0.446004,1.996497,2026-05-28 22:11:28
434,source,31346,bounce_31346_00434.mp4,/home/jetson/Desktop/cv_output/bounce_clips/source/bounce_31346_00434.mp4,ok,0.929896,0.000121,0.436696,1.366745,2026-05-28 22:11:29
434,sink,31346,bounce_31346_00434.mp4,/home/jetson/Desktop/cv_output/bounce_clips/sink/bounce_31346_00434.mp4,ok,1.115847,0.000084,0.473723,1.589683,2026-05-28 22:11:31
434,hq,31346,bounce_31346_00434.mp4,/home/jetson/Desktop/cv_output/bounce_clips/hq/bounce_31346_00434.mp4,ok,1.223616,0.000089,0.419598,1.643333,2026-05-28 22:11:32
435,source,31396,bounce_31396_00435.mp4,/home/jetson/Desktop/cv_output/bounce_clips/source/bounce_31396_00435.mp4,ok,0.404954,0.000088,0.489387,0.894462,2026-05-28 22:11:33
435,sink,31396,bounce_31396_00435.mp4,/home/jetson/Desktop/cv_output/bounce_clips/sink/bounce_31396_00435.mp4,ok,0.432152,0.000089,0.585065,1.017335,2026-05-28 22:11:34
435,hq,31396,bounce_31396_00435.mp4,/home/jetson/Desktop/cv_output/bounce_clips/hq/bounce_31396_00435.mp4,ok,1.532748,0.000092,0.529132,2.062002,2026-05-28 22:11:36
436,source,31603,bounce_31603_00436.mp4,/home/jetson/Desktop/cv_output/bounce_clips/source/bounce_31603_00436.mp4,ok,1.978037,0.000085,0.342723,2.320878,2026-05-28 22:11:39
436,sink,31603,bounce_31603_00436.mp4,/home/jetson/Desktop/cv_output/bounce_clips/sink/bounce_31603_00436.mp4,ok,0.749291,0.000095,0.388331,1.137746,2026-05-28 22:11:40
436,hq,31603,bounce_31603_00436.mp4,/home/jetson/Desktop/cv_output/bounce_clips/hq/bounce_31603_00436.mp4,ok,6.218458,0.000083,0.428954,6.647523,2026-05-28 22:11:46
438,source,31646,bounce_31646_00438.mp4,/home/jetson/Desktop/cv_output/bounce_clips/source/bounce_31646_00438.mp4,ok,0.827335,0.000096,0.514620,1.342086,2026-05-28 22:11:48
438,sink,31646,bounce_31646_00438.mp4,/home/jetson/Desktop/cv_output/bounce_clips/sink/bounce_31646_00438.mp4,ok,0.462044,0.000080,0.461330,0.923484,2026-05-28 22:11:49
438,hq,31646,bounce_31646_00438.mp4,/home/jetson/Desktop/cv_output/bounce_clips/hq/bounce_31646_00438.mp4,ok,0.733295,0.000087,0.524525,1.257936,2026-05-28 22:11:50
444,source,31878,bounce_31878_00444.mp4,/home/jetson/Desktop/cv_output/bounce_clips/source/bounce_31878_00444.mp4,ok,0.512635,0.000086,0.516564,1.029315,2026-05-28 22:11:51
444,sink,31878,bounce_31878_00444.mp4,/home/jetson/Desktop/cv_output/bounce_clips/sink/bounce_31878_00444.mp4,ok,1.835763,0.000090,0.647736,2.483619,2026-05-28 22:11:53
444,hq,31878,bounce_31878_00444.mp4,/home/jetson/Desktop/cv_output/bounce_clips/hq/bounce_31878_00444.mp4,ok,1.634496,0.000076,0.559129,2.193726,2026-05-28 22:11:56
446,source,32052,bounce_32052_00446.mp4,/home/jetson/Desktop/cv_output/bounce_clips/source/bounce_32052_00446.mp4,ok,0.597677,0.000127,0.608389,1.206232,2026-05-28 22:11:57
446,sink,32052,bounce_32052_00446.mp4,/home/jetson/Desktop/cv_output/bounce_clips/sink/bounce_32052_00446.mp4,ok,1.573559,0.000084,0.427519,2.001191,2026-05-28 22:11:59
446,hq,32052,bounce_32052_00446.mp4,/home/jetson/Desktop/cv_output/bounce_clips/hq/bounce_32052_00446.mp4,ok,2.225159,0.000089,0.462301,2.687578,2026-05-28 22:12:02
448,source,32114,bounce_32114_00448.mp4,/home/jetson/Desktop/cv_output/bounce_clips/source/bounce_32114_00448.mp4,ok,0.482343,0.000092,0.419626,0.902093,2026-05-28 22:12:03
448,sink,32114,bounce_32114_00448.mp4,/home/jetson/Desktop/cv_output/bounce_clips/sink/bounce_32114_00448.mp4,ok,0.600042,0.000091,0.641954,1.242116,2026-05-28 22:12:04
448,hq,32114,bounce_32114_00448.mp4,/home/jetson/Desktop/cv_output/bounce_clips/hq/bounce_32114_00448.mp4,ok,1.740644,0.000081,0.420627,2.161380,2026-05-28 22:12:06
450,source,32192,bounce_32192_00450.mp4,/home/jetson/Desktop/cv_output/bounce_clips/source/bounce_32192_00450.mp4,ok,0.638692,0.000082,0.484875,1.123676,2026-05-28 22:12:07
450,sink,32192,bounce_32192_00450.mp4,/home/jetson/Desktop/cv_output/bounce_clips/sink/bounce_32192_00450.mp4,ok,0.529282,0.000093,0.435801,0.965210,2026-05-28 22:12:08
450,hq,32192,bounce_32192_00450.mp4,/home/jetson/Desktop/cv_output/bounce_clips/hq/bounce_32192_00450.mp4,ok,0.885643,0.000088,0.514208,1.399968,2026-05-28 22:12:09
451,source,32288,bounce_32288_00451.mp4,/home/jetson/Desktop/cv_output/bounce_clips/source/bounce_32288_00451.mp4,ok,0.598777,0.000092,0.477437,1.076339,2026-05-28 22:12:11
451,sink,32288,bounce_32288_00451.mp4,/home/jetson/Desktop/cv_output/bounce_clips/sink/bounce_32288_00451.mp4,ok,0.756509,0.000090,0.530016,1.286645,2026-05-28 22:12:12
451,hq,32288,bounce_32288_00451.mp4,/home/jetson/Desktop/cv_output/bounce_clips/hq/bounce_32288_00451.mp4,ok,1.275123,0.000094,0.538698,1.813949,2026-05-28 22:12:14
454,source,32494,bounce_32494_00454.mp4,/home/jetson/Desktop/cv_output/bounce_clips/source/bounce_32494_00454.mp4,ok,1.483174,0.000078,0.494372,1.977651,2026-05-28 22:12:16
454,sink,32494,bounce_32494_00454.mp4,/home/jetson/Desktop/cv_output/bounce_clips/sink/bounce_32494_00454.mp4,ok,0.719174,0.000088,0.492793,1.212085,2026-05-28 22:12:17
454,hq,32494,bounce_32494_00454.mp4,/home/jetson/Desktop/cv_output/bounce_clips/hq/bounce_32494_00454.mp4,ok,2.461194,0.000086,0.411817,2.873125,2026-05-28 22:12:20
455,source,32532,bounce_32532_00455.mp4,/home/jetson/Desktop/cv_output/bounce_clips/source/bounce_32532_00455.mp4,ok,0.305364,0.000090,0.410678,0.716162,2026-05-28 22:12:20
455,sink,32532,bounce_32532_00455.mp4,/home/jetson/Desktop/cv_output/bounce_clips/sink/bounce_32532_00455.mp4,ok,0.660802,0.000091,0.521088,1.182009,2026-05-28 22:12:22
455,hq,32532,bounce_32532_00455.mp4,/home/jetson/Desktop/cv_output/bounce_clips/hq/bounce_32532_00455.mp4,ok,0.621099,0.000091,0.434517,1.055738,2026-05-28 22:12:23
456,source,32579,bounce_32579_00456.mp4,/home/jetson/Desktop/cv_output/bounce_clips/source/bounce_32579_00456.mp4,ok,0.553772,0.000088,0.445125,0.999014,2026-05-28 22:12:24
456,sink,32579,bounce_32579_00456.mp4,/home/jetson/Desktop/cv_output/bounce_clips/sink/bounce_32579_00456.mp4,ok,0.429818,0.000102,0.398000,0.827953,2026-05-28 22:12:25
456,hq,32579,bounce_32579_00456.mp4,/home/jetson/Desktop/cv_output/bounce_clips/hq/bounce_32579_00456.mp4,ok,0.495420,0.000084,0.580591,1.076122,2026-05-28 22:12:26
457,source,32627,bounce_32627_00457.mp4,/home/jetson/Desktop/cv_output/bounce_clips/source/bounce_32627_00457.mp4,ok,0.372174,0.000089,0.567151,0.939441,2026-05-28 22:12:27
457,sink,32627,bounce_32627_00457.mp4,/home/jetson/Desktop/cv_output/bounce_clips/sink/bounce_32627_00457.mp4,ok,0.416465,0.000087,0.474231,0.890814,2026-05-28 22:12:27
457,hq,32627,bounce_32627_00457.mp4,/home/jetson/Desktop/cv_output/bounce_clips/hq/bounce_32627_00457.mp4,ok,0.502927,0.000089,0.371314,0.874359,2026-05-28 22:12:28
461,source,32894,bounce_32894_00461.mp4,/home/jetson/Desktop/cv_output/bounce_clips/source/bounce_32894_00461.mp4,ok,0.345877,0.000084,0.558193,0.904209,2026-05-28 22:12:29
461,sink,32894,bounce_32894_00461.mp4,/home/jetson/Desktop/cv_output/bounce_clips/sink/bounce_32894_00461.mp4,ok,2.451205,0.000082,0.474298,2.925643,2026-05-28 22:12:32
461,hq,32894,bounce_32894_00461.mp4,/home/jetson/Desktop/cv_output/bounce_clips/hq/bounce_32894_00461.mp4,ok,1.546993,0.000093,1.340955,2.888071,2026-05-28 22:12:35
462,source,32934,bounce_32934_00462.mp4,/home/jetson/Desktop/cv_output/bounce_clips/source/bounce_32934_00462.mp4,ok,0.387647,0.000089,2.495342,2.883107,2026-05-28 22:12:38
462,sink,32934,bounce_32934_00462.mp4,/home/jetson/Desktop/cv_output/bounce_clips/sink/bounce_32934_00462.mp4,ok,0.480851,0.000088,1.186832,1.667799,2026-05-28 22:12:40
462,hq,32934,bounce_32934_00462.mp4,/home/jetson/Desktop/cv_output/bounce_clips/hq/bounce_32934_00462.mp4,ok,0.953232,0.000082,0.542334,1.495677,2026-05-28 22:12:41
465,source,33040,bounce_33040_00465.mp4,/home/jetson/Desktop/cv_output/bounce_clips/source/bounce_33040_00465.mp4,ok,1.511878,0.001658,0.485822,1.999396,2026-05-28 22:12:43
465,sink,33040,bounce_33040_00465.mp4,/home/jetson/Desktop/cv_output/bounce_clips/sink/bounce_33040_00465.mp4,ok,0.992134,0.000077,0.350156,1.342393,2026-05-28 22:12:45
465,hq,33040,bounce_33040_00465.mp4,/home/jetson/Desktop/cv_output/bounce_clips/hq/bounce_33040_00465.mp4,ok,1.640146,0.000100,0.529168,2.169442,2026-05-28 22:12:47
467,source,33312,bounce_33312_00467.mp4,/home/jetson/Desktop/cv_output/bounce_clips/source/bounce_33312_00467.mp4,ok,0.498802,0.000092,0.361240,0.860164,2026-05-28 22:12:48
467,sink,33312,bounce_33312_00467.mp4,/home/jetson/Desktop/cv_output/bounce_clips/sink/bounce_33312_00467.mp4,ok,1.094737,0.000091,0.453172,1.548030,2026-05-28 22:12:49
467,hq,33312,bounce_33312_00467.mp4,/home/jetson/Desktop/cv_output/bounce_clips/hq/bounce_33312_00467.mp4,ok,1.673542,0.000097,0.466581,2.140251,2026-05-28 22:12:51
469,source,33354,bounce_33354_00469.mp4,/home/jetson/Desktop/cv_output/bounce_clips/source/bounce_33354_00469.mp4,ok,0.404978,0.000088,0.528781,0.933878,2026-05-28 22:12:52
469,sink,33354,bounce_33354_00469.mp4,/home/jetson/Desktop/cv_output/bounce_clips/sink/bounce_33354_00469.mp4,ok,0.286671,0.000089,0.328238,0.615024,2026-05-28 22:12:53
469,hq,33354,bounce_33354_00469.mp4,/home/jetson/Desktop/cv_output/bounce_clips/hq/bounce_33354_00469.mp4,ok,0.343262,0.000072,0.327684,0.671043,2026-05-28 22:12:54
470,source,33411,bounce_33411_00470.mp4,/home/jetson/Desktop/cv_output/bounce_clips/source/bounce_33411_00470.mp4,ok,0.582436,0.000092,0.481132,1.063688,2026-05-28 22:12:55
470,sink,33411,bounce_33411_00470.mp4,/home/jetson/Desktop/cv_output/bounce_clips/sink/bounce_33411_00470.mp4,ok,1.399666,0.000092,0.395248,1.795033,2026-05-28 22:12:56
470,hq,33411,bounce_33411_00470.mp4,/home/jetson/Desktop/cv_output/bounce_clips/hq/bounce_33411_00470.mp4,ok,0.535816,0.000084,0.428783,0.964709,2026-05-28 22:12:57
471,source,33455,bounce_33455_00471.mp4,/home/jetson/Desktop/cv_output/bounce_clips/source/bounce_33455_00471.mp4,ok,1.541795,0.000092,0.540696,2.082613,2026-05-28 22:12:59
471,sink,33455,bounce_33455_00471.mp4,/home/jetson/Desktop/cv_output/bounce_clips/sink/bounce_33455_00471.mp4,ok,0.248008,0.000090,0.340715,0.588845,2026-05-28 22:13:03
471,hq,33455,bounce_33455_00471.mp4,/home/jetson/Desktop/cv_output/bounce_clips/hq/bounce_33455_00471.mp4,ok,0.448074,0.000089,0.766484,1.214679,2026-05-28 22:13:04
472,source,33670,bounce_33670_00472.mp4,/home/jetson/Desktop/cv_output/bounce_clips/source/bounce_33670_00472.mp4,ok,0.406802,0.000084,0.396181,0.803098,2026-05-28 22:13:05
472,sink,33670,bounce_33670_00472.mp4,/home/jetson/Desktop/cv_output/bounce_clips/sink/bounce_33670_00472.mp4,ok,1.679393,0.000088,0.338421,2.017928,2026-05-28 22:13:07
472,hq,33670,bounce_33670_00472.mp4,/home/jetson/Desktop/cv_output/bounce_clips/hq/bounce_33670_00472.mp4,ok,1.581128,0.000087,0.667538,2.248781,2026-05-28 22:13:09
473,source,33725,bounce_33725_00473.mp4,/home/jetson/Desktop/cv_output/bounce_clips/source/bounce_33725_00473.mp4,ok,0.421567,0.000091,0.486220,0.907909,2026-05-28 22:13:10
473,sink,33725,bounce_33725_00473.mp4,/home/jetson/Desktop/cv_output/bounce_clips/sink/bounce_33725_00473.mp4,ok,0.367632,0.000094,0.428410,0.796164,2026-05-28 22:13:11
473,hq,33725,bounce_33725_00473.mp4,/home/jetson/Desktop/cv_output/bounce_clips/hq/bounce_33725_00473.mp4,ok,0.720023,0.000091,0.416789,1.136932,2026-05-28 22:13:12
475,source,33967,bounce_33967_00475.mp4,/home/jetson/Desktop/cv_output/bounce_clips/source/bounce_33967_00475.mp4,ok,0.597091,0.000080,0.466637,1.063834,2026-05-28 22:13:13
475,sink,33967,bounce_33967_00475.mp4,/home/jetson/Desktop/cv_output/bounce_clips/sink/bounce_33967_00475.mp4,ok,1.582472,0.000091,0.485782,2.068372,2026-05-28 22:13:15
476,source,34151,bounce_34151_00476.mp4,/home/jetson/Desktop/cv_output/bounce_clips/source/bounce_34151_00476.mp4,ok,0.370890,0.000085,0.442704,0.813707,2026-05-28 22:13:16
476,sink,34151,bounce_34151_00476.mp4,/home/jetson/Desktop/cv_output/bounce_clips/sink/bounce_34151_00476.mp4,ok,1.940694,0.000090,0.397971,2.338784,2026-05-28 22:13:19
476,hq,34151,bounce_34151_00476.mp4,/home/jetson/Desktop/cv_output/bounce_clips/hq/bounce_34151_00476.mp4,ok,2.007114,0.000090,0.571463,2.578695,2026-05-28 22:13:21
478,source,34383,bounce_34383_00478.mp4,/home/jetson/Desktop/cv_output/bounce_clips/source/bounce_34383_00478.mp4,ok,2.034255,0.000082,0.407104,2.441469,2026-05-28 22:13:24
478,sink,34383,bounce_34383_00478.mp4,/home/jetson/Desktop/cv_output/bounce_clips/sink/bounce_34383_00478.mp4,ok,1.641584,0.000087,0.429479,2.071179,2026-05-28 22:13:26
478,hq,34383,bounce_34383_00478.mp4,/home/jetson/Desktop/cv_output/bounce_clips/hq/bounce_34383_00478.mp4,ok,1.496529,0.000122,0.475216,1.971897,2026-05-28 22:13:28
479,source,34438,bounce_34438_00479.mp4,/home/jetson/Desktop/cv_output/bounce_clips/source/bounce_34438_00479.mp4,ok,0.373853,0.000081,0.330068,0.704028,2026-05-28 22:13:28
479,sink,34438,bounce_34438_00479.mp4,/home/jetson/Desktop/cv_output/bounce_clips/sink/bounce_34438_00479.mp4,ok,0.269537,0.000087,0.617105,0.886756,2026-05-28 22:13:29
479,hq,34438,bounce_34438_00479.mp4,/home/jetson/Desktop/cv_output/bounce_clips/hq/bounce_34438_00479.mp4,ok,0.698649,0.000087,0.512989,1.211757,2026-05-28 22:13:30
481,source,34495,bounce_34495_00481.mp4,/home/jetson/Desktop/cv_output/bounce_clips/source/bounce_34495_00481.mp4,ok,1.281936,0.000091,0.556008,1.838065,2026-05-28 22:13:32
481,sink,34495,bounce_34495_00481.mp4,/home/jetson/Desktop/cv_output/bounce_clips/sink/bounce_34495_00481.mp4,ok,1.310982,0.000087,0.499992,1.811089,2026-05-28 22:13:34
481,hq,34495,bounce_34495_00481.mp4,/home/jetson/Desktop/cv_output/bounce_clips/hq/bounce_34495_00481.mp4,ok,0.555543,0.000093,0.463571,1.019235,2026-05-28 22:13:35
482,source,34582,bounce_34582_00482.mp4,/home/jetson/Desktop/cv_output/bounce_clips/source/bounce_34582_00482.mp4,ok,0.834693,0.000086,0.505656,1.340466,2026-05-28 22:13:37
482,sink,34582,bounce_34582_00482.mp4,/home/jetson/Desktop/cv_output/bounce_clips/sink/bounce_34582_00482.mp4,ok,0.344231,0.000088,0.463909,0.808254,2026-05-28 22:13:37
482,hq,34582,bounce_34582_00482.mp4,/home/jetson/Desktop/cv_output/bounce_clips/hq/bounce_34582_00482.mp4,ok,0.981209,0.000082,0.694151,1.675467,2026-05-28 22:13:39
483,source,34629,bounce_34629_00483.mp4,/home/jetson/Desktop/cv_output/bounce_clips/source/bounce_34629_00483.mp4,ok,0.553521,0.000097,0.608489,1.162138,2026-05-28 22:13:40
483,sink,34629,bounce_34629_00483.mp4,/home/jetson/Desktop/cv_output/bounce_clips/sink/bounce_34629_00483.mp4,ok,0.600748,0.000092,0.577808,1.178678,2026-05-28 22:13:41
483,hq,34629,bounce_34629_00483.mp4,/home/jetson/Desktop/cv_output/bounce_clips/hq/bounce_34629_00483.mp4,ok,1.020711,0.000077,0.427438,1.448253,2026-05-28 22:13:43
486,source,34827,bounce_34827_00486.mp4,/home/jetson/Desktop/cv_output/bounce_clips/source/bounce_34827_00486.mp4,ok,0.991293,0.000085,0.647070,1.638478,2026-05-28 22:13:44
486,sink,34827,bounce_34827_00486.mp4,/home/jetson/Desktop/cv_output/bounce_clips/sink/bounce_34827_00486.mp4,ok,1.993415,0.000089,0.439747,2.433277,2026-05-28 22:13:47
487,source,34871,bounce_34871_00487.mp4,/home/jetson/Desktop/cv_output/bounce_clips/source/bounce_34871_00487.mp4,ok,0.401391,0.000084,0.549154,0.950657,2026-05-28 22:13:48
487,sink,34871,bounce_34871_00487.mp4,/home/jetson/Desktop/cv_output/bounce_clips/sink/bounce_34871_00487.mp4,ok,0.460296,0.000424,0.569761,1.030556,2026-05-28 22:13:49
487,hq,34871,bounce_34871_00487.mp4,/home/jetson/Desktop/cv_output/bounce_clips/hq/bounce_34871_00487.mp4,ok,0.728406,0.000092,0.336557,1.065085,2026-05-28 22:13:50
489,source,34935,bounce_34935_00489.mp4,/home/jetson/Desktop/cv_output/bounce_clips/source/bounce_34935_00489.mp4,ok,0.324040,0.000085,0.349726,0.673881,2026-05-28 22:13:51
489,sink,34935,bounce_34935_00489.mp4,/home/jetson/Desktop/cv_output/bounce_clips/sink/bounce_34935_00489.mp4,ok,0.631372,0.000088,0.633766,1.265254,2026-05-28 22:13:52
489,hq,34935,bounce_34935_00489.mp4,/home/jetson/Desktop/cv_output/bounce_clips/hq/bounce_34935_00489.mp4,ok,0.607473,0.000086,0.449536,1.057122,2026-05-28 22:13:53
497,source,35377,bounce_35377_00497.mp4,/home/jetson/Desktop/cv_output/bounce_clips/source/bounce_35377_00497.mp4,ok,1.172160,0.000087,0.583410,1.755687,2026-05-28 22:13:55
497,sink,35377,bounce_35377_00497.mp4,/home/jetson/Desktop/cv_output/bounce_clips/sink/bounce_35377_00497.mp4,ok,1.395780,0.000086,0.577783,1.973675,2026-05-28 22:13:57
497,hq,35377,bounce_35377_00497.mp4,/home/jetson/Desktop/cv_output/bounce_clips/hq/bounce_35377_00497.mp4,ok,1.855718,0.000081,0.366589,2.222413,2026-05-28 22:13:59
498,source,35413,bounce_35413_00498.mp4,/home/jetson/Desktop/cv_output/bounce_clips/source/bounce_35413_00498.mp4,ok,0.325715,0.000092,0.478683,0.804521,2026-05-28 22:14:00
498,sink,35413,bounce_35413_00498.mp4,/home/jetson/Desktop/cv_output/bounce_clips/sink/bounce_35413_00498.mp4,ok,0.513791,0.000081,0.457349,0.971252,2026-05-28 22:14:01
498,hq,35413,bounce_35413_00498.mp4,/home/jetson/Desktop/cv_output/bounce_clips/hq/bounce_35413_00498.mp4,ok,0.420782,0.000083,0.549620,0.970511,2026-05-28 22:14:02
504,source,35783,bounce_35783_00504.mp4,/home/jetson/Desktop/cv_output/bounce_clips/source/bounce_35783_00504.mp4,ok,3.103839,0.000091,2.044202,5.148162,2026-05-28 22:14:07
504,sink,35783,bounce_35783_00504.mp4,/home/jetson/Desktop/cv_output/bounce_clips/sink/bounce_35783_00504.mp4,ok,0.448247,0.000091,0.524577,0.972943,2026-05-28 22:14:08
504,hq,35783,bounce_35783_00504.mp4,/home/jetson/Desktop/cv_output/bounce_clips/hq/bounce_35783_00504.mp4,ok,1.102062,0.000089,0.709718,1.811898,2026-05-28 22:14:10
505,source,35991,bounce_35991_00505.mp4,/home/jetson/Desktop/cv_output/bounce_clips/source/bounce_35991_00505.mp4,failed,1.849086,0.000000,0.000000,1.849186,2026-05-28 22:14:12
505,sink,35991,bounce_35991_00505.mp4,/home/jetson/Desktop/cv_output/bounce_clips/sink/bounce_35991_00505.mp4,failed,1.244945,0.000000,0.000000,1.245071,2026-05-28 22:14:13
507,source,36042,bounce_36042_00507.mp4,/home/jetson/Desktop/cv_output/bounce_clips/source/bounce_36042_00507.mp4,ok,0.352140,0.000100,0.627576,0.979848,2026-05-28 22:14:14
507,sink,36042,bounce_36042_00507.mp4,/home/jetson/Desktop/cv_output/bounce_clips/sink/bounce_36042_00507.mp4,ok,1.042581,0.000088,0.553349,1.596045,2026-05-28 22:14:15
507,hq,36042,bounce_36042_00507.mp4,/home/jetson/Desktop/cv_output/bounce_clips/hq/bounce_36042_00507.mp4,ok,2.083993,0.000088,0.575601,2.659709,2026-05-28 22:14:18
512,source,36193,bounce_36193_00512.mp4,/home/jetson/Desktop/cv_output/bounce_clips/source/bounce_36193_00512.mp4,ok,0.582865,0.000095,0.412774,0.995764,2026-05-28 22:14:19
512,sink,36193,bounce_36193_00512.mp4,/home/jetson/Desktop/cv_output/bounce_clips/sink/bounce_36193_00512.mp4,ok,1.149950,0.000089,0.463946,1.614014,2026-05-28 22:14:21
512,hq,36193,bounce_36193_00512.mp4,/home/jetson/Desktop/cv_output/bounce_clips/hq/bounce_36193_00512.mp4,ok,0.655347,0.000093,0.517530,1.172999,2026-05-28 22:14:22
513,source,36239,bounce_36239_00513.mp4,/home/jetson/Desktop/cv_output/bounce_clips/source/bounce_36239_00513.mp4,ok,0.391209,0.000090,0.497057,0.888388,2026-05-28 22:14:23
513,sink,36239,bounce_36239_00513.mp4,/home/jetson/Desktop/cv_output/bounce_clips/sink/bounce_36239_00513.mp4,ok,0.220268,0.000088,2.260280,2.480664,2026-05-28 22:14:25
513,hq,36239,bounce_36239_00513.mp4,/home/jetson/Desktop/cv_output/bounce_clips/hq/bounce_36239_00513.mp4,ok,0.919115,0.000092,2.529991,3.449227,2026-05-28 22:14:29
514,source,36279,bounce_36279_00514.mp4,/home/jetson/Desktop/cv_output/bounce_clips/source/bounce_36279_00514.mp4,failed,0.407663,0.000000,0.000000,0.407774,2026-05-28 22:14:29
514,sink,36279,bounce_36279_00514.mp4,/home/jetson/Desktop/cv_output/bounce_clips/sink/bounce_36279_00514.mp4,failed,0.858686,0.000000,0.000000,0.858790,2026-05-28 22:14:30
516,source,36319,bounce_36319_00516.mp4,/home/jetson/Desktop/cv_output/bounce_clips/source/bounce_36319_00516.mp4,ok,0.367733,0.000088,0.520870,0.888722,2026-05-28 22:14:31
516,sink,36319,bounce_36319_00516.mp4,/home/jetson/Desktop/cv_output/bounce_clips/sink/bounce_36319_00516.mp4,ok,0.308983,0.000099,0.475073,0.784187,2026-05-28 22:14:32
516,hq,36319,bounce_36319_00516.mp4,/home/jetson/Desktop/cv_output/bounce_clips/hq/bounce_36319_00516.mp4,ok,1.890809,0.000080,0.601340,2.492254,2026-05-28 22:14:34
518,source,36376,bounce_36376_00518.mp4,/home/jetson/Desktop/cv_output/bounce_clips/source/bounce_36376_00518.mp4,failed,0.446468,0.000000,0.000000,0.446577,2026-05-28 22:14:35
518,sink,36376,bounce_36376_00518.mp4,/home/jetson/Desktop/cv_output/bounce_clips/sink/bounce_36376_00518.mp4,failed,0.652092,0.000000,0.000000,0.652221,2026-05-28 22:14:35
522,source,36498,bounce_36498_00522.mp4,/home/jetson/Desktop/cv_output/bounce_clips/source/bounce_36498_00522.mp4,ok,0.455547,0.000085,0.453617,0.909274,2026-05-28 22:14:36
522,sink,36498,bounce_36498_00522.mp4,/home/jetson/Desktop/cv_output/bounce_clips/sink/bounce_36498_00522.mp4,ok,1.041082,0.000092,0.444016,1.485223,2026-05-28 22:14:38
522,hq,36498,bounce_36498_00522.mp4,/home/jetson/Desktop/cv_output/bounce_clips/hq/bounce_36498_00522.mp4,ok,0.768034,0.000084,0.529826,1.297973,2026-05-28 22:14:39
523,source,36700,bounce_36700_00523.mp4,/home/jetson/Desktop/cv_output/bounce_clips/source/bounce_36700_00523.mp4,ok,1.130280,0.000084,0.423861,1.554255,2026-05-28 22:14:41
523,sink,36700,bounce_36700_00523.mp4,/home/jetson/Desktop/cv_output/bounce_clips/sink/bounce_36700_00523.mp4,ok,0.934717,0.000088,0.512027,1.446861,2026-05-28 22:14:42
523,hq,36700,bounce_36700_00523.mp4,/home/jetson/Desktop/cv_output/bounce_clips/hq/bounce_36700_00523.mp4,ok,2.595660,0.000092,0.364891,2.960676,2026-05-28 22:14:45
525,source,36789,bounce_36789_00525.mp4,/home/jetson/Desktop/cv_output/bounce_clips/source/bounce_36789_00525.mp4,ok,1.633795,0.000076,0.456337,2.090237,2026-05-28 22:14:48
525,sink,36789,bounce_36789_00525.mp4,/home/jetson/Desktop/cv_output/bounce_clips/sink/bounce_36789_00525.mp4,ok,1.514888,0.000088,0.547744,2.062751,2026-05-28 22:14:50
525,hq,36789,bounce_36789_00525.mp4,/home/jetson/Desktop/cv_output/bounce_clips/hq/bounce_36789_00525.mp4,ok,1.505461,0.000078,0.636975,2.142541,2026-05-28 22:14:52
526,source,36839,bounce_36839_00526.mp4,/home/jetson/Desktop/cv_output/bounce_clips/source/bounce_36839_00526.mp4,ok,0.327077,0.000089,0.369753,0.696946,2026-05-28 22:14:52
526,sink,36839,bounce_36839_00526.mp4,/home/jetson/Desktop/cv_output/bounce_clips/sink/bounce_36839_00526.mp4,ok,0.290718,0.000088,0.557614,0.848447,2026-05-28 22:14:53
526,hq,36839,bounce_36839_00526.mp4,/home/jetson/Desktop/cv_output/bounce_clips/hq/bounce_36839_00526.mp4,ok,0.614912,0.000084,0.505545,1.120570,2026-05-28 22:14:54
529,source,36929,bounce_36929_00529.mp4,/home/jetson/Desktop/cv_output/bounce_clips/source/bounce_36929_00529.mp4,ok,1.003910,0.000082,0.568810,1.572829,2026-05-28 22:14:56
529,sink,36929,bounce_36929_00529.mp4,/home/jetson/Desktop/cv_output/bounce_clips/sink/bounce_36929_00529.mp4,ok,0.338622,0.000123,0.462069,0.800847,2026-05-28 22:14:57
529,hq,36929,bounce_36929_00529.mp4,/home/jetson/Desktop/cv_output/bounce_clips/hq/bounce_36929_00529.mp4,ok,2.454564,0.000083,1.853752,4.308428,2026-05-28 22:15:01
532,source,37105,bounce_37105_00532.mp4,/home/jetson/Desktop/cv_output/bounce_clips/source/bounce_37105_00532.mp4,ok,0.804599,0.000090,0.521186,1.325908,2026-05-28 22:15:02
532,sink,37105,bounce_37105_00532.mp4,/home/jetson/Desktop/cv_output/bounce_clips/sink/bounce_37105_00532.mp4,ok,0.655792,0.000090,0.516506,1.172417,2026-05-28 22:15:04
532,hq,37105,bounce_37105_00532.mp4,/home/jetson/Desktop/cv_output/bounce_clips/hq/bounce_37105_00532.mp4,ok,1.362223,0.000108,0.340515,1.702880,2026-05-28 22:15:05
533,source,37135,bounce_37135_00533.mp4,/home/jetson/Desktop/cv_output/bounce_clips/source/bounce_37135_00533.mp4,ok,0.331268,0.000082,0.601607,0.932984,2026-05-28 22:15:06
533,sink,37135,bounce_37135_00533.mp4,/home/jetson/Desktop/cv_output/bounce_clips/sink/bounce_37135_00533.mp4,ok,0.362278,0.000088,0.627330,0.989724,2026-05-28 22:15:07
533,hq,37135,bounce_37135_00533.mp4,/home/jetson/Desktop/cv_output/bounce_clips/hq/bounce_37135_00533.mp4,ok,0.862622,0.000090,0.648277,1.511020,2026-05-28 22:15:09
534,source,37272,bounce_37272_00534.mp4,/home/jetson/Desktop/cv_output/bounce_clips/source/bounce_37272_00534.mp4,ok,0.285168,0.000087,0.361973,0.647258,2026-05-28 22:15:09
534,sink,37272,bounce_37272_00534.mp4,/home/jetson/Desktop/cv_output/bounce_clips/sink/bounce_37272_00534.mp4,ok,1.807604,0.000109,0.704414,2.512157,2026-05-28 22:15:12
534,hq,37272,bounce_37272_00534.mp4,/home/jetson/Desktop/cv_output/bounce_clips/hq/bounce_37272_00534.mp4,ok,0.617603,0.000088,0.469506,1.087225,2026-05-28 22:15:13
535,source,37320,bounce_37320_00535.mp4,/home/jetson/Desktop/cv_output/bounce_clips/source/bounce_37320_00535.mp4,ok,0.211721,0.000077,2.187071,2.398893,2026-05-28 22:15:15
535,sink,37320,bounce_37320_00535.mp4,/home/jetson/Desktop/cv_output/bounce_clips/sink/bounce_37320_00535.mp4,ok,0.215269,0.000089,0.363099,0.578490,2026-05-28 22:15:16
535,hq,37320,bounce_37320_00535.mp4,/home/jetson/Desktop/cv_output/bounce_clips/hq/bounce_37320_00535.mp4,ok,0.565292,0.000091,0.623237,1.188648,2026-05-28 22:15:17
537,source,37365,bounce_37365_00537.mp4,/home/jetson/Desktop/cv_output/bounce_clips/source/bounce_37365_00537.mp4,ok,0.328369,0.000099,0.402919,0.731419,2026-05-28 22:15:18
537,sink,37365,bounce_37365_00537.mp4,/home/jetson/Desktop/cv_output/bounce_clips/sink/bounce_37365_00537.mp4,ok,1.159794,0.000089,0.519462,1.679376,2026-05-28 22:15:20
537,hq,37365,bounce_37365_00537.mp4,/home/jetson/Desktop/cv_output/bounce_clips/hq/bounce_37365_00537.mp4,ok,0.495519,0.000087,0.529024,1.024659,2026-05-28 22:15:21
539,source,37553,bounce_37553_00539.mp4,/home/jetson/Desktop/cv_output/bounce_clips/source/bounce_37553_00539.mp4,ok,1.340669,0.000115,0.410131,1.750946,2026-05-28 22:15:22
539,sink,37553,bounce_37553_00539.mp4,/home/jetson/Desktop/cv_output/bounce_clips/sink/bounce_37553_00539.mp4,ok,1.386613,0.000089,0.399760,1.786490,2026-05-28 22:15:24
539,hq,37553,bounce_37553_00539.mp4,/home/jetson/Desktop/cv_output/bounce_clips/hq/bounce_37553_00539.mp4,ok,1.947939,0.000094,0.522744,2.470808,2026-05-28 22:15:27
540,source,37683,bounce_37683_00540.mp4,/home/jetson/Desktop/cv_output/bounce_clips/source/bounce_37683_00540.mp4,ok,1.310733,0.000087,0.334118,1.644965,2026-05-28 22:15:28
540,sink,37683,bounce_37683_00540.mp4,/home/jetson/Desktop/cv_output/bounce_clips/sink/bounce_37683_00540.mp4,ok,1.151102,0.000088,0.513416,1.664635,2026-05-28 22:15:30
540,hq,37683,bounce_37683_00540.mp4,/home/jetson/Desktop/cv_output/bounce_clips/hq/bounce_37683_00540.mp4,ok,2.428362,0.000078,0.354379,2.782847,2026-05-28 22:15:33
541,source,37723,bounce_37723_00541.mp4,/home/jetson/Desktop/cv_output/bounce_clips/source/bounce_37723_00541.mp4,failed,0.201800,0.000000,0.000000,0.201919,2026-05-28 22:15:33
541,sink,37723,bounce_37723_00541.mp4,/home/jetson/Desktop/cv_output/bounce_clips/sink/bounce_37723_00541.mp4,failed,0.969297,0.000000,0.000000,0.969393,2026-05-28 22:15:34
545,source,37831,bounce_37831_00545.mp4,/home/jetson/Desktop/cv_output/bounce_clips/source/bounce_37831_00545.mp4,ok,1.273057,0.000082,0.348625,1.621795,2026-05-28 22:15:36
545,sink,37831,bounce_37831_00545.mp4,/home/jetson/Desktop/cv_output/bounce_clips/sink/bounce_37831_00545.mp4,ok,0.297634,0.000086,0.405896,0.703646,2026-05-28 22:15:36
545,hq,37831,bounce_37831_00545.mp4,/home/jetson/Desktop/cv_output/bounce_clips/hq/bounce_37831_00545.mp4,ok,1.971365,0.000075,0.538866,2.510333,2026-05-28 22:15:39
546,source,38104,bounce_38104_00546.mp4,/home/jetson/Desktop/cv_output/bounce_clips/source/bounce_38104_00546.mp4,failed,1.501550,0.000000,0.000000,1.501646,2026-05-28 22:15:40
546,sink,38104,bounce_38104_00546.mp4,/home/jetson/Desktop/cv_output/bounce_clips/sink/bounce_38104_00546.mp4,failed,1.530726,0.000000,0.000000,1.530845,2026-05-28 22:15:42
547,source,38142,bounce_38142_00547.mp4,/home/jetson/Desktop/cv_output/bounce_clips/source/bounce_38142_00547.mp4,ok,0.266240,0.000089,0.396377,0.662738,2026-05-28 22:15:43
547,sink,38142,bounce_38142_00547.mp4,/home/jetson/Desktop/cv_output/bounce_clips/sink/bounce_38142_00547.mp4,ok,0.246950,0.000084,0.362187,0.609249,2026-05-28 22:15:43
547,hq,38142,bounce_38142_00547.mp4,/home/jetson/Desktop/cv_output/bounce_clips/hq/bounce_38142_00547.mp4,ok,2.264152,0.000082,0.398447,2.662710,2026-05-28 22:15:46
549,source,38275,bounce_38275_00549.mp4,/home/jetson/Desktop/cv_output/bounce_clips/source/bounce_38275_00549.mp4,ok,1.373042,0.000089,0.492673,1.865835,2026-05-28 22:15:48
549,sink,38275,bounce_38275_00549.mp4,/home/jetson/Desktop/cv_output/bounce_clips/sink/bounce_38275_00549.mp4,ok,1.114701,0.000084,0.404574,1.519384,2026-05-28 22:15:49
549,hq,38275,bounce_38275_00549.mp4,/home/jetson/Desktop/cv_output/bounce_clips/hq/bounce_38275_00549.mp4,ok,1.903557,0.000081,0.334375,2.238041,2026-05-28 22:15:52
550,source,38418,bounce_38418_00550.mp4,/home/jetson/Desktop/cv_output/bounce_clips/source/bounce_38418_00550.mp4,ok,0.487063,0.000091,0.449160,0.936347,2026-05-28 22:15:52
550,sink,38418,bounce_38418_00550.mp4,/home/jetson/Desktop/cv_output/bounce_clips/sink/bounce_38418_00550.mp4,ok,1.774518,0.000081,0.350034,2.124665,2026-05-28 22:15:55
550,hq,38418,bounce_38418_00550.mp4,/home/jetson/Desktop/cv_output/bounce_clips/hq/bounce_38418_00550.mp4,ok,0.499876,0.000074,0.346330,0.846306,2026-05-28 22:15:55
551,source,38467,bounce_38467_00551.mp4,/home/jetson/Desktop/cv_output/bounce_clips/source/bounce_38467_00551.mp4,ok,0.323836,0.000085,0.556286,0.880237,2026-05-28 22:15:56
551,sink,38467,bounce_38467_00551.mp4,/home/jetson/Desktop/cv_output/bounce_clips/sink/bounce_38467_00551.mp4,ok,0.518508,0.000088,0.490587,1.009211,2026-05-28 22:15:57
551,hq,38467,bounce_38467_00551.mp4,/home/jetson/Desktop/cv_output/bounce_clips/hq/bounce_38467_00551.mp4,ok,0.553618,0.000086,0.353169,0.906902,2026-05-28 22:15:58
553,source,38722,bounce_38722_00553.mp4,/home/jetson/Desktop/cv_output/bounce_clips/source/bounce_38722_00553.mp4,ok,0.702554,0.000074,0.375056,1.077710,2026-05-28 22:15:59
553,sink,38722,bounce_38722_00553.mp4,/home/jetson/Desktop/cv_output/bounce_clips/sink/bounce_38722_00553.mp4,ok,0.451280,0.000098,0.546041,0.997446,2026-05-28 22:16:00
553,hq,38722,bounce_38722_00553.mp4,/home/jetson/Desktop/cv_output/bounce_clips/hq/bounce_38722_00553.mp4,ok,1.354813,0.000086,0.345638,1.700566,2026-05-28 22:16:02
554,source,38918,bounce_38918_00554.mp4,/home/jetson/Desktop/cv_output/bounce_clips/source/bounce_38918_00554.mp4,ok,0.852633,0.000112,0.432022,1.284795,2026-05-28 22:16:03
554,sink,38918,bounce_38918_00554.mp4,/home/jetson/Desktop/cv_output/bounce_clips/sink/bounce_38918_00554.mp4,ok,0.959973,0.000086,0.430387,1.390476,2026-05-28 22:16:05
554,hq,38918,bounce_38918_00554.mp4,/home/jetson/Desktop/cv_output/bounce_clips/hq/bounce_38918_00554.mp4,ok,1.400177,0.000092,0.451492,1.851803,2026-05-28 22:16:07
555,source,38968,bounce_38968_00555.mp4,/home/jetson/Desktop/cv_output/bounce_clips/source/bounce_38968_00555.mp4,failed,1.522888,0.000000,0.000000,1.522987,2026-05-28 22:16:08
555,sink,38968,bounce_38968_00555.mp4,/home/jetson/Desktop/cv_output/bounce_clips/sink/bounce_38968_00555.mp4,failed,0.282998,0.000000,0.000000,0.283102,2026-05-28 22:16:08
557,source,39022,bounce_39022_00557.mp4,/home/jetson/Desktop/cv_output/bounce_clips/source/bounce_39022_00557.mp4,ok,0.401380,0.000086,0.488145,0.889641,2026-05-28 22:16:09
557,sink,39022,bounce_39022_00557.mp4,/home/jetson/Desktop/cv_output/bounce_clips/sink/bounce_39022_00557.mp4,ok,0.287205,0.000074,0.442145,0.729447,2026-05-28 22:16:10
557,hq,39022,bounce_39022_00557.mp4,/home/jetson/Desktop/cv_output/bounce_clips/hq/bounce_39022_00557.mp4,ok,1.397606,0.000089,0.565373,1.963098,2026-05-28 22:16:12
558,source,39109,bounce_39109_00558.mp4,/home/jetson/Desktop/cv_output/bounce_clips/source/bounce_39109_00558.mp4,ok,1.350630,0.000082,0.376932,1.727671,2026-05-28 22:16:14
558,sink,39109,bounce_39109_00558.mp4,/home/jetson/Desktop/cv_output/bounce_clips/sink/bounce_39109_00558.mp4,ok,0.531822,0.000101,0.657733,1.189731,2026-05-28 22:16:15
558,hq,39109,bounce_39109_00558.mp4,/home/jetson/Desktop/cv_output/bounce_clips/hq/bounce_39109_00558.mp4,ok,2.089228,0.000082,0.361074,2.450413,2026-05-28 22:16:17
559,source,39305,bounce_39305_00559.mp4,/home/jetson/Desktop/cv_output/bounce_clips/source/bounce_39305_00559.mp4,ok,0.473461,0.000093,0.463682,0.937266,2026-05-28 22:16:18
559,sink,39305,bounce_39305_00559.mp4,/home/jetson/Desktop/cv_output/bounce_clips/sink/bounce_39305_00559.mp4,ok,1.575584,0.000086,0.352930,1.928629,2026-05-28 22:16:20
559,hq,39305,bounce_39305_00559.mp4,/home/jetson/Desktop/cv_output/bounce_clips/hq/bounce_39305_00559.mp4,ok,0.400741,0.000085,0.400749,0.801601,2026-05-28 22:16:21
560,source,39349,bounce_39349_00560.mp4,/home/jetson/Desktop/cv_output/bounce_clips/source/bounce_39349_00560.mp4,ok,0.351332,0.000079,0.535295,0.886733,2026-05-28 22:16:22
560,sink,39349,bounce_39349_00560.mp4,/home/jetson/Desktop/cv_output/bounce_clips/sink/bounce_39349_00560.mp4,ok,0.347190,0.000086,0.386439,0.733743,2026-05-28 22:16:23
560,hq,39349,bounce_39349_00560.mp4,/home/jetson/Desktop/cv_output/bounce_clips/hq/bounce_39349_00560.mp4,ok,0.429229,0.000086,0.405362,0.834704,2026-05-28 22:16:24
562,source,39401,bounce_39401_00562.mp4,/home/jetson/Desktop/cv_output/bounce_clips/source/bounce_39401_00562.mp4,ok,0.358311,0.000081,0.392784,0.751202,2026-05-28 22:16:24
562,sink,39401,bounce_39401_00562.mp4,/home/jetson/Desktop/cv_output/bounce_clips/sink/bounce_39401_00562.mp4,ok,1.041957,0.000077,0.379688,1.421747,2026-05-28 22:16:26
562,hq,39401,bounce_39401_00562.mp4,/home/jetson/Desktop/cv_output/bounce_clips/hq/bounce_39401_00562.mp4,ok,0.459042,0.000087,0.490592,0.949749,2026-05-28 22:16:27
565,source,39627,bounce_39627_00565.mp4,/home/jetson/Desktop/cv_output/bounce_clips/source/bounce_39627_00565.mp4,ok,0.524827,0.000078,0.505891,1.030822,2026-05-28 22:16:28
565,sink,39627,bounce_39627_00565.mp4,/home/jetson/Desktop/cv_output/bounce_clips/sink/bounce_39627_00565.mp4,ok,0.343462,0.000101,0.346716,0.690308,2026-05-28 22:16:28
565,hq,39627,bounce_39627_00565.mp4,/home/jetson/Desktop/cv_output/bounce_clips/hq/bounce_39627_00565.mp4,ok,1.071562,0.000090,0.451939,1.523619,2026-05-28 22:16:30
566,source,39802,bounce_39802_00566.mp4,/home/jetson/Desktop/cv_output/bounce_clips/source/bounce_39802_00566.mp4,ok,0.727180,0.000094,0.388118,1.115422,2026-05-28 22:16:31
566,sink,39802,bounce_39802_00566.mp4,/home/jetson/Desktop/cv_output/bounce_clips/sink/bounce_39802_00566.mp4,ok,0.443275,0.000084,0.437452,0.880841,2026-05-28 22:16:32
566,hq,39802,bounce_39802_00566.mp4,/home/jetson/Desktop/cv_output/bounce_clips/hq/bounce_39802_00566.mp4,ok,0.706960,0.000086,0.312509,1.019584,2026-05-28 22:16:33
567,source,39803,bounce_39803_00567.mp4,/home/jetson/Desktop/cv_output/bounce_clips/source/bounce_39803_00567.mp4,ok,0.420108,0.000090,0.429107,0.849339,2026-05-28 22:16:34
567,sink,39803,bounce_39803_00567.mp4,/home/jetson/Desktop/cv_output/bounce_clips/sink/bounce_39803_00567.mp4,ok,0.276489,0.000088,0.330849,0.607456,2026-05-28 22:16:34
567,hq,39803,bounce_39803_00567.mp4,/home/jetson/Desktop/cv_output/bounce_clips/hq/bounce_39803_00567.mp4,ok,0.654304,0.000149,0.368530,1.023034,2026-05-28 22:16:36
569,source,39853,bounce_39853_00569.mp4,/home/jetson/Desktop/cv_output/bounce_clips/source/bounce_39853_00569.mp4,ok,0.226822,0.000140,0.371028,0.598043,2026-05-28 22:16:36
569,sink,39853,bounce_39853_00569.mp4,/home/jetson/Desktop/cv_output/bounce_clips/sink/bounce_39853_00569.mp4,ok,0.411964,0.000144,0.338489,0.750646,2026-05-28 22:16:37
569,hq,39853,bounce_39853_00569.mp4,/home/jetson/Desktop/cv_output/bounce_clips/hq/bounce_39853_00569.mp4,ok,0.333396,0.000141,0.391569,0.725156,2026-05-28 22:16:38
570,source,39911,bounce_39911_00570.mp4,/home/jetson/Desktop/cv_output/bounce_clips/source/bounce_39911_00570.mp4,ok,0.323915,0.000134,0.394170,0.718269,2026-05-28 22:16:38
570,sink,39911,bounce_39911_00570.mp4,/home/jetson/Desktop/cv_output/bounce_clips/sink/bounce_39911_00570.mp4,ok,0.252878,0.000149,0.377866,0.630947,2026-05-28 22:16:39
572,source,40093,bounce_40093_00572.mp4,/home/jetson/Desktop/cv_output/bounce_clips/source/bounce_40093_00572.mp4,ok,0.347060,0.000144,0.351589,0.698848,2026-05-28 22:16:40
572,sink,40093,bounce_40093_00572.mp4,/home/jetson/Desktop/cv_output/bounce_clips/sink/bounce_40093_00572.mp4,ok,0.996934,0.000126,0.397875,1.394976,2026-05-28 22:16:41
572,hq,40093,bounce_40093_00572.mp4,/home/jetson/Desktop/cv_output/bounce_clips/hq/bounce_40093_00572.mp4,ok,0.459762,0.000128,0.376717,0.836646,2026-05-28 22:16:42
573,source,40276,bounce_40276_00573.mp4,/home/jetson/Desktop/cv_output/bounce_clips/source/bounce_40276_00573.mp4,ok,0.341764,0.000148,0.331456,0.673421,2026-05-28 22:16:43
573,sink,40276,bounce_40276_00573.mp4,/home/jetson/Desktop/cv_output/bounce_clips/sink/bounce_40276_00573.mp4,ok,1.409679,0.000126,0.395708,1.805552,2026-05-28 22:16:44
573,hq,40276,bounce_40276_00573.mp4,/home/jetson/Desktop/cv_output/bounce_clips/hq/bounce_40276_00573.mp4,ok,0.472549,0.000145,0.395157,0.867900,2026-05-28 22:16:45
574,source,40318,bounce_40318_00574.mp4,/home/jetson/Desktop/cv_output/bounce_clips/source/bounce_40318_00574.mp4,failed,0.196955,0.000000,0.000000,0.197139,2026-05-28 22:16:46
574,sink,40318,bounce_40318_00574.mp4,/home/jetson/Desktop/cv_output/bounce_clips/sink/bounce_40318_00574.mp4,failed,0.193556,0.000000,0.000000,0.193733,2026-05-28 22:16:46
575,source,40387,bounce_40387_00575.mp4,/home/jetson/Desktop/cv_output/bounce_clips/source/bounce_40387_00575.mp4,ok,0.277396,0.000150,0.343419,0.621020,2026-05-28 22:16:46
575,sink,40387,bounce_40387_00575.mp4,/home/jetson/Desktop/cv_output/bounce_clips/sink/bounce_40387_00575.mp4,ok,0.995478,0.000152,0.377510,1.373190,2026-05-28 22:16:48
575,hq,40387,bounce_40387_00575.mp4,/home/jetson/Desktop/cv_output/bounce_clips/hq/bounce_40387_00575.mp4,ok,0.457227,0.000152,0.328146,0.785575,2026-05-28 22:16:49
576,source,40555,bounce_40555_00576.mp4,/home/jetson/Desktop/cv_output/bounce_clips/source/bounce_40555_00576.mp4,ok,0.813457,0.000462,0.410819,1.224793,2026-05-28 22:16:50
576,sink,40555,bounce_40555_00576.mp4,/home/jetson/Desktop/cv_output/bounce_clips/sink/bounce_40555_00576.mp4,ok,0.676220,0.000143,0.346397,1.022812,2026-05-28 22:16:51
576,hq,40555,bounce_40555_00576.mp4,/home/jetson/Desktop/cv_output/bounce_clips/hq/bounce_40555_00576.mp4,ok,1.249933,0.000145,0.409095,1.659224,2026-05-28 22:16:52
577,source,40584,bounce_40584_00577.mp4,/home/jetson/Desktop/cv_output/bounce_clips/source/bounce_40584_00577.mp4,ok,0.172156,0.000141,0.405989,0.578337,2026-05-28 22:16:53
577,sink,40584,bounce_40584_00577.mp4,/home/jetson/Desktop/cv_output/bounce_clips/sink/bounce_40584_00577.mp4,ok,0.307960,0.000143,0.327245,0.635400,2026-05-28 22:16:54
577,hq,40584,bounce_40584_00577.mp4,/home/jetson/Desktop/cv_output/bounce_clips/hq/bounce_40584_00577.mp4,ok,0.220624,0.000144,0.345191,0.566011,2026-05-28 22:16:54
579,source,40640,bounce_40640_00579.mp4,/home/jetson/Desktop/cv_output/bounce_clips/source/bounce_40640_00579.mp4,ok,0.316013,0.000143,0.341201,0.657409,2026-05-28 22:16:55
579,sink,40640,bounce_40640_00579.mp4,/home/jetson/Desktop/cv_output/bounce_clips/sink/bounce_40640_00579.mp4,ok,0.260355,0.000148,0.400430,0.660987,2026-05-28 22:16:56
579,hq,40640,bounce_40640_00579.mp4,/home/jetson/Desktop/cv_output/bounce_clips/hq/bounce_40640_00579.mp4,ok,0.833081,0.000149,0.361718,1.194999,2026-05-28 22:16:57
580,source,40818,bounce_40818_00580.mp4,/home/jetson/Desktop/cv_output/bounce_clips/source/bounce_40818_00580.mp4,ok,0.311597,0.000143,0.350999,0.662787,2026-05-28 22:16:57
580,sink,40818,bounce_40818_00580.mp4,/home/jetson/Desktop/cv_output/bounce_clips/sink/bounce_40818_00580.mp4,ok,1.241055,0.000148,0.476597,1.717850,2026-05-28 22:16:59
580,hq,40818,bounce_40818_00580.mp4,/home/jetson/Desktop/cv_output/bounce_clips/hq/bounce_40818_00580.mp4,ok,0.616236,0.000145,0.354496,0.970930,2026-05-28 22:17:00
581,source,40863,bounce_40863_00581.mp4,/home/jetson/Desktop/cv_output/bounce_clips/source/bounce_40863_00581.mp4,ok,0.445642,0.000146,0.339677,0.785515,2026-05-28 22:17:01
581,sink,40863,bounce_40863_00581.mp4,/home/jetson/Desktop/cv_output/bounce_clips/sink/bounce_40863_00581.mp4,ok,0.205809,0.000148,0.402993,0.609000,2026-05-28 22:17:02
581,hq,40863,bounce_40863_00581.mp4,/home/jetson/Desktop/cv_output/bounce_clips/hq/bounce_40863_00581.mp4,ok,0.453991,0.000143,0.326819,0.781003,2026-05-28 22:17:02
583,source,40923,bounce_40923_00583.mp4,/home/jetson/Desktop/cv_output/bounce_clips/source/bounce_40923_00583.mp4,ok,0.271042,0.000141,0.347439,0.618675,2026-05-28 22:17:03
583,sink,40923,bounce_40923_00583.mp4,/home/jetson/Desktop/cv_output/bounce_clips/sink/bounce_40923_00583.mp4,ok,0.257649,0.000140,0.410268,0.668106,2026-05-28 22:17:04
583,hq,40923,bounce_40923_00583.mp4,/home/jetson/Desktop/cv_output/bounce_clips/hq/bounce_40923_00583.mp4,ok,0.398275,0.000146,0.398684,0.797155,2026-05-28 22:17:05
587,source,41279,bounce_41279_00587.mp4,/home/jetson/Desktop/cv_output/bounce_clips/source/bounce_41279_00587.mp4,failed,0.858343,0.000000,0.000000,0.858524,2026-05-28 22:17:05
587,sink,41279,bounce_41279_00587.mp4,/home/jetson/Desktop/cv_output/bounce_clips/sink/bounce_41279_00587.mp4,failed,0.815601,0.000000,0.000000,0.815778,2026-05-28 22:17:06
588,source,41329,bounce_41329_00588.mp4,/home/jetson/Desktop/cv_output/bounce_clips/source/bounce_41329_00588.mp4,ok,0.203529,0.000149,0.349945,0.553674,2026-05-28 22:17:07
588,sink,41329,bounce_41329_00588.mp4,/home/jetson/Desktop/cv_output/bounce_clips/sink/bounce_41329_00588.mp4,ok,0.777552,0.000144,0.414681,1.192427,2026-05-28 22:17:08
588,hq,41329,bounce_41329_00588.mp4,/home/jetson/Desktop/cv_output/bounce_clips/hq/bounce_41329_00588.mp4,ok,1.234402,0.000145,0.332269,1.566889,2026-05-28 22:17:10
590,source,41396,bounce_41396_00590.mp4,/home/jetson/Desktop/cv_output/bounce_clips/source/bounce_41396_00590.mp4,ok,0.825064,0.000137,0.413234,1.238486,2026-05-28 22:17:11
590,sink,41396,bounce_41396_00590.mp4,/home/jetson/Desktop/cv_output/bounce_clips/sink/bounce_41396_00590.mp4,ok,0.331277,0.000142,0.338889,0.670356,2026-05-28 22:17:11
590,hq,41396,bounce_41396_00590.mp4,/home/jetson/Desktop/cv_output/bounce_clips/hq/bounce_41396_00590.mp4,ok,1.119265,0.000149,0.408892,1.528359,2026-05-28 22:17:13
591,source,41428,bounce_41428_00591.mp4,/home/jetson/Desktop/cv_output/bounce_clips/source/bounce_41428_00591.mp4,ok,0.195411,0.000144,0.421420,0.617028,2026-05-28 22:17:14
591,sink,41428,bounce_41428_00591.mp4,/home/jetson/Desktop/cv_output/bounce_clips/sink/bounce_41428_00591.mp4,ok,0.319757,0.000136,0.388734,0.708676,2026-05-28 22:17:14
591,hq,41428,bounce_41428_00591.mp4,/home/jetson/Desktop/cv_output/bounce_clips/hq/bounce_41428_00591.mp4,ok,0.237845,0.000138,0.369173,0.607205,2026-05-28 22:17:15
595,source,41485,bounce_41485_00595.mp4,/home/jetson/Desktop/cv_output/bounce_clips/source/bounce_41485_00595.mp4,ok,0.615254,0.000142,0.341991,0.957438,2026-05-28 22:17:16
595,sink,41485,bounce_41485_00595.mp4,/home/jetson/Desktop/cv_output/bounce_clips/sink/bounce_41485_00595.mp4,ok,0.307908,0.000144,0.412168,0.720269,2026-05-28 22:17:17
595,hq,41485,bounce_41485_00595.mp4,/home/jetson/Desktop/cv_output/bounce_clips/hq/bounce_41485_00595.mp4,ok,0.783275,0.000138,0.397702,1.181164,2026-05-28 22:17:18
597,source,41555,bounce_41555_00597.mp4,/home/jetson/Desktop/cv_output/bounce_clips/source/bounce_41555_00597.mp4,ok,0.291883,0.000146,0.335828,0.627911,2026-05-28 22:17:19
597,sink,41555,bounce_41555_00597.mp4,/home/jetson/Desktop/cv_output/bounce_clips/sink/bounce_41555_00597.mp4,ok,0.324271,0.000143,0.385544,0.710009,2026-05-28 22:17:19
597,hq,41555,bounce_41555_00597.mp4,/home/jetson/Desktop/cv_output/bounce_clips/hq/bounce_41555_00597.mp4,ok,0.457551,0.000141,0.382504,0.840246,2026-05-28 22:17:20
598,source,41659,bounce_41659_00598.mp4,/home/jetson/Desktop/cv_output/bounce_clips/source/bounce_41659_00598.mp4,failed,0.324784,0.000000,0.000000,0.324966,2026-05-28 22:17:20
598,sink,41659,bounce_41659_00598.mp4,/home/jetson/Desktop/cv_output/bounce_clips/sink/bounce_41659_00598.mp4,failed,0.283997,0.000000,0.000000,0.284238,2026-05-28 22:17:21
599,source,41788,bounce_41788_00599.mp4,/home/jetson/Desktop/cv_output/bounce_clips/source/bounce_41788_00599.mp4,ok,0.467300,0.000141,0.339413,0.806905,2026-05-28 22:17:22
599,sink,41788,bounce_41788_00599.mp4,/home/jetson/Desktop/cv_output/bounce_clips/sink/bounce_41788_00599.mp4,ok,0.366067,0.000151,0.404703,0.770972,2026-05-28 22:17:22
599,hq,41788,bounce_41788_00599.mp4,/home/jetson/Desktop/cv_output/bounce_clips/hq/bounce_41788_00599.mp4,ok,0.788112,0.000153,0.335323,1.123639,2026-05-28 22:17:23
600,source,41844,bounce_41844_00600.mp4,/home/jetson/Desktop/cv_output/bounce_clips/source/bounce_41844_00600.mp4,ok,0.470078,0.000145,0.333882,0.804158,2026-05-28 22:17:24
600,sink,41844,bounce_41844_00600.mp4,/home/jetson/Desktop/cv_output/bounce_clips/sink/bounce_41844_00600.mp4,ok,0.257586,0.000148,0.367938,0.625723,2026-05-28 22:17:25
600,hq,41844,bounce_41844_00600.mp4,/home/jetson/Desktop/cv_output/bounce_clips/hq/bounce_41844_00600.mp4,ok,0.903890,0.000145,0.323239,1.227324,2026-05-28 22:17:26
601,source,41895,bounce_41895_00601.mp4,/home/jetson/Desktop/cv_output/bounce_clips/source/bounce_41895_00601.mp4,ok,0.267950,0.000142,0.379320,0.647462,2026-05-28 22:17:27
601,sink,41895,bounce_41895_00601.mp4,/home/jetson/Desktop/cv_output/bounce_clips/sink/bounce_41895_00601.mp4,ok,0.449678,0.000148,0.353976,0.803853,2026-05-28 22:17:28
601,hq,41895,bounce_41895_00601.mp4,/home/jetson/Desktop/cv_output/bounce_clips/hq/bounce_41895_00601.mp4,ok,0.332371,0.000137,0.396454,0.729014,2026-05-28 22:17:28
602,source,42019,bounce_42019_00602.mp4,/home/jetson/Desktop/cv_output/bounce_clips/source/bounce_42019_00602.mp4,ok,0.346472,0.000137,0.347814,0.694478,2026-05-28 22:17:29
602,sink,42019,bounce_42019_00602.mp4,/home/jetson/Desktop/cv_output/bounce_clips/sink/bounce_42019_00602.mp4,ok,0.304762,0.000143,0.334294,0.639253,2026-05-28 22:17:30
602,hq,42019,bounce_42019_00602.mp4,/home/jetson/Desktop/cv_output/bounce_clips/hq/bounce_42019_00602.mp4,ok,0.500717,0.000141,0.372678,0.873588,2026-05-28 22:17:31
605,source,42162,bounce_42162_00605.mp4,/home/jetson/Desktop/cv_output/bounce_clips/source/bounce_42162_00605.mp4,ok,1.095917,0.000149,0.332410,1.428552,2026-05-28 22:17:32
605,sink,42162,bounce_42162_00605.mp4,/home/jetson/Desktop/cv_output/bounce_clips/sink/bounce_42162_00605.mp4,ok,0.506892,0.000141,0.337572,0.844656,2026-05-28 22:17:33
605,hq,42162,bounce_42162_00605.mp4,/home/jetson/Desktop/cv_output/bounce_clips/hq/bounce_42162_00605.mp4,ok,1.279024,0.000144,0.380977,1.660191,2026-05-28 22:17:35
606,source,42218,bounce_42218_00606.mp4,/home/jetson/Desktop/cv_output/bounce_clips/source/bounce_42218_00606.mp4,ok,0.763192,0.000140,0.338473,1.101856,2026-05-28 22:17:36
606,sink,42218,bounce_42218_00606.mp4,/home/jetson/Desktop/cv_output/bounce_clips/sink/bounce_42218_00606.mp4,ok,0.262475,0.000138,0.386212,0.648876,2026-05-28 22:17:36
606,hq,42218,bounce_42218_00606.mp4,/home/jetson/Desktop/cv_output/bounce_clips/hq/bounce_42218_00606.mp4,ok,1.242787,0.000141,0.379593,1.622598,2026-05-28 22:17:38
607,source,42254,bounce_42254_00607.mp4,/home/jetson/Desktop/cv_output/bounce_clips/source/bounce_42254_00607.mp4,ok,0.209500,0.000145,0.354682,0.564378,2026-05-28 22:17:38
607,sink,42254,bounce_42254_00607.mp4,/home/jetson/Desktop/cv_output/bounce_clips/sink/bounce_42254_00607.mp4,ok,0.377839,0.000146,0.377479,0.755515,2026-05-28 22:17:39
607,hq,42254,bounce_42254_00607.mp4,/home/jetson/Desktop/cv_output/bounce_clips/hq/bounce_42254_00607.mp4,ok,0.262677,0.000136,0.425372,0.688237,2026-05-28 22:17:40
609,source,42324,bounce_42324_00609.mp4,/home/jetson/Desktop/cv_output/bounce_clips/source/bounce_42324_00609.mp4,ok,0.585896,0.000136,0.383565,0.969652,2026-05-28 22:17:41
609,sink,42324,bounce_42324_00609.mp4,/home/jetson/Desktop/cv_output/bounce_clips/sink/bounce_42324_00609.mp4,ok,0.256627,0.000141,0.343767,0.600585,2026-05-28 22:17:42
609,hq,42324,bounce_42324_00609.mp4,/home/jetson/Desktop/cv_output/bounce_clips/hq/bounce_42324_00609.mp4,ok,0.745031,0.000134,0.371470,1.116679,2026-05-28 22:17:43
610,source,42358,bounce_42358_00610.mp4,/home/jetson/Desktop/cv_output/bounce_clips/source/bounce_42358_00610.mp4,ok,0.230791,0.000127,0.435183,0.666143,2026-05-28 22:17:43
610,sink,42358,bounce_42358_00610.mp4,/home/jetson/Desktop/cv_output/bounce_clips/sink/bounce_42358_00610.mp4,ok,0.215067,0.000146,0.383199,0.598457,2026-05-28 22:17:44
610,hq,42358,bounce_42358_00610.mp4,/home/jetson/Desktop/cv_output/bounce_clips/hq/bounce_42358_00610.mp4,ok,0.143219,0.000140,0.351838,0.495246,2026-05-28 22:17:44
611,source,42385,bounce_42385_00611.mp4,/home/jetson/Desktop/cv_output/bounce_clips/source/bounce_42385_00611.mp4,ok,0.178697,0.000146,0.391463,0.570359,2026-05-28 22:17:45
611,sink,42385,bounce_42385_00611.mp4,/home/jetson/Desktop/cv_output/bounce_clips/sink/bounce_42385_00611.mp4,ok,0.306826,0.000141,0.383467,0.690484,2026-05-28 22:17:46
611,hq,42385,bounce_42385_00611.mp4,/home/jetson/Desktop/cv_output/bounce_clips/hq/bounce_42385_00611.mp4,ok,0.282466,0.000148,0.392232,0.674898,2026-05-28 22:17:46
613,source,42420,bounce_42420_00613.mp4,/home/jetson/Desktop/cv_output/bounce_clips/source/bounce_42420_00613.mp4,ok,0.350095,0.000148,0.362063,0.712357,2026-05-28 22:17:47
613,sink,42420,bounce_42420_00613.mp4,/home/jetson/Desktop/cv_output/bounce_clips/sink/bounce_42420_00613.mp4,ok,0.186700,0.000141,0.387765,0.574659,2026-05-28 22:17:48
613,hq,42420,bounce_42420_00613.mp4,/home/jetson/Desktop/cv_output/bounce_clips/hq/bounce_42420_00613.mp4,ok,0.289889,0.000143,0.355795,0.645878,2026-05-28 22:17:48
614,source,42459,bounce_42459_00614.mp4,/home/jetson/Desktop/cv_output/bounce_clips/source/bounce_42459_00614.mp4,ok,0.202059,0.000151,0.399726,0.601988,2026-05-28 22:17:49
614,sink,42459,bounce_42459_00614.mp4,/home/jetson/Desktop/cv_output/bounce_clips/sink/bounce_42459_00614.mp4,ok,0.200912,0.000141,0.364177,0.565280,2026-05-28 22:17:50
614,hq,42459,bounce_42459_00614.mp4,/home/jetson/Desktop/cv_output/bounce_clips/hq/bounce_42459_00614.mp4,ok,1.151931,0.000140,0.349038,1.501160,2026-05-28 22:17:51
625,source,43062,bounce_43062_00625.mp4,/home/jetson/Desktop/cv_output/bounce_clips/source/bounce_43062_00625.mp4,ok,0.978379,0.000144,0.415882,1.394457,2026-05-28 22:17:52
625,sink,43062,bounce_43062_00625.mp4,/home/jetson/Desktop/cv_output/bounce_clips/sink/bounce_43062_00625.mp4,ok,0.478638,0.000144,0.349068,0.827899,2026-05-28 22:17:53
625,hq,43062,bounce_43062_00625.mp4,/home/jetson/Desktop/cv_output/bounce_clips/hq/bounce_43062_00625.mp4,ok,1.025703,0.000143,0.399580,1.425476,2026-05-28 22:17:55
627,source,43142,bounce_43142_00627.mp4,/home/jetson/Desktop/cv_output/bounce_clips/source/bounce_43142_00627.mp4,ok,0.568712,0.000142,0.340983,0.909891,2026-05-28 22:17:56
627,sink,43142,bounce_43142_00627.mp4,/home/jetson/Desktop/cv_output/bounce_clips/sink/bounce_43142_00627.mp4,ok,0.722311,0.000143,0.386383,1.108886,2026-05-28 22:17:57
627,hq,43142,bounce_43142_00627.mp4,/home/jetson/Desktop/cv_output/bounce_clips/hq/bounce_43142_00627.mp4,ok,0.504798,0.000146,0.382102,0.887097,2026-05-28 22:17:58
629,source,43389,bounce_43389_00629.mp4,/home/jetson/Desktop/cv_output/bounce_clips/source/bounce_43389_00629.mp4,failed,0.323833,0.000000,0.000000,0.324006,2026-05-28 22:17:58
629,sink,43389,bounce_43389_00629.mp4,/home/jetson/Desktop/cv_output/bounce_clips/sink/bounce_43389_00629.mp4,failed,0.704130,0.000000,0.000000,0.704302,2026-05-28 22:17:59
630,source,43809,bounce_43809_00630.mp4,/home/jetson/Desktop/cv_output/bounce_clips/source/bounce_43809_00630.mp4,ok,0.313730,0.000145,0.367695,0.681643,2026-05-28 22:17:59
630,sink,43809,bounce_43809_00630.mp4,/home/jetson/Desktop/cv_output/bounce_clips/sink/bounce_43809_00630.mp4,ok,0.812975,0.000152,0.394588,1.207772,2026-05-28 22:18:01
630,hq,43809,bounce_43809_00630.mp4,/home/jetson/Desktop/cv_output/bounce_clips/hq/bounce_43809_00630.mp4,ok,1.602185,0.000145,0.340369,1.942753,2026-05-28 22:18:03
631,source,43857,bounce_43857_00631.mp4,/home/jetson/Desktop/cv_output/bounce_clips/source/bounce_43857_00631.mp4,ok,0.423709,0.000140,0.341081,0.764980,2026-05-28 22:18:03
631,sink,43857,bounce_43857_00631.mp4,/home/jetson/Desktop/cv_output/bounce_clips/sink/bounce_43857_00631.mp4,ok,0.242481,0.000141,0.415897,0.658566,2026-05-28 22:18:04
631,hq,43857,bounce_43857_00631.mp4,/home/jetson/Desktop/cv_output/bounce_clips/hq/bounce_43857_00631.mp4,ok,0.380307,0.000141,0.337812,0.718308,2026-05-28 22:18:05
633,source,43900,bounce_43900_00633.mp4,/home/jetson/Desktop/cv_output/bounce_clips/source/bounce_43900_00633.mp4,ok,0.208885,0.000145,0.388540,0.597622,2026-05-28 22:18:05
633,sink,43900,bounce_43900_00633.mp4,/home/jetson/Desktop/cv_output/bounce_clips/sink/bounce_43900_00633.mp4,ok,0.206413,0.000137,0.338259,0.544860,2026-05-28 22:18:06
636,source,44229,bounce_44229_00636.mp4,/home/jetson/Desktop/cv_output/bounce_clips/source/bounce_44229_00636.mp4,ok,0.304938,0.000142,0.358917,0.664049,2026-05-28 22:18:07
636,sink,44229,bounce_44229_00636.mp4,/home/jetson/Desktop/cv_output/bounce_clips/sink/bounce_44229_00636.mp4,ok,0.932011,0.000231,0.339402,1.271695,2026-05-28 22:18:08
636,hq,44229,bounce_44229_00636.mp4,/home/jetson/Desktop/cv_output/bounce_clips/hq/bounce_44229_00636.mp4,ok,1.807418,0.000143,0.377765,2.185375,2026-05-28 22:18:10
637,source,44274,bounce_44274_00637.mp4,/home/jetson/Desktop/cv_output/bounce_clips/source/bounce_44274_00637.mp4,ok,0.209565,0.000136,0.337780,0.547530,2026-05-28 22:18:11
637,sink,44274,bounce_44274_00637.mp4,/home/jetson/Desktop/cv_output/bounce_clips/sink/bounce_44274_00637.mp4,ok,0.185020,0.000145,0.397989,0.583205,2026-05-28 22:18:11
637,hq,44274,bounce_44274_00637.mp4,/home/jetson/Desktop/cv_output/bounce_clips/hq/bounce_44274_00637.mp4,ok,0.273803,0.000139,0.332148,0.606140,2026-05-28 22:18:12
643,source,44540,bounce_44540_00643.mp4,/home/jetson/Desktop/cv_output/bounce_clips/source/bounce_44540_00643.mp4,failed,0.307471,0.000000,0.000000,0.307646,2026-05-28 22:18:12
643,sink,44540,bounce_44540_00643.mp4,/home/jetson/Desktop/cv_output/bounce_clips/sink/bounce_44540_00643.mp4,failed,0.261674,0.000000,0.000000,0.261846,2026-05-28 22:18:12
644,source,44563,bounce_44563_00644.mp4,/home/jetson/Desktop/cv_output/bounce_clips/source/bounce_44563_00644.mp4,ok,0.148069,0.000128,0.458319,0.606559,2026-05-28 22:18:13
644,sink,44563,bounce_44563_00644.mp4,/home/jetson/Desktop/cv_output/bounce_clips/sink/bounce_44563_00644.mp4,ok,0.147137,0.000125,0.414347,0.561649,2026-05-28 22:18:14
644,hq,44563,bounce_44563_00644.mp4,/home/jetson/Desktop/cv_output/bounce_clips/hq/bounce_44563_00644.mp4,ok,1.122431,0.000127,0.820082,1.942681,2026-05-28 22:18:16
647,source,44967,bounce_44967_00647.mp4,/home/jetson/Desktop/cv_output/bounce_clips/source/bounce_44967_00647.mp4,ok,0.735028,0.000122,0.420568,1.155759,2026-05-28 22:18:17
647,sink,44967,bounce_44967_00647.mp4,/home/jetson/Desktop/cv_output/bounce_clips/sink/bounce_44967_00647.mp4,ok,0.331311,0.000128,0.385271,0.716749,2026-05-28 22:18:17
647,hq,44967,bounce_44967_00647.mp4,/home/jetson/Desktop/cv_output/bounce_clips/hq/bounce_44967_00647.mp4,ok,0.508532,0.000127,0.443013,0.951713,2026-05-28 22:18:18
648,source,45004,bounce_45004_00648.mp4,/home/jetson/Desktop/cv_output/bounce_clips/source/bounce_45004_00648.mp4,ok,0.220614,0.000122,0.415732,0.636511,2026-05-28 22:18:19
648,sink,45004,bounce_45004_00648.mp4,/home/jetson/Desktop/cv_output/bounce_clips/sink/bounce_45004_00648.mp4,ok,0.239327,0.000126,0.399931,0.639421,2026-05-28 22:18:20
648,hq,45004,bounce_45004_00648.mp4,/home/jetson/Desktop/cv_output/bounce_clips/hq/bounce_45004_00648.mp4,ok,0.241759,0.000122,0.418383,0.660320,2026-05-28 22:18:20
650,source,45052,bounce_45052_00650.mp4,/home/jetson/Desktop/cv_output/bounce_clips/source/bounce_45052_00650.mp4,ok,0.267364,0.000124,0.345105,0.612632,2026-05-28 22:18:21
650,sink,45052,bounce_45052_00650.mp4,/home/jetson/Desktop/cv_output/bounce_clips/sink/bounce_45052_00650.mp4,ok,0.796841,0.000138,0.433826,1.230854,2026-05-28 22:18:22
650,hq,45052,bounce_45052_00650.mp4,/home/jetson/Desktop/cv_output/bounce_clips/hq/bounce_45052_00650.mp4,ok,0.388461,0.000127,0.438907,0.827538,2026-05-28 22:18:23
651,source,45090,bounce_45090_00651.mp4,/home/jetson/Desktop/cv_output/bounce_clips/source/bounce_45090_00651.mp4,ok,0.737590,0.000122,0.360706,1.098464,2026-05-28 22:18:24
651,sink,45090,bounce_45090_00651.mp4,/home/jetson/Desktop/cv_output/bounce_clips/sink/bounce_45090_00651.mp4,ok,0.195983,0.000128,0.414980,0.611131,2026-05-28 22:18:25
651,hq,45090,bounce_45090_00651.mp4,/home/jetson/Desktop/cv_output/bounce_clips/hq/bounce_45090_00651.mp4,ok,0.556235,0.000129,0.381913,0.938320,2026-05-28 22:18:26
652,source,45127,bounce_45127_00652.mp4,/home/jetson/Desktop/cv_output/bounce_clips/source/bounce_45127_00652.mp4,ok,0.198651,0.000121,0.384189,0.583003,2026-05-28 22:18:26
652,sink,45127,bounce_45127_00652.mp4,/home/jetson/Desktop/cv_output/bounce_clips/sink/bounce_45127_00652.mp4,ok,0.196410,0.000118,0.392083,0.588651,2026-05-28 22:18:27
652,hq,45127,bounce_45127_00652.mp4,/home/jetson/Desktop/cv_output/bounce_clips/hq/bounce_45127_00652.mp4,ok,0.281647,0.000115,0.461703,0.743506,2026-05-28 22:18:28
653,source,45202,bounce_45202_00653.mp4,/home/jetson/Desktop/cv_output/bounce_clips/source/bounce_45202_00653.mp4,ok,0.609629,0.000123,0.417269,1.027061,2026-05-28 22:18:29
653,sink,45202,bounce_45202_00653.mp4,/home/jetson/Desktop/cv_output/bounce_clips/sink/bounce_45202_00653.mp4,ok,0.308977,0.000139,0.368343,0.677508,2026-05-28 22:18:29
653,hq,45202,bounce_45202_00653.mp4,/home/jetson/Desktop/cv_output/bounce_clips/hq/bounce_45202_00653.mp4,ok,0.728023,0.000141,0.374655,1.102873,2026-05-28 22:18:31
654,source,45293,bounce_45293_00654.mp4,/home/jetson/Desktop/cv_output/bounce_clips/source/bounce_45293_00654.mp4,ok,0.456766,0.000118,0.456184,0.913109,2026-05-28 22:18:31
654,sink,45293,bounce_45293_00654.mp4,/home/jetson/Desktop/cv_output/bounce_clips/sink/bounce_45293_00654.mp4,ok,0.790252,0.000137,0.414634,1.205072,2026-05-28 22:18:33
654,hq,45293,bounce_45293_00654.mp4,/home/jetson/Desktop/cv_output/bounce_clips/hq/bounce_45293_00654.mp4,ok,0.505360,0.000126,0.355459,0.860982,2026-05-28 22:18:34
656,source,45512,bounce_45512_00656.mp4,/home/jetson/Desktop/cv_output/bounce_clips/source/bounce_45512_00656.mp4,ok,0.934360,0.000141,0.386233,1.320783,2026-05-28 22:18:35
656,sink,45512,bounce_45512_00656.mp4,/home/jetson/Desktop/cv_output/bounce_clips/sink/bounce_45512_00656.mp4,ok,0.335395,0.000126,0.374569,0.710131,2026-05-28 22:18:36
656,hq,45512,bounce_45512_00656.mp4,/home/jetson/Desktop/cv_output/bounce_clips/hq/bounce_45512_00656.mp4,ok,0.521143,0.000119,0.364952,0.886258,2026-05-28 22:18:36
657,source,45556,bounce_45556_00657.mp4,/home/jetson/Desktop/cv_output/bounce_clips/source/bounce_45556_00657.mp4,ok,0.372389,0.000123,0.413892,0.786448,2026-05-28 22:18:37
657,sink,45556,bounce_45556_00657.mp4,/home/jetson/Desktop/cv_output/bounce_clips/sink/bounce_45556_00657.mp4,ok,0.254717,0.000131,0.390567,0.645459,2026-05-28 22:18:38
657,hq,45556,bounce_45556_00657.mp4,/home/jetson/Desktop/cv_output/bounce_clips/hq/bounce_45556_00657.mp4,ok,0.566015,0.000137,0.364894,0.931088,2026-05-28 22:18:39
659,source,45610,bounce_45610_00659.mp4,/home/jetson/Desktop/cv_output/bounce_clips/source/bounce_45610_00659.mp4,ok,0.225275,0.000129,0.392467,0.617909,2026-05-28 22:18:39
659,sink,45610,bounce_45610_00659.mp4,/home/jetson/Desktop/cv_output/bounce_clips/sink/bounce_45610_00659.mp4,ok,0.375159,0.000174,0.443408,0.818789,2026-05-28 22:18:40
659,hq,45610,bounce_45610_00659.mp4,/home/jetson/Desktop/cv_output/bounce_clips/hq/bounce_45610_00659.mp4,ok,0.390689,0.000124,0.405744,0.796596,2026-05-28 22:18:41
662,source,45730,bounce_45730_00662.mp4,/home/jetson/Desktop/cv_output/bounce_clips/source/bounce_45730_00662.mp4,ok,0.307613,0.000530,0.393760,0.702418,2026-05-28 22:18:42
662,sink,45730,bounce_45730_00662.mp4,/home/jetson/Desktop/cv_output/bounce_clips/sink/bounce_45730_00662.mp4,ok,0.569324,0.000135,0.371359,0.940861,2026-05-28 22:18:43
662,hq,45730,bounce_45730_00662.mp4,/home/jetson/Desktop/cv_output/bounce_clips/hq/bounce_45730_00662.mp4,ok,1.729576,0.000138,0.352430,2.082191,2026-05-28 22:18:45
663,source,45784,bounce_45784_00663.mp4,/home/jetson/Desktop/cv_output/bounce_clips/source/bounce_45784_00663.mp4,failed,0.439119,0.000000,0.000000,0.439272,2026-05-28 22:18:45
663,sink,45784,bounce_45784_00663.mp4,/home/jetson/Desktop/cv_output/bounce_clips/sink/bounce_45784_00663.mp4,failed,0.215493,0.000000,0.000000,0.215649,2026-05-28 22:18:46
665,source,45913,bounce_45913_00665.mp4,/home/jetson/Desktop/cv_output/bounce_clips/source/bounce_45913_00665.mp4,ok,0.304959,0.000128,0.363929,0.669063,2026-05-28 22:18:46
665,sink,45913,bounce_45913_00665.mp4,/home/jetson/Desktop/cv_output/bounce_clips/sink/bounce_45913_00665.mp4,ok,0.972862,0.000143,0.343558,1.316613,2026-05-28 22:18:48
665,hq,45913,bounce_45913_00665.mp4,/home/jetson/Desktop/cv_output/bounce_clips/hq/bounce_45913_00665.mp4,ok,2.893563,0.000169,0.369460,3.263239,2026-05-28 22:18:51
666,source,45952,bounce_45952_00666.mp4,/home/jetson/Desktop/cv_output/bounce_clips/source/bounce_45952_00666.mp4,ok,0.248117,0.000181,0.334806,0.583153,2026-05-28 22:18:51
666,sink,45952,bounce_45952_00666.mp4,/home/jetson/Desktop/cv_output/bounce_clips/sink/bounce_45952_00666.mp4,ok,0.203007,0.000118,0.355944,0.559106,2026-05-28 22:18:52
666,hq,45952,bounce_45952_00666.mp4,/home/jetson/Desktop/cv_output/bounce_clips/hq/bounce_45952_00666.mp4,ok,1.416556,0.000140,0.368735,1.785482,2026-05-28 22:18:54
668,source,45994,bounce_45994_00668.mp4,/home/jetson/Desktop/cv_output/bounce_clips/source/bounce_45994_00668.mp4,ok,0.214378,0.000145,0.348555,0.563121,2026-05-28 22:18:54
668,sink,45994,bounce_45994_00668.mp4,/home/jetson/Desktop/cv_output/bounce_clips/sink/bounce_45994_00668.mp4,ok,0.351775,0.000147,0.374188,0.726156,2026-05-28 22:18:55
668,hq,45994,bounce_45994_00668.mp4,/home/jetson/Desktop/cv_output/bounce_clips/hq/bounce_45994_00668.mp4,ok,0.325311,0.000118,0.446706,0.772175,2026-05-28 22:18:56
669,source,46128,bounce_46128_00669.mp4,/home/jetson/Desktop/cv_output/bounce_clips/source/bounce_46128_00669.mp4,ok,0.968243,0.000141,0.354741,1.323177,2026-05-28 22:18:57
669,sink,46128,bounce_46128_00669.mp4,/home/jetson/Desktop/cv_output/bounce_clips/sink/bounce_46128_00669.mp4,ok,0.722009,0.000136,0.468341,1.190534,2026-05-28 22:18:58
669,hq,46128,bounce_46128_00669.mp4,/home/jetson/Desktop/cv_output/bounce_clips/hq/bounce_46128_00669.mp4,ok,0.866973,0.000133,0.422017,1.289167,2026-05-28 22:19:00
671,source,46459,bounce_46459_00671.mp4,/home/jetson/Desktop/cv_output/bounce_clips/source/bounce_46459_00671.mp4,failed,0.346354,0.000000,0.000000,0.346489,2026-05-28 22:19:00
671,sink,46459,bounce_46459_00671.mp4,/home/jetson/Desktop/cv_output/bounce_clips/sink/bounce_46459_00671.mp4,failed,0.292755,0.000000,0.000000,0.292881,2026-05-28 22:19:00
672,source,46514,bounce_46514_00672.mp4,/home/jetson/Desktop/cv_output/bounce_clips/source/bounce_46514_00672.mp4,ok,0.343020,0.000133,0.376461,0.719656,2026-05-28 22:19:01
672,sink,46514,bounce_46514_00672.mp4,/home/jetson/Desktop/cv_output/bounce_clips/sink/bounce_46514_00672.mp4,ok,0.247099,0.000119,0.386653,0.633912,2026-05-28 22:19:02
672,hq,46514,bounce_46514_00672.mp4,/home/jetson/Desktop/cv_output/bounce_clips/hq/bounce_46514_00672.mp4,ok,1.539258,0.000143,0.351631,1.891083,2026-05-28 22:19:04
673,source,46556,bounce_46556_00673.mp4,/home/jetson/Desktop/cv_output/bounce_clips/source/bounce_46556_00673.mp4,failed,0.218673,0.000000,0.000000,0.218868,2026-05-28 22:19:04
673,sink,46556,bounce_46556_00673.mp4,/home/jetson/Desktop/cv_output/bounce_clips/sink/bounce_46556_00673.mp4,failed,0.175491,0.000000,0.000000,0.175634,2026-05-28 22:19:04
674,source,46594,bounce_46594_00674.mp4,/home/jetson/Desktop/cv_output/bounce_clips/source/bounce_46594_00674.mp4,ok,0.198135,0.000144,0.348523,0.546850,2026-05-28 22:19:05
674,sink,46594,bounce_46594_00674.mp4,/home/jetson/Desktop/cv_output/bounce_clips/sink/bounce_46594_00674.mp4,ok,0.336664,0.000132,0.426660,0.763501,2026-05-28 22:19:05
674,hq,46594,bounce_46594_00674.mp4,/home/jetson/Desktop/cv_output/bounce_clips/hq/bounce_46594_00674.mp4,ok,0.533848,0.000145,0.375759,0.909800,2026-05-28 22:19:06
675,source,46621,bounce_46621_00675.mp4,/home/jetson/Desktop/cv_output/bounce_clips/source/bounce_46621_00675.mp4,ok,0.357356,0.000120,0.356270,0.713822,2026-05-28 22:19:07
675,sink,46621,bounce_46621_00675.mp4,/home/jetson/Desktop/cv_output/bounce_clips/sink/bounce_46621_00675.mp4,ok,0.177674,0.000145,0.416210,0.594081,2026-05-28 22:19:08
675,hq,46621,bounce_46621_00675.mp4,/home/jetson/Desktop/cv_output/bounce_clips/hq/bounce_46621_00675.mp4,ok,0.256236,0.000135,0.404514,0.660934,2026-05-28 22:19:08
678,source,46808,bounce_46808_00678.mp4,/home/jetson/Desktop/cv_output/bounce_clips/source/bounce_46808_00678.mp4,ok,0.367877,0.000139,0.427456,0.795514,2026-05-28 22:19:09
678,sink,46808,bounce_46808_00678.mp4,/home/jetson/Desktop/cv_output/bounce_clips/sink/bounce_46808_00678.mp4,ok,0.830009,0.000145,0.393309,1.223512,2026-05-28 22:19:10
678,hq,46808,bounce_46808_00678.mp4,/home/jetson/Desktop/cv_output/bounce_clips/hq/bounce_46808_00678.mp4,ok,1.538825,0.000127,0.467600,2.006598,2026-05-28 22:19:12
679,source,46924,bounce_46924_00679.mp4,/home/jetson/Desktop/cv_output/bounce_clips/source/bounce_46924_00679.mp4,ok,1.027058,0.000120,0.354765,1.381986,2026-05-28 22:19:14
679,sink,46924,bounce_46924_00679.mp4,/home/jetson/Desktop/cv_output/bounce_clips/sink/bounce_46924_00679.mp4,ok,0.953914,0.000119,0.424705,1.378779,2026-05-28 22:19:15
679,hq,46924,bounce_46924_00679.mp4,/home/jetson/Desktop/cv_output/bounce_clips/hq/bounce_46924_00679.mp4,ok,1.552938,0.000124,0.429058,1.982162,2026-05-28 22:19:17
683,source,47267,bounce_47267_00683.mp4,/home/jetson/Desktop/cv_output/bounce_clips/source/bounce_47267_00683.mp4,ok,1.067337,0.000138,0.395446,1.462971,2026-05-28 22:19:19
683,sink,47267,bounce_47267_00683.mp4,/home/jetson/Desktop/cv_output/bounce_clips/sink/bounce_47267_00683.mp4,ok,0.785449,0.000123,0.344562,1.130195,2026-05-28 22:19:20
683,hq,47267,bounce_47267_00683.mp4,/home/jetson/Desktop/cv_output/bounce_clips/hq/bounce_47267_00683.mp4,ok,0.835781,0.000120,0.402309,1.238248,2026-05-28 22:19:21
684,source,47317,bounce_47317_00684.mp4,/home/jetson/Desktop/cv_output/bounce_clips/source/bounce_47317_00684.mp4,ok,0.307926,0.000126,0.422690,0.730790,2026-05-28 22:19:22
684,sink,47317,bounce_47317_00684.mp4,/home/jetson/Desktop/cv_output/bounce_clips/sink/bounce_47317_00684.mp4,ok,0.498558,0.000131,0.366929,0.865656,2026-05-28 22:19:23
684,hq,47317,bounce_47317_00684.mp4,/home/jetson/Desktop/cv_output/bounce_clips/hq/bounce_47317_00684.mp4,ok,0.356585,0.000119,0.379180,0.735926,2026-05-28 22:19:23
686,source,47362,bounce_47362_00686.mp4,/home/jetson/Desktop/cv_output/bounce_clips/source/bounce_47362_00686.mp4,ok,0.753241,0.000119,0.425066,1.178466,2026-05-28 22:19:25
686,sink,47362,bounce_47362_00686.mp4,/home/jetson/Desktop/cv_output/bounce_clips/sink/bounce_47362_00686.mp4,ok,0.280374,0.000158,0.356264,0.636838,2026-05-28 22:19:25
686,hq,47362,bounce_47362_00686.mp4,/home/jetson/Desktop/cv_output/bounce_clips/hq/bounce_47362_00686.mp4,ok,0.596020,0.000141,0.355571,0.951776,2026-05-28 22:19:26
688,source,47547,bounce_47547_00688.mp4,/home/jetson/Desktop/cv_output/bounce_clips/source/bounce_47547_00688.mp4,ok,0.633681,0.000127,0.433292,1.067145,2026-05-28 22:19:27
688,sink,47547,bounce_47547_00688.mp4,/home/jetson/Desktop/cv_output/bounce_clips/sink/bounce_47547_00688.mp4,ok,0.360958,0.000141,0.356965,0.718117,2026-05-28 22:19:28
689,source,47890,bounce_47890_00689.mp4,/home/jetson/Desktop/cv_output/bounce_clips/source/bounce_47890_00689.mp4,ok,0.340587,0.000132,0.413876,0.754636,2026-05-28 22:19:29
689,sink,47890,bounce_47890_00689.mp4,/home/jetson/Desktop/cv_output/bounce_clips/sink/bounce_47890_00689.mp4,ok,1.083256,0.000137,0.409194,1.492636,2026-05-28 22:19:30
689,hq,47890,bounce_47890_00689.mp4,/home/jetson/Desktop/cv_output/bounce_clips/hq/bounce_47890_00689.mp4,ok,1.412364,0.000124,0.350086,1.762612,2026-05-28 22:19:32
691,source,47947,bounce_47947_00691.mp4,/home/jetson/Desktop/cv_output/bounce_clips/source/bounce_47947_00691.mp4,ok,0.298762,0.000109,0.392953,0.691866,2026-05-28 22:19:33
691,sink,47947,bounce_47947_00691.mp4,/home/jetson/Desktop/cv_output/bounce_clips/sink/bounce_47947_00691.mp4,ok,0.288188,0.000146,0.422274,0.710655,2026-05-28 22:19:33
691,hq,47947,bounce_47947_00691.mp4,/home/jetson/Desktop/cv_output/bounce_clips/hq/bounce_47947_00691.mp4,ok,0.430662,0.000134,0.372426,0.803268,2026-05-28 22:19:34
693,source,48021,bounce_48021_00693.mp4,/home/jetson/Desktop/cv_output/bounce_clips/source/bounce_48021_00693.mp4,ok,0.300955,0.000135,0.349010,0.650145,2026-05-28 22:19:35
693,sink,48021,bounce_48021_00693.mp4,/home/jetson/Desktop/cv_output/bounce_clips/sink/bounce_48021_00693.mp4,ok,0.291654,0.000119,0.341489,0.633300,2026-05-28 22:19:36
693,hq,48021,bounce_48021_00693.mp4,/home/jetson/Desktop/cv_output/bounce_clips/hq/bounce_48021_00693.mp4,ok,1.520257,0.000146,0.385337,1.905791,2026-05-28 22:19:37
695,source,48064,bounce_48064_00695.mp4,/home/jetson/Desktop/cv_output/bounce_clips/source/bounce_48064_00695.mp4,ok,0.398162,0.000141,0.416658,0.815007,2026-05-28 22:19:38
695,sink,48064,bounce_48064_00695.mp4,/home/jetson/Desktop/cv_output/bounce_clips/sink/bounce_48064_00695.mp4,ok,0.235085,0.000115,0.405412,0.640656,2026-05-28 22:19:39
695,hq,48064,bounce_48064_00695.mp4,/home/jetson/Desktop/cv_output/bounce_clips/hq/bounce_48064_00695.mp4,ok,0.338316,0.000138,0.381964,0.720466,2026-05-28 22:19:40
697,source,48125,bounce_48125_00697.mp4,/home/jetson/Desktop/cv_output/bounce_clips/source/bounce_48125_00697.mp4,ok,0.307567,0.000137,0.386968,0.694726,2026-05-28 22:19:40
697,sink,48125,bounce_48125_00697.mp4,/home/jetson/Desktop/cv_output/bounce_clips/sink/bounce_48125_00697.mp4,ok,0.314843,0.000130,0.368716,0.683732,2026-05-28 22:19:41
697,hq,48125,bounce_48125_00697.mp4,/home/jetson/Desktop/cv_output/bounce_clips/hq/bounce_48125_00697.mp4,ok,1.257986,0.000130,0.454745,1.712901,2026-05-28 22:19:43
699,source,48460,bounce_48460_00699.mp4,/home/jetson/Desktop/cv_output/bounce_clips/source/bounce_48460_00699.mp4,ok,0.721647,0.000140,0.384054,1.105891,2026-05-28 22:19:44
699,sink,48460,bounce_48460_00699.mp4,/home/jetson/Desktop/cv_output/bounce_clips/sink/bounce_48460_00699.mp4,ok,0.547671,0.000120,0.357010,0.904841,2026-05-28 22:19:45
699,hq,48460,bounce_48460_00699.mp4,/home/jetson/Desktop/cv_output/bounce_clips/hq/bounce_48460_00699.mp4,ok,0.501533,0.000140,0.445249,0.946969,2026-05-28 22:19:46
709,source,48728,bounce_48728_00709.mp4,/home/jetson/Desktop/cv_output/bounce_clips/source/bounce_48728_00709.mp4,ok,0.306891,0.000123,0.375289,0.682351,2026-05-28 22:19:46
709,sink,48728,bounce_48728_00709.mp4,/home/jetson/Desktop/cv_output/bounce_clips/sink/bounce_48728_00709.mp4,ok,0.922095,0.000125,0.390528,1.312796,2026-05-28 22:19:48
709,hq,48728,bounce_48728_00709.mp4,/home/jetson/Desktop/cv_output/bounce_clips/hq/bounce_48728_00709.mp4,ok,1.340993,0.000143,0.375904,1.717088,2026-05-28 22:19:49
711,source,48891,bounce_48891_00711.mp4,/home/jetson/Desktop/cv_output/bounce_clips/source/bounce_48891_00711.mp4,ok,0.864087,0.000133,0.392097,1.256362,2026-05-28 22:19:51
711,sink,48891,bounce_48891_00711.mp4,/home/jetson/Desktop/cv_output/bounce_clips/sink/bounce_48891_00711.mp4,ok,0.914098,0.000140,0.424560,1.338848,2026-05-28 22:19:52
711,hq,48891,bounce_48891_00711.mp4,/home/jetson/Desktop/cv_output/bounce_clips/hq/bounce_48891_00711.mp4,ok,0.771951,0.000124,0.358576,1.130692,2026-05-28 22:19:53
712,source,49013,bounce_49013_00712.mp4,/home/jetson/Desktop/cv_output/bounce_clips/source/bounce_49013_00712.mp4,ok,0.818692,0.000116,0.416288,1.235142,2026-05-28 22:19:54
712,sink,49013,bounce_49013_00712.mp4,/home/jetson/Desktop/cv_output/bounce_clips/sink/bounce_49013_00712.mp4,ok,0.907277,0.000143,0.396114,1.303583,2026-05-28 22:19:56
713,source,49206,bounce_49206_00713.mp4,/home/jetson/Desktop/cv_output/bounce_clips/source/bounce_49206_00713.mp4,ok,0.312766,0.000129,0.340304,0.653243,2026-05-28 22:19:56
713,sink,49206,bounce_49206_00713.mp4,/home/jetson/Desktop/cv_output/bounce_clips/sink/bounce_49206_00713.mp4,ok,0.969581,0.000115,0.406680,1.376418,2026-05-28 22:19:58
713,hq,49206,bounce_49206_00713.mp4,/home/jetson/Desktop/cv_output/bounce_clips/hq/bounce_49206_00713.mp4,ok,1.107528,0.000130,0.397570,1.505273,2026-05-28 22:19:59
714,source,49485,bounce_49485_00714.mp4,/home/jetson/Desktop/cv_output/bounce_clips/source/bounce_49485_00714.mp4,ok,1.028182,0.000117,0.410739,1.439085,2026-05-28 22:20:01
714,sink,49485,bounce_49485_00714.mp4,/home/jetson/Desktop/cv_output/bounce_clips/sink/bounce_49485_00714.mp4,ok,0.900597,0.000113,0.344053,1.244804,2026-05-28 22:20:02
714,hq,49485,bounce_49485_00714.mp4,/home/jetson/Desktop/cv_output/bounce_clips/hq/bounce_49485_00714.mp4,ok,0.510355,0.000136,0.350237,0.860776,2026-05-28 22:20:03
715,source,49527,bounce_49527_00715.mp4,/home/jetson/Desktop/cv_output/bounce_clips/source/bounce_49527_00715.mp4,failed,0.603133,0.000000,0.000000,0.603293,2026-05-28 22:20:04
715,sink,49527,bounce_49527_00715.mp4,/home/jetson/Desktop/cv_output/bounce_clips/sink/bounce_49527_00715.mp4,failed,0.279149,0.000000,0.000000,0.279314,2026-05-28 22:20:04
720,source,49624,bounce_49624_00720.mp4,/home/jetson/Desktop/cv_output/bounce_clips/source/bounce_49624_00720.mp4,failed,0.663818,0.000000,0.000000,0.663995,2026-05-28 22:20:05
720,sink,49624,bounce_49624_00720.mp4,/home/jetson/Desktop/cv_output/bounce_clips/sink/bounce_49624_00720.mp4,failed,0.789297,0.000000,0.000000,0.789429,2026-05-28 22:20:05
721,source,49858,bounce_49858_00721.mp4,/home/jetson/Desktop/cv_output/bounce_clips/source/bounce_49858_00721.mp4,ok,0.867462,0.000118,0.386547,1.254169,2026-05-28 22:20:07
721,sink,49858,bounce_49858_00721.mp4,/home/jetson/Desktop/cv_output/bounce_clips/sink/bounce_49858_00721.mp4,ok,1.075101,0.000132,0.356882,1.432168,2026-05-28 22:20:08
721,hq,49858,bounce_49858_00721.mp4,/home/jetson/Desktop/cv_output/bounce_clips/hq/bounce_49858_00721.mp4,ok,1.262181,0.000121,0.478887,1.741232,2026-05-28 22:20:10
722,source,50020,bounce_50020_00722.mp4,/home/jetson/Desktop/cv_output/bounce_clips/source/bounce_50020_00722.mp4,ok,0.716345,0.000137,0.394595,1.111124,2026-05-28 22:20:11
722,sink,50020,bounce_50020_00722.mp4,/home/jetson/Desktop/cv_output/bounce_clips/sink/bounce_50020_00722.mp4,ok,0.586214,0.000122,0.426176,1.012551,2026-05-28 22:20:12
722,hq,50020,bounce_50020_00722.mp4,/home/jetson/Desktop/cv_output/bounce_clips/hq/bounce_50020_00722.mp4,ok,0.436229,0.000120,0.368522,0.804911,2026-05-28 22:20:13
723,source,50068,bounce_50068_00723.mp4,/home/jetson/Desktop/cv_output/bounce_clips/source/bounce_50068_00723.mp4,ok,0.259686,0.000132,0.383154,0.643019,2026-05-28 22:20:13
723,sink,50068,bounce_50068_00723.mp4,/home/jetson/Desktop/cv_output/bounce_clips/sink/bounce_50068_00723.mp4,ok,0.341123,0.000130,0.436978,0.778280,2026-05-28 22:20:14
723,hq,50068,bounce_50068_00723.mp4,/home/jetson/Desktop/cv_output/bounce_clips/hq/bounce_50068_00723.mp4,ok,0.413649,0.000116,0.420315,0.834120,2026-05-28 22:20:15
724,source,50120,bounce_50120_00724.mp4,/home/jetson/Desktop/cv_output/bounce_clips/source/bounce_50120_00724.mp4,ok,0.292295,0.000113,0.340848,0.633298,2026-05-28 22:20:16
724,sink,50120,bounce_50120_00724.mp4,/home/jetson/Desktop/cv_output/bounce_clips/sink/bounce_50120_00724.mp4,ok,0.237288,0.000114,0.425260,0.662700,2026-05-28 22:20:16
724,hq,50120,bounce_50120_00724.mp4,/home/jetson/Desktop/cv_output/bounce_clips/hq/bounce_50120_00724.mp4,ok,0.299654,0.000112,0.372562,0.672366,2026-05-28 22:20:17
726,source,50330,bounce_50330_00726.mp4,/home/jetson/Desktop/cv_output/bounce_clips/source/bounce_50330_00726.mp4,ok,1.127825,0.000137,0.387373,1.515383,2026-05-28 22:20:19
726,sink,50330,bounce_50330_00726.mp4,/home/jetson/Desktop/cv_output/bounce_clips/sink/bounce_50330_00726.mp4,ok,0.780676,0.000108,0.343614,1.124438,2026-05-28 22:20:20
726,hq,50330,bounce_50330_00726.mp4,/home/jetson/Desktop/cv_output/bounce_clips/hq/bounce_50330_00726.mp4,ok,0.515194,0.000140,0.371423,0.886804,2026-05-28 22:20:21
727,source,50375,bounce_50375_00727.mp4,/home/jetson/Desktop/cv_output/bounce_clips/source/bounce_50375_00727.mp4,ok,0.876718,0.000147,0.394134,1.271052,2026-05-28 22:20:22
727,sink,50375,bounce_50375_00727.mp4,/home/jetson/Desktop/cv_output/bounce_clips/sink/bounce_50375_00727.mp4,ok,0.231835,0.000121,0.354707,0.586702,2026-05-28 22:20:22
727,hq,50375,bounce_50375_00727.mp4,/home/jetson/Desktop/cv_output/bounce_clips/hq/bounce_50375_00727.mp4,ok,0.611595,0.000115,0.405641,1.017391,2026-05-28 22:20:23
729,source,50475,bounce_50475_00729.mp4,/home/jetson/Desktop/cv_output/bounce_clips/source/bounce_50475_00729.mp4,ok,0.333736,0.000138,0.436865,0.770792,2026-05-28 22:20:24
729,sink,50475,bounce_50475_00729.mp4,/home/jetson/Desktop/cv_output/bounce_clips/sink/bounce_50475_00729.mp4,ok,0.936947,0.000113,0.401686,1.338788,2026-05-28 22:20:26
729,hq,50475,bounce_50475_00729.mp4,/home/jetson/Desktop/cv_output/bounce_clips/hq/bounce_50475_00729.mp4,ok,0.578693,0.000123,0.426396,1.005257,2026-05-28 22:20:27
732,source,50543,bounce_50543_00732.mp4,/home/jetson/Desktop/cv_output/bounce_clips/source/bounce_50543_00732.mp4,ok,0.356439,0.000122,0.423410,0.780010,2026-05-28 22:20:27
732,sink,50543,bounce_50543_00732.mp4,/home/jetson/Desktop/cv_output/bounce_clips/sink/bounce_50543_00732.mp4,ok,0.298690,0.000119,0.384387,0.683236,2026-05-28 22:20:28
732,hq,50543,bounce_50543_00732.mp4,/home/jetson/Desktop/cv_output/bounce_clips/hq/bounce_50543_00732.mp4,ok,1.291517,0.000131,0.396525,1.688214,2026-05-28 22:20:30
733,source,50587,bounce_50587_00733.mp4,/home/jetson/Desktop/cv_output/bounce_clips/source/bounce_50587_00733.mp4,failed,0.324266,0.000000,0.000000,0.324444,2026-05-28 22:20:30
733,sink,50587,bounce_50587_00733.mp4,/home/jetson/Desktop/cv_output/bounce_clips/sink/bounce_50587_00733.mp4,failed,0.237414,0.000000,0.000000,0.237557,2026-05-28 22:20:30
734,source,50717,bounce_50717_00734.mp4,/home/jetson/Desktop/cv_output/bounce_clips/source/bounce_50717_00734.mp4,ok,0.296388,0.000112,0.359674,0.656216,2026-05-28 22:20:31
734,sink,50717,bounce_50717_00734.mp4,/home/jetson/Desktop/cv_output/bounce_clips/sink/bounce_50717_00734.mp4,ok,0.945704,0.000146,0.355210,1.301106,2026-05-28 22:20:32
734,hq,50717,bounce_50717_00734.mp4,/home/jetson/Desktop/cv_output/bounce_clips/hq/bounce_50717_00734.mp4,ok,1.551611,0.000114,0.353399,1.905163,2026-05-28 22:20:34
735,source,50761,bounce_50761_00735.mp4,/home/jetson/Desktop/cv_output/bounce_clips/source/bounce_50761_00735.mp4,ok,0.198788,0.000160,0.431414,0.630405,2026-05-28 22:20:35
735,sink,50761,bounce_50761_00735.mp4,/home/jetson/Desktop/cv_output/bounce_clips/sink/bounce_50761_00735.mp4,ok,0.246224,0.000117,0.348364,0.594753,2026-05-28 22:20:35
735,hq,50761,bounce_50761_00735.mp4,/home/jetson/Desktop/cv_output/bounce_clips/hq/bounce_50761_00735.mp4,ok,1.380417,0.000131,0.392605,1.773196,2026-05-28 22:20:37
738,source,50845,bounce_50845_00738.mp4,/home/jetson/Desktop/cv_output/bounce_clips/source/bounce_50845_00738.mp4,ok,0.567313,0.000116,0.347578,0.915052,2026-05-28 22:20:38
738,sink,50845,bounce_50845_00738.mp4,/home/jetson/Desktop/cv_output/bounce_clips/sink/bounce_50845_00738.mp4,ok,0.371319,0.000118,0.410196,0.781677,2026-05-28 22:20:39
738,hq,50845,bounce_50845_00738.mp4,/home/jetson/Desktop/cv_output/bounce_clips/hq/bounce_50845_00738.mp4,ok,0.633330,0.000133,0.377237,1.010750,2026-05-28 22:20:40
739,source,51084,bounce_51084_00739.mp4,/home/jetson/Desktop/cv_output/bounce_clips/source/bounce_51084_00739.mp4,ok,0.548215,0.000139,0.333689,0.882093,2026-05-28 22:20:41
739,sink,51084,bounce_51084_00739.mp4,/home/jetson/Desktop/cv_output/bounce_clips/sink/bounce_51084_00739.mp4,ok,0.335248,0.000137,0.358899,0.694334,2026-05-28 22:20:42
739,hq,51084,bounce_51084_00739.mp4,/home/jetson/Desktop/cv_output/bounce_clips/hq/bounce_51084_00739.mp4,ok,1.521834,0.000129,0.348786,1.870796,2026-05-28 22:20:43
740,source,51140,bounce_51140_00740.mp4,/home/jetson/Desktop/cv_output/bounce_clips/source/bounce_51140_00740.mp4,ok,0.314196,0.000131,0.371966,0.686342,2026-05-28 22:20:44
740,sink,51140,bounce_51140_00740.mp4,/home/jetson/Desktop/cv_output/bounce_clips/sink/bounce_51140_00740.mp4,ok,0.304935,0.000133,0.342653,0.647766,2026-05-28 22:20:45
740,hq,51140,bounce_51140_00740.mp4,/home/jetson/Desktop/cv_output/bounce_clips/hq/bounce_51140_00740.mp4,ok,1.550909,0.000117,0.413552,1.964621,2026-05-28 22:20:47
743,source,51240,bounce_51240_00743.mp4,/home/jetson/Desktop/cv_output/bounce_clips/source/bounce_51240_00743.mp4,ok,0.990142,0.000116,0.458547,1.448847,2026-05-28 22:20:48
743,sink,51240,bounce_51240_00743.mp4,/home/jetson/Desktop/cv_output/bounce_clips/sink/bounce_51240_00743.mp4,ok,0.458721,0.000135,0.423834,0.882741,2026-05-28 22:20:49
743,hq,51240,bounce_51240_00743.mp4,/home/jetson/Desktop/cv_output/bounce_clips/hq/bounce_51240_00743.mp4,ok,0.803984,0.000130,0.352063,1.156226,2026-05-28 22:20:50
744,source,51329,bounce_51329_00744.mp4,/home/jetson/Desktop/cv_output/bounce_clips/source/bounce_51329_00744.mp4,ok,0.484648,0.000136,0.397160,0.881996,2026-05-28 22:20:51
744,sink,51329,bounce_51329_00744.mp4,/home/jetson/Desktop/cv_output/bounce_clips/sink/bounce_51329_00744.mp4,ok,0.383833,0.000120,0.398981,0.782979,2026-05-28 22:20:52
744,hq,51329,bounce_51329_00744.mp4,/home/jetson/Desktop/cv_output/bounce_clips/hq/bounce_51329_00744.mp4,ok,0.878056,0.000214,0.481502,1.359820,2026-05-28 22:20:53
745,source,51371,bounce_51371_00745.mp4,/home/jetson/Desktop/cv_output/bounce_clips/source/bounce_51371_00745.mp4,ok,0.197598,0.000140,0.424710,0.622497,2026-05-28 22:20:54
745,sink,51371,bounce_51371_00745.mp4,/home/jetson/Desktop/cv_output/bounce_clips/sink/bounce_51371_00745.mp4,ok,0.422912,0.000154,0.437904,0.861016,2026-05-28 22:20:55
745,hq,51371,bounce_51371_00745.mp4,/home/jetson/Desktop/cv_output/bounce_clips/hq/bounce_51371_00745.mp4,ok,0.272760,0.000111,0.357161,0.630072,2026-05-28 22:20:55
747,source,51430,bounce_51430_00747.mp4,/home/jetson/Desktop/cv_output/bounce_clips/source/bounce_51430_00747.mp4,ok,0.265396,0.000110,0.414074,0.679622,2026-05-28 22:20:56
747,sink,51430,bounce_51430_00747.mp4,/home/jetson/Desktop/cv_output/bounce_clips/sink/bounce_51430_00747.mp4,ok,0.205290,0.000133,0.390761,0.596231,2026-05-28 22:20:57
747,hq,51430,bounce_51430_00747.mp4,/home/jetson/Desktop/cv_output/bounce_clips/hq/bounce_51430_00747.mp4,ok,0.452935,0.000138,0.415582,0.868706,2026-05-28 22:20:58
748,source,51506,bounce_51506_00748.mp4,/home/jetson/Desktop/cv_output/bounce_clips/source/bounce_51506_00748.mp4,ok,0.352187,0.000135,0.452719,0.805093,2026-05-28 22:20:58
748,sink,51506,bounce_51506_00748.mp4,/home/jetson/Desktop/cv_output/bounce_clips/sink/bounce_51506_00748.mp4,ok,0.276347,0.000113,0.354807,0.631308,2026-05-28 22:20:59
748,hq,51506,bounce_51506_00748.mp4,/home/jetson/Desktop/cv_output/bounce_clips/hq/bounce_51506_00748.mp4,ok,1.355697,0.000133,0.926013,2.281895,2026-05-28 22:21:01
749,source,51663,bounce_51663_00749.mp4,/home/jetson/Desktop/cv_output/bounce_clips/source/bounce_51663_00749.mp4,ok,2.778184,0.000133,0.340940,3.119307,2026-05-28 22:21:04
749,sink,51663,bounce_51663_00749.mp4,/home/jetson/Desktop/cv_output/bounce_clips/sink/bounce_51663_00749.mp4,ok,0.922072,0.000122,0.388559,1.310797,2026-05-28 22:21:06
749,hq,51663,bounce_51663_00749.mp4,/home/jetson/Desktop/cv_output/bounce_clips/hq/bounce_51663_00749.mp4,ok,1.193564,0.000140,0.400412,1.594168,2026-05-28 22:21:07
751,source,51973,bounce_51973_00751.mp4,/home/jetson/Desktop/cv_output/bounce_clips/source/bounce_51973_00751.mp4,ok,0.353049,0.000120,0.344548,0.697757,2026-05-28 22:21:08
751,sink,51973,bounce_51973_00751.mp4,/home/jetson/Desktop/cv_output/bounce_clips/sink/bounce_51973_00751.mp4,ok,1.175084,0.000114,0.419854,1.595098,2026-05-28 22:21:10
751,hq,51973,bounce_51973_00751.mp4,/home/jetson/Desktop/cv_output/bounce_clips/hq/bounce_51973_00751.mp4,ok,1.437024,0.000117,0.341821,1.779006,2026-05-28 22:21:11
752,source,52026,bounce_52026_00752.mp4,/home/jetson/Desktop/cv_output/bounce_clips/source/bounce_52026_00752.mp4,failed,0.291456,0.000000,0.000000,0.291587,2026-05-28 22:21:12
752,sink,52026,bounce_52026_00752.mp4,/home/jetson/Desktop/cv_output/bounce_clips/sink/bounce_52026_00752.mp4,failed,0.247340,0.000000,0.000000,0.247486,2026-05-28 22:21:12
753,source,52079,bounce_52079_00753.mp4,/home/jetson/Desktop/cv_output/bounce_clips/source/bounce_52079_00753.mp4,ok,0.225840,0.000118,0.416280,0.642276,2026-05-28 22:21:13
753,sink,52079,bounce_52079_00753.mp4,/home/jetson/Desktop/cv_output/bounce_clips/sink/bounce_52079_00753.mp4,ok,0.307679,0.000122,0.447242,0.755084,2026-05-28 22:21:13
754,source,52298,bounce_52298_00754.mp4,/home/jetson/Desktop/cv_output/bounce_clips/source/bounce_52298_00754.mp4,ok,1.070756,0.000140,0.398537,1.469482,2026-05-28 22:21:15
754,sink,52298,bounce_52298_00754.mp4,/home/jetson/Desktop/cv_output/bounce_clips/sink/bounce_52298_00754.mp4,ok,0.516549,0.000136,0.440386,0.957118,2026-05-28 22:21:16
754,hq,52298,bounce_52298_00754.mp4,/home/jetson/Desktop/cv_output/bounce_clips/hq/bounce_52298_00754.mp4,ok,0.448081,0.000137,0.339519,0.787782,2026-05-28 22:21:17
755,source,52345,bounce_52345_00755.mp4,/home/jetson/Desktop/cv_output/bounce_clips/source/bounce_52345_00755.mp4,ok,0.243339,0.000122,0.403152,0.646656,2026-05-28 22:21:17
755,sink,52345,bounce_52345_00755.mp4,/home/jetson/Desktop/cv_output/bounce_clips/sink/bounce_52345_00755.mp4,ok,0.287686,0.000117,0.349497,0.637338,2026-05-28 22:21:18
755,hq,52345,bounce_52345_00755.mp4,/home/jetson/Desktop/cv_output/bounce_clips/hq/bounce_52345_00755.mp4,ok,0.322541,0.000139,0.429167,0.751896,2026-05-28 22:21:19
756,source,52397,bounce_52397_00756.mp4,/home/jetson/Desktop/cv_output/bounce_clips/source/bounce_52397_00756.mp4,ok,0.345994,0.000193,0.410735,0.757205,2026-05-28 22:21:19
756,sink,52397,bounce_52397_00756.mp4,/home/jetson/Desktop/cv_output/bounce_clips/sink/bounce_52397_00756.mp4,ok,0.279074,0.000128,0.386083,0.665334,2026-05-28 22:21:20
757,source,52692,bounce_52692_00757.mp4,/home/jetson/Desktop/cv_output/bounce_clips/source/bounce_52692_00757.mp4,ok,0.314957,0.000138,0.362267,0.677412,2026-05-28 22:21:21
757,sink,52692,bounce_52692_00757.mp4,/home/jetson/Desktop/cv_output/bounce_clips/sink/bounce_52692_00757.mp4,ok,1.034761,0.000128,0.415352,1.450292,2026-05-28 22:21:22
757,hq,52692,bounce_52692_00757.mp4,/home/jetson/Desktop/cv_output/bounce_clips/hq/bounce_52692_00757.mp4,ok,1.181390,0.000129,0.363692,1.545257,2026-05-28 22:21:24
758,source,52734,bounce_52734_00758.mp4,/home/jetson/Desktop/cv_output/bounce_clips/source/bounce_52734_00758.mp4,ok,0.189109,0.000137,0.374057,0.563351,2026-05-28 22:21:24
758,sink,52734,bounce_52734_00758.mp4,/home/jetson/Desktop/cv_output/bounce_clips/sink/bounce_52734_00758.mp4,ok,0.227874,0.000127,0.392594,0.620644,2026-05-28 22:21:25
758,hq,52734,bounce_52734_00758.mp4,/home/jetson/Desktop/cv_output/bounce_clips/hq/bounce_52734_00758.mp4,ok,0.338435,0.000119,0.347994,0.686587,2026-05-28 22:21:26
760,source,52780,bounce_52780_00760.mp4,/home/jetson/Desktop/cv_output/bounce_clips/source/bounce_52780_00760.mp4,ok,0.727093,0.000136,0.366215,1.093498,2026-05-28 22:21:27
760,sink,52780,bounce_52780_00760.mp4,/home/jetson/Desktop/cv_output/bounce_clips/sink/bounce_52780_00760.mp4,ok,0.220995,0.000134,0.446775,0.667954,2026-05-28 22:21:28
760,hq,52780,bounce_52780_00760.mp4,/home/jetson/Desktop/cv_output/bounce_clips/hq/bounce_52780_00760.mp4,ok,0.484610,0.000113,0.400316,0.885078,2026-05-28 22:21:28
761,source,52909,bounce_52909_00761.mp4,/home/jetson/Desktop/cv_output/bounce_clips/source/bounce_52909_00761.mp4,ok,0.943392,0.000117,0.349929,1.293480,2026-05-28 22:21:30
761,sink,52909,bounce_52909_00761.mp4,/home/jetson/Desktop/cv_output/bounce_clips/sink/bounce_52909_00761.mp4,ok,0.645347,0.000114,0.390678,1.036182,2026-05-28 22:21:31
761,hq,52909,bounce_52909_00761.mp4,/home/jetson/Desktop/cv_output/bounce_clips/hq/bounce_52909_00761.mp4,ok,0.554866,0.000121,0.416164,0.971193,2026-05-28 22:21:32
762,source,53124,bounce_53124_00762.mp4,/home/jetson/Desktop/cv_output/bounce_clips/source/bounce_53124_00762.mp4,ok,0.545729,0.000109,0.381802,0.927683,2026-05-28 22:21:33
762,sink,53124,bounce_53124_00762.mp4,/home/jetson/Desktop/cv_output/bounce_clips/sink/bounce_53124_00762.mp4,ok,0.332233,0.000120,0.354081,0.686476,2026-05-28 22:21:33
762,hq,53124,bounce_53124_00762.mp4,/home/jetson/Desktop/cv_output/bounce_clips/hq/bounce_53124_00762.mp4,ok,1.462259,0.000120,0.355417,1.817837,2026-05-28 22:21:35
763,source,53171,bounce_53171_00763.mp4,/home/jetson/Desktop/cv_output/bounce_clips/source/bounce_53171_00763.mp4,ok,0.230336,0.000113,0.398883,0.629377,2026-05-28 22:21:36
763,sink,53171,bounce_53171_00763.mp4,/home/jetson/Desktop/cv_output/bounce_clips/sink/bounce_53171_00763.mp4,ok,0.472729,0.000111,0.375661,0.848541,2026-05-28 22:21:37
763,hq,53171,bounce_53171_00763.mp4,/home/jetson/Desktop/cv_output/bounce_clips/hq/bounce_53171_00763.mp4,ok,1.265968,0.000132,0.422025,1.688174,2026-05-28 22:21:38
764,source,53245,bounce_53245_00764.mp4,/home/jetson/Desktop/cv_output/bounce_clips/source/bounce_53245_00764.mp4,ok,0.516890,0.000135,0.363014,0.880087,2026-05-28 22:21:39
764,sink,53245,bounce_53245_00764.mp4,/home/jetson/Desktop/cv_output/bounce_clips/sink/bounce_53245_00764.mp4,ok,0.323726,0.000122,0.393562,0.717454,2026-05-28 22:21:40
764,hq,53245,bounce_53245_00764.mp4,/home/jetson/Desktop/cv_output/bounce_clips/hq/bounce_53245_00764.mp4,ok,0.601529,0.000116,0.407212,1.008900,2026-05-28 22:21:41
767,source,53491,bounce_53491_00767.mp4,/home/jetson/Desktop/cv_output/bounce_clips/source/bounce_53491_00767.mp4,ok,0.716344,0.000111,0.344838,1.061334,2026-05-28 22:21:42
767,sink,53491,bounce_53491_00767.mp4,/home/jetson/Desktop/cv_output/bounce_clips/sink/bounce_53491_00767.mp4,ok,0.343597,0.000134,0.393361,0.737143,2026-05-28 22:21:43
768,source,53701,bounce_53701_00768.mp4,/home/jetson/Desktop/cv_output/bounce_clips/source/bounce_53701_00768.mp4,ok,1.387051,0.000132,0.382903,1.770137,2026-05-28 22:21:45
768,sink,53701,bounce_53701_00768.mp4,/home/jetson/Desktop/cv_output/bounce_clips/sink/bounce_53701_00768.mp4,ok,1.045618,0.000114,0.407619,1.453391,2026-05-28 22:21:46
768,hq,53701,bounce_53701_00768.mp4,/home/jetson/Desktop/cv_output/bounce_clips/hq/bounce_53701_00768.mp4,ok,0.528600,0.000124,0.404853,0.933618,2026-05-28 22:21:47
769,source,53829,bounce_53829_00769.mp4,/home/jetson/Desktop/cv_output/bounce_clips/source/bounce_53829_00769.mp4,ok,0.298249,0.000133,0.409836,0.708265,2026-05-28 22:21:48
769,sink,53829,bounce_53829_00769.mp4,/home/jetson/Desktop/cv_output/bounce_clips/sink/bounce_53829_00769.mp4,ok,0.772141,0.000112,0.378329,1.150620,2026-05-28 22:21:49
769,hq,53829,bounce_53829_00769.mp4,/home/jetson/Desktop/cv_output/bounce_clips/hq/bounce_53829_00769.mp4,ok,0.895115,0.000137,0.409610,1.304903,2026-05-28 22:21:50
770,source,53878,bounce_53878_00770.mp4,/home/jetson/Desktop/cv_output/bounce_clips/source/bounce_53878_00770.mp4,ok,0.238175,0.000131,0.347613,0.585968,2026-05-28 22:21:51
770,sink,53878,bounce_53878_00770.mp4,/home/jetson/Desktop/cv_output/bounce_clips/sink/bounce_53878_00770.mp4,ok,0.228110,0.000132,0.361043,0.589334,2026-05-28 22:21:51
770,hq,53878,bounce_53878_00770.mp4,/home/jetson/Desktop/cv_output/bounce_clips/hq/bounce_53878_00770.mp4,ok,0.507882,0.000138,0.420694,0.928764,2026-05-28 22:21:52
772,source,53927,bounce_53927_00772.mp4,/home/jetson/Desktop/cv_output/bounce_clips/source/bounce_53927_00772.mp4,ok,0.285269,0.000132,0.395296,0.680745,2026-05-28 22:21:53
772,sink,53927,bounce_53927_00772.mp4,/home/jetson/Desktop/cv_output/bounce_clips/sink/bounce_53927_00772.mp4,ok,0.823895,0.000115,0.356323,1.180373,2026-05-28 22:21:54
772,hq,53927,bounce_53927_00772.mp4,/home/jetson/Desktop/cv_output/bounce_clips/hq/bounce_53927_00772.mp4,ok,0.343875,0.000114,0.387415,0.731449,2026-05-28 22:21:55
774,source,53982,bounce_53982_00774.mp4,/home/jetson/Desktop/cv_output/bounce_clips/source/bounce_53982_00774.mp4,ok,1.117778,0.000140,0.373685,1.491654,2026-05-28 22:21:56
774,sink,53982,bounce_53982_00774.mp4,/home/jetson/Desktop/cv_output/bounce_clips/sink/bounce_53982_00774.mp4,ok,0.259272,0.000133,0.382051,0.641506,2026-05-28 22:21:57
774,hq,53982,bounce_53982_00774.mp4,/home/jetson/Desktop/cv_output/bounce_clips/hq/bounce_53982_00774.mp4,ok,0.688675,0.000128,0.390966,1.079815,2026-05-28 22:21:58
775,source,54013,bounce_54013_00775.mp4,/home/jetson/Desktop/cv_output/bounce_clips/source/bounce_54013_00775.mp4,ok,0.200097,0.000120,0.406843,0.607112,2026-05-28 22:21:59
775,sink,54013,bounce_54013_00775.mp4,/home/jetson/Desktop/cv_output/bounce_clips/sink/bounce_54013_00775.mp4,ok,0.344952,0.000137,0.406834,0.751972,2026-05-28 22:22:00
775,hq,54013,bounce_54013_00775.mp4,/home/jetson/Desktop/cv_output/bounce_clips/hq/bounce_54013_00775.mp4,ok,0.252689,0.000135,0.361679,0.614551,2026-05-28 22:22:00
777,source,54270,bounce_54270_00777.mp4,/home/jetson/Desktop/cv_output/bounce_clips/source/bounce_54270_00777.mp4,ok,0.695402,0.000137,0.398726,1.094314,2026-05-28 22:22:01
777,sink,54270,bounce_54270_00777.mp4,/home/jetson/Desktop/cv_output/bounce_clips/sink/bounce_54270_00777.mp4,ok,0.373638,0.000150,0.408582,0.782410,2026-05-28 22:22:02
777,hq,54270,bounce_54270_00777.mp4,/home/jetson/Desktop/cv_output/bounce_clips/hq/bounce_54270_00777.mp4,ok,1.332299,0.000134,0.362069,1.694546,2026-05-28 22:22:04
778,source,54319,bounce_54319_00778.mp4,/home/jetson/Desktop/cv_output/bounce_clips/source/bounce_54319_00778.mp4,ok,0.374090,0.000131,0.437078,0.811343,2026-05-28 22:22:05
778,sink,54319,bounce_54319_00778.mp4,/home/jetson/Desktop/cv_output/bounce_clips/sink/bounce_54319_00778.mp4,ok,0.264619,0.000133,0.392169,0.656969,2026-05-28 22:22:05
778,hq,54319,bounce_54319_00778.mp4,/home/jetson/Desktop/cv_output/bounce_clips/hq/bounce_54319_00778.mp4,ok,0.335763,0.000131,0.335138,0.671078,2026-05-28 22:22:06
779,source,54362,bounce_54362_00779.mp4,/home/jetson/Desktop/cv_output/bounce_clips/source/bounce_54362_00779.mp4,ok,0.261186,0.000131,0.391888,0.653248,2026-05-28 22:22:07
779,sink,54362,bounce_54362_00779.mp4,/home/jetson/Desktop/cv_output/bounce_clips/sink/bounce_54362_00779.mp4,ok,0.204306,0.000125,0.410400,0.614875,2026-05-28 22:22:07
779,hq,54362,bounce_54362_00779.mp4,/home/jetson/Desktop/cv_output/bounce_clips/hq/bounce_54362_00779.mp4,ok,0.544625,0.000124,0.367742,0.912534,2026-05-28 22:22:08
785,source,54481,bounce_54481_00785.mp4,/home/jetson/Desktop/cv_output/bounce_clips/source/bounce_54481_00785.mp4,ok,1.188057,0.000128,0.367208,1.555442,2026-05-28 22:22:10
785,sink,54481,bounce_54481_00785.mp4,/home/jetson/Desktop/cv_output/bounce_clips/sink/bounce_54481_00785.mp4,ok,1.198123,0.000118,0.418288,1.616572,2026-05-28 22:22:11
785,hq,54481,bounce_54481_00785.mp4,/home/jetson/Desktop/cv_output/bounce_clips/hq/bounce_54481_00785.mp4,ok,0.505213,0.000147,0.382077,0.887487,2026-05-28 22:22:12
798,source,55009,bounce_55009_00798.mp4,/home/jetson/Desktop/cv_output/bounce_clips/source/bounce_55009_00798.mp4,ok,0.993051,0.000140,0.393431,1.386674,2026-05-28 22:22:14
798,sink,55009,bounce_55009_00798.mp4,/home/jetson/Desktop/cv_output/bounce_clips/sink/bounce_55009_00798.mp4,ok,0.762676,0.000161,0.350706,1.113593,2026-05-28 22:22:15
798,hq,55009,bounce_55009_00798.mp4,/home/jetson/Desktop/cv_output/bounce_clips/hq/bounce_55009_00798.mp4,ok,1.584289,0.000121,0.426386,2.010837,2026-05-28 22:22:17
799,source,55054,bounce_55054_00799.mp4,/home/jetson/Desktop/cv_output/bounce_clips/source/bounce_55054_00799.mp4,ok,0.685200,0.000132,0.347610,1.032991,2026-05-28 22:22:18
799,sink,55054,bounce_55054_00799.mp4,/home/jetson/Desktop/cv_output/bounce_clips/sink/bounce_55054_00799.mp4,ok,0.284647,0.000510,0.339901,0.625107,2026-05-28 22:22:18
799,hq,55054,bounce_55054_00799.mp4,/home/jetson/Desktop/cv_output/bounce_clips/hq/bounce_55054_00799.mp4,ok,0.309640,0.000134,0.465600,0.775420,2026-05-28 22:22:19
800,source,55091,bounce_55091_00800.mp4,/home/jetson/Desktop/cv_output/bounce_clips/source/bounce_55091_00800.mp4,ok,0.263377,0.000136,0.370637,0.634199,2026-05-28 22:22:20
800,sink,55091,bounce_55091_00800.mp4,/home/jetson/Desktop/cv_output/bounce_clips/sink/bounce_55091_00800.mp4,ok,0.404846,0.000119,0.407256,0.812259,2026-05-28 22:22:21
800,hq,55091,bounce_55091_00800.mp4,/home/jetson/Desktop/cv_output/bounce_clips/hq/bounce_55091_00800.mp4,ok,0.437534,0.000132,0.346545,0.784259,2026-05-28 22:22:21
803,source,55409,bounce_55409_00803.mp4,/home/jetson/Desktop/cv_output/bounce_clips/source/bounce_55409_00803.mp4,ok,0.577701,0.000137,0.406902,0.984791,2026-05-28 22:22:22
803,sink,55409,bounce_55409_00803.mp4,/home/jetson/Desktop/cv_output/bounce_clips/sink/bounce_55409_00803.mp4,ok,0.345725,0.000136,0.344657,0.690565,2026-05-28 22:22:23
803,hq,55409,bounce_55409_00803.mp4,/home/jetson/Desktop/cv_output/bounce_clips/hq/bounce_55409_00803.mp4,ok,0.937433,0.000116,0.343301,1.280888,2026-05-28 22:22:24
804,source,55471,bounce_55471_00804.mp4,/home/jetson/Desktop/cv_output/bounce_clips/source/bounce_55471_00804.mp4,ok,0.267740,0.000134,0.450058,0.717986,2026-05-28 22:22:25
804,sink,55471,bounce_55471_00804.mp4,/home/jetson/Desktop/cv_output/bounce_clips/sink/bounce_55471_00804.mp4,ok,0.364355,0.000120,0.379532,0.744050,2026-05-28 22:22:26
804,hq,55471,bounce_55471_00804.mp4,/home/jetson/Desktop/cv_output/bounce_clips/hq/bounce_55471_00804.mp4,ok,0.791645,0.000120,0.356260,1.148065,2026-05-28 22:22:27
808,source,55742,bounce_55742_00808.mp4,/home/jetson/Desktop/cv_output/bounce_clips/source/bounce_55742_00808.mp4,ok,1.141089,0.000116,0.437502,1.578757,2026-05-28 22:22:31
808,sink,55742,bounce_55742_00808.mp4,/home/jetson/Desktop/cv_output/bounce_clips/sink/bounce_55742_00808.mp4,ok,1.127810,0.000131,0.451114,1.579109,2026-05-28 22:22:33
809,source,56468,bounce_56468_00809.mp4,/home/jetson/Desktop/cv_output/bounce_clips/source/bounce_56468_00809.mp4,ok,0.299776,0.000114,0.346561,0.646490,2026-05-28 22:22:33
809,sink,56468,bounce_56468_00809.mp4,/home/jetson/Desktop/cv_output/bounce_clips/sink/bounce_56468_00809.mp4,ok,1.145274,0.000132,0.381788,1.527240,2026-05-28 22:22:35
809,hq,56468,bounce_56468_00809.mp4,/home/jetson/Desktop/cv_output/bounce_clips/hq/bounce_56468_00809.mp4,ok,1.509144,0.000128,0.416881,1.926201,2026-05-28 22:22:37
810,source,56631,bounce_56631_00810.mp4,/home/jetson/Desktop/cv_output/bounce_clips/source/bounce_56631_00810.mp4,failed,1.169012,0.000000,0.000000,1.169222,2026-05-28 22:22:38
810,sink,56631,bounce_56631_00810.mp4,/home/jetson/Desktop/cv_output/bounce_clips/sink/bounce_56631_00810.mp4,failed,0.647264,0.000000,0.000000,0.647412,2026-05-28 22:22:39
811,source,56866,bounce_56866_00811.mp4,/home/jetson/Desktop/cv_output/bounce_clips/source/bounce_56866_00811.mp4,ok,1.035262,0.000139,0.416259,1.451712,2026-05-28 22:22:40
811,sink,56866,bounce_56866_00811.mp4,/home/jetson/Desktop/cv_output/bounce_clips/sink/bounce_56866_00811.mp4,ok,0.876091,0.000116,0.390724,1.266976,2026-05-28 22:22:41
811,hq,56866,bounce_56866_00811.mp4,/home/jetson/Desktop/cv_output/bounce_clips/hq/bounce_56866_00811.mp4,ok,0.955381,0.000136,0.346098,1.301665,2026-05-28 22:22:43
812,source,56911,bounce_56911_00812.mp4,/home/jetson/Desktop/cv_output/bounce_clips/source/bounce_56911_00812.mp4,ok,0.217794,0.000118,0.382555,0.600512,2026-05-28 22:22:43
812,sink,56911,bounce_56911_00812.mp4,/home/jetson/Desktop/cv_output/bounce_clips/sink/bounce_56911_00812.mp4,ok,0.366870,0.000134,0.411708,0.778764,2026-05-28 22:22:44
813,source,57079,bounce_57079_00813.mp4,/home/jetson/Desktop/cv_output/bounce_clips/source/bounce_57079_00813.mp4,ok,0.303205,0.000121,0.351285,0.654656,2026-05-28 22:22:45
813,sink,57079,bounce_57079_00813.mp4,/home/jetson/Desktop/cv_output/bounce_clips/sink/bounce_57079_00813.mp4,ok,1.032620,0.000120,0.425360,1.458144,2026-05-28 22:22:46
815,source,57288,bounce_57288_00815.mp4,/home/jetson/Desktop/cv_output/bounce_clips/source/bounce_57288_00815.mp4,ok,1.078469,0.000126,0.362114,1.440755,2026-05-28 22:22:48
815,sink,57288,bounce_57288_00815.mp4,/home/jetson/Desktop/cv_output/bounce_clips/sink/bounce_57288_00815.mp4,ok,0.733899,0.000123,0.371704,1.105770,2026-05-28 22:22:49
815,hq,57288,bounce_57288_00815.mp4,/home/jetson/Desktop/cv_output/bounce_clips/hq/bounce_57288_00815.mp4,ok,1.679160,0.000142,0.388317,2.067671,2026-05-28 22:22:51
820,source,57397,bounce_57397_00820.mp4,/home/jetson/Desktop/cv_output/bounce_clips/source/bounce_57397_00820.mp4,ok,0.693877,0.000116,0.366073,1.060107,2026-05-28 22:22:52
820,sink,57397,bounce_57397_00820.mp4,/home/jetson/Desktop/cv_output/bounce_clips/sink/bounce_57397_00820.mp4,ok,0.630953,0.000121,0.434124,1.065244,2026-05-28 22:22:53
820,hq,57397,bounce_57397_00820.mp4,/home/jetson/Desktop/cv_output/bounce_clips/hq/bounce_57397_00820.mp4,ok,1.113263,0.000142,0.412276,1.525730,2026-05-28 22:22:55
822,source,57471,bounce_57471_00822.mp4,/home/jetson/Desktop/cv_output/bounce_clips/source/bounce_57471_00822.mp4,ok,0.887102,0.000132,0.376574,1.263861,2026-05-28 22:22:56
822,sink,57471,bounce_57471_00822.mp4,/home/jetson/Desktop/cv_output/bounce_clips/sink/bounce_57471_00822.mp4,ok,0.302367,0.000178,0.330134,0.632730,2026-05-28 22:22:56
822,hq,57471,bounce_57471_00822.mp4,/home/jetson/Desktop/cv_output/bounce_clips/hq/bounce_57471_00822.mp4,ok,0.431081,0.000134,0.368064,0.799325,2026-05-28 22:22:57
823,source,57476,bounce_57476_00823.mp4,/home/jetson/Desktop/cv_output/bounce_clips/source/bounce_57476_00823.mp4,ok,0.773817,0.000138,0.361464,1.135473,2026-05-28 22:22:58
823,sink,57476,bounce_57476_00823.mp4,/home/jetson/Desktop/cv_output/bounce_clips/sink/bounce_57476_00823.mp4,ok,0.936895,0.000201,0.371380,1.308524,2026-05-28 22:23:00
823,hq,57476,bounce_57476_00823.mp4,/home/jetson/Desktop/cv_output/bounce_clips/hq/bounce_57476_00823.mp4,ok,1.002696,0.000138,0.364738,1.367690,2026-05-28 22:23:01
825,source,57559,bounce_57559_00825.mp4,/home/jetson/Desktop/cv_output/bounce_clips/source/bounce_57559_00825.mp4,ok,0.319706,0.000137,0.334070,0.653965,2026-05-28 22:23:02
825,sink,57559,bounce_57559_00825.mp4,/home/jetson/Desktop/cv_output/bounce_clips/sink/bounce_57559_00825.mp4,ok,1.078859,0.000138,0.356128,1.435197,2026-05-28 22:23:03
825,hq,57559,bounce_57559_00825.mp4,/home/jetson/Desktop/cv_output/bounce_clips/hq/bounce_57559_00825.mp4,ok,0.522595,0.000112,0.375326,0.898075,2026-05-28 22:23:04
827,source,57747,bounce_57747_00827.mp4,/home/jetson/Desktop/cv_output/bounce_clips/source/bounce_57747_00827.mp4,ok,0.527291,0.000136,0.343956,0.871432,2026-05-28 22:23:05
827,sink,57747,bounce_57747_00827.mp4,/home/jetson/Desktop/cv_output/bounce_clips/sink/bounce_57747_00827.mp4,ok,0.323646,0.000138,0.361987,0.685821,2026-05-28 22:23:06
827,hq,57747,bounce_57747_00827.mp4,/home/jetson/Desktop/cv_output/bounce_clips/hq/bounce_57747_00827.mp4,ok,0.886357,0.000144,0.351911,1.238462,2026-05-28 22:23:07
828,source,57886,bounce_57886_00828.mp4,/home/jetson/Desktop/cv_output/bounce_clips/source/bounce_57886_00828.mp4,failed,0.974651,0.000000,0.000000,0.974837,2026-05-28 22:23:08
828,sink,57886,bounce_57886_00828.mp4,/home/jetson/Desktop/cv_output/bounce_clips/sink/bounce_57886_00828.mp4,failed,0.754541,0.000000,0.000000,0.754717,2026-05-28 22:23:09
829,source,57920,bounce_57920_00829.mp4,/home/jetson/Desktop/cv_output/bounce_clips/source/bounce_57920_00829.mp4,ok,0.328196,0.000139,0.358894,0.687285,2026-05-28 22:23:09
829,sink,57920,bounce_57920_00829.mp4,/home/jetson/Desktop/cv_output/bounce_clips/sink/bounce_57920_00829.mp4,ok,0.244978,0.000136,0.348160,0.593327,2026-05-28 22:23:10
829,hq,57920,bounce_57920_00829.mp4,/home/jetson/Desktop/cv_output/bounce_clips/hq/bounce_57920_00829.mp4,ok,0.486989,0.000139,0.354908,0.842088,2026-05-28 22:23:11
830,source,57976,bounce_57976_00830.mp4,/home/jetson/Desktop/cv_output/bounce_clips/source/bounce_57976_00830.mp4,failed,0.253657,0.000000,0.000000,0.253849,2026-05-28 22:23:11
830,sink,57976,bounce_57976_00830.mp4,/home/jetson/Desktop/cv_output/bounce_clips/sink/bounce_57976_00830.mp4,failed,0.475808,0.000000,0.000000,0.475989,2026-05-28 22:23:12
834,source,58200,bounce_58200_00834.mp4,/home/jetson/Desktop/cv_output/bounce_clips/source/bounce_58200_00834.mp4,ok,1.004211,0.000134,0.355472,1.359867,2026-05-28 22:23:13
834,sink,58200,bounce_58200_00834.mp4,/home/jetson/Desktop/cv_output/bounce_clips/sink/bounce_58200_00834.mp4,ok,1.054425,0.000123,0.371990,1.426583,2026-05-28 22:23:14
834,hq,58200,bounce_58200_00834.mp4,/home/jetson/Desktop/cv_output/bounce_clips/hq/bounce_58200_00834.mp4,ok,1.412300,0.000216,0.422418,1.834986,2026-05-28 22:23:16
835,source,58253,bounce_58253_00835.mp4,/home/jetson/Desktop/cv_output/bounce_clips/source/bounce_58253_00835.mp4,ok,0.228848,0.000141,0.332426,0.561468,2026-05-28 22:23:17
835,sink,58253,bounce_58253_00835.mp4,/home/jetson/Desktop/cv_output/bounce_clips/sink/bounce_58253_00835.mp4,ok,0.815401,0.000132,0.338853,1.154438,2026-05-28 22:23:18
835,hq,58253,bounce_58253_00835.mp4,/home/jetson/Desktop/cv_output/bounce_clips/hq/bounce_58253_00835.mp4,ok,0.383366,0.000142,0.401609,0.785167,2026-05-28 22:23:19
837,source,58328,bounce_58328_00837.mp4,/home/jetson/Desktop/cv_output/bounce_clips/source/bounce_58328_00837.mp4,ok,0.329908,0.000138,0.344286,0.674386,2026-05-28 22:23:19
837,sink,58328,bounce_58328_00837.mp4,/home/jetson/Desktop/cv_output/bounce_clips/sink/bounce_58328_00837.mp4,ok,0.377146,0.000131,0.335935,0.713262,2026-05-28 22:23:20
837,hq,58328,bounce_58328_00837.mp4,/home/jetson/Desktop/cv_output/bounce_clips/hq/bounce_58328_00837.mp4,ok,0.813725,0.000117,0.335667,1.149572,2026-05-28 22:23:21
840,source,58397,bounce_58397_00840.mp4,/home/jetson/Desktop/cv_output/bounce_clips/source/bounce_58397_00840.mp4,ok,0.299104,0.000134,0.385188,0.684478,2026-05-28 22:23:22
840,sink,58397,bounce_58397_00840.mp4,/home/jetson/Desktop/cv_output/bounce_clips/sink/bounce_58397_00840.mp4,ok,1.019776,0.000145,0.394555,1.414526,2026-05-28 22:23:23
840,hq,58397,bounce_58397_00840.mp4,/home/jetson/Desktop/cv_output/bounce_clips/hq/bounce_58397_00840.mp4,ok,0.452689,0.000134,0.349816,0.802687,2026-05-28 22:23:24
841,source,58434,bounce_58434_00841.mp4,/home/jetson/Desktop/cv_output/bounce_clips/source/bounce_58434_00841.mp4,ok,0.188965,0.000125,0.331624,0.520761,2026-05-28 22:23:25
841,sink,58434,bounce_58434_00841.mp4,/home/jetson/Desktop/cv_output/bounce_clips/sink/bounce_58434_00841.mp4,ok,0.197392,0.000144,0.378736,0.576321,2026-05-28 22:23:25
841,hq,58434,bounce_58434_00841.mp4,/home/jetson/Desktop/cv_output/bounce_clips/hq/bounce_58434_00841.mp4,ok,0.268108,0.000143,0.383886,0.652186,2026-05-28 22:23:26
842,source,58467,bounce_58467_00842.mp4,/home/jetson/Desktop/cv_output/bounce_clips/source/bounce_58467_00842.mp4,ok,0.184912,0.000134,0.352529,0.537628,2026-05-28 22:23:26
842,sink,58467,bounce_58467_00842.mp4,/home/jetson/Desktop/cv_output/bounce_clips/sink/bounce_58467_00842.mp4,ok,0.304839,0.000121,0.350009,0.655012,2026-05-28 22:23:27
842,hq,58467,bounce_58467_00842.mp4,/home/jetson/Desktop/cv_output/bounce_clips/hq/bounce_58467_00842.mp4,ok,0.871768,0.000136,0.363120,1.235074,2026-05-28 22:23:28
843,source,58567,bounce_58567_00843.mp4,/home/jetson/Desktop/cv_output/bounce_clips/source/bounce_58567_00843.mp4,ok,0.346551,0.000133,0.359890,0.706623,2026-05-28 22:23:29
843,sink,58567,bounce_58567_00843.mp4,/home/jetson/Desktop/cv_output/bounce_clips/sink/bounce_58567_00843.mp4,ok,0.445300,0.000131,0.369645,0.815129,2026-05-28 22:23:30
843,hq,58567,bounce_58567_00843.mp4,/home/jetson/Desktop/cv_output/bounce_clips/hq/bounce_58567_00843.mp4,ok,0.921285,0.000141,0.441024,1.362500,2026-05-28 22:23:31
846,source,58706,bounce_58706_00846.mp4,/home/jetson/Desktop/cv_output/bounce_clips/source/bounce_58706_00846.mp4,ok,0.819098,0.000174,0.316153,1.135476,2026-05-28 22:23:32
846,sink,58706,bounce_58706_00846.mp4,/home/jetson/Desktop/cv_output/bounce_clips/sink/bounce_58706_00846.mp4,ok,0.303741,0.000138,0.338436,0.642367,2026-05-28 22:23:33
846,hq,58706,bounce_58706_00846.mp4,/home/jetson/Desktop/cv_output/bounce_clips/hq/bounce_58706_00846.mp4,ok,0.486957,0.000140,0.392189,0.879338,2026-05-28 22:23:34
847,source,58753,bounce_58753_00847.mp4,/home/jetson/Desktop/cv_output/bounce_clips/source/bounce_58753_00847.mp4,ok,0.354815,0.000138,0.329169,0.684175,2026-05-28 22:23:35
847,sink,58753,bounce_58753_00847.mp4,/home/jetson/Desktop/cv_output/bounce_clips/sink/bounce_58753_00847.mp4,ok,0.242941,0.000143,0.328154,0.571287,2026-05-28 22:23:35
847,hq,58753,bounce_58753_00847.mp4,/home/jetson/Desktop/cv_output/bounce_clips/hq/bounce_58753_00847.mp4,ok,0.319455,0.000123,0.331272,0.650896,2026-05-28 22:23:36
848,source,58787,bounce_58787_00848.mp4,/home/jetson/Desktop/cv_output/bounce_clips/source/bounce_58787_00848.mp4,ok,0.192840,0.000127,0.349067,0.542087,2026-05-28 22:23:36
848,sink,58787,bounce_58787_00848.mp4,/home/jetson/Desktop/cv_output/bounce_clips/sink/bounce_58787_00848.mp4,ok,0.176383,0.000134,0.383099,0.559682,2026-05-28 22:23:37
848,hq,58787,bounce_58787_00848.mp4,/home/jetson/Desktop/cv_output/bounce_clips/hq/bounce_58787_00848.mp4,ok,0.264240,0.000128,0.392563,0.656977,2026-05-28 22:23:38
850,source,58999,bounce_58999_00850.mp4,/home/jetson/Desktop/cv_output/bounce_clips/source/bounce_58999_00850.mp4,ok,0.348730,0.000140,0.427453,0.776370,2026-05-28 22:23:38
850,sink,58999,bounce_58999_00850.mp4,/home/jetson/Desktop/cv_output/bounce_clips/sink/bounce_58999_00850.mp4,ok,0.971403,0.000139,0.374918,1.346509,2026-05-28 22:23:40
850,hq,58999,bounce_58999_00850.mp4,/home/jetson/Desktop/cv_output/bounce_clips/hq/bounce_58999_00850.mp4,ok,0.506473,0.000141,0.350705,0.857368,2026-05-28 22:23:41
851,source,59100,bounce_59100_00851.mp4,/home/jetson/Desktop/cv_output/bounce_clips/source/bounce_59100_00851.mp4,ok,0.546177,0.000125,0.339006,0.885356,2026-05-28 22:23:42
851,hq,59100,bounce_59100_00851.mp4,/home/jetson/Desktop/cv_output/bounce_clips/hq/bounce_59100_00851.mp4,ok,1.325996,0.000137,0.450528,1.776710,2026-05-28 22:23:43
852,source,59180,bounce_59180_00852.mp4,/home/jetson/Desktop/cv_output/bounce_clips/source/bounce_59180_00852.mp4,ok,0.359957,0.000134,0.373360,0.733498,2026-05-28 22:23:44
852,hq,59180,bounce_59180_00852.mp4,/home/jetson/Desktop/cv_output/bounce_clips/hq/bounce_59180_00852.mp4,ok,0.522639,0.000142,0.392454,0.915287,2026-05-28 22:23:45
853,source,59649,bounce_59649_00853.mp4,/home/jetson/Desktop/cv_output/bounce_clips/source/bounce_59649_00853.mp4,ok,0.342815,0.000146,0.336601,0.679610,2026-05-28 22:23:46
853,hq,59649,bounce_59649_00853.mp4,/home/jetson/Desktop/cv_output/bounce_clips/hq/bounce_59649_00853.mp4,ok,1.901683,0.000135,0.364004,2.265871,2026-05-28 22:23:48
854,source,59702,bounce_59702_00854.mp4,/home/jetson/Desktop/cv_output/bounce_clips/source/bounce_59702_00854.mp4,failed,0.435406,0.000000,0.000000,0.435576,2026-05-28 22:23:48
859,source,60121,bounce_60121_00859.mp4,/home/jetson/Desktop/cv_output/bounce_clips/source/bounce_60121_00859.mp4,ok,0.987138,0.000134,0.344802,1.332126,2026-05-28 22:23:50
859,hq,60121,bounce_60121_00859.mp4,/home/jetson/Desktop/cv_output/bounce_clips/hq/bounce_60121_00859.mp4,ok,1.468584,0.000139,0.331560,1.800335,2026-05-28 22:23:52
863,source,60396,bounce_60396_00863.mp4,/home/jetson/Desktop/cv_output/bounce_clips/source/bounce_60396_00863.mp4,ok,0.816145,0.000136,0.356938,1.173271,2026-05-28 22:23:53
863,hq,60396,bounce_60396_00863.mp4,/home/jetson/Desktop/cv_output/bounce_clips/hq/bounce_60396_00863.mp4,ok,1.125551,0.000137,0.394205,1.519943,2026-05-28 22:23:54
864,source,60443,bounce_60443_00864.mp4,/home/jetson/Desktop/cv_output/bounce_clips/source/bounce_60443_00864.mp4,ok,0.501906,0.000126,0.340924,0.843000,2026-05-28 22:23:55
864,hq,60443,bounce_60443_00864.mp4,/home/jetson/Desktop/cv_output/bounce_clips/hq/bounce_60443_00864.mp4,ok,0.368899,0.000136,0.371091,0.740178,2026-05-28 22:23:56
865,source,60479,bounce_60479_00865.mp4,/home/jetson/Desktop/cv_output/bounce_clips/source/bounce_60479_00865.mp4,failed,0.191572,0.000000,0.000000,0.191746,2026-05-28 22:23:56
869,source,60570,bounce_60570_00869.mp4,/home/jetson/Desktop/cv_output/bounce_clips/source/bounce_60570_00869.mp4,failed,0.733814,0.000000,0.000000,0.733990,2026-05-28 22:23:57
870,source,60594,bounce_60594_00870.mp4,/home/jetson/Desktop/cv_output/bounce_clips/source/bounce_60594_00870.mp4,ok,0.133259,0.000134,0.342693,0.476133,2026-05-28 22:23:57
870,hq,60594,bounce_60594_00870.mp4,/home/jetson/Desktop/cv_output/bounce_clips/hq/bounce_60594_00870.mp4,ok,1.551515,0.000134,0.341562,1.893259,2026-05-28 22:23:59
871,source,60683,bounce_60683_00871.mp4,/home/jetson/Desktop/cv_output/bounce_clips/source/bounce_60683_00871.mp4,ok,0.510474,0.000137,0.350094,0.860756,2026-05-28 22:24:00
871,hq,60683,bounce_60683_00871.mp4,/home/jetson/Desktop/cv_output/bounce_clips/hq/bounce_60683_00871.mp4,ok,0.524930,0.000133,0.407492,0.932601,2026-05-28 22:24:01
876,source,61007,bounce_61007_00876.mp4,/home/jetson/Desktop/cv_output/bounce_clips/source/bounce_61007_00876.mp4,ok,0.930852,0.000135,0.363021,1.294064,2026-05-28 22:24:02
876,hq,61007,bounce_61007_00876.mp4,/home/jetson/Desktop/cv_output/bounce_clips/hq/bounce_61007_00876.mp4,ok,1.683637,0.000135,0.369681,2.053507,2026-05-28 22:24:04
878,source,61087,bounce_61087_00878.mp4,/home/jetson/Desktop/cv_output/bounce_clips/source/bounce_61087_00878.mp4,ok,0.323343,0.000139,0.342457,0.665990,2026-05-28 22:24:05
878,hq,61087,bounce_61087_00878.mp4,/home/jetson/Desktop/cv_output/bounce_clips/hq/bounce_61087_00878.mp4,ok,0.799443,0.000133,0.383936,1.183563,2026-05-28 22:24:06
879,source,61150,bounce_61150_00879.mp4,/home/jetson/Desktop/cv_output/bounce_clips/source/bounce_61150_00879.mp4,failed,0.318170,0.000000,0.000000,0.318349,2026-05-28 22:24:06
883,source,61273,bounce_61273_00883.mp4,/home/jetson/Desktop/cv_output/bounce_clips/source/bounce_61273_00883.mp4,ok,0.337810,0.000128,0.362529,0.700518,2026-05-28 22:24:07
883,hq,61273,bounce_61273_00883.mp4,/home/jetson/Desktop/cv_output/bounce_clips/hq/bounce_61273_00883.mp4,ok,0.532130,0.000136,0.386961,0.919278,2026-05-28 22:24:08
884,source,61402,bounce_61402_00884.mp4,/home/jetson/Desktop/cv_output/bounce_clips/source/bounce_61402_00884.mp4,ok,0.501060,0.000126,0.356830,0.858064,2026-05-28 22:24:09
884,hq,61402,bounce_61402_00884.mp4,/home/jetson/Desktop/cv_output/bounce_clips/hq/bounce_61402_00884.mp4,failed,0.495457,0.000000,0.000000,0.495469,2026-05-28 22:24:09
885,source,61453,bounce_61453_00885.mp4,/home/jetson/Desktop/cv_output/bounce_clips/source/bounce_61453_00885.mp4,ok,0.233269,0.000131,0.334824,0.568274,2026-05-28 22:24:10
885,hq,61453,bounce_61453_00885.mp4,/home/jetson/Desktop/cv_output/bounce_clips/hq/bounce_61453_00885.mp4,ok,1.457065,0.000145,0.363531,1.820787,2026-05-28 22:24:12
889,source,61538,bounce_61538_00889.mp4,/home/jetson/Desktop/cv_output/bounce_clips/source/bounce_61538_00889.mp4,ok,0.687127,0.000136,0.363910,1.051221,2026-05-28 22:24:13
889,hq,61538,bounce_61538_00889.mp4,/home/jetson/Desktop/cv_output/bounce_clips/hq/bounce_61538_00889.mp4,ok,0.521381,0.000137,0.384535,0.906104,2026-05-28 22:24:14
891,source,61616,bounce_61616_00891.mp4,/home/jetson/Desktop/cv_output/bounce_clips/source/bounce_61616_00891.mp4,ok,0.479179,0.000135,0.370405,0.849768,2026-05-28 22:24:15
891,hq,61616,bounce_61616_00891.mp4,/home/jetson/Desktop/cv_output/bounce_clips/hq/bounce_61616_00891.mp4,ok,0.471261,0.000135,0.339110,0.810554,2026-05-28 22:24:16
896,source,62054,bounce_62054_00896.mp4,/home/jetson/Desktop/cv_output/bounce_clips/source/bounce_62054_00896.mp4,ok,0.360990,0.000135,0.341359,0.702534,2026-05-28 22:24:16
896,hq,62054,bounce_62054_00896.mp4,/home/jetson/Desktop/cv_output/bounce_clips/hq/bounce_62054_00896.mp4,ok,1.430088,0.000129,0.331744,1.762005,2026-05-28 22:24:18
899,source,62188,bounce_62188_00899.mp4,/home/jetson/Desktop/cv_output/bounce_clips/source/bounce_62188_00899.mp4,ok,0.518515,0.000142,0.347820,0.866527,2026-05-28 22:24:19
899,hq,62188,bounce_62188_00899.mp4,/home/jetson/Desktop/cv_output/bounce_clips/hq/bounce_62188_00899.mp4,ok,0.558598,0.000131,0.394656,0.953436,2026-05-28 22:24:20
902,source,62375,bounce_62375_00902.mp4,/home/jetson/Desktop/cv_output/bounce_clips/source/bounce_62375_00902.mp4,ok,0.674672,0.000127,0.342277,1.017126,2026-05-28 22:24:21
902,hq,62375,bounce_62375_00902.mp4,/home/jetson/Desktop/cv_output/bounce_clips/hq/bounce_62375_00902.mp4,ok,0.505856,0.000140,0.367284,0.873334,2026-05-28 22:24:22
903,source,62435,bounce_62435_00903.mp4,/home/jetson/Desktop/cv_output/bounce_clips/source/bounce_62435_00903.mp4,ok,0.399327,0.000128,0.379064,0.778565,2026-05-28 22:24:23
903,hq,62435,bounce_62435_00903.mp4,/home/jetson/Desktop/cv_output/bounce_clips/hq/bounce_62435_00903.mp4,ok,0.364359,0.000136,0.341391,0.705937,2026-05-28 22:24:23
904,source,62444,bounce_62444_00904.mp4,/home/jetson/Desktop/cv_output/bounce_clips/source/bounce_62444_00904.mp4,ok,0.912330,0.000138,0.386659,1.299178,2026-05-28 22:24:25
906,source,62514,bounce_62514_00906.mp4,/home/jetson/Desktop/cv_output/bounce_clips/source/bounce_62514_00906.mp4,ok,0.991558,0.000132,0.331899,1.323641,2026-05-28 22:24:26
906,hq,62514,bounce_62514_00906.mp4,/home/jetson/Desktop/cv_output/bounce_clips/hq/bounce_62514_00906.mp4,ok,1.228337,0.000134,0.348746,1.577263,2026-05-28 22:24:27
908,source,62584,bounce_62584_00908.mp4,/home/jetson/Desktop/cv_output/bounce_clips/source/bounce_62584_00908.mp4,failed,0.483143,0.000000,0.000000,0.483313,2026-05-28 22:24:28
910,source,62650,bounce_62650_00910.mp4,/home/jetson/Desktop/cv_output/bounce_clips/source/bounce_62650_00910.mp4,ok,0.276385,0.000120,0.366849,0.643395,2026-05-28 22:24:29
911,source,62943,bounce_62943_00911.mp4,/home/jetson/Desktop/cv_output/bounce_clips/source/bounce_62943_00911.mp4,ok,1.240563,0.000142,0.368918,1.609672,2026-05-28 22:24:30
911,hq,62943,bounce_62943_00911.mp4,/home/jetson/Desktop/cv_output/bounce_clips/hq/bounce_62943_00911.mp4,ok,1.356113,0.000136,0.339627,1.695924,2026-05-28 22:24:32
912,source,62996,bounce_62996_00912.mp4,/home/jetson/Desktop/cv_output/bounce_clips/source/bounce_62996_00912.mp4,ok,0.235877,0.000134,0.358108,0.594171,2026-05-28 22:24:33
912,hq,62996,bounce_62996_00912.mp4,/home/jetson/Desktop/cv_output/bounce_clips/hq/bounce_62996_00912.mp4,ok,1.182446,0.000142,0.353329,1.535968,2026-05-28 22:24:34
913,source,63247,bounce_63247_00913.mp4,/home/jetson/Desktop/cv_output/bounce_clips/source/bounce_63247_00913.mp4,ok,0.322726,0.000138,0.360360,0.683292,2026-05-28 22:24:35
913,hq,63247,bounce_63247_00913.mp4,/home/jetson/Desktop/cv_output/bounce_clips/hq/bounce_63247_00913.mp4,ok,1.338449,0.000133,0.349663,1.688297,2026-05-28 22:24:36
915,source,63287,bounce_63287_00915.mp4,/home/jetson/Desktop/cv_output/bounce_clips/source/bounce_63287_00915.mp4,ok,0.230311,0.000130,0.403726,0.634218,2026-05-28 22:24:37
915,hq,63287,bounce_63287_00915.mp4,/home/jetson/Desktop/cv_output/bounce_clips/hq/bounce_63287_00915.mp4,ok,0.272056,0.000137,0.369095,0.641336,2026-05-28 22:24:38
917,source,63377,bounce_63377_00917.mp4,/home/jetson/Desktop/cv_output/bounce_clips/source/bounce_63377_00917.mp4,ok,0.336078,0.000156,0.321053,0.657413,2026-05-28 22:24:38
917,hq,63377,bounce_63377_00917.mp4,/home/jetson/Desktop/cv_output/bounce_clips/hq/bounce_63377_00917.mp4,ok,1.405952,0.000136,0.334857,1.740998,2026-05-28 22:24:40
922,source,63613,bounce_63613_00922.mp4,/home/jetson/Desktop/cv_output/bounce_clips/source/bounce_63613_00922.mp4,ok,0.329239,0.000133,0.396599,0.726026,2026-05-28 22:24:41
922,hq,63613,bounce_63613_00922.mp4,/home/jetson/Desktop/cv_output/bounce_clips/hq/bounce_63613_00922.mp4,ok,1.209339,0.000129,0.363950,1.573467,2026-05-28 22:24:42
926,source,63706,bounce_63706_00926.mp4,/home/jetson/Desktop/cv_output/bounce_clips/source/bounce_63706_00926.mp4,ok,0.888165,0.000189,0.335308,1.223713,2026-05-28 22:24:44
926,hq,63706,bounce_63706_00926.mp4,/home/jetson/Desktop/cv_output/bounce_clips/hq/bounce_63706_00926.mp4,ok,0.817341,0.000138,0.405030,1.222557,2026-05-28 22:24:45
928,source,63759,bounce_63759_00928.mp4,/home/jetson/Desktop/cv_output/bounce_clips/source/bounce_63759_00928.mp4,ok,0.291138,0.000130,0.335864,0.627187,2026-05-28 22:24:46
928,hq,63759,bounce_63759_00928.mp4,/home/jetson/Desktop/cv_output/bounce_clips/hq/bounce_63759_00928.mp4,ok,0.329647,0.000137,0.398643,0.728476,2026-05-28 22:24:46
929,source,63906,bounce_63906_00929.mp4,/home/jetson/Desktop/cv_output/bounce_clips/source/bounce_63906_00929.mp4,ok,0.293101,0.000141,0.359488,0.652783,2026-05-28 22:24:47
929,hq,63906,bounce_63906_00929.mp4,/home/jetson/Desktop/cv_output/bounce_clips/hq/bounce_63906_00929.mp4,ok,1.259561,0.000144,0.344064,1.603822,2026-05-28 22:24:49
930,source,63945,bounce_63945_00930.mp4,/home/jetson/Desktop/cv_output/bounce_clips/source/bounce_63945_00930.mp4,ok,0.193877,0.000140,0.378030,0.572100,2026-05-28 22:24:49
930,hq,63945,bounce_63945_00930.mp4,/home/jetson/Desktop/cv_output/bounce_clips/hq/bounce_63945_00930.mp4,ok,0.826603,0.000140,0.342725,1.169517,2026-05-28 22:24:50
932,source,64180,bounce_64180_00932.mp4,/home/jetson/Desktop/cv_output/bounce_clips/source/bounce_64180_00932.mp4,ok,0.825854,0.000129,0.357278,1.183311,2026-05-28 22:24:52
932,hq,64180,bounce_64180_00932.mp4,/home/jetson/Desktop/cv_output/bounce_clips/hq/bounce_64180_00932.mp4,ok,0.907215,0.000134,0.391754,1.299153,2026-05-28 22:24:53
938,source,64533,bounce_64533_00938.mp4,/home/jetson/Desktop/cv_output/bounce_clips/source/bounce_64533_00938.mp4,ok,0.689966,0.000124,0.349886,1.040026,2026-05-28 22:24:54
939,source,64755,bounce_64755_00939.mp4,/home/jetson/Desktop/cv_output/bounce_clips/source/bounce_64755_00939.mp4,ok,0.292858,0.000137,0.329491,0.622538,2026-05-28 22:24:54
939,hq,64755,bounce_64755_00939.mp4,/home/jetson/Desktop/cv_output/bounce_clips/hq/bounce_64755_00939.mp4,ok,1.437362,0.000132,0.387079,1.824621,2026-05-28 22:24:56
941,source,64818,bounce_64818_00941.mp4,/home/jetson/Desktop/cv_output/bounce_clips/source/bounce_64818_00941.mp4,ok,0.273412,0.000132,0.364571,0.638163,2026-05-28 22:24:57
941,hq,64818,bounce_64818_00941.mp4,/home/jetson/Desktop/cv_output/bounce_clips/hq/bounce_64818_00941.mp4,ok,0.354826,0.000133,0.374520,0.729526,2026-05-28 22:24:58
943,source,65052,bounce_65052_00943.mp4,/home/jetson/Desktop/cv_output/bounce_clips/source/bounce_65052_00943.mp4,ok,0.337814,0.000133,0.342442,0.680440,2026-05-28 22:24:58
943,hq,65052,bounce_65052_00943.mp4,/home/jetson/Desktop/cv_output/bounce_clips/hq/bounce_65052_00943.mp4,ok,1.354296,0.000146,0.374530,1.729020,2026-05-28 22:25:00
944,source,65097,bounce_65097_00944.mp4,/home/jetson/Desktop/cv_output/bounce_clips/source/bounce_65097_00944.mp4,ok,0.395447,0.000307,0.334027,0.729835,2026-05-28 22:25:01
944,hq,65097,bounce_65097_00944.mp4,/home/jetson/Desktop/cv_output/bounce_clips/hq/bounce_65097_00944.mp4,ok,0.282265,0.000124,0.330822,0.613257,2026-05-28 22:25:01
946,source,65152,bounce_65152_00946.mp4,/home/jetson/Desktop/cv_output/bounce_clips/source/bounce_65152_00946.mp4,ok,0.254233,0.000142,0.356747,0.611173,2026-05-28 22:25:02
946,hq,65152,bounce_65152_00946.mp4,/home/jetson/Desktop/cv_output/bounce_clips/hq/bounce_65152_00946.mp4,ok,1.174102,0.000135,0.372458,1.546743,2026-05-28 22:25:04
947,source,65439,bounce_65439_00947.mp4,/home/jetson/Desktop/cv_output/bounce_clips/source/bounce_65439_00947.mp4,ok,0.689406,0.000133,0.374007,1.063599,2026-05-28 22:25:05
947,hq,65439,bounce_65439_00947.mp4,/home/jetson/Desktop/cv_output/bounce_clips/hq/bounce_65439_00947.mp4,ok,0.510098,0.000140,0.325765,0.836055,2026-05-28 22:25:06
948,source,65491,bounce_65491_00948.mp4,/home/jetson/Desktop/cv_output/bounce_clips/source/bounce_65491_00948.mp4,ok,0.795153,0.000127,0.337459,1.132790,2026-05-28 22:25:07
948,hq,65491,bounce_65491_00948.mp4,/home/jetson/Desktop/cv_output/bounce_clips/hq/bounce_65491_00948.mp4,ok,0.566904,0.000123,0.353976,0.921048,2026-05-28 22:25:08
949,source,65536,bounce_65536_00949.mp4,/home/jetson/Desktop/cv_output/bounce_clips/source/bounce_65536_00949.mp4,ok,0.226646,0.000139,0.341733,0.568571,2026-05-28 22:25:08
949,hq,65536,bounce_65536_00949.mp4,/home/jetson/Desktop/cv_output/bounce_clips/hq/bounce_65536_00949.mp4,ok,0.276719,0.000170,0.371166,0.648104,2026-05-28 22:25:09
952,source,65616,bounce_65616_00952.mp4,/home/jetson/Desktop/cv_output/bounce_clips/source/bounce_65616_00952.mp4,ok,0.762537,0.000139,0.357834,1.120579,2026-05-28 22:25:10
952,hq,65616,bounce_65616_00952.mp4,/home/jetson/Desktop/cv_output/bounce_clips/hq/bounce_65616_00952.mp4,ok,0.526564,0.000142,0.388545,0.915299,2026-05-28 22:25:11
959,source,66040,bounce_66040_00959.mp4,/home/jetson/Desktop/cv_output/bounce_clips/source/bounce_66040_00959.mp4,failed,0.715983,0.000000,0.000000,0.716169,2026-05-28 22:25:12
962,source,66528,bounce_66528_00962.mp4,/home/jetson/Desktop/cv_output/bounce_clips/source/bounce_66528_00962.mp4,ok,0.835915,0.000138,0.379964,1.216067,2026-05-28 22:25:13
962,hq,66528,bounce_66528_00962.mp4,/home/jetson/Desktop/cv_output/bounce_clips/hq/bounce_66528_00962.mp4,ok,0.868561,0.000137,0.367404,1.236154,2026-05-28 22:25:14
963,source,66533,bounce_66533_00963.mp4,/home/jetson/Desktop/cv_output/bounce_clips/source/bounce_66533_00963.mp4,ok,0.706247,0.000140,0.336388,1.042825,2026-05-28 22:25:15
963,hq,66533,bounce_66533_00963.mp4,/home/jetson/Desktop/cv_output/bounce_clips/hq/bounce_66533_00963.mp4,ok,0.584839,0.000141,0.363970,0.948995,2026-05-28 22:25:16
964,source,66584,bounce_66584_00964.mp4,/home/jetson/Desktop/cv_output/bounce_clips/source/bounce_66584_00964.mp4,ok,1.097867,0.000137,0.317188,1.415244,2026-05-28 22:25:18
964,hq,66584,bounce_66584_00964.mp4,/home/jetson/Desktop/cv_output/bounce_clips/hq/bounce_66584_00964.mp4,ok,0.570541,0.000130,0.347855,0.918578,2026-05-28 22:25:18
965,source,66627,bounce_66627_00965.mp4,/home/jetson/Desktop/cv_output/bounce_clips/source/bounce_66627_00965.mp4,ok,0.232098,0.000139,0.378236,0.610527,2026-05-28 22:25:19
965,hq,66627,bounce_66627_00965.mp4,/home/jetson/Desktop/cv_output/bounce_clips/hq/bounce_66627_00965.mp4,ok,0.282779,0.000126,0.338174,0.621127,2026-05-28 22:25:20
