Frame,X,Y,Visibility,BBox_X,BBox_Y,BBox_W,BBox_H
0,[717],[281],1,[708],[270],[19],[22]
1,[717],[277],1,[708],[266],[19],[26]
2,[720],[277],1,[711],[266],[16],[26]
3,[720],[277],1,[711],[266],[16],[26]
4,[720],[281],1,[711],[270],[16],[22]
5,[720],[281],1,[711],[270],[16],[22]
6,[722],[281],1,[714],[270],[16],[26]
7,[722],[281],1,[714],[270],[16],[26]
8,[722],[281],1,[711],[270],[22],[26]
9,[722],[281],1,[714],[270],[16],[26]
10,[722],[277],1,[714],[266],[16],[26]
11,[722],[277],1,[714],[266],[16],[22]
12,[722],[277],1,[714],[266],[16],[22]
13,[722],[277],1,[714],[266],[19],[22]
14,[722],[277],1,[714],[266],[19],[22]
15,[722],[277],1,[714],[266],[19],[26]
16,[722],[277],1,[714],[262],[16],[30]
17,[722],[273],1,[714],[262],[16],[26]
18,[722],[273],1,[714],[262],[16],[26]
19,[722],[273],1,[714],[262],[16],[26]
20,[722],[273],1,[714],[262],[19],[26]
21,[725],[273],1,[717],[262],[16],[26]
22,[725],[273],1,[717],[262],[16],[22]
23,[725],[273],1,[717],[262],[16],[26]
24,[722],[270],1,[714],[258],[19],[26]
25,[722],[273],1,[714],[262],[19],[22]
26,[722],[270],1,[714],[262],[19],[18]
27,[722],[270],1,[717],[262],[14],[18]
28,[725],[270],1,[717],[262],[16],[18]
29,[725],[270],1,[717],[258],[16],[22]
30,[725],[270],1,[717],[258],[16],[22]
31,[725],[270],1,[717],[258],[16],[22]
32,[725],[270],1,[717],[258],[16],[22]
33,[725],[270],1,[717],[258],[16],[22]
34,[725],[266],1,[717],[258],[16],[18]
35,[725],[266],1,[717],[258],[16],[18]
36,[725],[266],1,[720],[258],[14],[18]
37,[725],[266],1,[720],[258],[14],[18]
38,[728],[266],1,[720],[258],[16],[18]
39,[728],[270],1,[722],[258],[14],[22]
40,[728],[262],1,[720],[251],[16],[22]
41,[731],[258],1,[722],[247],[19],[22]
42,[736],[251],1,[728],[240],[19],[22]
43,[742],[240],1,[734],[232],[16],[18]
44,[748],[228],1,[739],[217],[19],[26]
45,[750],[217],1,[742],[206],[19],[26]
46,[756],[206],1,[745],[195],[22],[26]
47,[762],[198],1,[748],[187],[28],[26]
48,[767],[187],1,[759],[176],[19],[26]
49,[773],[180],1,[765],[168],[16],[26]
50,[776],[176],1,[767],[165],[19],[26]
51,[784],[168],1,[776],[157],[19],[26]
52,[790],[165],1,[779],[153],[22],[26]
53,[793],[161],1,[784],[150],[19],[26]
54,[801],[157],1,[790],[146],[22],[26]
55,[807],[153],1,[795],[142],[22],[26]
56,[812],[153],1,[804],[142],[19],[26]
57,[818],[153],1,[807],[142],[22],[26]
58,[826],[157],1,[815],[146],[25],[22]
59,[832],[157],1,[824],[146],[19],[26]
60,[838],[165],1,[829],[153],[19],[22]
61,[846],[168],1,[838],[157],[19],[26]
62,[852],[176],1,[843],[165],[19],[22]
63,[855],[183],1,[846],[172],[19],[26]
64,[863],[191],1,[855],[180],[19],[26]
65,[871],[202],1,[863],[191],[16],[26]
66,[874],[217],1,[866],[206],[16],[22]
67,[880],[232],1,[871],[221],[19],[26]
68,[888],[247],1,[880],[236],[19],[26]
69,[891],[258],1,[883],[247],[19],[26]
70,[897],[277],1,[888],[262],[19],[33]
71,[900, 866],[296, 236],1,[891, 860],[285, 228],[19, 14],[26, 18]
72,[905],[318],1,[894],[307],[25],[26]
73,[916],[341],1,[905],[330],[22],[26]
74,[922],[363],1,[914],[352],[16],[26]
75,[922],[386],1,[914],[371],[16],[30]
76,[925],[405],1,[916],[393],[19],[26]
77,[936],[393],1,[925],[382],[25],[26]
78,[945],[386],1,[933],[375],[22],[26]
79,[950],[378],1,[942],[367],[19],[26]
80,[961],[371],1,[953],[356],[16],[30]
81,[967],[363],1,[959],[352],[19],[26]
82,[975],[363],1,[967],[352],[19],[22]
83,[984],[360],1,[975],[348],[19],[22]
84,[990],[360],1,[981],[348],[19],[22]
85,[995],[360],1,[987],[348],[16],[22]
86,[1006],[360],1,[995],[348],[22],[22]
87,[1012],[360],1,[1004],[352],[19],[18]
88,[1023],[367],1,[1006],[352],[33],[30]
89,[1029],[371],1,[1015],[360],[28],[26]
90,[1032],[378],1,[1023],[367],[19],[26]
91,[1035],[386],1,[1026],[375],[19],[26]
92,[1040],[397],1,[1029],[382],[25],[30]
93,[1051],[408],1,[1040],[397],[25],[22]
94,[1051],[423],1,[1040],[408],[22],[30]
95,[1054],[435],1,[1040],[420],[28],[30]
96,[1060],[450],1,[1051],[435],[19],[30]
97,[1065],[461],1,[1057],[446],[19],[33]
98,[1068],[468],1,[1060],[453],[19],[30]
99,[1082],[461],1,[1071],[450],[22],[22]
100,[1091],[457],1,[1082],[446],[19],[22]
101,[1096],[453],1,[1088],[442],[19],[22]
102,[1110],[453],1,[1099],[442],[25],[22]
103,[1122],[453],1,[1110],[442],[25],[26]
104,[1127],[457],1,[1116],[442],[22],[30]
105,[1133],[461],1,[1122],[446],[25],[30]
106,[1141],[465],1,[1133],[450],[19],[30]
107,[1150],[468],1,[1141],[457],[16],[26]
108,[1155],[476],1,[1147],[465],[19],[22]
109,[1164],[480],1,[1153],[468],[22],[26]
110,[1170],[495],1,[1161],[480],[19],[30]
111,[1178],[506],1,[1167],[495],[22],[26]
112,[1184],[517],1,[1175],[498],[19],[37]
113,[1186],[525],1,[1178],[510],[19],[30]
114,[1192],[525],1,[1184],[510],[19],[30]
115,[1203],[521],1,[1192],[510],[25],[26]
116,[1212],[525],1,[1200],[513],[25],[22]
117,[1226],[525],1,[1215],[513],[25],[22]
118,[1237],[528],1,[1226],[517],[22],[22]
119,[1243],[532],1,[1234],[521],[19],[22]
120,[1245],[536],1,[1234],[525],[25],[22]
121,[1257],[543],1,[1248],[532],[19],[26]
122,[1265],[555],1,[1257],[543],[19],[22]
123,[1274],[566],1,[1265],[555],[19],[26]
124,[1282],[570],1,[1271],[558],[22],[26]
125,[1288],[573],1,[1279],[562],[19],[22]
126,[1296],[573],1,[1290],[566],[14],[15]
127,[0],[0],0,[0],[0],[0],[0]
128,[1327],[585],1,[1310],[570],[33],[30]
129,[1338],[588],1,[1321],[577],[33],[26]
130,[1344],[592],1,[1333],[581],[25],[26]
131,[1350],[600],1,[1341],[588],[16],[22]
132,[1350],[611],1,[1347],[603],[8],[15]
133,[0],[0],0,[0],[0],[0],[0]
134,[1386],[618],1,[1380],[611],[11],[18]
135,[1392],[622],1,[1383],[611],[19],[22]
136,[360],[258],1,[357],[258],[5],[3]
137,[354],[262],1,[351],[258],[8],[7]
138,[354],[262],1,[348],[258],[11],[7]
139,[351],[258],1,[345],[251],[14],[18]
140,[351],[258],1,[343],[251],[16],[18]
141,[351],[262],1,[343],[251],[19],[22]
142,[354],[262],1,[345],[251],[16],[26]
143,[354],[270],1,[345],[258],[19],[22]
144,[0],[0],0,[0],[0],[0],[0]
145,[0],[0],0,[0],[0],[0],[0]
146,[0],[0],0,[0],[0],[0],[0]
147,[0],[0],0,[0],[0],[0],[0]
148,[0],[0],0,[0],[0],[0],[0]
149,[0],[0],0,[0],[0],[0],[0]
150,[0],[0],0,[0],[0],[0],[0]
151,[0],[0],0,[0],[0],[0],[0]
152,[0],[0],0,[0],[0],[0],[0]
153,[0],[0],0,[0],[0],[0],[0]
154,[0],[0],0,[0],[0],[0],[0]
155,[0],[0],0,[0],[0],[0],[0]
156,[0],[0],0,[0],[0],[0],[0]
157,[0],[0],0,[0],[0],[0],[0]
158,[0],[0],0,[0],[0],[0],[0]
159,[0],[0],0,[0],[0],[0],[0]
160,[0],[0],0,[0],[0],[0],[0]
161,[0],[0],0,[0],[0],[0],[0]
162,[0],[0],0,[0],[0],[0],[0]
163,[0],[0],0,[0],[0],[0],[0]
164,[0],[0],0,[0],[0],[0],[0]
165,[0],[0],0,[0],[0],[0],[0]
166,[0],[0],0,[0],[0],[0],[0]
167,[0],[0],0,[0],[0],[0],[0]
168,[0],[0],0,[0],[0],[0],[0]
169,[0],[0],0,[0],[0],[0],[0]
170,[98],[701],1,[95],[697],[5],[7]
171,[95],[708],1,[90],[701],[14],[18]
172,[0],[0],0,[0],[0],[0],[0]
173,[0],[0],0,[0],[0],[0],[0]
174,[0],[0],0,[0],[0],[0],[0]
175,[0],[0],0,[0],[0],[0],[0]
176,[0],[0],0,[0],[0],[0],[0]
177,[0],[0],0,[0],[0],[0],[0]
178,[0],[0],0,[0],[0],[0],[0]
179,[0],[0],0,[0],[0],[0],[0]
180,[0],[0],0,[0],[0],[0],[0]
181,[0],[0],0,[0],[0],[0],[0]
182,[0],[0],0,[0],[0],[0],[0]
183,[0],[0],0,[0],[0],[0],[0]
184,[5],[757],1,[0],[750],[11],[15]
185,[0],[0],0,[0],[0],[0],[0]
186,[0],[0],0,[0],[0],[0],[0]
187,[0],[0],0,[0],[0],[0],[0]
188,[0],[0],0,[0],[0],[0],[0]
189,[0],[0],0,[0],[0],[0],[0]
190,[0],[0],0,[0],[0],[0],[0]
191,[0],[0],0,[0],[0],[0],[0]
192,[0],[0],0,[0],[0],[0],[0]
193,[0],[0],0,[0],[0],[0],[0]
194,[0],[0],0,[0],[0],[0],[0]
195,[0],[0],0,[0],[0],[0],[0]
196,[0],[0],0,[0],[0],[0],[0]
197,[0],[0],0,[0],[0],[0],[0]
198,[0],[0],0,[0],[0],[0],[0]
199,[0],[0],0,[0],[0],[0],[0]
200,[0],[0],0,[0],[0],[0],[0]
201,[0],[0],0,[0],[0],[0],[0]
202,[0],[0],0,[0],[0],[0],[0]
203,[0],[0],0,[0],[0],[0],[0]
204,[0],[0],0,[0],[0],[0],[0]
205,[0],[0],0,[0],[0],[0],[0]
206,[0],[0],0,[0],[0],[0],[0]
207,[0],[0],0,[0],[0],[0],[0]
208,[0],[0],0,[0],[0],[0],[0]
209,[0],[0],0,[0],[0],[0],[0]
210,[0],[0],0,[0],[0],[0],[0]
211,[0],[0],0,[0],[0],[0],[0]
212,[0],[0],0,[0],[0],[0],[0]
213,[0],[0],0,[0],[0],[0],[0]
214,[0],[0],0,[0],[0],[0],[0]
215,[0],[0],0,[0],[0],[0],[0]
216,[0],[0],0,[0],[0],[0],[0]
217,[0],[0],0,[0],[0],[0],[0]
218,[0],[0],0,[0],[0],[0],[0]
219,[0],[0],0,[0],[0],[0],[0]
220,[0],[0],0,[0],[0],[0],[0]
221,[0],[0],0,[0],[0],[0],[0]
222,[0],[0],0,[0],[0],[0],[0]
223,[0],[0],0,[0],[0],[0],[0]
224,[0],[0],0,[0],[0],[0],[0]
225,[0],[0],0,[0],[0],[0],[0]
226,[0],[0],0,[0],[0],[0],[0]
227,[0],[0],0,[0],[0],[0],[0]
228,[0],[0],0,[0],[0],[0],[0]
229,[0],[0],0,[0],[0],[0],[0]
230,[0],[0],0,[0],[0],[0],[0]
231,[0],[0],0,[0],[0],[0],[0]
232,[0],[0],0,[0],[0],[0],[0]
233,[0],[0],0,[0],[0],[0],[0]
234,[0],[0],0,[0],[0],[0],[0]
235,[0],[0],0,[0],[0],[0],[0]
236,[0],[0],0,[0],[0],[0],[0]
237,[0],[0],0,[0],[0],[0],[0]
238,[0],[0],0,[0],[0],[0],[0]
239,[0],[0],0,[0],[0],[0],[0]
240,[0],[0],0,[0],[0],[0],[0]
241,[0],[0],0,[0],[0],[0],[0]
242,[0],[0],0,[0],[0],[0],[0]
243,[0],[0],0,[0],[0],[0],[0]
244,[0],[0],0,[0],[0],[0],[0]
245,[0],[0],0,[0],[0],[0],[0]
246,[0],[0],0,[0],[0],[0],[0]
247,[0],[0],0,[0],[0],[0],[0]
248,[0],[0],0,[0],[0],[0],[0]
249,[0],[0],0,[0],[0],[0],[0]
250,[0],[0],0,[0],[0],[0],[0]
251,[0],[0],0,[0],[0],[0],[0]
252,[0],[0],0,[0],[0],[0],[0]
253,[0],[0],0,[0],[0],[0],[0]
254,[0],[0],0,[0],[0],[0],[0]
255,[0],[0],0,[0],[0],[0],[0]
256,[0],[0],0,[0],[0],[0],[0]
257,[0],[0],0,[0],[0],[0],[0]
258,[0],[0],0,[0],[0],[0],[0]
259,[0],[0],0,[0],[0],[0],[0]
260,[0],[0],0,[0],[0],[0],[0]
261,[1341],[191],1,[1341],[191],[2],[3]
262,[0],[0],0,[0],[0],[0],[0]
263,[0],[0],0,[0],[0],[0],[0]
264,[0],[0],0,[0],[0],[0],[0]
265,[0],[0],0,[0],[0],[0],[0]
266,[0],[0],0,[0],[0],[0],[0]
267,[0],[0],0,[0],[0],[0],[0]
268,[0],[0],0,[0],[0],[0],[0]
269,[0],[0],0,[0],[0],[0],[0]
270,[0],[0],0,[0],[0],[0],[0]
271,[0],[0],0,[0],[0],[0],[0]
272,[0],[0],0,[0],[0],[0],[0]
273,[0],[0],0,[0],[0],[0],[0]
274,[0],[0],0,[0],[0],[0],[0]
275,[0],[0],0,[0],[0],[0],[0]
276,[0],[0],0,[0],[0],[0],[0]
277,[0],[0],0,[0],[0],[0],[0]
278,[0],[0],0,[0],[0],[0],[0]
279,[0],[0],0,[0],[0],[0],[0]
280,[0],[0],0,[0],[0],[0],[0]
281,[0],[0],0,[0],[0],[0],[0]
282,[0],[0],0,[0],[0],[0],[0]
283,[0],[0],0,[0],[0],[0],[0]
284,[0],[0],0,[0],[0],[0],[0]
285,[0],[0],0,[0],[0],[0],[0]
286,[0],[0],0,[0],[0],[0],[0]
287,[0],[0],0,[0],[0],[0],[0]
288,[0],[0],0,[0],[0],[0],[0]
289,[0],[0],0,[0],[0],[0],[0]
290,[0],[0],0,[0],[0],[0],[0]
291,[0],[0],0,[0],[0],[0],[0]
292,[0],[0],0,[0],[0],[0],[0]
293,[0],[0],0,[0],[0],[0],[0]
294,[0],[0],0,[0],[0],[0],[0]
295,[0],[0],0,[0],[0],[0],[0]
296,[0],[0],0,[0],[0],[0],[0]
297,[0],[0],0,[0],[0],[0],[0]
298,[0],[0],0,[0],[0],[0],[0]
299,[0],[0],0,[0],[0],[0],[0]
300,[0],[0],0,[0],[0],[0],[0]
301,[0],[0],0,[0],[0],[0],[0]
302,[0],[0],0,[0],[0],[0],[0]
303,[0],[0],0,[0],[0],[0],[0]
304,[0],[0],0,[0],[0],[0],[0]
305,[0],[0],0,[0],[0],[0],[0]
306,[0],[0],0,[0],[0],[0],[0]
307,[0],[0],0,[0],[0],[0],[0]
308,[0],[0],0,[0],[0],[0],[0]
309,[0],[0],0,[0],[0],[0],[0]
310,[0],[0],0,[0],[0],[0],[0]
311,[0],[0],0,[0],[0],[0],[0]
312,[0],[0],0,[0],[0],[0],[0]
313,[0],[0],0,[0],[0],[0],[0]
314,[0],[0],0,[0],[0],[0],[0]
315,[0],[0],0,[0],[0],[0],[0]
316,[0],[0],0,[0],[0],[0],[0]
317,[0],[0],0,[0],[0],[0],[0]
318,[0],[0],0,[0],[0],[0],[0]
319,[0],[0],0,[0],[0],[0],[0]
320,[0],[0],0,[0],[0],[0],[0]
321,[0],[0],0,[0],[0],[0],[0]
322,[0],[0],0,[0],[0],[0],[0]
323,[0],[0],0,[0],[0],[0],[0]
324,[0],[0],0,[0],[0],[0],[0]
325,[0],[0],0,[0],[0],[0],[0]
326,[0],[0],0,[0],[0],[0],[0]
327,[0],[0],0,[0],[0],[0],[0]
328,[0],[0],0,[0],[0],[0],[0]
329,[0],[0],0,[0],[0],[0],[0]
330,[0],[0],0,[0],[0],[0],[0]
331,[22],[386],1,[19],[382],[8],[7]
332,[22],[390],1,[16],[382],[11],[18]
333,[19],[393],1,[16],[390],[5],[11]
334,[0],[0],0,[0],[0],[0],[0]
335,[0],[0],0,[0],[0],[0],[0]
336,[0],[0],0,[0],[0],[0],[0]
337,[0],[0],0,[0],[0],[0],[0]
338,[0],[0],0,[0],[0],[0],[0]
339,[0],[0],0,[0],[0],[0],[0]
340,[0],[0],0,[0],[0],[0],[0]
341,[0],[0],0,[0],[0],[0],[0]
342,[0],[0],0,[0],[0],[0],[0]
343,[0],[0],0,[0],[0],[0],[0]
344,[0],[0],0,[0],[0],[0],[0]
345,[0],[0],0,[0],[0],[0],[0]
346,[0],[0],0,[0],[0],[0],[0]
347,[0],[0],0,[0],[0],[0],[0]
348,[0],[0],0,[0],[0],[0],[0]
349,[0],[0],0,[0],[0],[0],[0]
350,[0],[0],0,[0],[0],[0],[0]
351,[0],[0],0,[0],[0],[0],[0]
352,[0],[0],0,[0],[0],[0],[0]
353,[0],[0],0,[0],[0],[0],[0]
354,[0],[0],0,[0],[0],[0],[0]
355,[0],[0],0,[0],[0],[0],[0]
356,[0],[0],0,[0],[0],[0],[0]
357,[0],[0],0,[0],[0],[0],[0]
358,[0],[0],0,[0],[0],[0],[0]
359,[0],[0],0,[0],[0],[0],[0]
360,[0],[0],0,[0],[0],[0],[0]
361,[0],[0],0,[0],[0],[0],[0]
362,[0],[0],0,[0],[0],[0],[0]
363,[0],[0],0,[0],[0],[0],[0]
364,[0],[0],0,[0],[0],[0],[0]
365,[0],[0],0,[0],[0],[0],[0]
366,[0],[0],0,[0],[0],[0],[0]
367,[0],[0],0,[0],[0],[0],[0]
368,[1344],[806],1,[1341],[802],[5],[11]
369,[0],[0],0,[0],[0],[0],[0]
370,[0],[0],0,[0],[0],[0],[0]
371,[0],[0],0,[0],[0],[0],[0]
372,[0],[0],0,[0],[0],[0],[0]
373,[0],[0],0,[0],[0],[0],[0]
374,[0],[0],0,[0],[0],[0],[0]
375,[0],[0],0,[0],[0],[0],[0]
376,[0],[0],0,[0],[0],[0],[0]
377,[0],[0],0,[0],[0],[0],[0]
378,[0],[0],0,[0],[0],[0],[0]
379,[0],[0],0,[0],[0],[0],[0]
380,[0],[0],0,[0],[0],[0],[0]
381,[0],[0],0,[0],[0],[0],[0]
382,[0],[0],0,[0],[0],[0],[0]
383,[0],[0],0,[0],[0],[0],[0]
384,[0],[0],0,[0],[0],[0],[0]
385,[0],[0],0,[0],[0],[0],[0]
386,[0],[0],0,[0],[0],[0],[0]
387,[0],[0],0,[0],[0],[0],[0]
388,[0],[0],0,[0],[0],[0],[0]
389,[0],[0],0,[0],[0],[0],[0]
390,[0],[0],0,[0],[0],[0],[0]
391,[0],[0],0,[0],[0],[0],[0]
392,[0],[0],0,[0],[0],[0],[0]
393,[0],[0],0,[0],[0],[0],[0]
394,[0],[0],0,[0],[0],[0],[0]
395,[0],[0],0,[0],[0],[0],[0]
396,[0],[0],0,[0],[0],[0],[0]
397,[0],[0],0,[0],[0],[0],[0]
398,[0],[0],0,[0],[0],[0],[0]
399,[0],[0],0,[0],[0],[0],[0]
400,[0],[0],0,[0],[0],[0],[0]
401,[0],[0],0,[0],[0],[0],[0]
402,[0],[0],0,[0],[0],[0],[0]
403,[0],[0],0,[0],[0],[0],[0]
404,[0],[0],0,[0],[0],[0],[0]
405,[0],[0],0,[0],[0],[0],[0]
406,[0],[0],0,[0],[0],[0],[0]
407,[0],[0],0,[0],[0],[0],[0]
408,[0],[0],0,[0],[0],[0],[0]
409,[0],[0],0,[0],[0],[0],[0]
410,[0],[0],0,[0],[0],[0],[0]
411,[0],[0],0,[0],[0],[0],[0]
412,[0],[0],0,[0],[0],[0],[0]
413,[0],[0],0,[0],[0],[0],[0]
414,[0],[0],0,[0],[0],[0],[0]
415,[0],[0],0,[0],[0],[0],[0]
416,[0],[0],0,[0],[0],[0],[0]
417,[0],[0],0,[0],[0],[0],[0]
418,[0],[0],0,[0],[0],[0],[0]
419,[0],[0],0,[0],[0],[0],[0]
420,[0],[0],0,[0],[0],[0],[0]
421,[0],[0],0,[0],[0],[0],[0]
422,[0],[0],0,[0],[0],[0],[0]
423,[0],[0],0,[0],[0],[0],[0]
424,[0],[0],0,[0],[0],[0],[0]
425,[0],[0],0,[0],[0],[0],[0]
426,[0],[0],0,[0],[0],[0],[0]
427,[0],[0],0,[0],[0],[0],[0]
428,[0],[0],0,[0],[0],[0],[0]
429,[0],[0],0,[0],[0],[0],[0]
430,[0],[0],0,[0],[0],[0],[0]
431,[0],[0],0,[0],[0],[0],[0]
432,[0],[0],0,[0],[0],[0],[0]
433,[0],[0],0,[0],[0],[0],[0]
434,[0],[0],0,[0],[0],[0],[0]
435,[0],[0],0,[0],[0],[0],[0]
436,[0],[0],0,[0],[0],[0],[0]
437,[0],[0],0,[0],[0],[0],[0]
438,[0],[0],0,[0],[0],[0],[0]
439,[0],[0],0,[0],[0],[0],[0]
440,[0],[0],0,[0],[0],[0],[0]
441,[0],[0],0,[0],[0],[0],[0]
442,[0],[0],0,[0],[0],[0],[0]
443,[0],[0],0,[0],[0],[0],[0]
444,[0],[0],0,[0],[0],[0],[0]
445,[0],[0],0,[0],[0],[0],[0]
446,[0],[0],0,[0],[0],[0],[0]
447,[0],[0],0,[0],[0],[0],[0]
448,[0],[0],0,[0],[0],[0],[0]
449,[0],[0],0,[0],[0],[0],[0]
450,[0],[0],0,[0],[0],[0],[0]
451,[0],[0],0,[0],[0],[0],[0]
452,[0],[0],0,[0],[0],[0],[0]
453,[0],[0],0,[0],[0],[0],[0]
454,[0],[0],0,[0],[0],[0],[0]
455,[0],[0],0,[0],[0],[0],[0]
456,[0],[0],0,[0],[0],[0],[0]
457,[0],[0],0,[0],[0],[0],[0]
458,[0],[0],0,[0],[0],[0],[0]
459,[0],[0],0,[0],[0],[0],[0]
460,[0],[0],0,[0],[0],[0],[0]
461,[0],[0],0,[0],[0],[0],[0]
462,[0],[0],0,[0],[0],[0],[0]
463,[0],[0],0,[0],[0],[0],[0]
464,[0],[0],0,[0],[0],[0],[0]
465,[0],[0],0,[0],[0],[0],[0]
466,[0],[0],0,[0],[0],[0],[0]
467,[0],[0],0,[0],[0],[0],[0]
468,[0],[0],0,[0],[0],[0],[0]
469,[0],[0],0,[0],[0],[0],[0]
470,[0],[0],0,[0],[0],[0],[0]
471,[0],[0],0,[0],[0],[0],[0]
472,[0],[0],0,[0],[0],[0],[0]
473,[0],[0],0,[0],[0],[0],[0]
474,[0],[0],0,[0],[0],[0],[0]
475,[0],[0],0,[0],[0],[0],[0]
476,[0],[0],0,[0],[0],[0],[0]
477,[0],[0],0,[0],[0],[0],[0]
478,[0],[0],0,[0],[0],[0],[0]
479,[0],[0],0,[0],[0],[0],[0]
480,[0],[0],0,[0],[0],[0],[0]
481,[0],[0],0,[0],[0],[0],[0]
482,[0],[0],0,[0],[0],[0],[0]
483,[0],[0],0,[0],[0],[0],[0]
484,[0],[0],0,[0],[0],[0],[0]
485,[0],[0],0,[0],[0],[0],[0]
486,[0],[0],0,[0],[0],[0],[0]
487,[0],[0],0,[0],[0],[0],[0]
488,[0],[0],0,[0],[0],[0],[0]
489,[0],[0],0,[0],[0],[0],[0]
490,[0],[0],0,[0],[0],[0],[0]
491,[0],[0],0,[0],[0],[0],[0]
492,[0],[0],0,[0],[0],[0],[0]
493,[0],[0],0,[0],[0],[0],[0]
494,[0],[0],0,[0],[0],[0],[0]
495,[0],[0],0,[0],[0],[0],[0]
496,[0],[0],0,[0],[0],[0],[0]
497,[0],[0],0,[0],[0],[0],[0]
498,[0],[0],0,[0],[0],[0],[0]
499,[0],[0],0,[0],[0],[0],[0]
500,[0],[0],0,[0],[0],[0],[0]
501,[0],[0],0,[0],[0],[0],[0]
502,[0],[0],0,[0],[0],[0],[0]
503,[0],[0],0,[0],[0],[0],[0]
504,[0],[0],0,[0],[0],[0],[0]
505,[0],[0],0,[0],[0],[0],[0]
506,[0],[0],0,[0],[0],[0],[0]
507,[0],[0],0,[0],[0],[0],[0]
508,[0],[0],0,[0],[0],[0],[0]
509,[0],[0],0,[0],[0],[0],[0]
510,[0],[0],0,[0],[0],[0],[0]
511,[0],[0],0,[0],[0],[0],[0]
512,[0],[0],0,[0],[0],[0],[0]
513,[1423],[180],1,[1414],[168],[19],[22]
514,[1397],[183],1,[1392],[176],[14],[15]
515,[0],[0],0,[0],[0],[0],[0]
516,[0],[0],0,[0],[0],[0],[0]
517,[1335],[198],1,[1327],[187],[19],[22]
518,[0],[0],0,[0],[0],[0],[0]
519,[0],[0],0,[0],[0],[0],[0]
520,[1282],[176],1,[1265],[165],[36],[22]
521,[1288],[168],1,[1276],[157],[22],[22]
522,[1313],[150],1,[1302],[138],[25],[26]
523,[1327],[138],1,[1319],[131],[19],[18]
524,[0],[0],0,[0],[0],[0],[0]
525,[0],[0],0,[0],[0],[0],[0]
526,[1386],[97],1,[1380],[90],[11],[15]
527,[1403],[86],1,[1392],[75],[22],[22]
528,[0],[0],0,[0],[0],[0],[0]
529,[0],[0],0,[0],[0],[0],[0]
530,[0],[0],0,[0],[0],[0],[0]
531,[0],[0],0,[0],[0],[0],[0]
532,[0],[0],0,[0],[0],[0],[0]
533,[0],[0],0,[0],[0],[0],[0]
534,[0],[0],0,[0],[0],[0],[0]
535,[0],[0],0,[0],[0],[0],[0]
536,[0],[0],0,[0],[0],[0],[0]
537,[0],[0],0,[0],[0],[0],[0]
538,[0],[0],0,[0],[0],[0],[0]
539,[0],[0],0,[0],[0],[0],[0]
540,[0],[0],0,[0],[0],[0],[0]
541,[0],[0],0,[0],[0],[0],[0]
542,[0],[0],0,[0],[0],[0],[0]
543,[0],[0],0,[0],[0],[0],[0]
544,[0],[0],0,[0],[0],[0],[0]
545,[0],[0],0,[0],[0],[0],[0]
546,[0],[0],0,[0],[0],[0],[0]
547,[0],[0],0,[0],[0],[0],[0]
548,[0],[0],0,[0],[0],[0],[0]
549,[0],[0],0,[0],[0],[0],[0]
550,[0],[0],0,[0],[0],[0],[0]
551,[0],[0],0,[0],[0],[0],[0]
552,[0],[0],0,[0],[0],[0],[0]
553,[0],[0],0,[0],[0],[0],[0]
554,[0],[0],0,[0],[0],[0],[0]
555,[0],[0],0,[0],[0],[0],[0]
556,[0],[0],0,[0],[0],[0],[0]
557,[0],[0],0,[0],[0],[0],[0]
558,[0],[0],0,[0],[0],[0],[0]
559,[0],[0],0,[0],[0],[0],[0]
560,[0],[0],0,[0],[0],[0],[0]
561,[0],[0],0,[0],[0],[0],[0]
562,[0],[0],0,[0],[0],[0],[0]
563,[0],[0],0,[0],[0],[0],[0]
564,[0],[0],0,[0],[0],[0],[0]
565,[0],[0],0,[0],[0],[0],[0]
566,[0],[0],0,[0],[0],[0],[0]
567,[0],[0],0,[0],[0],[0],[0]
568,[0],[0],0,[0],[0],[0],[0]
569,[0],[0],0,[0],[0],[0],[0]
570,[0],[0],0,[0],[0],[0],[0]
571,[0],[0],0,[0],[0],[0],[0]
572,[0],[0],0,[0],[0],[0],[0]
573,[0],[0],0,[0],[0],[0],[0]
574,[0],[0],0,[0],[0],[0],[0]
575,[0],[0],0,[0],[0],[0],[0]
576,[0],[0],0,[0],[0],[0],[0]
577,[0],[0],0,[0],[0],[0],[0]
578,[0],[0],0,[0],[0],[0],[0]
579,[0],[0],0,[0],[0],[0],[0]
580,[0],[0],0,[0],[0],[0],[0]
581,[0],[0],0,[0],[0],[0],[0]
582,[0],[0],0,[0],[0],[0],[0]
583,[0],[0],0,[0],[0],[0],[0]
584,[0],[0],0,[0],[0],[0],[0]
585,[0],[0],0,[0],[0],[0],[0]
586,[0],[0],0,[0],[0],[0],[0]
587,[0],[0],0,[0],[0],[0],[0]
588,[0],[0],0,[0],[0],[0],[0]
589,[0],[0],0,[0],[0],[0],[0]
590,[0],[0],0,[0],[0],[0],[0]
591,[0],[0],0,[0],[0],[0],[0]
592,[0],[0],0,[0],[0],[0],[0]
593,[0],[0],0,[0],[0],[0],[0]
594,[0],[0],0,[0],[0],[0],[0]
595,[0],[0],0,[0],[0],[0],[0]
596,[0],[0],0,[0],[0],[0],[0]
597,[0],[0],0,[0],[0],[0],[0]
598,[0],[0],0,[0],[0],[0],[0]
599,[0],[0],0,[0],[0],[0],[0]
600,[1006],[247],1,[1001],[240],[14],[18]
601,[0],[0],0,[0],[0],[0],[0]
602,[0],[0],0,[0],[0],[0],[0]
603,[0],[0],0,[0],[0],[0],[0]
604,[0],[0],0,[0],[0],[0],[0]
605,[0],[0],0,[0],[0],[0],[0]
606,[0],[0],0,[0],[0],[0],[0]
607,[0],[0],0,[0],[0],[0],[0]
608,[1347],[183],1,[1344],[180],[8],[11]
609,[1350],[183],1,[1347],[180],[5],[11]
610,[0],[0],0,[0],[0],[0],[0]
611,[0],[0],0,[0],[0],[0],[0]
612,[0],[0],0,[0],[0],[0],[0]
613,[0],[0],0,[0],[0],[0],[0]
614,[0],[0],0,[0],[0],[0],[0]
615,[0],[0],0,[0],[0],[0],[0]
616,[0],[0],0,[0],[0],[0],[0]
617,[0],[0],0,[0],[0],[0],[0]
618,[0],[0],0,[0],[0],[0],[0]
619,[0],[0],0,[0],[0],[0],[0]
620,[0],[0],0,[0],[0],[0],[0]
621,[0],[0],0,[0],[0],[0],[0]
622,[0],[0],0,[0],[0],[0],[0]
623,[0],[0],0,[0],[0],[0],[0]
624,[0],[0],0,[0],[0],[0],[0]
625,[0],[0],0,[0],[0],[0],[0]
626,[0],[0],0,[0],[0],[0],[0]
627,[0],[0],0,[0],[0],[0],[0]
628,[0],[0],0,[0],[0],[0],[0]
629,[0],[0],0,[0],[0],[0],[0]
630,[0],[0],0,[0],[0],[0],[0]
631,[0],[0],0,[0],[0],[0],[0]
632,[0],[0],0,[0],[0],[0],[0]
633,[0],[0],0,[0],[0],[0],[0]
634,[0],[0],0,[0],[0],[0],[0]
635,[0],[0],0,[0],[0],[0],[0]
636,[0],[0],0,[0],[0],[0],[0]
637,[0],[0],0,[0],[0],[0],[0]
638,[0],[0],0,[0],[0],[0],[0]
639,[0],[0],0,[0],[0],[0],[0]
640,[0],[0],0,[0],[0],[0],[0]
641,[0],[0],0,[0],[0],[0],[0]
642,[0],[0],0,[0],[0],[0],[0]
643,[0],[0],0,[0],[0],[0],[0]
644,[0],[0],0,[0],[0],[0],[0]
645,[0],[0],0,[0],[0],[0],[0]
646,[0],[0],0,[0],[0],[0],[0]
647,[0],[0],0,[0],[0],[0],[0]
648,[0],[0],0,[0],[0],[0],[0]
649,[0],[0],0,[0],[0],[0],[0]
650,[0],[0],0,[0],[0],[0],[0]
651,[0],[0],0,[0],[0],[0],[0]
652,[0],[0],0,[0],[0],[0],[0]
653,[0],[0],0,[0],[0],[0],[0]
654,[0],[0],0,[0],[0],[0],[0]
655,[0],[0],0,[0],[0],[0],[0]
656,[0],[0],0,[0],[0],[0],[0]
657,[0],[0],0,[0],[0],[0],[0]
658,[0],[0],0,[0],[0],[0],[0]
659,[0],[0],0,[0],[0],[0],[0]
660,[0],[0],0,[0],[0],[0],[0]
661,[0],[0],0,[0],[0],[0],[0]
662,[0],[0],0,[0],[0],[0],[0]
663,[0],[0],0,[0],[0],[0],[0]
664,[0],[0],0,[0],[0],[0],[0]
665,[0],[0],0,[0],[0],[0],[0]
666,[0],[0],0,[0],[0],[0],[0]
667,[0],[0],0,[0],[0],[0],[0]
668,[0],[0],0,[0],[0],[0],[0]
669,[0],[0],0,[0],[0],[0],[0]
670,[0],[0],0,[0],[0],[0],[0]
671,[0],[0],0,[0],[0],[0],[0]
672,[1414],[232],1,[1406],[221],[19],[22]
673,[1397],[236],1,[1392],[228],[14],[18]
674,[0],[0],0,[0],[0],[0],[0]
675,[1335],[255],1,[1327],[247],[16],[15]
676,[1333],[255],1,[1321],[240],[22],[30]
677,[1327],[247],1,[1313],[236],[28],[22]
678,[1319],[240],1,[1307],[228],[22],[22]
679,[1310],[228],1,[1299],[217],[22],[26]
680,[1305],[228],1,[1293],[217],[22],[22]
681,[1296],[236],1,[1285],[221],[25],[30]
682,[1290],[243],1,[1279],[232],[22],[22]
683,[1285],[251],1,[1276],[240],[19],[26]
684,[1282],[258],1,[1271],[243],[25],[30]
685,[1274],[258],1,[1254],[247],[42],[26]
686,[1262],[258],1,[1248],[247],[30],[22]
687,[1262],[255],1,[1248],[243],[28],[26]
688,[1262],[255],1,[1245],[243],[33],[26]
689,[1257],[255],1,[1243],[243],[30],[26]
690,[1248],[258],1,[1234],[247],[30],[22]
691,[1245],[258],1,[1234],[247],[25],[22]
692,[1243],[258],1,[1231],[247],[22],[26]
693,[1240],[262],1,[1231],[251],[19],[26]
694,[1237],[266],1,[1226],[251],[22],[30]
695,[1234],[270],1,[1220],[258],[28],[26]
696,[1372],[176],1,[1369],[176],[5],[3]
697,[0],[0],0,[0],[0],[0],[0]
698,[0],[0],0,[0],[0],[0],[0]
699,[0],[0],0,[0],[0],[0],[0]
700,[0],[0],0,[0],[0],[0],[0]
701,[0],[0],0,[0],[0],[0],[0]
702,[0],[0],0,[0],[0],[0],[0]
703,[0],[0],0,[0],[0],[0],[0]
704,[0],[0],0,[0],[0],[0],[0]
705,[0],[0],0,[0],[0],[0],[0]
706,[0],[0],0,[0],[0],[0],[0]
707,[0],[0],0,[0],[0],[0],[0]
708,[0],[0],0,[0],[0],[0],[0]
709,[0],[0],0,[0],[0],[0],[0]
710,[0],[0],0,[0],[0],[0],[0]
711,[0],[0],0,[0],[0],[0],[0]
712,[1231],[300],1,[1223],[292],[19],[18]
713,[1231],[303],1,[1220],[285],[25],[41]
714,[1234],[311],1,[1220],[296],[28],[30]
715,[1237],[311],1,[1226],[300],[25],[26]
716,[1240],[315],1,[1229],[307],[22],[18]
717,[1240],[315],1,[1231],[307],[16],[18]
718,[0],[0],0,[0],[0],[0],[0]
719,[0],[0],0,[0],[0],[0],[0]
720,[1248],[318],1,[1245],[315],[8],[7]
721,[0],[0],0,[0],[0],[0],[0]
722,[0],[0],0,[0],[0],[0],[0]
723,[0],[0],0,[0],[0],[0],[0]
724,[0],[0],0,[0],[0],[0],[0]
725,[0],[0],0,[0],[0],[0],[0]
726,[0],[0],0,[0],[0],[0],[0]
727,[0],[0],0,[0],[0],[0],[0]
728,[0],[0],0,[0],[0],[0],[0]
729,[0],[0],0,[0],[0],[0],[0]
730,[0],[0],0,[0],[0],[0],[0]
731,[0],[0],0,[0],[0],[0],[0]
732,[0],[0],0,[0],[0],[0],[0]
733,[0],[0],0,[0],[0],[0],[0]
734,[0],[0],0,[0],[0],[0],[0]
735,[0],[0],0,[0],[0],[0],[0]
736,[1307],[352],1,[1307],[352],[2],[3]
737,[0],[0],0,[0],[0],[0],[0]
738,[0],[0],0,[0],[0],[0],[0]
739,[0],[0],0,[0],[0],[0],[0]
740,[0],[0],0,[0],[0],[0],[0]
741,[0],[0],0,[0],[0],[0],[0]
742,[0],[0],0,[0],[0],[0],[0]
743,[0],[0],0,[0],[0],[0],[0]
744,[0],[0],0,[0],[0],[0],[0]
745,[0],[0],0,[0],[0],[0],[0]
746,[0],[0],0,[0],[0],[0],[0]
747,[0],[0],0,[0],[0],[0],[0]
748,[0],[0],0,[0],[0],[0],[0]
749,[0],[0],0,[0],[0],[0],[0]
750,[0],[0],0,[0],[0],[0],[0]
751,[0],[0],0,[0],[0],[0],[0]
752,[1369],[382],1,[1364],[375],[11],[15]
753,[1372],[386],1,[1369],[386],[5],[3]
754,[0],[0],0,[0],[0],[0],[0]
755,[0],[0],0,[0],[0],[0],[0]
756,[0],[0],0,[0],[0],[0],[0]
757,[0],[0],0,[0],[0],[0],[0]
758,[0],[0],0,[0],[0],[0],[0]
759,[0],[0],0,[0],[0],[0],[0]
760,[1395],[397],1,[1386],[386],[16],[22]
761,[1395],[397],1,[1392],[390],[8],[15]
762,[1397],[397],1,[1397],[397],[2],[3]
763,[0],[0],0,[0],[0],[0],[0]
764,[0],[0],0,[0],[0],[0],[0]
765,[0],[0],0,[0],[0],[0],[0]
766,[0],[0],0,[0],[0],[0],[0]
767,[0],[0],0,[0],[0],[0],[0]
768,[0],[0],0,[0],[0],[0],[0]
769,[0],[0],0,[0],[0],[0],[0]
770,[0],[0],0,[0],[0],[0],[0]
771,[0],[0],0,[0],[0],[0],[0]
772,[0],[0],0,[0],[0],[0],[0]
773,[0],[0],0,[0],[0],[0],[0]
774,[0],[0],0,[0],[0],[0],[0]
775,[0],[0],0,[0],[0],[0],[0]
776,[0],[0],0,[0],[0],[0],[0]
777,[0],[0],0,[0],[0],[0],[0]
778,[0],[0],0,[0],[0],[0],[0]
779,[0],[0],0,[0],[0],[0],[0]
780,[0],[0],0,[0],[0],[0],[0]
781,[0],[0],0,[0],[0],[0],[0]
782,[0],[0],0,[0],[0],[0],[0]
783,[0],[0],0,[0],[0],[0],[0]
784,[0],[0],0,[0],[0],[0],[0]
785,[0],[0],0,[0],[0],[0],[0]
786,[0],[0],0,[0],[0],[0],[0]
787,[0],[0],0,[0],[0],[0],[0]
788,[0],[0],0,[0],[0],[0],[0]
789,[0],[0],0,[0],[0],[0],[0]
790,[0],[0],0,[0],[0],[0],[0]
791,[0],[0],0,[0],[0],[0],[0]
792,[0],[0],0,[0],[0],[0],[0]
793,[0],[0],0,[0],[0],[0],[0]
794,[0],[0],0,[0],[0],[0],[0]
795,[0],[0],0,[0],[0],[0],[0]
796,[0],[0],0,[0],[0],[0],[0]
797,[0],[0],0,[0],[0],[0],[0]
798,[0],[0],0,[0],[0],[0],[0]
799,[0],[0],0,[0],[0],[0],[0]
800,[1347],[802],1,[1341],[791],[11],[26]
801,[1347],[806],1,[1341],[795],[11],[22]
802,[1347],[810],1,[1344],[802],[5],[15]
803,[0],[0],0,[0],[0],[0],[0]
804,[0],[0],0,[0],[0],[0],[0]
805,[0],[0],0,[0],[0],[0],[0]
806,[0],[0],0,[0],[0],[0],[0]
807,[0],[0],0,[0],[0],[0],[0]
808,[0],[0],0,[0],[0],[0],[0]
809,[1378],[243],1,[1372],[236],[11],[15]
810,[0],[0],0,[0],[0],[0],[0]
811,[0],[0],0,[0],[0],[0],[0]
812,[0],[0],0,[0],[0],[0],[0]
813,[0],[0],0,[0],[0],[0],[0]
814,[0],[0],0,[0],[0],[0],[0]
815,[0],[0],0,[0],[0],[0],[0]
816,[0],[0],0,[0],[0],[0],[0]
817,[0],[0],0,[0],[0],[0],[0]
818,[0],[0],0,[0],[0],[0],[0]
819,[0],[0],0,[0],[0],[0],[0]
820,[0],[0],0,[0],[0],[0],[0]
821,[0],[0],0,[0],[0],[0],[0]
822,[0],[0],0,[0],[0],[0],[0]
823,[0],[0],0,[0],[0],[0],[0]
824,[0],[0],0,[0],[0],[0],[0]
825,[0],[0],0,[0],[0],[0],[0]
826,[0],[0],0,[0],[0],[0],[0]
827,[0],[0],0,[0],[0],[0],[0]
828,[0],[0],0,[0],[0],[0],[0]
829,[0],[0],0,[0],[0],[0],[0]
830,[0],[0],0,[0],[0],[0],[0]
831,[0],[0],0,[0],[0],[0],[0]
832,[0],[0],0,[0],[0],[0],[0]
833,[0],[0],0,[0],[0],[0],[0]
834,[0],[0],0,[0],[0],[0],[0]
835,[0],[0],0,[0],[0],[0],[0]
836,[0],[0],0,[0],[0],[0],[0]
837,[0],[0],0,[0],[0],[0],[0]
838,[0],[0],0,[0],[0],[0],[0]
839,[0],[0],0,[0],[0],[0],[0]
840,[0],[0],0,[0],[0],[0],[0]
841,[0],[0],0,[0],[0],[0],[0]
842,[0],[0],0,[0],[0],[0],[0]
843,[0],[0],0,[0],[0],[0],[0]
844,[0],[0],0,[0],[0],[0],[0]
845,[0],[0],0,[0],[0],[0],[0]
846,[0],[0],0,[0],[0],[0],[0]
847,[0],[0],0,[0],[0],[0],[0]
848,[0],[0],0,[0],[0],[0],[0]
849,[0],[0],0,[0],[0],[0],[0]
850,[0],[0],0,[0],[0],[0],[0]
851,[0],[0],0,[0],[0],[0],[0]
852,[0],[0],0,[0],[0],[0],[0]
853,[0],[0],0,[0],[0],[0],[0]
854,[0],[0],0,[0],[0],[0],[0]
855,[0],[0],0,[0],[0],[0],[0]
856,[0],[0],0,[0],[0],[0],[0]
857,[0],[0],0,[0],[0],[0],[0]
858,[0],[0],0,[0],[0],[0],[0]
859,[0],[0],0,[0],[0],[0],[0]
860,[0],[0],0,[0],[0],[0],[0]
861,[0],[0],0,[0],[0],[0],[0]
862,[0],[0],0,[0],[0],[0],[0]
863,[0],[0],0,[0],[0],[0],[0]
864,[0],[0],0,[0],[0],[0],[0]
865,[0],[0],0,[0],[0],[0],[0]
866,[0],[0],0,[0],[0],[0],[0]
867,[0],[0],0,[0],[0],[0],[0]
868,[0],[0],0,[0],[0],[0],[0]
869,[0],[0],0,[0],[0],[0],[0]
870,[0],[0],0,[0],[0],[0],[0]
871,[0],[0],0,[0],[0],[0],[0]
872,[0],[0],0,[0],[0],[0],[0]
873,[0],[0],0,[0],[0],[0],[0]
874,[0],[0],0,[0],[0],[0],[0]
875,[0],[0],0,[0],[0],[0],[0]
876,[0],[0],0,[0],[0],[0],[0]
877,[0],[0],0,[0],[0],[0],[0]
878,[0],[0],0,[0],[0],[0],[0]
879,[0],[0],0,[0],[0],[0],[0]
880,[0],[0],0,[0],[0],[0],[0]
881,[0],[0],0,[0],[0],[0],[0]
882,[0],[0],0,[0],[0],[0],[0]
883,[0],[0],0,[0],[0],[0],[0]
884,[0],[0],0,[0],[0],[0],[0]
885,[0],[0],0,[0],[0],[0],[0]
886,[0],[0],0,[0],[0],[0],[0]
887,[0],[0],0,[0],[0],[0],[0]
888,[0],[0],0,[0],[0],[0],[0]
889,[0],[0],0,[0],[0],[0],[0]
890,[0],[0],0,[0],[0],[0],[0]
891,[0],[0],0,[0],[0],[0],[0]
892,[0],[0],0,[0],[0],[0],[0]
893,[0],[0],0,[0],[0],[0],[0]
894,[0],[0],0,[0],[0],[0],[0]
895,[0],[0],0,[0],[0],[0],[0]
896,[0],[0],0,[0],[0],[0],[0]
897,[0],[0],0,[0],[0],[0],[0]
898,[0],[0],0,[0],[0],[0],[0]
899,[0],[0],0,[0],[0],[0],[0]
900,[0],[0],0,[0],[0],[0],[0]
901,[0],[0],0,[0],[0],[0],[0]
902,[0],[0],0,[0],[0],[0],[0]
903,[0],[0],0,[0],[0],[0],[0]
904,[1347],[802],1,[1344],[795],[8],[15]
905,[1347],[802],1,[1347],[798],[2],[11]
906,[0],[0],0,[0],[0],[0],[0]
907,[0],[0],0,[0],[0],[0],[0]
908,[0],[0],0,[0],[0],[0],[0]
909,[0],[0],0,[0],[0],[0],[0]
910,[0],[0],0,[0],[0],[0],[0]
911,[0],[0],0,[0],[0],[0],[0]
912,[0],[0],0,[0],[0],[0],[0]
913,[0],[0],0,[0],[0],[0],[0]
914,[0],[0],0,[0],[0],[0],[0]
915,[0],[0],0,[0],[0],[0],[0]
916,[0],[0],0,[0],[0],[0],[0]
917,[0],[0],0,[0],[0],[0],[0]
918,[0],[0],0,[0],[0],[0],[0]
919,[0],[0],0,[0],[0],[0],[0]
920,[0],[0],0,[0],[0],[0],[0]
921,[0],[0],0,[0],[0],[0],[0]
922,[0],[0],0,[0],[0],[0],[0]
923,[0],[0],0,[0],[0],[0],[0]
924,[0],[0],0,[0],[0],[0],[0]
925,[393],[228],1,[390],[225],[5],[7]
926,[393],[213],1,[385],[206],[16],[18]
927,[393],[206],1,[385],[195],[16],[26]
928,[0],[0],0,[0],[0],[0],[0]
929,[0],[0],0,[0],[0],[0],[0]
930,[0],[0],0,[0],[0],[0],[0]
931,[0],[0],0,[0],[0],[0],[0]
932,[0],[0],0,[0],[0],[0],[0]
933,[0],[0],0,[0],[0],[0],[0]
934,[0],[0],0,[0],[0],[0],[0]
935,[0],[0],0,[0],[0],[0],[0]
936,[0],[0],0,[0],[0],[0],[0]
937,[0],[0],0,[0],[0],[0],[0]
938,[0],[0],0,[0],[0],[0],[0]
939,[0],[0],0,[0],[0],[0],[0]
940,[0],[0],0,[0],[0],[0],[0]
941,[0],[0],0,[0],[0],[0],[0]
942,[0],[0],0,[0],[0],[0],[0]
943,[0],[0],0,[0],[0],[0],[0]
944,[0],[0],0,[0],[0],[0],[0]
945,[0],[0],0,[0],[0],[0],[0]
946,[0],[0],0,[0],[0],[0],[0]
947,[0],[0],0,[0],[0],[0],[0]
948,[0],[0],0,[0],[0],[0],[0]
949,[0],[0],0,[0],[0],[0],[0]
950,[0],[0],0,[0],[0],[0],[0]
951,[0],[0],0,[0],[0],[0],[0]
952,[0],[0],0,[0],[0],[0],[0]
953,[0],[0],0,[0],[0],[0],[0]
954,[0],[0],0,[0],[0],[0],[0]
955,[0],[0],0,[0],[0],[0],[0]
956,[0],[0],0,[0],[0],[0],[0]
957,[0],[0],0,[0],[0],[0],[0]
958,[0],[0],0,[0],[0],[0],[0]
959,[0],[0],0,[0],[0],[0],[0]
960,[0],[0],0,[0],[0],[0],[0]
961,[0],[0],0,[0],[0],[0],[0]
962,[0],[0],0,[0],[0],[0],[0]
963,[0],[0],0,[0],[0],[0],[0]
964,[0],[0],0,[0],[0],[0],[0]
965,[0],[0],0,[0],[0],[0],[0]
966,[0],[0],0,[0],[0],[0],[0]
967,[0],[0],0,[0],[0],[0],[0]
968,[0],[0],0,[0],[0],[0],[0]
969,[0],[0],0,[0],[0],[0],[0]
970,[0],[0],0,[0],[0],[0],[0]
971,[0],[0],0,[0],[0],[0],[0]
972,[0],[0],0,[0],[0],[0],[0]
973,[0],[0],0,[0],[0],[0],[0]
974,[0],[0],0,[0],[0],[0],[0]
975,[0],[0],0,[0],[0],[0],[0]
976,[0],[0],0,[0],[0],[0],[0]
977,[0],[0],0,[0],[0],[0],[0]
978,[0],[0],0,[0],[0],[0],[0]
979,[0],[0],0,[0],[0],[0],[0]
980,[0],[0],0,[0],[0],[0],[0]
981,[0],[0],0,[0],[0],[0],[0]
982,[0],[0],0,[0],[0],[0],[0]
983,[0],[0],0,[0],[0],[0],[0]
984,[1350],[787],1,[1347],[783],[5],[11]
985,[0],[0],0,[0],[0],[0],[0]
986,[0],[0],0,[0],[0],[0],[0]
987,[0],[0],0,[0],[0],[0],[0]
988,[0],[0],0,[0],[0],[0],[0]
989,[0],[0],0,[0],[0],[0],[0]
990,[0],[0],0,[0],[0],[0],[0]
991,[0],[0],0,[0],[0],[0],[0]
992,[0],[0],0,[0],[0],[0],[0]
993,[0],[0],0,[0],[0],[0],[0]
994,[0],[0],0,[0],[0],[0],[0]
995,[0],[0],0,[0],[0],[0],[0]
996,[0],[0],0,[0],[0],[0],[0]
997,[0],[0],0,[0],[0],[0],[0]
998,[0],[0],0,[0],[0],[0],[0]
999,[0],[0],0,[0],[0],[0],[0]
1000,[0],[0],0,[0],[0],[0],[0]
1001,[0],[0],0,[0],[0],[0],[0]
1002,[0],[0],0,[0],[0],[0],[0]
1003,[0],[0],0,[0],[0],[0],[0]
1004,[0],[0],0,[0],[0],[0],[0]
1005,[0],[0],0,[0],[0],[0],[0]
1006,[0],[0],0,[0],[0],[0],[0]
1007,[0],[0],0,[0],[0],[0],[0]
1008,[0],[0],0,[0],[0],[0],[0]
1009,[0],[0],0,[0],[0],[0],[0]
1010,[0],[0],0,[0],[0],[0],[0]
1011,[0],[0],0,[0],[0],[0],[0]
1012,[0],[0],0,[0],[0],[0],[0]
1013,[0],[0],0,[0],[0],[0],[0]
1014,[0],[0],0,[0],[0],[0],[0]
1015,[0],[0],0,[0],[0],[0],[0]
1016,[0],[0],0,[0],[0],[0],[0]
1017,[0],[0],0,[0],[0],[0],[0]
1018,[0],[0],0,[0],[0],[0],[0]
1019,[0],[0],0,[0],[0],[0],[0]
1020,[0],[0],0,[0],[0],[0],[0]
1021,[0],[0],0,[0],[0],[0],[0]
1022,[0],[0],0,[0],[0],[0],[0]
1023,[0],[0],0,[0],[0],[0],[0]
1024,[0],[0],0,[0],[0],[0],[0]
1025,[0],[0],0,[0],[0],[0],[0]
1026,[0],[0],0,[0],[0],[0],[0]
1027,[0],[0],0,[0],[0],[0],[0]
1028,[0],[0],0,[0],[0],[0],[0]
1029,[0],[0],0,[0],[0],[0],[0]
1030,[0],[0],0,[0],[0],[0],[0]
1031,[0],[0],0,[0],[0],[0],[0]
1032,[0],[0],0,[0],[0],[0],[0]
1033,[0],[0],0,[0],[0],[0],[0]
1034,[0],[0],0,[0],[0],[0],[0]
1035,[0],[0],0,[0],[0],[0],[0]
1036,[0],[0],0,[0],[0],[0],[0]
1037,[0],[0],0,[0],[0],[0],[0]
1038,[0],[0],0,[0],[0],[0],[0]
1039,[0],[0],0,[0],[0],[0],[0]
1040,[0],[0],0,[0],[0],[0],[0]
1041,[0],[0],0,[0],[0],[0],[0]
1042,[0],[0],0,[0],[0],[0],[0]
1043,[0],[0],0,[0],[0],[0],[0]
1044,[0],[0],0,[0],[0],[0],[0]
1045,[0],[0],0,[0],[0],[0],[0]
1046,[0],[0],0,[0],[0],[0],[0]
1047,[0],[0],0,[0],[0],[0],[0]
1048,[0],[0],0,[0],[0],[0],[0]
1049,[0],[0],0,[0],[0],[0],[0]
1050,[0],[0],0,[0],[0],[0],[0]
1051,[0],[0],0,[0],[0],[0],[0]
1052,[0],[0],0,[0],[0],[0],[0]
1053,[0],[0],0,[0],[0],[0],[0]
1054,[0],[0],0,[0],[0],[0],[0]
1055,[0],[0],0,[0],[0],[0],[0]
1056,[0],[0],0,[0],[0],[0],[0]
1057,[0],[0],0,[0],[0],[0],[0]
1058,[0],[0],0,[0],[0],[0],[0]
1059,[0],[0],0,[0],[0],[0],[0]
1060,[0],[0],0,[0],[0],[0],[0]
1061,[0],[0],0,[0],[0],[0],[0]
1062,[0],[0],0,[0],[0],[0],[0]
1063,[0],[0],0,[0],[0],[0],[0]
1064,[0],[0],0,[0],[0],[0],[0]
1065,[0],[0],0,[0],[0],[0],[0]
1066,[0],[0],0,[0],[0],[0],[0]
1067,[0],[0],0,[0],[0],[0],[0]
1068,[0],[0],0,[0],[0],[0],[0]
1069,[0],[0],0,[0],[0],[0],[0]
1070,[0],[0],0,[0],[0],[0],[0]
1071,[0],[0],0,[0],[0],[0],[0]
1072,[0],[0],0,[0],[0],[0],[0]
1073,[0],[0],0,[0],[0],[0],[0]
1074,[0],[0],0,[0],[0],[0],[0]
1075,[0],[0],0,[0],[0],[0],[0]
1076,[0],[0],0,[0],[0],[0],[0]
1077,[0],[0],0,[0],[0],[0],[0]
1078,[0],[0],0,[0],[0],[0],[0]
1079,[0],[0],0,[0],[0],[0],[0]
1080,[0],[0],0,[0],[0],[0],[0]
1081,[0],[0],0,[0],[0],[0],[0]
1082,[0],[0],0,[0],[0],[0],[0]
1083,[0],[0],0,[0],[0],[0],[0]
1084,[0],[0],0,[0],[0],[0],[0]
1085,[0],[0],0,[0],[0],[0],[0]
1086,[0],[0],0,[0],[0],[0],[0]
1087,[0],[0],0,[0],[0],[0],[0]
1088,[0],[0],0,[0],[0],[0],[0]
1089,[0],[0],0,[0],[0],[0],[0]
1090,[0],[0],0,[0],[0],[0],[0]
1091,[0],[0],0,[0],[0],[0],[0]
1092,[0],[0],0,[0],[0],[0],[0]
1093,[0],[0],0,[0],[0],[0],[0]
1094,[0],[0],0,[0],[0],[0],[0]
1095,[0],[0],0,[0],[0],[0],[0]
1096,[0],[0],0,[0],[0],[0],[0]
1097,[0],[0],0,[0],[0],[0],[0]
1098,[0],[0],0,[0],[0],[0],[0]
1099,[0],[0],0,[0],[0],[0],[0]
1100,[0],[0],0,[0],[0],[0],[0]
1101,[0],[0],0,[0],[0],[0],[0]
1102,[0],[0],0,[0],[0],[0],[0]
1103,[0],[0],0,[0],[0],[0],[0]
1104,[0],[0],0,[0],[0],[0],[0]
1105,[0],[0],0,[0],[0],[0],[0]
1106,[0],[0],0,[0],[0],[0],[0]
1107,[0],[0],0,[0],[0],[0],[0]
1108,[0],[0],0,[0],[0],[0],[0]
1109,[0],[0],0,[0],[0],[0],[0]
1110,[0],[0],0,[0],[0],[0],[0]
1111,[0],[0],0,[0],[0],[0],[0]
1112,[0],[0],0,[0],[0],[0],[0]
1113,[0],[0],0,[0],[0],[0],[0]
1114,[0],[0],0,[0],[0],[0],[0]
1115,[0],[0],0,[0],[0],[0],[0]
1116,[0],[0],0,[0],[0],[0],[0]
1117,[0],[0],0,[0],[0],[0],[0]
1118,[0],[0],0,[0],[0],[0],[0]
1119,[0],[0],0,[0],[0],[0],[0]
1120,[0],[0],0,[0],[0],[0],[0]
1121,[0],[0],0,[0],[0],[0],[0]
1122,[0],[0],0,[0],[0],[0],[0]
1123,[0],[0],0,[0],[0],[0],[0]
1124,[0],[0],0,[0],[0],[0],[0]
1125,[0],[0],0,[0],[0],[0],[0]
1126,[0],[0],0,[0],[0],[0],[0]
1127,[0],[0],0,[0],[0],[0],[0]
1128,[0],[0],0,[0],[0],[0],[0]
1129,[0],[0],0,[0],[0],[0],[0]
1130,[0],[0],0,[0],[0],[0],[0]
1131,[0],[0],0,[0],[0],[0],[0]
1132,[0],[0],0,[0],[0],[0],[0]
1133,[0],[0],0,[0],[0],[0],[0]
1134,[0],[0],0,[0],[0],[0],[0]
1135,[0],[0],0,[0],[0],[0],[0]
1136,[0],[0],0,[0],[0],[0],[0]
1137,[0],[0],0,[0],[0],[0],[0]
1138,[0],[0],0,[0],[0],[0],[0]
1139,[0],[0],0,[0],[0],[0],[0]
1140,[0],[0],0,[0],[0],[0],[0]
1141,[0],[0],0,[0],[0],[0],[0]
1142,[0],[0],0,[0],[0],[0],[0]
1143,[0],[0],0,[0],[0],[0],[0]
1144,[0],[0],0,[0],[0],[0],[0]
1145,[0],[0],0,[0],[0],[0],[0]
1146,[0],[0],0,[0],[0],[0],[0]
1147,[0],[0],0,[0],[0],[0],[0]
1148,[0],[0],0,[0],[0],[0],[0]
1149,[0],[0],0,[0],[0],[0],[0]
1150,[0],[0],0,[0],[0],[0],[0]
1151,[0],[0],0,[0],[0],[0],[0]
1152,[0],[0],0,[0],[0],[0],[0]
1153,[0],[0],0,[0],[0],[0],[0]
1154,[0],[0],0,[0],[0],[0],[0]
1155,[0],[0],0,[0],[0],[0],[0]
1156,[0],[0],0,[0],[0],[0],[0]
1157,[0],[0],0,[0],[0],[0],[0]
1158,[0],[0],0,[0],[0],[0],[0]
1159,[0],[0],0,[0],[0],[0],[0]
1160,[0],[0],0,[0],[0],[0],[0]
1161,[0],[0],0,[0],[0],[0],[0]
1162,[0],[0],0,[0],[0],[0],[0]
1163,[0],[0],0,[0],[0],[0],[0]
1164,[0],[0],0,[0],[0],[0],[0]
1165,[0],[0],0,[0],[0],[0],[0]
1166,[0],[0],0,[0],[0],[0],[0]
1167,[0],[0],0,[0],[0],[0],[0]
1168,[0],[0],0,[0],[0],[0],[0]
1169,[0],[0],0,[0],[0],[0],[0]
1170,[0],[0],0,[0],[0],[0],[0]
1171,[0],[0],0,[0],[0],[0],[0]
1172,[0],[0],0,[0],[0],[0],[0]
1173,[0],[0],0,[0],[0],[0],[0]
1174,[0],[0],0,[0],[0],[0],[0]
1175,[0],[0],0,[0],[0],[0],[0]
1176,[0],[0],0,[0],[0],[0],[0]
1177,[0],[0],0,[0],[0],[0],[0]
1178,[0],[0],0,[0],[0],[0],[0]
1179,[0],[0],0,[0],[0],[0],[0]
1180,[0],[0],0,[0],[0],[0],[0]
1181,[0],[0],0,[0],[0],[0],[0]
1182,[0],[0],0,[0],[0],[0],[0]
1183,[0],[0],0,[0],[0],[0],[0]
1184,[0],[0],0,[0],[0],[0],[0]
1185,[0],[0],0,[0],[0],[0],[0]
1186,[0],[0],0,[0],[0],[0],[0]
1187,[0],[0],0,[0],[0],[0],[0]
1188,[0],[0],0,[0],[0],[0],[0]
1189,[0],[0],0,[0],[0],[0],[0]
1190,[0],[0],0,[0],[0],[0],[0]
1191,[0],[0],0,[0],[0],[0],[0]
1192,[0],[0],0,[0],[0],[0],[0]
1193,[0],[0],0,[0],[0],[0],[0]
1194,[0],[0],0,[0],[0],[0],[0]
1195,[0],[0],0,[0],[0],[0],[0]
1196,[0],[0],0,[0],[0],[0],[0]
1197,[0],[0],0,[0],[0],[0],[0]
1198,[0],[0],0,[0],[0],[0],[0]
1199,[0],[0],0,[0],[0],[0],[0]
1200,[0],[0],0,[0],[0],[0],[0]
1201,[0],[0],0,[0],[0],[0],[0]
1202,[0],[0],0,[0],[0],[0],[0]
1203,[0],[0],0,[0],[0],[0],[0]
1204,[0],[0],0,[0],[0],[0],[0]
1205,[0],[0],0,[0],[0],[0],[0]
1206,[0],[0],0,[0],[0],[0],[0]
1207,[0],[0],0,[0],[0],[0],[0]
1208,[0],[0],0,[0],[0],[0],[0]
1209,[0],[0],0,[0],[0],[0],[0]
1210,[0],[0],0,[0],[0],[0],[0]
1211,[0],[0],0,[0],[0],[0],[0]
1212,[0],[0],0,[0],[0],[0],[0]
1213,[0],[0],0,[0],[0],[0],[0]
1214,[0],[0],0,[0],[0],[0],[0]
1215,[0],[0],0,[0],[0],[0],[0]
1216,[0],[0],0,[0],[0],[0],[0]
1217,[0],[0],0,[0],[0],[0],[0]
1218,[0],[0],0,[0],[0],[0],[0]
1219,[0],[0],0,[0],[0],[0],[0]
1220,[0],[0],0,[0],[0],[0],[0]
1221,[0],[0],0,[0],[0],[0],[0]
1222,[0],[0],0,[0],[0],[0],[0]
1223,[0],[0],0,[0],[0],[0],[0]
1224,[1347],[802],1,[1344],[798],[5],[11]
1225,[1347],[802],1,[1344],[798],[5],[11]
1226,[1347],[806],1,[1344],[802],[5],[11]
1227,[0],[0],0,[0],[0],[0],[0]
1228,[0],[0],0,[0],[0],[0],[0]
1229,[0],[0],0,[0],[0],[0],[0]
1230,[0],[0],0,[0],[0],[0],[0]
1231,[0],[0],0,[0],[0],[0],[0]
1232,[0],[0],0,[0],[0],[0],[0]
1233,[0],[0],0,[0],[0],[0],[0]
1234,[0],[0],0,[0],[0],[0],[0]
1235,[1411],[240],1,[1403],[232],[19],[18]
1236,[1389],[213],1,[1380],[202],[19],[26]
1237,[1380],[202],1,[1369],[191],[22],[22]
1238,[1372],[180],1,[1364],[168],[19],[26]
1239,[0],[0],0,[0],[0],[0],[0]
1240,[1350],[150],1,[1344],[142],[11],[18]
1241,[0],[0],0,[0],[0],[0],[0]
1242,[0],[0],0,[0],[0],[0],[0]
1243,[0],[0],0,[0],[0],[0],[0]
1244,[0],[0],0,[0],[0],[0],[0]
1245,[0],[0],0,[0],[0],[0],[0]
1246,[0],[0],0,[0],[0],[0],[0]
1247,[0],[0],0,[0],[0],[0],[0]
1248,[1285],[75],1,[1276],[63],[19],[22]
1249,[1293],[60],1,[1285],[48],[19],[26]
1250,[1305],[45],1,[1293],[30],[22],[30]
1251,[1310],[37],1,[1296],[26],[28],[26]
1252,[1316],[30],1,[1305],[15],[25],[30]
1253,[1321],[18],1,[1313],[7],[19],[26]
1254,[1327],[11],1,[1319],[0],[19],[26]
1255,[1335],[7],1,[1327],[0],[19],[15]
1256,[0],[0],0,[0],[0],[0],[0]
1257,[0],[0],0,[0],[0],[0],[0]
1258,[0],[0],0,[0],[0],[0],[0]
1259,[0],[0],0,[0],[0],[0],[0]
1260,[0],[0],0,[0],[0],[0],[0]
1261,[0],[0],0,[0],[0],[0],[0]
1262,[0],[0],0,[0],[0],[0],[0]
1263,[0],[0],0,[0],[0],[0],[0]
1264,[0],[0],0,[0],[0],[0],[0]
1265,[0],[0],0,[0],[0],[0],[0]
1266,[0],[0],0,[0],[0],[0],[0]
1267,[0],[0],0,[0],[0],[0],[0]
1268,[0],[0],0,[0],[0],[0],[0]
1269,[0],[0],0,[0],[0],[0],[0]
1270,[0],[0],0,[0],[0],[0],[0]
1271,[0],[0],0,[0],[0],[0],[0]
1272,[0],[0],0,[0],[0],[0],[0]
1273,[0],[0],0,[0],[0],[0],[0]
1274,[1425],[7],1,[1417],[0],[16],[18]
1275,[1423],[18],1,[1414],[7],[19],[22]
1276,[1423],[26],1,[1414],[15],[19],[26]
1277,[1423],[41],1,[1414],[30],[19],[26]
1278,[1425],[56],1,[1417],[48],[16],[18]
1279,[1425],[75],1,[1417],[67],[16],[18]
1280,[1423],[93],1,[1414],[82],[19],[22]
1281,[1423],[112],1,[1414],[101],[19],[22]
1282,[1420],[131],1,[1411],[120],[19],[22]
1283,[1417],[150],1,[1403],[142],[28],[18]
1284,[1423],[176],1,[1411],[165],[22],[22]
1285,[1417],[198],1,[1409],[187],[19],[26]
1286,[1409],[228],1,[1400],[217],[19],[22]
1287,[1403],[251],1,[1395],[236],[19],[30]
1288,[1400],[277],1,[1386],[262],[28],[30]
1289,[1397],[307],1,[1383],[292],[30],[30]
1290,[1383],[345],1,[1366],[326],[36],[37]
1291,[1386],[363],1,[1369],[345],[36],[41]
1292,[1395],[356],1,[1386],[345],[19],[26]
1293,[1403],[348],1,[1392],[337],[22],[22]
1294,[1403],[337],1,[1395],[330],[16],[18]
1295,[1411],[322],1,[1403],[311],[16],[22]
1296,[0],[0],0,[0],[0],[0],[0]
1297,[0],[0],0,[0],[0],[0],[0]
1298,[0],[0],0,[0],[0],[0],[0]
1299,[0],[0],0,[0],[0],[0],[0]
1300,[0],[0],0,[0],[0],[0],[0]
1301,[0],[0],0,[0],[0],[0],[0]
1302,[0],[0],0,[0],[0],[0],[0]
1303,[0],[0],0,[0],[0],[0],[0]
1304,[0],[0],0,[0],[0],[0],[0]
1305,[0],[0],0,[0],[0],[0],[0]
1306,[0],[0],0,[0],[0],[0],[0]
1307,[0],[0],0,[0],[0],[0],[0]
1308,[0],[0],0,[0],[0],[0],[0]
1309,[0],[0],0,[0],[0],[0],[0]
1310,[0],[0],0,[0],[0],[0],[0]
1311,[0],[0],0,[0],[0],[0],[0]
1312,[1347],[802],1,[1344],[798],[8],[11]
1313,[1350],[806],1,[1344],[798],[11],[15]
1314,[1350],[806],1,[1344],[798],[11],[18]
1315,[0],[0],0,[0],[0],[0],[0]
1316,[0],[0],0,[0],[0],[0],[0]
1317,[0],[0],0,[0],[0],[0],[0]
1318,[0],[0],0,[0],[0],[0],[0]
1319,[0],[0],0,[0],[0],[0],[0]
1320,[0],[0],0,[0],[0],[0],[0]
1321,[0],[0],0,[0],[0],[0],[0]
1322,[0],[0],0,[0],[0],[0],[0]
1323,[0],[0],0,[0],[0],[0],[0]
1324,[0],[0],0,[0],[0],[0],[0]
1325,[0],[0],0,[0],[0],[0],[0]
1326,[0],[0],0,[0],[0],[0],[0]
1327,[0],[0],0,[0],[0],[0],[0]
1328,[0],[0],0,[0],[0],[0],[0]
1329,[0],[0],0,[0],[0],[0],[0]
1330,[0],[0],0,[0],[0],[0],[0]
1331,[0],[0],0,[0],[0],[0],[0]
1332,[0],[0],0,[0],[0],[0],[0]
1333,[0],[0],0,[0],[0],[0],[0]
1334,[0],[0],0,[0],[0],[0],[0]
1335,[0],[0],0,[0],[0],[0],[0]
1336,[0],[0],0,[0],[0],[0],[0]
1337,[0],[0],0,[0],[0],[0],[0]
1338,[0],[0],0,[0],[0],[0],[0]
1339,[0],[0],0,[0],[0],[0],[0]
1340,[0],[0],0,[0],[0],[0],[0]
1341,[0],[0],0,[0],[0],[0],[0]
1342,[0],[0],0,[0],[0],[0],[0]
1343,[0],[0],0,[0],[0],[0],[0]
1344,[0],[0],0,[0],[0],[0],[0]
1345,[0],[0],0,[0],[0],[0],[0]
1346,[0],[0],0,[0],[0],[0],[0]
1347,[0],[0],0,[0],[0],[0],[0]
1348,[0],[0],0,[0],[0],[0],[0]
1349,[0],[0],0,[0],[0],[0],[0]
1350,[0],[0],0,[0],[0],[0],[0]
1351,[0],[0],0,[0],[0],[0],[0]
1352,[0],[0],0,[0],[0],[0],[0]
1353,[0],[0],0,[0],[0],[0],[0]
1354,[0],[0],0,[0],[0],[0],[0]
1355,[0],[0],0,[0],[0],[0],[0]
1356,[0],[0],0,[0],[0],[0],[0]
1357,[0],[0],0,[0],[0],[0],[0]
1358,[0],[0],0,[0],[0],[0],[0]
1359,[0],[0],0,[0],[0],[0],[0]
1360,[0],[0],0,[0],[0],[0],[0]
1361,[0],[0],0,[0],[0],[0],[0]
1362,[0],[0],0,[0],[0],[0],[0]
1363,[0],[0],0,[0],[0],[0],[0]
1364,[0],[0],0,[0],[0],[0],[0]
1365,[0],[0],0,[0],[0],[0],[0]
1366,[0],[0],0,[0],[0],[0],[0]
1367,[0],[0],0,[0],[0],[0],[0]
1368,[0],[0],0,[0],[0],[0],[0]
1369,[0],[0],0,[0],[0],[0],[0]
1370,[0],[0],0,[0],[0],[0],[0]
1371,[0],[0],0,[0],[0],[0],[0]
1372,[0],[0],0,[0],[0],[0],[0]
1373,[0],[0],0,[0],[0],[0],[0]
1374,[0],[0],0,[0],[0],[0],[0]
1375,[0],[0],0,[0],[0],[0],[0]
1376,[0],[0],0,[0],[0],[0],[0]
1377,[0],[0],0,[0],[0],[0],[0]
1378,[0],[0],0,[0],[0],[0],[0]
1379,[0],[0],0,[0],[0],[0],[0]
1380,[0],[0],0,[0],[0],[0],[0]
1381,[0],[0],0,[0],[0],[0],[0]
1382,[0],[0],0,[0],[0],[0],[0]
1383,[0],[0],0,[0],[0],[0],[0]
1384,[0],[0],0,[0],[0],[0],[0]
1385,[0],[0],0,[0],[0],[0],[0]
1386,[0],[0],0,[0],[0],[0],[0]
1387,[0],[0],0,[0],[0],[0],[0]
1388,[0],[0],0,[0],[0],[0],[0]
1389,[0],[0],0,[0],[0],[0],[0]
1390,[0],[0],0,[0],[0],[0],[0]
1391,[0],[0],0,[0],[0],[0],[0]
1392,[0],[0],0,[0],[0],[0],[0]
1393,[0],[0],0,[0],[0],[0],[0]
1394,[0],[0],0,[0],[0],[0],[0]
1395,[0],[0],0,[0],[0],[0],[0]
1396,[0],[0],0,[0],[0],[0],[0]
1397,[0],[0],0,[0],[0],[0],[0]
1398,[0],[0],0,[0],[0],[0],[0]
1399,[0],[0],0,[0],[0],[0],[0]
1400,[0],[0],0,[0],[0],[0],[0]
1401,[0],[0],0,[0],[0],[0],[0]
1402,[0],[0],0,[0],[0],[0],[0]
1403,[0],[0],0,[0],[0],[0],[0]
1404,[0],[0],0,[0],[0],[0],[0]
1405,[0],[0],0,[0],[0],[0],[0]
1406,[0],[0],0,[0],[0],[0],[0]
1407,[0],[0],0,[0],[0],[0],[0]
1408,[0],[0],0,[0],[0],[0],[0]
1409,[0],[0],0,[0],[0],[0],[0]
1410,[0],[0],0,[0],[0],[0],[0]
1411,[0],[0],0,[0],[0],[0],[0]
1412,[0],[0],0,[0],[0],[0],[0]
1413,[0],[0],0,[0],[0],[0],[0]
1414,[0],[0],0,[0],[0],[0],[0]
1415,[0],[0],0,[0],[0],[0],[0]
1416,[0],[0],0,[0],[0],[0],[0]
1417,[0],[0],0,[0],[0],[0],[0]
1418,[0],[0],0,[0],[0],[0],[0]
1419,[0],[0],0,[0],[0],[0],[0]
1420,[0],[0],0,[0],[0],[0],[0]
1421,[0],[0],0,[0],[0],[0],[0]
1422,[0],[0],0,[0],[0],[0],[0]
1423,[0],[0],0,[0],[0],[0],[0]
1424,[0],[0],0,[0],[0],[0],[0]
1425,[0],[0],0,[0],[0],[0],[0]
1426,[0],[0],0,[0],[0],[0],[0]
1427,[0],[0],0,[0],[0],[0],[0]
1428,[0],[0],0,[0],[0],[0],[0]
1429,[0],[0],0,[0],[0],[0],[0]
1430,[0],[0],0,[0],[0],[0],[0]
1431,[0],[0],0,[0],[0],[0],[0]
1432,[0],[0],0,[0],[0],[0],[0]
1433,[0],[0],0,[0],[0],[0],[0]
1434,[0],[0],0,[0],[0],[0],[0]
1435,[0],[0],0,[0],[0],[0],[0]
1436,[0],[0],0,[0],[0],[0],[0]
1437,[0],[0],0,[0],[0],[0],[0]
1438,[0],[0],0,[0],[0],[0],[0]
1439,[0],[0],0,[0],[0],[0],[0]
1440,[0],[0],0,[0],[0],[0],[0]
1441,[0],[0],0,[0],[0],[0],[0]
1442,[0],[0],0,[0],[0],[0],[0]
1443,[0],[0],0,[0],[0],[0],[0]
1444,[0],[0],0,[0],[0],[0],[0]
1445,[0],[0],0,[0],[0],[0],[0]
1446,[0],[0],0,[0],[0],[0],[0]
1447,[0],[0],0,[0],[0],[0],[0]
1448,[0],[0],0,[0],[0],[0],[0]
1449,[1302, 1375],[678, 761],1,[1290, 1366],[667, 750],[22, 16],[26, 22]
1450,[1262, 1234],[622, 585],1,[1251, 1229],[611, 581],[25, 11],[22, 11]
1451,[1130, 1167],[483, 517],1,[1122, 1167],[472, 517],[19, 2],[22, 3]
1452,[1096],[435],1,[1088],[423],[16],[22]
1453,[1049],[382],1,[1046],[378],[5],[7]
1454,[981],[318],1,[975],[315],[11],[11]
1455,[956],[296],1,[950],[292],[11],[7]
1456,[916, 922],[258, 277],1,[902, 919],[243, 277],[28, 5],[30, 3]
1457,[900, 871, 869],[243, 240, 232],1,[888, 871, 869],[232, 240, 232],[25, 2, 2],[26, 3, 3]
1458,[863],[221],1,[855],[210],[16],[26]
1459,[843],[210],1,[835],[198],[19],[22]
1460,[826],[198],1,[818],[187],[19],[26]
1461,[812],[191],1,[804],[176],[16],[30]
1462,[798],[183],1,[790],[172],[19],[22]
1463,[787],[180],1,[773],[168],[28],[22]
1464,[770],[180],1,[759],[165],[25],[30]
1465,[762],[176],1,[750],[165],[22],[26]
1466,[750],[180],1,[739],[168],[22],[22]
1467,[742],[180],1,[734],[168],[19],[26]
1468,[739],[183],1,[728],[172],[22],[22]
1469,[728],[183],1,[720],[172],[19],[22]
1470,[717],[183],1,[705],[172],[22],[26]
1471,[708],[187],1,[700],[176],[19],[26]
1472,[703],[195],1,[689],[180],[30],[30]
1473,[700],[198],1,[689],[183],[25],[30]
1474,[700],[202],1,[686],[187],[28],[30]
1475,[694],[198],1,[680],[187],[28],[26]
1476,[691],[191],1,[680],[180],[25],[26]
1477,[686],[183],1,[680],[176],[14],[15]
1478,[686],[172],1,[680],[165],[11],[18]
1479,[680],[165],1,[677],[161],[8],[11]
1480,[0],[0],0,[0],[0],[0],[0]
1481,[0],[0],0,[0],[0],[0],[0]
1482,[0],[0],0,[0],[0],[0],[0]
1483,[0],[0],0,[0],[0],[0],[0]
1484,[0],[0],0,[0],[0],[0],[0]
1485,[0],[0],0,[0],[0],[0],[0]
1486,[0],[0],0,[0],[0],[0],[0]
1487,[0],[0],0,[0],[0],[0],[0]
1488,[675],[120],1,[666],[108],[19],[22]
1489,[677],[116],1,[669],[108],[16],[18]
1490,[677],[112],1,[672],[108],[11],[11]
1491,[0],[0],0,[0],[0],[0],[0]
1492,[0],[0],0,[0],[0],[0],[0]
1493,[0],[0],0,[0],[0],[0],[0]
1494,[675],[108],1,[672],[108],[5],[3]
1495,[677],[105],1,[672],[101],[11],[11]
1496,[677],[108],1,[669],[97],[19],[22]
1497,[677],[108],1,[669],[97],[19],[22]
1498,[677],[112],1,[669],[101],[19],[26]
1499,[677],[116],1,[669],[105],[19],[26]
1500,[680],[123],1,[669],[112],[22],[26]
1501,[680],[131],1,[669],[116],[22],[30]
1502,[677],[138],1,[669],[127],[19],[26]
1503,[677],[150],1,[669],[138],[19],[26]
1504,[680],[161],1,[672],[150],[16],[26]
1505,[680],[176],1,[672],[165],[16],[22]
1506,[680],[187],1,[672],[180],[16],[18]
1507,[680],[206],1,[672],[195],[16],[22]
1508,[680],[221],1,[672],[210],[16],[26]
1509,[677],[247],1,[669],[236],[16],[22]
1510,[677],[266],1,[669],[255],[19],[26]
1511,[677],[288],1,[669],[273],[19],[30]
1512,[675],[318],1,[666],[303],[19],[30]
1513,[675],[352],1,[663],[341],[22],[22]
1514,[672],[375],1,[660],[363],[22],[26]
1515,[672],[412],1,[663],[401],[16],[22]
1516,[672],[446],1,[663],[435],[16],[26]
1517,[672],[483],1,[663],[472],[16],[26]
1518,[669],[525],1,[660],[510],[16],[30]
1519,[672],[555],1,[660],[543],[22],[26]
1520,[669],[555],1,[658],[543],[25],[26]
1521,[669],[558],1,[658],[547],[22],[22]
1522,[666],[558],1,[655],[547],[22],[26]
1523,[663],[558],1,[652],[547],[22],[26]
1524,[660],[562],1,[649],[551],[25],[26]
1525,[658],[570],1,[646],[558],[22],[26]
1526,[655],[577],1,[646],[566],[16],[26]
1527,[652],[592],1,[644],[577],[19],[30]
1528,[655],[607],1,[641],[592],[30],[30]
1529,[655],[618],1,[644],[607],[22],[26]
1530,[655],[630],1,[646],[615],[16],[30]
1531,[646],[558],1,[638],[547],[19],[26]
1532,[646],[513],1,[638],[502],[16],[22]
1533,[644],[465],1,[635],[453],[19],[26]
1534,[646],[423],1,[638],[412],[16],[26]
1535,[646],[386],1,[638],[371],[19],[33]
1536,[655],[367],1,[644],[352],[22],[33]
1537,[646],[330],1,[638],[318],[19],[22]
1538,[646],[307],1,[638],[296],[19],[22]
1539,[649],[288],1,[641],[277],[16],[26]
1540,[649],[273],1,[641],[262],[19],[22]
1541,[649],[258],1,[641],[247],[19],[26]
1542,[652],[247],1,[644],[236],[16],[22]
1543,[652],[236],1,[644],[225],[19],[26]
1544,[655, 540],[232, 735],1,[646, 534],[221, 723],[16, 14],[26, 22]
1545,[655],[228],1,[646],[213],[16],[30]
1546,[655],[221],1,[646],[210],[19],[26]
1547,[658],[217],1,[649],[206],[16],[22]
1548,[658],[217],1,[649],[206],[16],[22]
1549,[660],[213],1,[652],[202],[16],[22]
1550,[660],[213],1,[652],[202],[16],[26]
1551,[660],[217],1,[652],[206],[19],[22]
1552,[663],[217],1,[655],[206],[16],[26]
1553,[663],[221],1,[655],[210],[19],[26]
1554,[663],[228],1,[655],[217],[19],[22]
1555,[666],[232],1,[655],[221],[22],[26]
1556,[666],[236],1,[655],[225],[22],[26]
1557,[666],[243],1,[658],[232],[19],[22]
1558,[669],[247],1,[660],[236],[19],[26]
1559,[669],[255],1,[660],[243],[19],[26]
1560,[672],[255],1,[666],[247],[11],[18]
1561,[675],[247],1,[669],[243],[11],[7]
1562,[0],[0],0,[0],[0],[0],[0]
1563,[0],[0],0,[0],[0],[0],[0]
1564,[0],[0],0,[0],[0],[0],[0]
1565,[677],[213],1,[675],[213],[8],[3]
1566,[677],[206],1,[672],[198],[11],[18]
1567,[677],[202],1,[669],[195],[16],[18]
1568,[677],[202],1,[672],[191],[14],[22]
1569,[677],[198],1,[672],[187],[14],[26]
1570,[677],[195],1,[669],[183],[16],[26]
1571,[675],[195],1,[663],[183],[22],[26]
1572,[669],[195],1,[658],[183],[25],[26]
1573,[658],[195],1,[649],[187],[16],[18]
1574,[649],[195],1,[641],[187],[16],[18]
1575,[638],[198],1,[630],[187],[19],[26]
1576,[630],[206],1,[621],[195],[19],[22]
1577,[621],[210],1,[613],[198],[19],[22]
1578,[615],[213],1,[607],[202],[16],[26]
1579,[610],[225],1,[601],[213],[16],[22]
1580,[601],[232],1,[590],[217],[22],[30]
1581,[593],[240],1,[582],[225],[25],[30]
1582,[593],[251],1,[582],[240],[22],[26]
1583,[593],[258],1,[582],[243],[25],[30]
1584,[596],[255],1,[587],[240],[16],[33]
1585,[599],[266],1,[590],[255],[16],[26]
1586,[599],[273],1,[590],[262],[16],[26]
1587,[599],[281],1,[593],[270],[14],[22]
1588,[604],[288],1,[599],[281],[14],[18]
1589,[607],[300],1,[601],[292],[14],[18]
1590,[607],[300],1,[601],[288],[14],[22]
1591,[607],[292],1,[601],[281],[14],[22]
1592,[607],[281],1,[599],[270],[19],[26]
1593,[610],[277],1,[601],[262],[16],[30]
1594,[610],[273],1,[601],[262],[16],[22]
1595,[610],[270],1,[601],[258],[16],[22]
1596,[610],[266],1,[601],[255],[16],[22]
1597,[610],[266],1,[601],[255],[16],[22]
1598,[613],[262],1,[604],[251],[16],[22]
1599,[613],[262],1,[604],[251],[16],[22]
1600,[610],[266],1,[601],[255],[19],[22]
1601,[613],[266],1,[604],[255],[16],[22]
1602,[613],[266],1,[604],[255],[16],[22]
1603,[615],[270],1,[607],[258],[16],[22]
1604,[615],[270],1,[607],[258],[16],[26]
1605,[618],[277],1,[610],[266],[16],[26]
1606,[618],[281],1,[610],[270],[16],[26]
1607,[618],[281],1,[610],[270],[19],[26]
1608,[621],[277],1,[613],[266],[16],[26]
1609,[621],[273],1,[613],[262],[16],[26]
1610,[618],[270],1,[613],[262],[14],[18]
1611,[618],[266],1,[613],[258],[14],[18]
1612,[621],[266],1,[613],[255],[16],[22]
1613,[621],[262],1,[613],[255],[16],[18]
1614,[621],[262],1,[613],[255],[16],[18]
1615,[621],[262],1,[613],[255],[16],[18]
1616,[627],[262],1,[618],[258],[16],[11]
1617,[624],[266],1,[618],[262],[11],[11]
1618,[621],[266],1,[618],[262],[8],[11]
1619,[621],[266],1,[618],[262],[8],[11]
1620,[0],[0],0,[0],[0],[0],[0]
1621,[0],[0],0,[0],[0],[0],[0]
1622,[0],[0],0,[0],[0],[0],[0]
1623,[1265],[157],1,[1262],[153],[5],[7]
1624,[1245, 624, 1206],[161, 247, 187],1,[1231, 618, 1200],[150, 240, 180],[28, 14, 14],[26, 18, 15]
1625,[1220, 624],[176, 247],1,[1200, 618],[157, 240],[42, 14],[37, 18]
1626,[1209, 624],[180, 243],1,[1200, 618],[165, 236],[16, 14],[30, 18]
1627,[1200, 624],[157, 243],1,[1192, 618],[150, 236],[16, 14],[18, 15]
1628,[1195, 624],[153, 240],1,[1186, 618],[146, 236],[19, 11],[18, 11]
1629,[1189, 621],[150, 240],1,[1184, 618],[142, 236],[14, 8],[18, 7]
1630,[1184],[146],1,[1181],[142],[8],[7]
1631,[627],[243],1,[627],[243],[2],[3]
1632,[1181, 627],[138, 243],1,[1170, 618],[127, 232],[25, 16],[26, 22]
1633,[1181, 624],[142, 236],1,[1170, 621],[131, 236],[22, 8],[26, 3]
1634,[1178],[150],1,[1167],[138],[25],[22]
1635,[1181],[153],1,[1170],[142],[22],[26]
1636,[1181],[161],1,[1170],[146],[22],[30]
1637,[1178],[168],1,[1167],[157],[25],[22]
1638,[1181],[168],1,[1170],[157],[22],[22]
1639,[1181, 644],[161, 142],1,[1170, 644],[150, 138],[22, 2],[26, 7]
1640,[627],[210],1,[613],[198],[30],[26]
1641,[624],[210],1,[610],[198],[30],[26]
1642,[624],[213],1,[610],[202],[30],[26]
1643,[624],[217],1,[613],[206],[25],[22]
1644,[624],[221],1,[613],[210],[25],[26]
1645,[624],[228],1,[610],[217],[28],[26]
1646,[621],[236],1,[610],[221],[25],[33]
1647,[624],[247],1,[610],[232],[28],[30]
1648,[624],[258],1,[615],[247],[19],[22]
1649,[624],[262],1,[618],[255],[11],[15]
1650,[0],[0],0,[0],[0],[0],[0]
1651,[0],[0],0,[0],[0],[0],[0]
1652,[627],[255],1,[618],[247],[16],[18]
1653,[630],[243],1,[621],[232],[19],[26]
1654,[632],[232],1,[624],[221],[16],[22]
1655,[632],[225],1,[621],[210],[22],[30]
1656,[632, 1347],[213, 795],1,[624, 1344],[202, 783],[19, 8],[22, 22]
1657,[632, 1347],[210, 795],1,[624, 1344],[198, 787],[19, 8],[26, 18]
1658,[632, 1347],[206, 798],1,[627, 1344],[195, 791],[14, 8],[22, 18]
1659,[632],[198],1,[630],[195],[8],[11]
1660,[0],[0],0,[0],[0],[0],[0]
1661,[0],[0],0,[0],[0],[0],[0]
1662,[0],[0],0,[0],[0],[0],[0]
1663,[0],[0],0,[0],[0],[0],[0]
1664,[641, 1175],[191, 176],1,[632, 1167],[180, 165],[19, 16],[26, 22]
1665,[641, 1175],[198, 176],1,[632, 1170],[187, 168],[19, 14],[22, 18]
1666,[644, 1178],[202, 176],1,[635, 1175],[191, 172],[19, 5],[22, 11]
1667,[646],[210],1,[635],[198],[22],[26]
1668,[649],[217],1,[641],[206],[16],[26]
1669,[652],[228],1,[644],[217],[16],[22]
1670,[655],[240],1,[646],[228],[16],[22]
1671,[655],[255],1,[646],[240],[19],[30]
1672,[658],[258],1,[649],[251],[19],[18]
1673,[663],[262],1,[660],[258],[5],[7]
1674,[0],[0],0,[0],[0],[0],[0]
1675,[0],[0],0,[0],[0],[0],[0]
1676,[0],[0],0,[0],[0],[0],[0]
1677,[0],[0],0,[0],[0],[0],[0]
1678,[0],[0],0,[0],[0],[0],[0]
1679,[0],[0],0,[0],[0],[0],[0]
1680,[1212],[176],1,[1206],[168],[11],[18]
1681,[0],[0],0,[0],[0],[0],[0]
1682,[0],[0],0,[0],[0],[0],[0]
1683,[0],[0],0,[0],[0],[0],[0]
1684,[0],[0],0,[0],[0],[0],[0]
1685,[0],[0],0,[0],[0],[0],[0]
1686,[0],[0],0,[0],[0],[0],[0]
1687,[0],[0],0,[0],[0],[0],[0]
1688,[641],[363],1,[632],[352],[19],[22]
1689,[632],[352],1,[624],[341],[16],[22]
1690,[627],[337],1,[618],[326],[19],[26]
1691,[621],[333],1,[613],[322],[16],[22]
1692,[615],[326],1,[604],[315],[22],[26]
1693,[607],[322],1,[596],[311],[22],[26]
1694,[596],[318],1,[587],[307],[19],[26]
1695,[587],[318],1,[579],[307],[19],[26]
1696,[579, 1240],[318, 131],1,[568, 1229],[307, 120],[25, 22],[26, 26]
1697,[568, 1257],[322, 123],1,[559, 1248],[311, 116],[19, 19],[22, 18]
1698,[1276, 559],[116, 326],1,[1268, 551],[105, 315],[19, 19],[22, 22]
1699,[554, 1290],[333, 105],1,[545, 1288],[322, 101],[16, 8],[22, 11]
1700,[542, 1319],[341, 90],1,[534, 1310],[330, 78],[19, 19],[26, 22]
1701,[534, 1341],[352, 75],1,[525, 1333],[341, 63],[19, 16],[26, 26]
1702,[525],[367],1,[517],[356],[19],[22]
1703,[1386, 523],[63, 390],1,[1378, 511],[52, 382],[16, 22],[22, 15]
1704,[506],[408],1,[497],[397],[19],[26]
1705,[497],[423],1,[489],[412],[19],[26]
1706,[486],[453],1,[478],[442],[16],[22]
1707,[478],[476],1,[469],[465],[16],[22]
1708,[469],[498],1,[461],[487],[16],[26]
1709,[458],[532],1,[450],[521],[19],[22]
1710,[452],[570],1,[444],[558],[16],[26]
1711,[441],[588],1,[433],[577],[19],[26]
1712,[0],[0],0,[0],[0],[0],[0]
1713,[0],[0],0,[0],[0],[0],[0]
1714,[0],[0],0,[0],[0],[0],[0]
1715,[0],[0],0,[0],[0],[0],[0]
1716,[0],[0],0,[0],[0],[0],[0]
1717,[0],[0],0,[0],[0],[0],[0]
1718,[0],[0],0,[0],[0],[0],[0]
1719,[0],[0],0,[0],[0],[0],[0]
1720,[0],[0],0,[0],[0],[0],[0]
1721,[0],[0],0,[0],[0],[0],[0]
1722,[0],[0],0,[0],[0],[0],[0]
1723,[0],[0],0,[0],[0],[0],[0]
1724,[0],[0],0,[0],[0],[0],[0]
1725,[0],[0],0,[0],[0],[0],[0]
1726,[0],[0],0,[0],[0],[0],[0]
1727,[0],[0],0,[0],[0],[0],[0]
1728,[0],[0],0,[0],[0],[0],[0]
1729,[0],[0],0,[0],[0],[0],[0]
1730,[0],[0],0,[0],[0],[0],[0]
1731,[0],[0],0,[0],[0],[0],[0]
1732,[0],[0],0,[0],[0],[0],[0]
1733,[0],[0],0,[0],[0],[0],[0]
1734,[0],[0],0,[0],[0],[0],[0]
1735,[0],[0],0,[0],[0],[0],[0]
1736,[0],[0],0,[0],[0],[0],[0]
1737,[0],[0],0,[0],[0],[0],[0]
1738,[0],[0],0,[0],[0],[0],[0]
1739,[0],[0],0,[0],[0],[0],[0]
1740,[0],[0],0,[0],[0],[0],[0]
1741,[0],[0],0,[0],[0],[0],[0]
1742,[0],[0],0,[0],[0],[0],[0]
1743,[0],[0],0,[0],[0],[0],[0]
1744,[0],[0],0,[0],[0],[0],[0]
1745,[0],[0],0,[0],[0],[0],[0]
1746,[0],[0],0,[0],[0],[0],[0]
1747,[0],[0],0,[0],[0],[0],[0]
1748,[0],[0],0,[0],[0],[0],[0]
1749,[0],[0],0,[0],[0],[0],[0]
1750,[0],[0],0,[0],[0],[0],[0]
1751,[0],[0],0,[0],[0],[0],[0]
1752,[115],[761],1,[98],[750],[33],[26]
1753,[115],[765],1,[101],[753],[28],[22]
1754,[115],[768],1,[104],[757],[25],[22]
1755,[132],[768],1,[120],[757],[25],[26]
1756,[146],[787],1,[135],[772],[25],[33]
1757,[157],[798],1,[149],[791],[16],[18]
1758,[0],[0],0,[0],[0],[0],[0]
1759,[0],[0],0,[0],[0],[0],[0]
1760,[222],[858],1,[208],[843],[28],[30]
1761,[230, 247],[862, 892],1,[225, 244],[851, 885],[14, 8],[26, 15]
1762,[255],[900],1,[241],[881],[28],[37]
1763,[255, 241],[900, 873],1,[244, 236],[885, 866],[22, 11],[30, 15]
1764,[244],[877],1,[233],[858],[25],[41]
1765,[241],[870],1,[230],[858],[22],[22]
1766,[233],[858],1,[227],[851],[11],[18]
1767,[227],[855],1,[222],[851],[11],[11]
1768,[219],[847],1,[208],[836],[22],[22]
1769,[213],[840],1,[199],[828],[28],[26]
1770,[210],[836],1,[199],[825],[25],[26]
1771,[208],[832],1,[199],[821],[19],[22]
1772,[0],[0],0,[0],[0],[0],[0]
1773,[871],[825],1,[869],[821],[5],[7]
1774,[871],[825],1,[869],[821],[5],[7]
1775,[871],[825],1,[869],[821],[5],[11]
1776,[188],[911],1,[180],[900],[19],[26]
1777,[177, 177],[896, 903],1,[174, 177],[896, 903],[5, 2],[3, 3]
1778,[146],[885],1,[137],[873],[19],[22]
1779,[129],[873],1,[118],[862],[22],[22]
1780,[109],[858],1,[101],[851],[16],[18]
1781,[78],[851],1,[73],[843],[11],[15]
1782,[70, 67],[840, 847],1,[70, 67],[840, 847],[2, 2],[3, 3]
1783,[45],[836],1,[39],[825],[11],[22]
1784,[0],[0],0,[0],[0],[0],[0]
1785,[0],[0],0,[0],[0],[0],[0]
1786,[0],[0],0,[0],[0],[0],[0]
1787,[0],[0],0,[0],[0],[0],[0]
1788,[0],[0],0,[0],[0],[0],[0]
1789,[0],[0],0,[0],[0],[0],[0]
1790,[0],[0],0,[0],[0],[0],[0]
1791,[0],[0],0,[0],[0],[0],[0]
1792,[0],[0],0,[0],[0],[0],[0]
1793,[50],[813],1,[42],[802],[19],[22]
1794,[0],[0],0,[0],[0],[0],[0]
1795,[0],[0],0,[0],[0],[0],[0]
1796,[146, 123],[873, 855],1,[143, 123],[870, 855],[5, 2],[7, 3]
1797,[168, 151],[888, 877],1,[163, 149],[881, 873],[11, 8],[15, 11]
1798,[185],[903],1,[180],[896],[11],[15]
1799,[188],[907],1,[182],[900],[14],[15]
1800,[174],[892],1,[160],[881],[30],[26]
1801,[171],[885],1,[160],[873],[25],[22]
1802,[163],[870],1,[151],[858],[22],[26]
1803,[157],[858],1,[146],[843],[22],[30]
1804,[151],[851],1,[140],[836],[22],[30]
1805,[146],[840],1,[135],[828],[25],[26]
1806,[140],[836],1,[129],[821],[25],[30]
1807,[137],[832],1,[126],[821],[25],[26]
1808,[0],[0],0,[0],[0],[0],[0]
1809,[1350],[270],1,[1350],[270],[2],[3]
1810,[0],[0],0,[0],[0],[0],[0]
1811,[0],[0],0,[0],[0],[0],[0]
1812,[0],[0],0,[0],[0],[0],[0]
1813,[0],[0],0,[0],[0],[0],[0]
1814,[0],[0],0,[0],[0],[0],[0]
1815,[0],[0],0,[0],[0],[0],[0]
1816,[0],[0],0,[0],[0],[0],[0]
1817,[0],[0],0,[0],[0],[0],[0]
1818,[0],[0],0,[0],[0],[0],[0]
1819,[0],[0],0,[0],[0],[0],[0]
1820,[0],[0],0,[0],[0],[0],[0]
1821,[0],[0],0,[0],[0],[0],[0]
1822,[0],[0],0,[0],[0],[0],[0]
1823,[0],[0],0,[0],[0],[0],[0]
1824,[0],[0],0,[0],[0],[0],[0]
1825,[0],[0],0,[0],[0],[0],[0]
1826,[0],[0],0,[0],[0],[0],[0]
1827,[0],[0],0,[0],[0],[0],[0]
1828,[0],[0],0,[0],[0],[0],[0]
1829,[0],[0],0,[0],[0],[0],[0]
1830,[0],[0],0,[0],[0],[0],[0]
1831,[0],[0],0,[0],[0],[0],[0]
1832,[95],[911],1,[87],[896],[19],[30]
1833,[115],[922],1,[101],[911],[30],[26]
1834,[129],[937],1,[118],[922],[22],[30]
1835,[146],[952],1,[135],[937],[22],[30]
1836,[163],[971],1,[151],[956],[22],[33]
1837,[171],[982],1,[163],[975],[16],[18]
1838,[208],[1008],1,[196],[993],[22],[30]
1839,[210],[1023],1,[202],[1008],[19],[30]
1840,[0],[0],0,[0],[0],[0],[0]
1841,[0],[0],0,[0],[0],[0],[0]
1842,[0],[0],0,[0],[0],[0],[0]
1843,[0],[0],0,[0],[0],[0],[0]
1844,[0],[0],0,[0],[0],[0],[0]
1845,[0],[0],0,[0],[0],[0],[0]
1846,[0],[0],0,[0],[0],[0],[0]
1847,[0],[0],0,[0],[0],[0],[0]
1848,[0],[0],0,[0],[0],[0],[0]
1849,[0],[0],0,[0],[0],[0],[0]
1850,[0],[0],0,[0],[0],[0],[0]
1851,[0],[0],0,[0],[0],[0],[0]
1852,[0],[0],0,[0],[0],[0],[0]
1853,[0],[0],0,[0],[0],[0],[0]
1854,[0],[0],0,[0],[0],[0],[0]
1855,[0],[0],0,[0],[0],[0],[0]
1856,[236],[990],1,[227],[982],[16],[18]
1857,[230],[978],1,[222],[967],[19],[26]
1858,[216],[956],1,[208],[945],[16],[26]
1859,[210],[941],1,[202],[930],[16],[26]
1860,[199],[922],1,[191],[911],[19],[26]
1861,[194],[911],1,[182],[900],[22],[26]
1862,[185],[903],1,[177],[892],[19],[22]
1863,[182],[888],1,[174],[881],[16],[18]
1864,[180],[885],1,[171],[873],[16],[22]
1865,[180],[873],1,[171],[862],[16],[22]
1866,[180],[862],1,[171],[851],[19],[22]
1867,[182],[855],1,[174],[843],[19],[22]
1868,[185],[840],1,[177],[828],[16],[22]
1869,[185],[825],1,[177],[817],[16],[18]
1870,[0],[0],0,[0],[0],[0],[0]
1871,[0],[0],0,[0],[0],[0],[0]
1872,[0],[0],0,[0],[0],[0],[0]
1873,[0],[0],0,[0],[0],[0],[0]
1874,[0],[0],0,[0],[0],[0],[0]
1875,[0],[0],0,[0],[0],[0],[0]
1876,[0],[0],0,[0],[0],[0],[0]
1877,[0],[0],0,[0],[0],[0],[0]
1878,[244],[825],1,[241],[817],[8],[15]
1879,[253],[836],1,[236],[821],[33],[33]
1880,[267],[858],1,[255],[847],[22],[26]
1881,[281],[873],1,[270],[862],[22],[22]
1882,[272],[858],1,[264],[847],[16],[26]
1883,[261],[843],1,[253],[832],[19],[26]
1884,[253],[832],1,[244],[821],[19],[26]
1885,[244],[825],1,[233],[813],[25],[22]
1886,[230],[813],1,[222],[802],[19],[26]
1887,[225],[806],1,[216],[795],[19],[26]
1888,[0],[0],0,[0],[0],[0],[0]
1889,[0],[0],0,[0],[0],[0],[0]
1890,[0],[0],0,[0],[0],[0],[0]
1891,[0],[0],0,[0],[0],[0],[0]
1892,[236],[858],1,[227],[847],[16],[22]
1893,[239],[870],1,[227],[858],[22],[26]
1894,[227],[858],1,[219],[847],[19],[22]
1895,[213],[840],1,[205],[828],[16],[22]
1896,[0],[0],0,[0],[0],[0],[0]
1897,[0],[0],0,[0],[0],[0],[0]
1898,[0],[0],0,[0],[0],[0],[0]
1899,[0],[0],0,[0],[0],[0],[0]
1900,[0],[0],0,[0],[0],[0],[0]
1901,[140],[772],1,[135],[765],[14],[15]
1902,[0],[0],0,[0],[0],[0],[0]
1903,[115],[765],1,[112],[757],[8],[15]
1904,[0],[0],0,[0],[0],[0],[0]
1905,[0],[0],0,[0],[0],[0],[0]
1906,[0],[0],0,[0],[0],[0],[0]
1907,[0],[0],0,[0],[0],[0],[0]
1908,[0],[0],0,[0],[0],[0],[0]
1909,[0],[0],0,[0],[0],[0],[0]
1910,[0],[0],0,[0],[0],[0],[0]
1911,[0],[0],0,[0],[0],[0],[0]
1912,[0],[0],0,[0],[0],[0],[0]
1913,[188],[705],1,[177],[693],[25],[26]
1914,[188],[701],1,[177],[690],[25],[26]
1915,[196],[697],1,[185],[690],[22],[18]
1916,[202],[693],1,[194],[686],[19],[18]
1917,[208],[693],1,[196],[682],[22],[22]
1918,[216],[693],1,[205],[682],[22],[22]
1919,[219],[693],1,[208],[682],[25],[26]
1920,[0],[0],0,[0],[0],[0],[0]
1921,[0],[0],0,[0],[0],[0],[0]
1922,[0],[0],0,[0],[0],[0],[0]
1923,[0],[0],0,[0],[0],[0],[0]
1924,[0],[0],0,[0],[0],[0],[0]
1925,[0],[0],0,[0],[0],[0],[0]
1926,[0],[0],0,[0],[0],[0],[0]
1927,[0],[0],0,[0],[0],[0],[0]
1928,[0],[0],0,[0],[0],[0],[0]
1929,[0],[0],0,[0],[0],[0],[0]
1930,[0],[0],0,[0],[0],[0],[0]
1931,[0],[0],0,[0],[0],[0],[0]
1932,[0],[0],0,[0],[0],[0],[0]
1933,[0],[0],0,[0],[0],[0],[0]
1934,[0],[0],0,[0],[0],[0],[0]
1935,[0],[0],0,[0],[0],[0],[0]
1936,[0],[0],0,[0],[0],[0],[0]
1937,[0],[0],0,[0],[0],[0],[0]
1938,[0],[0],0,[0],[0],[0],[0]
1939,[0],[0],0,[0],[0],[0],[0]
1940,[0],[0],0,[0],[0],[0],[0]
1941,[0],[0],0,[0],[0],[0],[0]
1942,[0],[0],0,[0],[0],[0],[0]
1943,[0],[0],0,[0],[0],[0],[0]
1944,[0],[0],0,[0],[0],[0],[0]
1945,[0],[0],0,[0],[0],[0],[0]
1946,[0],[0],0,[0],[0],[0],[0]
1947,[0],[0],0,[0],[0],[0],[0]
1948,[0],[0],0,[0],[0],[0],[0]
1949,[0],[0],0,[0],[0],[0],[0]
1950,[0],[0],0,[0],[0],[0],[0]
1951,[0],[0],0,[0],[0],[0],[0]
1952,[0],[0],0,[0],[0],[0],[0]
1953,[0],[0],0,[0],[0],[0],[0]
1954,[0],[0],0,[0],[0],[0],[0]
1955,[0],[0],0,[0],[0],[0],[0]
1956,[0],[0],0,[0],[0],[0],[0]
1957,[0],[0],0,[0],[0],[0],[0]
1958,[0],[0],0,[0],[0],[0],[0]
1959,[0],[0],0,[0],[0],[0],[0]
1960,[0],[0],0,[0],[0],[0],[0]
1961,[0],[0],0,[0],[0],[0],[0]
1962,[0],[0],0,[0],[0],[0],[0]
1963,[0],[0],0,[0],[0],[0],[0]
1964,[0],[0],0,[0],[0],[0],[0]
1965,[0],[0],0,[0],[0],[0],[0]
1966,[0],[0],0,[0],[0],[0],[0]
1967,[0],[0],0,[0],[0],[0],[0]
1968,[182],[660],1,[174],[652],[19],[18]
1969,[180],[667],1,[168],[656],[22],[22]
1970,[177],[671],1,[165],[660],[22],[26]
1971,[177],[675],1,[165],[663],[25],[26]
1972,[180],[682],1,[168],[671],[22],[22]
1973,[188],[693],1,[180],[678],[19],[30]
1974,[202],[716],1,[191],[701],[22],[30]
1975,[222],[738],1,[210],[727],[22],[26]
1976,[0],[0],0,[0],[0],[0],[0]
1977,[247],[780],1,[239],[761],[16],[41]
1978,[258],[806],1,[244],[795],[28],[22]
1979,[275],[832],1,[267],[813],[19],[37]
1980,[284],[847],1,[272],[832],[25],[30]
1981,[270],[821],1,[261],[810],[19],[26]
1982,[261],[810],1,[250],[798],[22],[22]
1983,[250],[806],1,[239],[795],[22],[22]
1984,[227],[787],1,[213],[776],[28],[22]
1985,[227],[783],1,[213],[772],[28],[22]
1986,[225],[783],1,[213],[772],[22],[22]
1987,[219],[780],1,[213],[772],[14],[15]
1988,[0],[0],0,[0],[0],[0],[0]
1989,[0],[0],0,[0],[0],[0],[0]
1990,[0],[0],0,[0],[0],[0],[0]
1991,[0],[0],0,[0],[0],[0],[0]
1992,[0],[0],0,[0],[0],[0],[0]
1993,[0],[0],0,[0],[0],[0],[0]
1994,[0],[0],0,[0],[0],[0],[0]
1995,[0],[0],0,[0],[0],[0],[0]
1996,[0],[0],0,[0],[0],[0],[0]
1997,[0],[0],0,[0],[0],[0],[0]
1998,[0],[0],0,[0],[0],[0],[0]
1999,[0],[0],0,[0],[0],[0],[0]
2000,[0],[0],0,[0],[0],[0],[0]
2001,[0],[0],0,[0],[0],[0],[0]
2002,[0],[0],0,[0],[0],[0],[0]
2003,[0],[0],0,[0],[0],[0],[0]
2004,[0],[0],0,[0],[0],[0],[0]
2005,[0],[0],0,[0],[0],[0],[0]
2006,[0],[0],0,[0],[0],[0],[0]
2007,[0],[0],0,[0],[0],[0],[0]
2008,[0],[0],0,[0],[0],[0],[0]
2009,[0],[0],0,[0],[0],[0],[0]
2010,[0],[0],0,[0],[0],[0],[0]
2011,[0],[0],0,[0],[0],[0],[0]
2012,[0],[0],0,[0],[0],[0],[0]
2013,[0],[0],0,[0],[0],[0],[0]
2014,[0],[0],0,[0],[0],[0],[0]
2015,[0],[0],0,[0],[0],[0],[0]
2016,[281],[705],1,[275],[701],[11],[11]
2017,[284],[705],1,[275],[693],[16],[22]
2018,[286],[697],1,[278],[686],[19],[26]
2019,[289],[690],1,[281],[678],[19],[26]
2020,[298],[686],1,[289],[678],[16],[15]
2021,[303],[682],1,[300],[682],[5],[3]
2022,[0],[0],0,[0],[0],[0],[0]
2023,[0],[0],0,[0],[0],[0],[0]
2024,[329],[671],1,[315],[660],[30],[26]
2025,[337],[671],1,[320],[656],[33],[33]
2026,[345],[675],1,[331],[656],[30],[37]
2027,[360],[678],1,[345],[663],[28],[30]
2028,[365],[682],1,[354],[671],[25],[26]
2029,[376],[690],1,[365],[678],[25],[26]
2030,[385],[705],1,[376],[690],[19],[30]
2031,[396],[720],1,[388],[705],[19],[30]
2032,[410],[731],1,[399],[716],[25],[33]
2033,[444, 416],[697, 742],1,[435, 407],[686, 731],[19, 16],[26, 22]
2034,[483, 506],[637, 611],1,[475, 503],[626, 607],[16, 5],[22, 7]
2035,[554],[521],1,[542],[506],[22],[30]
2036,[601],[453],1,[590],[442],[22],[22]
2037,[641],[397],1,[630],[382],[22],[33]
2038,[680],[356],1,[672],[345],[16],[22]
2039,[705],[311],1,[686],[300],[42],[26]
2040,[739],[281],1,[725],[270],[28],[26]
2041,[756],[262],1,[745],[247],[22],[30]
2042,[767],[247],1,[753],[228],[30],[37]
2043,[793],[225],1,[784],[213],[16],[26]
2044,[807],[210],1,[798],[198],[16],[22]
2045,[818],[202],1,[810],[191],[19],[22]
2046,[829],[195],1,[821],[183],[16],[22]
2047,[838],[191],1,[826],[180],[22],[22]
2048,[857],[183],1,[840],[172],[33],[26]
2049,[860],[183],1,[843],[172],[33],[26]
2050,[869, 106],[183, 3],1,[855, 106],[172, 3],[28, 2],[26, 3]
2051,[874],[183],1,[860],[172],[28],[26]
2052,[877],[183],1,[866],[172],[25],[26]
2053,[883],[183],1,[869],[172],[28],[26]
2054,[885],[183],1,[874],[172],[25],[26]
2055,[891],[187],1,[880],[176],[25],[26]
2056,[902],[195],1,[891],[183],[22],[26]
2057,[902],[195],1,[891],[183],[22],[26]
2058,[905],[198],1,[897],[183],[19],[30]
2059,[908, 914],[191, 1038],1,[902, 914],[180, 1035],[14, 2],[26, 7]
2060,[914, 919],[183, 1008],1,[905, 914],[176, 1001],[16, 14],[18, 18]
2061,[916, 919],[180, 982],1,[908, 919],[172, 982],[16, 2],[18, 3]
2062,[919, 925],[176, 956],1,[914, 922],[168, 952],[11, 5],[15, 11]
2063,[925, 922],[930, 168],1,[919, 916],[922, 165],[11, 11],[15, 11]
2064,[0],[0],0,[0],[0],[0],[0]
2065,[0],[0],0,[0],[0],[0],[0]
2066,[0],[0],0,[0],[0],[0],[0]
2067,[0],[0],0,[0],[0],[0],[0]
2068,[0],[0],0,[0],[0],[0],[0]
2069,[0],[0],0,[0],[0],[0],[0]
2070,[0],[0],0,[0],[0],[0],[0]
2071,[0],[0],0,[0],[0],[0],[0]
2072,[911],[127],1,[900],[116],[22],[26]
2073,[911],[127],1,[900],[116],[22],[26]
2074,[908],[127],1,[897],[116],[22],[22]
2075,[905],[127],1,[894],[116],[22],[22]
2076,[902],[127],1,[894],[116],[19],[22]
2077,[902],[127],1,[894],[116],[16],[26]
2078,[900],[135],1,[891],[123],[16],[22]
2079,[897],[135],1,[888],[123],[19],[26]
2080,[888],[142],1,[880],[131],[19],[22]
2081,[885],[146],1,[877],[135],[16],[26]
2082,[880],[153],1,[871],[142],[16],[22]
2083,[874],[165],1,[866],[153],[19],[22]
2084,[871],[176],1,[863],[165],[16],[22]
2085,[866],[183],1,[857],[172],[16],[26]
2086,[860],[198],1,[852],[187],[16],[22]
2087,[855],[213],1,[846],[202],[19],[22]
2088,[846],[228],1,[838],[217],[19],[22]
2089,[843],[243],1,[835],[232],[19],[22]
2090,[838],[262],1,[829],[247],[16],[30]
2091,[829],[277],1,[821],[266],[19],[22]
2092,[821],[303],1,[812],[292],[19],[26]
2093,[812],[330],1,[801],[318],[22],[26]
2094,[804],[356],1,[793],[345],[22],[26]
2095,[798],[386],1,[787],[371],[22],[30]
2096,[793],[408],1,[779],[397],[30],[26]
2097,[779],[450],1,[770],[435],[19],[30]
2098,[773],[480],1,[762],[465],[22],[33]
2099,[762],[498],1,[753],[487],[19],[26]
2100,[759],[498],1,[750],[487],[19],[26]
2101,[756],[498],1,[748],[487],[19],[22]
2102,[753],[495],1,[742],[483],[22],[26]
2103,[750],[495],1,[739],[483],[22],[26]
2104,[748],[498],1,[736],[487],[25],[26]
2105,[742],[506],1,[734],[495],[19],[22]
2106,[739],[510],1,[731],[498],[19],[22]
2107,[736],[517],1,[728],[506],[16],[26]
2108,[734],[521],1,[725],[510],[16],[26]
2109,[731],[532],1,[722],[517],[16],[30]
2110,[722],[547],1,[714],[532],[19],[30]
2111,[717],[558],1,[708],[547],[19],[26]
2112,[0],[0],0,[0],[0],[0],[0]
2113,[731],[461],1,[720],[450],[22],[26]
2114,[736],[412],1,[725],[401],[22],[22]
2115,[0],[0],0,[0],[0],[0],[0]
2116,[756],[296],1,[748],[277],[16],[41]
2117,[759],[255],1,[750],[243],[16],[26]
2118,[765],[225],1,[756],[213],[19],[22]
2119,[770],[198],1,[762],[187],[19],[26]
2120,[776],[183],1,[767],[172],[16],[22]
2121,[779],[168],1,[770],[157],[16],[22]
2122,[781],[153],1,[773],[142],[16],[22]
2123,[781],[138],1,[773],[127],[19],[26]
2124,[787],[131],1,[779],[120],[19],[26]
2125,[790],[123],1,[781],[112],[19],[26]
2126,[790],[116],1,[781],[105],[19],[26]
2127,[790],[108],1,[779],[97],[22],[26]
2128,[784],[97],1,[776],[82],[19],[33]
2129,[776],[78],1,[767],[67],[19],[26]
2130,[773],[71],1,[765],[60],[16],[22]
2131,[765],[56],1,[756],[45],[19],[26]
2132,[759],[37],1,[750],[26],[16],[26]
2133,[753],[30],1,[745],[18],[19],[22]
2134,[745],[18],1,[736],[7],[16],[22]
2135,[739],[11],1,[731],[0],[19],[22]
2136,[734],[7],1,[722],[0],[22],[15]
2137,[0],[0],0,[0],[0],[0],[0]
2138,[0],[0],0,[0],[0],[0],[0]
2139,[0],[0],0,[0],[0],[0],[0]
2140,[0],[0],0,[0],[0],[0],[0]
2141,[0],[0],0,[0],[0],[0],[0]
2142,[0],[0],0,[0],[0],[0],[0]
2143,[0],[0],0,[0],[0],[0],[0]
2144,[0],[0],0,[0],[0],[0],[0]
2145,[0],[0],0,[0],[0],[0],[0]
2146,[0],[0],0,[0],[0],[0],[0]
2147,[0],[0],0,[0],[0],[0],[0]
2148,[0],[0],0,[0],[0],[0],[0]
2149,[601],[7],1,[593],[0],[16],[15]
2150,[587],[7],1,[576],[0],[22],[18]
2151,[576],[18],1,[568],[7],[19],[26]
2152,[565],[33],1,[556],[22],[19],[22]
2153,[551],[56],1,[542],[41],[16],[30]
2154,[537],[78],1,[528],[67],[16],[22]
2155,[523],[105],1,[514],[97],[16],[18]
2156,[509],[131],1,[500],[120],[16],[26]
2157,[495],[165],1,[486],[153],[16],[22]
2158,[480],[202],1,[472],[191],[19],[22]
2159,[466],[236],1,[458],[221],[19],[30]
2160,[450],[285],1,[441],[270],[19],[30]
2161,[438],[311],1,[430],[300],[19],[26]
2162,[438],[348],1,[430],[337],[16],[22]
2163,[452],[285],1,[450],[281],[8],[11]
2164,[469],[251],1,[461],[240],[16],[22]
2165,[495],[202],1,[486],[191],[16],[26]
2166,[509],[161],1,[500],[150],[16],[26]
2167,[525, 430],[131, 356],1,[517, 427],[120, 356],[16, 8],[26, 3]
2168,[542],[108],1,[534],[97],[19],[22]
2169,[554],[86],1,[545],[75],[16],[26]
2170,[570],[63],1,[562],[52],[16],[22]
2171,[585],[45],1,[576],[33],[16],[22]
2172,[599],[30],1,[590],[18],[16],[22]
2173,[607],[18],1,[599],[7],[19],[26]
2174,[621],[11],1,[613],[0],[16],[22]
2175,[630],[7],1,[618],[0],[22],[18]
2176,[644],[7],1,[632],[0],[22],[18]
2177,[649],[7],1,[638],[0],[22],[15]
2178,[660],[7],1,[649],[0],[25],[15]
2179,[669],[7],1,[658],[0],[25],[15]
2180,[677],[7],1,[666],[0],[25],[15]
2181,[686],[7],1,[675],[0],[25],[18]
2182,[694],[11],1,[686],[0],[19],[26]
2183,[703],[15],1,[694],[3],[16],[26]
2184,[708],[22],1,[700],[7],[19],[30]
2185,[714],[30],1,[705],[18],[19],[22]
2186,[722],[37],1,[714],[26],[16],[26]
2187,[725],[48],1,[717],[37],[16],[26]
2188,[731],[60],1,[722],[48],[16],[22]
2189,[736],[71],1,[728],[60],[16],[22]
2190,[739],[78],1,[731],[67],[19],[26]
2191,[745],[93],1,[736],[82],[16],[26]
2192,[748],[105],1,[739],[93],[16],[26]
2193,[750],[116],1,[742],[105],[16],[26]
2194,[756],[131],1,[748],[120],[16],[22]
2195,[756],[142],1,[748],[131],[19],[22]
2196,[759],[153],1,[750],[142],[19],[26]
2197,[762],[168],1,[750],[157],[22],[22]
2198,[762],[180],1,[753],[172],[19],[18]
2199,[759],[187],1,[750],[176],[19],[22]
2200,[759],[191],1,[748],[176],[22],[30]
2201,[750],[198],1,[742],[187],[19],[22]
2202,[745],[202],1,[736],[191],[19],[22]
2203,[739],[210],1,[731],[198],[19],[22]
2204,[734],[217],1,[725],[206],[19],[22]
2205,[731],[228],1,[722],[217],[16],[26]
2206,[725],[243],1,[714],[232],[22],[22]
2207,[717],[255],1,[705],[240],[25],[30]
2208,[714],[262],1,[705],[247],[16],[30]
2209,[708],[277],1,[700],[262],[19],[30]
2210,[705],[281],1,[697],[270],[19],[26]
2211,[705],[285],1,[697],[273],[19],[26]
2212,[703],[288],1,[694],[273],[19],[30]
2213,[703],[288],1,[691],[277],[22],[26]
2214,[700],[296],1,[691],[281],[19],[30]
2215,[700],[296],1,[689],[285],[22],[26]
2216,[697],[307],1,[689],[292],[19],[30]
2217,[697],[307],1,[689],[292],[16],[30]
2218,[697],[303],1,[689],[288],[16],[30]
2219,[697],[296],1,[689],[288],[16],[18]
2220,[697],[292],1,[689],[285],[16],[18]
2221,[697],[288],1,[689],[281],[16],[18]
2222,[694],[288],1,[689],[277],[14],[22]
2223,[694],[285],1,[686],[277],[16],[18]
2224,[691],[288],1,[683],[277],[19],[22]
2225,[691],[288],1,[683],[277],[19],[22]
2226,[691],[288],1,[686],[277],[14],[22]
2227,[691],[288],1,[686],[281],[14],[18]
2228,[691],[292],1,[686],[285],[11],[15]
2229,[689],[292],1,[683],[285],[14],[18]
2230,[689],[292],1,[683],[285],[11],[18]
2231,[689],[292],1,[683],[285],[11],[18]
2232,[689],[288],1,[677],[277],[25],[22]
2233,[689],[288],1,[677],[277],[22],[22]
2234,[686],[288],1,[677],[277],[19],[22]
2235,[686],[288],1,[677],[277],[19],[22]
2236,[686],[288],1,[677],[277],[16],[22]
2237,[686],[288],1,[677],[277],[16],[22]
2238,[683],[288],1,[675],[277],[16],[22]
2239,[683],[288],1,[675],[277],[16],[26]
2240,[683],[288],1,[675],[277],[19],[22]
2241,[683, 1257],[288, 123],1,[675, 1251],[277, 116],[19, 14],[22, 15]
2242,[683, 1251],[288, 123],1,[675, 1245],[277, 112],[16, 14],[22, 22]
2243,[683, 1248],[288, 123],1,[675, 1243],[277, 116],[16, 14],[22, 18]
2244,[680, 1245],[288, 127],1,[672, 1237],[277, 116],[19, 16],[22, 22]
2245,[680, 1237],[285, 131],1,[672, 1231],[273, 120],[16, 14],[22, 22]
2246,[680, 1231],[285, 135],1,[672, 1226],[273, 127],[16, 11],[22, 18]
2247,[677, 1397],[285, 127],1,[669, 1389],[273, 116],[16, 16],[26, 22]
2248,[677, 1380],[288, 127],1,[669, 1378],[277, 123],[19, 8],[22, 11]
2249,[677, 1344],[285, 135],1,[669, 1338],[273, 123],[19, 14],[26, 22]
2250,[677, 1327],[288, 138],1,[669, 1316],[277, 131],[19, 22],[22, 15]
2251,[1307, 677],[142, 285],1,[1299, 669],[135, 277],[16, 16],[18, 18]
2252,[1288, 677],[150, 285],1,[1279, 669],[138, 273],[19, 16],[22, 22]
2253,[1265, 677],[153, 285],1,[1257, 669],[142, 273],[19, 16],[22, 22]
2254,[1248, 675],[157, 285],1,[1240, 666],[146, 273],[19, 16],[26, 22]
2255,[1229, 675],[168, 285],1,[1220, 666],[157, 273],[19, 16],[26, 22]
2256,[672],[285],1,[663],[273],[19],[22]
2257,[672],[285],1,[663],[273],[19],[22]
2258,[672],[281],1,[663],[273],[16],[18]
2259,[672],[281],1,[663],[273],[16],[18]
2260,[672],[281],1,[663],[270],[16],[22]
2261,[669],[281],1,[660],[270],[16],[22]
2262,[669],[281],1,[660],[270],[16],[22]
2263,[666, 1268],[281, 120],1,[658, 1262],[270, 112],[19, 14],[22, 18]
2264,[1285, 666, 908],[116, 281, 123],1,[1276, 660, 908],[105, 273, 123],[16, 14, 2],[22, 18, 3]
2265,[666],[281],1,[660],[273],[14],[18]
2266,[666, 1335],[281, 90],1,[660, 1330],[273, 82],[14, 11],[15, 15]
2267,[1350, 666],[78, 281],1,[1341, 658],[67, 273],[16, 16],[22, 15]
2268,[1378, 663],[71, 277],1,[1369, 658],[60, 270],[19, 14],[22, 18]
2269,[1397, 663],[60, 277],1,[1389, 658],[52, 270],[19, 14],[18, 18]
2270,[663, 1425],[277, 48],1,[655, 1423],[270, 45],[16, 5],[18, 11]
2271,[663],[281],1,[655],[270],[16],[22]
2272,[900, 660],[116, 273],1,[891, 658],[108, 270],[16, 5],[18, 7]
2273,[900],[120],1,[894],[112],[14],[15]
2274,[900],[120],1,[897],[116],[8],[7]
2275,[0],[0],0,[0],[0],[0],[0]
2276,[0],[0],0,[0],[0],[0],[0]
2277,[0],[0],0,[0],[0],[0],[0]
2278,[0],[0],0,[0],[0],[0],[0]
2279,[0],[0],0,[0],[0],[0],[0]
2280,[0],[0],0,[0],[0],[0],[0]
2281,[0],[0],0,[0],[0],[0],[0]
2282,[0],[0],0,[0],[0],[0],[0]
2283,[0],[0],0,[0],[0],[0],[0]
2284,[0],[0],0,[0],[0],[0],[0]
2285,[0],[0],0,[0],[0],[0],[0]
2286,[0],[0],0,[0],[0],[0],[0]
2287,[0],[0],0,[0],[0],[0],[0]
2288,[683],[217],1,[675],[206],[19],[26]
2289,[691],[213],1,[680],[202],[22],[26]
2290,[697],[210],1,[689],[198],[19],[26]
2291,[705],[210],1,[697],[198],[19],[22]
2292,[714],[210],1,[703],[198],[25],[22]
2293,[725],[210],1,[714],[198],[22],[26]
2294,[731],[210],1,[720],[198],[25],[26]
2295,[739],[213],1,[728],[202],[25],[26]
2296,[748],[217],1,[739],[206],[19],[26]
2297,[756],[225],1,[748],[213],[16],[26]
2298,[765],[232],1,[756],[221],[19],[26]
2299,[773],[243],1,[762],[232],[25],[26]
2300,[781],[258],1,[773],[247],[19],[22]
2301,[787],[266],1,[776],[255],[22],[26]
2302,[804],[285],1,[793],[273],[25],[22]
2303,[812],[296],1,[801],[281],[22],[33]
2304,[815],[315],1,[807],[303],[19],[26]
2305,[826],[333],1,[818],[322],[19],[26]
2306,[835],[356],1,[826],[345],[16],[26]
2307,[846],[378],1,[838],[367],[16],[26]
2308,[857],[408],1,[849],[397],[16],[26]
2309,[866],[435],1,[857],[423],[16],[22]
2310,[877],[461],1,[869],[450],[16],[26]
2311,[883],[491],1,[874],[476],[19],[30]
2312,[891],[510],1,[883],[498],[19],[26]
2313,[897],[502],1,[888],[491],[16],[26]
2314,[902],[502],1,[894],[491],[19],[22]
2315,[914],[498],1,[902],[487],[22],[22]
2316,[919],[498],1,[908],[487],[25],[22]
2317,[928],[498],1,[916],[487],[22],[22]
2318,[942],[498],1,[930],[487],[22],[22]
2319,[945],[498],1,[936],[487],[19],[26]
2320,[950],[506],1,[939],[491],[25],[30]
2321,[959],[510],1,[945],[498],[28],[26]
2322,[970],[517],1,[961],[506],[16],[26]
2323,[975],[528],1,[964],[517],[22],[22]
2324,[981],[536],1,[970],[525],[25],[26]
2325,[992],[555],1,[984],[543],[16],[26]
2326,[998],[573],1,[990],[562],[16],[22]
2327,[1004],[588],1,[995],[573],[19],[30]
2328,[1009],[603],1,[1001],[592],[19],[26]
2329,[1012],[626],1,[1004],[615],[19],[26]
2330,[1020],[652],1,[1012],[641],[16],[22]
2331,[1023],[678],1,[1015],[667],[16],[22]
2332,[1029],[708],1,[1020],[693],[19],[30]
2333,[1037],[723],1,[1029],[708],[19],[30]
2334,[1046],[727],1,[1035],[712],[25],[30]
2335,[1054],[731],1,[1046],[720],[19],[26]
2336,[1071, 1417],[742, 153],1,[1057, 1417],[727, 153],[30, 2],[30, 3]
2337,[1082, 1397],[746, 150],1,[1071, 1392],[731, 142],[22, 11],[33, 15]
2338,[1094, 1352],[761, 146],1,[1082, 1350],[746, 142],[25, 5],[30, 11]
2339,[1105],[768],1,[1096],[757],[19],[26]
2340,[1305, 1116],[142, 787],1,[1293, 1108],[135, 776],[25, 19],[18, 22]
2341,[1130, 1279],[810, 138],1,[1116, 1271],[795, 127],[30, 19],[30, 22]
2342,[1251, 1141],[138, 825],1,[1243, 1133],[127, 810],[19, 16],[26, 30]
2343,[1234, 1141],[138, 836],1,[1223, 1136],[127, 828],[22, 14],[26, 18]
2344,[1212],[138],1,[1198],[127],[30],[26]
2345,[1186],[138],1,[1175],[127],[25],[22]
2346,[1175],[138],1,[1161],[127],[28],[22]
2347,[1153],[142],1,[1139],[131],[30],[22]
2348,[1139],[142],1,[1127],[131],[22],[26]
2349,[1125],[142],1,[1113],[131],[25],[26]
2350,[1108, 1186],[150, 836],1,[1096, 1184],[138, 832],[25, 8],[26, 7]
2351,[1096, 1186],[153, 840],1,[1082, 1181],[142, 832],[30, 14],[22, 18]
2352,[1082],[161],1,[1071],[146],[25],[30]
2353,[1082],[161],1,[1071],[146],[25],[30]
2354,[1085],[161],1,[1074],[150],[22],[26]
2355,[1082],[161],1,[1074],[153],[19],[18]
2356,[1082],[165],1,[1077],[157],[14],[15]
2357,[0],[0],0,[0],[0],[0],[0]
2358,[0],[0],0,[0],[0],[0],[0]
2359,[1085],[168],1,[1082],[165],[8],[7]
2360,[1082, 1234],[165, 888],1,[1071, 1229],[150, 885],[25, 14],[30, 11]
2361,[1085, 1237],[168, 888],1,[1074, 1223],[153, 881],[22, 28],[30, 18]
2362,[1240, 1085],[896, 172],1,[1226, 1074],[885, 157],[28, 22],[26, 30]
2363,[1088, 1240],[176, 907],1,[1077, 1231],[165, 900],[22, 16],[26, 15]
2364,[1091],[176],1,[1080],[165],[22],[26]
2365,[1091],[180],1,[1080],[168],[22],[22]
2366,[1091],[180],1,[1082],[168],[19],[22]
2367,[1094],[180],1,[1085],[168],[19],[22]
2368,[1091],[183],1,[1080],[172],[25],[26]
2369,[1091],[187],1,[1080],[172],[22],[30]
2370,[1091],[191],1,[1080],[176],[22],[30]
2371,[1091],[195],1,[1082],[183],[19],[22]
2372,[1094],[198],1,[1088],[191],[11],[15]
2373,[0],[0],0,[0],[0],[0],[0]
2374,[0],[0],0,[0],[0],[0],[0]
2375,[0],[0],0,[0],[0],[0],[0]
2376,[1096],[202],1,[1085],[191],[22],[26]
2377,[1096],[206],1,[1088],[195],[19],[26]
2378,[1099, 528],[210, 731],1,[1091, 523],[202, 723],[19, 14],[18, 15]
2379,[525],[742],1,[517],[731],[16],[22]
2380,[517],[761],1,[511],[753],[11],[15]
2381,[0],[0],0,[0],[0],[0],[0]
2382,[0],[0],0,[0],[0],[0],[0]
2383,[1116],[225],1,[1108],[217],[16],[18]
2384,[1116],[228],1,[1113],[225],[8],[11]
2385,[0],[0],0,[0],[0],[0],[0]
2386,[0],[0],0,[0],[0],[0],[0]
2387,[0],[0],0,[0],[0],[0],[0]
2388,[0],[0],0,[0],[0],[0],[0]
2389,[0],[0],0,[0],[0],[0],[0]
2390,[0],[0],0,[0],[0],[0],[0]
2391,[0],[0],0,[0],[0],[0],[0]
2392,[0],[0],0,[0],[0],[0],[0]
2393,[0],[0],0,[0],[0],[0],[0]
2394,[0],[0],0,[0],[0],[0],[0]
2395,[0],[0],0,[0],[0],[0],[0]
2396,[0],[0],0,[0],[0],[0],[0]
2397,[0],[0],0,[0],[0],[0],[0]
2398,[0],[0],0,[0],[0],[0],[0]
2399,[0],[0],0,[0],[0],[0],[0]
2400,[1153],[273],1,[1147],[266],[11],[15]
2401,[1153],[273],1,[1144],[262],[16],[22]
2402,[1155],[273],1,[1144],[262],[22],[22]
2403,[1155],[273],1,[1147],[262],[19],[22]
2404,[0],[0],0,[0],[0],[0],[0]
2405,[0],[0],0,[0],[0],[0],[0]
2406,[0],[0],0,[0],[0],[0],[0]
2407,[0],[0],0,[0],[0],[0],[0]
2408,[0],[0],0,[0],[0],[0],[0]
2409,[0],[0],0,[0],[0],[0],[0]
2410,[0],[0],0,[0],[0],[0],[0]
2411,[0],[0],0,[0],[0],[0],[0]
2412,[0],[0],0,[0],[0],[0],[0]
2413,[0],[0],0,[0],[0],[0],[0]
2414,[0],[0],0,[0],[0],[0],[0]
2415,[0],[0],0,[0],[0],[0],[0]
2416,[1220],[330],1,[1209],[315],[22],[30]
2417,[1220],[330],1,[1209],[315],[22],[30]
2418,[1220],[326],1,[1206],[311],[30],[33]
2419,[1226],[330],1,[1209],[315],[33],[30]
2420,[1229],[333],1,[1212],[322],[33],[26]
2421,[1231],[337],1,[1220],[326],[25],[26]
2422,[1234],[341],1,[1226],[330],[19],[26]
2423,[1237],[345],1,[1229],[333],[19],[22]
2424,[1248],[348],1,[1234],[337],[28],[26]
2425,[1251],[352],1,[1240],[341],[25],[26]
2426,[1257],[356],1,[1248],[345],[19],[26]
2427,[1262],[363],1,[1254],[352],[19],[22]
2428,[1262],[363],1,[1254],[352],[19],[26]
2429,[1265],[371],1,[1257],[363],[16],[15]
2430,[0],[0],0,[0],[0],[0],[0]
2431,[0],[0],0,[0],[0],[0],[0]
2432,[1288],[386],1,[1276],[371],[22],[30]
2433,[1288],[386],1,[1279],[375],[19],[26]
2434,[1296],[390],1,[1288],[382],[16],[18]
2435,[0],[0],0,[0],[0],[0],[0]
2436,[0],[0],0,[0],[0],[0],[0]
2437,[0],[0],0,[0],[0],[0],[0]
2438,[0],[0],0,[0],[0],[0],[0]
2439,[0],[0],0,[0],[0],[0],[0]
2440,[0],[0],0,[0],[0],[0],[0]
2441,[0],[0],0,[0],[0],[0],[0]
2442,[0],[0],0,[0],[0],[0],[0]
2443,[0],[0],0,[0],[0],[0],[0]
2444,[0],[0],0,[0],[0],[0],[0]
2445,[0],[0],0,[0],[0],[0],[0]
2446,[0],[0],0,[0],[0],[0],[0]
2447,[0],[0],0,[0],[0],[0],[0]
2448,[1395],[480],1,[1389],[472],[11],[15]
2449,[1397],[483],1,[1389],[472],[16],[22]
2450,[1400],[487],1,[1397],[480],[5],[15]
2451,[0],[0],0,[0],[0],[0],[0]
2452,[0],[0],0,[0],[0],[0],[0]
2453,[0],[0],0,[0],[0],[0],[0]
2454,[0],[0],0,[0],[0],[0],[0]
2455,[0],[0],0,[0],[0],[0],[0]
2456,[1245, 1279],[607, 648],1,[1229, 1268],[588, 633],[33, 22],[41, 30]
2457,[0],[0],0,[0],[0],[0],[0]
2458,[1122, 1094],[468, 461],1,[1113, 1088],[461, 457],[16, 11],[18, 11]
2459,[1057],[412],1,[1051],[405],[14],[18]
2460,[992],[356],1,[990],[352],[5],[7]
2461,[947],[318],1,[939],[311],[16],[18]
2462,[914],[292],1,[905],[281],[16],[22]
2463,[863],[255],1,[852],[236],[22],[37]
2464,[852],[247],1,[843],[236],[19],[26]
2465,[815],[232],1,[807],[221],[19],[26]
2466,[801],[225],1,[787],[213],[28],[26]
2467,[776],[213],1,[765],[202],[22],[26]
2468,[759],[206],1,[748],[195],[22],[22]
2469,[745],[198],1,[736],[187],[19],[26]
2470,[728],[198],1,[717],[187],[25],[22]
2471,[717],[195],1,[705],[183],[22],[26]
2472,[705],[195],1,[694],[183],[22],[26]
2473,[694],[198],1,[686],[187],[16],[22]
2474,[683],[198],1,[675],[187],[19],[26]
2475,[672],[202],1,[663],[191],[19],[22]
2476,[666],[206],1,[658],[195],[16],[22]
2477,[660],[210],1,[652],[198],[16],[22]
2478,[649],[213],1,[641],[202],[19],[22]
2479,[646],[217],1,[635],[206],[22],[22]
2480,[644],[225],1,[635],[213],[19],[22]
2481,[635],[217],1,[627],[210],[16],[15]
2482,[627],[206],1,[627],[206],[2],[3]
2483,[0],[0],0,[0],[0],[0],[0]
2484,[0],[0],0,[0],[0],[0],[0]
2485,[613],[180],1,[610],[176],[5],[7]
2486,[610],[172],1,[604],[165],[11],[18]
2487,[607],[168],1,[601],[161],[14],[18]
2488,[0],[0],0,[0],[0],[0],[0]
2489,[0],[0],0,[0],[0],[0],[0]
2490,[0],[0],0,[0],[0],[0],[0]
2491,[0],[0],0,[0],[0],[0],[0]
2492,[0],[0],0,[0],[0],[0],[0]
2493,[0],[0],0,[0],[0],[0],[0]
2494,[0],[0],0,[0],[0],[0],[0]
2495,[0],[0],0,[0],[0],[0],[0]
2496,[0],[0],0,[0],[0],[0],[0]
2497,[0],[0],0,[0],[0],[0],[0]
2498,[0],[0],0,[0],[0],[0],[0]
2499,[0],[0],0,[0],[0],[0],[0]
2500,[480],[765],1,[475],[757],[11],[15]
2501,[0],[0],0,[0],[0],[0],[0]
2502,[0],[0],0,[0],[0],[0],[0]
2503,[0],[0],0,[0],[0],[0],[0]
2504,[607],[146],1,[599],[131],[19],[30]
2505,[607],[153],1,[599],[142],[19],[22]
2506,[610],[157],1,[601],[146],[19],[26]
2507,[613],[168],1,[604],[157],[19],[22]
2508,[615],[176],1,[607],[165],[19],[22]
2509,[618, 1389],[183, 7],1,[607, 1380],[172, 0],[22, 16],[22, 15]
2510,[1380, 621],[15, 191],1,[1366, 613],[0, 180],[28, 19],[30, 26]
2511,[1378, 621],[26, 202],1,[1364, 613],[11, 191],[28, 19],[30, 26]
2512,[1366, 627],[30, 217],1,[1355, 618],[18, 206],[25, 19],[22, 26]
2513,[1364, 630],[41, 232],1,[1350, 621],[26, 221],[28, 19],[30, 26]
2514,[1355, 632],[52, 251],1,[1341, 624],[41, 240],[28, 16],[26, 22]
2515,[1350, 638],[67, 273],1,[1338, 630],[56, 262],[25, 19],[22, 22]
2516,[1335, 641],[78, 288],1,[1319, 632],[67, 277],[36, 19],[22, 22]
2517,[644, 1327],[311, 93],1,[635, 1319],[300, 82],[19, 19],[26, 22]
2518,[1319, 655],[108, 337],1,[1307, 646],[97, 326],[25, 16],[26, 26]
2519,[658, 1310],[367, 123],1,[646, 1299],[352, 112],[25, 25],[33, 22]
2520,[663, 1299, 1344],[393, 135, 127],1,[652, 1293, 1344],[382, 127, 127],[22, 14, 2],[26, 18, 3]
2521,[663, 1296],[423, 146],1,[655, 1288],[412, 135],[19, 16],[26, 26]
2522,[675, 1285],[457, 165],1,[666, 1276],[442, 153],[19, 19],[30, 22]
2523,[683, 1279],[498, 183],1,[675, 1268],[480, 168],[19, 22],[37, 30]
2524,[1274, 683],[195, 517],1,[1262, 672],[180, 502],[25, 25],[30, 30]
2525,[689, 1271],[517, 198],1,[677, 1260],[502, 187],[22, 22],[33, 26]
2526,[1271, 689],[195, 517],1,[1260, 680],[183, 502],[25, 19],[26, 33]
2527,[691, 1274],[517, 187],1,[680, 1262],[502, 172],[22, 22],[33, 30]
2528,[700],[525],1,[689],[513],[22],[26]
2529,[700],[528],1,[689],[517],[22],[26]
2530,[703],[536],1,[691],[525],[25],[26]
2531,[705],[547],1,[694],[536],[25],[22]
2532,[711, 1268, 705],[555, 131, 536],1,[703, 1268, 705],[543, 131, 536],[19, 2, 2],[22, 3, 3]
2533,[1271, 711],[131, 536],1,[1265, 705],[123, 536],[14, 11],[15, 3]
2534,[708, 1271],[532, 123],1,[700, 1265],[517, 116],[16, 14],[30, 18]
2535,[700, 1271, 703],[491, 123, 521],1,[691, 1265, 700],[480, 112, 517],[19, 14, 8],[26, 22, 7]
2536,[697],[450],1,[689],[438],[19],[26]
2537,[689],[416],1,[680],[401],[16],[30]
2538,[1268],[172],1,[1260],[161],[16],[22]
2539,[1265, 675],[180, 345],1,[1257, 669],[168, 333],[19, 14],[26, 22]
2540,[672, 1268],[326, 187],1,[660, 1260],[311, 176],[22, 16],[30, 26]
2541,[666, 1271],[296, 183],1,[658, 1271],[285, 180],[19, 2],[22, 7]
2542,[663],[273],1,[655],[262],[19],[22]
2543,[658],[251],1,[646],[240],[22],[26]
2544,[658, 1282],[247, 153],1,[649, 1276],[232, 146],[19, 14],[30, 18]
2545,[652, 1285],[232, 150],1,[644, 1282],[221, 146],[19, 8],[22, 11]
2546,[652, 1288],[221, 146],1,[644, 1285],[210, 146],[16, 8],[26, 3]
2547,[646],[213],1,[635],[202],[22],[22]
2548,[644],[210],1,[635],[198],[19],[22]
2549,[641],[202],1,[632],[191],[19],[22]
2550,[638],[198],1,[630],[187],[19],[26]
2551,[638],[195],1,[627],[183],[22],[26]
2552,[638],[195],1,[627],[183],[22],[26]
2553,[635],[195],1,[627],[183],[19],[22]
2554,[635],[195],1,[627],[183],[19],[26]
2555,[635],[198],1,[627],[187],[19],[22]
2556,[635],[198],1,[627],[187],[16],[26]
2557,[635],[206],1,[627],[195],[16],[22]
2558,[632],[210],1,[624],[198],[19],[22]
2559,[635],[213],1,[624],[198],[22],[30]
2560,[632],[221],1,[624],[206],[19],[30]
2561,[632],[225],1,[624],[213],[19],[26]
2562,[632],[232],1,[624],[221],[19],[26]
2563,[632],[240],1,[624],[228],[16],[22]
2564,[632],[243],1,[624],[232],[16],[22]
2565,[632],[243],1,[627],[236],[14],[18]
2566,[632],[243],1,[630],[240],[8],[7]
2567,[635],[236],1,[632],[236],[5],[3]
2568,[630],[225],1,[615],[210],[30],[30]
2569,[641],[213],1,[632],[202],[19],[26]
2570,[649],[206],1,[641],[195],[19],[26]
2571,[660],[198],1,[652],[187],[16],[22]
2572,[669],[187],1,[660],[176],[19],[26]
2573,[680],[176],1,[669],[165],[22],[26]
2574,[694],[168],1,[683],[157],[22],[26]
2575,[703],[161],1,[691],[150],[22],[26]
2576,[711],[161],1,[700],[146],[22],[30]
2577,[722],[153],1,[711],[142],[22],[22]
2578,[731],[146],1,[722],[135],[19],[26]
2579,[742],[142],1,[734],[131],[16],[26]
2580,[753],[138],1,[745],[127],[19],[26]
2581,[767],[138],1,[759],[127],[16],[22]
2582,[779],[135],1,[770],[123],[19],[22]
2583,[790],[135],1,[781],[123],[19],[22]
2584,[807],[135],1,[795],[123],[22],[26]
2585,[821],[138],1,[812],[127],[19],[22]
2586,[832],[138],1,[824],[127],[19],[22]
2587,[849],[142],1,[840],[131],[16],[22]
2588,[860],[150],1,[852],[138],[19],[22]
2589,[874],[153],1,[866],[142],[16],[26]
2590,[888],[165],1,[877],[150],[25],[30]
2591,[902],[176],1,[891],[161],[22],[30]
2592,[911],[183],1,[894],[172],[33],[22]
2593,[930],[191],1,[919],[180],[22],[26]
2594,[947],[206],1,[939],[195],[19],[26]
2595,[964],[225],1,[956],[213],[19],[22]
2596,[973],[232],1,[961],[221],[22],[26]
2597,[998],[251],1,[987],[240],[22],[22]
2598,[1006],[266],1,[1001],[258],[11],[15]
2599,[1020],[288],1,[1009],[277],[25],[26]
2600,[1035],[307],1,[1026],[292],[19],[33]
2601,[1043],[322],1,[1032],[311],[22],[26]
2602,[1046],[326],1,[1040],[318],[14],[18]
2603,[0],[0],0,[0],[0],[0],[0]
2604,[0],[0],0,[0],[0],[0],[0]
2605,[0],[0],0,[0],[0],[0],[0]
2606,[0],[0],0,[0],[0],[0],[0]
2607,[0],[0],0,[0],[0],[0],[0]
2608,[0],[0],0,[0],[0],[0],[0]
2609,[0],[0],0,[0],[0],[0],[0]
2610,[0],[0],0,[0],[0],[0],[0]
2611,[0],[0],0,[0],[0],[0],[0]
2612,[0],[0],0,[0],[0],[0],[0]
2613,[0],[0],0,[0],[0],[0],[0]
2614,[0],[0],0,[0],[0],[0],[0]
2615,[0],[0],0,[0],[0],[0],[0]
2616,[1223],[322],1,[1212],[311],[25],[26]
2617,[1226],[322],1,[1215],[311],[22],[22]
2618,[0],[0],0,[0],[0],[0],[0]
2619,[1189],[281],1,[1181],[270],[16],[26]
2620,[1164],[255],1,[1155],[243],[19],[26]
2621,[1147],[240],1,[1136],[232],[22],[18]
2622,[1133],[228],1,[1122],[217],[22],[22]
2623,[1113],[210],1,[1105],[198],[19],[22]
2624,[1096],[198],1,[1085],[187],[22],[22]
2625,[1082],[187],1,[1074],[176],[19],[26]
2626,[1065],[176],1,[1057],[165],[16],[26]
2627,[1051],[172],1,[1043],[161],[19],[22]
2628,[1043],[168],1,[1035],[157],[16],[22]
2629,[1032],[165],1,[1023],[153],[16],[22]
2630,[1018],[161],1,[1009],[150],[19],[22]
2631,[1009],[161],1,[1001],[150],[19],[22]
2632,[995],[161],1,[987],[150],[19],[26]
2633,[987],[161],1,[978],[150],[19],[26]
2634,[978],[165],1,[967],[153],[22],[22]
2635,[970],[168],1,[961],[157],[16],[22]
2636,[961],[168],1,[953],[157],[19],[26]
2637,[959],[172],1,[950],[161],[16],[26]
2638,[947],[176],1,[936],[165],[22],[26]
2639,[939],[183],1,[930],[172],[19],[22]
2640,[0],[0],0,[0],[0],[0],[0]
2641,[0],[0],0,[0],[0],[0],[0]
2642,[0],[0],0,[0],[0],[0],[0]
2643,[0],[0],0,[0],[0],[0],[0]
2644,[0],[0],0,[0],[0],[0],[0]
2645,[0],[0],0,[0],[0],[0],[0]
2646,[0],[0],0,[0],[0],[0],[0]
2647,[0],[0],0,[0],[0],[0],[0]
2648,[911],[146],1,[902],[135],[19],[26]
2649,[911],[146],1,[902],[135],[16],[22]
2650,[908],[142],1,[900],[131],[19],[22]
2651,[905],[138],1,[897],[131],[19],[18]
2652,[902],[138],1,[894],[127],[19],[22]
2653,[902],[138],1,[894],[127],[16],[26]
2654,[902],[138],1,[894],[127],[16],[26]
2655,[900],[142],1,[891],[127],[19],[30]
2656,[897],[146],1,[897],[146],[2],[3]
2657,[0],[0],0,[0],[0],[0],[0]
2658,[0],[0],0,[0],[0],[0],[0]
2659,[0],[0],0,[0],[0],[0],[0]
2660,[0],[0],0,[0],[0],[0],[0]
2661,[0],[0],0,[0],[0],[0],[0]
2662,[0],[0],0,[0],[0],[0],[0]
2663,[0],[0],0,[0],[0],[0],[0]
2664,[888],[123],1,[877],[112],[25],[26]
2665,[891],[123],1,[877],[112],[28],[26]
2666,[888],[123],1,[877],[112],[25],[22]
2667,[888],[120],1,[877],[112],[25],[18]
2668,[888],[120],1,[877],[112],[22],[18]
2669,[885, 897],[120, 120],1,[877, 897],[108, 120],[16, 2],[22, 3]
2670,[883],[116],1,[877],[108],[14],[18]
2671,[883],[116],1,[877],[108],[14],[18]
2672,[883, 762],[123, 446],1,[869, 756],[108, 438],[30, 11],[30, 15]
2673,[883],[123],1,[869],[112],[28],[26]
2674,[880],[123],1,[869],[112],[25],[26]
2675,[880],[127],1,[869],[116],[22],[22]
2676,[877],[131],1,[869],[120],[19],[22]
2677,[877],[135],1,[869],[123],[19],[22]
2678,[877],[142],1,[869],[131],[19],[22]
2679,[874],[142],1,[866],[131],[19],[26]
2680,[871],[146],1,[860],[135],[22],[26]
2681,[869],[153],1,[860],[142],[19],[26]
2682,[869],[161],1,[860],[146],[19],[30]
2683,[869],[165],1,[860],[153],[19],[26]
2684,[869],[165],1,[860],[153],[19],[26]
2685,[869],[161],1,[860],[153],[16],[18]
2686,[866],[157],1,[857],[146],[16],[22]
2687,[866],[153],1,[857],[142],[16],[26]
2688,[863],[153],1,[857],[146],[14],[15]
2689,[863],[153],1,[857],[146],[14],[15]
2690,[863],[150],1,[857],[142],[11],[15]
2691,[0],[0],0,[0],[0],[0],[0]
2692,[0],[0],0,[0],[0],[0],[0]
2693,[0],[0],0,[0],[0],[0],[0]
2694,[0],[0],0,[0],[0],[0],[0]
2695,[0],[0],0,[0],[0],[0],[0]
2696,[860],[161],1,[849],[146],[22],[30]
2697,[857],[161],1,[849],[146],[19],[30]
2698,[860],[165],1,[849],[153],[22],[26]
2699,[857],[165],1,[849],[153],[19],[26]
2700,[857],[165],1,[846],[153],[22],[26]
2701,[857],[165],1,[846],[153],[22],[22]
2702,[855],[161],1,[846],[150],[16],[22]
2703,[852],[157],1,[843],[150],[19],[18]
2704,[0],[0],0,[0],[0],[0],[0]
2705,[0],[0],0,[0],[0],[0],[0]
2706,[0],[0],0,[0],[0],[0],[0]
2707,[0],[0],0,[0],[0],[0],[0]
2708,[0],[0],0,[0],[0],[0],[0]
2709,[0],[0],0,[0],[0],[0],[0]
2710,[0],[0],0,[0],[0],[0],[0]
2711,[0],[0],0,[0],[0],[0],[0]
2712,[0],[0],0,[0],[0],[0],[0]
2713,[0],[0],0,[0],[0],[0],[0]
2714,[0],[0],0,[0],[0],[0],[0]
2715,[0],[0],0,[0],[0],[0],[0]
2716,[0],[0],0,[0],[0],[0],[0]
2717,[0],[0],0,[0],[0],[0],[0]
2718,[0],[0],0,[0],[0],[0],[0]
2719,[0],[0],0,[0],[0],[0],[0]
2720,[0],[0],0,[0],[0],[0],[0]
2721,[0],[0],0,[0],[0],[0],[0]
2722,[0],[0],0,[0],[0],[0],[0]
2723,[0],[0],0,[0],[0],[0],[0]
2724,[0],[0],0,[0],[0],[0],[0]
2725,[0],[0],0,[0],[0],[0],[0]
2726,[0],[0],0,[0],[0],[0],[0]
2727,[0],[0],0,[0],[0],[0],[0]
2728,[0],[0],0,[0],[0],[0],[0]
2729,[0],[0],0,[0],[0],[0],[0]
2730,[0],[0],0,[0],[0],[0],[0]
2731,[0],[0],0,[0],[0],[0],[0]
2732,[0],[0],0,[0],[0],[0],[0]
2733,[0],[0],0,[0],[0],[0],[0]
2734,[0],[0],0,[0],[0],[0],[0]
2735,[0],[0],0,[0],[0],[0],[0]
2736,[0],[0],0,[0],[0],[0],[0]
2737,[0],[0],0,[0],[0],[0],[0]
2738,[0],[0],0,[0],[0],[0],[0]
2739,[0],[0],0,[0],[0],[0],[0]
2740,[0],[0],0,[0],[0],[0],[0]
2741,[0],[0],0,[0],[0],[0],[0]
2742,[0],[0],0,[0],[0],[0],[0]
2743,[0],[0],0,[0],[0],[0],[0]
2744,[0],[0],0,[0],[0],[0],[0]
2745,[0],[0],0,[0],[0],[0],[0]
2746,[0],[0],0,[0],[0],[0],[0]
2747,[0],[0],0,[0],[0],[0],[0]
2748,[0],[0],0,[0],[0],[0],[0]
2749,[0],[0],0,[0],[0],[0],[0]
2750,[0],[0],0,[0],[0],[0],[0]
2751,[0],[0],0,[0],[0],[0],[0]
2752,[0],[0],0,[0],[0],[0],[0]
2753,[0],[0],0,[0],[0],[0],[0]
2754,[0],[0],0,[0],[0],[0],[0]
2755,[0],[0],0,[0],[0],[0],[0]
2756,[0],[0],0,[0],[0],[0],[0]
2757,[0],[0],0,[0],[0],[0],[0]
2758,[0],[0],0,[0],[0],[0],[0]
2759,[0],[0],0,[0],[0],[0],[0]
2760,[0],[0],0,[0],[0],[0],[0]
2761,[0],[0],0,[0],[0],[0],[0]
2762,[0],[0],0,[0],[0],[0],[0]
2763,[0],[0],0,[0],[0],[0],[0]
2764,[0],[0],0,[0],[0],[0],[0]
2765,[0],[0],0,[0],[0],[0],[0]
2766,[0],[0],0,[0],[0],[0],[0]
2767,[0],[0],0,[0],[0],[0],[0]
2768,[0],[0],0,[0],[0],[0],[0]
2769,[0],[0],0,[0],[0],[0],[0]
2770,[0],[0],0,[0],[0],[0],[0]
2771,[0],[0],0,[0],[0],[0],[0]
2772,[0],[0],0,[0],[0],[0],[0]
2773,[0],[0],0,[0],[0],[0],[0]
2774,[0],[0],0,[0],[0],[0],[0]
2775,[0],[0],0,[0],[0],[0],[0]
2776,[0],[0],0,[0],[0],[0],[0]
2777,[0],[0],0,[0],[0],[0],[0]
2778,[0],[0],0,[0],[0],[0],[0]
2779,[0],[0],0,[0],[0],[0],[0]
2780,[0],[0],0,[0],[0],[0],[0]
2781,[0],[0],0,[0],[0],[0],[0]
2782,[0],[0],0,[0],[0],[0],[0]
2783,[0],[0],0,[0],[0],[0],[0]
2784,[0],[0],0,[0],[0],[0],[0]
2785,[0],[0],0,[0],[0],[0],[0]
2786,[0],[0],0,[0],[0],[0],[0]
2787,[0],[0],0,[0],[0],[0],[0]
2788,[0],[0],0,[0],[0],[0],[0]
2789,[0],[0],0,[0],[0],[0],[0]
2790,[0],[0],0,[0],[0],[0],[0]
2791,[0],[0],0,[0],[0],[0],[0]
2792,[0],[0],0,[0],[0],[0],[0]
2793,[0],[0],0,[0],[0],[0],[0]
2794,[0],[0],0,[0],[0],[0],[0]
2795,[0],[0],0,[0],[0],[0],[0]
2796,[0],[0],0,[0],[0],[0],[0]
2797,[0],[0],0,[0],[0],[0],[0]
2798,[0],[0],0,[0],[0],[0],[0]
2799,[0],[0],0,[0],[0],[0],[0]
2800,[0],[0],0,[0],[0],[0],[0]
2801,[0],[0],0,[0],[0],[0],[0]
2802,[0],[0],0,[0],[0],[0],[0]
2803,[0],[0],0,[0],[0],[0],[0]
2804,[0],[0],0,[0],[0],[0],[0]
2805,[0],[0],0,[0],[0],[0],[0]
2806,[0],[0],0,[0],[0],[0],[0]
2807,[703],[101],1,[703],[101],[2],[3]
2808,[694],[101],1,[683],[86],[25],[30]
2809,[691],[90],1,[680],[78],[22],[26]
2810,[689],[82],1,[677],[71],[22],[26]
2811,[683],[78],1,[675],[67],[19],[22]
2812,[680],[75],1,[672],[63],[19],[26]
2813,[677],[71],1,[669],[60],[19],[26]
2814,[675],[71],1,[666],[60],[19],[22]
2815,[669],[67],1,[658],[56],[25],[26]
2816,[666],[67],1,[658],[56],[16],[22]
2817,[660],[67],1,[652],[56],[19],[22]
2818,[655],[71],1,[646],[60],[19],[26]
2819,[649],[75],1,[638],[63],[22],[22]
2820,[644],[78],1,[635],[67],[19],[22]
2821,[635],[86],1,[627],[71],[19],[30]
2822,[630],[93],1,[621],[82],[19],[26]
2823,[624],[101],1,[615],[90],[19],[26]
2824,[618, 745],[116, 622],1,[607, 742],[101, 618],[22, 8],[30, 7]
2825,[610, 745],[123, 641],1,[601, 736],[112, 630],[19, 16],[26, 22]
2826,[607, 745],[138, 648],1,[599, 739],[127, 641],[16, 14],[22, 18]
2827,[596, 750],[150, 671],1,[587, 742],[138, 663],[19, 19],[26, 18]
2828,[753, 587],[686, 172],1,[745, 579],[675, 161],[19, 16],[22, 26]
2829,[579, 756],[191, 705],1,[570, 748],[180, 693],[19, 16],[26, 22]
2830,[568, 756],[213, 723],1,[559, 748],[202, 712],[16, 16],[26, 22]
2831,[559],[243],1,[551],[228],[19],[30]
2832,[545, 677],[281, 123],1,[534, 666],[266, 112],[25, 25],[30, 22]
2833,[677, 540],[123, 303],1,[666, 531],[112, 292],[25, 19],[22, 26]
2834,[677, 531],[120, 330],1,[666, 525],[112, 322],[22, 14],[18, 18]
2835,[677, 520],[120, 382],1,[669, 514],[112, 375],[16, 11],[18, 18]
2836,[509, 675],[408, 120],1,[500, 669],[397, 112],[19, 14],[26, 18]
2837,[500, 675],[453, 123],1,[489, 669],[442, 116],[22, 11],[26, 18]
2838,[483, 675],[498, 127],1,[475, 669],[483, 123],[19, 11],[30, 11]
2839,[483, 672, 466],[536, 131, 543],1,[472, 666, 464],[521, 123, 543],[22, 14, 5],[30, 18, 3]
2840,[464],[547],1,[452],[536],[25],[22]
2841,[452],[547],1,[444],[536],[16],[26]
2842,[438],[551],1,[427],[540],[25],[22]
2843,[421],[555],1,[413],[543],[16],[22]
2844,[402],[558],1,[393],[547],[16],[26]
2845,[382],[570],1,[374],[558],[19],[22]
2846,[365],[577],1,[357],[566],[19],[22]
2847,[348],[596],1,[337],[581],[22],[30]
2848,[329],[603],1,[320],[592],[19],[26]
2849,[303],[626],1,[295],[615],[19],[26]
2850,[275, 874],[652, 918],1,[267, 869],[641, 911],[16, 14],[22, 18]
2851,[883],[926],1,[880],[918],[8],[18]
2852,[891],[945],1,[885],[937],[11],[15]
2853,[897],[952],1,[888],[941],[16],[22]
2854,[0],[0],0,[0],[0],[0],[0]
2855,[0],[0],0,[0],[0],[0],[0]
2856,[230],[678],1,[227],[675],[5],[7]
2857,[0],[0],0,[0],[0],[0],[0]
2858,[0],[0],0,[0],[0],[0],[0]
2859,[196],[675],1,[191],[667],[11],[15]
2860,[191],[675],1,[182],[667],[19],[18]
2861,[191],[678],1,[182],[667],[16],[22]
2862,[191],[682],1,[185],[675],[14],[15]
2863,[213],[690],1,[210],[686],[5],[7]
2864,[227],[720],1,[216],[705],[25],[30]
2865,[253],[742],1,[247],[731],[14],[22]
2866,[264],[757],1,[253],[735],[22],[48]
2867,[292],[791],1,[281],[780],[25],[26]
2868,[312],[813],1,[303],[802],[16],[26]
2869,[320],[821],1,[309],[802],[22],[41]
2870,[317],[810],1,[309],[798],[19],[26]
2871,[315],[795],1,[300],[783],[28],[26]
2872,[306],[783],1,[292],[772],[30],[26]
2873,[306],[776],1,[295],[765],[25],[22]
2874,[309],[765],1,[298],[750],[22],[30]
2875,[309],[761],1,[298],[750],[25],[26]
2876,[312],[753],1,[300],[742],[22],[26]
2877,[312],[750],1,[303],[738],[19],[22]
2878,[0],[0],0,[0],[0],[0],[0]
2879,[0],[0],0,[0],[0],[0],[0]
2880,[300],[825],1,[298],[817],[5],[15]
2881,[298],[836],1,[289],[821],[19],[30]
2882,[0],[0],0,[0],[0],[0],[0]
2883,[0],[0],0,[0],[0],[0],[0]
2884,[0],[0],0,[0],[0],[0],[0]
2885,[0],[0],0,[0],[0],[0],[0]
2886,[208],[772],1,[199],[761],[16],[22]
2887,[196],[765],1,[188],[753],[19],[22]
2888,[171],[757],1,[163],[750],[19],[18]
2889,[0],[0],0,[0],[0],[0],[0]
2890,[143],[746],1,[137],[738],[11],[15]
2891,[126],[742],1,[123],[735],[8],[15]
2892,[0],[0],0,[0],[0],[0],[0]
2893,[0],[0],0,[0],[0],[0],[0]
2894,[0],[0],0,[0],[0],[0],[0]
2895,[0],[0],0,[0],[0],[0],[0]
2896,[123],[708],1,[112],[697],[22],[26]
2897,[126],[708],1,[118],[697],[19],[26]
2898,[132],[712],1,[123],[701],[16],[22]
2899,[135],[708],1,[135],[705],[2],[7]
2900,[157],[712],1,[149],[701],[16],[22]
2901,[160],[712],1,[154],[705],[14],[15]
2902,[0],[0],0,[0],[0],[0],[0]
2903,[0],[0],0,[0],[0],[0],[0]
2904,[180],[753],1,[174],[746],[11],[15]
2905,[213],[761],1,[208],[750],[14],[22]
2906,[219],[772],1,[210],[761],[19],[26]
2907,[233],[787],1,[230],[783],[8],[7]
2908,[247],[802],1,[241],[791],[14],[22]
2909,[267],[821],1,[258],[810],[19],[26]
2910,[272],[832],1,[264],[821],[16],[26]
2911,[272],[817],1,[264],[806],[16],[22]
2912,[0],[0],0,[0],[0],[0],[0]
2913,[0],[0],0,[0],[0],[0],[0]
2914,[0],[0],0,[0],[0],[0],[0]
2915,[0],[0],0,[0],[0],[0],[0]
2916,[0],[0],0,[0],[0],[0],[0]
2917,[0],[0],0,[0],[0],[0],[0]
2918,[0],[0],0,[0],[0],[0],[0]
2919,[0],[0],0,[0],[0],[0],[0]
2920,[0],[0],0,[0],[0],[0],[0]
2921,[0],[0],0,[0],[0],[0],[0]
2922,[0],[0],0,[0],[0],[0],[0]
2923,[0],[0],0,[0],[0],[0],[0]
2924,[0],[0],0,[0],[0],[0],[0]
2925,[0],[0],0,[0],[0],[0],[0]
2926,[0],[0],0,[0],[0],[0],[0]
2927,[185],[742],1,[185],[742],[2],[3]
2928,[180],[727],1,[177],[723],[8],[11]
2929,[0],[0],0,[0],[0],[0],[0]
2930,[0],[0],0,[0],[0],[0],[0]
2931,[0],[0],0,[0],[0],[0],[0]
2932,[0],[0],0,[0],[0],[0],[0]
2933,[883],[1031],1,[877],[1023],[14],[18]
2934,[891],[1020],1,[885],[1008],[14],[22]
2935,[129],[716],1,[126],[716],[8],[3]
2936,[0],[0],0,[0],[0],[0],[0]
2937,[0],[0],0,[0],[0],[0],[0]
2938,[0],[0],0,[0],[0],[0],[0]
2939,[0],[0],0,[0],[0],[0],[0]
2940,[0],[0],0,[0],[0],[0],[0]
2941,[0],[0],0,[0],[0],[0],[0]
2942,[0],[0],0,[0],[0],[0],[0]
2943,[0],[0],0,[0],[0],[0],[0]
2944,[0],[0],0,[0],[0],[0],[0]
2945,[0],[0],0,[0],[0],[0],[0]
2946,[0],[0],0,[0],[0],[0],[0]
2947,[0],[0],0,[0],[0],[0],[0]
2948,[0],[0],0,[0],[0],[0],[0]
2949,[0],[0],0,[0],[0],[0],[0]
2950,[0],[0],0,[0],[0],[0],[0]
2951,[0],[0],0,[0],[0],[0],[0]
2952,[0],[0],0,[0],[0],[0],[0]
2953,[0],[0],0,[0],[0],[0],[0]
2954,[0],[0],0,[0],[0],[0],[0]
2955,[0],[0],0,[0],[0],[0],[0]
2956,[0],[0],0,[0],[0],[0],[0]
2957,[0],[0],0,[0],[0],[0],[0]
2958,[0],[0],0,[0],[0],[0],[0]
2959,[0],[0],0,[0],[0],[0],[0]
2960,[337],[693],1,[320],[678],[33],[30]
2961,[348],[693],1,[337],[678],[25],[30]
2962,[354],[693],1,[343],[682],[22],[26]
2963,[360],[693],1,[345],[682],[28],[26]
2964,[371],[697],1,[360],[686],[22],[26]
2965,[376],[705],1,[365],[693],[22],[26]
2966,[382],[716],1,[374],[701],[19],[30]
2967,[388],[727],1,[376],[712],[25],[33]
2968,[405],[735],1,[393],[723],[22],[26]
2969,[407],[753],1,[399],[738],[19],[30]
2970,[421],[768],1,[413],[757],[19],[26]
2971,[455, 480],[720, 678],1,[447, 475],[708, 667],[16, 14],[22, 22]
2972,[523],[615],1,[511],[600],[25],[30]
2973,[576],[517],1,[568],[502],[19],[30]
2974,[624],[450],1,[613],[435],[22],[30]
2975,[652],[401],1,[644],[390],[19],[26]
2976,[691],[356],1,[683],[348],[16],[18]
2977,[720],[318],1,[708],[307],[25],[22]
2978,[742],[288],1,[731],[277],[22],[26]
2979,[759],[273],1,[745],[258],[28],[30]
2980,[773],[255],1,[765],[240],[19],[30]
2981,[787],[236],1,[776],[225],[22],[26]
2982,[798],[225],1,[790],[213],[19],[26]
2983,[810],[217],1,[798],[206],[22],[26]
2984,[821],[213],1,[810],[202],[22],[22]
2985,[829],[206],1,[818],[195],[22],[26]
2986,[835],[202],1,[826],[191],[19],[26]
2987,[840],[202],1,[829],[191],[25],[22]
2988,[846],[202],1,[832],[191],[28],[26]
2989,[852],[202],1,[840],[191],[25],[26]
2990,[857],[206],1,[846],[191],[22],[30]
2991,[860],[206],1,[849],[195],[22],[26]
2992,[863],[213],1,[855],[202],[19],[22]
2993,[866],[217],1,[857],[206],[16],[22]
2994,[866],[217],1,[860],[210],[14],[18]
2995,[0],[0],0,[0],[0],[0],[0]
2996,[0],[0],0,[0],[0],[0],[0]
2997,[0],[0],0,[0],[0],[0],[0]
2998,[0],[0],0,[0],[0],[0],[0]
2999,[0],[0],0,[0],[0],[0],[0]
3000,[0],[0],0,[0],[0],[0],[0]
3001,[0],[0],0,[0],[0],[0],[0]
3002,[0],[0],0,[0],[0],[0],[0]
3003,[0],[0],0,[0],[0],[0],[0]
3004,[0],[0],0,[0],[0],[0],[0]
3005,[0],[0],0,[0],[0],[0],[0]
3006,[0],[0],0,[0],[0],[0],[0]
3007,[0],[0],0,[0],[0],[0],[0]
3008,[880],[116],1,[871],[101],[19],[33]
3009,[874],[105],1,[863],[93],[25],[26]
3010,[871],[101],1,[860],[90],[25],[26]
3011,[866],[97],1,[855],[86],[22],[26]
3012,[863],[93],1,[855],[82],[19],[26]
3013,[860],[90],1,[852],[78],[16],[26]
3014,[855],[86],1,[846],[75],[19],[26]
3015,[852],[86],1,[840],[75],[22],[26]
3016,[852],[82],1,[843],[71],[16],[26]
3017,[846],[82],1,[838],[71],[19],[26]
3018,[840],[86],1,[832],[75],[16],[22]
3019,[832],[86],1,[824],[75],[19],[26]
3020,[826],[90],1,[818],[78],[19],[22]
3021,[821],[93],1,[812],[82],[19],[22]
3022,[815],[97],1,[807],[86],[19],[26]
3023,[810],[105],1,[798],[93],[25],[22]
3024,[801],[112],1,[793],[101],[19],[26]
3025,[795],[123],1,[787],[112],[19],[26]
3026,[787],[138],1,[779],[127],[19],[22]
3027,[779, 992],[150, 840],1,[770, 987],[138, 836],[19, 11],[22, 11]
3028,[770],[165],1,[762],[153],[16],[22]
3029,[765],[176],1,[756],[165],[16],[26]
3030,[748],[198],1,[736],[187],[25],[22]
3031,[739],[221],1,[731],[206],[19],[30]
3032,[728, 888],[243, 131],1,[717, 888],[232, 127],[22, 2],[26, 7]
3033,[717],[266],1,[708],[251],[19],[33]
3034,[703],[300],1,[691],[285],[25],[30]
3035,[694],[318],1,[689],[311],[14],[18]
3036,[0],[0],0,[0],[0],[0],[0]
3037,[669],[397],1,[655],[382],[28],[33]
3038,[658],[423],1,[649],[412],[19],[26]
3039,[641],[465],1,[630],[453],[22],[26]
3040,[630],[498],1,[621],[487],[19],[26]
3041,[615],[551],1,[607],[540],[16],[26]
3042,[601],[596],1,[593],[581],[19],[30]
3043,[590],[626],1,[579],[615],[22],[26]
3044,[582],[626],1,[570],[611],[25],[30]
3045,[573],[618],1,[565],[607],[19],[26]
3046,[568],[618],1,[559],[607],[19],[22]
3047,[562],[618],1,[551],[607],[25],[22]
3048,[554],[618],1,[542],[607],[25],[26]
3049,[545],[618],1,[534],[607],[22],[26]
3050,[537],[622],1,[528],[611],[19],[26]
3051,[531],[630],1,[523],[618],[19],[26]
3052,[525],[641],1,[514],[626],[22],[30]
3053,[514],[652],1,[503],[637],[22],[30]
3054,[506],[663],1,[497],[652],[19],[26]
3055,[503],[678],1,[492],[663],[22],[33]
3056,[506],[637],1,[495],[618],[25],[41]
3057,[548],[532],1,[534],[506],[28],[56]
3058,[573, 838],[453, 228],1,[565, 838],[442, 228],[19, 2],[26, 3]
3059,[0],[0],0,[0],[0],[0],[0]
3060,[618, 607, 840],[307, 375, 232],1,[613, 601, 838],[296, 367, 232],[14, 14, 5],[22, 15, 3]
3061,[838, 829],[232, 228],1,[832, 829],[225, 228],[11, 2],[15, 3]
3062,[677, 835],[202, 232],1,[669, 829],[191, 225],[19, 14],[26, 15]
3063,[703, 835],[161, 232],1,[691, 829],[146, 225],[22, 14],[33, 18]
3064,[722, 711],[131, 172],1,[711, 705],[116, 165],[22, 11],[30, 15]
3065,[731],[105],1,[722],[93],[19],[26]
3066,[748, 739],[71, 101],1,[742, 736],[60, 97],[14, 5],[26, 7]
3067,[759],[48],1,[750],[33],[16],[30]
3068,[770],[33],1,[762],[22],[19],[22]
3069,[779],[18],1,[770],[7],[19],[22]
3070,[787],[7],1,[779],[0],[19],[18]
3071,[795],[7],1,[784],[0],[22],[15]
3072,[1347],[806],1,[1347],[802],[2],[7]
3073,[0],[0],0,[0],[0],[0],[0]
3074,[0],[0],0,[0],[0],[0],[0]
3075,[0],[0],0,[0],[0],[0],[0]
3076,[0],[0],0,[0],[0],[0],[0]
3077,[0],[0],0,[0],[0],[0],[0]
3078,[0],[0],0,[0],[0],[0],[0]
3079,[843],[3],1,[838],[0],[11],[11]
3080,[843],[7],1,[835],[0],[19],[15]
3081,[846],[7],1,[838],[0],[19],[18]
3082,[849],[11],1,[840],[0],[16],[26]
3083,[849],[18],1,[840],[7],[19],[26]
3084,[852],[22],1,[843],[7],[19],[33]
3085,[863],[26],1,[855],[15],[19],[26]
3086,[880, 849],[33, 71],1,[871, 843],[22, 60],[19, 14],[22, 22]
3087,[894, 846],[41, 86],1,[883, 846],[26, 82],[25, 2],[30, 7]
3088,[908],[48],1,[900],[37],[19],[26]
3089,[925],[60],1,[916],[52],[19],[18]
3090,[939],[71],1,[930],[60],[16],[22]
3091,[967],[86],1,[956],[75],[22],[26]
3092,[981],[97],1,[970],[86],[25],[26]
3093,[1004],[116],1,[992],[105],[22],[26]
3094,[1026],[135],1,[1018],[123],[19],[26]
3095,[1051],[161],1,[1043],[150],[19],[26]
3096,[1077],[180],1,[1068],[168],[19],[26]
3097,[1099],[213],1,[1091],[202],[16],[22]
3098,[1127],[240],1,[1119],[228],[16],[22]
3099,[1150],[273],1,[1141],[262],[19],[22]
3100,[1178],[307],1,[1170],[296],[19],[22]
3101,[1212],[348],1,[1203],[337],[16],[22]
3102,[1240],[386],1,[1231],[375],[19],[22]
3103,[1276],[435],1,[1265],[423],[22],[26]
3104,[1305],[480],1,[1293],[468],[22],[26]
3105,[1335],[528],1,[1327],[517],[19],[26]
3106,[0],[0],0,[0],[0],[0],[0]
3107,[1403],[615],1,[1392],[600],[25],[30]
3108,[1420],[607],1,[1420],[603],[2],[7]
3109,[0],[0],0,[0],[0],[0],[0]
3110,[0],[0],0,[0],[0],[0],[0]
3111,[0],[0],0,[0],[0],[0],[0]
3112,[0],[0],0,[0],[0],[0],[0]
3113,[0],[0],0,[0],[0],[0],[0]
3114,[0],[0],0,[0],[0],[0],[0]
3115,[0],[0],0,[0],[0],[0],[0]
3116,[0],[0],0,[0],[0],[0],[0]
3117,[0],[0],0,[0],[0],[0],[0]
3118,[0],[0],0,[0],[0],[0],[0]
3119,[0],[0],0,[0],[0],[0],[0]
3120,[0],[0],0,[0],[0],[0],[0]
3121,[0],[0],0,[0],[0],[0],[0]
3122,[0],[0],0,[0],[0],[0],[0]
3123,[0],[0],0,[0],[0],[0],[0]
3124,[0],[0],0,[0],[0],[0],[0]
3125,[0],[0],0,[0],[0],[0],[0]
3126,[0],[0],0,[0],[0],[0],[0]
3127,[0],[0],0,[0],[0],[0],[0]
3128,[0],[0],0,[0],[0],[0],[0]
3129,[0],[0],0,[0],[0],[0],[0]
3130,[0],[0],0,[0],[0],[0],[0]
3131,[0],[0],0,[0],[0],[0],[0]
3132,[0],[0],0,[0],[0],[0],[0]
3133,[0],[0],0,[0],[0],[0],[0]
3134,[0],[0],0,[0],[0],[0],[0]
3135,[0],[0],0,[0],[0],[0],[0]
3136,[0],[0],0,[0],[0],[0],[0]
3137,[0],[0],0,[0],[0],[0],[0]
3138,[0],[0],0,[0],[0],[0],[0]
3139,[0],[0],0,[0],[0],[0],[0]
3140,[0],[0],0,[0],[0],[0],[0]
3141,[0],[0],0,[0],[0],[0],[0]
3142,[0],[0],0,[0],[0],[0],[0]
3143,[0],[0],0,[0],[0],[0],[0]
3144,[0],[0],0,[0],[0],[0],[0]
3145,[0],[0],0,[0],[0],[0],[0]
3146,[0],[0],0,[0],[0],[0],[0]
3147,[0],[0],0,[0],[0],[0],[0]
3148,[0],[0],0,[0],[0],[0],[0]
3149,[0],[0],0,[0],[0],[0],[0]
3150,[0],[0],0,[0],[0],[0],[0]
3151,[0],[0],0,[0],[0],[0],[0]
3152,[0],[0],0,[0],[0],[0],[0]
3153,[0],[0],0,[0],[0],[0],[0]
3154,[0],[0],0,[0],[0],[0],[0]
3155,[0],[0],0,[0],[0],[0],[0]
3156,[0],[0],0,[0],[0],[0],[0]
3157,[0],[0],0,[0],[0],[0],[0]
3158,[0],[0],0,[0],[0],[0],[0]
3159,[0],[0],0,[0],[0],[0],[0]
3160,[0],[0],0,[0],[0],[0],[0]
3161,[0],[0],0,[0],[0],[0],[0]
3162,[0],[0],0,[0],[0],[0],[0]
3163,[0],[0],0,[0],[0],[0],[0]
3164,[0],[0],0,[0],[0],[0],[0]
3165,[0],[0],0,[0],[0],[0],[0]
3166,[0],[0],0,[0],[0],[0],[0]
3167,[0],[0],0,[0],[0],[0],[0]
3168,[0],[0],0,[0],[0],[0],[0]
3169,[0],[0],0,[0],[0],[0],[0]
3170,[0],[0],0,[0],[0],[0],[0]
3171,[0],[0],0,[0],[0],[0],[0]
3172,[0],[0],0,[0],[0],[0],[0]
3173,[0],[0],0,[0],[0],[0],[0]
3174,[0],[0],0,[0],[0],[0],[0]
3175,[0],[0],0,[0],[0],[0],[0]
3176,[1375],[161],1,[1366],[150],[19],[22]
3177,[1378],[153],1,[1369],[142],[16],[22]
3178,[1380],[138],1,[1372],[127],[16],[26]
3179,[1389],[135],1,[1378],[131],[25],[11]
3180,[1397],[135],1,[1392],[131],[11],[11]
3181,[1400],[131],1,[1397],[127],[5],[7]
3182,[0],[0],0,[0],[0],[0],[0]
3183,[0],[0],0,[0],[0],[0],[0]
3184,[0],[0],0,[0],[0],[0],[0]
3185,[0],[0],0,[0],[0],[0],[0]
3186,[0],[0],0,[0],[0],[0],[0]
3187,[0],[0],0,[0],[0],[0],[0]
3188,[0],[0],0,[0],[0],[0],[0]
3189,[0],[0],0,[0],[0],[0],[0]
3190,[0],[0],0,[0],[0],[0],[0]
3191,[0],[0],0,[0],[0],[0],[0]
3192,[0],[0],0,[0],[0],[0],[0]
3193,[0],[0],0,[0],[0],[0],[0]
3194,[0],[0],0,[0],[0],[0],[0]
3195,[0],[0],0,[0],[0],[0],[0]
3196,[0],[0],0,[0],[0],[0],[0]
3197,[0],[0],0,[0],[0],[0],[0]
3198,[0],[0],0,[0],[0],[0],[0]
3199,[0],[0],0,[0],[0],[0],[0]
3200,[0],[0],0,[0],[0],[0],[0]
3201,[0],[0],0,[0],[0],[0],[0]
3202,[0],[0],0,[0],[0],[0],[0]
3203,[0],[0],0,[0],[0],[0],[0]
3204,[0],[0],0,[0],[0],[0],[0]
3205,[0],[0],0,[0],[0],[0],[0]
3206,[0],[0],0,[0],[0],[0],[0]
3207,[0],[0],0,[0],[0],[0],[0]
3208,[0],[0],0,[0],[0],[0],[0]
3209,[0],[0],0,[0],[0],[0],[0]
3210,[0],[0],0,[0],[0],[0],[0]
3211,[0],[0],0,[0],[0],[0],[0]
3212,[0],[0],0,[0],[0],[0],[0]
3213,[0],[0],0,[0],[0],[0],[0]
3214,[0],[0],0,[0],[0],[0],[0]
3215,[0],[0],0,[0],[0],[0],[0]
3216,[0],[0],0,[0],[0],[0],[0]
3217,[0],[0],0,[0],[0],[0],[0]
3218,[0],[0],0,[0],[0],[0],[0]
3219,[0],[0],0,[0],[0],[0],[0]
3220,[0],[0],0,[0],[0],[0],[0]
3221,[0],[0],0,[0],[0],[0],[0]
3222,[0],[0],0,[0],[0],[0],[0]
3223,[0],[0],0,[0],[0],[0],[0]
3224,[0],[0],0,[0],[0],[0],[0]
3225,[0],[0],0,[0],[0],[0],[0]
3226,[0],[0],0,[0],[0],[0],[0]
3227,[0],[0],0,[0],[0],[0],[0]
3228,[0],[0],0,[0],[0],[0],[0]
3229,[0],[0],0,[0],[0],[0],[0]
3230,[0],[0],0,[0],[0],[0],[0]
3231,[0],[0],0,[0],[0],[0],[0]
3232,[0],[0],0,[0],[0],[0],[0]
3233,[0],[0],0,[0],[0],[0],[0]
3234,[0],[0],0,[0],[0],[0],[0]
3235,[1358],[123],1,[1358],[123],[2],[3]
3236,[1358],[127],1,[1350],[120],[19],[15]
3237,[1355],[138],1,[1347],[127],[19],[22]
3238,[1352],[153],1,[1341],[142],[22],[22]
3239,[1350],[161],1,[1338],[150],[22],[22]
3240,[0],[0],0,[0],[0],[0],[0]
3241,[0],[0],0,[0],[0],[0],[0]
3242,[1347],[168],1,[1338],[161],[16],[15]
3243,[1347],[161],1,[1338],[150],[19],[22]
3244,[1347],[153],1,[1338],[142],[16],[22]
3245,[1347],[146],1,[1338],[138],[19],[15]
3246,[1347],[142],1,[1338],[135],[16],[15]
3247,[1347],[138],1,[1341],[131],[14],[15]
3248,[0],[0],0,[0],[0],[0],[0]
3249,[0],[0],0,[0],[0],[0],[0]
3250,[0],[0],0,[0],[0],[0],[0]
3251,[0],[0],0,[0],[0],[0],[0]
3252,[0],[0],0,[0],[0],[0],[0]
3253,[0],[0],0,[0],[0],[0],[0]
3254,[0],[0],0,[0],[0],[0],[0]
3255,[0],[0],0,[0],[0],[0],[0]
3256,[0],[0],0,[0],[0],[0],[0]
3257,[0],[0],0,[0],[0],[0],[0]
3258,[0],[0],0,[0],[0],[0],[0]
3259,[0],[0],0,[0],[0],[0],[0]
3260,[0],[0],0,[0],[0],[0],[0]
3261,[0],[0],0,[0],[0],[0],[0]
3262,[1355],[131],1,[1352],[127],[8],[7]
3263,[1352],[131],1,[1350],[131],[8],[3]
